10
30
15
10
30
15
10
FI
2
2
10
47
45
11
20
45
6
2
796
0
0
0
314159265
59
151
202
180000
314159265
0.1
618.4
672.5
865.4
1004.5
1350.4
1496.5
1680.4
1739.5
2155.4
2327.5
2735.4
2798.5
3501.4
3647.5
4048.4
4283.5
4593.4
4720.5
4870.4
4871.5
5417.4
5499.5
5939.4
6276.5
6377.8
6385.8
6530.4
6531.212
6631.2
6641.5
7131.3
7599.4
7631.1
8435.5
8510.4
8731.5
8732.4
8734.5
8828.8
8898.8
8927.8
8980.8
9009.8
9060.8
9131.8
9164.8
9338.4
9339.212
9439.2
9457.5
9560.4
9615.5
9939.3
10439.1
10520.4
10527.5
10529.4
11112.5
11217.4
11415.5
11548.8
11648.8
11717.8
11745.8
11832.8
11866.8
11872.8
11900.8
11912.8
12124.4
12125.212
12211.5
12225.2
12327.4
12725.3
13185.5
13215.4
13225.1
13332.5
13490.8
13495.8
13571.4
13572.212
13672.2
14146.5
14172.3
14210.4
14322.5
14399.4
14493.5
14554.8
14592.8
14598.8
14625.8
14647.8
14656.8
14672.1
14689.8
14734.8
14821.8
14825.8
14933.8
14994.8
15051.8
15230.8
15360.4
15361.212
15444.5
15461.2
15961.3
16429.4
16461.1
16829.5
16837.4
16941.5
17115.8
17223.8
17262.8
17486.4
17487.212
17574.5
17587.2
18087.3
18504.4
18587.1
18621.5
18863.4
19081.5
19218.8
19249.8
19285.8
19290.8
19335.8
19590.4
19591.212
19672.5
19691.2
20191.3
20691.1
20772.4
21017.5
22108.8
22230.4
22231.212
22306.5
22331.2
22831.3
23331.1
23704.4
23920.5
24005.8
24065.8
24119.4
24120.212
24120.5
24121.4
24207.5
24220.2
24720.3
25220.1
25563.4
25666.5
25913.4
26007.5
26120.8
26124.8
26214.8
26220.8
26336.4
26337.212
26433.5
26437.2
26937.3
27437.1
27722.4
27852.5
27982.8
28100.8
28102.8
28172.4
28173.212
28252.5
28273.2
28662.4
28773.3
28804.5
28817.4
28826.5
29159.4
29273.1
29313.5
29477.8
29527.211
29527.4
29528.1
29685.5
29819.8
29865.8
29928.4
29929.212
30028.5
30029.2
30529.3
31029.1
31080.4
31085.5
31087.4
31183.5
31319.4
31709.5
31976.4
32064.5
32274.8
32279.8
32349.8
32407.4
32408.212
32504.5
32508.2
33008.3
33508.1
33675.4
34182.5
34399.4
34454.5
34727.4
34876.5
35153.4
35239.5
35552.8
35676.4
35677.212
35756.5
35777.2
36277.3
36777.1
36954.4
36958.5
36962.4
37034.5
37122.4
37184.5
37306.4
37554.5
37783.4
37896.5
37924.4
37993.5
38222.4
38311.5
38523.8
38608.4
38609.212
38709.2
38750.5
39184.4
39209.3
39326.5
39478.4
39709.1
39756.5
39887.8
39943.4
39944.212
40008.5
40044.2
40544.3
41044.1
41149.4
41317.5
41495.4
41595.5
41715.8
41808.4
41809.212
41909.2
41921.5
42409.3
42909.1
43177.4
43182.5
43185.4
43380.5
43478.8
43627.4
43628.212
43719.5
43728.2
44228.3
44728.1
44908.4
44965.5
46414.4
46417.5
46420.4
46744.5
47023.4
47173.5
47366.4
47513.5
47781.4
47832.5
47951.8
48125.4
48126.212
48205.5
48226.2
48726.3
49226.1
49460.4
49804.5
49982.4
50165.5
50366.4
50367.5
50368.4
50483.5
50630.8
50634.8
50671.8
50676.8
50731.4
50732.212
50808.5
50832.2
51332.3
51771.4
51832.1
51980.5
52107.8
52203.4
52204.212
52298.5
52304.2
52804.3
53304.1
53702.4
53824.5
54036.4
54155.5
54250.4
54317.5
54476.4
54556.5
54834.8
54840.8
54852.8
54972.4
54973.212
54978.5
54979.4
55049.5
55073.2
55573.3
56073.1
56405.4
56520.5
56769.4
56892.5
57064.8
57132.4
57133.212
57233.2
57241.5
57733.3
58233.1
58693.4
58897.5
59146.4
59244.5
59411.4
59436.5
59511.8
59593.4
59594.212
59672.5
59694.2
60194.3
60694.1
60773.4
60775.5
60777.4
60886.5
61172.4
61367.5
61455.4
61682.5
61959.4
62046.5
62213.8
62218.8
62228.8
62287.4
62288.212
62363.5
62388.2
62888.3
63388.1
64176.8
64180.8
64184.8
64194.8
64202.8
64252.4
64253.212
64339.5
64353.2
64853.3
65353.1
66236.8
66254.8
66311.4
66312.212
66412.2
66428.5
66912.3
67412.1
68179.8
68239.4
68240.212
68323.5
68340.2
68840.3
69340.1
69954.4
70134.5
70302.4
70374.5
70529.8
70587.4
70588.212
70676.5
70688.2
71188.3
71688.1
72206.4
72248.5
72321.8
72410.4
72411.212
72486.5
72511.2
73011.3
73511.1
74251.8
74273.8
74325.4
74326.212
74421.5
74426.2
74926.3
75426.1
76285.8
76301.8
76363.4
76364.212
76464.2
76467.5
76964.3
77464.1
77691.4
78188.5
78316.8
78403.4
78404.212
78504.2
78716.5
78924.4
78982.5
79004.3
79181.8
79238.8
79317.4
79393.5
79473.4
79504.1
79507.5
79600.8
79715.4
79716.212
79792.5
79816.2
80316.3
80816.1
81320.4
81569.5
81680.4
81833.5
82020.4
82050.5
82199.4
82202.5
82204.4
82210.5
82353.4
82433.5
83657.8
83732.4
83733.212
83824.5
83833.2
84105.4
84241.5
84310.4
84330.5
84333.3
84341.4
84352.5
84449.8
84504.4
84637.5
84817.8
84823.8
84828.8
84833.1
84907.4
84952.5
85231.4
85273.5
85439.8
85527.4
85528.212
85628.2
85706.5
86128.3
86628.1
87106.4
87631.5
87804.4
87841.5
88084.4
88139.5
88478.4
88646.5
88760.4
88849.5
88989.8
88992.8
89007.8
89094.4
89095.212
89176.5
89195.2
89695.3
90195.1
90614.4
90996.5
91186.4
91254.5
91374.8
91390.8
91448.4
91449.212
91518.5
91549.2
92049.3
92549.1
92721.4
93030.5
93243.4
93348.5
93579.4
93670.5
93838.8
93976.4
93977.212
94065.5
94077.2
94577.3
95077.1
95641.4
96155.5
96344.4
96427.5
96541.8
96612.4
96613.212
96689.5
96713.2
97213.3
97713.1
98056.4
98168.5
98377.4
98625.5
98733.8
98783.211
98783.4
98784.1
98874.5
98990.8
99044.4
99045.212
99128.5
99145.2
99645.3
100145.1
100573.4
101049.5
101132.8
101147.8
101148.8
101150.8
101212.4
101213.212
101311.5
101313.2
101813.3
102313.1
102854.4
103118.5
103200.8
103281.4
103282.212
103372.5
103382.2
103882.3
104382.1
105314.4
105399.5
105502.8
105516.8
105577.4
105578.212
105654.5
105678.2
106178.3
106678.1
107213.4
107270.5
107692.8
107774.4
107775.212
107776.5
107777.4
107875.2
107942.5
108375.3
108875.1
110539.4
110635.5
112524.8
112603.4
112604.212
112704.2
112704.5
113204.3
113704.1
114452.8
114591.4
114592.212
114692.2
114789.5
115081.4
115159.5
115192.3
115505.4
115692.1
115871.5
117194.4
117199.5
117201.4
117455.5
118702.4
119165.5
119528.8
119607.4
119608.212
119690.5
119708.2
120208.3
120708.1
120825.8
121302.8
123110.8
123117.8
123177.8
123252.4
123253.212
123305.5
123353.2
123853.3
124353.1
124699.8
124795.8
128765.4
128766.212
128866.2
128881.5
129366.3
129866.1
130382.8
130402.8
130472.4
130473.212
130473.5
130478.4
130512.5
130573.2
131073.3
131573.1
133805.8
133825.8
134693.8
139706.8
139726.8
139864.8
145241.8
145321.4
145322.212
145414.5
145422.2
145434.4
145470.5
145922.3
146422.1
157399.4
157435.5
160065.4
160105.5
160183.8
160255.4
160256.212
160291.5
160331.4
160353.5
160356.2
160815.8
160856.3
160911.4
160913.5
160917.4
160951.5
161356.1
166963.8
166978.8
167041.4
167042.212
167068.5
167142.2
167642.3
168142.1
168184.8
168258.4
168259.212
168321.5
168359.2
168859.3
169359.1
169659.4
169690.5
173777.8
173850.4
173851.212
173884.5
173951.2
174451.3
174870.8
174939.4
174943.5
174944.4
174951.1
174970.5
175358.4
175394.5
175496.8
175524.8
175587.4
175588.212
175589.5
175597.4
175631.5
175688.2
176188.3
176688.1
176877.8
176955.4
176956.212
177056.2
177089.5
177556.3
178032.8
178056.1
179306.8
179345.8
179447.4
179448.212
179451.5
179488.4
179548.2
179681.5
179916.4
180000.9
123456789
10
31
15
10
31
15
10
FI
2
2
10
47
31
11
20
31
6
2
716
0
0
0
314159265
58
118
181
180000
314159265
0.1
503.4
504.5
505.4
516.5
603.8
611.8
624.8
641.8
661.8
712.4
713.212
803.5
813.2
1313.3
1728.4
1731.5
1732.4
1807.5
1813.1
1972.4
2123.5
2273.4
2477.5
2623.4
2658.5
3134.4
3249.5
3503.8
3590.4
3591.212
3676.5
3691.2
4191.3
4635.4
4691.1
4759.5
4837.8
4840.8
4848.8
4906.4
4907.212
4992.5
5007.2
5507.3
6007.1
6071.4
6074.5
6075.4
6194.5
6372.4
6488.5
6552.8
6556.8
6561.8
6673.4
6674.212
6757.5
6774.2
7274.3
7774.1
7806.4
7933.5
8001.8
8008.8
8018.8
8067.4
8068.212
8155.5
8168.2
8668.3
9168.1
9443.8
9457.8
9465.8
9514.4
9515.212
9605.5
9615.2
10115.3
10615.1
10759.4
10761.5
10763.4
10949.5
11048.8
11112.4
11113.212
11213.2
11266.5
11269.4
11335.5
11713.3
12213.1
12901.8
12904.8
12962.4
12963.212
13063.2
13095.5
13563.3
14063.1
14249.4
14464.5
14535.8
14617.4
14618.212
14718.2
14732.5
15021.4
15218.3
15244.5
15368.8
15401.8
15418.8
15425.8
15473.4
15554.5
15648.8
15681.8
15718.1
15850.4
16017.5
16236.4
16321.5
16818.4
16945.5
17022.8
17026.8
17034.8
17097.4
17098.212
17177.5
17198.2
17698.3
18198.1
18536.4
18639.5
18732.4
19004.5
19199.4
19290.5
19406.8
19430.8
19444.8
19487.4
19488.212
19588.2
19593.5
20088.3
20588.1
21100.4
21118.5
21335.4
21420.5
21489.8
21546.8
21590.8
21635.4
21636.212
21715.5
21736.2
22236.3
22736.1
23588.8
23643.4
23644.212
23729.5
23744.2
24244.3
24744.1
25459.4
25551.5
25695.8
25783.4
25784.212
25884.2
25885.5
26384.3
26884.1
28186.4
28233.5
28323.8
28397.4
28398.212
28494.5
28498.2
28998.3
29081.4
29138.5
29498.1
30696.4
30812.5
30998.8
31082.4
31083.212
31183.2
31209.5
31683.3
32183.1
33202.8
33275.4
33276.212
33362.5
33376.2
33876.3
34376.1
35247.8
35264.8
35329.4
35330.212
35413.5
35430.2
35930.3
36049.4
36286.5
36430.1
36444.8
36498.4
36499.212
36578.5
36599.2
37099.3
37599.1
38315.4
38406.5
38408.4
38414.5
38806.4
39051.5
39177.8
39241.4
39242.212
39333.5
39342.2
39842.3
40342.1
41460.4
41704.5
41822.8
41886.4
41887.212
41987.2
41993.5
42487.3
42987.1
43870.4
43938.5
44233.4
44465.5
44917.4
45017.5
45158.8
45167.8
45224.4
45225.212
45304.5
45325.2
45825.3
46325.1
48139.8
48212.4
48213.212
48306.5
48313.2
48633.4
48762.5
48813.3
49313.1
49513.4
49733.5
49959.8
49961.8
49973.8
50031.4
50032.212
50116.5
50132.2
50632.3
51132.1
52554.8
52610.4
52611.212
52711.2
52767.5
53211.3
53711.1
54611.4
54625.5
54626.4
54949.5
55045.8
55121.4
55122.212
55222.2
55311.5
55361.4
55491.5
55722.3
56222.1
57886.8
57970.4
57971.212
58071.2
58074.5
58571.3
59071.1
59554.4
59672.5
59889.4
59998.5
60598.4
60756.5
60969.4
61105.5
61259.8
61319.4
61320.212
61420.2
61420.5
61920.3
62420.1
63254.4
63626.5
63910.8
63919.8
64003.4
64004.212
64104.2
64213.5
64392.4
64604.3
64646.5
65030.4
65104.1
65216.5
66693.8
66702.8
66757.4
66758.212
66821.5
66822.4
66858.2
66881.5
67358.3
67858.1
68803.4
68958.5
69205.4
69320.5
69376.4
69446.5
69745.4
69747.5
69749.4
69799.5
69896.8
69961.4
69962.212
69963.5
69965.4
70062.2
70080.5
70257.8
70336.8
70537.4
70562.3
70627.5
71062.1
71525.8
71603.4
71604.212
71610.5
71612.4
71704.2
71799.5
72204.3
72308.4
72457.5
72618.4
72704.1
72718.5
72825.8
72868.8
72985.4
72986.212
72989.5
72991.4
73086.2
73090.5
73191.4
73293.5
73586.3
74086.1
75415.4
75419.5
75420.4
75485.5
77490.4
77600.5
79596.4
79666.5
81507.4
81509.5
81510.4
81820.5
82287.4
82438.5
82788.8
82887.4
82888.212
82988.2
83107.5
83234.4
83308.5
83420.8
83488.3
83505.8
83988.1
86223.8
86229.8
86296.4
86297.212
86397.2
86646.5
86897.3
87061.4
87182.5
87296.8
87397.1
87422.8
87583.8
87794.4
87795.212
87895.2
87990.5
88395.3
88895.1
89985.4
90049.5
91659.4
91762.5
93841.4
93847.5
93853.4
93983.5
94589.4
94756.5
95076.4
95282.5
95465.8
95588.4
95589.212
95680.5
95689.2
96189.3
96689.1
98989.8
98991.8
99066.4
99067.212
99069.5
99070.4
99167.2
99357.5
99667.3
100167.1
102032.8
102045.8
102108.4
102109.212
102209.2
102229.5
102709.3
102763.4
102768.5
102771.4
102865.5
103209.1
103268.4
103443.5
103638.4
103953.5
104144.8
104210.4
104211.212
104213.5
104215.4
104311.2
104389.5
104811.3
105311.1
106520.4
106715.5
107039.4
107186.5
107320.8
107391.4
107392.212
107470.5
107492.2
107992.3
108492.1
111017.4
111138.5
111335.8
111398.4
111399.212
111488.5
111499.2
111999.3
112499.1
112534.4
112711.5
112988.4
113082.5
113369.8
113433.4
113434.212
113534.2
113635.5
114034.3
114534.1
116181.8
116237.4
116238.212
116338.2
116351.5
116838.3
117338.1
119374.8
119380.8
119433.4
119434.212
119438.5
119439.4
119534.2
119542.5
119585.4
119659.5
120034.3
120534.1
122553.8
122556.8
122614.4
122615.212
122715.2
122865.5
122900.4
122992.5
123215.3
123715.1
125770.8
125784.8
125858.4
125859.212
125959.2
126015.5
126459.3
126959.1
128458.8
128531.4
128532.212
128632.2
128658.5
128734.4
128846.5
129132.3
129218.4
129220.5
129222.4
129484.5
129632.1
129735.4
129830.5
129988.8
129991.8
130031.8
130107.4
130108.212
130208.2
130267.5
130708.3
131208.1
132610.4
132729.5
132888.4
132991.5
133209.8
133294.4
133295.212
133395.2
133414.5
133895.3
134395.1
136182.8
136251.4
136252.212
136352.2
136374.5
136852.3
137352.1
139193.8
139215.8
139302.4
139303.212
139403.2
139438.5
139588.4
139746.5
139865.8
139903.3
139920.8
139960.8
140203.4
140287.5
140403.1
140619.8
140708.4
140709.212
140809.2
140837.5
140879.4
140985.5
141309.3
141809.1
143557.4
143816.5
144092.4
144243.5
144244.4
144308.5
144430.8
145153.8
145224.8
145534.8
145536.8
145742.4
145743.212
145843.2
145980.5
146023.4
146029.5
146035.4
146098.5
146311.8
146343.3
146843.1
148078.4
148079.5
148081.4
148181.5
149494.4
149668.5
151404.4
151514.5
151655.8
151742.4
151743.212
151843.2
151921.5
152343.3
152843.1
154208.4
154315.5
154783.4
154877.5
155082.8
155089.8
155213.4
155214.212
155314.2
155462.5
155814.3
156314.1
156429.4
156493.5
159062.4
159166.5
161705.4
161808.5
165124.4
165187.5
165221.4
165458.5
167598.8
167678.4
167679.212
167747.5
167779.2
167837.4
167865.5
168279.3
168779.1
169633.4
169670.5
169883.6
171419.4
171463.5
177195.8
177198.8
177279.4
177280.212
177380.2
177461.5
177880.3
178380.1
178973.4
178976.5
178980.4
179117.5
179314.8
179325.8
180000.9
123456789
11
01
15
11
01
15
10
FI
2
2
10
49
46
11
22
46
6
2
607
0
0
0
314159265
56
100
140
180000
314159265
0.1
437.4
469.5
997.8
1026.8
1074.4
1075.212
1175.2
1240.5
1675.3
2175.1
2601.4
2672.5
2807.8
2814.8
2858.4
2859.212
2945.5
2959.2
3459.3
3959.1
4071.4
4209.5
4288.8
4292.8
4351.4
4352.212
4430.5
4452.2
4621.4
4695.5
4927.4
4929.5
4931.4
4952.3
5058.5
5170.8
5175.8
5197.8
5347.4
5452.1
5485.5
5684.8
5736.4
5737.212
5837.2
5936.5
6337.3
6837.1
7373.4
7507.5
7607.8
7618.8
7661.4
7662.212
7746.5
7762.2
8262.3
8762.1
9277.4
9422.5
9501.8
9536.8
9581.4
9582.212
9658.5
9682.2
10182.3
10682.1
11190.4
11301.5
11436.8
11439.8
11489.4
11490.212
11590.2
11602.5
12090.3
12590.1
13431.4
13460.5
13551.8
13605.4
13606.212
13706.2
13740.5
14006.4
14152.5
14206.3
14402.4
14488.5
14566.8
14574.8
14592.8
14602.8
14606.8
14687.4
14706.1
14716.5
14944.8
14951.8
15003.4
15004.212
15079.5
15104.2
15604.3
16104.1
16935.4
17012.5
17129.4
17199.5
17277.8
17347.4
17348.212
17448.2
17519.5
17948.3
17955.4
17960.5
17964.4
18196.5
18448.1
18908.4
19019.5
19140.8
19148.8
19199.4
19200.212
19287.5
19300.2
19800.3
20300.1
20863.4
20960.5
21049.4
21136.5
21365.4
21737.5
21896.8
21951.4
21952.212
22048.5
22052.2
22552.3
23052.1
23783.4
23794.5
23796.4
24017.5
24113.8
24190.4
24191.212
24286.5
24291.2
24791.3
25291.1
26737.4
26787.5
27127.8
27135.8
27195.4
27196.212
27296.2
27427.5
27483.4
27550.5
27796.3
28088.4
28183.5
28296.1
29917.4
30070.5
30311.8
30337.8
30404.4
30405.212
30505.2
30513.5
31005.3
31505.1
32832.8
32910.4
32911.212
33011.2
33381.5
33511.3
34011.1
35053.4
35147.5
35474.4
35583.5
35782.8
35845.4
35846.212
35946.2
36080.5
36144.4
36446.3
36817.5
36946.1
37257.8
37324.4
37325.212
37425.2
37447.5
37925.3
38425.1
40611.4
40756.5
40884.8
40938.4
40939.212
41039.2
41041.5
41539.3
42039.1
43893.8
43981.4
43982.212
44082.2
44154.5
44582.3
45082.1
46083.4
46315.5
46532.8
46612.4
46613.212
46711.5
46713.2
47139.4
47213.3
47341.5
47713.1
47857.4
48130.5
48276.8
48367.4
48368.212
48468.2
48508.5
48968.3
49468.1
50857.4
51169.5
51323.8
51404.4
51405.212
51505.2
51540.5
52005.3
52505.1
53655.4
53660.5
53662.4
53901.5
54236.8
54243.8
54299.4
54300.212
54400.2
54415.5
54900.3
55400.1
57367.8
57439.4
57440.212
57540.2
57551.5
58040.3
58540.1
58795.4
58798.5
58799.4
58890.5
59462.4
59543.5
59723.8
59783.4
59784.212
59884.2
59888.5
60384.3
60884.1
62676.8
62678.8
62710.8
62771.4
62772.212
62870.5
62872.2
63372.3
63872.1
65839.8
65915.4
65916.212
66009.5
66016.2
66516.3
67016.1
67773.4
67913.5
67974.4
68391.5
68533.8
68587.8
68637.4
68638.212
68731.5
68738.2
69238.3
69738.1
71219.8
71234.8
71291.4
71292.212
71381.5
71392.2
71892.3
72392.1
73234.4
73401.5
73525.8
73584.4
73585.212
73685.2
73687.5
74185.3
74685.1
75270.8
75286.8
75314.8
75370.4
75371.212
75465.5
75471.2
75971.3
76471.1
77722.8
77804.4
77805.212
77905.2
77945.5
78405.3
78905.1
80561.8
80655.4
80656.212
80756.2
80767.5
81256.3
81756.1
83769.8
83787.8
83803.8
83968.4
83969.212
84069.2
84079.5
84569.3
85069.1
85280.4
85434.5
85758.4
86226.5
86961.4
87136.5
87139.4
87142.5
87143.4
87171.5
87265.8
87330.4
87331.212
87431.2
87500.5
87543.4
87822.5
87931.3
88229.8
88337.8
88431.1
88962.4
89059.5
91602.4
91603.5
91608.4
91775.5
95107.4
95240.5
97521.8
97608.4
97609.212
97709.2
97783.5
98209.3
98709.1
99725.4
99895.5
102316.8
102383.4
102384.212
102484.2
102569.5
102761.4
102845.5
102984.3
103484.1
105454.4
105564.5
105697.8
105748.4
105749.212
105845.5
105849.2
106349.3
106563.4
106657.5
106840.4
106849.1
106971.5
107160.4
107576.5
107935.8
107946.8
108065.4
108066.212
108166.2
108314.5
108666.3
109166.1
109364.4
109454.5
109514.4
109649.5
111673.4
111786.5
114674.8
114729.4
114730.212
114830.2
114885.5
115330.3
115830.1
117995.4
118225.5
118454.8
118466.8
118473.8
118541.4
118542.212
118642.2
118735.5
119142.3
119642.1
121307.8
121310.8
121407.4
121408.212
121508.2
121537.5
122008.3
122508.1
124400.8
124415.8
124434.8
124436.8
124441.8
124503.4
124504.212
124604.2
124615.5
125104.3
125604.1
127451.8
127531.4
127532.212
127632.2
127941.5
128078.4
128132.3
128143.5
128632.1
130474.8
130478.8
130529.4
130530.212
130630.2
130635.5
131130.3
131630.1
133054.4
133126.5
133229.4
133309.5
133998.8
134058.4
134059.212
134159.2
134283.5
134530.4
134659.3
134803.5
134943.4
134944.5
135159.1
135201.8
135296.8
135368.4
135369.212
135445.5
135469.2
135969.3
136469.1
137484.4
137553.5
137697.4
137698.5
137701.4
137787.5
138094.4
138211.5
138789.4
139240.5
139433.8
139490.4
139491.212
139591.2
139638.5
139987.4
140091.3
140266.5
140491.8
140590.4
140591.1
140933.5
141025.8
141110.4
141111.212
141211.2
141255.5
141711.3
142211.1
143881.4
143885.5
143891.4
144216.5
144409.8
144414.8
144495.4
144496.212
144596.2
144605.5
145096.3
145596.1
147397.8
147411.8
147468.4
147469.212
147563.5
147569.2
148069.3
148569.1
150154.8
150205.4
150206.212
150306.2
150331.5
150806.3
151306.1
153019.8
153071.8
153078.8
153133.4
153134.212
153234.2
153247.5
153734.3
154234.1
155121.4
155314.5
155825.4
155887.5
159043.8
159114.4
159115.212
159193.5
159215.2
159715.3
160215.1
163978.4
164083.5
164268.8
173757.4
173758.212
173858.2
173876.5
174045.4
174119.5
174194.4
174196.5
174199.4
174358.3
174366.5
180000.9
123456789
11
02
15
11
02
15
10
FI
2
2
10
49
34
11
22
33
6
2
759
0
0
0
314159265
68
142
164
180000
314159265
0.1
600.4
612.5
673.8
747.4
748.212
843.5
848.2
1348.3
1816.4
1848.1
1877.5
1942.8
1951.8
1996.4
1997.212
2080.5
2097.2
2597.3
2967.4
3097.1
3117.5
3200.8
3253.4
3254.212
3344.5
3354.2
3711.4
3713.5
3714.4
3779.5
3854.3
3867.4
3967.5
4107.4
4234.5
4297.8
4308.8
4332.8
4354.1
4388.4
4475.5
4646.8
4649.8
4714.4
4715.212
4799.5
4815.2
5315.3
5792.4
5815.1
5887.5
5967.8
5975.8
5999.8
6040.4
6041.212
6126.5
6141.2
6497.4
6632.5
6641.3
6704.8
6714.8
6722.8
6767.8
6857.4
7027.5
7124.8
7141.1
7213.8
7260.211
7260.4
7261.1
7403.5
7861.8
7870.8
7975.4
7976.212
8050.5
8076.2
8576.3
9076.1
9393.4
9561.5
9632.8
9639.8
9659.8
9703.4
9704.212
9793.5
9804.2
9905.4
9949.5
10304.3
10667.4
10804.1
10933.5
11035.8
11043.8
11082.211
11082.4
11083.1
11211.5
11292.8
11300.8
11301.8
11317.8
11320.8
11361.4
11362.212
11440.5
11462.2
11962.3
12462.1
12699.4
12856.5
12988.8
12994.8
13037.211
13037.4
13038.1
13181.5
13276.8
13279.8
13330.8
13377.4
13378.212
13478.2
13545.5
13802.4
13978.3
14035.5
14467.4
14470.5
14471.4
14478.1
15093.5
15203.8
15255.4
15256.212
15348.5
15356.2
15507.4
15571.5
15856.3
16356.1
17042.4
17304.5
17455.8
17516.4
17517.212
17594.5
17617.2
18117.3
18617.1
19212.4
19350.5
19500.8
19560.4
19561.212
19661.2
19675.5
20161.3
20661.1
21205.4
21505.5
21655.8
21666.8
21670.8
21717.4
21718.212
21818.2
21837.5
22318.3
22818.1
23623.8
23672.211
23672.4
23673.1
23864.5
23938.8
23954.8
23981.8
24022.4
24023.212
24123.2
24124.5
24623.3
25123.1
25705.4
25978.5
26083.8
26134.4
26135.212
26221.5
26235.2
26735.3
26776.4
27088.5
27232.8
27235.1
27304.4
27366.5
27471.8
27502.8
27518.8
27561.4
27562.212
27644.5
27662.2
27916.4
28162.3
28235.5
28321.8
28433.4
28595.5
28662.1
28739.8
28804.4
28805.212
28889.5
28905.2
29084.4
29125.5
29405.3
29905.1
30673.4
30872.5
30987.8
30991.8
31040.4
31041.212
31115.5
31141.2
31641.3
32141.1
32886.8
32942.4
32943.212
33028.5
33043.2
33543.3
34043.1
34921.8
34976.4
34977.212
35051.5
35077.2
35577.3
36077.1
37085.4
37215.5
37305.8
37368.4
37369.212
37442.5
37469.2
37969.3
38469.1
39125.4
39243.5
39326.4
39453.5
39562.8
39646.4
39647.212
39731.5
39747.2
40247.3
40747.1
41656.8
41712.4
41713.212
41806.5
41813.2
42313.3
42813.1
43768.4
43845.5
44114.8
44123.8
44247.4
44248.212
44348.2
44355.5
44848.3
45348.1
46152.4
46274.5
46486.8
46495.8
46541.4
46542.212
46629.5
46642.2
46908.4
47007.5
47142.3
47642.1
49196.8
49259.4
49260.212
49354.5
49360.2
49860.3
50360.1
51372.4
51585.5
51681.8
51743.4
51744.212
51827.5
51844.2
52344.3
52844.1
53996.8
54065.4
54066.212
54166.2
54198.5
54666.3
55166.1
56094.8
56149.4
56150.212
56250.2
56259.5
56750.3
57250.1
58114.4
58120.5
58121.4
58180.5
58690.4
58952.5
59218.8
59228.8
59232.8
59281.4
59282.212
59382.2
59442.5
59882.3
60382.1
61312.4
61533.5
61669.8
61678.8
61723.4
61724.212
61816.5
61824.2
62053.4
62116.5
62324.3
62824.1
64457.4
64475.5
64599.8
64672.4
64673.212
64756.5
64773.2
64853.4
64941.5
64946.4
64979.5
65192.8
65202.8
65273.3
65403.4
65445.5
65594.8
65627.8
65773.1
66057.8
66120.4
66121.212
66204.5
66221.2
66721.3
67087.4
67093.5
67096.4
67136.5
67221.1
69396.4
69600.5
69726.8
69819.4
69820.212
69900.5
69920.2
70145.4
70230.5
70420.3
70653.4
70755.5
70888.4
70920.1
71218.5
71367.8
71376.8
71435.4
71436.212
71514.5
71536.2
72036.3
72536.1
73737.8
73803.4
73804.212
73884.5
73904.2
74404.3
74904.1
77072.8
77132.4
77133.212
77233.2
77256.5
77499.4
77596.5
77733.3
78233.1
79798.8
79848.211
79848.4
79849.1
79948.5
80092.8
80197.4
80198.212
80298.2
80368.5
80798.3
81298.1
82513.4
82614.5
82748.8
82810.4
82811.212
82911.2
83102.5
83169.4
83270.5
83408.8
83411.3
83459.8
83470.8
83540.4
83575.5
83757.8
83911.1
83989.8
83998.8
84049.4
84050.212
84150.2
84203.5
84248.4
84417.5
84577.8
84650.3
85011.8
85150.1
85558.4
85634.5
85707.8
85726.8
85777.4
85778.212
85781.5
85782.4
85871.5
85878.2
86378.3
86878.1
88373.8
88438.4
88439.212
88539.2
88547.5
89039.3
89539.1
91060.4
91145.5
91264.8
91319.8
91367.8
91413.4
91414.212
91509.5
91514.2
92014.3
92514.1
94096.8
94165.4
94166.212
94266.2
94275.5
94766.3
95266.1
96725.8
96772.211
96772.4
96773.1
96838.5
97014.8
97066.8
97124.4
97125.212
97225.2
97226.5
97725.3
98225.1
99363.8
99369.8
99420.4
99421.212
99504.5
99521.2
100021.3
100521.1
101366.4
101439.5
101740.8
101798.4
101799.212
101899.2
101910.5
102399.3
102899.1
104431.4
104564.5
104700.8
104769.4
104770.212
104847.5
104870.2
105370.3
105870.1
107390.8
107396.8
107444.4
107445.212
107545.2
107547.5
108045.3
108545.1
110207.8
110273.4
110274.212
110374.2
110387.5
110874.3
111374.1
112639.4
112642.5
112654.4
112662.5
112728.4
112733.5
112741.4
112744.5
112948.8
113010.4
113011.212
113103.5
113111.2
113611.3
114111.1
115443.8
115451.8
115524.4
115525.212
115604.5
115625.2
116125.3
116625.1
118104.4
118192.5
118443.8
118527.4
118528.212
118610.5
118628.2
119128.3
119628.1
121352.4
121475.5
121599.8
121608.8
121659.8
121707.4
121708.212
121808.2
121815.5
122308.3
122808.1
124142.4
124211.5
124369.8
124426.4
124427.212
124527.2
124558.5
125027.3
125527.1
126309.8
126317.8
126365.4
126366.212
126462.5
126466.2
126966.3
127466.1
129173.4
129285.5
129366.8
129470.4
129471.212
129571.2
129594.5
130071.3
130571.1
132200.8
132203.8
132251.4
132252.212
132331.5
132352.2
132517.4
132610.5
132852.3
133352.1
135116.8
135129.8
135191.4
135192.212
135292.2
135307.5
135792.3
136292.1
136945.4
137056.5
138744.8
138810.4
138811.212
138911.2
138929.5
139411.3
139911.1
141213.4
141292.5
143204.8
143277.4
143278.212
143312.5
143378.2
143878.3
144378.1
145302.4
145376.5
147307.4
147398.5
149134.4
149204.5
149562.8
149617.4
149618.212
149718.2
149800.5
150218.3
150718.1
151226.4
151276.5
154109.4
154207.5
154359.8
154497.4
154498.212
154598.2
154668.5
154704.4
154848.5
155098.3
155598.1
156526.4
156601.5
159119.4
159340.5
159450.8
159454.8
159459.8
159524.4
159525.212
159625.2
159763.5
160125.3
160625.1
162180.8
162227.211
162227.4
162228.1
162545.5
162615.8
162649.8
162653.8
162729.4
162730.212
162830.2
162832.5
163330.3
163830.1
165187.8
165191.8
165245.4
165246.212
165332.5
165346.2
165846.3
166346.1
167069.4
167138.5
167834.4
167838.5
167841.4
168040.5
168235.8
168327.4
168328.212
168417.5
168428.2
168928.3
169428.1
170845.4
171109.5
171209.8
171221.8
171283.4
171284.212
171384.2
171407.5
171677.4
171884.3
171921.5
172016.4
172110.5
172384.1
173407.4
173491.5
175030.4
175031.5
175034.4
180000.9
123456789
11
03
15
11
03
15
10
FI
2
2
10
48
34
11
21
34
6
2
679
0
0
0
314159265
61
118
151
180000
314159265
0.1
385.8
430.211
430.4
431.1
487.5
548.8
572.8
611.4
612.212
712.2
722.5
1212.3
1712.1
1989.4
2141.5
2212.8
2274.4
2275.212
2371.5
2375.2
2875.3
3375.1
3475.4
3476.5
3478.4
3557.5
3617.8
3692.4
3693.212
3793.2
3927.5
4003.8
4012.8
4023.8
4293.3
4324.8
4333.8
4378.4
4415.5
4419.4
4466.5
4567.8
4589.8
4609.8
4793.1
4870.8
4889.8
4932.4
4933.212
5033.2
5043.5
5533.3
6033.1
6399.8
6408.8
6415.8
6465.4
6466.212
6563.5
6566.2
7066.3
7566.1
8037.8
8100.4
8101.212
8201.2
8205.5
8701.3
9201.1
9705.8
9757.4
9758.212
9841.5
9858.2
10358.3
10858.1
11314.4
11499.5
11626.8
11679.4
11680.212
11772.5
11780.2
12280.3
12407.4
12554.5
12780.1
12808.8
12858.211
12858.4
12859.1
13037.5
13107.8
13204.4
13205.212
13305.2
13305.5
13805.3
14305.1
15035.4
15179.5
15257.8
15312.4
15313.212
15413.2
15451.5
15913.3
16413.1
17375.8
17386.8
17437.4
17438.212
17527.5
17538.2
18038.3
18538.1
19403.8
19415.8
19459.4
19460.212
19540.5
19560.2
20060.3
20560.1
21250.4
21345.5
21485.8
21487.8
21539.4
21540.212
21631.5
21640.2
22140.3
22561.4
22640.1
22716.5
22816.8
22873.4
22874.212
22950.5
22974.2
23474.3
23974.1
25086.4
25088.5
25089.4
25253.5
25369.8
25374.8
25377.8
25423.4
25424.212
25524.2
25662.5
26024.3
26126.8
26198.4
26426.5
26501.8
26524.1
26526.8
26533.8
26579.4
26580.212
26680.2
26734.5
26933.4
27180.3
27279.5
27680.1
29026.4
29330.5
29560.8
29600.211
29600.4
29601.1
29829.5
29922.8
29974.4
29975.212
30075.2
30261.5
30575.3
31075.1
31096.4
31204.5
32390.4
32603.5
32870.4
33080.5
33162.8
33214.4
33215.212
33301.5
33315.2
33815.3
34315.1
35736.4
35856.5
36407.4
36474.5
36581.8
36632.4
36633.212
36724.5
36733.2
36931.4
36978.5
37233.3
37733.1
39171.4
39399.5
39542.8
39598.4
39599.212
39689.5
39699.2
40199.3
40699.1
41869.4
41874.5
41881.4
41923.5
42101.8
42106.8
42111.8
42158.4
42159.212
42254.5
42259.2
42759.3
43259.1
44406.8
44472.4
44473.212
44557.5
44573.2
45073.3
45573.1
47184.4
47401.5
47517.8
47566.211
47566.4
47567.1
47766.5
47873.8
47930.4
47931.212
48019.5
48031.2
48531.3
49031.1
50465.8
50517.4
50518.212
50602.5
50618.2
51118.3
51618.1
53523.8
53575.4
53576.212
53655.5
53676.2
54176.3
54676.1
56877.4
57023.5
57176.8
57229.4
57230.212
57310.5
57330.2
57830.3
58330.1
59979.8
59985.8
60012.8
60061.4
60062.212
60162.2
60237.5
60662.3
60868.8
60884.8
60901.8
60906.8
60970.4
61162.1
61236.5
61312.8
61334.8
61344.8
61451.4
61452.212
61538.5
61552.2
62052.3
62552.1
63587.4
63666.5
64212.8
64275.4
64276.212
64348.5
64376.2
64876.3
65376.1
66460.4
66536.5
66647.4
66848.5
67080.8
67127.211
67127.4
67128.1
67257.5
67385.8
67389.8
67476.4
67477.212
67577.2
67608.5
68077.3
68577.1
70337.8
70406.4
70407.212
70493.5
70507.2
71007.3
71507.1
73406.8
73472.4
73473.212
73573.2
73579.5
73667.4
73752.5
73844.4
73913.5
74073.3
74461.4
74573.1
74586.5
74794.4
75049.5
75251.8
75257.8
75331.4
75332.212
75409.5
75432.2
75932.3
76432.1
77927.4
78091.5
78297.4
78424.5
78523.8
78582.8
78628.4
78629.212
78720.5
78729.2
79229.3
79729.1
81049.4
81375.5
81837.8
81849.8
81898.4
81899.212
81999.2
82137.5
82499.3
82748.4
82876.5
82999.1
84189.4
84312.5
84655.4
85225.5
86997.8
87054.4
87055.212
87150.5
87155.2
87655.3
88155.1
89362.4
89436.5
89906.4
90120.5
90324.8
90382.4
90383.212
90479.5
90483.2
90983.3
91483.1
92454.4
92500.5
92507.4
92648.5
93068.8
93072.8
93131.4
93132.212
93232.2
93252.5
93732.3
94095.4
94232.1
94433.5
94568.8
94578.8
94621.4
94622.212
94720.5
94722.2
95222.3
95722.1
96021.4
96236.5
96363.8
96479.4
96480.212
96563.5
96580.2
97080.3
97580.1
98900.4
98992.5
99163.8
99210.211
99210.4
99211.1
99357.5
99474.8
99561.4
99562.212
99662.2
99675.5
100162.3
100662.1
102282.4
102463.5
102593.8
102600.8
102607.8
102655.4
102656.212
102756.2
102766.5
102941.4
103256.3
103756.1
103824.5
103944.8
103950.8
104016.4
104017.212
104117.2
104142.5
104617.3
105117.1
106509.4
106512.5
106513.4
106745.5
107086.4
107257.5
107353.8
107415.4
107416.212
107516.2
107535.5
107621.4
107675.5
107942.8
108016.3
108516.1
109186.4
109324.5
109389.8
109448.4
109449.212
109549.2
109817.5
110049.3
110383.4
110489.5
110549.1
112544.4
112550.5
112553.4
112931.5
112964.4
113027.5
113151.8
113156.8
113215.4
113216.212
113304.5
113316.2
113816.3
114316.1
115588.4
115591.5
115593.4
116056.5
116214.8
116286.4
116287.212
116387.2
116423.5
116887.3
117387.1
118812.4
119143.5
119323.8
119381.4
119382.212
119482.2
119779.5
119878.4
119951.5
119982.3
120482.1
121620.4
121689.5
121927.8
122010.4
122011.212
122111.2
122179.5
122420.8
122611.3
123047.4
123111.1
123121.5
125548.4
125660.5
128104.4
128111.5
128116.4
128134.5
128275.4
128508.5
128647.8
128715.4
128716.212
128816.2
129149.5
129241.4
129316.3
129418.5
129816.1
129904.4
129931.5
130077.8
130133.4
130134.212
130234.2
130234.5
130734.3
131234.1
132996.4
133092.5
135096.4
135098.5
135101.4
135272.5
137260.4
137609.5
137856.8
137939.4
137940.212
138040.2
138210.5
138540.3
139040.1
141227.4
141423.5
141560.8
141568.8
141586.8
141642.4
141643.212
141743.2
141752.5
142243.3
142743.1
143873.8
143963.4
143964.212
144064.2
144126.5
144564.3
145064.1
146973.4
147095.5
147220.8
147268.8
147286.8
147307.8
147355.4
147356.212
147454.5
147456.2
147956.3
148456.1
149409.8
149467.4
149468.212
149568.2
149678.5
150068.3
150568.1
150821.4
150919.5
151078.8
151108.8
151160.4
151161.212
151261.2
151320.5
151761.3
152261.1
153638.4
153717.5
156529.8
156604.4
156605.212
156705.2
156975.5
157043.4
157104.5
157205.3
157705.1
159660.8
159680.8
159695.8
159748.4
159749.212
159849.2
159849.5
160349.3
160849.1
162693.8
162758.4
162759.212
162859.2
162880.5
163359.3
163859.1
165255.4
165264.5
165266.4
165404.5
165564.8
165663.4
165664.212
165764.2
166087.5
166264.3
166764.1
169731.4
169791.5
176056.4
176111.5
177619.4
177748.5
180000.9
123456789
11
04
15
11
04
15
10
FI
2
2
10
47
01
11
20
01
6
2
644
0
0
0
314159265
62
117
129
180000
314159265
0.1
70.8
125.4
126.212
226.2
403.5
478.8
642.4
709.5
726.3
761.8
821.8
885.4
986.5
1066.4
1193.5
1226.1
1356.8
1364.8
1407.4
1408.212
1483.5
1508.2
2008.3
2441.4
2508.1
2526.5
2676.4
2745.5
2815.4
2886.5
2960.8
3029.4
3030.212
3129.5
3130.2
3630.3
4130.1
4166.4
4240.5
4310.8
4336.8
4384.4
4385.212
4485.2
4487.5
4985.3
5485.1
5491.4
5669.5
5778.8
5813.8
5854.4
5855.212
5955.2
5955.5
6455.3
6955.1
7138.4
7183.5
7268.8
7270.8
7308.8
7353.4
7354.212
7454.2
7459.5
7954.3
8454.1
8886.4
9068.5
9145.8
9155.8
9199.4
9200.212
9291.5
9300.2
9800.3
10300.1
10671.4
10826.5
10913.8
10929.8
10976.4
10977.212
11074.5
11077.2
11577.3
12077.1
12436.4
12517.5
12722.4
12885.5
13022.8
13082.4
13083.212
13166.5
13183.2
13683.3
14183.1
14545.4
14671.5
14781.8
14833.4
14834.212
14909.5
14934.2
15434.3
15934.1
16444.4
16513.5
16589.8
16602.8
16651.4
16652.212
16752.2
16766.5
17252.3
17752.1
18321.4
18324.5
18330.4
18449.5
18790.4
18947.5
19101.8
19163.4
19164.212
19239.5
19264.2
19764.3
20264.1
21182.8
21227.211
21227.4
21228.1
21384.5
22139.8
22144.8
22190.4
22191.212
22291.2
22323.5
22791.3
23291.1
24014.4
24053.5
24179.8
24230.4
24231.212
24325.5
24331.2
24831.3
25331.1
25978.4
26209.5
26344.8
26349.8
26392.211
26392.4
26393.1
26724.5
26799.8
26865.4
26866.212
26941.5
26966.2
27466.3
27966.1
28769.4
28843.5
28959.8
28977.8
29022.4
29023.212
29109.5
29123.2
29623.3
30123.1
30878.4
31042.5
31193.8
31197.8
31242.211
31242.4
31243.1
31456.5
31557.8
31560.8
31621.4
31622.212
31722.2
31737.5
32222.3
32722.1
33891.4
33935.5
34252.8
34261.8
34315.4
34316.212
34393.5
34416.2
34916.3
35416.1
36441.4
36507.5
36620.8
36628.8
36702.4
36703.212
36801.5
36803.2
37303.3
37803.1
38645.4
38649.5
38656.4
38729.5
38883.8
38891.8
38935.4
38936.212
39035.5
39036.2
39536.3
40036.1
41177.8
41185.8
41237.4
41238.212
41338.2
41353.5
41838.3
42338.1
43123.4
43124.5
43129.4
43131.5
43327.8
43335.8
43390.4
43391.212
43490.5
43491.2
43991.3
44491.1
45204.8
45267.4
45268.212
45354.5
45368.2
45868.3
46368.1
47663.8
47727.4
47728.212
47819.5
47828.2
48328.3
48828.1
49384.4
49747.5
49890.8
49900.8
49945.4
49946.212
50020.5
50046.2
50546.3
51046.1
52130.4
52224.5
52343.8
52403.4
52404.212
52501.5
52504.2
53004.3
53504.1
54074.8
54076.8
54125.4
54126.212
54205.5
54226.2
54726.3
55226.1
56128.4
56343.5
56718.8
56773.4
56774.212
56872.5
56874.2
57374.3
57874.1
59682.8
59748.4
59749.212
59840.5
59849.2
60349.3
60849.1
62169.8
62176.8
62221.4
62222.212
62307.5
62322.2
62822.3
63322.1
64915.8
64967.4
64968.212
65057.5
65068.2
65568.3
66068.1
67062.8
67107.211
67107.4
67108.1
67262.5
67387.8
67395.8
67408.8
67485.4
67486.212
67586.2
67593.5
68086.3
68586.1
70164.8
70167.8
70171.8
70225.4
70226.212
70326.2
70328.5
70826.3
71326.1
72627.8
72630.8
72699.4
72700.212
72794.5
72800.2
73300.3
73331.4
73687.5
73800.1
73917.8
73975.4
73976.212
74076.2
74267.5
74576.3
75076.1
75495.4
75710.5
76234.4
76329.5
76585.8
76653.4
76654.212
76754.2
76808.5
77254.3
77629.4
77708.5
77754.1
79695.4
79827.5
82994.4
83275.5
83400.4
83481.5
83600.8
83659.4
83660.212
83760.2
83871.5
84260.3
84760.1
86291.4
86486.5
86671.8
86745.4
86746.212
86840.5
86846.2
87346.3
87846.1
90112.8
90166.4
90167.212
90267.2
90277.5
90767.3
90795.4
90921.5
91112.4
91209.5
91267.1
91370.8
91384.8
91467.4
91468.212
91565.5
91568.2
92068.3
92568.1
93344.4
93454.5
94241.4
94373.5
94717.8
94764.211
94764.4
94765.1
94993.5
95106.8
95169.4
95170.212
95255.5
95270.2
95770.3
96270.1
98954.4
99017.5
99306.4
99412.5
99587.8
99595.8
99647.4
99648.212
99748.2
99772.5
100248.3
100748.1
101037.4
101127.5
101354.4
101450.5
101730.8
101787.4
101788.212
101888.2
101891.5
102388.3
102888.1
104580.8
104657.4
104658.212
104758.2
104765.5
105258.3
105758.1
106975.4
107061.5
107284.4
107489.5
107758.8
107761.8
107833.4
107834.212
107934.2
107971.5
108434.3
108934.1
110394.8
110456.4
110457.212
110557.2
110557.5
111057.3
111557.1
112731.8
112735.8
112804.4
112805.212
112880.5
112905.2
113405.3
113905.1
115847.8
115924.4
115925.212
116021.5
116025.2
116525.3
117025.1
119038.8
119051.8
119115.4
119116.212
119202.5
119216.2
119716.3
120216.1
121868.8
121940.4
121941.212
122041.2
122211.5
122541.3
123041.1
125407.8
125456.211
125456.4
125457.1
125650.5
125728.8
125767.8
125817.8
125865.4
125866.212
125966.2
126007.5
126466.3
126966.1
129187.4
129226.5
129469.8
129519.211
129519.4
129520.1
129709.5
129803.8
129811.8
129820.8
129858.8
129902.8
129947.4
129948.212
130041.5
130048.2
130548.3
131048.1
133056.8
133059.8
133121.4
133122.212
133205.5
133222.2
133722.3
134222.1
136309.8
136362.4
136363.212
136448.5
136463.2
136963.3
137463.1
139747.4
139750.5
139751.4
139831.5
139962.8
140072.4
140073.212
140155.5
140173.2
140673.3
141173.1
142980.4
143032.5
143279.4
143422.5
143568.8
143573.8
143676.4
143677.212
143762.5
143777.2
144277.3
144777.1
146928.8
146983.4
146984.212
147084.2
147105.5
147584.3
148084.1
150905.4
151201.5
151334.8
151382.211
151382.4
151383.1
151618.5
151703.8
151712.8
151735.8
151814.4
151815.212
151915.2
151922.5
152415.3
152915.1
154427.4
154528.5
154900.8
154945.211
154945.4
154946.1
155193.5
155266.8
155320.4
155321.212
155411.5
155421.2
155921.3
156421.1
157894.4
158111.5
158259.8
158271.8
158312.4
158313.212
158394.5
158413.2
158913.3
159413.1
161369.8
161442.4
161443.212
161533.5
161543.2
162043.3
162543.1
164646.8
164649.8
164712.4
164713.212
164813.2
164955.5
165313.3
165813.1
168306.4
180000.9
123456789
11
05
15
11
05
15
10
FI
2
2
10
48
31
11
21
31
6
2
559
0
0
0
314159265
46
88
135
180000
314159265
0.1
525.4
542.5
887.8
955.4
956.212
1056.2
1194.5
1254.8
1282.8
1288.8
1503.4
1554.5
1556.3
1626.8
1881.4
2014.5
2056.1
2166.8
2175.8
2229.4
2230.212
2327.5
2330.2
2830.3
3330.1
3418.4
3482.5
3551.8
3614.4
3615.212
3694.5
3715.2
4215.3
4715.1
4715.4
4843.5
4917.8
4970.4
4971.212
5048.5
5071.2
5571.3
6071.1
6193.4
6414.5
6492.8
6548.4
6549.212
6622.5
6649.2
7149.3
7536.4
7594.5
7649.1
8426.4
8663.5
8794.8
8817.8
8823.8
8864.4
8865.212
8947.5
8965.2
9465.3
9965.1
10321.4
10418.5
10525.8
10571.211
10571.4
10572.1
10773.5
10860.8
10914.4
10915.212
11011.5
11015.2
11515.3
12015.1
12674.4
12737.5
12873.8
12925.4
12926.212
13003.5
13026.2
13526.3
14026.1
14301.4
14487.5
14615.8
14665.211
14665.4
14666.1
14845.5
14957.8
14974.8
14980.8
15021.4
15022.212
15105.5
15122.2
15622.3
16122.1
16539.4
16542.5
16543.4
16675.5
16923.4
16969.5
17094.8
17113.8
17165.4
17166.212
17247.5
17266.2
17766.3
18266.1
19176.4
19369.5
19510.8
19559.211
19559.4
19560.1
19650.5
19793.8
19803.8
19856.4
19857.212
19957.2
20063.5
20457.3
20957.1
21563.4
21566.5
21571.4
21674.5
21851.4
22142.5
22242.8
22294.4
22295.212
22389.5
22395.2
22895.3
23395.1
23607.4
23829.5
24044.8
24093.211
24093.4
24094.1
24194.5
24316.8
24375.4
24376.212
24476.2
24606.5
24976.3
25476.1
26175.4
26456.5
26783.8
26794.8
26865.4
26866.212
26961.5
26966.2
27373.4
27466.3
27605.5
27966.1
28144.4
28401.5
28511.8
28566.4
28567.212
28637.5
28667.2
29167.3
29667.1
30514.4
30597.5
30751.8
30833.4
30834.212
30912.5
30934.2
31434.3
31934.1
32890.4
33109.5
33243.8
33251.8
33293.211
33293.4
33294.1
33422.5
33521.8
33577.8
33617.4
33618.212
33718.2
33749.5
34218.3
34718.1
35584.4
35684.5
35834.8
35845.8
35853.8
35913.4
35914.212
35988.5
36014.2
36514.3
37014.1
38271.4
38360.5
38632.8
38639.8
38701.4
38702.212
38787.5
38802.2
39302.3
39802.1
40677.4
40679.5
40687.4
40858.5
40948.4
41042.5
41165.4
41237.5
41374.8
41446.4
41447.212
41542.5
41547.2
41667.4
41733.5
42047.3
42547.1
43690.4
43856.5
43970.4
44032.5
44142.8
44217.4
44218.212
44298.5
44318.2
44818.3
45318.1
46399.4
46404.5
46405.4
46490.5
46626.8
46657.8
46699.4
46700.212
46800.2
46810.5
47300.3
47800.1
48694.4
48700.5
48701.4
48887.5
49025.8
49092.4
49093.212
49193.2
49200.5
49693.3
50193.1
51454.8
51466.8
51529.4
51530.212
51604.5
51630.2
52130.3
52630.1
53852.4
53998.5
54227.8
54281.4
54282.212
54382.2
54408.5
54882.3
55382.1
56079.4
56353.5
56530.8
56574.211
56574.4
56575.1
56655.5
56813.8
56873.4
56874.212
56974.2
56987.5
57294.4
57474.3
57498.5
57690.8
57708.8
57735.8
57791.4
57949.5
57974.1
58077.8
58128.4
58129.212
58208.5
58229.2
58616.4
58703.5
58729.3
58898.4
58902.5
58903.4
59017.5
59229.1
59943.4
60000.5
60207.4
60276.5
60389.8
60411.8
60457.4
60458.212
60539.5
60558.2
61058.3
61558.1
63004.8
63069.4
63070.212
63138.5
63170.2
63670.3
64170.1
65270.4
65314.5
65500.8
65507.8
65549.211
65549.4
65550.1
65836.5
66020.4
66090.5
66295.8
66331.8
66374.4
66375.212
66455.5
66475.2
66975.3
67475.1
68995.8
69006.8
69063.4
69064.212
69142.5
69164.2
69664.3
70164.1
72363.8
72421.4
72422.212
72522.2
72533.5
73022.3
73522.1
75006.8
75036.8
75113.4
75114.212
75188.5
75214.2
75714.3
76214.1
78510.8
78566.4
78567.212
78667.2
78881.5
79167.3
79667.1
79709.8
79779.4
79780.212
79880.2
79895.5
80380.3
80641.4
80769.5
80880.1
81720.8
81822.4
81823.212
81824.5
81825.4
81826.5
81827.4
81831.5
81839.4
81923.2
82035.5
82423.3
82923.1
83490.4
83495.5
83500.4
83554.5
90898.4
91001.5
93396.8
93467.4
93468.212
93568.2
93630.5
94068.3
94568.1
94942.4
95018.5
96677.4
96681.5
96684.4
96806.5
96871.4
96935.5
97086.4
97184.5
104479.4
104480.5
104482.4
104518.5
107944.4
108055.5
115715.8
115776.4
115777.212
115877.2
115922.5
116369.4
116377.3
116708.5
116877.1
117030.4
117249.5
118377.4
118509.5
120237.4
120477.5
120666.4
120806.5
120894.8
120975.4
120976.212
121076.2
121130.5
121576.3
122076.1
122592.4
123042.5
123144.8
123200.4
123201.212
123279.5
123301.2
123801.3
124301.1
124873.4
124894.5
124900.4
124918.5
125279.4
125386.5
125506.8
125568.4
125569.212
125669.2
125756.5
126169.3
126669.1
127115.8
127120.8
127192.4
127193.212
127293.2
127296.5
127302.4
127343.5
127793.3
128293.1
128844.8
131301.8
134564.4
134565.212
134665.2
134762.5
135165.3
135665.1
140154.4
140251.5
142777.4
142823.5
148497.4
148555.5
162919.8
163012.4
163013.212
163105.5
163113.2
163214.8
163613.3
164113.1
164696.4
164793.5
164931.8
165093.8
165696.8
165901.8
166039.4
166040.212
166140.2
166270.5
166415.8
166640.3
167140.1
169297.4
169426.5
172451.8
172460.8
172531.4
172532.212
172632.2
172699.5
173132.3
173632.1
174485.4
174612.5
176023.4
176136.5
177462.4
177598.5
177620.4
180000.9
123456789
11
06
15
11
06
15
10
FI
2
2
10
49
31
11
22
31
6
2
1950
0
0
0
314159265
27
737
380
180000
314159265
0.1
720.8
788.211
788.4
789.1
884.5
940.8
1002.211
1002.4
1003.1
1096.5
1151.8
1201.8
1220.8
1247.8
1296.211
1296.4
1297.1
1371.5
1507.8
1546.8
1594.211
1594.4
1595.1
1784.5
1896.8
1933.8
1979.8
2001.8
2048.211
2048.4
2049.1
2126.5
2393.8
2397.8
2434.8
2489.211
2489.4
2490.1
2603.5
2721.8
2812.8
2846.8
2894.8
2964.211
2964.4
2965.1
2991.5
3175.8
3207.8
3238.8
3282.8
3332.8
3411.211
3411.4
3412.1
3431.5
3577.4
3612.5
3685.8
3726.8
3760.8
3784.8
3838.8
3857.8
4428.8
4453.8
4459.8
4516.8
4552.8
4688.4
4689.212
4785.5
4789.2
5289.3
5789.1
6069.4
6343.5
6446.8
6522.211
6522.4
6523.1
6686.5
6807.8
6836.8
6839.8
6891.211
6891.4
6892.1
7038.5
7040.4
7108.5
7213.8
7270.8
7282.8
7307.8
7351.211
7351.4
7352.1
7465.5
7654.8
7698.8
7715.8
7733.8
7788.211
7788.4
7789.1
8007.5
8131.8
8173.8
8190.8
8249.8
8293.211
8293.4
8294.1
8544.5
8696.8
8741.8
8776.8
8819.211
8819.4
8820.1
8997.5
9112.8
9120.8
9125.8
9155.8
9184.8
9221.8
9239.8
9321.211
9321.4
9322.1
9420.5
9531.8
9563.8
9614.8
9654.8
9824.8
10102.4
10103.212
10182.5
10203.2
10703.3
11203.1
11412.4
11608.5
11695.8
11701.8
11722.8
11768.211
11768.4
11769.1
11882.5
12016.8
12053.8
12073.8
12078.8
12087.8
12112.8
12118.8
12174.211
12174.4
12175.1
12287.5
12386.4
12421.5
12498.8
12532.8
12549.8
12587.8
12793.211
12793.4
12794.1
12826.5
12935.8
12957.8
12973.8
13059.211
13059.4
13060.1
13202.5
13332.8
13337.8
13369.8
13397.8
13429.8
13449.8
13460.8
13633.4
13634.212
13719.5
13734.2
14234.3
14734.1
14947.4
15008.5
15107.8
15114.8
15172.8
15219.211
15219.4
15220.1
15285.5
15438.8
15444.8
15481.8
15537.211
15537.4
15538.1
15614.5
15690.4
15799.5
15872.8
15921.8
15944.8
15980.8
16036.211
16036.4
16037.1
16175.5
16421.8
16429.8
16430.8
16433.8
16510.8
16585.211
16585.4
16586.1
16646.5
16752.4
16823.5
16887.8
16960.8
16996.8
17028.8
17170.8
17268.4
17269.212
17368.5
17369.2
17869.3
18369.1
18657.4
18723.5
18874.8
18881.8
18909.8
18922.8
18954.8
19010.211
19010.4
19011.1
19089.5
19261.8
19309.8
19332.8
19384.211
19384.4
19385.1
19444.5
19506.4
19562.5
19666.8
19716.8
19752.8
19760.8
19789.8
19819.8
19891.211
19891.4
19892.1
19964.5
20019.4
20022.5
20024.4
20060.5
20164.8
20263.211
20263.4
20264.1
20313.5
20454.8
20462.8
20578.211
20578.4
20579.1
20665.5
20816.8
20883.8
20927.211
20927.4
20928.1
20961.5
20993.4
21024.5
21231.8
21276.8
21440.211
21440.4
21441.1
21532.5
21540.4
21621.5
21781.8
21800.8
21828.8
21934.211
21934.4
21935.1
22084.5
22245.8
22279.8
22290.8
22336.8
22364.8
22420.211
22420.4
22421.1
22477.5
22497.4
22589.5
23001.8
23056.211
23056.4
23057.1
23094.5
23172.8
23266.8
23277.8
23336.211
23336.4
23337.1
23501.5
23593.4
23617.5
23693.8
23733.8
23759.8
23776.8
23799.8
23852.211
23852.4
23853.1
23899.5
24001.4
24026.5
24028.4
24057.5
24160.8
24195.8
24260.8
24303.8
24367.211
24367.4
24368.1
24477.5
24521.4
24543.5
24652.4
24675.5
24758.8
24803.8
24832.8
24851.8
24963.8
25083.4
25084.212
25158.5
25184.2
25684.3
26184.1
26303.4
26453.5
26690.4
26878.5
27141.8
27146.8
27193.8
27234.8
27280.211
27280.4
27281.1
27451.5
27591.8
27634.8
27642.8
27681.8
27773.211
27773.4
27774.1
27884.5
28025.8
28073.8
28096.8
28128.8
28143.8
28237.211
28237.4
28238.1
28283.5
28352.4
28419.5
28518.8
28527.8
28558.8
28563.8
28597.8
28624.8
28641.8
28764.211
28764.4
28765.1
28874.5
29040.8
29073.8
29078.8
29110.8
29247.8
29300.8
29415.4
29416.212
29492.5
29516.2
30016.3
30100.4
30188.5
30516.1
30623.4
30818.5
30989.8
30992.8
31028.8
31031.8
31106.211
31106.4
31107.1
31149.5
31258.4
31324.5
31472.8
31514.8
31561.211
31561.4
31562.1
31623.5
31682.4
31790.5
31866.8
31946.8
32056.211
32056.4
32057.1
32057.5
32059.4
32107.5
32308.8
32313.8
32350.8
32554.8
32618.4
32619.212
32716.5
32719.2
33219.3
33719.1
33985.4
34086.5
34104.4
34255.5
34419.8
34432.8
34437.8
34510.211
34510.4
34511.1
34645.5
34717.4
34778.5
34872.8
34933.8
35011.211
35011.4
35012.1
35297.5
35409.8
35426.8
35455.8
35460.8
35489.8
35548.211
35548.4
35549.1
35652.5
35819.8
35863.8
35905.8
35964.211
35964.4
35965.1
36031.5
36362.4
36426.5
36491.8
36603.211
36603.4
36604.1
36780.5
36901.8
36935.8
36943.8
36977.8
37101.211
37101.4
37102.1
37175.5
37284.4
37353.5
37451.8
37531.8
37551.8
37610.211
37610.4
37611.1
37691.5
37694.4
37704.5
37775.4
37812.5
37931.8
37970.8
37979.8
38131.8
38232.4
38233.212
38308.5
38333.2
38833.3
39333.1
39556.4
39652.5
39816.4
40047.5
40331.8
40341.8
40344.8
40378.8
40451.211
40451.4
40452.1
40549.5
40761.8
40793.8
40845.211
40845.4
40846.1
41090.5
41225.8
41242.8
41267.8
41274.8
41327.8
41333.8
41385.211
41385.4
41386.1
41460.5
41539.4
41659.5
41730.8
41782.8
41787.8
41838.211
41838.4
41839.1
41942.5
42128.8
42172.8
42202.8
42224.8
42232.8
42415.8
42476.4
42477.212
42553.5
42577.2
43047.4
43077.3
43109.5
43313.4
43577.1
43609.5
43653.4
43925.5
44058.8
44065.8
44095.8
44169.211
44169.4
44170.1
44214.5
44370.4
44441.5
44526.8
44539.8
44544.8
44565.8
44585.8
44590.8
44667.8
44726.211
44726.4
44727.1
44776.5
44840.4
44855.5
45023.8
45079.8
45222.8
45294.211
45294.4
45295.1
45350.5
45424.4
45500.5
45587.8
45634.8
45662.8
45671.8
45816.8
45887.211
45887.4
45888.1
45928.5
46189.4
46204.5
46289.8
46306.8
46334.8
46413.211
46413.4
46414.1
46472.5
46534.4
46551.5
46678.8
46730.8
46850.211
46850.4
46851.1
47018.5
47140.8
47200.8
47222.8
47287.211
47287.4
47288.1
47326.5
47473.4
47520.5
47590.8
47641.8
47653.8
47675.8
47896.4
47897.212
47975.5
47997.2
48497.3
48997.1
49144.4
49151.5
49152.4
49380.5
49552.4
49649.5
49732.4
50008.5
50110.8
50125.8
50152.8
50162.8
50238.211
50238.4
50239.1
50515.5
50679.8
50724.8
50732.8
50787.211
50787.4
50788.1
50818.5
50866.4
51135.5
51210.8
51241.8
51247.8
51272.8
51284.8
51335.8
51387.211
51387.4
51388.1
51481.5
51484.4
51584.5
51646.4
51667.5
51769.8
51800.8
51838.8
51869.8
51944.211
51944.4
51945.1
51998.5
52023.4
52046.5
52200.8
52241.8
52388.8
52427.8
52496.211
52496.4
52497.1
52555.5
52669.4
52744.5
52818.8
52853.8
52862.8
52906.8
53054.211
53054.4
53055.1
53146.5
53337.4
53378.5
53445.8
53536.8
53554.8
53628.211
53628.4
53629.1
53668.5
53729.4
53750.5
53895.8
53917.8
53931.8
53947.8
53950.8
54074.8
54176.211
54176.4
54177.1
54227.5
54344.4
54383.5
54461.8
54505.8
54513.8
54545.8
54550.8
54749.211
54749.4
54750.1
54825.5
54935.4
55018.5
55187.8
55235.8
55237.8
55239.8
55354.8
55378.8
55383.8
55448.211
55448.4
55449.1
55509.5
55571.4
55657.5
55761.8
55788.8
55794.8
55799.8
55819.8
55947.211
55947.4
55948.1
55980.5
56015.4
56110.5
56249.8
56346.211
56346.4
56347.1
56406.5
56609.8
56618.8
56624.8
56642.8
56686.8
56695.8
56852.211
56852.4
56853.1
56919.5
57194.8
57266.211
57266.4
57267.1
57309.5
57469.8
57526.211
57526.4
57527.1
57619.5
57848.4
57885.5
57962.8
58006.8
58020.8
58072.211
58072.4
58073.1
58120.5
58547.8
58607.211
58607.4
58608.1
58654.5
58739.8
58746.8
58799.8
58865.211
58865.4
58866.1
58953.5
59056.8
59167.211
59167.4
59168.1
59205.5
59291.8
59378.211
59378.4
59379.1
59439.5
59453.4
59589.5
59664.8
59691.8
59709.8
59866.8
60036.4
60037.212
60137.2
60153.5
60637.3
61137.1
61426.4
61667.5
61812.4
61963.5
62086.4
62132.5
62244.8
62255.8
62265.8
62293.8
62301.8
62392.211
62392.4
62393.1
62454.5
62506.4
62563.5
62580.4
62640.5
62736.4
62864.5
62938.8
62986.8
62989.8
62996.8
63056.211
63056.4
63057.1
63108.5
63121.4
63160.5
63261.8
63330.8
63364.8
63429.211
63429.4
63430.1
63481.5
63610.8
63614.8
63700.211
63700.4
63701.1
63759.5
63831.8
64035.211
64035.4
64036.1
64221.5
64253.4
64289.5
64410.8
64412.8
64441.8
64531.211
64531.4
64532.1
64558.5
64826.4
64875.5
65014.8
65073.8
65199.8
65265.211
65265.4
65266.1
65318.5
65485.4
65518.5
65597.8
65666.8
65670.8
65801.211
65801.4
65802.1
65898.5
65950.4
65982.5
66114.8
66143.8
66182.8
66187.8
66261.8
66407.8
66445.8
66508.4
66509.212
66606.5
66609.2
66773.4
66814.5
67109.3
67609.1
68283.4
68381.5
68382.4
68464.5
68521.4
68641.5
68815.4
68853.5
70006.8
70018.8
70096.211
70096.4
70097.1
70176.5
70292.8
70338.8
70407.8
70465.211
70465.4
70466.1
70594.5
70666.4
70762.5
70931.8
70980.8
71041.211
71041.4
71042.1
71112.5
71139.4
71398.5
71476.8
71478.8
71485.8
71490.8
71508.8
71527.8
71563.8
71569.8
71620.211
71620.4
71621.1
71687.5
71713.4
71764.5
71889.8
71970.8
72042.211
72042.4
72043.1
72149.5
72263.4
72356.5
72450.8
72463.8
72490.8
72527.8
72537.8
72564.8
72569.8
72684.211
72684.4
72685.1
72747.5
72935.4
73075.5
73150.8
73190.8
73196.8
73251.211
73251.4
73252.1
73385.5
73461.4
73481.5
73595.8
73631.8
73638.8
73661.8
73666.8
73712.8
73898.8
73909.8
73972.4
73973.212
74073.2
74081.5
74573.3
75073.1
75434.4
75595.5
75718.4
75827.5
76016.8
76024.8
76039.8
76060.8
76065.8
76133.211
76133.4
76134.1
76194.5
76246.4
76337.5
76498.8
76502.8
76533.8
76543.8
76640.211
76640.4
76641.1
76708.5
76859.8
76870.8
76873.8
76902.8
76945.8
76997.211
76997.4
76998.1
77043.5
77090.4
77123.5
77222.4
77247.5
77368.8
77403.8
77406.8
77436.8
77471.8
77573.211
77573.4
77574.1
77620.5
77641.4
77660.5
77686.4
77779.5
77916.8
77918.8
77925.8
78004.8
78061.211
78061.4
78062.1
78181.5
78256.4
78330.5
78402.8
78453.8
78482.8
78514.8
78691.211
78691.4
78692.1
78757.5
78994.4
79026.5
79093.8
79152.8
79211.8
79349.8
79408.4
79409.212
79507.5
79509.2
79720.4
79751.5
80009.3
80509.1
81794.4
82008.5
82356.4
82430.5
82566.8
82586.8
82666.211
82666.4
82667.1
82803.5
82954.8
83001.8
83059.211
83059.4
83060.1
83130.5
83227.4
83306.5
83383.8
83397.8
83433.8
83481.8
83562.211
83562.4
83563.1
83604.5
83718.4
83773.5
83909.8
83946.8
83951.8
84001.8
84091.211
84091.4
84092.1
84162.5
84263.4
84292.5
84382.8
84433.8
84436.8
84442.8
84506.8
84517.8
84583.211
84583.4
84584.1
84619.5
84647.4
84673.5
84685.4
84690.5
84692.4
84958.5
85081.8
85107.8
85111.8
85118.8
85161.8
85163.8
85168.8
85237.211
85237.4
85238.1
85275.5
85328.4
85349.5
85432.8
85453.8
85501.8
85504.8
85553.211
85553.4
85554.1
85607.5
85623.4
85813.5
85976.8
86022.8
86030.8
86095.211
86095.4
86096.1
86175.5
86299.8
86307.8
86313.8
86342.8
86350.8
86379.8
86629.4
86630.212
86707.5
86730.2
87230.3
87730.1
88243.4
88376.5
88701.8
88750.8
88755.8
88804.211
88804.4
88805.1
88867.5
89251.8
89273.8
89302.8
89311.8
89314.8
89385.211
89385.4
89386.1
89483.5
89550.4
89666.5
89758.4
89775.5
89840.8
89897.8
89931.8
89991.211
89991.4
89992.1
90106.5
90241.8
90301.8
90304.8
90343.8
90346.8
90436.211
90436.4
90437.1
90469.5
90528.4
90683.5
90816.8
90823.8
90851.8
90880.8
90906.8
90910.8
90967.8
91020.211
91020.4
91021.1
91073.5
91169.4
91205.5
91276.8
91282.8
91325.8
91340.8
91390.8
91466.211
91466.4
91467.1
91502.5
91745.4
91777.5
91838.8
91885.8
91890.8
91954.8
91970.8
91974.8
92014.8
92173.4
92174.212
92250.5
92274.2
92774.3
93274.1
93941.4
93945.5
93947.4
94105.5
94391.8
94438.8
94507.211
94507.4
94508.1
94573.5
94735.4
94790.5
94924.8
94928.8
94933.8
94970.8
95005.8
95071.211
95071.4
95072.1
95104.5
95258.8
95324.8
95375.211
95375.4
95376.1
95413.5
95696.8
95779.211
95779.4
95780.1
95839.5
95949.8
95972.8
95999.8
96095.8
96102.8
96178.211
96178.4
96179.1
96210.5
96397.8
96577.211
96577.4
96578.1
96705.5
96929.4
96977.5
97067.4
97148.5
97251.8
97348.8
97555.4
97556.212
97650.5
97656.2
98156.3
98656.1
99250.4
99522.5
99957.4
100071.5
100195.8
100236.8
100247.8
100251.8
100253.8
100297.211
100297.4
100298.1
100335.5
100345.4
100400.5
100561.8
100631.8
100633.8
100697.8
100755.211
100755.4
100756.1
100864.5
100995.8
101041.8
101110.211
101110.4
101111.1
101150.5
101351.8
101355.8
101431.211
101431.4
101432.1
101517.5
101662.8
101714.8
101780.8
102015.4
102016.212
102097.5
102116.2
102616.3
103116.1
103922.4
103928.5
103930.4
103983.5
104270.8
104286.8
104347.8
104351.8
104404.8
104458.211
104458.4
104459.1
104567.5
104717.4
104844.5
104987.8
104997.8
105026.8
105031.8
105048.8
105071.8
105139.211
105139.4
105140.1
105177.5
105237.4
105319.5
105480.8
105576.8
105630.211
105630.4
105631.1
105658.5
105894.8
105936.8
106037.211
106037.4
106038.1
106083.5
106247.8
106279.8
106408.8
106469.211
106469.4
106470.1
106541.5
106550.4
106616.5
106867.8
106872.8
106896.8
106954.211
106954.4
106955.1
107012.5
107095.4
107111.5
107256.8
107264.8
107315.8
107320.8
107455.8
107477.8
107540.211
107540.4
107541.1
107639.5
107644.4
107726.5
107800.4
107809.5
107822.4
107896.5
107962.8
108000.8
108013.8
108032.8
108036.8
108104.211
108104.4
108105.1
108143.5
108217.4
108311.5
108501.8
108536.8
108550.8
108593.8
108603.8
108640.8
108694.211
108694.4
108695.1
108726.5
108917.8
108968.8
108973.8
109112.8
109152.8
109204.211
109204.4
109205.1
109315.5
109456.8
109737.211
109737.4
109738.1
109862.5
109983.4
110050.5
110052.4
110083.5
110150.8
110157.8
110159.8
110198.8
110207.8
110212.8
110320.211
110320.4
110321.1
110432.5
110529.4
110579.5
110686.8
110752.8
110831.211
110831.4
110832.1
110868.5
111018.8
111069.8
111162.211
111162.4
111163.1
111163.5
111170.4
111183.5
111487.4
111627.5
111910.4
111960.5
112053.8
112058.8
112062.8
112102.8
112162.8
112170.8
112338.8
112476.4
112477.212
112570.5
112577.2
113077.3
113577.1
113987.4
114182.5
114253.4
114578.5
114752.8
114758.8
114835.211
114835.4
114836.1
114902.5
115068.8
115132.211
115132.4
115133.1
115238.5
117024.4
117090.5
117209.8
117251.8
117316.211
117316.4
117317.1
117358.5
117400.4
117476.5
117546.8
117611.8
117621.8
117883.4
117884.212
117984.2
117994.5
118484.3
118984.1
119583.4
119751.5
119998.4
120049.5
120423.8
120501.211
120501.4
120502.1
120695.5
120862.8
120867.8
120885.8
120911.8
120917.8
120926.8
120967.211
120967.4
120968.1
121107.5
121606.8
121619.8
121664.8
121712.211
121712.4
121713.1
121756.5
121783.4
121823.5
121899.8
121911.8
121990.8
122282.4
122283.212
122383.2
122410.5
122731.4
122817.5
122883.3
122957.4
123138.5
123244.4
123383.1
123823.5
123898.4
123957.5
124130.8
124188.8
124258.211
124258.4
124259.1
124293.5
124421.4
124458.5
124577.8
124587.8
124619.8
124627.8
124630.8
124639.8
124648.8
124812.211
124812.4
124813.1
124904.5
125013.8
125018.8
125020.8
125053.8
125121.8
125179.8
125185.8
125186.8
125190.8
125361.4
125362.212
125435.5
125462.2
125962.3
126462.1
127271.4
127426.5
127446.4
127650.5
127847.4
127921.5
128265.4
128362.5
128694.4
128735.5
128798.4
128847.5
129084.4
129349.5
129435.4
129528.5
129621.8
129669.8
129673.8
129681.8
129734.211
129734.4
129735.1
129879.5
129967.4
129989.5
130152.8
130156.8
130161.8
130168.8
130211.8
130279.8
130425.211
130425.4
130426.1
130490.5
130671.8
130677.8
130685.8
130718.8
130723.8
130748.8
130855.211
130855.4
130856.1
130896.5
131061.8
131069.8
131113.8
131115.8
131124.8
131213.8
131218.8
131278.211
131278.4
131279.1
131364.5
131569.8
131603.8
131662.8
131674.8
131691.8
131749.211
131749.4
131750.1
131837.5
131991.8
132041.8
132163.211
132163.4
132164.1
132214.5
132359.4
132376.5
132475.8
132516.8
132522.8
132553.8
132813.8
132948.8
133269.4
133270.212
133362.5
133370.2
133704.4
133818.5
133870.3
134370.1
135559.4
135769.5
136096.8
136110.8
136112.8
136174.8
136227.211
136227.4
136228.1
136233.5
136237.4
136314.5
136412.4
136427.5
136637.8
136800.211
136800.4
136801.1
136854.5
136969.8
136980.8
137009.8
137062.8
137126.211
137126.4
137127.1
137200.5
137208.4
137428.5
137541.8
137554.8
137590.8
137649.211
137649.4
137650.1
137727.5
137879.8
137929.8
137935.8
137983.8
138046.211
138046.4
138047.1
138063.5
138532.4
138572.5
138637.8
138640.8
138730.8
138737.8
138882.8
138947.4
138948.212
139022.5
139048.2
139548.3
140048.1
141994.4
142045.5
142262.8
142317.211
142317.4
142318.1
142397.5
142605.8
142711.211
142711.4
142712.1
142743.5
143290.8
143303.8
143336.8
143377.211
143377.4
143378.1
143412.5
143561.4
143613.5
143685.8
143736.8
143748.8
143807.211
143807.4
143808.1
143835.5
144184.8
144248.211
144248.4
144249.1
144276.5
146354.4
146389.5
148162.4
148263.5
148942.4
149070.5
149143.8
149211.8
149233.8
149288.211
149288.4
149289.1
149342.5
149488.8
149551.8
149828.4
149829.212
149929.2
150005.5
150429.3
150929.1
150995.4
151101.5
152043.4
152265.5
152277.4
152334.5
156907.4
156958.5
158380.8
158408.8
158473.211
158473.4
158474.1
158524.5
159093.8
159208.211
159208.4
159209.1
159225.5
159788.8
162957.4
162958.212
163058.2
163424.5
163426.4
163478.5
163532.4
163558.3
164058.1
164694.5
164871.8
164935.211
164935.4
164936.1
164981.5
164987.4
165012.5
169910.4
170056.5
170708.4
170741.5
170822.8
170961.8
171093.211
171093.4
171094.1
171398.5
171458.8
171501.8
171507.8
171564.8
171569.8
171964.4
171965.212
172065.2
172231.5
172565.3
172793.8
173065.1
173828.4
173900.5
177031.4
177150.5
178898.8
178920.8
178934.8
178940.8
179064.211
179064.4
179065.1
179164.5
179169.4
179316.5
179401.4
179460.5
179530.8
179744.211
179744.4
179745.1
180000.9
123456789
11
07
15
11
07
15
10
FI
2
2
10
47
31
11
20
31
6
2
1021
0
0
0
314159265
34
392
189
180000
314159265
0.1
656.4
700.5
1005.4
1029.5
1106.8
1128.8
1159.8
1162.8
1294.211
1294.4
1295.1
1333.5
1488.8
1655.8
1694.8
1857.4
1858.212
1952.5
1958.2
2458.3
2958.1
3029.4
3143.5
3226.8
3230.8
3244.8
3255.8
3279.8
3289.8
3405.211
3405.4
3406.1
3442.5
3562.8
3566.8
3592.8
3609.8
3632.8
3640.8
3758.211
3758.4
3759.1
3799.5
4297.4
4335.5
4454.4
4572.5
4663.8
4701.8
4748.8
4768.8
4899.211
4899.4
4900.1
4943.5
5055.4
5088.5
5203.8
5251.8
5434.8
5480.8
5520.8
5572.8
5791.4
5792.212
5883.5
5892.2
6392.3
6892.1
6903.4
6988.5
7409.4
7778.5
7950.8
7964.8
7997.8
8064.211
8064.4
8065.1
8112.5
8202.4
8360.5
8439.8
8472.8
8512.8
8519.8
8521.8
8554.8
8593.8
8726.211
8726.4
8727.1
8842.5
8901.4
8909.5
8927.4
8983.5
9138.8
9155.8
9194.8
9233.8
9270.8
9307.8
9382.8
9561.4
9562.212
9662.2
9703.5
10162.3
10662.1
10745.4
11127.5
11159.4
11357.5
11511.8
11515.8
11604.8
11609.8
11614.8
11728.211
11728.4
11729.1
11794.5
11932.4
12037.5
12116.8
12128.8
12148.8
12188.8
12193.8
12264.8
12397.211
12397.4
12398.1
12446.5
12666.8
12707.8
12745.8
12752.8
12961.211
12961.4
12962.1
13011.5
13108.4
13113.5
13341.8
13348.8
13387.8
13438.8
13482.8
13511.8
13627.211
13627.4
13628.1
13731.5
13945.8
13984.8
13988.8
14151.8
14250.4
14251.212
14340.5
14351.2
14851.3
15351.1
15644.4
15815.5
16049.8
16093.8
16099.8
16244.211
16244.4
16245.1
16360.5
16556.8
16561.8
16608.8
16632.8
16636.8
16643.8
16805.211
16805.4
16806.1
16862.5
16968.4
17260.5
17377.8
17411.8
17442.8
17459.8
17501.8
17612.8
17651.8
17669.8
17802.4
17803.212
17890.5
17903.2
18111.4
18175.5
18403.3
18428.4
18554.5
18646.4
18903.1
19113.5
19152.4
19262.5
19440.8
19449.8
19492.8
19524.8
19646.8
19887.4
19888.212
19978.5
19988.2
20488.3
20988.1
21204.4
21272.5
21471.4
21771.5
21920.4
22288.5
22462.8
22553.211
22553.4
22554.1
22639.5
22803.8
22851.8
22898.8
23097.211
23097.4
23098.1
23224.5
23357.8
23362.8
23397.8
23448.8
23460.8
23597.211
23597.4
23598.1
23627.5
23884.8
23935.8
24075.211
24075.4
24076.1
24113.5
24231.4
24279.5
24400.8
24405.8
24487.8
24492.8
24634.211
24634.4
24635.1
24665.5
24734.4
24768.5
24980.8
25035.8
25080.8
25186.211
25186.4
25187.1
25251.5
25362.8
25410.8
25455.8
25456.8
25461.8
25666.8
25829.8
25896.4
25897.212
25995.5
25997.2
26497.3
26997.1
27334.4
27637.5
27814.8
27826.8
27858.8
27867.8
27995.211
27995.4
27996.1
28112.5
28144.4
28292.5
28399.8
28436.8
28444.8
28470.8
28497.8
28537.8
28652.8
28704.8
28709.8
28741.8
28745.8
28815.4
28816.212
28897.5
28916.2
29416.3
29669.4
29916.1
30002.5
30186.8
30204.8
30212.8
30228.8
30245.8
30280.8
30306.8
30374.211
30374.4
30375.1
30738.5
30851.8
30911.8
30916.8
30952.8
31026.211
31026.4
31027.1
31063.5
31281.8
31318.8
31331.8
31368.8
31373.8
31423.8
31575.8
31653.4
31654.212
31731.5
31754.2
32037.4
32073.5
32254.3
32754.1
33584.4
33820.5
34060.8
34112.8
34147.8
34152.8
34279.8
34353.211
34353.4
34354.1
34461.5
34592.8
34670.8
34711.8
34829.211
34829.4
34830.1
35178.5
35260.8
35271.8
35276.8
35300.8
35354.8
35383.8
35398.8
35404.8
35439.8
35477.8
35594.4
35595.212
35674.5
35695.2
36195.3
36695.1
37209.4
37214.5
37215.4
37470.5
37760.8
37771.8
37820.8
37831.8
37973.211
37973.4
37974.1
38274.5
38363.8
38471.8
38482.8
38513.8
38595.211
38595.4
38596.1
38714.5
38918.8
38923.8
38978.8
39016.8
39046.8
39164.211
39164.4
39165.1
39254.5
39443.8
39476.8
39513.8
39719.211
39719.4
39720.1
39909.5
40040.4
40089.5
40161.8
40200.8
40228.8
40280.8
40329.8
40492.4
40493.212
40575.5
40593.2
41093.3
41593.1
42258.4
42587.5
44492.8
44605.211
44605.4
44606.1
44739.5
44909.8
44911.8
44959.8
45132.8
45212.4
45213.212
45303.5
45313.2
45813.3
46313.1
46494.4
46730.5
47232.4
47457.5
47585.8
47601.8
47625.8
47686.8
47730.8
47739.8
47777.8
47780.8
47907.8
48042.4
48043.212
48132.5
48143.2
48643.3
49143.1
49965.4
50434.5
50692.8
50710.8
50736.8
50741.8
50781.8
50850.211
50850.4
50851.1
50894.5
50992.4
50996.5
51005.4
51175.5
51289.8
51419.8
51462.8
51649.4
51650.212
51750.2
51754.5
52250.3
52750.1
54841.8
54886.8
54933.8
54990.211
54990.4
54991.1
55260.5
55347.8
55359.8
55400.8
55441.8
55446.8
55484.8
55510.8
55522.8
55549.8
55679.4
55680.212
55757.5
55780.2
56280.3
56780.1
58548.4
58615.5
58923.8
59124.211
59124.4
59125.1
59169.5
59342.4
59407.5
59525.8
59572.8
59606.8
59657.8
59675.8
59677.8
59681.8
59908.4
59909.212
60004.5
60009.2
60164.4
60223.5
60509.3
60510.4
60579.5
60877.4
60979.5
61009.1
61050.4
61145.5
61650.4
62568.5
62858.8
62867.8
62908.8
62913.8
62969.211
62969.4
62970.1
63258.5
63396.8
63437.8
63491.8
63569.211
63569.4
63570.1
63756.5
63878.8
63890.8
63927.8
64094.211
64094.4
64095.1
64224.5
64259.4
64535.5
64625.8
64642.8
64684.8
64719.8
64829.211
64829.4
64830.1
64899.5
65017.4
65024.5
65131.8
65135.8
65214.8
65252.8
65300.8
65345.8
65462.4
65463.212
65549.5
65563.2
66063.3
66563.1
67047.4
67410.5
67675.8
67713.8
67717.8
67765.8
67869.211
67869.4
67870.1
68135.5
68220.8
68260.8
68325.8
68373.8
68408.8
68605.8
68669.4
68670.212
68743.5
68770.2
69270.3
69770.1
70745.4
71064.5
71319.8
71326.8
71392.8
71436.8
71622.4
71623.212
71692.5
71723.2
72223.3
72723.1
73765.4
73923.5
74392.4
74483.5
74692.8
74704.8
74765.8
74833.211
74833.4
74834.1
74980.5
75139.8
75190.8
75324.211
75324.4
75325.1
75411.5
75526.4
75729.5
75825.8
75862.8
75870.8
75900.8
76069.211
76069.4
76070.1
76115.5
76118.4
76179.5
76238.4
76351.5
76352.4
76356.5
76480.8
76484.8
76526.8
76548.8
76560.8
76587.8
76591.8
76701.211
76701.4
76702.1
76764.5
76935.8
77020.8
77023.8
77096.8
77098.8
77102.8
77111.8
77282.4
77283.212
77383.2
77400.5
77585.4
77623.5
77883.3
78383.1
78617.4
78695.5
79109.4
79286.5
79849.8
79929.8
80149.211
80149.4
80150.1
80377.5
80511.8
80553.8
80558.8
80627.8
80767.211
80767.4
80768.1
81005.5
81096.8
81135.8
81234.8
81384.211
81384.4
81385.1
81479.5
81561.4
81621.5
81710.8
81747.8
81813.8
81832.8
81991.8
82031.8
82114.4
82115.212
82191.5
82215.2
82715.3
83215.1
84234.4
84395.5
86079.4
86271.5
86292.4
86407.5
86478.8
86490.8
86496.8
86534.8
86540.8
86544.8
86574.8
86614.8
86974.4
86975.212
87056.5
87075.2
87575.3
88075.1
91014.8
91047.8
91056.8
91277.211
91277.4
91278.1
91598.5
91599.4
91606.5
91607.4
91611.5
91733.8
91742.8
91788.8
91829.8
91965.211
91965.4
91966.1
92176.5
92256.8
92260.8
92320.8
92630.8
92633.8
92640.8
92712.4
92713.212
92813.2
92817.5
93313.3
93771.4
93776.5
93779.4
93813.1
93921.5
94088.4
94416.5
94796.8
94874.8
95055.8
95163.4
95164.212
95237.5
95264.2
95764.3
96264.1
98326.4
98647.5
98792.8
98808.8
98839.8
98876.8
98943.8
99068.211
99068.4
99069.1
99144.5
99291.8
99325.8
99378.8
99416.8
99520.211
99520.4
99521.1
99558.5
99804.8
99844.8
99898.8
100107.4
100108.212
100208.2
100285.5
100478.4
100611.5
100708.3
101208.1
101245.8
101313.211
101313.4
101314.1
101348.5
101894.8
101971.211
101971.4
101972.1
102021.5
102090.8
102160.8
102203.8
102377.211
102377.4
102378.1
102411.5
102552.8
102707.8
102710.8
102810.211
102810.4
102811.1
102893.5
103002.8
103179.8
103185.8
103217.8
103414.4
103415.212
103512.5
103515.2
104015.3
104515.1
104779.4
104780.5
104788.4
104810.5
107901.4
107991.5
108234.8
108243.8
108295.8
108444.211
108444.4
108445.1
108494.5
108606.4
108608.5
108724.8
108726.8
108729.8
108766.8
108870.8
108951.8
109095.4
109096.212
109183.5
109196.2
109696.3
110196.1
111296.4
111299.5
111300.4
111473.5
112243.8
112343.8
112347.8
112564.4
112565.212
112665.2
112684.5
113165.3
113665.1
116029.4
116075.5
116752.4
116884.5
117001.8
117063.8
117335.8
117521.4
117522.212
117622.2
117631.5
118122.3
118622.1
119364.4
119514.5
119808.8
119851.8
120073.211
120073.4
120074.1
120180.5
120468.4
120473.5
120630.8
120633.8
120743.211
120743.4
120744.1
120774.5
120940.8
120951.8
120980.8
120983.8
121148.8
121227.211
121227.4
121228.1
121303.5
121497.8
121842.4
121843.212
121943.2
122060.5
122425.4
122443.3
122478.5
122943.1
123119.4
123163.5
123724.4
123779.5
129040.4
129052.5
129058.4
129166.5
137357.4
137363.5
137364.4
137534.5
145538.8
146982.8
147112.8
148529.4
148530.212
148630.2
148708.5
149130.3
149630.1
150242.4
150357.5
154362.4
154381.5
161060.8
161203.8
161290.8
161361.4
161362.212
161462.2
161493.5
161962.3
162462.1
162682.4
162827.5
165673.4
165679.5
165681.4
165745.5
167798.4
167964.5
168541.8
168614.211
168614.4
168615.1
168650.5
168655.4
168683.5
168813.8
168922.8
169168.4
169169.212
169269.2
169298.5
169342.4
169395.5
169769.3
170269.1
171022.4
171027.5
171031.4
171041.5
171047.4
171066.5
172525.8
172568.8
176241.8
176431.8
176514.8
176666.8
176944.4
176945.212
177045.2
177143.5
177545.3
180000.9
123456789
11
08
15
11
08
15
10
FI
2
2
10
50
25
11
23
25
6
2
817
0
0
0
314159265
31
295
154
180000
314159265
0.1
686.8
787.8
793.8
907.8
912.8
973.211
973.4
974.1
1014.5
1111.8
1276.8
1282.8
1315.8
1440.4
1441.212
1525.5
1541.2
2041.3
2541.1
2583.4
2677.5
2928.4
3194.5
3313.8
3334.8
3367.8
3490.211
3490.4
3491.1
3662.5
3776.8
3784.8
3822.8
3985.8
4066.8
4168.4
4169.212
4267.5
4269.2
4769.3
5269.1
5417.4
5486.5
5807.4
6049.5
6215.8
6222.8
6239.8
6249.8
6253.8
6275.8
6294.8
6410.211
6410.4
6411.1
6580.5
6740.8
6746.8
6754.8
6813.8
6823.8
6844.8
6851.8
6878.8
6980.211
6980.4
6981.1
7128.5
7367.8
7400.8
7439.8
7476.8
7637.211
7637.4
7638.1
7734.5
8332.8
8388.8
8458.211
8458.4
8459.1
8511.5
8756.8
8760.8
8804.8
8998.8
9002.8
9087.4
9088.212
9172.5
9188.2
9688.3
10188.1
10353.4
10355.5
10356.4
10359.5
10372.4
10459.5
10465.4
10571.5
10776.8
10908.211
10908.4
10909.1
10942.5
11033.4
11059.5
11382.4
11416.5
11443.4
11614.5
11615.4
11673.5
11811.8
11833.8
11875.8
12046.8
12115.4
12116.212
12191.5
12216.2
12716.3
13216.1
13419.4
13559.5
14025.4
14266.5
14386.8
14388.8
14434.8
14475.8
14478.8
14515.8
14597.8
14613.8
14617.8
14689.4
14690.212
14763.5
14790.2
15290.3
15790.1
16226.4
16305.5
16951.4
16990.5
18206.8
18208.8
18220.8
18250.8
18265.8
18303.8
18408.211
18408.4
18409.1
18492.5
18661.8
18697.8
18847.211
18847.4
18848.1
19076.5
19207.8
19233.8
19240.8
19309.8
19445.211
19445.4
19446.1
19509.5
19601.4
19783.5
19886.8
19932.8
19934.8
19937.8
19969.8
19999.8
20209.4
20210.212
20281.5
20310.2
20810.3
21310.1
21632.4
21718.5
23446.4
23461.5
24625.4
24964.5
25068.8
25103.8
25320.8
25324.8
25328.8
25396.4
25397.212
25474.5
25497.2
25997.3
26497.1
26914.4
27128.5
29024.8
29076.8
29121.8
29138.8
29181.8
29300.211
29300.4
29301.1
29380.5
29505.8
29528.8
29581.8
29588.8
29639.8
29676.8
29791.211
29791.4
29792.1
30073.5
30170.4
30180.5
30255.8
30266.8
30278.8
30312.8
30320.8
30342.8
30381.8
30389.8
30465.8
30580.4
30581.212
30681.2
30699.5
31181.3
31681.1
34392.8
34424.8
34435.8
34624.211
34624.4
34625.1
34839.5
35078.8
35143.8
35228.8
35366.8
35553.4
35554.212
35654.2
35656.5
36154.3
36406.4
36487.5
36654.1
37374.4
37644.5
37732.8
37775.8
37791.8
37824.8
37925.8
37971.8
38037.4
38038.212
38116.5
38138.2
38638.3
39138.1
40462.4
40464.5
40467.4
40569.5
41032.8
41239.8
41301.8
41375.4
41376.212
41476.2
41494.5
41925.4
41931.5
41936.4
41976.3
42064.5
42476.1
42497.4
42646.5
42751.8
42800.8
42839.8
42873.8
43047.211
43047.4
43048.1
43084.5
43257.4
43319.5
43431.8
43435.8
43476.8
43509.8
43520.8
43711.211
43711.4
43712.1
43808.5
43895.4
44038.5
44149.8
44196.8
44264.8
44301.8
44310.8
44340.8
44427.211
44427.4
44428.1
44470.5
44570.4
44575.5
44576.4
44667.5
44818.8
44864.8
44868.8
44920.8
44924.8
45089.211
45089.4
45090.1
45120.5
45234.4
45437.5
45585.8
45640.8
45671.8
45679.8
45709.8
45713.8
45773.8
45967.4
45968.212
46068.2
46089.5
46568.3
47068.1
49312.4
49380.5
49563.8
49603.8
49847.8
49915.4
49916.212
49993.5
50016.2
50516.3
51016.1
54032.4
54192.5
54202.4
54319.5
54463.8
54500.8
54555.211
54555.4
54556.1
54599.5
54634.4
54748.5
54934.8
54983.8
55024.8
55344.4
55345.212
55445.2
55540.5
55945.3
56445.1
59148.8
59276.211
59276.4
59277.1
59309.5
59366.4
59454.5
59539.8
59589.8
59593.8
59630.8
59634.8
59708.8
59776.8
59851.4
59852.212
59940.5
59952.2
60390.4
60452.3
60827.5
60940.4
60952.1
61123.5
61217.8
61261.8
61332.8
61444.211
61444.4
61445.1
61654.5
61864.8
62085.8
62088.8
62092.8
62117.8
62236.4
62237.212
62307.5
62337.2
62837.3
63337.1
66565.4
66645.5
66780.8
66832.8
66839.8
66895.211
66895.4
66896.1
66929.5
66985.4
67201.5
67336.8
67355.8
67359.8
67371.8
67457.8
67611.211
67611.4
67612.1
67915.5
68055.8
68070.8
68077.8
68157.8
68196.8
68339.211
68339.4
68340.1
68381.5
68477.4
68559.5
68794.8
68865.8
69037.211
69037.4
69038.1
69069.5
69141.4
69147.5
69149.4
69163.5
69296.8
69336.8
69339.8
69343.8
69369.8
69402.8
69440.8
69661.4
69662.212
69759.5
69762.2
70262.3
70762.1
71418.8
71468.8
71635.211
71635.4
71636.1
71657.5
71736.4
71801.5
71942.8
71958.8
72019.8
72060.8
72180.8
72382.4
72383.212
72483.2
72485.5
72983.3
73483.1
75935.4
75965.5
76450.8
76485.8
76495.8
76580.211
76580.4
76581.1
76799.5
76978.8
77029.8
77077.8
77306.8
77378.4
77379.212
77461.5
77479.2
77979.3
78479.1
81472.8
81479.8
81517.8
81584.211
81584.4
81585.1
81842.5
82013.8
82056.8
82187.8
82321.4
82322.212
82422.2
82423.5
82521.4
82564.5
82922.3
83422.1
84069.4
84296.5
85627.8
85693.8
85835.8
85899.211
85899.4
85900.1
86098.5
86170.8
86178.8
86212.8
86272.8
86304.8
86348.8
86503.4
86504.212
86574.5
86604.2
87104.3
87604.1
88735.4
88889.5
89097.8
89203.8
89332.8
89339.8
89403.4
89404.212
89478.5
89504.2
90004.3
90504.1
92488.4
92491.5
92493.4
92562.5
92664.8
92710.8
92763.8
92932.8
92937.8
92953.8
93013.4
93014.212
93103.5
93114.2
93614.3
94114.1
96304.4
96389.5
96612.8
96681.8
96742.8
96807.8
96860.211
96860.4
96861.1
96957.5
97114.8
97157.8
97201.8
97611.4
97612.212
97711.5
97712.2
98212.3
98712.1
100809.4
100852.5
101128.8
101233.8
101315.211
101315.4
101316.1
101532.5
101651.8
101740.8
101743.8
101774.8
101855.8
101856.8
101952.4
101953.212
102031.5
102053.2
102553.3
103053.1
105121.8
105280.211
105280.4
105281.1
105323.5
105422.4
105494.5
105638.8
105801.211
105801.4
105802.1
105837.5
105957.4
106010.5
106161.8
106343.211
106343.4
106344.1
106380.5
106450.4
106487.5
106750.4
106779.5
106939.8
106958.8
106966.8
107095.211
107095.4
107096.1
107133.5
107306.8
107350.8
107544.8
107595.8
107605.8
107611.8
107660.4
107661.212
107739.5
107761.2
108261.3
108761.1
109330.4
109337.5
109343.4
109487.5
109604.4
109762.5
111477.4
111721.5
111831.4
111898.5
111989.8
112020.8
112025.8
112253.211
112253.4
112254.1
112382.5
112453.4
112464.5
112570.8
112584.8
112610.8
112647.8
112681.8
112800.211
112800.4
112801.1
112833.5
112923.4
112960.5
113108.8
113139.8
113177.8
113519.4
113520.212
113620.2
113654.5
114120.3
114620.1
117254.4
117292.5
119778.4
119951.5
120090.8
120096.8
120395.4
120396.212
120492.5
120496.2
120996.3
121041.4
121175.5
121496.1
122484.4
122602.5
123051.4
123096.5
128695.4
128781.5
129772.4
129950.5
133706.4
133797.5
136609.4
136621.5
136805.8
136925.211
136925.4
136926.1
137002.5
137098.8
137118.8
137332.211
137332.4
137333.1
137423.5
137497.4
137513.5
137570.8
137584.8
137588.8
137656.8
137875.4
137876.212
137976.2
137985.5
138476.3
138976.1
139291.4
139295.5
139302.4
139440.5
139570.8
139585.8
139607.8
139622.8
139793.211
139793.4
139794.1
139821.5
144994.8
145012.8
145022.8
145187.8
145249.211
145249.4
145250.1
145286.5
145664.8
145669.8
145676.8
145729.8
145861.8
145938.211
145938.4
145939.1
146015.5
146084.8
146131.8
146412.4
146413.212
146513.2
146513.5
147013.3
147513.1
147777.4
147795.5
161883.8
161911.8
162113.211
162113.4
162114.1
162196.5
162333.8
162430.8
166295.4
166296.212
166396.2
166447.5
166896.3
167396.1
174191.4
174261.5
174417.6
176787.8
177021.211
177021.4
177022.1
180000.9
123456789
11
09
15
11
09
15
10
FI
2
2
10
47
01
11
20
01
6
2
1414
0
0
0
314159265
46
585
241
180000
314159265
0.1
767.8
774.8
817.8
936.211
936.4
937.1
969.5
1201.8
1216.8
1394.211
1394.4
1395.1
1425.5
1527.4
1540.5
1608.8
1631.8
1640.8
1656.8
1726.8
1755.8
1888.8
1943.4
1944.212
2044.2
2078.5
2544.3
2643.4
2784.5
2876.8
3044.1
3199.4
3338.5
3497.8
3504.8
3514.8
3554.8
3585.8
3726.8
3753.8
3823.8
3888.4
3889.212
3972.5
3989.2
4489.3
4989.1
5331.4
5450.5
5681.8
5876.8
5983.4
5984.212
6061.5
6084.2
6584.3
7084.1
7179.4
7585.5
7737.8
7769.8
7808.8
7810.8
7957.211
7957.4
7958.1
8060.5
8265.8
8295.8
8301.8
8436.211
8436.4
8437.1
8476.5
8648.4
8683.5
9132.8
9147.8
9208.8
9249.8
9252.8
9474.4
9475.212
9544.5
9575.2
10075.3
10575.1
10762.4
10938.5
11128.8
11190.8
11228.8
11355.211
11355.4
11356.1
11378.5
12069.8
12088.8
12096.8
12155.211
12155.4
12156.1
12187.5
12370.4
12439.5
12528.8
12543.8
12669.211
12669.4
12670.1
12834.5
12901.4
13066.5
13129.8
13168.8
13222.8
13246.8
13360.211
13360.4
13361.1
13562.5
13669.4
13760.5
13834.8
13866.8
13915.8
13952.8
14099.8
14105.8
14207.4
14208.212
14297.5
14308.2
14808.3
15308.1
15642.4
15889.5
16112.8
16147.8
16153.8
16200.8
16532.4
16533.212
16606.5
16633.2
17133.3
17633.1
17772.4
18174.5
18351.8
18383.8
18397.8
18436.8
18556.211
18556.4
18557.1
18798.5
18866.8
18875.8
18909.8
18964.8
19069.211
19069.4
19070.1
19367.5
19421.4
19477.5
19549.8
19587.8
19621.8
19625.8
19657.8
19660.8
19806.211
19806.4
19807.1
19959.5
20029.4
20072.5
20161.8
20184.8
20190.8
20194.8
20227.8
20232.8
20255.8
20304.8
20445.211
20445.4
20446.1
20692.5
20839.8
20869.8
20880.8
20922.8
20952.8
21043.211
21043.4
21044.1
21253.5
21372.4
21393.5
21499.8
21504.8
21514.8
21572.8
21580.8
21632.8
21774.211
21774.4
21775.1
21822.5
21967.4
21993.5
22400.8
22560.8
22633.211
22633.4
22634.1
22745.5
22864.8
22924.8
22931.8
22966.8
22993.8
23180.8
23210.8
23222.8
23280.4
23281.212
23373.5
23381.2
23881.3
24381.1
24814.4
24912.5
25281.4
25535.5
25740.8
25781.8
25933.8
25945.8
26022.211
26022.4
26023.1
26186.5
26268.8
26273.8
26311.8
26315.8
26339.8
26374.8
26448.8
26622.4
26623.212
26705.5
26723.2
27223.3
27723.1
27764.4
27879.5
28316.4
28638.5
28933.8
28942.8
29128.8
29164.8
29170.8
29224.211
29224.4
29225.1
29606.5
29683.8
29697.8
29718.8
29724.8
29731.8
29856.211
29856.4
29857.1
29877.5
29906.4
29945.5
29952.4
30049.5
30158.8
30189.8
30349.211
30349.4
30350.1
30615.5
30744.8
30748.8
30772.8
30800.8
30869.8
30874.8
30897.8
30899.8
31002.211
31002.4
31003.1
31227.5
31393.8
31404.8
31435.8
31441.8
31447.8
31475.8
31489.8
31669.211
31669.4
31670.1
31823.5
32099.8
32111.8
32116.8
32142.8
32164.8
32169.8
32189.8
32206.8
32232.8
32345.211
32345.4
32346.1
32377.5
32612.8
32798.211
32798.4
32799.1
32854.5
32957.4
33005.5
33108.8
33119.8
33140.8
33145.8
33157.8
33183.8
33207.8
33388.8
33396.8
33405.8
33431.8
33460.8
33631.4
33632.212
33709.5
33732.2
34232.3
34732.1
35190.4
35363.5
35971.8
36045.8
36099.8
36284.4
36285.212
36375.5
36385.2
36885.3
37385.1
37970.4
38501.5
38662.4
39025.5
39204.8
39250.8
39294.8
39407.211
39407.4
39408.1
39697.5
39847.8
39861.8
39865.8
39874.8
39906.8
39911.8
39946.8
40104.211
40104.4
40105.1
40142.5
40287.4
40327.5
40412.4
40536.5
40610.8
40647.8
40676.8
40705.8
40781.8
40893.211
40893.4
40894.1
40934.5
41092.4
41116.5
41233.8
41238.8
41274.8
41282.8
41287.8
41301.8
41370.8
41527.211
41527.4
41528.1
41559.5
41663.4
41688.5
41750.4
41770.5
41862.8
41883.8
41910.8
42013.8
42203.4
42204.212
42304.2
42766.5
42804.3
43074.8
43108.8
43112.8
43304.1
43368.4
43394.5
43482.4
43808.5
43881.8
43901.8
43936.8
44029.8
44196.4
44197.212
44297.2
44521.5
44797.3
45297.1
45987.4
46176.5
46569.8
46631.8
46670.8
46898.8
46927.8
46982.4
46983.212
47062.5
47083.2
47583.3
48083.1
50001.4
50135.5
50924.4
51091.5
51199.8
51229.8
51254.8
51294.8
51444.211
51444.4
51445.1
51663.5
51793.8
51823.8
52034.211
52034.4
52035.1
52353.5
52429.8
52440.8
52483.8
52582.8
52649.8
52710.211
52710.4
52711.1
52845.5
52984.8
53009.8
53034.8
53073.8
53253.211
53253.4
53254.1
53485.5
53607.8
53614.8
53655.8
53677.8
53966.4
53967.212
54051.5
54067.2
54567.3
55067.1
56663.8
56707.8
56749.8
56888.211
56888.4
56889.1
57059.5
57074.4
57088.5
57170.8
57235.8
57248.8
57304.8
57309.8
57447.8
57479.8
57483.8
57486.8
57530.4
57531.212
57627.5
57631.2
58131.3
58393.4
58631.1
58766.5
59099.8
59140.8
59238.8
59266.8
59317.8
59329.8
59400.4
59401.212
59470.5
59501.2
60001.3
60501.1
61761.4
61883.5
62334.8
62347.8
62489.211
62489.4
62490.1
62592.5
62693.8
62754.8
63106.4
63107.212
63184.5
63207.2
63707.3
64207.1
64716.4
64803.5
65042.4
65197.5
65253.4
65447.5
67160.8
67187.8
67218.8
67225.8
67229.8
67274.8
67334.211
67334.4
67335.1
67571.5
67727.8
67754.8
67765.8
67772.8
67810.8
67850.8
67853.8
67947.211
67947.4
67948.1
68022.5
68102.4
68180.5
68280.8
68310.8
68398.8
68517.8
68580.211
68580.4
68581.1
68620.5
68799.8
68822.8
68831.8
68836.8
68860.8
68895.8
68930.8
69043.211
69043.4
69044.1
69230.5
69354.8
69359.8
69389.8
69396.8
69591.8
69630.8
69730.8
69734.8
69819.4
69820.212
69920.2
69961.5
70420.3
70920.1
71608.4
71839.5
74300.4
74506.5
74998.4
75153.5
75307.8
75328.8
75432.8
75537.211
75537.4
75538.1
75586.5
75747.8
75783.8
75829.8
76009.211
76009.4
76010.1
76074.5
76258.8
76280.8
76283.8
76300.8
76331.8
76485.8
76606.4
76607.212
76707.2
76719.5
77207.3
77707.1
78222.4
78342.5
78359.4
78514.5
78720.8
79017.211
79017.4
79018.1
79075.5
79507.8
79724.211
79724.4
79725.1
79759.5
79824.4
79922.5
80065.8
80098.8
80145.8
80351.8
80371.8
80481.4
80482.212
80564.5
80582.2
81082.3
81582.1
82078.4
82221.5
82737.8
82782.8
82838.8
82934.8
83109.4
83110.212
83210.2
83215.5
83710.3
84210.1
85452.4
85564.5
86365.4
86608.5
86700.8
86740.8
86788.8
86876.8
86890.8
86891.8
86998.211
86998.4
86999.1
87186.5
87302.8
87324.8
87329.8
87352.8
87371.8
87493.8
87576.211
87576.4
87577.1
87842.5
87915.8
87926.8
87936.8
88121.211
88121.4
88122.1
88321.5
88408.8
88441.8
88480.8
88494.8
88528.8
88666.211
88666.4
88667.1
88831.5
88929.4
89005.5
89099.8
89118.8
89166.8
89171.8
89177.8
89218.8
89355.211
89355.4
89356.1
89447.5
89449.4
89468.5
89571.4
89693.5
89790.8
89819.8
89844.8
90101.8
90177.4
90178.212
90256.5
90278.2
90778.3
91278.1
91857.4
92097.5
92263.4
92416.5
92520.8
92532.8
92790.8
92841.4
92842.212
92942.2
92976.5
93064.4
93199.5
93376.4
93442.3
93932.5
93942.1
94069.8
94104.8
94137.8
94255.211
94255.4
94256.1
94552.5
94678.4
94700.5
94790.8
94793.8
94807.8
94838.8
94885.8
95032.211
95032.4
95033.1
95062.5
95116.4
95355.5
95433.8
95471.8
95505.8
95672.211
95672.4
95673.1
95722.5
95843.4
95900.5
96038.8
96043.8
96047.8
96076.8
96079.8
96160.8
96173.8
96179.8
96336.211
96336.4
96337.1
96411.5
96620.8
96630.8
96653.8
96658.8
96827.8
96858.8
97018.4
97019.212
97114.5
97119.2
97619.3
98119.1
98638.4
98649.5
98650.4
98828.5
99166.8
99181.8
99200.8
99232.8
99235.8
99257.8
99496.4
99497.212
99569.5
99597.2
100097.3
100597.1
101481.4
101551.5
101721.8
101789.8
101938.8
101950.8
102136.8
102252.4
102253.212
102322.5
102353.2
102853.3
103353.1
104290.4
104447.5
104870.4
104947.5
104948.4
105034.5
105224.8
105290.8
105399.8
105451.211
105451.4
105452.1
105593.5
105736.8
105773.8
105780.8
105821.8
105845.8
105848.8
105855.8
105980.211
105980.4
105981.1
106202.5
106298.4
106325.5
106399.8
106408.8
106437.8
106457.8
106460.8
106482.8
106511.8
106628.8
106749.4
106750.212
106820.5
106850.2
107350.3
107850.1
109080.4
109188.5
109860.4
109862.5
109863.4
109894.5
110077.8
110133.8
110272.8
110275.8
110382.4
110383.212
110482.5
110483.2
110983.3
111250.4
111381.5
111483.1
111558.8
111592.8
111598.8
111664.8
111839.211
111839.4
111840.1
111975.5
112105.8
112163.8
112169.8
112311.8
112323.8
112481.8
112486.8
112510.8
112572.4
112573.212
112673.2
112711.5
113173.3
113673.1
114396.4
114482.5
114695.8
114743.8
114777.8
114780.8
114962.211
114962.4
114963.1
115000.5
115106.4
115290.5
115358.8
115374.8
115434.8
115455.8
115459.8
115493.8
115720.4
115721.212
115799.5
115821.2
116321.3
116821.1
119448.4
119503.5
119628.8
119635.8
119772.8
119779.8
119841.211
119841.4
119842.1
119926.5
120014.4
120040.5
120161.8
120209.8
120398.8
120438.8
120441.8
120467.8
120521.4
120522.212
120608.5
120622.2
121122.3
121622.1
122249.4
122378.5
123154.4
123227.5
123332.8
123364.8
123397.8
123534.211
123534.4
123535.1
123592.5
123618.4
123705.5
123808.8
123839.8
123870.8
123879.8
123956.8
124113.8
124327.4
124328.212
124399.5
124428.2
124928.3
125428.1
126139.4
126352.5
126493.8
126511.8
126544.8
126552.8
126578.8
126607.8
126674.211
126674.4
126675.1
126929.5
127001.8
127031.8
127067.8
127099.8
127262.211
127262.4
127263.1
127340.5
127483.8
127508.8
127551.8
127571.8
127617.8
127742.8
127851.4
127852.212
127940.5
127952.2
128218.4
128277.5
128452.3
128952.1
129604.4
129609.5
129610.4
130038.5
130534.8
130575.8
130589.8
130610.8
130702.8
130792.211
130792.4
130793.1
130975.5
131065.4
131126.5
131193.8
131196.8
131235.8
131267.8
131332.8
131476.8
131531.4
131532.212
131632.2
131633.5
132132.3
132632.1
134350.8
134559.8
134672.4
134673.212
134773.2
134774.5
135273.3
135773.1
136307.4
136511.5
137207.4
137470.5
137623.8
137851.211
137851.4
137852.1
138145.5
138255.8
138312.8
138449.211
138449.4
138450.1
138570.5
138657.4
138747.5
138853.8
138863.8
138873.8
138875.8
138944.8
138964.8
139042.8
139182.4
139183.212
139256.5
139283.2
139783.3
140283.1
141002.4
141134.5
141415.4
141663.5
141824.8
141830.8
141835.8
142043.211
142043.4
142044.1
142367.5
142482.8
142515.8
142529.8
142567.8
142659.8
142717.211
142717.4
142718.1
142766.5
142879.4
142898.5
143057.8
143094.8
143126.8
143218.8
143322.211
143322.4
143323.1
143468.5
143647.8
143651.8
143669.8
143926.211
143926.4
143927.1
144168.5
144299.8
144308.8
144329.8
144338.8
144352.8
144417.8
144420.8
144488.8
144595.211
144595.4
144596.1
144747.5
144972.8
144978.8
145009.8
145053.8
145320.8
145378.4
145379.212
145477.5
145479.2
145979.3
146479.1
146971.4
146972.5
146974.4
147096.5
147211.4
147292.5
147538.8
147679.8
147914.4
147915.212
148007.5
148015.2
148515.3
149015.1
149682.4
149832.5
150118.8
150162.8
150173.8
150337.8
150397.211
150397.4
150398.1
150511.5
150682.8
150744.8
150769.8
150787.8
150954.211
150954.4
150955.1
150985.5
151181.8
151205.8
151217.8
151377.8
151445.211
151445.4
151446.1
151482.5
151570.4
151594.5
151912.4
151935.5
151965.4
151967.5
152136.8
152189.8
152209.8
152212.8
152341.8
152379.8
152439.4
152440.212
152530.5
152540.2
153040.3
153540.1
154196.4
154426.5
154561.8
154620.8
154658.8
154799.8
154870.4
154871.212
154954.5
154971.2
155471.3
155971.1
156720.4
156834.5
157017.4
157019.5
157107.4
157140.5
157398.8
157453.8
157532.8
157655.8
157746.4
157747.212
157833.5
157847.2
158347.3
158847.1
159634.4
159968.5
160339.4
160395.5
160477.8
160488.8
160525.8
160533.8
160733.211
160733.4
160734.1
160861.5
160863.4
160989.5
161177.8
161216.8
161229.8
161513.8
161540.8
161610.4
161611.212
161687.5
161711.2
162211.3
162403.4
162581.5
162651.4
162711.1
162994.5
163221.8
163272.8
163457.211
163457.4
163458.1
163643.5
164170.4
164242.5
164365.8
164406.8
164417.8
164426.8
164432.8
164495.211
164495.4
164496.1
164629.5
164713.8
164734.8
164907.8
165043.4
165044.212
165121.5
165144.2
165644.3
166144.1
166896.4
167179.5
167398.8
167412.8
167466.8
167510.8
167751.4
167752.212
167830.5
167852.2
168352.3
168852.1
169395.4
169479.5
169803.4
169936.5
170757.8
170781.8
170790.8
170919.211
170919.4
170920.1
171134.5
171140.4
171205.5
171297.8
171324.8
171357.8
171382.8
171480.211
171480.4
171481.1
171513.5
171744.8
171874.211
171874.4
171875.1
171916.5
172146.8
172339.8
172352.8
172413.211
172413.4
172414.1
172486.5
172760.8
172784.8
172822.8
173060.8
173109.4
173110.212
173189.5
173210.2
173710.3
173897.4
173959.5
174210.1
175818.4
176078.5
176269.8
176298.8
176314.8
176385.8
176443.8
176501.211
176501.4
176502.1
176537.5
176735.8
176739.8
176742.8
176797.8
176802.8
176992.211
176992.4
176993.1
177244.5
177313.8
177329.8
177360.8
177418.8
177550.211
177550.4
177551.1
177578.5
177702.8
177724.8
177734.8
177738.8
177759.8
177951.211
177951.4
177952.1
177990.5
177998.4
178043.5
178110.8
178165.8
178304.8
178342.8
178555.4
178556.212
178628.5
178656.2
179156.3
180000.9
123456789
11
10
15
11
10
15
10
FI
2
2
10
50
27
11
23
27
6
2
1012
0
0
0
314159265
43
379
186
180000
314159265
0.1
254.8
316.211
316.4
317.1
333.5
789.8
809.8
825.8
984.211
984.4
985.1
1175.5
1304.8
1329.8
1386.8
1521.211
1521.4
1522.1
1760.5
1932.8
1968.8
1993.8
2061.8
2096.8
2141.8
2294.4
2295.212
2366.5
2395.2
2895.3
3316.4
3395.1
3395.5
3539.8
3578.8
3750.8
3774.8
3883.8
3894.8
3950.4
3951.212
4051.2
4059.5
4215.4
4301.5
4551.3
4600.4
4987.5
5051.1
5051.4
5385.5
5479.8
5537.8
5544.8
5640.8
5678.8
5765.8
5817.4
5818.212
5904.5
5918.2
6418.3
6918.1
7113.4
7716.5
7866.8
8019.8
8084.211
8084.4
8085.1
8272.5
8470.8
8510.8
8515.8
8549.8
8569.8
8575.8
8698.8
8851.4
8852.212
8935.5
8952.2
9452.3
9952.1
10911.4
11130.5
11734.4
12099.5
12172.8
12178.8
12217.8
12223.8
12244.8
12375.211
12375.4
12376.1
12750.5
12850.8
12888.8
12922.8
13068.211
13068.4
13069.1
13582.5
13701.8
13734.8
13764.8
13777.8
13849.8
13886.8
14020.4
14021.212
14099.5
14121.2
14621.3
15121.1
15265.4
15668.5
16179.4
16322.5
16473.8
16474.8
16507.8
16545.8
16737.8
16744.8
16804.4
16805.212
16897.5
16905.2
17405.3
17905.1
19044.4
19099.5
19422.4
19431.5
19438.4
19572.5
20443.4
20449.5
20667.8
20758.8
20762.8
20769.8
20875.211
20875.4
20876.1
21024.5
21159.8
21165.8
21200.8
21312.8
21446.8
21458.8
21514.4
21515.212
21581.5
21615.2
22115.3
22615.1
22947.4
23099.5
26007.8
26118.8
26184.211
26184.4
26185.1
26336.5
26445.8
26487.8
26494.8
26537.8
26648.8
26685.8
26736.8
26832.4
26833.212
26933.2
26945.5
27433.3
27933.1
28257.4
28814.5
29023.8
29035.8
29039.8
29088.8
29116.8
29172.8
29176.8
29269.8
29323.211
29323.4
29324.1
29505.5
29644.8
29691.8
29874.8
30054.4
30055.212
30136.5
30155.2
30655.3
31155.1
31307.4
31387.5
31483.4
32013.5
32206.8
32250.8
32260.8
32478.211
32478.4
32479.1
32672.5
32761.8
32797.8
32865.8
32873.8
33088.4
33089.212
33166.5
33189.2
33689.3
34189.1
35281.4
35497.5
36226.8
36272.8
36433.8
36441.8
36607.4
36608.212
36687.5
36708.2
37208.3
37708.1
37989.4
38904.5
39041.8
39074.8
39078.8
39082.8
39115.8
39274.211
39274.4
39275.1
39483.5
39579.4
39620.5
39690.8
39725.8
39805.8
39811.8
39963.8
40099.4
40100.212
40173.5
40200.2
40700.3
41200.1
43474.4
43655.5
43775.8
43813.8
43823.8
43847.8
43893.8
44039.8
44048.8
44117.4
44118.212
44205.5
44218.2
44718.3
45218.1
45926.4
45929.5
45936.4
46309.5
46530.8
46552.8
46583.8
46612.8
46773.8
46845.4
46846.212
46930.5
46946.2
47446.3
47946.1
48780.4
49081.5
49220.8
49234.8
49282.8
49331.8
49492.211
49492.4
49493.1
49783.5
49874.8
49910.8
49914.8
49952.8
49977.8
50141.211
50141.4
50142.1
50442.5
50532.8
50545.8
50560.8
50590.8
50624.8
50628.8
50773.211
50773.4
50774.1
51061.5
51243.4
51303.5
51379.8
51388.8
51391.8
51445.8
51472.8
51503.8
51512.8
51541.8
51547.8
51582.8
51766.4
51767.212
51867.2
51878.5
52367.3
52867.1
53120.4
53183.5
53237.4
53460.5
53462.4
53891.5
54055.8
54068.8
54111.8
54148.8
54275.8
54364.4
54365.212
54465.2
54470.5
54965.3
55465.1
56593.4
56819.5
57006.8
57038.8
57167.8
57176.8
57270.211
57270.4
57271.1
57431.5
57581.8
57610.8
57618.8
57702.8
57858.8
57911.4
57912.212
57990.5
58012.2
58512.3
59012.1
59155.4
59550.5
59698.4
59906.5
60096.8
60113.8
60145.8
60159.8
60172.8
60374.8
60381.8
60458.4
60459.212
60536.5
60559.2
61059.3
61559.1
62264.4
62470.5
63343.4
63534.5
63537.4
63620.5
63880.8
63891.8
63909.8
63918.8
63921.8
63929.8
63944.8
63948.8
64107.211
64107.4
64108.1
64513.5
64585.4
64619.5
64707.8
64710.8
64720.8
64724.8
64732.8
64736.8
64774.8
64906.8
65040.4
65041.212
65125.5
65141.2
65641.3
66141.1
67467.4
67585.5
67863.8
67886.8
67943.8
67996.8
68085.8
68095.8
68099.8
68241.4
68242.212
68342.2
68348.5
68842.3
69342.1
71299.4
71303.5
71308.4
71486.5
71626.8
71643.8
71652.8
71779.8
71830.211
71830.4
71831.1
71983.5
72092.8
72100.8
72126.8
72175.8
72210.8
72275.8
72471.4
72472.212
72550.5
72572.2
73072.3
73572.1
74378.4
74541.5
74855.4
75032.5
75175.8
75197.8
75216.8
75254.8
75434.8
75500.4
75501.212
75598.5
75601.2
76101.3
76601.1
77817.4
77896.5
78207.8
78232.8
78279.8
78313.8
78368.8
78531.4
78532.212
78605.5
78632.2
79132.3
79632.1
80787.4
80895.5
81199.8
81244.8
81284.8
81288.8
81500.4
81501.212
81591.5
81601.2
82101.3
82601.1
84298.4
84473.5
84714.8
84728.8
84746.8
84755.8
84894.211
84894.4
84895.1
84966.5
85053.4
85096.5
85309.8
85337.8
85502.211
85502.4
85503.1
85862.5
85994.8
86006.8
86036.8
86065.8
86099.8
86224.8
86288.211
86288.4
86289.1
86502.5
86604.4
86628.5
86719.8
86830.8
86931.8
86969.8
87036.4
87037.212
87129.5
87137.2
87637.3
88137.1
88274.4
88526.5
88677.8
88718.8
88736.8
88769.8
88955.8
89029.4
89030.212
89109.5
89130.2
89630.3
90130.1
91167.4
91171.5
91179.4
91363.5
91596.8
91655.8
91692.8
91855.8
91942.4
91943.212
92022.5
92043.2
92472.4
92543.3
93039.5
93043.1
93210.4
93500.5
93636.8
93669.8
93837.8
93890.211
93890.4
93891.1
94171.5
94295.8
94308.8
94366.8
94368.8
94398.8
94614.4
94615.212
94691.5
94715.2
95215.3
95715.1
98327.4
98495.5
98670.8
98698.8
98705.8
98730.8
98895.211
98895.4
98896.1
99209.5
99349.8
99354.8
99372.8
99384.8
99395.8
99510.8
99635.211
99635.4
99636.1
99769.5
99778.4
99818.5
99992.8
100026.8
100125.8
100168.8
100172.8
100200.8
100397.4
100398.212
100486.5
100498.2
100998.3
101498.1
102651.4
102817.5
102995.8
103060.8
103246.8
103298.4
103299.212
103399.2
103410.5
103899.3
104399.1
105203.4
105308.5
105439.4
105748.5
106068.8
106132.8
106344.211
106344.4
106345.1
106859.5
106971.8
107022.8
107157.8
107254.211
107254.4
107255.1
107468.5
107638.8
107647.8
107921.211
107921.4
107922.1
108160.5
108316.8
108321.8
108337.8
108461.8
108598.211
108598.4
108599.1
108839.5
108980.8
109008.8
109037.8
109099.8
109114.8
109290.4
109291.212
109391.2
109422.5
109891.3
110180.4
110185.5
110186.4
110271.5
110391.1
110450.8
110494.8
110660.211
110660.4
110661.1
110728.5
110817.4
110844.5
110924.8
110938.8
110974.8
110978.8
111191.8
111201.8
111269.4
111270.212
111346.5
111370.2
111870.3
112370.1
113044.4
113399.5
113585.4
113695.5
113862.8
113891.8
113898.8
114004.8
114024.8
114036.8
114106.211
114106.4
114107.1
114362.5
114500.8
114536.8
114558.8
114638.8
114640.8
114742.8
114769.8
114772.8
114812.8
114950.8
115018.4
115019.212
115090.5
115119.2
115619.3
116119.1
116901.4
116905.5
116908.4
117037.5
117278.8
117338.8
117525.211
117525.4
117526.1
117694.5
117851.8
117885.8
118095.211
118095.4
118096.1
118657.5
118759.8
118800.8
118927.8
118960.8
119079.4
119080.212
119173.5
119180.2
119680.3
120180.1
121386.4
121587.5
121800.4
121845.5
122064.8
122081.8
122285.211
122285.4
122286.1
122319.5
122395.4
122508.5
122716.8
122719.8
122775.8
123045.4
123046.212
123134.5
123146.2
123441.4
123623.5
123646.3
123797.8
123801.8
123815.8
123848.8
123970.8
124042.4
124087.5
124101.4
124146.1
124157.5
125071.8
125093.8
125365.211
125365.4
125366.1
125416.5
125505.4
125534.5
125641.8
125673.8
125821.8
125858.8
125874.8
126057.8
126109.4
126110.212
126192.5
126210.2
126710.3
127210.1
127429.4
127969.5
128102.8
128117.8
128277.8
128400.211
128400.4
128401.1
128434.5
128678.8
128858.8
129087.4
129088.212
129169.5
129188.2
129688.3
130188.1
131169.4
131492.5
131778.8
131793.8
131806.8
131860.8
132045.211
132045.4
132046.1
132330.5
132872.4
132944.5
134987.8
135005.8
135113.211
135113.4
135114.1
135146.5
135351.8
135361.8
135503.8
135506.8
135683.4
135684.212
135778.5
135784.2
136098.4
136174.5
136284.3
136784.1
137190.8
137275.211
137275.4
137276.1
137302.5
137488.8
137671.8
137735.8
137855.4
137856.212
137956.2
137958.5
138456.3
138956.1
139837.4
140059.5
141117.4
141342.5
141540.8
141545.8
141563.8
141582.8
141677.8
141680.8
141836.211
141836.4
141837.1
142033.5
142145.8
142163.8
142203.8
142283.8
142400.8
142402.8
142545.4
142546.212
142646.2
142675.5
143146.3
143646.1
144882.4
145481.5
148670.4
148790.5
149649.4
149715.5
149825.4
149975.5
150341.4
150429.5
150450.4
150499.5
150843.4
150853.5
150970.4
151045.5
151147.8
151157.8
151393.211
151393.4
151394.1
151425.5
151737.8
151872.211
151872.4
151873.1
151954.5
152101.8
152301.8
152345.8
152379.8
152387.8
152489.8
152558.4
152559.212
152649.5
152659.2
153159.3
153659.1
154693.4
154706.5
154707.4
154709.5
154710.4
154713.5
155375.8
155385.8
155579.8
155672.211
155672.4
155673.1
155864.5
155866.4
155952.5
156144.8
156150.8
156155.8
156494.4
156495.212
156595.2
156607.5
157095.3
157125.4
157186.5
157380.4
157455.5
157595.1
157668.4
157826.5
158505.4
158686.5
159715.8
159904.211
159904.4
159905.1
159951.5
160004.4
160006.5
160009.4
160011.5
160012.4
160050.5
160167.8
160206.8
160325.8
160687.4
160688.212
160760.5
160788.2
161288.3
161788.1
162847.4
162997.5
163792.4
163929.5
164550.4
164596.5
165055.4
165062.5
165401.8
165535.211
165535.4
165536.1
165601.5
166543.4
166574.5
177465.4
180000.9
123456789
11
11
15
11
11
15
10
FI
2
2
10
45
15
11
18
15
6
2
712
0
0
0
314159265
33
247
146
180000
314159265
0.1
381.8
396.8
407.8
479.211
479.4
480.1
602.5
1061.4
1197.5
1292.8
1294.8
1321.8
1429.8
1464.8
1692.4
1693.212
1769.5
1793.2
2293.3
2793.1
2879.4
2997.5
3561.4
3660.5
3803.8
3810.8
3861.8
3976.8
4090.211
4090.4
4091.1
4428.5
4594.8
4624.8
4724.8
4729.8
4869.211
4869.4
4870.1
5064.5
5171.4
5307.5
5425.8
5431.8
5598.8
5658.8
5780.4
5781.212
5864.5
5881.2
6381.3
6881.1
6972.4
7202.5
7438.8
7465.8
7470.8
7556.8
7574.8
7694.8
7827.4
7828.212
7928.2
7974.5
8428.3
8632.4
8928.1
9184.5
10373.4
10587.5
10652.4
10861.5
11078.8
11085.8
11292.8
11297.8
11316.8
11339.8
11381.4
11382.212
11464.5
11482.2
11982.3
12482.1
12707.4
13015.5
13169.4
13420.5
14073.4
14341.5
14896.8
14988.8
15014.8
15063.211
15063.4
15064.1
15164.5
15353.8
15357.8
15405.8
15509.8
15550.8
15557.8
15666.8
15750.4
15751.212
15834.5
15851.2
16351.3
16851.1
17606.4
17793.5
18722.4
18802.5
20501.4
20570.5
20709.8
20720.8
20782.8
21009.8
21013.8
21068.4
21069.212
21157.5
21169.2
21669.3
22169.1
23836.4
24270.5
24479.8
24488.8
24556.8
24565.8
24726.8
24732.8
24766.8
24809.8
24828.8
24888.4
24889.212
24989.2
24999.5
25489.3
25989.1
26743.4
26979.5
27650.8
27656.8
27888.8
27951.4
27952.212
28019.5
28052.2
28552.3
29052.1
31485.4
31674.5
31862.8
31913.8
32145.8
32205.4
32206.212
32293.5
32306.2
32806.3
33306.1
34785.4
34905.5
35473.4
35807.5
35977.8
36026.8
36070.8
36159.8
36241.211
36241.4
36242.1
36697.5
36849.8
36915.8
36947.8
37087.8
37143.211
37143.4
37144.1
37389.5
37482.4
37501.5
37636.8
37675.8
37714.8
37724.8
37752.8
37839.8
37882.8
37889.8
37904.8
38080.4
38081.212
38181.2
38221.5
38681.3
38885.4
39089.5
39181.1
39441.4
39582.5
39967.8
39989.8
40050.8
40072.8
40077.8
40131.8
40207.8
40268.4
40269.212
40351.5
40369.2
40869.3
41369.1
42447.4
42730.5
42989.8
43091.8
43144.8
43228.8
43283.211
43283.4
43284.1
43502.5
43595.4
43766.5
43880.8
43953.8
43996.8
44090.8
44122.8
44251.4
44252.212
44352.2
44360.5
44852.3
45352.1
48629.4
49403.5
49551.4
49604.5
49742.8
49748.8
49809.8
49893.8
50106.8
50122.8
50182.4
50183.212
50255.5
50283.2
50783.3
51283.1
52660.4
52793.5
53035.8
53080.8
53085.8
53245.8
53383.4
53384.212
53459.5
53484.2
53984.3
54484.1
55198.4
55292.5
55477.4
55679.5
56141.8
56191.8
56194.8
56220.8
56279.8
56385.8
56453.4
56454.212
56523.5
56554.2
57054.3
57554.1
61985.4
62146.5
62361.4
62451.5
62552.8
62584.8
62635.8
62845.8
62852.8
62853.8
62888.8
62937.4
62938.212
63038.2
63077.5
63538.3
64038.1
65332.4
65505.5
66742.4
66942.5
66950.4
67087.5
67477.8
67479.8
67590.211
67590.4
67591.1
67964.5
68100.8
68141.8
68175.8
68206.8
68321.8
68334.8
68369.8
68489.8
68574.4
68575.212
68666.5
68675.2
69175.3
69675.1
71495.4
71650.5
71998.8
72003.8
72061.8
72066.8
72109.8
72248.211
72248.4
72249.1
72458.5
72564.4
72588.5
72689.8
72713.8
72718.8
72807.8
72817.8
72854.8
72867.8
72946.8
72954.8
73030.4
73031.212
73111.5
73131.2
73631.3
74131.1
76155.4
76527.5
76695.8
76720.8
76736.8
76754.8
76831.8
77000.4
77001.212
77082.5
77101.2
77601.3
78101.1
78914.4
78917.5
78920.4
79482.5
79759.8
79800.8
79866.8
79880.8
79924.8
79936.8
80014.8
80039.8
80045.8
80050.8
80110.4
80111.212
80180.5
80211.2
80711.3
81211.1
83764.4
83942.5
84178.8
84226.8
84270.8
84271.8
84398.8
84447.8
84521.4
84522.212
84601.5
84622.2
85122.3
85622.1
87965.4
88087.5
88458.4
88667.5
88811.8
88831.8
88923.8
88926.8
89057.8
89112.4
89113.212
89203.5
89213.2
89713.3
90213.1
90784.4
91013.5
91585.4
91590.5
93661.4
94186.5
94292.4
94463.5
94642.8
94656.8
94662.8
94692.8
94756.8
94759.8
94830.8
94892.211
94892.4
94893.1
95060.5
95148.4
95231.5
95354.8
95402.8
95470.8
95523.8
95722.4
95723.212
95821.5
95823.2
96323.3
96823.1
97978.4
98574.5
99689.4
99894.5
99898.4
99902.5
99916.4
99990.5
99994.4
100002.5
100012.4
100112.5
101120.4
101247.5
102089.4
102118.5
102119.4
102124.5
102218.4
102228.5
102229.4
102248.5
102998.4
103003.5
103005.4
103023.5
103029.4
103202.5
105700.4
106020.5
106186.4
106191.5
106196.4
106258.5
106364.8
106409.8
106569.211
106569.4
106570.1
106912.5
107136.8
107147.8
107149.8
107251.8
107303.8
107437.8
107502.4
107503.212
107598.5
107603.2
108103.3
108603.1
109528.4
109807.5
110920.4
111248.5
112946.4
112981.5
115939.4
116095.5
117040.4
117044.5
117077.4
117135.5
117520.8
117611.211
117611.4
117612.1
117644.5
117862.4
117893.5
117979.8
117988.8
118019.8
118031.8
118161.8
118432.4
118433.212
118533.2
118599.5
119033.3
119533.1
119978.4
120153.5
121040.4
121130.5
121352.8
121396.8
121497.8
121556.211
121556.4
121557.1
121604.5
121724.4
121860.5
121937.8
121973.8
121982.8
121986.8
122026.8
122031.8
122088.8
122209.8
122289.4
122290.212
122372.5
122390.2
122890.3
123390.1
123735.4
124023.5
124177.4
124303.5
124489.8
124551.8
124621.8
124654.8
124744.8
124805.4
124806.212
124891.5
124906.2
125406.3
125906.1
126359.4
126458.5
126602.4
127041.5
127288.4
127376.5
128195.4
128385.5
128548.8
128565.8
128731.211
128731.4
128732.1
129041.5
129205.8
129216.8
129249.8
129294.8
129418.8
129546.4
129547.212
129633.5
129647.2
130147.3
130647.1
131320.4
131624.5
132139.8
132298.8
132368.211
132368.4
132369.1
132693.5
132819.8
132829.8
132864.8
132892.8
133098.8
133175.4
133176.212
133276.2
133329.5
133776.3
134271.4
134276.1
134367.5
134531.4
134872.5
135154.8
135211.8
135238.8
135241.8
135366.211
135366.4
135367.1
135496.5
135572.4
135650.5
135801.8
135812.8
135883.8
136171.4
136172.212
136248.5
136272.2
136772.3
137272.1
138419.4
138575.5
139060.8
139078.8
139088.8
139092.8
139182.8
139231.8
139488.4
139489.212
139584.5
139589.2
140089.3
140589.1
141575.4
141653.5
145069.4
145132.5
149350.4
149366.5
149523.8
149556.8
149657.8
149735.211
149735.4
149736.1
149768.5
149871.8
149887.8
149973.8
150017.8
150130.8
150220.4
150221.212
150321.2
150384.5
150821.3
151321.1
152739.4
152819.5
153059.4
153255.5
162817.8
162894.211
162894.4
162895.1
162917.5
164488.4
164522.5
164546.4
164587.5
177063.8
177127.211
177127.4
177128.1
177230.5
177317.8
177880.4
177881.212
177884.5
177893.4
177981.2
178005.5
178481.3
178981.1
179656.4
180000.9
123456789
11
12
15
11
12
15
10
FI
2
2
11
00
06
11
33
06
6
2
1048
0
0
0
314159265
45
429
179
180000
314159265
0.1
383.4
457.5
702.4
724.5
818.8
828.8
852.8
933.8
1057.211
1057.4
1058.1
1185.5
1594.4
1777.5
2222.8
2235.8
2240.8
2276.8
2313.8
2340.8
2435.211
2435.4
2436.1
2546.5
2628.4
2715.5
2801.8
2808.8
2846.8
2861.8
2934.8
3084.8
3089.8
3180.4
3181.212
3281.2
3283.5
3781.3
4106.4
4281.1
4459.5
4646.8
4676.8
4710.8
4871.8
4898.8
4917.8
4968.4
4969.212
5063.5
5069.2
5209.4
5481.5
5569.3
5659.4
5966.5
6069.1
6188.8
6202.8
6223.8
6423.211
6423.4
6424.1
6587.5
6671.4
7019.5
7128.8
7397.211
7397.4
7398.1
7944.5
8079.8
8118.8
8139.8
8164.8
8330.211
8330.4
8331.1
8615.5
8786.8
8825.8
8851.8
8863.8
8946.8
8979.8
9097.4
9098.212
9198.2
9289.5
9698.3
10151.4
10198.1
10856.5
10910.4
11022.5
11157.8
11186.8
11195.8
11227.8
11418.211
11418.4
11419.1
11698.5
11895.8
11927.8
11966.8
12010.8
12137.211
12137.4
12138.1
12575.5
12739.8
12754.8
12759.8
12768.8
12780.8
12785.8
12809.8
12845.8
12881.8
12907.8
12999.211
12999.4
13000.1
13305.5
13319.4
13412.5
13654.8
13683.8
13686.8
13690.8
13726.8
13736.8
13911.211
13911.4
13912.1
14120.5
14453.4
14527.5
14763.8
14793.8
14795.8
14817.8
14845.8
14916.8
14962.8
14965.8
15119.4
15120.212
15210.5
15220.2
15720.3
16220.1
16354.4
16992.5
17515.8
17567.8
17597.8
17682.8
17811.211
17811.4
17812.1
18062.5
19057.4
19452.5
19579.8
19626.8
19938.8
19983.8
19993.8
20142.4
20143.212
20221.5
20243.2
20743.3
21243.1
21551.4
21758.5
22222.8
22269.8
22465.211
22465.4
22466.1
22751.5
22903.8
22912.8
22977.8
23031.8
23086.8
23195.211
23195.4
23196.1
23327.5
23399.4
23502.5
23608.8
23752.8
23806.8
23949.4
23950.212
24019.5
24050.2
24550.3
25050.1
25105.4
25346.5
26152.8
26166.8
26200.8
26371.8
26452.211
26452.4
26453.1
26692.5
26822.8
26857.8
26888.8
27014.8
27142.4
27143.212
27243.2
27244.5
27743.3
28243.1
28495.4
28825.5
29080.4
29670.5
30135.8
30145.8
30200.8
30341.8
30457.4
30458.212
30532.5
30558.2
31058.3
31558.1
32106.4
32706.5
32815.4
32954.5
33199.8
33268.8
33305.8
33467.211
33467.4
33468.1
33801.5
33960.8
33988.8
33993.8
33999.8
34018.8
34019.8
34048.8
34099.8
34103.8
34206.211
34206.4
34207.1
34485.5
34622.8
34646.8
34656.8
34684.8
34692.8
34751.8
34802.8
34935.8
35011.4
35012.212
35088.5
35112.2
35612.3
36112.1
37906.8
37913.8
37926.8
37944.8
37972.8
38225.4
38226.212
38308.5
38326.2
38826.3
39326.1
39428.4
39854.5
39956.4
40073.5
40261.8
40315.8
40376.8
40456.8
40461.8
40602.4
40603.212
40703.2
40707.5
41203.3
41703.1
42909.4
43039.5
43215.8
43228.8
43248.8
43275.8
43467.211
43467.4
43468.1
43747.5
43869.8
43910.8
43939.8
44122.211
44122.4
44123.1
44250.5
44365.4
44466.5
44568.8
44584.8
44602.8
44642.8
44662.8
44683.8
44848.8
44979.4
44980.212
45050.5
45080.2
45580.3
46080.1
47676.4
47772.5
48065.8
48099.8
48117.8
48180.8
48185.8
48348.211
48348.4
48349.1
48607.5
48740.8
48745.8
48759.8
48787.8
48792.8
48802.8
48912.8
48917.8
48976.8
49105.4
49106.212
49184.5
49206.2
49706.3
50206.1
50761.4
50834.5
50964.4
51231.5
51521.8
51541.8
51595.8
51688.8
51785.211
51785.4
51786.1
52066.5
52163.8
52237.8
52274.8
52411.8
52497.4
52498.212
52579.5
52598.2
53060.4
53098.3
53124.5
53598.1
53601.4
53689.5
54123.4
54297.5
54427.4
54859.5
55618.8
55659.8
55705.8
55718.8
55873.211
55873.4
55874.1
56044.5
56212.8
56219.8
56237.8
56277.8
56316.8
56419.8
56422.8
56488.211
56488.4
56489.1
56718.5
56729.4
56785.5
56939.8
57027.8
57078.8
57141.8
57146.8
57188.8
57241.8
57245.8
57351.4
57352.212
57452.2
57454.5
57952.3
58452.1
59156.4
59393.5
60761.4
60912.5
61114.8
61158.8
61317.8
61388.8
61448.4
61449.212
61541.5
61549.2
62049.3
62549.1
63974.4
64382.5
64532.8
64542.8
64576.8
64662.8
64672.8
64678.8
64706.8
64711.8
64732.8
64859.4
64860.212
64960.2
64966.5
65086.4
65125.5
65460.3
65960.1
69368.8
69534.211
69534.4
69535.1
69732.5
69904.8
69925.8
69935.8
69982.8
70108.8
70159.8
70254.4
70255.212
70327.5
70355.2
70855.3
71355.1
72402.4
72631.5
72838.8
72884.8
72975.8
73059.8
73201.4
73202.212
73282.5
73302.2
73802.3
74302.1
74866.4
76105.5
76283.8
76297.8
76344.8
76463.8
76577.211
76577.4
76578.1
76639.5
76811.8
76819.8
76850.8
76870.8
76879.8
76977.8
77020.8
77083.211
77083.4
77084.1
77400.5
77497.8
77525.8
77553.8
77575.8
77653.8
77951.4
77952.212
78031.5
78052.2
78552.3
79052.1
79805.4
79809.5
79810.4
80285.5
80433.8
80473.8
80481.8
80511.8
80520.8
80527.8
80638.8
80710.211
80710.4
80711.1
80799.5
80892.4
81048.5
81131.8
81173.8
81210.8
81229.8
81423.211
81423.4
81424.1
81494.5
81543.4
81911.5
82028.8
82065.8
82087.8
82119.8
82294.211
82294.4
82295.1
82351.5
82461.4
82635.5
82765.8
82792.8
82821.8
82830.8
82896.8
83016.8
83129.4
83130.212
83230.2
83256.5
83730.3
84230.1
84874.4
85172.5
85472.8
85509.8
85514.8
85558.8
85768.211
85768.4
85769.1
86019.5
86128.8
86223.8
86370.8
86469.4
86470.212
86562.5
86570.2
87070.3
87570.1
89757.4
89912.5
90052.8
90086.8
90313.8
90344.8
90349.8
90412.4
90413.212
90497.5
90513.2
91013.3
91513.1
92569.4
92804.5
93002.8
93056.8
93093.8
93183.8
93325.8
93337.8
93395.4
93396.212
93477.5
93496.2
93996.3
94496.1
95215.4
95604.5
95798.8
95820.8
95845.8
95887.8
95902.8
96127.8
96153.8
96197.4
96198.212
96272.5
96298.2
96798.3
97298.1
98066.4
98311.5
98499.8
98548.8
98612.8
98616.8
98713.8
98825.4
98826.212
98919.5
98926.2
99426.3
99926.1
100993.4
101163.5
101400.8
101423.8
101438.8
101482.8
101527.8
101531.8
101699.211
101699.4
101700.1
101931.5
102073.8
102077.8
102105.8
102110.8
102113.8
102137.8
102152.8
102450.4
102451.212
102551.2
102938.5
103051.3
103128.4
103168.5
103295.8
103379.8
103406.8
103528.8
103551.1
103628.4
103668.5
103776.4
103813.5
103942.8
103959.8
103965.8
103971.8
104110.8
104122.8
104144.8
104171.8
104229.211
104229.4
104230.1
104395.5
104519.8
104529.8
104563.8
104599.8
104778.8
104782.8
104901.8
104964.4
104965.212
105060.5
105065.2
105565.3
105750.4
105852.5
106065.1
106764.4
106927.5
107752.8
107755.8
107823.8
107971.8
108037.211
108037.4
108038.1
108145.5
108206.4
108318.5
108470.8
108505.8
108609.8
108678.8
108682.8
108785.8
108844.4
108845.212
108933.5
108945.2
109445.3
109945.1
110525.4
110734.5
110964.8
110971.8
110981.8
111005.8
111014.8
111024.8
111085.8
111128.8
111144.8
111346.4
111347.212
111421.5
111447.2
111947.3
112447.1
113805.4
113809.5
113811.4
114074.5
115257.8
115311.8
115315.8
115415.211
115415.4
115416.1
115551.5
115578.4
115759.5
115897.8
115932.8
115979.8
115992.8
116001.8
116214.4
116215.212
116315.2
116316.5
116815.3
117315.1
120034.4
120164.5
120351.8
120379.8
120570.8
120761.4
120762.212
120857.5
120862.2
121362.3
121671.4
121743.5
121862.1
121862.4
122335.5
122469.4
122724.5
122918.8
122938.8
122974.8
123009.8
123159.8
123235.4
123236.212
123336.2
123346.5
123836.3
124336.1
125096.4
125889.5
126037.4
126295.5
126423.8
126469.8
126475.8
126527.8
126665.8
126731.4
126732.212
126827.5
126832.2
127332.3
127832.1
128659.4
128664.5
128665.4
129079.5
129371.8
129415.8
129417.8
129430.8
129469.8
129545.8
129596.8
129668.211
129668.4
129669.1
129791.5
129872.4
130097.5
130175.8
130218.8
130246.8
130286.8
130298.8
130476.4
130477.212
130570.5
130577.2
131077.3
131577.1
132763.4
132840.5
133487.8
133565.8
133621.8
133654.8
133671.8
133773.211
133773.4
133774.1
134188.5
134270.8
134282.8
134369.8
134399.8
134407.8
134498.8
134599.4
134600.212
134693.5
134700.2
135200.3
135700.1
136896.4
136924.5
137014.4
137069.5
137283.8
137301.8
137336.8
137461.8
137590.8
137632.4
137633.212
137720.5
137733.2
138233.3
138733.1
139226.4
139503.5
139649.8
139662.8
139710.8
139840.8
140032.4
140033.212
140106.5
140133.2
140633.3
141133.1
141603.4
141709.5
141893.4
142034.5
142039.4
142172.5
142637.8
142679.8
142765.8
142780.8
142783.8
142931.8
142998.4
142999.212
143085.5
143099.2
143412.4
143481.5
143599.3
143638.4
143701.5
144099.1
144453.4
145041.5
146069.8
146224.8
146242.8
146244.8
146249.8
146306.211
146306.4
146307.1
146507.5
146692.8
146994.4
146995.212
147095.2
147176.5
147314.8
147318.8
147329.8
147449.8
147588.8
147595.3
147726.4
147779.5
148095.1
148157.8
148223.211
148223.4
148224.1
148250.5
148753.8
148855.8
148869.8
148872.8
148906.8
149158.8
149224.4
149225.212
149309.5
149325.2
149825.3
150325.1
151059.4
151310.5
151513.4
151745.5
152240.8
152435.8
152496.211
152496.4
152497.1
152709.5
152814.8
152839.8
152845.8
152877.8
152925.8
153075.211
153075.4
153076.1
153528.5
153611.8
153636.8
153640.8
153692.8
153695.8
153914.4
153915.212
154015.2
154260.5
154362.4
154515.3
154594.5
154716.4
154747.5
155015.1
155133.4
155169.5
155917.4
156166.5
156256.8
156312.8
156543.8
156606.4
156607.212
156707.2
156944.5
157207.3
157707.1
158506.4
158894.5
159257.8
159452.8
159508.211
159508.4
159509.1
159905.5
160012.8
160050.8
160053.8
160075.8
160086.8
160180.8
160192.8
160338.4
160339.212
160439.2
160492.5
160939.3
161335.4
161439.1
161450.5
165995.4
166040.5
167087.4
167173.5
169390.4
169467.5
169616.8
172337.4
172338.212
172343.5
172344.4
172438.2
172505.5
172938.3
173438.1
174417.4
174686.5
175633.4
175696.5
175704.4
180000.9
123456789
11
13
15
11
13
15
10
FI
2
2
10
48
45
11
21
45
6
2
581
0
0
0
314159265
32
188
116
180000
314159265
0.1
1404.8
1481.8
1668.211
1668.4
1669.1
1769.5
1911.8
1924.8
1929.8
1965.8
2126.8
2160.8
2284.4
2285.212
2385.2
2885.3
3308.5
3385.1
3567.8
3577.8
3607.8
3817.8
3862.8
3923.8
3990.4
3991.212
4091.2
4093.5
4591.3
5091.1
5368.4
5804.5
5888.4
6228.5
6545.8
6608.8
6759.8
6775.8
6975.4
6976.212
7048.5
7076.2
7576.3
8076.1
8217.4
8429.5
9081.4
9200.5
9387.8
9398.8
9552.8
9714.4
9715.212
9795.5
9815.2
10315.3
10815.1
11181.4
11326.5
11445.4
11857.5
11954.4
12086.5
12497.8
12521.8
12690.211
12690.4
12691.1
12813.5
12903.4
12935.5
13045.8
13094.8
13109.8
13112.8
13114.8
13290.8
13420.8
13518.4
13519.212
13601.5
13619.2
14119.3
14619.1
15110.4
15169.5
15379.4
15507.5
15901.4
16041.5
16282.8
16301.8
16516.211
16516.4
16517.1
16686.5
16773.4
16803.5
17691.8
17748.8
18022.8
18087.4
18088.212
18167.5
18188.2
18688.3
19188.1
19950.4
20041.5
20498.4
20509.5
20516.4
20655.5
20783.4
20828.5
21012.8
21097.8
21452.4
21453.212
21553.2
21560.5
22053.3
22553.1
24721.4
24929.5
25252.4
25374.5
25574.8
25586.8
25754.8
25811.8
25896.8
25961.4
25962.212
26031.5
26062.2
26562.3
27062.1
27638.4
27739.5
29502.4
29659.5
29837.8
29927.8
30094.8
30156.4
30157.212
30257.2
30262.5
30271.4
30352.5
30757.3
31257.1
31909.4
31971.5
32402.4
32803.5
33618.8
33625.8
33664.8
33674.8
33679.8
33746.8
33908.211
33908.4
33909.1
34008.5
34261.8
34308.8
34542.8
34709.4
34710.212
34783.5
34810.2
35310.3
35810.1
36406.4
36614.5
36660.4
36864.5
38667.4
38864.5
39263.8
39489.211
39489.4
39490.1
39856.5
39986.8
40028.8
40042.8
40076.8
40079.8
40323.4
40324.212
40404.5
40424.2
40924.3
41424.1
41683.4
41760.5
42060.8
42065.8
42076.8
42162.8
42172.8
42499.4
42500.212
42580.5
42600.2
43100.3
43112.4
43173.5
43600.1
44114.4
44413.5
44926.8
44987.8
45134.8
45278.4
45279.212
45359.5
45379.2
45879.3
46379.1
46828.4
47361.5
47757.4
47960.5
48259.8
48357.8
48547.8
48813.4
48814.212
48894.5
48914.2
49414.3
49914.1
50986.4
51165.5
51504.8
51562.8
51685.8
51735.8
51741.8
51789.8
51930.4
51931.212
52003.5
52031.2
52531.3
53031.1
53847.4
54147.5
54607.8
54699.8
54728.8
54735.8
54737.8
54769.8
54772.8
54778.8
54849.8
54915.8
55073.4
55074.212
55147.5
55174.2
55674.3
56174.1
56956.4
57107.5
57340.4
57489.5
57701.8
57776.8
57788.8
57831.8
57982.8
57993.8
58165.4
58166.212
58239.5
58266.2
58766.3
59266.1
62190.8
62202.8
62212.8
62312.8
62317.8
62398.211
62398.4
62399.1
62536.5
62660.8
62739.8
62937.211
62937.4
62938.1
63102.5
63395.8
63401.8
63435.8
63541.8
63547.8
63704.8
63842.4
63843.212
63943.2
63947.5
64443.3
64943.1
66599.4
66740.5
66905.8
66915.8
66969.8
67072.8
67159.8
67163.8
67293.4
67294.212
67376.5
67394.2
67894.3
68394.1
68992.4
69152.5
69295.4
69634.5
70180.8
70194.8
70225.8
70388.8
70441.8
70600.4
70601.212
70694.5
70701.2
71201.3
71701.1
72333.4
72631.5
73652.8
73731.8
73892.211
73892.4
73893.1
74094.5
74283.8
74337.8
74344.8
74346.8
74351.8
74401.8
74403.8
74519.8
74521.8
74696.4
74697.212
74797.2
74863.5
75297.3
75797.1
80190.4
80475.5
80661.8
80744.8
80914.8
80946.8
81109.4
81110.212
81195.5
81210.2
81710.3
82210.1
84343.4
84533.5
84583.4
84628.5
84847.8
84917.8
84926.8
84978.8
85161.8
85165.8
85185.8
85310.4
85311.212
85385.5
85411.2
85911.3
86411.1
88215.4
88437.5
88629.8
88680.8
88850.8
88918.211
88918.4
88919.1
89236.5
89361.8
89413.8
89417.8
89473.8
89735.4
89736.212
89807.5
89836.2
90336.3
90836.1
91662.4
92070.5
92330.8
92372.8
92376.8
92445.8
92612.211
92612.4
92613.1
92708.5
92889.8
92925.8
92933.8
92957.8
93078.8
93099.8
93105.8
93264.4
93265.212
93353.5
93365.2
93865.3
94365.1
94881.4
95047.5
96419.8
96598.8
96763.4
96764.212
96864.2
96876.5
97364.3
97505.4
97562.5
97864.1
99496.4
99800.5
100181.8
100476.211
100476.4
100477.1
100762.5
100978.8
101013.8
101045.8
101127.8
101285.4
101286.212
101286.5
101287.4
101358.5
101386.2
101886.3
102386.1
103351.4
103449.5
104432.4
104506.5
104767.8
105035.211
105035.4
105036.1
105371.5
105526.8
105569.8
105571.8
105615.8
105654.8
105823.8
105992.4
105993.212
106093.2
106097.5
106593.3
107093.1
108658.4
108790.5
108978.8
109377.4
109378.212
109458.5
109478.2
109978.3
110478.1
111866.4
112047.5
112514.8
112842.4
112843.212
112926.5
112943.2
113443.3
113943.1
114867.4
115336.5
117059.4
117098.5
118467.8
118597.8
118653.211
118653.4
118654.1
118856.5
118987.8
118991.8
119026.8
119050.8
119058.8
119253.211
119253.4
119254.1
119350.5
119578.8
119593.8
119597.8
119607.8
119749.8
119890.4
119891.212
119991.2
120034.5
120491.3
120991.1
121716.4
121943.5
122401.4
122426.5
123734.4
123747.5
123751.4
123899.5
129734.4
129806.5
129947.4
130074.5
137816.4
137865.5
141865.4
141919.5
151300.4
151425.5
154141.4
154176.5
163629.4
163632.5
163633.4
163707.5
169132.4
169166.5
173636.8
173737.8
174111.4
174112.212
174212.2
174272.5
174702.4
174712.3
174959.5
174976.4
175109.5
175212.1
176937.8
177012.211
177012.4
177013.1
180000.9
123456789
11
14
15
11
14
15
10
FI
2
2
10
45
27
11
18
27
6
2
526
0
0
0
314159265
24
171
105
180000
314159265
0.1
914.8
926.8
1032.211
1032.4
1033.1
1125.5
1300.8
1311.8
1325.8
1445.8
1556.211
1556.4
1557.1
1634.5
2253.4
2317.5
2403.8
2443.8
2449.8
2546.8
2682.211
2682.4
2683.1
2891.5
3064.8
3369.8
3436.8
3440.8
3592.4
3593.212
3684.5
3693.2
4193.3
4693.1
4913.4
5040.5
5113.4
5175.5
5324.8
5348.8
5452.8
5465.8
5603.211
5603.4
5604.1
5761.5
5835.4
5856.5
6019.8
6030.8
6057.8
6204.8
6253.8
6359.4
6360.212
6460.2
6524.5
6960.3
7460.1
7710.4
8195.5
8398.8
8441.8
8455.8
8533.8
8559.8
8673.211
8673.4
8674.1
8861.5
9075.8
9095.8
9098.8
9280.8
9312.8
9344.8
9445.4
9446.212
9545.5
9546.2
10046.3
10061.4
10269.5
10509.4
10546.1
10846.5
11016.4
11119.5
11244.8
11253.8
11257.8
11262.8
11320.8
11426.8
11459.8
11564.4
11565.212
11665.2
12005.5
12165.3
12499.8
12665.1
12675.8
12782.211
12782.4
12783.1
13137.5
13272.8
13305.8
13344.8
13496.8
13499.8
13526.8
13547.8
13678.4
13679.212
13771.5
13779.2
14279.3
14779.1
15153.4
15545.5
16359.4
16574.5
18125.8
18234.8
18237.8
18391.211
18391.4
18392.1
18570.5
18663.4
18686.5
18691.4
18745.5
18836.8
18847.8
19044.8
19078.8
19287.8
19326.8
19375.8
19474.4
19475.212
19558.5
19575.2
20075.3
20575.1
21150.4
21152.5
21154.4
21258.5
22899.8
22951.8
23244.8
23418.8
23547.4
23548.212
23622.5
23648.2
24148.3
24648.1
25241.4
25244.5
25251.4
25431.5
26052.4
26611.5
26623.4
26725.5
27382.8
27396.8
27405.8
27637.211
27637.4
27638.1
27998.5
28172.8
28307.8
28312.8
28316.8
28506.4
28507.212
28601.5
28607.2
29107.3
29607.1
31355.8
31414.8
31421.8
31586.8
31715.4
31716.212
31790.5
31816.2
32316.3
32816.1
33804.4
34003.5
34284.8
34367.8
34608.4
34609.212
34709.2
34882.5
35005.4
35209.3
35237.5
35447.8
35521.8
35670.8
35709.1
35889.4
36350.5
36584.8
36761.8
36953.4
36954.212
37047.5
37054.2
37554.3
38054.1
39030.4
39035.5
39036.4
39514.5
41648.4
41884.5
42071.8
42073.8
42315.211
42315.4
42316.1
42525.5
42527.4
42687.5
42881.8
42922.8
42934.8
42982.8
42987.8
43183.4
43184.212
43284.2
43312.5
43784.3
44284.1
45095.4
45368.5
45583.4
45661.5
46138.8
46324.211
46324.4
46325.1
46540.5
46558.4
46613.5
46795.8
46801.8
46862.8
46867.8
46869.8
47037.8
47040.8
47116.4
47117.212
47197.5
47217.2
47717.3
48217.1
49015.4
49017.5
49019.4
49206.5
50714.8
50766.8
50962.211
50962.4
50963.1
51302.5
51461.8
51535.8
51537.8
51545.8
51574.8
51593.8
51595.8
51733.8
51863.4
51864.212
51964.2
51982.5
52366.4
52459.5
52464.3
52964.1
54084.4
54580.5
55685.8
55750.8
55929.8
55931.8
55938.8
56020.4
56021.212
56121.2
56201.5
56621.3
57121.1
58916.4
59092.5
59619.8
59674.8
59857.211
59857.4
59858.1
60097.5
60289.8
60299.8
60304.8
60344.8
60350.8
60478.8
60558.211
60558.4
60559.1
60724.5
60825.4
60848.5
61009.8
61095.8
61100.8
61185.8
61442.4
61443.212
61535.5
61543.2
62043.3
62379.4
62455.5
62543.1
63432.4
63630.5
63943.8
64124.8
64262.4
64263.212
64346.5
64363.2
64863.3
65363.1
66966.4
67144.5
67461.8
67464.8
67747.211
67747.4
67748.1
67948.5
68186.8
68227.8
68379.8
68384.8
68483.211
68483.4
68484.1
68542.5
68881.4
68916.5
69068.8
69114.8
69379.4
69380.212
69467.5
69480.2
69980.3
70480.1
71791.4
71920.5
72285.8
72288.8
72348.8
72542.211
72542.4
72543.1
72672.5
73033.8
73180.8
73238.211
73238.4
73239.1
73568.5
73698.8
73701.8
73705.8
73715.8
73768.8
73923.8
73974.8
74001.8
74139.4
74140.212
74237.5
74240.2
74740.3
75240.1
82462.8
82467.8
82563.211
82563.4
82564.1
82588.5
82705.8
82982.211
82982.4
82983.1
83013.5
83134.4
83188.5
83488.8
83544.8
83547.8
83607.8
84044.4
84045.212
84145.2
84337.5
84645.3
85145.1
85165.4
85283.5
85886.4
86001.5
89235.4
89412.5
92837.4
92941.5
102686.8
102916.211
102916.4
102917.1
103070.5
109008.4
109127.5
114635.8
114738.211
114738.4
114739.1
114778.5
114804.4
114932.5
115002.8
116050.4
116051.212
116151.2
116184.5
116651.3
117151.1
117497.4
117732.5
117875.4
117960.5
120813.4
120860.5
128969.8
129063.8
129202.211
129202.4
129203.1
129287.5
129383.8
129425.8
130509.8
130563.8
130575.8
130740.8
130755.8
130860.8
131034.4
131035.212
131135.2
131144.5
131635.3
132135.1
140742.4
140856.5
141983.8
145280.8
145530.4
145531.212
145631.2
145734.5
146131.3
146631.1
149894.8
150032.211
150032.4
150033.1
150106.5
152076.4
152158.5
153948.4
154000.5
154095.8
155534.4
155535.212
155635.2
155695.5
156135.3
156635.1
157182.4
157406.5
158730.4
158870.5
159324.4
159438.5
163973.4
163974.5
163975.4
164094.5
172274.4
180000.9
123456789
11
15
15
11
15
15
10
FI
2
2
10
46
31
11
19
31
6
2
510
0
0
0
314159265
19
181
96
180000
314159265
0.1
663.8
680.8
745.211
745.4
746.1
749.5
1200.8
1207.8
1234.8
1407.211
1407.4
1408.1
1473.5
1573.4
1589.5
1653.8
1786.8
1909.211
1909.4
1910.1
1937.5
2042.4
2060.5
2065.4
2098.5
2208.8
2236.8
2240.8
2405.8
2482.8
2664.8
2774.4
2775.212
2859.5
2875.2
3011.4
3014.5
3016.4
3059.5
3375.3
3875.1
4402.4
4637.5
4819.8
4866.8
4934.8
5120.8
5153.8
5317.8
5333.8
5349.8
5461.4
5462.212
5548.5
5562.2
6062.3
6538.4
6540.5
6541.4
6542.5
6544.4
6562.1
7042.5
7295.8
7351.8
7507.8
7642.4
7643.212
7733.5
7743.2
8243.3
8743.1
9080.4
9479.5
9652.8
9786.8
9949.211
9949.4
9950.1
10307.5
10386.4
10404.5
10492.8
10503.8
10536.8
10758.8
10853.4
10854.212
10954.2
10957.5
11019.4
11060.5
11454.3
11954.1
12299.4
12305.5
12306.4
12397.5
12490.4
12803.5
12944.8
13009.8
13153.8
13161.8
13214.211
13214.4
13215.1
13526.5
13695.8
13725.8
13730.8
13755.8
13840.8
13858.8
14014.4
14015.212
14115.2
14131.5
14615.3
15115.1
15596.4
15945.5
16102.8
16143.8
16177.8
16276.8
16352.211
16352.4
16353.1
16591.5
16733.8
16763.8
16765.8
16766.8
16794.8
16799.8
16963.211
16963.4
16964.1
17104.5
17167.4
17345.5
17469.8
17479.8
17493.8
17507.8
17534.8
17559.8
17563.8
17595.8
17602.8
17743.211
17743.4
17744.1
18132.5
18219.8
18253.8
18284.8
18307.8
18312.8
18438.8
18516.8
18642.4
18643.212
18719.5
18743.2
19243.3
19743.1
20121.4
20285.5
20583.8
20617.8
20631.8
20792.211
20792.4
20793.1
20894.5
21731.8
21818.8
21891.211
21891.4
21892.1
22149.5
22344.8
22360.8
22363.8
22386.8
22394.8
22686.4
22687.212
22778.5
22787.2
23287.3
23787.1
25504.4
25679.5
25873.8
25932.8
25939.8
26017.8
26168.211
26168.4
26169.1
26384.5
26500.8
26530.8
26576.8
26783.211
26783.4
26784.1
27067.5
27219.8
27381.211
27381.4
27382.1
27612.5
27725.8
27727.8
27750.8
27765.8
27786.8
27809.8
27854.8
27948.8
27971.8
28060.4
28061.212
28158.5
28161.2
28661.3
29161.1
30826.4
30977.5
31219.8
31235.8
31382.8
31542.8
31611.4
31612.212
31694.5
31712.2
32212.3
32712.1
33148.4
33674.5
34076.4
34170.5
34666.4
34668.5
34669.4
34702.5
34861.8
34863.8
34918.8
34939.8
34985.8
34998.8
35127.8
35203.8
35331.4
35332.212
35410.5
35432.2
35932.3
36432.1
37173.4
37247.5
37471.4
37604.5
38096.4
38113.5
38130.4
38132.5
38134.4
38274.5
38581.4
38910.5
39135.8
39264.8
39422.211
39422.4
39423.1
39693.5
39838.8
39854.8
39856.8
39866.8
39868.8
39894.8
39898.8
39913.8
40089.8
40152.4
40153.212
40232.5
40253.2
40753.3
41253.1
45860.4
45910.5
46028.8
46106.8
46109.8
46249.211
46249.4
46250.1
46287.5
46308.4
46347.5
46476.8
46484.8
46508.8
46527.8
46544.8
46641.8
46763.211
46763.4
46764.1
46870.5
47181.8
47198.8
47307.8
47408.211
47408.4
47409.1
47443.5
47624.8
47697.8
47723.8
47817.8
47907.211
47907.4
47908.1
47985.5
47990.4
48035.5
48172.8
48174.8
48210.8
48215.8
48252.8
48374.8
48500.4
48501.212
48596.5
48601.2
49101.3
49601.1
51026.4
51211.5
51479.8
51714.211
51714.4
51715.1
51863.5
52011.8
52014.8
52072.8
52121.8
52215.8
52311.211
52311.4
52312.1
52370.5
52563.4
52623.5
52692.8
52728.8
52737.8
52771.8
52863.8
52870.8
52952.8
52995.8
53069.4
53070.212
53170.2
53203.5
53670.3
54170.1
54936.4
54950.5
54951.4
55172.5
55646.8
55894.8
55981.4
55982.212
56082.2
56094.5
56582.3
57082.1
57949.4
58169.5
63566.4
63588.5
69414.8
69591.211
69591.4
69592.1
69621.5
69682.8
69685.8
70001.8
70006.8
70016.8
71041.8
71164.8
71167.8
71279.4
71280.212
71380.2
71441.5
71880.3
72380.1
76524.4
76658.5
79372.4
79467.5
85855.4
85935.5
94990.8
95062.211
95062.4
95063.1
95173.5
100234.8
100292.211
100292.4
100293.1
100539.5
106999.8
107106.211
107106.4
107107.1
107158.5
113339.8
113449.211
113449.4
113450.1
113513.5
128527.4
128655.5
129412.8
131107.4
131108.212
131208.2
131247.5
131708.3
132208.1
138664.8
138738.211
138738.4
138739.1
138847.5
138867.4
138947.5
145379.8
145474.211
145474.4
145475.1
145510.5
147043.8
147115.211
147115.4
147116.1
147141.5
147442.8
147503.211
147503.4
147504.1
147611.5
148685.8
150950.4
150951.212
151051.2
151098.5
151551.3
152051.1
156029.4
156095.5
160999.4
161095.5
162526.4
162587.5
163364.8
168714.8
168718.8
169217.8
169274.8
169329.4
169330.212
169430.2
169433.5
169930.3
170430.1
171213.8
171225.8
171408.8
171579.4
171580.212
171664.5
171680.2
172180.3
172680.1
178826.4
180000.9
123456789
11
16
15
11
16
15
10
FI
2
2
10
49
16
11
22
16
6
2
665
0
0
0
314159265
29
192
143
180000
314159265
0.1
150.8
214.211
214.4
215.1
245.5
527.8
535.8
593.211
593.4
594.1
657.5
1306.4
1322.5
1364.4
1413.5
1581.8
1600.8
1700.8
1824.211
1824.4
1825.1
1922.5
2014.4
2045.5
2174.8
2178.8
2183.8
2314.8
2506.4
2507.212
2591.5
2607.2
3107.3
3607.1
3955.4
4174.5
4281.8
4299.8
4545.211
4545.4
4546.1
4840.5
4923.4
4939.5
5086.8
5119.8
5142.8
5366.211
5366.4
5367.1
5433.5
5609.8
5620.8
5644.8
5811.211
5811.4
5812.1
5949.5
6020.4
6180.5
6369.8
6408.8
6413.8
6466.8
6489.8
6772.8
6775.8
6821.8
6880.4
6881.212
6952.5
6981.2
7481.3
7981.1
8124.4
8257.5
8431.8
8503.8
8506.8
8511.8
8534.8
8643.8
8666.8
8750.4
8751.212
8817.5
8851.2
9351.3
9851.1
10009.4
10449.5
10652.8
10678.8
10895.8
10979.4
10980.212
11080.2
11101.5
11379.4
11454.5
11580.3
12080.1
12453.4
12637.5
12638.4
12643.5
12645.4
12651.5
12967.4
13095.5
14046.8
14200.8
14268.211
14268.4
14269.1
14408.5
14567.8
14595.8
14761.8
14820.211
14820.4
14821.1
14895.5
14978.4
15120.5
15506.8
15713.8
15722.8
15772.211
15772.4
15773.1
15882.5
16043.8
16091.8
16105.8
16193.8
16362.4
16363.212
16463.2
16492.5
16963.3
17463.1
17930.4
18234.5
18456.8
18477.8
18487.8
18640.8
18802.8
18867.4
18868.212
18940.5
18968.2
19468.3
19968.1
20241.4
20553.5
20680.4
21017.5
21132.4
21158.5
21274.8
21285.8
21313.8
21318.8
21352.8
21455.8
21494.8
21519.8
21624.4
21625.212
21705.5
21725.2
22225.3
22725.1
22997.4
23347.5
23650.8
23692.8
23750.8
23962.4
23963.212
24038.5
24063.2
24563.3
25063.1
25487.4
25490.5
25494.4
25902.5
26242.8
26249.8
26255.8
26293.8
26462.8
26572.4
26573.212
26673.2
26817.5
27173.3
27346.8
27408.4
27589.5
27652.4
27673.1
27697.5
27881.8
27936.8
28144.8
28178.8
28307.4
28308.212
28390.5
28408.2
28908.3
29408.1
29982.4
30284.5
30559.8
30568.8
30723.8
30751.8
30811.211
30811.4
30812.1
31126.5
31275.8
31301.8
31311.8
31547.8
31563.8
31626.4
31627.212
31718.5
31727.2
32227.3
32727.1
33139.4
33239.5
34348.4
34453.5
34958.8
34967.8
34970.8
35288.4
35289.212
35378.5
35389.2
35889.3
36389.1
37203.4
37322.5
37686.8
37724.8
37728.8
37780.8
37917.8
37983.211
37983.4
37984.1
38179.5
38196.4
38345.5
38471.8
38529.8
38570.8
38859.4
38860.212
38946.5
38960.2
39460.3
39960.1
41018.4
41163.5
41938.4
41970.5
42312.8
42337.8
42634.4
42635.212
42725.5
42735.2
43235.3
43735.1
43910.4
44066.5
44287.8
44300.8
44318.8
44349.8
44354.8
44366.8
44372.8
44542.8
44608.4
44609.212
44680.5
44709.2
45209.3
45709.1
46391.4
46583.5
46971.8
47013.8
47018.8
47071.8
47209.211
47209.4
47210.1
47288.5
47388.4
47423.5
47446.4
47551.5
47669.8
47707.8
47789.8
47958.211
47958.4
47959.1
48185.5
48271.8
48281.8
48290.8
48326.8
48366.8
48696.4
48697.212
48794.5
48797.2
49040.4
49108.5
49297.3
49797.1
50929.4
50932.5
50939.4
51093.5
51316.8
51498.8
51673.4
51674.212
51746.5
51774.2
52274.3
52774.1
53659.4
53958.5
54117.8
54289.8
54321.8
54575.4
54576.212
54676.2
54689.5
55176.3
55676.1
56312.4
56624.5
57034.4
57234.5
57415.8
57460.8
57727.4
57728.212
57828.2
57892.5
58328.3
58828.1
59532.4
59648.5
59850.4
60145.5
60193.4
60468.5
61254.4
61361.5
61518.8
61716.211
61716.4
61717.1
61939.5
62357.4
62397.5
62507.4
62582.5
62785.8
62798.8
62804.8
63061.211
63061.4
63062.1
63153.5
63336.8
63642.4
63643.212
63743.2
63743.5
64243.3
64743.1
65748.4
66208.5
66389.8
66575.211
66575.4
66576.1
66839.5
67263.4
67467.5
67644.4
67795.5
67875.8
67887.8
67908.8
67951.8
68136.211
68136.4
68137.1
68463.5
68544.4
68601.5
68686.8
68724.8
68755.8
68858.8
68862.8
68889.8
69011.8
69013.8
69072.4
69073.212
69173.2
69673.3
69856.5
69972.4
70082.5
70173.1
70185.4
70251.5
70359.4
70395.5
70470.8
70478.8
70780.4
70781.212
70862.5
70881.2
71381.3
71881.1
72372.4
72509.5
72623.4
73288.5
73320.4
73443.5
73538.4
73568.5
76410.4
76505.5
76659.4
76663.5
76693.4
76839.5
77505.8
77516.8
77761.211
77761.4
77762.1
77854.5
78238.4
78271.5
80962.4
81065.5
81590.4
81648.5
81857.4
81960.5
86019.4
86057.5
88442.4
88495.5
91533.4
91766.5
91930.8
92024.8
92094.211
92094.4
92095.1
92204.5
92389.8
92634.211
92634.4
92635.1
92758.5
92852.4
92898.5
93834.8
93914.211
93914.4
93915.1
94089.5
94260.8
94271.8
94277.8
94444.8
94533.211
94533.4
94534.1
94568.5
94718.8
94721.8
94999.211
94999.4
95000.1
95035.5
96604.8
96904.8
97022.4
97023.212
97123.2
97149.5
97623.3
98123.1
99019.4
99040.5
99438.8
99846.8
99964.4
99965.212
100065.2
100082.5
100565.3
101065.1
104213.4
104345.5
104415.8
104550.211
104550.4
104551.1
104606.5
105644.8
105868.211
105868.4
105869.1
105967.5
109198.8
109219.8
109294.8
109383.211
109383.4
109384.1
109456.5
110230.8
110605.8
110885.4
110886.212
110986.2
111028.5
111486.3
111986.1
114784.8
114918.8
115105.8
115155.4
115156.212
115256.2
115307.5
115756.3
115992.4
116056.5
116159.4
116231.5
116256.1
116907.8
116964.211
116964.4
116965.1
117105.5
117555.8
117584.8
117839.211
117839.4
117840.1
117950.5
118264.8
118293.8
118296.8
118742.8
126346.4
126347.212
126349.5
126365.4
126447.2
126521.5
126574.4
126605.5
126947.3
127447.1
135100.4
135156.5
136084.8
136149.211
136149.4
136150.1
136158.5
136167.4
136198.5
136558.8
136703.211
136703.4
136704.1
136825.5
137357.8
137491.8
137549.211
137549.4
137550.1
137771.5
144030.4
144076.5
155170.4
155210.5
155275.4
155344.5
158131.8
158639.8
158776.8
158847.4
158848.212
158948.2
159014.5
159448.3
159948.1
166974.4
167004.5
170178.8
170234.211
170234.4
170235.1
170379.5
174645.8
174702.211
174702.4
174703.1
174707.5
175243.8
175253.8
175328.8
175502.211
175502.4
175503.1
175588.5
175678.8
175854.8
176288.8
176315.8
176362.4
176363.212
176463.2
176501.5
176963.3
180000.9
123456789
11
17
15
11
17
15
10
FI
2
2
10
49
57
11
22
57
6
2
898
0
0
0
314159265
32
283
182
180000
314159265
0.1
759.8
842.8
952.211
952.4
953.1
1101.5
1260.8
1269.8
1339.8
1421.8
1475.8
1607.4
1608.212
1693.5
1708.2
2208.3
2658.4
2708.1
2741.5
2871.4
3529.5
3638.8
3652.8
3936.211
3936.4
3937.1
4327.5
4444.8
4618.8
4733.211
4733.4
4734.1
4802.5
4875.4
4983.5
5132.8
5147.8
5178.8
5260.8
5286.8
5293.8
5307.8
5317.8
5429.8
5546.4
5547.212
5633.5
5647.2
6147.3
6647.1
6739.4
6932.5
6933.4
6940.5
7404.8
7456.8
7586.211
7586.4
7587.1
7765.5
7833.4
7855.5
7993.8
8131.8
8144.8
8165.8
8320.4
8321.212
8398.5
8421.2
8921.3
9421.1
9454.4
9818.5
9958.4
9987.5
10124.8
10233.8
10253.8
10416.211
10416.4
10417.1
10586.5
10993.4
11106.5
11179.4
11264.5
11351.4
11368.5
11464.8
11491.8
11506.8
11708.211
11708.4
11709.1
11770.5
11786.4
12037.5
12209.8
12253.8
12321.8
12430.8
12450.8
12512.4
12513.212
12587.5
12613.2
13113.3
13613.1
14042.4
14150.5
14247.4
14541.5
14818.8
14993.8
15020.8
15082.211
15082.4
15083.1
15297.5
15438.8
15604.8
15635.8
15696.211
15696.4
15697.1
15851.5
16045.8
16081.8
16263.211
16263.4
16264.1
16294.5
16370.4
16466.5
16555.4
16590.5
16701.8
16756.8
16822.8
16840.8
16891.8
16902.8
16967.211
16967.4
16968.1
17024.5
17028.4
17057.5
17389.8
17402.8
17477.211
17477.4
17478.1
17587.5
17821.4
17851.5
17934.8
17971.8
18003.8
18072.8
18318.4
18319.212
18400.5
18419.2
18919.3
19419.1
19488.4
19782.5
19787.4
19790.5
20060.8
20270.211
20270.4
20271.1
20321.5
21302.8
21521.8
21609.4
21610.212
21710.2
21729.5
22210.3
22710.1
23042.4
23143.5
23655.8
23864.8
23897.8
23972.4
23973.212
24063.5
24073.2
24202.4
24254.5
24573.3
25073.1
25652.4
25713.5
25742.4
25959.5
26948.8
26963.8
27082.8
27136.211
27136.4
27137.1
27271.5
27446.8
27457.8
27534.8
27645.211
27645.4
27646.1
27926.5
28010.4
28034.5
28114.8
28214.8
28455.8
28459.8
28515.4
28516.212
28599.5
28616.2
29116.3
29616.1
29842.4
29981.5
30668.4
30788.5
31049.8
31125.8
31401.4
31402.212
31498.5
31502.2
32002.3
32502.1
33007.4
33233.5
34881.4
35079.5
35419.8
35554.211
35554.4
35555.1
35898.5
36063.8
36100.8
36260.211
36260.4
36261.1
36482.5
36612.8
36633.8
36640.8
36661.8
36663.8
36729.8
36762.8
36874.211
36874.4
36875.1
37048.5
37243.8
37252.8
37263.8
37292.8
37394.8
37397.8
37501.8
37566.4
37567.212
37643.5
37667.2
38167.3
38667.1
38799.4
39022.5
39279.8
39471.211
39471.4
39472.1
39541.5
39779.8
39811.8
39813.8
39979.211
39979.4
39980.1
40013.5
40093.4
40158.5
40435.8
40461.8
40589.211
40589.4
40590.1
40647.5
40733.4
40761.5
41016.8
41055.8
41201.211
41201.4
41202.1
41292.5
41294.4
41325.5
41508.8
41536.8
41566.8
41573.8
41713.8
41731.8
41776.8
41860.4
41861.212
41947.5
41961.2
42461.3
42961.1
43037.4
43133.5
46041.4
46154.5
46249.8
46564.8
46613.4
46614.212
46691.5
46714.2
47214.3
47714.1
48126.4
48358.5
48608.8
48625.8
48628.8
48691.8
48821.211
48821.4
48822.1
48907.5
49077.8
49098.8
49113.8
49151.8
49154.8
49356.211
49356.4
49357.1
49428.5
49533.8
49675.8
49854.4
49855.212
49949.5
49955.2
50455.3
50955.1
51628.4
52108.5
52272.8
52334.8
52459.8
52583.4
52584.212
52684.2
52688.5
53184.3
53684.1
53880.4
53882.5
53888.4
53980.5
54066.4
54343.5
54519.4
55038.5
55040.4
55139.5
55343.8
55392.8
55394.8
55427.8
55580.211
55580.4
55581.1
55816.5
55965.8
56001.8
56026.8
56033.8
56042.8
56135.8
56260.8
56359.4
56360.212
56439.5
56460.2
56960.3
57460.1
58019.4
58179.5
58238.4
58403.5
58756.8
58866.8
59005.8
59012.8
59033.8
59091.4
59092.212
59175.5
59192.2
59608.4
59692.3
59709.5
60192.1
60251.4
60519.5
60783.8
60834.8
60895.8
61032.211
61032.4
61033.1
61184.5
61346.8
61571.211
61571.4
61572.1
61752.5
61895.8
61918.8
61958.8
61975.8
62144.211
62144.4
62145.1
62319.5
62449.8
62467.8
62493.8
62520.8
62553.8
62755.4
62756.212
62847.5
62856.2
63356.3
63856.1
64281.4
64556.5
64672.8
64771.8
64773.8
64802.8
64943.211
64943.4
64944.1
65075.5
65249.8
65254.8
65298.8
65323.8
65396.8
65400.8
65441.8
65602.4
65603.212
65695.5
65703.2
66203.3
66703.1
67371.4
67579.5
67785.8
67848.8
67887.8
68011.8
68076.211
68076.4
68077.1
68164.5
68320.4
68449.5
68555.8
68570.8
68590.8
68621.8
68801.211
68801.4
68802.1
68963.5
69141.8
69163.8
69178.8
69337.8
69499.4
69500.212
69576.5
69600.2
70100.3
70600.1
71260.4
71640.5
71815.8
71854.8
71857.8
72101.211
72101.4
72102.1
72472.5
72536.8
72566.8
72626.8
72799.211
72799.4
72800.1
72835.5
72913.4
73159.5
73282.8
73311.8
73315.8
73430.8
73495.211
73495.4
73496.1
73742.5
74126.8
74198.211
74198.4
74199.1
74366.5
74513.8
74531.8
74649.8
74668.8
74671.8
74678.8
74680.8
74833.8
74851.8
74908.4
74909.212
74979.5
75009.2
75509.3
76009.1
76558.4
76810.5
77060.8
77350.211
77350.4
77351.1
77389.5
78926.8
78931.8
79098.8
79215.211
79215.4
79216.1
79277.5
79422.8
79471.8
79602.8
79726.4
79727.212
79810.5
79827.2
80327.3
80827.1
81624.4
81848.5
83013.8
83197.211
83197.4
83198.1
83317.5
83525.8
83758.8
83762.8
83825.211
83825.4
83826.1
83894.5
84086.8
84282.8
84286.8
84347.211
84347.4
84348.1
84380.5
84969.4
85007.5
85144.8
85279.8
85318.8
85321.8
85380.211
85380.4
85381.1
85415.5
86048.4
86051.5
86154.8
86296.8
86412.8
86477.4
86478.212
86578.2
86595.5
87078.3
87578.1
87881.4
88206.5
94010.4
94027.5
94097.8
94254.8
94386.211
94386.4
94387.1
94429.5
94612.8
94636.8
94642.8
94799.8
94800.8
94814.8
94916.4
94917.212
95017.2
95026.5
95517.3
96017.1
96344.4
96407.5
96935.4
96968.5
97155.4
97183.5
97274.8
97320.8
97323.8
97433.8
97473.8
97585.4
97586.212
97660.5
97686.2
98186.3
98686.1
99032.4
99151.5
99383.8
99656.211
99656.4
99657.1
99753.5
99853.8
99868.8
100041.8
100107.211
100107.4
100108.1
100157.5
100287.8
100420.8
100430.8
100440.8
100445.8
100581.211
100581.4
100582.1
100610.5
100697.4
100720.5
100828.8
100831.8
100994.8
101103.211
101103.4
101104.1
101140.5
101391.8
101520.211
101520.4
101521.1
101549.5
101630.4
101640.5
102011.8
102128.211
102128.4
102129.1
102158.5
102225.8
103315.8
103440.4
103441.212
103541.2
103591.5
104041.3
104541.1
105983.4
105993.5
106495.4
106508.5
106805.4
106806.5
107037.8
110730.4
110731.212
110831.2
110887.5
111331.3
111831.1
112617.4
112724.5
114385.8
114526.8
114650.211
114650.4
114651.1
114760.5
116568.4
116603.5
116758.8
116863.8
117052.8
117111.4
117112.212
117210.5
117212.2
117712.3
118212.1
118423.4
118579.5
119841.4
120104.5
120733.4
120746.5
122103.8
122225.8
122307.211
122307.4
122308.1
122332.5
122884.8
122998.8
123146.211
123146.4
123147.1
123195.5
123460.8
123573.211
123573.4
123574.1
123635.5
123939.8
124255.4
124256.212
124356.2
124391.5
124395.4
124416.5
124856.3
125356.1
125622.4
125645.5
125731.8
125752.8
125756.8
125838.8
126059.4
126060.212
126061.5
126071.4
126160.2
126191.5
126660.3
127035.4
127160.1
127207.5
127267.8
127305.8
127550.211
127550.4
127551.1
127616.5
127631.4
127638.5
127699.8
127705.8
127711.8
127730.8
127833.211
127833.4
127834.1
127977.5
128109.8
128176.211
128176.4
128177.1
128205.5
128743.8
128749.8
128783.8
129023.211
129023.4
129024.1
129068.5
129192.8
129214.8
129441.211
129441.4
129442.1
129469.5
129635.8
129653.8
129826.8
129957.4
129958.212
130058.2
130234.5
130558.3
131058.1
131521.4
132036.5
133081.4
133104.5
138081.8
138805.4
138806.212
138906.2
138906.5
139406.3
139906.1
144671.4
144737.5
146139.4
146214.5
150468.8
150598.211
150598.4
150599.1
150661.5
151452.8
151556.211
151556.4
151557.1
151663.5
152595.8
152664.211
152664.4
152665.1
152759.5
152767.4
152774.5
152983.8
153018.8
153144.211
153144.4
153145.1
153405.5
156146.8
157279.4
157280.212
157380.2
157383.5
157386.4
157389.5
157880.3
158380.1
159207.4
159310.5
164938.4
164943.5
169206.4
169288.5
174045.4
174101.5
174729.4
174731.5
174733.4
174760.5
174776.4
174803.5
179424.4
180000.9
123456789
11
18
15
11
18
15
10
FI
2
2
10
46
34
11
19
34
6
2
834
0
0
0
314159265
39
241
167
180000
314159265
0.1
188.8
572.4
573.212
673.2
673.5
1049.4
1173.3
1199.5
1347.4
1437.5
1549.8
1673.1
1728.8
1754.8
1858.211
1858.4
1859.1
1917.5
2001.4
2014.5
2112.4
2131.5
2243.8
2298.8
2469.8
2593.4
2594.212
2694.2
2698.5
3194.3
3661.4
3694.1
3968.5
4121.8
4226.8
4232.8
4251.8
4266.8
4274.8
4443.4
4444.212
4535.5
4544.2
5020.4
5044.3
5100.5
5169.4
5253.5
5412.4
5544.1
6155.5
6340.8
6355.8
6530.8
6602.211
6602.4
6603.1
6855.5
6987.8
7000.8
7040.8
7051.8
7226.211
7226.4
7227.1
7409.5
7473.4
7691.5
7764.8
7793.8
7799.8
7827.8
8083.4
8084.212
8165.5
8184.2
8684.3
9118.4
9184.1
9781.5
10009.8
10050.8
10228.8
10257.8
10269.8
10351.4
10352.212
10427.5
10452.2
10952.3
11452.1
11454.4
11822.5
11939.8
11963.8
11991.8
11996.8
12131.8
12367.4
12368.212
12468.2
12540.5
12968.3
13468.1
13801.4
13938.5
14633.8
14661.8
14694.8
14793.8
14980.4
14981.212
15081.2
15083.5
15581.3
16081.1
16882.4
16996.5
18014.8
18109.211
18109.4
18110.1
18188.5
18300.8
18349.8
18588.211
18588.4
18589.1
18708.5
18866.8
18895.8
19097.8
19152.211
19152.4
19153.1
19223.5
19292.4
19321.5
19474.8
19511.8
19732.211
19732.4
19733.1
19766.5
19861.4
19953.5
20039.8
20048.8
20051.8
20185.8
20297.211
20297.4
20298.1
20337.5
20505.8
20525.8
20589.8
20741.211
20741.4
20742.1
20796.5
21132.8
21167.8
21198.8
21278.8
21350.211
21350.4
21351.1
21493.5
21592.8
21720.8
21754.8
21908.4
21909.212
21995.5
22009.2
22509.3
23009.1
23060.4
23338.5
23447.8
23460.8
23497.8
23691.211
23691.4
23692.1
23777.5
23960.8
23962.8
23993.8
24103.8
24248.8
24250.8
24323.4
24324.212
24403.5
24424.2
24924.3
25424.1
25981.8
25984.8
25991.8
26033.8
26270.8
26375.4
26376.212
26456.5
26476.2
26976.3
27476.1
27860.4
28005.5
28138.8
28418.211
28418.4
28419.1
28495.5
28690.8
28718.8
28952.8
29070.4
29071.212
29156.5
29171.2
29671.3
30171.1
30389.4
30528.5
30728.8
30772.8
30920.8
31114.4
31115.212
31189.5
31215.2
31715.3
32215.1
32490.4
32669.5
32867.8
32871.8
32920.8
32973.8
33169.8
33229.4
33230.212
33330.2
33334.5
33542.4
33777.5
33830.3
33847.4
34316.5
34330.1
34455.4
35223.5
35332.4
35361.5
35601.8
35629.8
35754.211
35754.4
35755.1
35820.5
35905.4
35907.5
36352.4
36641.5
36748.8
36764.8
36767.8
36789.8
36792.8
36909.211
36909.4
36910.1
37050.5
37115.4
37132.5
37309.4
37320.5
37427.8
37677.211
37677.4
37678.1
37775.5
37914.8
38072.8
38094.8
38158.211
38158.4
38159.1
38247.5
38468.8
38612.8
38699.8
38709.8
38837.4
38838.212
38922.5
38938.2
39438.3
39938.1
40181.4
40557.5
40845.8
41191.4
41192.212
41279.5
41292.2
41792.3
42292.1
42363.4
42364.5
42365.4
42368.5
42370.4
42911.5
43069.8
43082.8
43095.8
43119.8
43130.8
43287.8
43450.4
43451.212
43537.5
43551.2
44051.3
44551.1
44839.4
44845.5
44846.4
44915.5
45246.4
45576.5
45789.8
45791.8
45829.8
45963.8
46028.211
46028.4
46029.1
46118.5
46272.8
46303.8
46582.4
46583.212
46664.5
46683.2
47183.3
47683.1
48140.4
48263.5
48469.8
48471.8
48760.211
48760.4
48761.1
48939.5
49067.8
49335.211
49335.4
49336.1
49398.5
49592.8
49610.8
49648.8
49850.211
49850.4
49851.1
50113.5
50209.8
50230.8
50238.8
50370.8
50376.8
50427.8
50437.8
50586.4
50587.212
50652.5
50687.2
51187.3
51687.1
52015.4
52177.5
52338.8
52370.8
52376.8
52387.8
52614.211
52614.4
52615.1
52834.5
53148.4
53218.5
53452.8
53627.8
53632.8
53636.8
53662.8
53793.4
53794.212
53866.5
53894.2
54394.3
54894.1
55244.4
55335.5
55615.8
56038.4
56039.212
56139.2
56270.5
56639.3
57139.1
57696.4
58475.5
58722.8
59013.8
59068.4
59069.212
59153.5
59169.2
59669.3
60169.1
60388.4
60562.5
62678.4
62818.5
62941.8
63100.8
63304.4
63305.212
63378.5
63405.2
63905.3
64405.1
65217.4
65330.5
65562.4
65735.5
66001.8
66020.8
66051.8
66197.211
66197.4
66198.1
66281.5
66448.8
66661.211
66661.4
66662.1
66765.5
66897.4
66936.5
67055.8
67091.8
67126.8
67272.211
67272.4
67273.1
67390.5
67718.8
67747.8
67834.211
67834.4
67835.1
67909.5
68116.8
68256.8
68372.211
68372.4
68373.1
68535.5
68666.8
68854.8
68892.8
68956.211
68956.4
68957.1
69110.5
69262.4
69291.5
69402.8
69447.8
69606.8
69610.8
69669.8
69776.4
69777.212
69857.5
69877.2
70377.3
70877.1
71391.4
71589.5
71829.8
71895.8
72132.4
72133.212
72233.2
72236.5
72733.3
73233.1
73410.4
73630.5
73885.8
73934.8
74088.8
74151.211
74151.4
74152.1
74222.5
74377.4
74442.5
74515.8
74521.8
74540.8
74562.8
74618.8
74826.8
74925.4
74926.212
75010.5
75026.2
75526.3
76026.1
76540.4
76664.5
76813.8
76827.8
76829.8
76861.8
76907.8
76972.8
77167.4
77168.212
77244.5
77268.2
77768.3
78268.1
78850.4
79203.5
79481.8
79484.8
79657.211
79657.4
79658.1
79787.5
79951.8
79966.8
79998.8
80228.211
80228.4
80229.1
80263.5
80517.8
80730.211
80730.4
80731.1
80792.5
80893.4
80927.5
81279.8
81319.8
81477.211
81477.4
81478.1
81529.5
81656.8
81663.8
81668.8
81807.8
81895.8
82041.4
82042.212
82111.5
82142.2
82642.3
83142.1
83606.4
83699.5
84032.8
84084.8
84235.211
84235.4
84236.1
84503.5
84586.8
84821.211
84821.4
84822.1
84846.5
85222.4
85244.5
85686.4
85712.5
85819.8
86005.8
86010.8
86194.4
86195.212
86295.2
86297.5
86795.3
87295.1
88045.4
88108.5
88274.8
88287.8
88293.8
88296.8
88529.8
88619.4
88620.212
88695.5
88720.2
89220.3
89720.1
90060.4
90261.5
93724.4
93943.5
95282.4
95298.5
95304.4
95398.5
95769.4
95794.5
95914.4
95969.5
96214.8
96407.211
96407.4
96408.1
96441.5
96671.8
96827.211
96827.4
96828.1
96864.5
97042.8
97148.8
97171.8
97384.4
97385.212
97475.5
97485.2
97985.3
98485.1
98904.4
98926.5
99728.4
99757.5
101503.8
101656.211
101656.4
101657.1
101709.5
101756.8
101940.211
101940.4
101941.1
101997.5
102098.8
102247.8
102443.4
102444.212
102524.5
102544.2
103044.3
103544.1
103587.4
103704.5
104251.8
104261.8
104266.8
104354.211
104354.4
104355.1
104373.5
104421.8
104529.8
104727.4
104728.212
104828.2
104852.5
105328.3
105828.1
107831.8
107894.211
107894.4
107895.1
107964.5
109336.8
109973.8
111207.4
111208.212
111297.5
111308.2
111808.3
112308.1
112424.4
112605.5
120189.4
120230.5
123168.8
123228.211
123228.4
123229.1
123304.5
124157.8
124699.8
124753.4
124754.212
124760.5
124761.4
124854.2
124883.5
125354.3
125854.1
128566.4
128636.5
128719.8
129011.211
129011.4
129012.1
129130.5
129138.4
129231.5
129336.8
130057.8
130181.8
130292.4
130293.212
130393.2
130452.5
130893.3
131393.1
131902.8
131941.8
132244.4
132245.212
132345.2
132389.5
132845.3
133345.1
137076.8
137152.211
137152.4
137153.1
137316.5
138119.8
138151.8
138640.4
138641.212
138741.2
138801.5
139241.3
139741.1
144485.4
144567.5
149295.8
149397.211
149397.4
149398.1
149545.5
150045.6
150064.6
150485.8
150834.8
150907.4
150908.212
151008.2
151042.5
151136.4
151191.5
151482.4
151508.3
151577.5
151610.4
151703.5
152008.1
152785.4
153000.5
153351.4
153530.5
154130.4
154155.5
154275.8
155207.8
155819.4
155820.212
155920.2
155981.5
156420.3
156920.1
157606.8
157660.211
157660.4
157661.1
157718.5
157728.4
157733.5
158002.8
158081.211
158081.4
158082.1
158133.5
160614.4
160634.5
164127.8
164148.8
164288.211
164288.4
164289.1
164377.5
174944.4
174963.5
175382.8
175452.211
175452.4
175453.1
175516.5
176280.8
176487.211
176487.4
176488.1
180000.9
123456789
11
19
15
11
19
15
10
FI
2
2
10
48
56
11
21
56
6
2
1320
0
0
0
314159265
36
427
270
180000
314159265
0.1
514.4
540.5
609.8
624.8
751.211
751.4
752.1
814.5
981.8
999.8
1218.211
1218.4
1219.1
1244.5
1346.4
1360.5
1483.8
1496.8
1604.8
1727.211
1727.4
1728.1
1765.5
2194.4
2223.5
2300.8
2313.8
2523.8
2629.4
2630.212
2730.2
2803.5
3230.3
3656.4
3730.1
4166.5
4320.8
4343.8
4348.8
4366.8
4519.8
4670.4
4671.212
4771.2
4771.5
5271.3
5771.1
5797.4
5998.5
6614.4
6689.5
6840.4
6875.5
7022.8
7056.8
7182.8
7284.211
7284.4
7285.1
7320.5
7614.8
7812.211
7812.4
7813.1
7849.5
8179.4
8267.5
8297.4
8394.5
8502.8
8506.8
8666.8
8689.8
8726.8
8842.4
8843.212
8926.5
8943.2
9443.3
9943.1
10117.4
10255.5
10473.8
10590.8
10607.8
10630.8
10731.211
10731.4
10732.1
10778.5
11311.8
11392.211
11392.4
11393.1
11440.5
11550.4
11580.5
11721.4
11744.5
11823.8
11955.8
12080.211
12080.4
12081.1
12175.5
12558.4
12662.5
12863.4
12901.5
12966.8
13004.8
13132.8
13195.8
13289.4
13290.212
13390.2
13395.5
13890.3
14390.1
14523.4
14639.5
14871.8
14906.8
14965.8
15108.211
15108.4
15109.1
15150.5
15278.4
15298.5
15485.4
15548.5
15887.4
15909.5
15979.8
15992.8
16121.8
16252.211
16252.4
16253.1
16338.5
16507.8
16625.8
16634.8
16739.211
16739.4
16740.1
16771.5
16885.4
16897.5
17064.4
17082.5
17161.8
17163.8
17305.8
17390.211
17390.4
17391.1
17435.5
17465.4
17485.5
17605.8
17733.8
17760.8
17780.8
17800.8
17878.211
17878.4
17879.1
17911.5
18114.4
18149.5
18223.8
18241.8
18276.8
18420.8
18443.8
18570.8
18632.4
18633.212
18723.5
18733.2
19233.3
19733.1
19841.4
20204.5
20352.8
20374.8
20399.8
20645.8
20694.4
20695.212
20771.5
20795.2
21295.3
21795.1
21836.4
22141.5
22307.8
22325.8
22546.211
22546.4
22547.1
22579.5
22778.8
22813.8
22818.8
22945.211
22945.4
22946.1
23116.5
23327.8
23361.8
23468.211
23468.4
23469.1
23500.5
23531.4
23713.5
23836.8
23870.8
24078.8
24147.4
24148.212
24227.5
24248.2
24748.3
25175.4
25248.1
25709.5
25848.8
25871.8
25892.8
25909.8
26067.8
26156.4
26157.212
26236.5
26257.2
26757.3
27257.1
27564.4
27567.5
27569.4
27672.5
27981.8
28182.8
28285.4
28286.212
28355.5
28386.2
28474.4
28479.5
28481.4
28886.3
28963.5
29194.8
29382.8
29386.1
29531.4
29637.5
29794.8
30002.211
30002.4
30003.1
30494.5
30573.8
30593.8
30616.8
30702.8
30735.8
30742.8
30763.8
30864.211
30864.4
30865.1
31074.5
31344.8
31369.8
31397.8
31466.211
31466.4
31467.1
31609.5
31734.8
31761.8
31872.8
31898.8
31987.211
31987.4
31988.1
32044.5
32218.8
32222.8
32237.8
32357.8
32382.8
32411.8
32417.8
32421.8
32474.8
32508.8
32575.4
32576.212
32637.5
32676.2
33176.3
33676.1
33980.4
34254.5
34259.4
34442.5
34609.8
34647.8
34876.8
34888.8
34893.8
34948.4
34949.212
35039.5
35049.2
35549.3
36049.1
36338.4
36619.5
36892.8
36943.8
36953.8
37257.4
37258.212
37340.5
37358.2
37858.3
38358.1
38840.4
38990.5
39215.8
39248.8
39253.8
39602.4
39603.212
39682.5
39703.2
40203.3
40703.1
40954.4
41137.5
41538.4
41630.5
41999.4
42058.5
42284.8
42318.8
42323.8
42333.8
42336.8
42356.8
42448.211
42448.4
42449.1
42540.5
42783.8
42797.8
42800.8
42833.8
42894.8
42955.211
42955.4
42956.1
43055.5
43190.8
43214.8
43248.8
43250.8
43372.8
43404.8
43468.211
43468.4
43469.1
43552.5
43656.8
43660.8
43675.8
43780.8
43823.8
43856.8
43923.211
43923.4
43924.1
43980.5
44241.8
44284.8
44432.8
44450.8
44457.8
44505.211
44505.4
44506.1
44588.5
44773.8
44777.8
44800.8
44905.8
44946.8
44987.8
45009.8
45108.4
45109.212
45182.5
45209.2
45709.3
46209.1
46366.4
46423.5
46609.8
46615.8
46834.211
46834.4
46835.1
46903.5
47066.8
47086.8
47184.8
47415.4
47416.212
47506.5
47516.2
48016.3
48516.1
48532.4
48691.5
48898.8
49161.211
49161.4
49162.1
49201.5
49410.8
49454.8
49548.8
49676.211
49676.4
49677.1
49707.5
49906.8
50134.211
50134.4
50135.1
50164.5
50392.8
50402.8
50500.8
50591.211
50591.4
50592.1
50788.5
50883.8
50957.8
50990.8
51000.8
51151.211
51151.4
51152.1
51180.5
51206.4
51225.5
51410.4
51453.5
51526.8
51552.8
51624.8
51808.8
51833.8
51843.8
51892.8
51959.4
51960.212
52036.5
52060.2
52560.3
53060.1
53184.4
53253.5
53447.8
53734.211
53734.4
53735.1
53777.5
54688.8
54815.8
54839.8
54913.211
54913.4
54914.1
54981.5
55116.8
55282.8
55318.8
55519.4
55520.212
55614.5
55620.2
55752.4
55753.5
55756.4
55808.5
55915.4
56045.5
56120.3
56246.4
56620.1
56756.5
56757.4
56759.5
56840.4
56905.5
57260.4
57287.5
57426.4
57441.5
57567.8
57664.8
57692.8
57743.8
57886.4
57887.212
57968.5
57987.2
58487.3
58987.1
59190.4
59279.5
59369.4
59654.5
59721.4
59832.5
60029.8
60198.8
60203.8
60344.4
60345.212
60427.5
60445.2
60554.4
60615.5
60768.4
60945.3
61353.5
61445.1
61478.4
61663.5
61843.8
61869.8
62026.8
62040.8
62046.8
62053.8
62196.4
62197.212
62297.2
62342.5
62797.3
62891.4
63127.5
63181.4
63229.5
63297.1
63370.4
63495.5
63586.8
63624.8
63784.211
63784.4
63785.1
63854.5
64030.8
64184.211
64184.4
64185.1
64212.5
64264.4
64296.5
64299.4
64304.5
64417.8
64437.8
64516.8
64612.211
64612.4
64613.1
64640.5
64745.8
64769.8
64859.8
65029.211
65029.4
65030.1
65066.5
65233.8
65238.8
65250.8
65271.8
65274.8
65408.8
65455.8
65510.211
65510.4
65511.1
65566.5
65726.8
65758.8
65873.8
65893.8
65983.211
65983.4
65984.1
66014.5
66093.4
66105.5
66112.4
66117.5
66224.4
66238.5
66333.8
66491.8
66590.211
66590.4
66591.1
66626.5
66771.8
66775.8
66797.8
66804.8
66880.8
66915.8
67043.8
67129.4
67130.212
67211.5
67230.2
67730.3
68230.1
68466.4
68469.5
68470.4
68841.5
69015.8
69045.8
69049.8
69096.8
69209.211
69209.4
69210.1
69237.5
69437.8
69445.8
69450.8
69454.8
69464.8
69467.8
69488.8
69490.8
69495.8
69510.8
69569.8
69704.211
69704.4
69705.1
69737.5
70016.8
70038.8
70047.8
70146.211
70146.4
70147.1
70177.5
70453.8
70472.8
70645.8
70682.8
70687.8
70742.211
70742.4
70743.1
70797.5
71172.4
71203.5
71658.8
71722.211
71722.4
71723.1
71752.5
71825.8
71831.8
71899.8
71925.8
71945.8
72065.211
72065.4
72066.1
72092.5
72280.8
72409.211
72409.4
72410.1
72443.5
72444.4
72447.5
72543.4
72569.5
72684.4
72710.5
72774.8
72809.8
72831.8
72970.211
72970.4
72971.1
73001.5
73206.4
73234.5
73291.8
73300.8
73307.8
73338.8
73388.8
73438.8
73533.211
73533.4
73534.1
73560.5
73664.8
73838.8
73952.211
73952.4
73953.1
73980.5
74172.8
74292.8
74298.8
74365.211
74365.4
74366.1
74402.5
74517.8
74524.8
74603.8
74642.8
74672.8
74815.211
74815.4
74816.1
74844.5
74980.8
74985.8
75109.8
75112.8
75386.8
75406.8
75468.4
75469.212
75569.2
75601.5
76069.3
76569.1
76699.4
76911.5
77008.4
77020.5
77022.4
77052.5
77209.8
77393.211
77393.4
77394.1
77429.5
77476.4
77503.5
79855.4
79924.5
80047.8
80050.8
80193.211
80193.4
80194.1
80352.5
80413.8
80430.8
80500.211
80500.4
80501.1
80523.5
80765.4
80792.5
80980.8
81161.8
81228.211
81228.4
81229.1
81257.5
81614.4
81630.5
81698.8
81703.8
81737.8
81739.8
81916.211
81916.4
81917.1
81946.5
82085.8
82204.8
82217.8
82242.8
82431.4
82432.212
82532.2
82588.5
83032.3
83532.1
83724.4
83756.5
84741.4
84825.5
84886.8
84905.8
85138.211
85138.4
85139.1
85159.5
85782.8
85834.211
85834.4
85835.1
85858.5
86191.8
86196.8
86254.211
86254.4
86255.1
86290.5
86615.4
86673.5
86777.8
87987.4
87988.212
88088.2
88094.5
88588.3
89088.1
89260.4
89408.5
89561.8
89722.211
89722.4
89723.1
89765.5
89893.4
89927.5
90012.8
90115.8
90189.8
90279.211
90279.4
90280.1
90343.5
90661.4
90685.5
90876.4
90903.5
90970.8
90972.8
91229.8
91281.4
91282.212
91382.2
91388.5
91882.3
92382.1
92447.4
92606.5
92616.4
92768.5
92859.8
92867.8
92880.8
93091.8
93135.211
93135.4
93136.1
93188.5
93594.8
93702.8
93785.211
93785.4
93786.1
93842.5
94138.8
94302.211
94302.4
94303.1
94332.5
94548.8
94719.211
94719.4
94720.1
94751.5
94905.8
95025.8
95184.211
95184.4
95185.1
95211.5
95472.8
95569.8
95640.211
95640.4
95641.1
95688.5
95982.8
96135.211
96135.4
96136.1
96159.5
96328.8
96443.8
96533.211
96533.4
96534.1
96564.5
96742.8
96832.8
96912.8
96958.211
96958.4
96959.1
96997.5
100032.8
100124.211
100124.4
100125.1
100168.5
100230.8
100249.8
100453.211
100453.4
100454.1
100487.5
100581.8
100595.8
100700.8
100709.8
100729.8
100732.8
100888.8
100940.4
100941.212
101041.2
101041.5
101541.3
102041.1
102053.4
102056.5
102058.4
102224.5
102353.4
102358.5
102968.4
102984.5
105958.4
105989.5
106692.4
106720.5
107361.8
107405.211
107405.4
107406.1
107430.5
107832.4
107976.5
108330.4
108352.5
108358.4
108364.5
108369.4
108372.5
108657.8
108660.8
108718.8
108789.211
108789.4
108790.1
108823.5
108877.8
108931.8
109050.8
109187.8
109218.8
109294.4
109295.212
109363.5
109395.2
109895.3
110395.1
111437.4
111479.5
111604.8
111670.8
111760.211
111760.4
111761.1
111788.5
112180.8
112227.211
112227.4
112228.1
112253.5
112587.8
112681.8
112745.211
112745.4
112746.1
112784.5
112789.4
112792.5
112824.4
112829.5
112843.4
112849.5
112857.4
112861.5
113091.4
113132.5
113625.8
113678.211
113678.4
113679.1
113718.5
114053.4
114083.5
114523.4
114560.5
114625.8
116679.4
116680.212
116767.5
116780.2
117280.3
117780.1
117926.4
117977.5
118222.8
118227.8
118327.211
118327.4
118328.1
118391.5
119681.4
119708.5
119943.8
119963.8
120025.211
120025.4
120026.1
120059.5
123125.4
123130.5
123135.4
123323.5
123437.4
123456.5
123656.8
123700.211
123700.4
123701.1
123732.5
124423.4
124483.5
124792.4
124816.5
125572.8
125579.8
125621.211
125621.4
125622.1
125647.5
125818.4
125907.5
125948.8
125998.8
126042.8
126166.8
126172.8
126220.211
126220.4
126221.1
126309.5
126407.8
126557.8
126624.211
126624.4
126625.1
126662.5
126663.4
126665.5
126666.4
126698.5
126806.8
126818.8
126821.8
126831.8
126893.8
126974.8
127127.4
127128.212
127220.5
127228.2
127728.3
128213.4
128228.1
128303.5
128370.4
128922.5
129649.8
129699.211
129699.4
129700.1
129738.5
129886.8
130087.211
130087.4
130088.1
130314.5
130379.8
130394.8
130435.8
130538.211
130538.4
130539.1
130617.5
130755.8
130944.8
130985.211
130985.4
130986.1
131033.5
134753.8
134824.211
134824.4
134825.1
134902.5
134982.8
134991.8
135027.8
135031.8
135312.8
135383.4
135384.212
135460.5
135484.2
135984.3
136303.4
136464.5
136484.1
137304.4
137330.5
140033.8
140083.211
140083.4
140084.1
140109.5
141526.4
141596.5
141708.8
141838.8
142007.211
142007.4
142008.1
142266.5
142362.8
142523.211
142523.4
142524.1
142545.5
142856.4
142878.5
143030.8
143134.8
143364.4
143365.212
143458.5
143465.2
143744.4
143820.5
143965.3
144011.4
144295.5
144465.1
145046.4
145360.5
145847.8
145979.211
145979.4
145980.1
146153.5
146239.8
146453.211
146453.4
146454.1
146484.5
146600.8
146621.8
146985.4
146986.212
147053.5
147086.2
147586.3
148086.1
152799.8
152842.211
152842.4
152843.1
152931.5
154418.8
154471.211
154471.4
154472.1
154502.5
155175.8
155235.8
155478.8
155526.4
155527.212
155627.2
155664.5
156127.3
156627.1
156628.4
156689.5
160448.8
160487.211
160487.4
160488.1
160572.5
160690.8
160799.211
160799.4
160800.1
160830.5
160935.8
161039.8
161072.8
161194.211
161194.4
161195.1
161300.5
161381.8
161394.8
161407.8
161412.8
161491.8
161602.8
161649.211
161649.4
161650.1
161740.5
161857.8
161865.8
162017.8
162300.4
162301.212
162382.5
162401.2
162901.3
163352.4
163401.1
163536.5
164028.8
164031.8
165817.8
165876.4
165877.212
165970.5
165977.2
166068.4
166278.5
166477.3
166977.1
169495.4
169552.5
173996.8
174090.211
174090.4
174091.1
174125.5
174205.8
174274.8
174395.8
174415.8
174468.211
174468.4
174469.1
174528.5
174598.8
174756.8
174961.4
174962.212
175062.2
175130.5
175562.3
176062.1
177732.4
177858.5
178800.4
178925.5
179485.8
179493.8
180000.9
123456789
11
20
15
11
20
15
10
FI
2
2
10
47
02
11
20
02
6
2
428
0
0
0
314159265
23
113
94
180000
314159265
0.1
565.4
608.5
992.8
1168.211
1168.4
1169.1
1199.5
1264.8
1272.8
1350.8
1707.4
1708.212
1808.2
1828.5
2308.3
2808.1
3633.4
3760.5
3844.8
3867.8
3962.8
4133.211
4133.4
4134.1
4290.5
4450.4
4571.5
4662.8
4685.8
4690.8
4880.8
4916.8
4980.8
5095.4
5096.212
5166.5
5196.2
5696.3
6196.1
6709.4
6866.5
7049.8
7075.8
7098.8
7153.8
7189.8
7490.4
7491.212
7562.5
7591.2
8091.3
8591.1
8753.4
8956.5
9196.8
9501.4
9502.212
9586.5
9602.2
10102.3
10602.1
10739.4
11151.5
11584.8
11684.8
11688.8
11777.211
11777.4
11778.1
11843.5
12034.8
12156.8
12314.211
12314.4
12315.1
12336.5
12594.8
12607.8
12850.211
12850.4
12851.1
13091.5
13187.4
13211.5
13291.8
13305.8
13354.8
13454.8
13467.8
13677.4
13678.212
13774.5
13778.2
14278.3
14778.1
15159.4
15302.5
16060.8
16063.8
16084.8
16262.211
16262.4
16263.1
16329.5
16481.8
16503.8
16535.8
16650.8
16822.8
16895.4
16896.212
16996.2
17018.5
17082.4
17192.5
17362.4
17421.5
17496.3
17996.1
18892.4
18995.5
21767.8
21848.8
22037.8
22221.4
22222.212
22290.5
22322.2
22822.3
23322.1
23899.4
24009.5
24738.4
24960.5
25130.8
25151.8
25181.8
25298.8
25450.4
25451.212
25527.5
25551.2
26051.3
26551.1
27006.4
27108.5
27348.4
27877.5
28151.4
28292.5
28504.8
28518.8
28539.8
28711.8
28713.8
28801.211
28801.4
28802.1
28975.5
29169.8
29214.8
29331.8
29335.8
29340.8
29521.4
29522.212
29611.5
29622.2
30122.3
30622.1
30887.4
30979.5
30981.4
30983.5
30985.4
31588.5
32051.8
32086.8
32241.8
32305.211
32305.4
32306.1
32488.5
32653.4
32709.5
32884.8
33204.4
33205.212
33294.5
33305.2
33805.3
34305.1
34812.4
34813.5
34819.4
34901.5
35402.8
35566.211
35566.4
35567.1
35611.5
35808.8
35811.8
35824.8
35952.8
36040.8
36104.211
36104.4
36105.1
36171.5
36393.8
36395.8
36538.8
36591.8
36715.8
36770.4
36771.212
36843.5
36871.2
37371.3
37871.1
38300.4
38373.5
38483.4
38719.5
39396.8
39454.8
39808.4
39809.212
39886.5
39909.2
40409.3
40909.1
41943.4
41952.5
41955.4
42044.5
42180.4
42295.5
42931.8
43161.8
43239.4
43240.212
43323.5
43340.2
43840.3
44340.1
45019.4
45224.5
45895.8
46260.8
46333.4
46334.212
46419.5
46434.2
46934.3
47434.1
48344.4
48455.5
48548.4
48647.5
49271.8
49483.211
49483.4
49484.1
49530.5
52213.4
52267.5
54108.4
54111.5
55057.4
55140.5
55283.4
55288.5
55289.4
55400.5
55946.8
55952.8
56221.211
56221.4
56222.1
56253.5
56417.4
56477.5
57027.4
57061.5
57175.4
57294.5
57397.8
57780.8
57943.4
57944.212
58044.2
58052.5
58544.3
59044.1
59159.4
59318.5
61221.4
61368.5
76143.8
76156.8
76274.8
76366.211
76366.4
76367.1
76426.5
80273.8
80579.8
80692.8
80696.8
80774.4
80775.212
80776.5
80777.4
80875.2
81000.5
81375.3
81875.1
85455.4
85537.5
85608.8
87542.4
87543.212
87625.5
87643.2
88143.3
88643.1
94837.8
94844.8
94929.8
95012.8
95118.211
95118.4
95119.1
95189.5
102073.8
102092.8
102300.211
102300.4
102301.1
102482.5
124554.4
124639.5
127384.4
127478.5
130134.8
130238.8
131002.4
131003.212
131081.5
131103.2
131603.3
132103.1
135725.4
135807.5
142517.8
143838.4
143839.212
143939.2
143957.5
144439.3
144939.1
146484.4
146757.5
147044.8
151751.8
151804.4
151805.212
151905.2
151931.5
152405.3
152905.1
153430.4
153473.5
158552.4
158577.5
161240.4
161305.5
163402.4
163428.5
164985.4
165050.5
165058.4
165062.5
165083.4
165120.5
166685.8
166790.8
167566.8
167663.8
167750.8
168349.4
168350.212
168450.2
168502.5
168950.3
169450.1
170574.4
170588.5
171472.8
171498.8
171749.8
171819.4
171820.212
171920.2
171959.5
172420.3
172920.1
173520.4
173574.5
173662.8
173720.8
176240.4
176241.212
176341.2
176423.5
176841.3
177341.1
177601.8
177604.8
177702.211
177702.4
177703.1
180000.9
123456789
11
21
15
11
21
15
10
FI
2
2
10
45
01
11
18
01
6
2
881
0
0
0
314159265
51
288
163
180000
314159265
0.1
539.8
568.8
706.211
706.4
707.1
742.5
1070.4
1072.5
1081.4
1115.5
1166.8
1295.8
1373.8
1395.8
1526.4
1527.212
1627.2
1657.5
2127.3
2524.4
2627.1
2655.5
3129.4
3160.5
3460.8
3619.211
3619.4
3620.1
3659.5
3851.4
3881.5
3974.8
3991.8
4157.8
4168.8
4287.8
4336.4
4337.212
4421.5
4437.2
4937.3
5218.4
5407.5
5437.1
5535.8
5540.8
5546.8
5648.8
5836.4
5837.212
5929.5
5937.2
6437.3
6869.4
6937.1
7062.5
7201.8
7209.8
7227.8
7466.8
7469.8
7516.4
7517.212
7599.5
7617.2
8117.3
8569.4
8617.1
8699.5
8897.8
8918.8
9026.8
9037.8
9051.8
9139.8
9206.4
9207.212
9300.5
9307.2
9807.3
10190.4
10307.1
10320.5
10610.8
10841.8
11039.4
11040.212
11127.5
11140.2
11640.3
12140.1
12305.4
12453.5
12626.8
12686.8
12721.8
12809.8
12930.4
12931.212
13006.5
13031.2
13531.3
14031.1
14277.4
14350.5
14521.8
14576.8
14686.8
14741.211
14741.4
14742.1
14818.5
14907.4
15010.5
15579.8
15616.8
15804.211
15804.4
15805.1
15852.5
16120.8
16147.8
16382.211
16382.4
16383.1
16413.5
16509.4
16538.5
16630.8
16642.8
16666.8
16762.8
16955.4
16956.212
17044.5
17056.2
17556.3
18056.1
18145.4
18199.5
18369.8
18376.8
18390.8
18412.8
18433.8
18528.8
18647.8
18664.8
18735.4
18736.212
18819.5
18836.2
19336.3
19836.1
19994.4
20070.5
20313.8
20356.8
20372.8
20381.8
20487.8
20636.4
20637.212
20725.5
20737.2
21237.3
21737.1
22224.8
22248.8
22389.8
22407.8
22412.8
22560.4
22561.212
22647.5
22661.2
23156.4
23158.5
23161.3
23162.4
23268.5
23661.1
24367.4
24542.5
25243.4
25305.5
25435.8
25592.8
25607.8
25707.211
25707.4
25708.1
25753.5
25904.8
25917.8
25965.8
26150.8
26225.4
26226.212
26319.5
26326.2
26826.3
27326.1
27479.4
27749.5
27979.8
27982.8
27990.8
27998.8
28100.8
28117.8
28224.8
28238.8
28300.4
28301.212
28376.5
28401.2
28901.3
29401.1
29566.4
29785.5
29985.8
30007.8
30161.8
30273.211
30273.4
30274.1
30341.5
30360.4
30405.5
30523.8
30531.8
30562.8
30606.8
30912.8
30960.4
30961.212
31041.5
31061.2
31561.3
31704.4
31800.5
32061.1
32149.8
32289.8
32301.8
32307.8
32398.211
32398.4
32399.1
32441.5
32619.8
32624.8
32641.8
32721.8
32826.8
32921.4
32922.212
33022.2
33027.5
33410.4
33522.3
33682.5
33830.8
33839.8
33924.8
33934.8
34022.1
34034.8
34162.8
34221.211
34221.4
34222.1
34339.5
34509.8
34529.8
34603.8
34688.8
34805.8
34822.8
34886.4
34887.212
34964.5
34987.2
35487.3
35987.1
36767.4
36842.5
37047.8
37092.8
37098.8
37232.8
37369.8
37434.4
37435.212
37513.5
37535.2
38035.3
38535.1
40128.4
40168.5
40313.8
40342.8
40351.8
40524.8
40649.4
40650.212
40738.5
40750.2
41250.3
41750.1
42400.4
42622.5
42827.8
42835.8
42910.8
42989.8
43222.4
43223.212
43301.5
43323.2
43823.3
44323.1
45132.4
45265.5
45417.8
45435.8
45453.8
45457.8
45477.8
45645.8
45830.4
45831.212
45928.5
45931.2
46152.4
46431.3
46703.5
46931.1
47279.4
47372.5
47542.8
47669.8
47673.8
47677.8
47802.8
47856.4
47857.212
47944.5
47957.2
48457.3
48957.1
49599.4
49821.5
50070.8
50073.8
50342.211
50342.4
50343.1
50405.5
50537.8
50547.8
50566.8
50659.8
50926.4
50927.212
51027.2
51051.5
51527.3
52027.1
52944.4
53113.5
53582.8
53744.8
53921.4
53922.212
54009.5
54022.2
54522.3
54835.4
54925.5
55022.1
55093.4
55528.5
55686.8
55852.8
55888.8
56090.4
56091.212
56163.5
56191.2
56691.3
57191.1
57477.4
58051.5
58265.8
58276.8
58282.8
58447.8
58457.8
58473.8
58476.8
58483.8
58634.4
58635.212
58698.5
58735.2
59235.3
59735.1
60503.4
60733.5
60924.8
60941.8
60981.8
60989.8
61348.4
61349.212
61430.5
61449.2
61949.3
62449.1
63343.4
63461.5
63682.8
63735.8
63895.211
63895.4
63896.1
64000.5
64193.8
64314.8
64321.8
64525.4
64526.212
64626.2
64636.5
65126.3
65626.1
67238.8
67327.211
67327.4
67328.1
67398.5
67536.4
67662.5
67776.8
67807.8
68034.211
68034.4
68035.1
68070.5
68196.4
68232.5
68319.8
68345.8
68353.8
68477.8
68640.4
68641.212
68728.5
68741.2
69241.3
69741.1
72273.8
72351.8
72424.211
72424.4
72425.1
72535.5
72629.4
72677.5
72687.4
72696.5
73107.4
73143.5
73337.8
73510.8
73529.8
73589.8
73759.4
73760.212
73830.5
73860.2
74360.3
74860.1
76774.8
76839.8
76982.8
76988.8
77058.211
77058.4
77059.1
77118.5
77327.8
77525.8
77560.8
77760.4
77761.212
77861.2
77868.5
78361.3
78861.1
80042.4
80537.5
81029.8
81032.8
81045.8
81175.8
81180.8
81182.8
81303.8
81364.4
81365.212
81439.5
81465.2
81965.3
82465.1
84592.8
84769.8
84835.211
84835.4
84836.1
84878.5
85196.4
85229.5
85338.8
85427.8
85600.8
85622.8
85703.4
85704.212
85790.5
85804.2
86304.3
86804.1
89035.4
89036.5
89037.4
89253.5
89437.8
89699.211
89699.4
89700.1
89738.5
89843.4
89873.5
90161.8
90164.8
90321.211
90321.4
90322.1
90356.5
90546.8
90567.8
90579.8
90676.8
90717.8
90878.4
90879.212
90960.5
90979.2
91479.3
91979.1
92217.4
92303.5
92375.8
92421.8
92499.8
92652.211
92652.4
92653.1
92695.5
92813.4
92840.5
92911.8
92928.8
92950.8
93022.8
93111.8
93116.8
93257.8
93310.4
93311.212
93388.5
93411.2
93911.3
94411.1
95645.4
95718.5
95972.8
96090.8
96092.8
96168.8
96336.4
96337.212
96429.5
96437.2
96937.3
97437.1
98106.4
98208.5
102206.4
102371.5
102755.8
102913.8
102915.8
102974.211
102974.4
102975.1
103014.5
103284.8
103321.8
103368.8
103542.211
103542.4
103543.1
103589.5
104122.4
104140.5
104206.8
104429.8
104613.8
104684.4
104685.212
104769.5
104785.2
105285.3
105627.4
105785.1
106018.5
106066.4
106252.5
106493.8
106836.4
106837.212
106925.5
106937.2
107437.3
107937.1
108553.4
108815.5
108931.4
109112.5
109257.8
109283.8
109335.8
109623.4
109624.212
109709.5
109724.2
110224.3
110724.1
111783.8
111832.8
112026.8
112078.211
112078.4
112079.1
112367.5
112573.8
112782.8
112843.8
112904.4
112905.212
112980.5
113005.2
113505.3
114005.1
115624.4
115702.5
115979.8
116044.8
116324.4
116325.212
116395.5
116425.2
116925.3
117425.1
117991.4
118434.5
118622.8
118659.8
118667.8
118840.8
118950.4
118951.212
119038.5
119051.2
119551.3
120051.1
120212.4
120385.5
121146.8
121162.8
121253.8
121417.211
121417.4
121418.1
121467.5
121657.8
121666.8
121686.8
121817.8
122088.4
122089.212
122189.2
122189.5
122689.3
123189.1
125732.4
125791.5
125944.8
125958.8
126083.8
126305.4
126306.212
126386.5
126406.2
126906.3
127406.1
128345.8
128413.8
128416.8
128684.8
128695.8
128741.4
128742.212
128835.5
128842.2
129342.3
129842.1
131157.8
131213.8
131334.8
131386.211
131386.4
131387.1
131418.5
131619.8
131625.8
131631.8
131640.8
131778.8
131879.8
131942.4
131943.212
132019.5
132043.2
132543.3
133043.1
134421.8
134490.211
134490.4
134491.1
134530.5
135348.8
135494.211
135494.4
135495.1
135520.5
137474.4
137547.5
138462.4
138534.5
138830.8
138988.8
139061.211
139061.4
139062.1
139096.5
139182.8
139316.8
139331.8
139433.8
139443.8
139489.8
139575.4
139576.212
139676.2
139749.5
140176.3
140676.1
141489.8
141501.8
141556.211
141556.4
141557.1
141572.5
142120.4
142169.5
147832.4
147927.5
148036.8
148050.8
149395.8
149476.4
149477.212
149577.2
149627.5
150077.3
150182.4
150351.5
150577.1
152716.8
152744.8
152860.211
152860.4
152861.1
153071.5
153184.8
154437.4
154438.212
154538.2
154576.5
155038.3
155538.1
155700.4
155806.5
156099.4
156213.5
156323.4
156483.5
156578.4
156695.5
156859.4
156928.5
158166.4
158561.5
159771.8
159885.211
159885.4
159886.1
159916.5
161361.8
161905.4
161906.212
162006.2
162134.5
162506.3
163006.1
163451.4
163521.5
165620.4
165642.5
165999.4
166030.5
166193.4
166219.5
167486.4
167557.5
167647.8
167876.8
168081.8
169075.4
169076.212
169176.2
169304.5
169676.3
170176.1
171511.4
171580.5
172407.4
172424.5
172509.8
173976.8
174183.8
174525.4
174526.212
174626.2
174771.5
175126.3
175626.1
176112.4
176200.5
176578.4
176669.5
178462.4
180000.9
123456789
11
22
15
11
22
15
10
FI
2
2
10
46
35
11
19
35
6
2
1091
0
0
0
314159265
41
412
203
180000
314159265
0.1
736.8
823.8
950.211
950.4
951.1
990.5
1447.8
1462.8
1619.8
1768.211
1768.4
1769.1
1793.5
1933.8
2032.8
2137.8
2246.211
2246.4
2247.1
2270.5
2380.4
2391.5
2543.8
2547.8
2845.211
2845.4
2846.1
2875.5
3058.8
3189.8
3243.8
3377.8
3383.8
3453.211
3453.4
3454.1
3480.5
3768.8
3877.8
3894.8
3906.8
4040.8
4136.8
4207.4
4208.212
4285.5
4308.2
4808.3
5308.1
5394.4
5626.5
5737.8
5890.8
5910.8
6214.4
6215.212
6297.5
6315.2
6815.3
7258.4
7315.1
7446.5
7624.8
7852.8
7859.8
7975.8
8148.8
8164.8
8226.4
8227.212
8325.5
8327.2
8437.4
8502.5
8601.4
8688.5
8800.4
8827.3
9033.5
9109.4
9327.1
9555.5
9663.4
9797.5
10090.8
10100.8
10310.211
10310.4
10311.1
10444.5
10621.8
10637.8
10653.8
10742.8
10774.8
10869.8
10943.211
10943.4
10944.1
10978.5
11074.4
11090.5
11184.8
11199.8
11236.8
11267.8
11366.8
11379.8
11576.8
11578.8
11585.8
11714.8
11750.8
11797.4
11798.212
11886.5
11898.2
12398.3
12898.1
13050.4
13057.5
13060.4
13495.5
13657.8
13825.8
13835.8
13956.8
14019.211
14019.4
14020.1
14174.5
14350.8
14421.8
14505.8
14523.8
14548.8
14562.8
14773.4
14774.212
14855.5
14874.2
15374.3
15874.1
16076.4
16390.5
16645.8
16697.8
16711.8
16833.8
16893.8
16989.8
17161.4
17162.212
17259.5
17262.2
17762.3
18262.1
18630.4
19030.5
19799.8
19920.211
19920.4
19921.1
20258.5
20356.8
20364.8
20376.8
20444.8
20778.4
20779.212
20868.5
20879.2
21379.3
21879.1
22318.4
22962.5
24084.8
24182.8
24317.211
24317.4
24318.1
24855.5
24967.8
24993.8
25031.8
25091.8
25109.8
25166.8
25221.211
25221.4
25222.1
25328.5
25532.8
25551.8
25743.8
25886.211
25886.4
25887.1
25927.5
26139.8
26264.8
26288.8
26401.8
26581.4
26582.212
26657.5
26682.2
27182.3
27682.1
28023.4
28030.5
28032.4
28302.5
28598.8
28669.8
28799.8
28918.8
28988.211
28988.4
28989.1
29237.5
29348.8
29371.8
29379.8
29408.8
29510.8
29542.8
29562.8
29604.8
29783.4
29784.212
29854.5
29884.2
30384.3
30884.1
31168.4
31351.5
31558.4
31774.5
31937.4
32003.5
32157.8
32169.8
32218.8
32337.8
32352.8
32508.8
32566.4
32567.212
32650.5
32667.2
33162.4
33167.3
33237.5
33448.4
33632.5
33667.1
33903.8
33945.8
34060.8
34177.8
34229.211
34229.4
34230.1
34555.5
34659.8
34821.8
34833.8
34839.8
34858.8
35172.4
35173.212
35244.5
35273.2
35773.3
36273.1
36985.4
36987.5
36992.4
37158.5
37317.8
37339.8
37355.8
37485.8
37498.8
37631.8
37771.8
37819.4
37820.212
37901.5
37920.2
38420.3
38920.1
39432.4
40177.5
40205.4
40326.5
40531.8
40533.8
40574.8
40914.211
40914.4
40915.1
40972.5
41447.4
41511.5
41675.8
41713.8
41894.8
42087.8
42138.4
42139.212
42239.2
42242.5
42723.4
42739.3
42869.5
43239.1
43393.4
43480.5
43971.4
44159.5
44639.8
44674.8
44688.8
44725.8
44796.8
44953.8
45020.211
45020.4
45021.1
45292.5
45301.4
45304.5
45308.4
45531.5
45653.8
45663.8
45686.8
45737.8
45760.8
45773.8
45984.211
45984.4
45985.1
46450.5
46546.8
46550.8
46585.8
46588.8
46615.8
46671.8
46757.8
47004.4
47005.212
47095.5
47105.2
47605.3
48105.1
48486.4
48582.5
48782.4
49178.5
49603.8
49680.8
49894.211
49894.4
49895.1
49953.5
50170.8
50205.8
50208.8
50241.8
50252.8
50363.8
50536.211
50536.4
50537.1
50675.5
50779.8
50817.8
50840.8
50865.8
51106.8
51297.4
51298.212
51373.5
51398.2
51898.3
52398.1
52967.4
53118.5
53454.8
53466.8
53655.8
53766.211
53766.4
53767.1
53971.5
54071.4
54158.5
54279.8
54282.8
54337.8
54342.8
54450.8
54577.8
54588.8
54638.211
54638.4
54639.1
54725.5
54825.8
54845.8
54884.8
54904.8
54999.8
55041.8
55156.8
55220.211
55220.4
55221.1
55264.5
55400.8
55419.8
55454.8
55493.8
55582.8
55615.8
55771.8
55784.8
55793.8
55829.8
55886.4
55887.212
55960.5
55987.2
56487.3
56987.1
57764.4
57832.5
58407.8
58702.8
58872.4
58873.212
58949.5
58973.2
59473.3
59973.1
60760.4
60858.5
61000.4
61140.5
62596.4
62792.5
62933.8
62958.8
63278.8
63289.8
63341.4
63342.212
63416.5
63442.2
63942.3
64442.1
65314.4
65357.5
65586.4
66264.5
66473.4
66631.5
66835.4
67015.5
67185.8
67238.8
67255.8
67379.8
67417.8
67445.8
67581.211
67581.4
67582.1
67663.5
67950.4
68009.5
68092.8
68178.8
68508.4
68509.212
68591.5
68609.2
69109.3
69609.1
70301.4
70372.5
70662.4
70777.5
70946.4
71234.5
71515.8
71548.8
71603.8
71637.8
71919.4
71920.212
71994.5
72020.2
72460.4
72520.3
72531.5
73020.1
73059.4
73717.5
75762.4
75764.5
75765.4
75929.5
76193.8
76299.211
76299.4
76300.1
76913.5
77013.8
77277.211
77277.4
77278.1
77326.5
77455.4
77472.5
77644.8
77875.8
77895.8
77922.8
77971.211
77971.4
77972.1
78127.5
78163.4
78276.5
78385.8
78400.8
78406.8
78442.8
78519.8
78553.8
78566.8
78587.8
78725.211
78725.4
78726.1
78800.5
78916.8
78926.8
78941.8
79061.8
79089.8
79093.8
79123.8
79139.8
79482.8
79485.8
79536.4
79537.212
79619.5
79637.2
80137.3
80637.1
81362.4
81659.5
81925.8
81957.8
81988.8
82119.8
82241.8
82295.211
82295.4
82296.1
82576.5
82736.8
82944.8
83159.8
83166.8
83216.4
83217.212
83290.5
83317.2
83817.3
84317.1
84968.4
85113.5
85663.8
85671.8
85887.211
85887.4
85888.1
85936.5
85985.4
86056.5
86301.8
86333.8
86354.8
86642.8
86644.8
86652.8
86885.4
86886.212
86986.2
87006.5
87486.3
87675.4
87747.5
87986.1
88321.4
88414.5
88603.4
88731.5
88808.4
88866.5
89014.8
89089.8
89273.8
89301.8
89410.8
89492.4
89493.212
89593.2
89599.5
90093.3
90593.1
90601.4
90658.5
92112.4
92354.5
92509.4
92755.5
93913.4
93959.5
94015.4
94080.5
94235.8
94247.8
94283.8
94533.211
94533.4
94534.1
94566.5
94681.8
94803.8
94831.8
94834.8
95001.211
95001.4
95002.1
95038.5
95172.8
95281.8
95299.8
95434.8
95523.8
95577.4
95578.212
95663.5
95678.2
96178.3
96678.1
97459.4
97756.5
99715.8
99806.8
99895.8
100135.4
100136.212
100227.5
100236.2
100736.3
101236.1
102306.4
102371.5
103969.4
104056.5
105158.4
105204.5
105758.4
105789.5
105907.8
105928.8
106026.8
106029.8
106037.8
106227.211
106227.4
106228.1
106460.5
106647.8
106665.8
106669.8
106699.8
106715.8
106884.8
106987.211
106987.4
106988.1
107048.5
107171.8
107175.8
107233.8
107283.8
107358.8
107382.8
107392.8
107429.8
107660.4
107661.212
107749.5
107761.2
108111.4
108261.3
108428.5
108536.4
108564.5
108761.1
108803.8
108960.8
109215.4
109216.212
109292.5
109316.2
109816.3
110316.1
111935.8
112136.211
112136.4
112137.1
112175.5
112324.8
112326.8
112335.8
112675.211
112675.4
112676.1
112716.5
113006.4
113062.5
113143.8
113176.8
113275.8
113420.211
113420.4
113421.1
113448.5
113691.8
113701.8
113800.8
113861.211
113861.4
113862.1
113966.5
114097.8
114122.8
114259.8
114274.8
114399.8
114620.4
114621.212
114704.5
114721.2
115221.3
115721.1
116852.4
117074.5
117243.8
117427.8
117431.8
117522.8
117634.211
117634.4
117635.1
117793.5
117939.8
117948.8
117953.8
118096.8
118100.8
118195.8
118360.4
118361.212
118431.5
118461.2
118961.3
119461.1
122982.8
123215.211
123215.4
123216.1
123363.5
123574.4
123613.5
123723.8
123748.8
124322.8
124468.4
124469.212
124559.5
124569.2
125069.3
125569.1
126561.4
126690.5
127203.8
127348.8
127450.211
127450.4
127451.1
127504.5
127631.4
127674.5
127807.8
127970.8
128106.8
128181.211
128181.4
128182.1
128230.5
128386.4
128406.5
128501.8
128547.8
128651.8
128656.8
128727.8
128922.8
128976.8
129079.4
129080.212
129162.5
129180.2
129680.3
130180.1
133932.8
134069.211
134069.4
134070.1
134104.5
134212.4
134238.5
134386.8
134499.8
134503.8
134510.8
134829.4
134830.212
134896.5
134930.2
135430.3
135930.1
137207.4
137450.5
137892.8
137906.8
137957.8
138110.8
138208.211
138208.4
138209.1
138247.5
138357.4
138557.5
138677.8
138712.8
138934.8
138974.8
139079.4
139080.212
139162.5
139180.2
139680.3
140180.1
140983.4
141075.5
141256.4
141514.5
145042.4
145118.5
145854.4
145909.5
146129.4
146171.5
146306.8
146406.8
146581.8
146700.211
146700.4
146701.1
146735.5
146930.8
147071.8
147257.211
147257.4
147258.1
147283.5
147648.8
147658.8
147793.8
147797.8
147866.211
147866.4
147867.1
148011.5
148124.8
148182.8
148326.8
148332.8
148421.8
148445.8
148455.8
148542.4
148543.212
148643.2
148648.5
149097.4
149141.5
149143.3
149643.1
150883.4
150996.5
151108.4
151669.5
152596.8
152895.211
152895.4
152896.1
153380.5
153473.8
153520.8
153580.8
153588.8
153658.8
153770.8
153828.8
154002.4
154003.212
154086.5
154103.2
154603.3
155103.1
155961.4
156732.5
157429.8
157618.8
157623.8
157717.211
157717.4
157718.1
157775.5
158015.8
158056.8
158206.8
158237.8
158318.8
158421.8
158454.8
158471.8
158519.4
158520.212
158614.5
158620.2
158771.4
158827.5
159120.3
159405.4
159476.5
159620.1
159731.4
160261.5
160591.8
160813.8
160955.8
161014.4
161015.212
161108.5
161115.2
161615.3
162115.1
162902.4
163784.5
164992.8
164995.8
165299.211
165299.4
165300.1
165411.5
165423.4
165425.5
165428.4
165540.5
165629.4
165710.5
165795.8
165815.8
165821.8
165890.8
165914.8
166008.8
166013.8
166085.8
166142.211
166142.4
166143.1
166179.5
166245.4
166408.5
166488.8
166505.8
166532.8
166609.8
166626.8
166629.8
166770.8
166978.4
166979.212
167079.2
167107.5
167579.3
168079.1
169094.4
169334.5
169977.4
170193.5
170294.4
170368.5
170801.4
170839.5
171072.8
171076.8
171094.8
171325.211
171325.4
171326.1
171385.5
171417.4
171444.5
171603.8
171637.8
171796.8
171964.8
172026.4
172027.212
172112.5
172127.2
172627.3
173127.1
173848.4
174186.5
174402.8
174445.8
174741.211
174741.4
174742.1
174795.5
174925.4
174956.5
175264.8
175275.8
175431.8
175434.8
175512.211
175512.4
175513.1
175572.5
175807.4
175850.5
175931.8
176239.8
176275.8
176310.8
176438.8
176498.4
176499.212
176599.2
176613.5
177099.3
177599.1
178296.4
178743.5
179323.4
179325.5
179333.4
180000.9
123456789
11
23
15
11
23
15
10
FI
2
2
10
47
03
11
20
03
6
2
1119
0
0
0
314159265
43
430
196
180000
314159265
0.1
350.4
364.5
853.4
872.5
949.8
1053.8
1192.8
1211.8
1215.8
1291.211
1291.4
1292.1
1388.5
1524.8
1555.8
1682.8
1797.8
1888.8
1929.8
2067.4
2068.212
2160.5
2168.2
2444.4
2482.5
2668.3
2817.4
3061.5
3168.1
3541.8
3675.8
3775.8
3840.211
3840.4
3841.1
4096.5
4263.8
4386.8
4486.8
4508.8
4671.8
4730.4
4731.212
4818.5
4831.2
5331.3
5831.1
5894.4
6160.5
6488.8
6521.8
6665.8
6971.8
7026.4
7027.212
7109.5
7127.2
7627.3
8127.1
8231.4
8474.5
8949.8
9109.8
9178.211
9178.4
9179.1
9279.5
9982.8
10214.211
10214.4
10215.1
10250.5
10858.8
10867.8
10898.8
10970.211
10970.4
10971.1
11066.5
11366.8
11374.8
11515.8
11571.8
11677.8
11709.8
11832.4
11833.212
11921.5
11933.2
12433.3
12933.1
13147.4
13496.5
13609.8
13714.8
13890.8
14049.8
14118.4
14119.212
14192.5
14219.2
14719.3
15208.4
15219.1
15465.5
17453.8
17607.8
17757.8
17868.8
17948.4
17949.212
18049.2
18053.5
18549.3
19049.1
20144.4
20262.5
20722.4
20852.5
21289.8
21422.8
21684.8
21752.4
21753.212
21824.5
21853.2
22353.3
22853.1
23087.4
23510.5
23706.4
23985.5
24234.8
24264.8
24443.8
24447.8
24460.8
24618.211
24618.4
24619.1
24904.5
24977.8
25017.8
25135.8
25149.8
25239.8
25355.211
25355.4
25356.1
25390.5
25484.4
25510.5
25626.4
25654.5
25726.8
25745.8
25892.8
25905.8
26041.8
26047.8
26090.8
26159.4
26160.212
26260.2
26262.5
26760.3
27260.1
27860.4
27995.5
28303.8
28309.8
28343.8
28352.8
28518.8
28580.211
28580.4
28581.1
28727.5
28940.8
29006.8
29105.8
29114.8
29134.8
29340.8
29402.4
29403.212
29496.5
29503.2
29582.4
29646.5
30003.3
30503.1
31007.4
31146.5
31233.4
31524.5
31916.8
32096.8
32150.211
32150.4
32151.1
32383.5
32488.8
32503.8
32650.8
32659.8
32868.211
32868.4
32869.1
32900.5
33051.8
33192.8
33242.8
33260.8
33264.8
33379.211
33379.4
33380.1
33515.5
33625.8
33630.8
33650.8
33784.8
33786.8
33891.8
33928.8
34112.8
34154.8
34172.8
34245.4
34246.212
34330.5
34346.2
34846.3
35346.1
35700.4
35871.5
36154.8
36303.8
36311.8
36325.8
36454.8
36487.8
36579.4
36580.212
36652.5
36680.2
37180.3
37680.1
40020.8
40202.8
40379.8
40384.8
40419.8
40475.4
40476.212
40560.5
40576.2
41076.3
41576.1
42688.4
42862.5
43490.8
43784.211
43784.4
43785.1
43926.5
44043.8
44065.8
44079.8
44209.8
44440.8
44467.8
44545.4
44546.212
44639.5
44646.2
45146.3
45646.1
46295.4
46443.5
46717.8
46738.8
46786.8
46791.8
47032.8
47130.4
47131.212
47219.5
47231.2
47731.3
47757.4
47872.5
48231.1
48390.4
48900.5
49160.8
49339.8
49354.8
49486.8
49557.211
49557.4
49558.1
49836.5
49950.8
49976.8
50013.8
50225.8
50506.8
50570.4
50571.212
50653.5
50671.2
51171.3
51671.1
52068.4
52598.5
52833.8
52842.8
52892.8
53285.4
53286.212
53363.5
53386.2
53886.3
54386.1
54892.4
54974.5
55344.4
55644.5
56966.8
57150.211
57150.4
57151.1
57252.5
57400.8
57405.8
57420.8
57611.8
57669.8
57805.4
57806.212
57892.5
57906.2
58406.3
58906.1
59421.4
59740.5
59876.4
60031.5
60316.8
60346.8
60556.8
60563.8
60588.8
60654.211
60654.4
60655.1
60696.5
60886.8
60913.8
61059.8
61263.8
61312.4
61313.212
61413.2
61450.5
61913.3
62413.1
63308.4
63379.5
63992.8
64256.8
64342.211
64342.4
64343.1
64421.5
64667.8
64856.8
64864.8
65006.8
65070.4
65071.212
65164.5
65171.2
65671.3
66171.1
66643.4
67737.5
67918.8
67923.8
67962.8
68087.8
68217.211
68217.4
68218.1
68312.5
68478.8
68482.8
68498.8
68511.8
68527.8
68529.8
68611.8
68935.4
68936.212
69024.5
69036.2
69536.3
70036.1
70851.4
71157.5
71345.4
71434.5
71616.8
71623.8
71689.8
71857.8
71890.8
71975.211
71975.4
71976.1
72321.5
72398.8
72436.8
72584.8
72803.4
72804.212
72875.5
72904.2
73404.3
73904.1
74379.4
74380.5
74386.4
74537.5
77279.4
77370.5
77578.8
77752.8
77823.211
77823.4
77824.1
78011.5
78116.8
78298.8
78320.8
78324.8
78436.211
78436.4
78437.1
78531.5
78625.8
78644.8
78647.8
78673.8
78732.8
78884.8
78919.8
78963.8
79035.4
79036.212
79109.5
79136.2
79636.3
80136.1
80607.4
80803.5
82409.4
82485.5
82715.8
82788.8
82936.8
83016.211
83016.4
83017.1
83098.5
83120.4
83307.5
83382.8
83410.8
83434.8
83576.8
83719.8
83752.8
83757.8
83763.8
83816.4
83817.212
83913.5
83917.2
84417.3
84917.1
85175.4
85580.5
85745.8
85749.8
85931.8
86178.4
86179.212
86243.5
86279.2
86779.3
87279.1
87607.4
87982.5
88295.8
88345.8
88586.8
88591.8
88717.4
88718.212
88781.5
88818.2
89318.3
89818.1
90086.4
90172.5
91071.4
91133.5
92376.4
92467.5
93696.8
94065.211
94065.4
94066.1
94123.5
94348.8
94361.8
94459.8
94499.8
94503.8
94595.8
94681.211
94681.4
94682.1
94746.5
94927.8
95069.8
95105.8
95230.211
95230.4
95231.1
95270.5
95524.8
95550.8
95698.8
95710.8
95768.211
95768.4
95769.1
95866.5
95953.8
95964.8
96131.8
96176.8
96240.8
96348.211
96348.4
96349.1
96379.5
96420.4
96494.5
96645.8
96650.8
96773.8
96890.8
96893.8
96953.211
96953.4
96954.1
97045.5
97172.8
97183.8
97315.8
97328.8
97333.8
97512.8
97542.8
97546.8
97663.4
97664.212
97764.2
97778.5
97929.4
98001.5
98264.3
98331.4
98471.5
98755.4
98764.1
98871.5
98953.4
99878.5
100067.8
100102.8
100405.211
100405.4
100406.1
100515.5
100651.8
100663.8
100668.8
100865.8
101008.211
101008.4
101009.1
101044.5
101085.4
101368.5
101461.8
101499.8
101841.8
101843.8
101867.8
101878.8
101898.8
101951.4
101952.212
102052.2
102066.5
102552.3
103052.1
103529.4
104157.5
104289.8
104507.8
104517.8
104584.211
104584.4
104585.1
104828.5
105036.8
105045.8
105055.8
105079.8
105342.211
105342.4
105343.1
105376.5
105707.8
105726.8
105782.211
105782.4
105783.1
105827.5
105995.8
106002.8
106017.8
106161.8
106171.8
106314.8
106324.8
106346.8
106461.4
106462.212
106562.2
106568.5
107062.3
107562.1
107892.4
108023.5
108271.8
108324.8
108529.8
108549.8
108621.211
108621.4
108622.1
108776.5
108973.8
109097.8
109109.8
109297.211
109297.4
109298.1
109326.5
109399.4
109427.5
109528.8
109549.8
109555.8
109560.8
109878.8
109902.8
109931.8
110107.4
110108.212
110197.5
110208.2
110708.3
111208.1
111390.4
111680.5
112639.8
112864.8
112934.211
112934.4
112935.1
113166.5
113299.8
113311.8
113326.8
113374.8
113697.8
113713.8
113767.4
113768.212
113839.5
113868.2
114368.3
114868.1
115256.4
115360.5
115726.8
115877.8
116179.4
116180.212
116263.5
116280.2
116780.3
117280.1
117634.4
117848.5
117922.4
118247.5
118872.8
118882.8
118927.8
118935.8
119027.8
119237.211
119237.4
119238.1
119326.5
119725.4
119781.5
120040.8
120245.8
120377.211
120377.4
120378.1
120414.5
120821.8
120828.8
121048.8
121107.211
121107.4
121108.1
121142.5
121287.4
121310.5
121431.8
121584.8
121587.8
121593.8
121675.8
121717.8
121750.8
121769.8
121948.4
121949.212
122049.2
122549.3
122559.5
123049.1
126458.8
126533.211
126533.4
126534.1
126557.5
126609.8
126618.8
126648.8
126717.8
127025.4
127026.212
127124.5
127126.2
127626.3
128126.1
128541.4
128543.5
128544.4
128837.5
128957.8
129019.8
129221.8
129455.8
129511.4
129512.212
129592.5
129612.2
130112.3
130612.1
130994.4
131246.5
131481.8
131498.8
131502.8
131513.8
131778.8
131920.4
131921.212
132021.2
132041.5
132521.3
133021.1
133477.4
133691.5
133927.8
133968.8
134231.8
134296.211
134296.4
134297.1
134376.5
134655.8
134724.8
134879.8
134975.211
134975.4
134976.1
135014.5
135093.4
135215.5
135339.8
135553.8
135565.8
135683.211
135683.4
135684.1
135714.5
135756.4
135775.5
136052.8
136126.211
136126.4
136127.1
136155.5
138608.8
138689.211
138689.4
138690.1
138714.5
138903.4
139002.5
139092.4
139124.5
139226.8
139385.8
139560.211
139560.4
139561.1
139603.5
139666.4
139758.5
139852.8
139891.8
139914.8
139919.8
140020.8
140122.8
140150.8
140173.8
140232.211
140232.4
140233.1
140273.5
140541.8
140551.8
140555.8
140565.8
140580.8
140598.8
140764.211
140764.4
140765.1
140790.5
141093.4
141101.5
141323.4
141352.5
141511.8
141723.8
141795.8
142020.8
142062.4
142063.212
142143.5
142163.2
142663.3
143163.1
143387.4
143603.5
143928.8
144266.211
144266.4
144267.1
144301.5
144382.4
144457.5
144589.8
144623.8
144638.8
144882.8
144937.8
145045.4
145046.212
145120.5
145146.2
145646.3
146146.1
146644.4
146733.5
154156.4
154233.5
154567.4
154600.5
154642.4
154657.5
154778.8
155115.8
155180.4
155181.212
155281.2
155294.5
155781.3
156281.1
156660.4
156730.5
156984.8
157025.8
157124.8
157140.8
157163.8
157303.211
157303.4
157304.1
157337.5
157508.8
157710.8
157850.211
157850.4
157851.1
157882.5
158349.4
158566.5
158646.8
158661.8
158665.8
158710.8
158781.8
158899.8
159063.8
159068.8
159125.4
159126.212
159226.2
159228.5
159726.3
160226.1
160514.4
160811.5
161114.8
161244.8
161257.8
161286.8
161432.211
161432.4
161433.1
161679.5
161802.8
161807.8
161857.8
162090.211
162090.4
162091.1
162133.5
162352.8
162542.8
162761.4
162762.212
162836.5
162862.2
163362.3
163862.1
164210.4
164423.5
164425.4
164429.5
165848.8
166038.211
166038.4
166039.1
166285.5
166372.8
166383.8
166406.8
166673.211
166673.4
166674.1
166711.5
166757.4
166781.5
166954.8
166994.8
167189.8
167262.211
167262.4
167263.1
167300.5
167336.4
167554.5
167649.8
167660.8
167670.8
167972.8
168059.4
168060.212
168149.5
168160.2
168660.3
169160.1
169732.4
169803.5
170932.4
170997.5
171193.8
171220.8
171321.8
171362.8
171681.4
171682.212
171751.5
171782.2
172282.3
172782.1
173099.4
173195.5
173504.4
173700.5
174170.4
174204.5
174421.4
174477.5
175151.8
175363.211
175363.4
175364.1
175405.5
175745.8
175942.8
175950.8
175973.8
176061.211
176061.4
176062.1
176096.5
176539.4
176573.5
176864.8
176871.8
176945.211
176945.4
176946.1
176965.5
177002.4
177029.5
177033.4
177134.5
177202.8
177205.8
177236.8
177392.211
177392.4
177393.1
177419.5
177642.8
177666.8
177667.8
177711.8
177717.8
177905.211
177905.4
177906.1
177934.5
178030.8
178250.8
178262.8
178287.8
178295.8
178403.211
178403.4
178404.1
178438.5
178708.8
178749.8
178898.8
178925.8
178931.8
178981.211
178981.4
178982.1
179018.5
179228.8
179360.8
179370.8
179391.8
179402.8
179434.8
179530.8
179698.4
179699.212
179783.5
180000.9
123456789
11
24
15
11
24
15
10
FI
2
2
10
51
47
11
24
47
6
2
1219
0
0
0
314159265
23
506
223
180000
314159265
0.1
852.4
887.5
1283.4
1304.5
1336.4
1453.5
1522.8
1647.8
1670.8
1677.8
1683.8
1796.211
1796.4
1797.1
1964.5
2235.8
2253.8
2322.8
2420.8
2447.8
2575.8
2627.211
2627.4
2628.1
2657.5
2812.4
2834.5
3157.8
3186.8
3392.8
3423.8
3499.211
3499.4
3500.1
3577.5
3923.8
3932.8
4071.8
4193.8
4212.8
4347.211
4347.4
4348.1
4372.5
4856.8
4868.8
5046.211
5046.4
5047.1
5066.5
5206.4
5282.5
5412.8
5420.8
5445.8
5537.8
5658.8
5855.211
5855.4
5856.1
5882.5
6055.4
6075.5
6171.8
6203.8
6262.8
6441.8
6452.8
6466.8
6480.8
6557.211
6557.4
6558.1
6587.5
6779.4
6807.5
6906.8
7089.8
7116.8
7309.211
7309.4
7310.1
7338.5
7452.4
7458.5
7462.4
7468.5
7487.4
7600.5
7708.8
7720.8
7786.8
7815.8
7821.8
7922.8
7957.8
8012.8
8070.211
8070.4
8071.1
8105.5
8391.4
8488.5
8618.8
8674.8
8714.8
8719.8
8899.8
9061.8
9134.4
9135.212
9235.2
9271.5
9735.3
10235.1
10261.4
11026.5
11030.4
11059.5
11529.4
11868.5
12120.8
12138.8
12256.8
12266.8
12275.8
12287.8
12350.211
12350.4
12351.1
12622.5
12831.8
12842.8
13020.8
13083.211
13083.4
13084.1
13114.5
13323.8
13326.8
13338.8
13344.8
13701.211
13701.4
13702.1
13742.5
13905.8
14061.8
14115.211
14115.4
14116.1
14160.5
14358.4
14374.5
14507.8
14521.8
14577.8
14744.8
14752.8
14810.211
14810.4
14811.1
14850.5
14879.4
14894.5
15413.8
15515.8
15555.8
15629.8
15715.211
15715.4
15716.1
15753.5
15779.4
16054.5
16261.8
16298.8
16331.8
16349.8
16498.211
16498.4
16499.1
16531.5
16552.4
16573.5
16577.4
16578.5
16667.4
16673.5
16692.4
16819.5
16946.8
16955.8
16981.8
17011.8
17051.8
17098.8
17209.8
17245.8
17268.8
17404.211
17404.4
17405.1
17448.5
17453.4
17695.5
18046.8
18057.8
18098.8
18151.8
18213.211
18213.4
18214.1
18243.5
18375.4
18402.5
18612.4
18705.5
18770.8
18790.8
18794.8
18811.8
18822.8
18885.8
18894.8
18999.8
19036.8
19089.8
19128.8
19291.4
19292.212
19392.2
19392.5
19892.3
20392.1
20651.4
21420.5
21539.4
21628.5
21888.8
22029.8
22215.211
22215.4
22216.1
22461.5
22688.8
22722.8
22758.8
22842.8
22850.8
22864.8
23003.8
23234.4
23235.212
23314.5
23335.2
23835.3
24335.1
24803.4
25022.5
25161.4
25428.5
25446.4
25651.5
25821.8
25938.8
26098.8
26101.8
26111.8
26175.211
26175.4
26176.1
26441.5
26627.8
26659.8
26681.8
26724.8
26759.8
26876.211
26876.4
26877.1
27301.5
27359.8
27396.8
27564.8
27580.8
27597.8
27619.8
27649.8
27684.8
27760.211
27760.4
27761.1
27855.5
27961.4
28060.5
28119.8
28143.8
28177.8
28283.8
28382.8
28401.8
28410.8
28476.211
28476.4
28477.1
28707.5
28776.8
28825.8
28855.8
28942.8
28960.8
29067.8
29083.8
29095.8
29105.8
29112.8
29159.211
29159.4
29160.1
29487.5
29551.8
29576.8
29590.8
29757.8
29782.8
29795.8
29932.8
29981.211
29981.4
29982.1
30134.5
30306.8
30326.8
30436.8
30463.8
30516.8
30727.211
30727.4
30728.1
30758.5
30874.4
30895.5
31037.8
31173.8
31261.8
31272.8
31397.211
31397.4
31398.1
31424.5
31469.4
31499.5
31644.8
31757.8
31848.8
31850.8
31914.8
32057.211
32057.4
32058.1
32084.5
32481.8
32568.8
32604.8
32804.8
32844.8
32883.8
33003.4
33004.212
33096.5
33104.2
33604.3
34104.1
34485.4
34769.5
35045.4
35280.5
35466.8
35483.8
35501.8
35707.8
35713.8
35972.4
35973.212
36073.2
36104.5
36308.4
36311.5
36312.4
36408.5
36573.3
37073.1
37688.4
37979.5
39727.4
39771.5
39961.8
40201.8
40442.211
40442.4
40443.1
40479.5
40663.4
40739.5
40843.8
40875.8
41030.8
41034.8
41051.8
41244.211
41244.4
41245.1
41294.5
41437.4
41459.5
41557.4
41606.5
42329.4
42351.5
42440.8
42589.8
42612.8
42623.8
42727.8
42785.211
42785.4
42786.1
42820.5
43502.8
43616.211
43616.4
43617.1
43649.5
43827.8
43844.8
43854.8
43869.8
43956.8
44078.8
44219.8
44368.4
44369.212
44452.5
44469.2
44969.3
45469.1
45583.4
45840.5
46874.4
47237.5
47729.4
47803.5
47932.8
47944.8
47953.8
48188.8
48212.8
48219.8
48224.8
48360.211
48360.4
48361.1
48390.5
48654.8
48660.8
48822.8
48823.8
48825.8
48852.8
48858.8
48863.8
49016.8
49027.8
49062.8
49121.211
49121.4
49122.1
49358.5
49452.8
49460.8
49485.8
49567.8
49569.8
49576.8
49669.8
49816.8
49823.8
49829.8
49854.8
49858.8
49910.8
50047.4
50048.212
50136.5
50148.2
50648.3
51148.1
51474.4
51783.5
51981.4
52258.5
52403.8
52439.8
52520.8
52522.8
52525.8
52620.8
52754.8
52757.8
52816.211
52816.4
52817.1
52878.5
53042.4
53054.5
53152.4
53175.5
53282.8
53302.8
53584.8
53610.8
53616.8
53753.211
53753.4
53754.1
53781.5
53833.4
54053.5
54133.8
54144.8
54161.8
54185.8
54222.8
54368.8
54396.8
54409.8
54529.8
54596.211
54596.4
54597.1
54689.5
54715.4
54807.5
54882.8
54911.8
54953.8
55169.8
55313.8
55321.8
55412.4
55413.212
55504.5
55513.2
56013.3
56513.1
56816.4
57593.5
57691.4
57771.5
57850.8
57859.8
57895.8
58183.8
58345.211
58345.4
58346.1
58381.5
58484.4
58536.5
58548.4
58590.5
59000.4
59025.5
59119.4
59129.5
59137.4
59214.5
61970.8
62102.211
62102.4
62103.1
62129.5
62202.8
62236.8
62243.8
62397.8
62470.8
62602.211
62602.4
62603.1
62631.5
62712.8
62719.8
62753.8
62883.8
62891.8
62914.8
63002.8
63132.211
63132.4
63133.1
63170.5
63404.8
63425.8
63464.8
63625.211
63625.4
63626.1
63652.5
63860.8
63986.8
64113.211
64113.4
64114.1
64157.5
64389.4
64425.5
64494.8
64504.8
64542.8
65191.4
65192.212
65277.5
65292.2
65792.3
66292.1
66598.4
66780.5
67239.4
67648.5
67915.8
68277.211
68277.4
68278.1
68306.5
68504.8
68727.8
68751.8
68757.8
68826.211
68826.4
68827.1
69342.5
69459.8
69474.8
69751.8
69756.8
69798.8
69969.4
69970.212
70051.5
70070.2
70357.4
70440.5
70570.3
70640.4
70644.5
70645.4
71070.1
71222.5
71319.4
71421.5
71521.4
71624.5
71851.8
72162.211
72162.4
72163.1
72191.5
72387.8
72539.8
72547.8
72569.8
72761.211
72761.4
72762.1
72795.5
72996.8
73189.8
73193.8
73357.8
73382.8
73437.211
73437.4
73438.1
73637.5
73655.4
73677.5
74074.4
74102.5
74217.8
74335.8
74391.8
74599.211
74599.4
74600.1
74631.5
75096.8
75343.8
75383.8
75395.8
75494.211
75494.4
75495.1
75612.5
75737.8
75743.8
75760.8
75887.8
76074.211
76074.4
76075.1
76098.5
76195.8
76250.8
76421.8
76445.8
76459.8
76468.8
76594.8
76596.8
76631.8
76645.8
76732.8
76734.8
76760.8
76788.8
76812.8
76879.4
76880.212
76954.5
76980.2
77480.3
77980.1
78159.4
78731.5
79049.4
79163.5
79583.8
79624.8
79675.8
79873.8
80068.211
80068.4
80069.1
80145.5
80362.8
80385.8
80568.8
80596.8
80732.8
80760.8
80828.211
80828.4
80829.1
80928.5
81043.8
81053.8
81346.8
81435.211
81435.4
81436.1
81464.5
81523.4
81548.5
81649.8
81884.8
81922.8
81935.8
82004.8
82083.211
82083.4
82084.1
82117.5
82209.8
82411.8
82420.8
82489.8
82632.8
82687.211
82687.4
82688.1
82716.5
82797.8
82850.8
83135.8
83169.8
83178.8
83295.211
83295.4
83296.1
83321.5
83434.8
83492.8
83667.8
83811.8
83915.8
84026.8
84071.8
84122.4
84123.212
84195.5
84223.2
84723.3
85223.1
85391.4
85674.5
85995.4
85997.5
85998.4
86057.5
86895.4
87096.5
94538.4
94605.5
94671.8
94680.8
94693.8
94704.8
94814.8
94999.211
94999.4
95000.1
95105.5
95167.8
95308.8
95437.8
95447.8
95568.8
95634.211
95634.4
95635.1
95670.5
95781.8
95810.8
96029.8
96169.211
96169.4
96170.1
96191.5
96438.8
96491.8
96588.8
96617.8
96730.211
96730.4
96731.1
96749.5
100099.4
100120.5
103835.4
103865.5
104935.8
105027.8
105096.211
105096.4
105097.1
105107.5
105971.4
106008.5
109224.8
109644.211
109644.4
109645.1
109766.5
109830.8
109857.8
109908.8
110108.8
110290.211
110290.4
110291.1
110318.5
110426.4
110463.5
110530.8
110531.8
110573.8
110790.8
110831.8
111115.4
111116.212
111185.5
111216.2
111716.3
112168.4
112216.1
112789.5
113112.4
113158.5
114629.8
114702.8
114740.8
114921.211
114921.4
114922.1
114953.5
115288.8
115332.8
115342.8
115724.8
115848.4
115849.212
115949.2
115954.5
116449.3
116949.1
117149.4
117268.5
117449.4
117831.5
118261.4
118340.5
118688.8
119109.211
119109.4
119110.1
119145.5
122378.4
122385.5
125764.4
125845.5
125916.8
125935.8
126127.8
126211.211
126211.4
126212.1
126234.5
126420.8
126682.8
126785.211
126785.4
126786.1
126818.5
127022.8
127356.211
127356.4
127357.1
127384.5
127573.8
127761.8
127791.8
127792.8
127879.211
127879.4
127880.1
127910.5
128012.4
128044.5
128221.8
128569.8
128669.8
128755.4
128756.212
128856.2
128956.5
129356.3
129856.1
130259.4
130263.5
130265.4
130792.5
131096.8
131288.8
131312.8
131527.8
131573.8
131667.4
131668.212
131768.2
131833.5
132268.3
132768.1
133109.4
133461.5
133711.4
134012.5
137138.4
137276.5
138377.4
138513.5
138610.8
138965.211
138965.4
138966.1
138998.5
139297.8
139307.8
139462.8
139676.211
139676.4
139677.1
139705.5
139855.8
140027.8
140326.211
140326.4
140327.1
140369.5
140614.8
140624.8
140774.8
140912.8
140962.8
141121.4
141122.212
141194.5
141222.2
141722.3
142222.1
142377.4
143065.5
143543.8
143683.8
144101.8
144161.4
144162.212
144262.2
144344.5
144360.4
144612.5
144762.3
144987.8
145045.8
145199.8
145262.1
145277.4
145301.5
145599.8
145615.8
145669.8
145852.211
145852.4
145853.1
145873.5
145908.4
146018.5
146091.8
146121.8
146129.8
146145.8
146149.8
146339.8
146341.8
146363.8
146480.211
146480.4
146481.1
146608.5
146696.8
146708.8
146763.8
146789.8
146838.8
146960.8
146989.8
147131.211
147131.4
147132.1
147159.5
147212.4
147214.5
147217.4
147254.5
147381.8
147425.8
147629.8
147639.8
147663.8
147900.4
147901.212
147993.5
148001.2
148456.4
148501.3
148704.5
148776.4
148828.5
148951.8
149001.1
149074.8
149114.8
149342.211
149342.4
149343.1
149413.5
149552.8
149727.8
149741.8
150061.4
150062.212
150162.2
150164.5
150662.3
151162.1
151360.4
151622.5
151788.8
151798.8
151822.8
152045.8
152201.211
152201.4
152202.1
152357.5
152475.8
152693.8
152775.211
152775.4
152776.1
152843.5
153012.8
153021.8
153040.8
153151.8
153317.8
153557.8
153576.8
153600.8
153648.4
153649.212
153715.5
153749.2
154249.3
154749.1
154934.4
155226.5
155316.4
155404.5
155533.8
155541.8
155560.8
155756.8
156072.4
156073.212
156173.2
156186.5
156673.3
157173.1
157777.4
157911.5
161027.4
161029.5
161035.4
161076.5
162212.4
162259.5
162618.4
162638.5
165051.4
165054.5
166099.8
166106.8
166162.211
166162.4
166163.1
166201.5
166250.8
166566.211
166566.4
166567.1
166594.5
166666.4
166688.5
166762.8
167015.8
167031.8
167059.8
167204.211
167204.4
167205.1
167238.5
167650.8
167673.8
167827.211
167827.4
167828.1
167860.5
168231.8
168317.211
168317.4
168318.1
168355.5
168492.4
168577.5
168643.8
168660.8
168700.8
168828.8
168834.8
168994.8
168996.8
169030.8
169202.4
169203.212
169291.5
169303.2
169721.4
169803.3
169948.5
170303.1
175637.8
175844.211
175844.4
175845.1
175886.5
175944.8
175955.8
175983.8
176079.8
176162.211
176162.4
176163.1
180000.9
123456789
11
25
15
11
25
15
10
FI
2
2
10
44
01
11
17
01
6
2
1130
0
0
0
314159265
32
457
203
180000
314159265
0.1
1089.8
1304.211
1304.4
1305.1
1324.5
1398.8
1538.8
1613.8
1841.8
1895.211
1895.4
1896.1
1973.5
2136.4
2138.5
2152.4
2169.5
2447.8
2464.8
2476.8
2499.8
2591.211
2591.4
2592.1
2616.5
3109.8
3117.8
3149.8
3295.211
3295.4
3296.1
3314.5
3393.8
3400.8
3818.211
3818.4
3819.1
3843.5
4296.4
4312.5
4507.8
4950.8
5201.4
5202.212
5287.5
5302.2
5802.3
6302.1
6367.4
6615.5
6846.8
6879.8
7076.211
7076.4
7077.1
7479.5
7602.8
7673.8
7847.8
7877.8
7884.8
7952.211
7952.4
7953.1
7985.5
8214.8
8223.8
8231.8
8362.8
8699.211
8699.4
8700.1
8731.5
9104.8
9146.8
9149.8
9350.8
9371.8
9410.8
9462.211
9462.4
9463.1
9494.5
9661.8
9711.8
9839.8
9953.211
9953.4
9954.1
9981.5
10008.4
10307.5
10404.8
10410.8
10426.8
10432.8
10529.8
10681.8
10692.8
10703.8
10799.211
10799.4
10800.1
10832.5
10971.4
11010.5
11128.8
11246.8
11328.8
11507.8
11520.8
11532.8
11607.211
11607.4
11608.1
11705.5
12044.8
12067.8
12132.8
12260.211
12260.4
12261.1
12288.5
13129.8
13331.211
13331.4
13332.1
13359.5
13862.4
13866.5
13877.4
13884.5
14199.4
14269.5
14331.8
14512.8
14514.8
14547.8
14785.211
14785.4
14786.1
14817.5
14940.8
14952.8
14994.8
15000.8
15008.8
15033.8
15188.8
15324.8
15332.8
15356.8
15413.211
15413.4
15414.1
15453.5
15470.4
15668.5
15804.8
15835.8
16057.8
16203.211
16203.4
16204.1
16239.5
16266.4
16630.5
16702.8
16753.8
16784.8
16852.8
17005.8
17017.8
17031.8
17039.8
17197.211
17197.4
17198.1
17482.5
17703.8
17816.8
17986.211
17986.4
17987.1
18014.5
18248.8
18255.8
18259.8
18315.8
18322.8
18358.8
18478.8
18501.8
18518.8
18608.211
18608.4
18609.1
18635.5
18660.4
18669.5
18772.8
18907.8
18925.8
19034.211
19034.4
19035.1
19065.5
19531.4
19608.5
19693.8
19699.8
19829.8
20080.8
20138.8
20377.8
20427.4
20428.212
20523.5
20528.2
20669.4
20798.5
20942.4
21028.3
21306.5
21528.1
21736.4
21785.5
21864.8
22048.8
22066.8
22194.8
22212.8
22218.8
22272.211
22272.4
22273.1
22361.5
22630.8
22774.8
22878.8
23042.8
23073.8
23123.211
23123.4
23124.1
23224.5
23322.8
23422.8
23523.211
23523.4
23524.1
23542.5
23585.4
23786.5
23905.8
23920.8
23925.8
23930.8
23982.8
24135.8
24168.8
24294.211
24294.4
24295.1
24327.5
24694.4
24950.5
25088.4
25119.5
25191.8
25200.8
25212.8
25237.8
25325.8
25362.8
25524.8
25600.211
25600.4
25601.1
25630.5
26404.8
26420.8
26642.8
26651.8
26682.8
26726.8
26752.8
26818.8
26868.211
26868.4
26869.1
26945.5
28401.8
28502.8
28578.211
28578.4
28579.1
28599.5
28780.4
28895.5
29516.8
29560.8
29655.211
29655.4
29656.1
29684.5
30079.4
30105.5
30181.8
30184.8
30218.8
30222.8
30237.8
30358.8
30383.8
30566.211
30566.4
30567.1
30595.5
30832.8
30856.8
30929.8
31097.8
31110.8
31167.211
31167.4
31168.1
31200.5
31519.8
31536.8
32160.8
32319.8
32485.4
32486.212
32561.5
32586.2
33086.3
33487.4
33586.1
33638.5
33728.4
33864.5
34084.4
34383.5
34469.4
34814.5
34824.4
34942.5
35074.8
35083.8
35379.211
35379.4
35380.1
35414.5
36394.4
36540.5
37623.4
37645.5
37729.8
37940.211
37940.4
37941.1
37961.5
38578.4
38590.5
38896.8
39033.8
39053.8
39055.8
39229.8
39245.8
39301.211
39301.4
39302.1
39337.5
39445.4
39526.5
39592.8
39599.8
39604.8
39654.8
39664.8
39685.8
39875.8
39908.8
40044.8
40099.4
40100.212
40180.5
40200.2
40700.3
41200.1
41215.4
41374.5
41984.4
41985.5
41987.4
42175.5
43422.4
43474.5
43585.4
43626.5
43772.8
43782.8
44052.8
44192.211
44192.4
44193.1
44454.5
44567.8
44602.8
44771.8
44785.8
44792.8
45036.211
45036.4
45037.1
45409.5
45497.8
45519.8
45552.8
45558.8
45735.8
46005.4
46006.212
46086.5
46106.2
46606.3
47106.1
47803.4
47878.5
48784.8
49044.8
49139.211
49139.4
49140.1
49173.5
49301.4
49326.5
49447.8
49453.8
49464.8
49637.8
49762.8
49766.8
50347.4
50348.212
50441.5
50448.2
50866.4
50948.3
50998.5
51115.4
51448.1
51718.5
51934.8
52085.8
52224.8
52402.211
52402.4
52403.1
52438.5
53200.4
53222.5
53414.8
53561.8
53565.8
53722.8
53730.8
53901.211
53901.4
53902.1
53948.5
53980.4
54132.5
54289.8
54502.8
54627.8
54700.211
54700.4
54701.1
54744.5
54848.4
54897.5
54975.8
55015.8
55062.8
55206.8
55454.8
55463.8
55481.8
55596.4
55597.212
55697.2
55698.5
55999.4
56088.5
56197.3
56383.4
56697.1
57147.5
57552.8
57732.8
57735.8
57818.211
57818.4
57819.1
57852.5
58065.4
58105.5
58198.8
58236.8
58410.8
58425.8
58675.211
58675.4
58676.1
58700.5
58941.8
59073.8
59231.8
59393.211
59393.4
59394.1
59520.5
59522.4
59562.5
59648.8
59664.8
59677.8
59921.8
60114.8
60186.4
60187.212
60267.5
60287.2
60787.3
61287.1
61579.4
61726.5
63280.4
63351.5
63530.8
63543.8
63667.8
63905.8
63962.211
63962.4
63963.1
64041.5
64238.8
64247.8
64332.8
64469.8
64474.8
64505.8
64510.8
64684.8
64741.4
64742.212
64819.5
64842.2
65342.3
65842.1
66298.4
66386.5
66891.8
67074.8
67226.8
67229.8
67257.8
67444.8
67506.4
67507.212
67601.5
67607.2
68107.3
68607.1
70504.8
71095.8
71165.4
71166.212
71247.5
71266.2
71766.3
72266.1
72717.4
73110.5
74045.4
74138.5
74945.4
75069.5
75247.4
75323.5
75342.4
75519.5
75632.8
75638.8
75671.8
75673.8
75676.8
75735.8
75889.8
75899.8
76052.211
76052.4
76053.1
76083.5
76116.4
76396.5
76506.8
76519.8
76533.8
76534.8
76557.8
76561.8
76604.8
76613.8
76700.8
76943.211
76943.4
76944.1
76980.5
77248.8
77300.8
77359.8
77567.8
77572.8
77728.211
77728.4
77729.1
77772.5
77846.4
78182.5
78281.8
78348.8
78380.8
78456.8
78698.8
78707.8
78763.211
78763.4
78764.1
78860.5
79045.8
79046.8
79087.8
79092.8
79130.8
79165.8
79385.8
79395.8
79412.8
79596.8
79666.4
79667.212
79767.2
79879.5
80267.3
80767.1
81420.4
81497.5
81950.8
82263.8
82300.8
82414.211
82414.4
82415.1
82452.5
82566.4
82820.5
82923.8
83001.8
83270.8
83305.8
83481.4
83482.212
83580.5
83582.2
84082.3
84582.1
85436.4
86345.5
86733.8
86743.8
86747.8
87002.211
87002.4
87003.1
87179.5
87191.4
87301.5
87383.8
87411.8
87506.8
87629.8
87826.8
88005.4
88006.212
88102.5
88106.2
88606.3
89106.1
89454.4
89556.5
89627.4
89949.5
91562.4
91855.5
92760.4
92800.5
93428.8
93712.211
93712.4
93713.1
93843.5
93929.8
93947.8
93973.8
94037.8
94171.8
94202.8
94429.8
94632.4
94633.212
94702.5
94733.2
95233.3
95733.1
100007.4
100024.5
100254.4
100286.5
100393.4
100603.5
100762.8
100784.8
100918.8
100966.8
101137.8
101141.8
101171.8
101306.8
101370.4
101371.212
101471.2
101497.5
101971.3
102471.1
104024.4
104153.5
106542.4
106968.5
107972.8
108004.8
108008.8
108065.211
108065.4
108066.1
108331.5
108414.8
108441.8
108636.8
108660.8
108664.8
108671.8
108815.8
108972.4
108973.212
109060.5
109073.2
109495.4
109573.3
109608.5
110030.8
110073.1
110185.8
110449.211
110449.4
110450.1
110549.5
110634.4
110657.5
110854.8
110861.8
111072.8
111321.211
111321.4
111322.1
111567.5
111647.8
111662.8
111668.8
111678.8
111708.8
111788.8
111934.8
112164.8
112178.8
112209.8
112226.8
112287.4
112288.212
112371.5
112388.2
112888.3
113388.1
113879.4
114227.5
114846.8
115036.8
115244.8
115310.211
115310.4
115311.1
115399.5
115522.4
115585.5
115778.8
116241.8
116312.8
116427.4
116428.212
116496.5
116528.2
117028.3
117528.1
118187.4
118391.5
118895.4
119195.5
120487.8
120773.8
120774.8
120786.8
121020.4
121021.212
121121.2
121237.5
121621.3
122121.1
122733.4
123338.5
124446.8
124455.8
124636.211
124636.4
124637.1
124674.5
124818.4
125067.5
125179.8
125215.8
125434.8
125439.8
125642.211
125642.4
125643.1
125675.5
125791.4
125954.5
126039.8
126079.8
126110.8
126281.8
126291.8
126312.8
126548.4
126549.212
126647.5
126649.2
127149.3
127207.4
127259.5
127649.1
129233.4
129725.5
131241.8
131559.211
131559.4
131560.1
131612.5
131873.4
131911.5
131994.8
132043.8
132058.8
132063.8
132105.8
132256.8
132522.4
132523.212
132612.5
132623.2
133123.3
133623.1
134298.4
134400.5
134862.4
135017.5
135137.4
135387.5
136048.4
136356.5
136548.8
136655.8
136827.8
136953.211
136953.4
136954.1
137002.5
137087.4
137089.5
137090.4
137233.5
137321.8
137362.8
137561.8
137574.8
137804.211
137804.4
137805.1
137844.5
137968.4
138073.5
138159.8
138167.8
138199.8
138213.8
138334.8
138337.8
138473.8
138628.8
138682.4
138683.212
138763.5
138783.2
139283.3
139783.1
140945.4
141189.5
141336.8
141346.8
141355.8
141547.8
141592.8
141780.211
141780.4
141781.1
141890.5
142086.8
142228.8
142230.8
142509.8
142656.8
142713.4
142714.212
142791.5
142814.2
143314.3
143814.1
144468.4
144977.5
145235.8
145701.8
145774.4
145775.212
145853.5
145875.2
146375.3
146875.1
147411.4
147492.5
148704.4
148757.5
148852.8
148866.8
148887.8
149162.8
149373.4
149374.212
149464.5
149474.2
149974.3
150474.1
152911.4
153141.5
153930.8
153964.8
154155.211
154155.4
154156.1
154194.5
154267.4
154359.5
154466.8
154484.8
154542.8
155023.4
155024.212
155103.5
155124.2
155624.3
156124.1
157027.4
157156.5
157391.8
157766.211
157766.4
157767.1
157887.5
158008.8
158045.8
158465.8
158548.4
158549.212
158649.2
158655.5
159149.3
159649.1
161583.8
161846.8
161902.8
162096.4
162097.212
162173.5
162197.2
162697.3
163197.1
163881.4
164395.5
164618.4
164794.5
165059.8
165298.8
165496.211
165496.4
165497.1
165533.5
165720.4
165746.5
165849.8
165865.8
166022.8
166038.8
166228.8
166258.8
166269.8
166338.211
166338.4
166339.1
166383.5
166543.4
166568.5
166738.8
166765.8
166935.8
166937.8
167241.8
167302.4
167303.212
167374.5
167403.2
167903.3
168403.1
171935.4
172156.5
172440.8
172591.8
172866.211
172866.4
172867.1
172900.5
172999.8
173054.8
173227.8
173237.8
173401.8
173404.8
173475.211
173475.4
173476.1
173587.5
173697.8
173713.8
173734.8
173767.8
173780.8
173804.8
174369.4
174370.212
174450.5
174470.2
174970.3
175470.1
176156.4
176280.5
176612.4
176796.5
177484.8
177492.8
177498.8
177962.211
177962.4
177963.1
178000.5
178197.8
178395.8
178414.8
178442.8
178579.8
178582.8
178623.8
178686.211
178686.4
178687.1
178726.5
178990.8
179034.8
179038.8
179044.8
179087.8
179450.8
179515.4
179516.212
179599.5
180000.9
123456789
11
26
15
11
26
15
10
FI
2
2
10
47
41
11
20
41
6
2
1397
0
0
0
314159265
12
614
248
180000
314159265
0.1
669.8
680.8
844.8
918.211
918.4
919.1
1016.5
1436.8
1548.8
1666.8
1776.8
1875.211
1875.4
1876.1
1899.5
1983.4
2050.5
2105.8
2194.8
2308.8
2405.8
2565.8
2588.8
2758.4
2759.212
2839.5
2859.2
3359.3
3743.4
3859.1
3963.5
4061.8
4069.8
4371.8
4571.8
4640.211
4640.4
4641.1
4843.5
4906.4
5079.5
5143.8
5151.8
5159.8
5189.8
5243.8
5293.8
5665.211
5665.4
5666.1
5699.5
5796.4
6022.5
6098.8
6118.8
6137.8
6142.8
6308.8
6478.8
6586.211
6586.4
6587.1
6643.5
6736.4
7058.5
7168.8
7392.8
7410.8
7581.211
7581.4
7582.1
7607.5
7817.4
7951.5
8045.8
8059.8
8173.8
8398.211
8398.4
8399.1
8776.5
8888.8
8896.8
8919.8
9058.8
9196.8
9329.211
9329.4
9330.1
9359.5
9455.4
9574.5
9718.8
9750.8
9763.8
9905.8
9924.8
10095.8
10117.8
10219.211
10219.4
10220.1
10400.5
10402.4
10409.5
10499.4
10589.5
10719.8
10730.8
10734.8
10747.8
10917.8
10957.8
11045.8
11239.211
11239.4
11240.1
11423.5
11561.8
11578.8
11599.8
11803.8
11820.8
11920.8
12029.211
12029.4
12030.1
12079.5
12192.4
12207.5
12287.8
12334.8
12398.8
12412.8
12541.8
12690.211
12690.4
12691.1
12831.5
13168.4
13197.5
13419.8
13430.8
13504.8
13711.8
13794.211
13794.4
13795.1
13954.5
14128.8
14256.8
14464.8
14472.8
14487.8
14563.211
14563.4
14564.1
14665.5
14791.4
14810.5
14919.8
15138.8
15203.8
15246.8
15249.8
15357.211
15357.4
15358.1
15391.5
15609.8
15766.8
15787.8
15804.8
15982.8
15988.8
16005.8
16036.8
16096.211
16096.4
16097.1
16134.5
16155.4
16442.5
16511.8
16513.8
16526.8
16567.8
16624.8
16757.8
16788.8
16953.8
16978.8
17089.211
17089.4
17090.1
17123.5
17151.4
17483.5
17575.8
17734.8
17774.8
17867.8
17995.211
17995.4
17996.1
18060.5
18320.4
18350.5
18434.8
18477.8
18646.8
18747.8
18759.8
18923.211
18923.4
18924.1
18949.5
19457.8
19472.8
19537.8
19817.211
19817.4
19818.1
19839.5
19940.8
20013.8
20195.8
20342.211
20342.4
20343.1
20356.5
20690.4
20835.5
20922.8
20962.8
21072.8
21098.8
21100.8
21125.8
21211.8
21267.8
21272.8
21279.8
21294.8
21442.211
21442.4
21443.1
21490.5
21604.8
21748.8
21769.8
21917.8
21936.8
21944.8
22105.211
22105.4
22106.1
22137.5
22334.4
22553.5
23917.8
24111.8
24188.211
24188.4
24189.1
24212.5
24332.4
24358.5
24414.8
24448.8
24492.8
24612.8
24902.211
24902.4
24903.1
24934.5
24987.8
25104.8
25256.211
25256.4
25257.1
25289.5
26447.8
26508.211
26508.4
26509.1
26532.5
26596.8
26605.8
26855.211
26855.4
26856.1
26870.5
28047.4
28076.5
32069.4
32174.5
33392.4
33589.5
33603.4
33646.5
33647.4
33648.5
38840.4
38883.5
48578.4
48595.5
51255.4
51815.5
51912.4
51977.5
52038.8
52045.8
52256.8
52532.211
52532.4
52533.1
52632.5
52718.8
52723.8
52806.8
53106.211
53106.4
53107.1
53131.5
53295.4
53415.5
53490.8
53505.8
53513.8
53517.8
53522.8
53697.8
53706.8
53863.211
53863.4
53864.1
53890.5
53980.8
54214.8
54236.8
54491.211
54491.4
54492.1
54522.5
54620.8
54695.8
54916.211
54916.4
54917.1
54939.5
55385.8
55429.8
55686.211
55686.4
55687.1
55712.5
55986.4
56103.5
56176.8
56541.8
56691.211
56691.4
56692.1
56714.5
57092.4
57169.5
57252.8
57663.8
57763.211
57763.4
57764.1
57974.5
57982.4
58049.5
58119.8
58185.8
58299.8
58397.8
58507.211
58507.4
58508.1
58533.5
58873.4
58914.5
58997.8
59037.8
59067.8
59239.8
59444.211
59444.4
59445.1
59474.5
59486.4
59761.5
59830.8
59916.8
60046.8
60288.211
60288.4
60289.1
60317.5
60986.8
61058.8
61226.211
61226.4
61227.1
61601.5
61833.8
61858.8
61875.8
61909.8
61914.8
62051.8
62231.211
62231.4
62232.1
62261.5
62671.8
62704.8
62862.8
63021.8
63167.211
63167.4
63168.1
63206.5
63284.4
63515.5
63611.8
63670.8
63681.8
63704.8
63827.8
63844.8
63985.211
63985.4
63986.1
64101.5
64202.8
64421.8
64633.8
64674.8
64695.8
64703.8
64720.8
64748.8
64849.4
64850.212
64950.2
64955.5
65450.3
65821.4
65950.1
66179.5
66277.4
66569.5
66764.8
67269.8
67456.8
67579.4
67580.212
67673.5
67680.2
68180.3
68680.1
68823.4
69269.5
70676.4
70930.5
72087.8
72256.211
72256.4
72257.1
72657.5
72732.8
72771.8
72848.211
72848.4
72849.1
72897.5
72912.4
73172.5
73183.4
73400.5
73471.8
73604.8
73747.8
73830.211
73830.4
73831.1
74134.5
74233.8
74251.8
74395.8
74567.211
74567.4
74568.1
74803.5
74900.4
74922.5
75063.8
75120.8
75181.8
75508.211
75508.4
75509.1
75856.5
76030.8
76111.8
76482.211
76482.4
76483.1
76517.5
76600.4
76622.5
77152.8
77200.8
77214.8
77269.8
77280.8
77359.211
77359.4
77360.1
77435.5
77528.4
77614.5
77698.8
77720.8
77857.8
77900.8
77936.8
78210.8
78273.211
78273.4
78274.1
78416.5
78557.8
78766.8
78774.8
78789.8
78814.8
78959.211
78959.4
78960.1
78995.5
79095.4
79183.5
79187.4
79353.5
79435.8
79447.8
79613.8
79663.8
79875.211
79875.4
79876.1
79902.5
80068.8
80114.8
80175.8
80424.211
80424.4
80425.1
80457.5
80563.4
80715.5
80763.4
80831.5
81007.8
81160.8
81176.8
81290.211
81290.4
81291.1
81349.5
81374.4
81375.5
82082.4
82146.5
82453.4
82698.5
82766.8
82849.8
82900.8
82993.8
83126.211
83126.4
83127.1
83156.5
83183.4
83256.5
83390.4
83401.5
83913.4
83916.5
83917.4
83952.5
84341.4
84373.5
84442.8
84569.8
84791.8
84974.8
84982.8
85025.211
85025.4
85026.1
85072.5
85198.8
85234.8
85340.8
85506.8
85608.211
85608.4
85609.1
85642.5
85652.4
85830.5
85910.8
86008.8
86183.8
86289.211
86289.4
86290.1
86316.5
86335.4
86336.5
86337.4
86525.5
87219.4
87240.5
87394.4
87471.5
87566.8
87577.8
87608.8
87925.8
87953.8
88042.211
88042.4
88043.1
88081.5
88430.8
88481.8
88576.211
88576.4
88577.1
88612.5
88706.4
88756.5
89048.8
89075.8
89272.8
89281.8
89299.8
89358.211
89358.4
89359.1
89403.5
89424.4
89508.5
89615.8
89838.8
89840.8
89848.8
89877.8
90066.211
90066.4
90067.1
90096.5
90272.4
90320.5
90385.8
90470.8
90486.8
90721.8
90733.8
90812.211
90812.4
90813.1
90847.5
91001.4
91097.5
91250.8
91275.8
91407.8
91433.8
91604.8
91636.8
91660.8
91717.8
91785.211
91785.4
91786.1
91824.5
91934.4
92004.5
92254.4
92280.5
92488.8
92637.8
92657.8
92935.211
92935.4
92936.1
92978.5
93049.8
93063.8
93133.8
93331.8
93420.8
93451.8
93543.8
93598.211
93598.4
93599.1
93670.5
93699.4
93774.5
93847.8
93952.8
94290.211
94290.4
94291.1
94313.5
94784.8
94860.8
94864.8
94934.8
94958.8
94967.8
95028.211
95028.4
95029.1
95055.5
96383.8
96573.8
96604.8
96739.8
96926.8
96971.8
97034.4
97035.212
97122.5
97135.2
97459.4
97565.5
97635.3
97867.4
98060.5
98135.1
98144.4
98326.5
98593.4
98696.5
99040.8
99201.8
99414.8
99478.211
99478.4
99479.1
99523.5
99641.4
99687.5
100234.8
100425.211
100425.4
100426.1
100463.5
100822.8
100866.8
100919.8
101040.8
101125.8
101130.8
101296.8
101329.8
101341.8
101701.4
101702.212
101802.2
101809.5
102302.3
102802.1
103190.4
103749.5
107106.8
107345.8
107581.211
107581.4
107582.1
107624.5
107725.4
107983.5
108058.8
108077.8
108214.8
108265.8
108465.8
108605.211
108605.4
108606.1
108634.5
108655.4
108905.5
108925.4
109038.5
109124.8
109130.8
109150.8
109352.8
109522.8
109610.8
109639.8
109700.211
109700.4
109701.1
109735.5
109920.4
109964.5
110107.8
110289.8
110516.8
110551.8
110581.8
110609.8
110670.211
110670.4
110671.1
110957.5
111045.8
111064.8
111078.8
111094.8
111326.8
111342.8
111384.8
111644.211
111644.4
111645.1
111679.5
111754.4
111780.5
111980.8
111983.8
112032.8
112221.8
112434.8
112501.8
112531.8
112563.8
112652.8
112681.8
112705.8
112710.8
112762.8
112799.8
112868.4
112869.212
112962.5
112969.2
113303.4
113377.5
113446.4
113469.3
113938.5
113969.1
114110.4
114572.5
114738.8
114762.8
114769.8
114836.8
114861.8
115029.8
115048.8
115129.8
115355.4
115356.212
115438.5
115456.2
115956.3
116456.1
116576.4
116957.5
118649.8
118856.8
118967.211
118967.4
118968.1
119006.5
119093.4
119236.5
119332.8
119391.8
119419.8
119437.8
119536.8
119552.8
119561.8
119700.8
119705.8
119751.8
119842.211
119842.4
119843.1
120174.5
120298.8
120362.8
120488.8
120511.8
120538.8
120546.8
120617.8
120626.8
120735.211
120735.4
120736.1
120800.5
120830.4
120877.5
120999.8
121009.8
121045.8
121191.8
121207.8
121238.8
121411.211
121411.4
121412.1
121464.5
121698.8
121706.8
121726.8
121748.8
121897.8
121905.8
121957.8
122074.211
122074.4
122075.1
122107.5
122149.4
122252.5
122339.8
122397.8
122526.8
122561.8
122706.211
122706.4
122707.1
122728.5
122867.8
122916.8
123003.8
123031.8
123246.211
123246.4
123247.1
123278.5
123333.8
123352.8
123612.8
123690.8
123875.211
123875.4
123876.1
123905.5
124312.4
124363.5
124425.8
124510.8
124548.8
124690.8
124711.8
124916.8
124962.8
125024.211
125024.4
125025.1
125063.5
125131.4
125212.5
125298.8
125313.8
125357.8
125385.8
125400.8
125487.8
125514.8
125744.211
125744.4
125745.1
125769.5
125946.8
125957.8
126059.8
126083.8
126093.8
126167.8
126240.211
126240.4
126241.1
126269.5
126549.8
126575.8
126637.8
126724.211
126724.4
126725.1
126747.5
129389.8
129526.8
129569.8
129578.8
129664.211
129664.4
129665.1
129693.5
129892.8
130215.8
130357.8
130486.211
130486.4
130487.1
130514.5
131004.8
131212.8
131306.211
131306.4
131307.1
131335.5
131533.8
131617.8
131779.8
131782.8
131814.8
131850.8
131908.8
132061.211
132061.4
132062.1
132094.5
132560.8
132718.8
132807.211
132807.4
132808.1
132834.5
132880.4
132934.5
133156.8
133163.8
133341.211
133341.4
133342.1
133374.5
133465.8
133500.8
133521.8
133676.8
133688.8
133811.8
133864.8
133874.8
134043.8
134049.8
134053.8
134167.4
134168.212
134264.5
134268.2
134768.3
135241.4
135268.1
135562.5
135889.8
136066.8
136178.8
136297.8
136309.8
136417.211
136417.4
136418.1
136449.5
136889.4
136906.5
137180.8
137245.8
137342.8
137545.211
137545.4
137546.1
137567.5
138181.4
138251.5
138307.8
138330.8
138602.8
138621.8
138635.8
138693.211
138693.4
138694.1
138714.5
139093.8
139317.8
139327.8
139351.8
139358.8
139424.8
139516.8
139580.211
139580.4
139581.1
139613.5
139756.8
139784.8
139797.8
139950.8
140132.8
140272.211
140272.4
140273.1
140304.5
140528.4
140577.5
140654.8
140705.8
140799.8
140815.8
140946.8
141108.8
141110.8
141143.8
141149.8
141178.8
141211.8
141216.8
141286.4
141287.212
141369.5
141387.2
141887.3
142387.1
142571.4
142648.5
144212.4
145169.5
145409.4
145535.5
146170.4
146203.5
146565.8
146824.211
146824.4
146825.1
146858.5
147023.8
147234.8
147324.211
147324.4
147325.1
147348.5
147379.4
147611.5
147737.8
147774.8
147896.8
148181.8
148259.211
148259.4
148260.1
148289.5
148326.4
148403.5
148533.8
148576.8
148585.8
148705.8
148728.8
148887.8
148888.8
148896.8
148907.8
148929.8
148964.8
149084.211
149084.4
149085.1
149110.5
149151.4
149218.5
149579.8
149605.8
149645.8
149706.8
149865.211
149865.4
149866.1
149886.5
150085.4
150145.5
150213.8
150300.8
150304.8
150506.8
150801.211
150801.4
150802.1
150828.5
151063.8
151090.8
151092.8
151226.8
151234.8
151245.8
151271.8
151318.8
151417.8
151480.211
151480.4
151481.1
151516.5
152018.8
152076.8
152115.8
152162.8
152228.211
152228.4
152229.1
152256.5
152352.4
152397.5
152843.8
152955.211
152955.4
152956.1
152979.5
154452.4
154537.5
155179.8
155263.211
155263.4
155264.1
155304.5
155673.4
155717.5
156189.8
156233.8
156322.8
156472.8
156507.8
156515.8
156634.211
156634.4
156635.1
156673.5
156760.8
156987.8
157024.8
157260.211
157260.4
157261.1
157288.5
157341.8
157453.8
157496.8
157526.8
157539.8
157703.8
157736.8
157764.8
157794.8
157901.211
157901.4
157902.1
157932.5
158028.4
158102.5
158187.8
158254.8
158407.8
158599.211
158599.4
158600.1
158623.5
158871.8
158886.8
158961.8
159258.8
159313.8
159319.8
159402.8
159423.8
159643.8
159688.8
159800.4
159801.212
159893.5
159901.2
160401.3
160901.1
161188.4
161414.5
161941.4
162092.5
162613.8
162643.8
162668.8
162673.8
162861.8
162863.8
162987.211
162987.4
162988.1
163012.5
163144.8
163199.8
163204.8
163344.8
163561.8
163636.211
163636.4
163637.1
163672.5
163887.8
164128.211
164128.4
164129.1
164158.5
164353.8
164405.8
164440.8
164653.8
164675.8
164890.8
164960.8
165046.8
165132.4
165133.212
165226.5
165233.2
165358.4
165393.5
165733.3
166233.1
166708.4
167019.5
170240.4
170907.5
173098.4
173458.5
174027.4
174125.5
174630.4
174662.5
175261.4
175286.5
175351.4
175507.5
175603.4
175795.5
175889.4
175962.5
176093.8
176497.211
176497.4
176498.1
176583.5
176604.4
176667.5
176940.8
177309.211
177309.4
177310.1
177329.5
177617.8
177652.8
177653.8
177807.8
178168.8
178251.8
178258.8
178319.8
178420.8
178515.4
178516.212
178616.2
178625.5
179116.3
179616.1
179904.4
180000.9
123456789
11
27
15
11
27
15
10
FI
2
2
10
44
05
11
17
05
6
2
1099
0
0
0
314159265
29
424
206
180000
314159265
0.1
545.8
635.8
812.211
812.4
813.1
909.5
1018.8
1539.8
1694.8
1777.4
1778.212
1852.5
1878.2
2378.3
2878.1
2962.4
3250.5
3373.8
3391.8
3827.211
3827.4
3828.1
3891.5
4602.8
4605.8
4649.8
4920.211
4920.4
4921.1
4955.5
5135.8
5175.8
5541.8
5547.8
5560.8
5798.4
5799.212
5899.2
5909.5
6399.3
6899.1
7033.4
7274.5
7498.8
7540.8
7795.8
7798.8
8041.8
8062.8
8305.4
8306.212
8389.5
8406.2
8906.3
9406.1
9635.4
9825.5
9978.8
10011.8
10022.8
10159.8
10370.8
10384.8
10418.8
10617.4
10618.212
10699.5
10718.2
11218.3
11718.1
11758.4
12017.5
12193.4
12401.5
12507.8
12902.8
12944.8
12992.8
13199.4
13200.212
13300.2
13302.5
13474.4
13576.5
13800.3
13849.4
14044.5
14277.8
14300.1
14531.8
14703.8
14860.211
14860.4
14861.1
14966.5
15092.8
15107.8
15289.8
15604.211
15604.4
15605.1
15642.5
15999.8
16043.8
16061.8
16250.8
16254.8
16443.211
16443.4
16444.1
16482.5
17034.4
17163.5
17278.8
17303.8
17519.8
17552.8
17557.8
17639.211
17639.4
17640.1
17672.5
17843.4
17967.5
18043.8
18049.8
18115.8
18132.8
18260.8
18296.8
18309.8
18625.8
18665.8
18695.8
18729.8
18782.4
18783.212
18883.2
18901.5
19383.3
19494.4
19573.5
19756.4
19883.1
19908.5
20127.8
20142.8
20429.8
20430.8
20443.8
20446.8
20725.211
20725.4
20726.1
20749.5
20896.4
20916.5
21031.8
21289.8
21294.8
21511.8
21630.211
21630.4
21631.1
21658.5
21888.4
22032.5
22089.8
22141.8
22149.8
22182.8
22389.8
22564.8
22600.8
22605.8
22612.8
22647.8
22713.4
22714.212
22789.5
22814.2
23314.3
23814.1
24691.4
25094.5
25225.8
25351.8
25463.8
25742.211
25742.4
25743.1
25837.5
25958.8
25981.8
26011.8
26189.8
26199.8
26218.8
26225.8
26233.8
26448.211
26448.4
26449.1
26480.5
26644.8
26653.8
26769.8
26968.8
26973.8
27019.8
27183.8
27296.4
27297.212
27379.5
27397.2
27897.3
28397.1
28851.4
29196.5
29949.8
30137.8
30358.8
30426.211
30426.4
30427.1
30568.5
30747.8
30790.8
30800.8
31190.8
31224.8
31285.211
31285.4
31286.1
31326.5
32414.4
32450.5
32688.4
32727.5
32792.8
32860.8
33171.211
33171.4
33172.1
33199.5
33895.4
33966.5
33986.4
34204.5
34276.8
34297.8
34314.8
34318.8
34322.8
34327.8
34397.8
34408.8
34582.8
34617.8
34783.211
34783.4
34784.1
34810.5
34930.8
34961.8
35010.8
35274.8
35284.8
35305.8
35510.8
35541.8
35600.4
35601.212
35686.5
35701.2
35830.4
35872.5
36201.3
36701.1
37167.4
37361.5
37776.4
37940.5
38921.4
38944.5
39560.4
39600.5
39728.8
39952.8
39980.8
40249.211
40249.4
40250.1
40282.5
40389.8
40443.8
40690.8
40700.8
40953.8
40956.8
40978.8
41035.4
41036.212
41120.5
41136.2
41636.3
42136.1
43850.4
43956.5
44497.8
44980.211
44980.4
44981.1
45009.5
45076.8
45346.8
45619.211
45619.4
45620.1
45645.5
45800.8
45825.8
45829.8
45879.8
46089.8
46127.8
46336.211
46336.4
46337.1
46369.5
46486.8
46496.8
46539.8
46634.8
46654.8
46847.8
47085.211
47085.4
47086.1
47280.5
47405.8
48051.4
48052.212
48152.2
48153.5
48652.3
49152.1
49491.4
49896.5
50580.4
50661.5
50887.8
50902.8
51056.8
51097.8
51216.8
51254.8
51522.4
51523.212
51623.2
51625.5
52123.3
52623.1
53200.4
53465.5
54928.4
55015.5
57076.4
57191.5
57266.8
57269.8
57381.8
57384.8
57508.8
57567.8
57584.8
57795.211
57795.4
57796.1
57902.5
58051.4
58218.5
58290.8
58308.8
58335.8
58341.8
58361.8
58433.8
58509.8
58789.211
58789.4
58790.1
58838.5
58935.4
59118.5
59205.8
59214.8
59235.8
59253.8
59265.8
59286.8
59293.8
59357.8
59375.8
59379.8
59619.8
59659.8
59680.8
59703.8
59741.8
59835.4
59836.212
59936.2
60068.5
60436.3
60936.1
61765.4
62362.5
64296.4
64381.5
65872.8
66146.8
66200.8
66445.211
66445.4
66446.1
66473.5
66715.8
66738.8
66920.8
66967.8
66980.8
67081.8
67110.8
67208.211
67208.4
67209.1
67242.5
67730.8
67801.8
67982.8
67986.8
68126.8
68136.8
68209.211
68209.4
68210.1
68248.5
68399.4
68437.5
68513.8
68516.8
68521.8
68539.8
68562.8
68578.8
68654.8
68856.8
68858.8
68883.8
68958.8
69131.8
69199.4
69200.212
69272.5
69300.2
69800.3
70300.1
70778.4
70897.5
71092.4
71228.5
73633.4
73761.5
73974.8
74154.8
74198.8
74489.211
74489.4
74490.1
74517.5
74649.4
74675.5
74996.8
75194.8
75247.8
75267.8
75543.211
75543.4
75544.1
75574.5
75577.4
75612.5
75771.8
75774.8
75779.8
76095.8
76208.8
76404.4
76405.212
76505.2
76518.5
77005.3
77505.1
77929.4
77990.5
78138.4
78279.5
79748.8
79751.8
79772.8
80043.8
80089.8
80392.4
80393.212
80493.2
80506.5
80993.3
81493.1
81992.4
82055.5
82187.4
82625.5
82857.4
83059.5
83750.8
83799.8
83948.8
83958.8
84125.211
84125.4
84126.1
84161.5
84352.8
84405.8
84584.8
84599.8
84631.8
84674.8
84924.211
84924.4
84925.1
84956.5
85101.4
85137.5
85230.8
85283.8
85304.8
85450.8
85487.8
85750.8
85787.8
85789.8
85801.8
85909.4
85910.212
86000.5
86010.2
86510.3
87010.1
87222.4
87538.5
87859.8
87927.8
87974.8
88166.8
88552.4
88553.212
88653.2
88680.5
88949.4
89016.5
89152.8
89153.3
89158.8
89417.4
89567.5
89644.8
89653.1
89773.8
90017.211
90017.4
90018.1
90047.5
90347.8
90362.8
90691.211
90691.4
90692.1
90727.5
90840.8
90853.8
90978.8
91291.8
91421.211
91421.4
91422.1
91452.5
92691.8
92843.211
92843.4
92844.1
92936.5
93005.8
93059.8
93197.8
93488.211
93488.4
93489.1
93525.5
93749.4
93775.5
93834.8
93874.8
93980.8
94200.211
94200.4
94201.1
94227.5
94416.8
94445.8
94642.8
94679.8
94703.8
94786.211
94786.4
94787.1
94815.5
94996.4
95039.5
95094.8
95106.8
95150.8
95268.8
95305.8
95422.8
95450.8
95498.8
95560.8
95640.211
95640.4
95641.1
95680.5
95711.4
95897.5
95975.8
96179.8
96183.8
96208.8
96240.8
96282.8
96412.8
96439.8
96456.8
96462.8
96480.8
96502.8
96664.8
96731.4
96732.212
96799.5
96832.2
97332.3
97832.1
98520.4
98580.5
98951.4
99187.5
100245.8
100376.8
100378.8
100519.8
100680.211
100680.4
100681.1
100714.5
100867.8
100896.8
100899.8
100905.8
100981.8
101192.8
101288.8
101532.4
101533.212
101613.5
101633.2
102133.3
102633.1
103042.4
103141.5
103265.4
103497.5
103723.8
103876.8
104141.8
104443.4
104444.212
104544.2
104548.5
104551.4
104581.5
105044.3
105544.1
105962.4
106002.5
106019.4
106101.5
106194.8
106482.211
106482.4
106483.1
106515.5
106584.8
106587.8
106589.8
106598.8
106743.8
107037.211
107037.4
107038.1
107058.5
107317.8
107500.8
107519.8
107535.8
107542.8
107613.8
107812.211
107812.4
107813.1
107842.5
109095.4
109155.5
109301.8
109679.211
109679.4
109680.1
109707.5
120509.8
120834.211
120834.4
120835.1
120906.5
122064.4
122066.5
122366.8
124100.8
124400.4
124401.212
124501.2
124508.5
125001.3
125501.1
125704.4
125938.5
126765.8
126852.211
126852.4
126853.1
126887.5
126982.8
127146.8
127299.211
127299.4
127300.1
127403.5
128894.4
128925.5
130025.8
130408.8
130574.8
130621.8
130680.4
130681.212
130778.5
130781.2
131281.3
131781.1
132032.4
133122.5
133326.4
133412.5
133985.4
134245.5
134322.4
134332.5
134363.4
134454.5
134528.8
134613.8
134758.8
134843.211
134843.4
134844.1
134884.5
134954.4
135112.5
135211.8
135341.8
135342.8
135479.8
136583.8
137062.4
137063.212
137150.5
137163.2
137663.3
138163.1
138598.4
138809.5
139145.8
139156.8
139163.8
139183.8
139357.8
139361.8
139364.8
139586.211
139586.4
139587.1
139619.5
139725.4
139946.5
140045.8
140087.8
140100.8
140591.211
140591.4
140592.1
140621.5
140769.8
141015.8
141112.211
141112.4
141113.1
141153.5
141928.4
142096.5
142192.8
142613.8
142661.8
142723.211
142723.4
142724.1
142763.5
143228.4
143267.5
143610.8
143791.8
143906.211
143906.4
143907.1
143948.5
143968.4
144050.5
144213.8
144737.211
144737.4
144738.1
144768.5
144834.8
145126.8
145242.211
145242.4
145243.1
145267.5
145350.8
145774.211
145774.4
145775.1
145812.5
145887.4
145931.5
146068.8
146202.8
146240.8
146263.8
146633.211
146633.4
146634.1
146665.5
146907.4
146940.5
148463.8
148560.8
148632.211
148632.4
148633.1
148678.5
148758.8
149147.211
149147.4
149148.1
149177.5
149209.4
149397.5
149722.4
149760.5
150475.8
150825.211
150825.4
150826.1
150877.5
150945.8
151034.8
151237.8
151239.8
151274.8
151298.8
151578.8
151589.8
151640.4
151641.212
151741.2
151775.5
152241.3
152741.1
152926.4
153723.5
153889.4
154000.5
154099.8
154449.211
154449.4
154450.1
154486.5
154561.4
154676.5
154691.4
154699.5
154853.4
155066.5
155068.4
155494.5
155596.8
156210.4
156211.212
156311.2
156386.5
156811.3
156853.4
156854.5
156861.4
156945.5
156988.4
157311.1
157987.5
158179.4
158822.5
158883.4
159037.5
159283.8
159569.8
159744.211
159744.4
159745.1
160050.5
160250.4
160368.5
160432.8
160462.8
160917.8
161008.211
161008.4
161009.1
161037.5
161121.4
161370.5
161444.8
161456.8
161502.8
162054.8
162057.8
162218.8
162278.4
162279.212
162367.5
162379.2
162879.3
163366.4
163379.1
163464.5
163609.4
163691.5
163827.8
164219.211
164219.4
164220.1
164242.5
164494.8
164545.8
164757.8
164972.8
165026.211
165026.4
165027.1
165067.5
165217.8
165219.8
165895.4
165896.212
165973.5
165996.2
166496.3
166996.1
167420.4
167654.5
167775.8
168189.8
168400.4
168401.212
168501.2
168564.5
168843.4
168914.5
169001.3
169023.4
169198.5
169456.4
169501.1
169754.5
169820.4
169924.5
170310.4
170436.5
170551.8
170647.8
170925.211
170925.4
170926.1
170955.5
171036.4
171044.5
171046.4
171136.5
171341.8
171470.8
171557.211
171557.4
171558.1
171582.5
171768.4
171881.5
171960.8
172256.8
172303.8
172433.211
172433.4
172434.1
172553.5
172881.8
172945.8
173211.8
173308.211
173308.4
173309.1
173341.5
173433.4
173477.5
173632.8
173957.211
173957.4
173958.1
174044.5
174385.8
174398.8
174428.8
174602.8
174706.211
174706.4
174707.1
174794.5
174869.8
174930.8
175090.8
175217.211
175217.4
175218.1
175250.5
175731.8
175868.8
175913.8
176016.211
176016.4
176017.1
176037.5
177202.4
177225.5
178847.4
178875.5
179002.8
179269.211
179269.4
179270.1
180000.9
123456789
11
28
15
11
28
15
10
FI
2
2
10
45
45
11
18
45
6
2
897
0
0
0
314159265
28
312
180
180000
314159265
0.1
244.4
262.5
391.8
632.8
635.8
643.8
703.211
703.4
704.1
730.5
825.4
895.5
971.8
1236.8
1362.211
1362.4
1363.1
1393.5
1606.8
1830.8
1843.8
1871.8
2011.211
2011.4
2012.1
2048.5
2155.4
2256.5
2407.4
2411.5
2707.8
2738.8
2995.211
2995.4
2996.1
3026.5
3518.8
3532.8
3537.8
3799.8
3926.211
3926.4
3927.1
4246.5
4247.4
4296.5
4385.8
4393.8
4396.8
4410.8
4442.8
4525.8
4814.8
4847.8
4854.8
4924.211
4924.4
4925.1
4955.5
5074.4
5239.5
5256.4
5275.5
6274.8
6487.211
6487.4
6488.1
6519.5
6605.8
6796.8
6799.8
6812.8
6962.8
7004.8
7020.8
7130.211
7130.4
7131.1
7357.5
7367.4
7401.5
7549.8
8046.8
8086.8
8289.4
8290.212
8390.2
8415.5
8890.3
9073.4
9390.1
9627.5
9755.4
9884.5
10970.4
11002.5
14081.4
14208.5
15339.8
15361.8
15421.8
15701.8
15903.211
15903.4
15904.1
15938.5
16083.4
16106.5
16333.8
16337.8
16910.211
16910.4
16911.1
16940.5
16998.4
17102.5
17233.8
17257.8
17420.211
17420.4
17421.1
17440.5
17706.4
17952.5
18094.8
18124.8
18310.8
18335.8
18362.8
18396.8
18409.8
18567.211
18567.4
18568.1
18601.5
18709.4
18777.5
19045.8
19500.211
19500.4
19501.1
19517.5
20348.8
20476.8
20679.211
20679.4
20680.1
20699.5
21518.8
21759.211
21759.4
21760.1
21924.5
22159.8
22424.8
22523.8
22746.211
22746.4
22747.1
22778.5
22928.4
23005.5
23083.8
23085.8
23186.8
23571.8
23625.8
23693.4
23694.212
23794.2
23796.5
24294.3
24794.1
24931.4
25139.5
25328.4
25715.5
25910.4
26028.5
26163.4
26185.5
26193.4
26301.5
26420.8
26750.8
26765.8
26827.211
26827.4
26828.1
26862.5
26871.4
27135.5
27321.8
27527.8
27549.8
27582.8
27747.211
27747.4
27748.1
27771.5
28870.4
28992.5
29058.8
29071.8
29080.8
29191.8
29460.8
29461.8
29476.8
29628.211
29628.4
29629.1
29917.5
30035.8
30074.8
30327.211
30327.4
30328.1
30353.5
30753.4
30800.5
31239.4
31429.5
31666.8
31709.8
32010.8
32321.4
32322.212
32411.5
32422.2
32922.3
33422.1
33505.4
33647.5
33965.4
34126.5
34297.8
34298.8
34375.8
34625.8
34897.211
34897.4
34898.1
34967.5
35270.8
35272.8
35648.8
35811.211
35811.4
35812.1
35926.5
35929.4
35939.5
36145.8
36223.8
36368.8
36558.8
36563.8
36569.8
36866.4
36867.212
36967.2
36990.5
37267.4
37467.3
37669.5
37856.4
37967.1
38053.5
38190.8
38204.8
38390.8
38641.211
38641.4
38642.1
38672.5
38787.4
38817.5
38922.4
38933.5
38934.4
38967.5
39115.8
39121.8
39135.8
39153.8
39278.8
39301.8
39309.8
39538.211
39538.4
39539.1
39802.5
39949.8
40337.8
40343.8
40729.8
40755.8
40761.8
40820.4
40821.212
40921.2
40955.5
41421.3
41921.1
41961.4
42040.5
44711.8
44883.8
44916.8
45122.211
45122.4
45123.1
45166.5
45445.8
45822.8
45869.8
45978.211
45978.4
45979.1
46016.5
46240.8
46672.8
46677.8
46864.8
46908.8
47018.4
47019.212
47109.5
47119.2
47619.3
47726.4
48096.5
48119.1
49099.8
49136.8
49150.8
49269.211
49269.4
49270.1
49412.5
49561.8
49771.8
49873.8
50115.211
50115.4
50116.1
50298.5
50381.8
50463.8
50617.8
50848.8
50914.211
50914.4
50915.1
51059.5
51207.8
51447.8
51572.8
51577.8
51586.8
51889.4
51890.212
51975.5
51990.2
52490.3
52990.1
53071.4
53319.5
53583.4
53848.5
54247.8
54440.8
54836.211
54836.4
54837.1
54924.5
55076.8
55719.8
55743.8
55747.8
55907.4
55908.212
56003.5
56008.2
56313.4
56506.5
56508.3
57008.1
57242.4
57300.5
57385.8
57515.8
57735.8
57787.8
58076.4
58077.212
58161.5
58177.2
58330.4
58424.5
58677.3
59177.1
59890.4
60152.5
60840.8
60843.8
61053.8
61332.8
61339.8
61485.4
61486.212
61586.2
61655.5
62086.3
62147.4
62266.5
62368.4
62586.1
62764.5
63327.8
63544.8
63607.8
63834.211
63834.4
63835.1
63878.5
64004.8
64182.8
64556.211
64556.4
64557.1
64587.5
64973.8
65084.8
65303.211
65303.4
65304.1
65334.5
65537.8
65657.8
65667.8
65672.8
65874.8
65918.8
66101.211
66101.4
66102.1
66139.5
66334.8
66412.8
66744.8
66751.8
66943.8
66964.8
67070.4
67071.212
67156.5
67171.2
67671.3
68171.1
68426.4
68583.5
71386.8
71462.8
71787.211
71787.4
71788.1
71816.5
72113.8
72145.8
72414.8
72572.211
72572.4
72573.1
72607.5
72610.4
72907.5
73000.8
73027.8
73141.8
73180.8
73185.8
73435.8
73700.4
73701.212
73790.5
73801.2
74301.3
74801.1
75138.4
75317.5
76657.8
77332.4
77333.212
77415.5
77433.2
77682.4
77686.5
77687.4
77744.5
77933.3
78144.4
78433.1
78581.5
78963.8
79131.8
79587.4
79588.212
79676.5
79688.2
79889.4
79979.5
80183.4
80188.3
80289.5
80633.4
80688.1
80737.5
80893.4
81269.5
81507.8
81700.8
81830.8
82099.8
82235.4
82236.212
82314.5
82336.2
82836.3
83336.1
83835.4
83914.5
84033.4
84232.5
85231.8
85619.211
85619.4
85620.1
85970.5
86054.8
86089.8
86102.8
86525.8
86639.211
86639.4
86640.1
86872.5
86956.8
86985.8
86996.8
87224.8
87250.8
87273.8
87464.8
87472.8
87490.8
87495.8
87617.4
87618.212
87692.5
87718.2
88218.3
88718.1
88916.4
89420.5
89927.8
90200.8
90208.8
90227.8
90344.211
90344.4
90345.1
90412.5
90648.8
90864.8
91001.8
91009.8
91318.8
91385.4
91386.212
91482.5
91486.2
91986.3
92486.1
93069.4
93253.5
93845.8
94168.211
94168.4
94169.1
94204.5
94361.8
94430.8
94977.4
94978.212
95064.5
95078.2
95578.3
96078.1
96492.4
96494.5
96498.4
96557.5
96649.4
96739.5
96997.4
97105.5
97315.4
97511.5
97795.4
97948.5
98909.8
99290.211
99290.4
99291.1
99424.5
99608.8
99639.8
100120.8
100183.211
100183.4
100184.1
100485.5
100561.8
100598.8
100667.8
100884.8
101155.211
101155.4
101156.1
101195.5
101391.8
101411.8
101699.8
101703.8
101985.211
101985.4
101986.1
102185.5
102282.8
102421.8
102428.8
102646.8
102863.8
102976.4
102977.212
103074.5
103077.2
103242.4
103245.5
103246.4
103310.5
103577.3
104030.4
104077.1
104753.5
104983.8
105000.8
105129.8
105628.8
105799.4
105800.212
105874.5
105900.2
106400.3
106900.1
107488.4
107760.5
108816.8
108824.8
109297.211
109297.4
109298.1
109336.5
109441.4
109570.5
109680.8
109711.8
109789.8
109985.8
110021.8
110031.8
110312.4
110313.212
110397.5
110413.2
110913.3
111413.1
112125.4
112580.5
113952.8
114567.4
114568.212
114660.5
114668.2
115168.3
115668.1
115675.4
115719.5
115835.4
116150.5
118870.4
118871.5
118873.4
119044.5
119154.8
119201.8
119405.8
119682.8
119841.4
119842.212
119933.5
119942.2
120442.3
120942.1
122287.4
122323.5
122431.8
122453.8
122488.8
122497.8
122501.8
122794.8
123292.4
123293.212
123389.5
123393.2
123592.4
123645.5
123893.3
123950.4
124339.5
124393.1
124933.4
125332.5
125609.4
125877.5
126442.8
126484.8
126625.211
126625.4
126626.1
127012.5
127270.8
127277.8
127282.8
127614.211
127614.4
127615.1
127653.5
127766.4
128108.5
128209.8
128243.8
128246.8
128418.8
128558.8
128562.8
128603.8
128642.8
128861.4
128862.212
128962.2
129104.5
129462.3
129962.1
130543.4
130992.5
130997.4
131301.5
131307.4
131359.5
133085.8
133103.8
133516.8
133574.211
133574.4
133575.1
133609.5
135907.4
135933.5
137598.4
137625.5
137643.4
137719.5
138719.4
138727.5
143136.8
143523.211
143523.4
143524.1
143554.5
143633.8
143719.8
144103.8
144148.8
144301.4
144302.212
144394.5
144402.2
144902.3
145402.1
145556.4
145834.5
145964.4
146060.5
150389.8
150539.211
150539.4
150540.1
150589.5
163105.8
163406.211
163406.4
163407.1
163435.5
163513.8
163704.8
164103.211
164103.4
164104.1
164241.5
164313.8
164324.8
164341.8
164552.8
164884.211
164884.4
164885.1
164911.5
165023.4
165057.5
165289.8
165311.8
165404.8
165610.8
165900.8
165923.8
166001.4
166002.212
166099.5
166102.2
166255.4
166298.5
166602.3
167102.1
167394.4
167860.5
168011.8
168202.8
168372.8
168374.8
168377.8
168609.211
168609.4
168610.1
168693.5
170715.8
170729.8
170914.8
171042.8
171044.8
171054.8
171232.8
171294.8
171439.4
171440.212
171531.5
171540.2
172040.3
172540.1
172721.4
172816.5
173129.4
173435.5
173562.4
173685.5
176674.8
176676.8
176853.8
177019.8
177181.8
177235.211
177235.4
177236.1
177397.5
178441.4
178511.5
178516.4
178611.5
178838.8
178862.8
180000.9
123456789
11
29
15
11
29
15
10
FI
2
2
10
45
31
11
18
30
6
2
685
0
0
0
314159265
30
216
133
180000
314159265
0.1
542.4
632.5
711.8
801.8
1214.211
1214.4
1215.1
1343.5
1468.8
1847.8
2184.8
2241.4
2242.212
2341.5
2342.2
2842.3
3342.1
3560.4
4116.5
4237.8
4624.8
4741.8
5069.4
5070.212
5170.2
5218.5
5670.3
6170.1
6250.4
6622.5
6628.4
7571.5
7687.4
7791.5
7936.8
8044.8
8147.8
8443.211
8443.4
8444.1
8486.5
8681.8
8688.8
8698.8
9246.8
9254.8
9522.4
9523.212
9605.5
9623.2
10123.3
10476.4
10623.1
11367.5
11534.8
11678.8
12141.4
12142.212
12242.2
12285.5
12742.3
13242.1
13505.4
14025.5
14744.4
14994.5
15122.8
15129.8
15257.8
15570.211
15570.4
15571.1
15786.5
15898.8
15935.8
16362.211
16362.4
16363.1
16408.5
16540.8
17018.8
17230.4
17231.212
17319.5
17331.2
17831.3
18331.1
18583.4
18844.5
18860.4
19013.5
20260.4
20526.5
20674.8
21047.8
21058.8
21070.8
21103.8
21106.8
21109.8
21282.4
21283.212
21370.5
21383.2
21883.3
22383.1
22647.4
22923.5
23751.8
24128.211
24128.4
24129.1
24642.5
24778.8
24874.8
25141.8
25324.211
25324.4
25325.1
25401.5
25533.8
25586.8
25894.8
26226.4
26227.212
26311.5
26327.2
26827.3
27327.1
27745.4
27846.5
28816.8
29175.211
29175.4
29176.1
29319.5
29478.8
29832.8
30156.4
30157.212
30257.2
30272.5
30757.3
31257.1
31535.4
32021.5
32317.8
32431.8
32443.8
32682.8
32711.8
33213.4
33214.212
33293.5
33314.2
33814.3
34314.1
34933.4
35302.5
36136.8
36680.211
36680.4
36681.1
36721.5
36915.8
36954.8
37004.8
37230.8
37407.8
37408.8
37416.8
37449.8
37478.8
37708.4
37709.212
37787.5
37809.2
38309.3
38809.1
38968.4
39410.5
40028.8
40075.8
40667.4
40668.212
40768.2
40818.5
41181.4
41268.3
41528.5
41537.4
41768.1
41848.5
42001.8
42053.8
42370.8
42405.8
42670.4
42671.212
42757.5
42771.2
43271.3
43771.1
44036.4
44317.5
44807.8
45275.211
45275.4
45276.1
45385.5
45863.8
46176.8
46179.8
46341.211
46341.4
46342.1
46469.5
46711.4
46849.5
46935.8
47231.8
47250.8
47457.8
47652.4
47653.212
47728.5
47753.2
48253.3
48753.1
49090.4
49281.5
49711.8
49713.8
50008.8
50032.8
50207.211
50207.4
50208.1
50258.5
50796.8
51162.8
51284.211
51284.4
51285.1
51324.5
51353.4
51551.5
51638.8
51719.8
51724.8
51726.8
52041.8
52567.4
52568.212
52668.2
52771.5
52866.4
53005.5
53168.3
53668.1
53848.4
53885.5
53889.4
53932.5
54005.8
54019.8
54123.8
54483.8
54852.8
55191.4
55192.212
55277.5
55292.2
55416.4
55504.5
55727.4
55792.3
56004.5
56170.8
56292.1
56724.4
56761.5
56989.8
57272.8
57292.8
57503.8
57752.4
57753.212
57848.5
57853.2
58353.3
58853.1
59012.4
59110.5
59293.8
59345.8
59763.8
59971.4
59972.212
60046.5
60072.2
60572.3
61072.1
61401.4
61503.5
61774.8
61876.8
62299.8
62511.4
62512.212
62603.5
62612.2
63112.3
63612.1
64243.4
64356.5
64650.8
64693.8
65048.211
65048.4
65049.1
65092.5
65285.8
65300.8
65344.8
65356.8
65361.8
65454.8
65462.8
65807.8
65943.4
65944.212
66025.5
66044.2
66544.3
67044.1
70815.4
70925.5
74399.8
74896.211
74896.4
74897.1
74926.5
76656.8
77458.4
77459.212
77555.5
77559.2
78059.3
78559.1
79266.4
79431.5
79796.8
80003.211
80003.4
80004.1
80282.5
80476.8
80528.8
80800.8
81098.4
81099.212
81182.5
81199.2
81699.3
82199.1
82581.4
83087.5
83644.8
83895.8
84116.211
84116.4
84117.1
84252.5
84478.8
84836.8
84851.8
85257.4
85258.212
85349.5
85358.2
85858.3
86358.1
86829.4
87020.5
87919.8
88142.211
88142.4
88143.1
88184.5
88991.8
89436.211
89436.4
89437.1
89500.5
90191.8
90215.8
90444.8
90472.8
90495.8
90595.211
90595.4
90596.1
90636.5
90852.4
90878.5
90964.8
91016.8
91093.8
91138.8
91145.8
91329.8
91645.8
91658.8
91835.4
91836.212
91919.5
91936.2
92436.3
92936.1
93217.4
93489.5
95161.4
95223.5
101645.8
101736.8
101901.211
101901.4
101902.1
101976.5
102041.8
102130.8
102423.8
102482.8
102744.4
102745.212
102845.2
102845.5
103345.3
103845.1
104003.4
104141.5
104835.4
104917.5
105012.8
105021.8
105400.8
105621.4
105622.212
105697.5
105722.2
106222.3
106722.1
106884.4
106886.5
106887.4
107125.5
107210.4
107347.5
107472.8
107568.8
107645.8
107923.211
107923.4
107924.1
107965.5
108029.4
108186.5
108336.8
108515.8
108819.211
108819.4
108820.1
108981.5
110527.8
110715.8
110719.8
110722.8
110945.211
110945.4
110946.1
110980.5
111057.8
111135.8
111821.8
111962.4
111963.212
112063.2
112158.5
112275.4
112509.5
112563.3
113063.1
113658.4
113681.5
114075.8
114265.8
114311.8
114452.211
114452.4
114453.1
114479.5
115222.4
115256.5
115328.8
115883.8
115989.8
116123.4
116124.212
116224.2
116226.5
116677.4
116724.3
116757.5
117224.1
119027.4
119048.5
122662.8
123351.8
123397.8
123499.8
123503.8
123766.4
123767.212
123860.5
123867.2
124367.3
124535.4
124615.5
124728.4
124867.1
125075.5
125163.4
125295.5
125437.8
125720.211
125720.4
125721.1
125779.5
125953.8
126118.8
126157.8
126586.4
126587.212
126665.5
126687.2
127187.3
127687.1
128128.4
128381.5
128542.8
128545.8
128549.8
128592.8
128622.8
129004.211
129004.4
129005.1
129078.5
129287.8
129306.8
129774.211
129774.4
129775.1
129827.5
130074.8
130282.8
130306.8
130537.211
130537.4
130538.1
130573.5
130694.8
130726.8
130736.8
130811.8
131090.8
131118.8
131129.8
131214.211
131214.4
131215.1
131246.5
131657.8
131668.8
131899.211
131899.4
131900.1
131928.5
132020.8
132236.8
132498.211
132498.4
132499.1
132522.5
132678.8
133102.8
133220.211
133220.4
133221.1
133249.5
134206.4
134226.5
136796.4
136938.5
137066.8
137253.8
137405.211
137405.4
137406.1
137427.5
138233.4
138242.5
139557.4
139587.5
141950.8
142080.8
142173.211
142173.4
142174.1
142199.5
144887.8
145193.8
145203.8
145303.211
145303.4
145304.1
145331.5
145800.8
146016.8
146086.8
146129.8
146232.8
146236.8
146446.4
146447.212
146547.2
146697.5
147047.3
147547.1
147931.4
147936.5
147964.4
148039.5
150578.8
150949.8
150954.8
151120.211
151120.4
151121.1
151154.5
151271.8
151620.211
151620.4
151621.1
151643.5
151948.8
152240.211
152240.4
152241.1
152271.5
155016.4
155060.5
156073.8
156192.8
156343.8
156514.211
156514.4
156515.1
156639.5
158624.8
158850.8
159044.211
159044.4
159045.1
159072.5
163478.4
163511.5
170869.4
170926.5
174384.4
180000.9
123456789
11
30
15
11
30
15
10
FI
2
2
10
46
18
11
19
18
6
2
718
0
0
0
314159265
29
209
150
180000
314159265
0.1
535.4
614.5
1237.8
1457.211
1457.4
1458.1
1488.5
1724.8
1813.8
1983.8
2101.211
2101.4
2102.1
2174.5
2278.8
2320.8
2365.8
2507.8
2524.8
2919.4
2920.212
2997.5
3020.2
3520.3
4020.1
4096.4
4175.5
4352.8
4381.8
4438.8
4679.8
5050.4
5051.212
5136.5
5151.2
5651.3
5911.4
6124.5
6151.1
6325.8
6374.8
6797.211
6797.4
6798.1
6937.5
7071.8
7607.8
7903.4
7904.212
7995.5
8004.2
8504.3
9004.1
12042.4
12135.5
12389.8
12396.8
12726.211
12726.4
12727.1
12847.5
12971.8
13007.8
13321.8
13590.4
13591.212
13691.2
13698.5
14090.4
14093.5
14095.4
14191.3
14278.5
14584.8
14691.1
14882.4
15081.5
15355.8
15367.8
16019.8
16179.4
16180.212
16280.2
16306.5
16780.3
17280.1
17656.4
17955.5
19067.4
19246.5
19596.8
19767.8
20071.211
20071.4
20072.1
20173.5
20348.8
20546.8
20629.8
20964.4
20965.212
21055.5
21065.2
21565.3
21582.4
21705.5
22027.4
22065.1
22166.5
22687.8
22883.8
22907.8
23316.4
23317.212
23399.5
23417.2
23917.3
24417.1
24622.4
24762.5
24815.4
25001.5
25762.8
25773.8
26048.211
26048.4
26049.1
26373.5
26526.8
26572.8
26848.211
26848.4
26849.1
26889.5
27162.8
27387.8
27521.211
27521.4
27522.1
27708.5
27813.8
27823.8
27829.8
27891.8
28155.8
28389.211
28389.4
28390.1
28657.5
28759.8
28797.8
28885.8
29056.8
29233.8
29487.4
29488.212
29559.5
29588.2
30088.3
30588.1
30655.4
30809.5
33678.4
34010.5
34133.8
34244.8
34533.8
34537.8
34653.211
34653.4
34654.1
34789.5
34931.8
34934.8
35483.211
35483.4
35484.1
35523.5
35625.8
35631.8
35678.8
35899.8
36017.8
36252.4
36253.212
36347.5
36353.2
36533.4
36853.3
36859.5
37353.1
37580.8
38111.211
38111.4
38112.1
38324.5
38414.8
38424.8
38895.8
38930.8
39119.8
39220.4
39221.212
39297.5
39321.2
39664.4
39727.5
39821.3
40087.4
40230.5
40321.1
40422.4
40592.5
40910.8
40922.8
41432.8
41794.4
41795.212
41895.2
41916.5
42395.3
42895.1
43328.4
43562.5
46117.4
46207.5
46405.8
46983.211
46983.4
46984.1
47027.5
47590.8
47955.8
47986.8
48370.4
48371.212
48458.5
48471.2
48971.3
49471.1
49933.4
49935.5
49940.4
50140.5
51245.4
51381.5
51585.8
51664.8
51898.8
52235.4
52236.212
52325.5
52336.2
52836.3
53336.1
53622.4
53879.5
57044.4
57140.5
57827.4
57933.5
58016.8
58017.8
58025.8
58029.8
58041.8
58171.8
58384.8
59041.4
59042.212
59112.5
59142.2
59642.3
60142.1
60532.4
60752.5
62187.8
62604.211
62604.4
62605.1
62710.5
62864.8
62877.8
62952.8
63247.8
63256.8
63496.4
63497.212
63569.5
63597.2
64097.3
64597.1
64984.4
64987.5
64989.4
65065.5
67342.4
67486.5
67699.8
67785.8
67959.8
67964.8
68155.211
68155.4
68156.1
68289.5
68394.8
68410.8
68703.8
69137.4
69138.212
69234.5
69238.2
69417.4
69492.5
69738.3
70071.4
70238.1
70288.5
72389.8
72617.8
72832.211
72832.4
72833.1
72992.5
73164.8
73170.8
73172.8
73431.8
73609.8
73848.4
73849.212
73949.2
74097.5
74449.3
74949.1
77080.4
77096.5
77143.4
77229.5
77399.8
77424.8
77738.8
77874.211
77874.4
77875.1
77911.5
78233.4
78262.5
79604.4
79643.5
79725.8
79811.8
80033.8
80109.211
80109.4
80110.1
80224.5
81231.8
81355.8
81470.211
81470.4
81471.1
81509.5
81570.8
81651.8
82099.211
82099.4
82100.1
82334.5
82447.8
82551.8
82770.8
82919.8
83121.4
83122.212
83222.2
83284.5
83609.4
83713.5
83722.3
83807.8
84222.1
84598.4
84716.5
84783.8
84838.8
85219.211
85219.4
85220.1
85257.5
85352.4
85378.5
85448.8
85897.211
85897.4
85898.1
86094.5
86179.8
86210.8
86381.8
86624.211
86624.4
86625.1
86724.5
89915.8
90034.8
90158.8
90178.8
90266.8
90394.211
90394.4
90395.1
90502.5
90606.8
90866.8
90876.8
91150.8
91389.4
91390.212
91460.5
91490.2
91990.3
92490.1
92598.4
93088.5
93736.8
94061.8
94222.211
94222.4
94223.1
94261.5
94288.4
94405.5
94540.8
94569.8
94757.8
95133.8
95198.8
95295.4
95296.212
95396.2
95417.5
95896.3
95915.4
95992.5
96114.4
96396.1
97012.5
97165.8
97171.8
97214.8
97283.8
97769.8
97875.4
97876.212
97958.5
97976.2
98476.3
98976.1
99245.4
99516.5
99772.8
99949.8
100250.211
100250.4
100251.1
100328.5
100502.4
100641.5
100769.8
101307.211
101307.4
101308.1
101438.5
101659.8
101887.8
102196.211
102196.4
102197.1
102307.5
102453.8
102525.8
102781.8
102808.8
102886.211
102886.4
102887.1
102926.5
103074.8
103228.8
103466.211
103466.4
103467.1
103489.5
104419.8
104456.8
104568.8
104598.8
104785.211
104785.4
104786.1
104817.5
104966.8
105260.8
105460.211
105460.4
105461.1
105490.5
105770.4
105844.5
105944.8
106154.8
106405.8
106692.4
106693.212
106784.5
106793.2
107205.4
107293.3
107368.5
107421.4
107554.5
107719.4
107793.1
108069.5
108597.4
108828.5
110374.4
110380.5
110388.4
110462.5
111550.4
111597.5
113429.4
113447.5
116947.4
117027.5
117082.4
117092.5
117093.4
117097.5
117103.4
117277.5
120233.4
120383.5
121385.4
121417.5
121480.8
121587.8
121798.211
121798.4
121799.1
121901.5
122036.8
122050.8
122782.4
122783.212
122862.5
122883.2
123383.3
123883.1
124170.4
124548.5
124958.8
125213.8
125486.211
125486.4
125487.1
125634.5
125850.8
126735.8
127002.4
127003.212
127079.5
127103.2
127603.3
128103.1
129703.4
130220.5
130404.8
130821.211
130821.4
130822.1
130958.5
131106.8
131138.8
131577.211
131577.4
131578.1
131612.5
132164.8
132170.8
132416.211
132416.4
132417.1
132445.5
133167.8
133577.8
133769.4
133770.212
133869.5
133870.2
134370.3
134482.4
134750.5
134870.1
141644.8
141848.211
141848.4
141849.1
141874.5
141987.8
142152.8
142576.8
142762.4
142763.212
142863.2
142872.5
143363.3
143863.1
144307.4
144526.5
145346.8
145687.211
145687.4
145688.1
145732.5
145940.4
145973.5
146873.8
147223.8
147350.211
147350.4
147351.1
147389.5
150176.4
150203.5
152807.4
152809.5
162378.4
162400.5
165071.8
165507.211
165507.4
165508.1
165542.5
165691.4
165832.5
165903.8
165920.8
165937.8
165944.8
166129.8
166651.4
166652.212
166752.2
166752.5
167252.3
167752.1
167758.4
168182.5
168889.8
169630.8
169734.4
169735.212
169831.5
169835.2
170170.4
170176.5
170183.4
170274.5
170335.3
170391.4
170835.1
170835.5
171141.8
171703.211
171703.4
171704.1
171794.5
171925.8
171958.8
172206.8
172512.211
172512.4
172513.1
172555.5
172813.8
173119.8
173152.8
173398.211
173398.4
173399.1
173442.5
173481.4
173506.5
173784.8
174117.8
174266.211
174266.4
174267.1
174301.5
174450.8
174534.8
174963.8
174979.8
175091.4
175092.212
175192.2
175195.5
175692.3
176192.1
176252.4
180000.9
123456789
12
01
15
12
01
15
10
FI
2
2
10
47
27
11
20
27
6
2
795
0
0
0
314159265
26
262
155
180000
314159265
0.1
520.8
1047.8
1212.4
1213.212
1300.5
1313.2
1813.3
1971.4
2115.5
2201.8
2313.1
2423.4
2596.5
2744.8
2883.8
3138.211
3138.4
3139.1
3328.5
3455.8
3498.8
3574.8
3967.211
3967.4
3968.1
4018.5
4328.4
4452.5
4553.8
4557.8
4644.8
4658.8
5073.211
5073.4
5074.1
5160.5
5328.8
5339.8
5556.8
5602.8
5685.8
5785.211
5785.4
5786.1
6145.5
6210.8
6420.211
6420.4
6421.1
6449.5
6475.4
6481.5
6685.8
6912.8
6929.8
6955.8
7179.211
7179.4
7180.1
7328.5
7458.8
7518.8
7802.8
7815.8
8004.8
8041.8
8062.8
8201.4
8202.212
8302.2
8317.5
8425.4
8427.5
8429.4
8635.5
8802.3
9302.1
9306.4
9397.5
9575.4
9724.5
9821.8
10664.8
10883.4
10884.212
10972.5
10984.2
11484.3
11751.4
11984.1
12501.5
12840.4
13106.5
13291.8
13669.211
13669.4
13670.1
13989.5
14110.8
14186.8
14412.211
14412.4
14413.1
14767.5
14883.8
14910.8
15177.211
15177.4
15178.1
15463.5
15660.8
15715.8
15847.8
15879.8
15949.8
16051.211
16051.4
16052.1
16326.5
16499.8
16582.8
16867.211
16867.4
16868.1
17156.5
17247.8
17311.8
17345.8
17765.8
17855.4
17856.212
17947.5
17956.2
18456.3
18821.4
18956.1
19356.5
19519.8
19525.8
19949.8
20042.211
20042.4
20043.1
20282.5
20421.8
20426.8
20439.8
20477.8
20503.8
20889.8
21022.4
21023.212
21094.5
21123.2
21623.3
22032.4
22123.1
22500.5
23000.4
23297.5
23381.8
23405.8
23797.211
23797.4
23798.1
24228.5
24300.8
24769.8
24918.4
24919.212
25019.2
25055.5
25519.3
25968.4
26019.1
26070.5
26290.4
26640.5
27520.8
27543.8
27676.211
27676.4
27677.1
27853.5
28144.8
28159.8
28424.211
28424.4
28425.1
28457.5
28467.4
28661.5
28784.8
28801.8
28855.8
29064.8
29135.8
29143.8
29233.211
29233.4
29234.1
29263.5
29909.4
29970.5
30045.8
30093.8
30366.211
30366.4
30367.1
30395.5
30432.4
30504.5
30641.8
30715.8
30945.211
30945.4
30946.1
30971.5
31045.4
31098.5
31343.8
31353.8
31477.211
31477.4
31478.1
31497.5
32940.8
33031.8
33142.211
33142.4
33143.1
33249.5
33375.8
33587.8
33824.211
33824.4
33825.1
34008.5
34045.4
34114.5
34241.8
34431.8
34470.8
34558.8
34656.211
34656.4
34657.1
34693.5
34710.4
34821.5
34965.8
35031.8
35210.211
35210.4
35211.1
35239.5
36163.8
36289.8
36365.8
36535.211
36535.4
36536.1
36657.5
36787.8
37273.8
37292.8
37402.4
37403.212
37487.5
37503.2
38003.3
38452.4
38503.1
38892.5
38976.4
39053.5
39206.8
39239.8
39453.8
39654.211
39654.4
39655.1
39805.5
39969.8
39972.8
40013.8
40193.8
40417.211
40417.4
40418.1
40455.5
40596.4
40623.5
41174.8
41223.8
41341.211
41341.4
41342.1
41465.5
41622.8
41643.8
41701.8
41785.8
41940.8
42085.211
42085.4
42086.1
42508.5
42575.8
42669.8
42672.8
42831.8
42915.8
43246.4
43247.212
43347.2
43373.5
43847.3
44347.1
44517.4
44827.5
45216.8
45379.8
45384.8
45641.211
45641.4
45642.1
45923.5
46082.8
46498.8
46601.211
46601.4
46602.1
46857.5
47861.8
47938.8
48176.211
48176.4
48177.1
48355.5
48448.8
48495.8
48512.8
48683.8
48928.211
48928.4
48929.1
49011.5
49342.8
49495.8
49563.8
49584.8
49714.211
49714.4
49715.1
49740.5
50334.8
50438.8
50566.8
50678.8
50752.8
50935.4
50936.212
51010.5
51036.2
51536.3
51971.4
52036.1
52252.5
53324.8
53422.8
53547.211
53547.4
53548.1
53673.5
53788.8
53880.8
54026.8
54260.8
54367.211
54367.4
54368.1
54406.5
54437.4
54548.5
54839.4
54866.5
55426.8
55534.8
55618.8
55794.211
55794.4
55795.1
55870.5
56242.4
56261.5
56452.8
56496.8
56625.8
57054.8
57088.8
57183.4
57184.212
57261.5
57284.2
57784.3
58284.1
58419.4
58841.5
59014.8
59049.8
59334.8
59561.8
59648.4
59649.212
59729.5
59749.2
60249.3
60749.1
60901.4
61720.5
61851.4
62353.5
62653.8
62775.8
63343.4
63344.212
63428.5
63444.2
63944.3
64444.1
64515.4
65249.5
65681.4
65787.5
65988.4
66150.5
66360.8
67222.4
67223.212
67323.2
67425.5
67654.4
67751.5
67823.3
68033.4
68323.1
68714.5
68933.4
69143.5
69377.8
69575.8
69822.211
69822.4
69823.1
70056.5
70348.4
70573.5
70722.8
70838.8
71064.8
71106.8
71156.211
71156.4
71157.1
71322.5
71463.8
71596.8
71830.8
71979.211
71979.4
71980.1
72011.5
72564.8
72566.8
72657.8
72864.211
72864.4
72865.1
72965.5
73145.8
73295.8
73562.211
73562.4
73563.1
73603.5
73695.4
73719.5
73902.8
74005.8
74168.8
74196.8
74405.8
74494.211
74494.4
74495.1
74533.5
75066.8
75114.8
75207.8
75495.211
75495.4
75496.1
75529.5
75916.4
76026.5
76079.8
76170.8
76378.8
76614.8
76861.4
76862.212
76959.5
76962.2
77462.3
77962.1
78120.4
78475.5
78755.8
78896.8
79214.211
79214.4
79215.1
79246.5
79352.4
79444.5
79930.4
79953.5
80930.4
80932.5
80934.4
80971.5
81038.8
81049.8
81059.8
81230.8
81235.8
81465.8
81563.8
81663.4
81664.212
81746.5
81764.2
82264.3
82614.4
82696.5
82764.1
82813.4
83073.5
83461.8
83496.8
83845.8
83878.8
83984.211
83984.4
83985.1
84103.5
84348.8
84484.8
85048.4
85049.212
85127.5
85149.2
85649.3
85881.4
86149.1
86154.5
86308.8
86318.8
86345.8
86382.8
86785.8
86851.8
86997.4
86998.212
87082.5
87098.2
87598.3
88098.1
88681.4
88796.5
89894.8
90572.4
90573.212
90673.2
90697.5
91027.4
91104.5
91173.3
91673.1
91708.8
91966.211
91966.4
91967.1
92052.5
92176.8
92257.8
92499.8
92728.8
92774.8
92851.4
92852.212
92952.2
92985.5
93452.3
93952.1
94305.4
94587.5
95089.8
95334.8
95377.8
95488.211
95488.4
95489.1
95738.5
95939.8
95982.8
96304.8
96425.211
96425.4
96426.1
96463.5
97992.8
98000.8
98361.8
98578.211
98578.4
98579.1
98612.5
98754.8
98756.8
98794.8
98796.8
98848.8
99243.8
99246.8
99500.4
99501.212
99590.5
99601.2
100101.3
100601.1
101033.4
101174.5
101677.4
101800.5
102101.8
102447.8
102614.8
102702.8
102714.8
102772.8
102920.4
102921.212
103021.2
103082.5
103521.3
103805.4
103905.5
104021.1
104137.4
104444.5
106306.8
106665.211
106665.4
106666.1
106835.5
107438.4
107551.5
107637.8
108058.8
108097.8
108313.4
108314.212
108414.2
108426.5
108874.4
108914.3
108942.5
109414.1
109548.4
109985.5
111151.4
111271.5
113482.4
113554.5
116007.8
116203.211
116203.4
116204.1
116239.5
116240.4
116256.5
116666.8
116674.8
116744.8
116955.8
117215.8
117344.4
117345.212
117427.5
117445.2
117945.3
118445.1
118528.4
118774.5
118893.4
119204.5
120407.4
120438.5
123220.8
123315.8
123438.211
123438.4
123439.1
123594.5
127214.4
127283.5
127539.8
127815.8
127930.211
127930.4
127931.1
127964.5
128049.8
128208.8
128216.8
128689.4
128690.212
128769.5
128790.2
129290.3
129790.1
130037.4
130112.5
145251.8
145368.211
145368.4
145369.1
145475.5
145535.8
145629.8
145795.211
145795.4
145796.1
145822.5
148280.4
148424.5
150063.4
150149.5
151647.8
151660.8
152206.8
152349.4
152350.212
152431.5
152450.2
152950.3
153450.1
158026.4
158062.5
160983.8
161090.8
161254.211
161254.4
161255.1
161342.5
165240.8
165276.8
165647.8
165670.8
165679.8
165751.211
165751.4
165752.1
165783.5
165889.8
166444.8
166446.8
166624.4
166625.212
166706.5
166725.2
167225.3
167700.4
167725.1
167883.5
168122.8
168561.211
168561.4
168562.1
180000.9
123456789
12
02
15
12
02
15
10
FI
2
2
10
44
01
11
17
01
6
2
1053
0
0
0
314159265
29
415
181
180000
314159265
0.1
272.8
275.8
359.8
435.211
435.4
436.1
493.5
569.8
656.8
815.211
815.4
816.1
841.5
962.8
973.8
1183.8
1411.8
1419.8
1517.211
1517.4
1518.1
1745.5
1821.8
1846.8
1872.8
1972.8
2189.8
2271.211
2271.4
2272.1
2374.5
2585.8
2611.8
2913.8
3184.211
3184.4
3185.1
3238.5
3602.8
3784.8
3851.8
4056.211
4056.4
4057.1
4088.5
4436.8
4455.8
4741.211
4741.4
4742.1
4766.5
5065.8
5095.8
5253.8
5408.8
5422.8
5425.8
5690.4
5691.212
5780.5
5791.2
6291.3
6446.4
6451.5
6452.4
6603.5
6713.4
6791.1
6933.5
7092.8
7094.8
7547.211
7547.4
7548.1
7580.5
7803.8
7991.8
7995.8
8211.211
8211.4
8212.1
8545.5
8795.8
8848.8
9128.211
9128.4
9129.1
9155.5
9186.4
9414.5
9497.8
9545.8
9656.8
9849.8
9878.8
10033.211
10033.4
10034.1
10290.5
10389.8
10411.8
10418.8
10466.8
10755.8
10764.8
10785.8
10795.8
10816.8
10912.211
10912.4
10913.1
11332.5
11480.8
11538.8
11688.8
11698.8
11907.211
11907.4
11908.1
11939.5
11977.4
12103.5
12182.8
12183.8
12198.8
12215.8
12246.8
12289.8
12296.8
12480.8
12711.211
12711.4
12712.1
12744.5
12783.4
12799.5
12871.8
12927.8
12948.8
12959.8
13049.8
13089.8
13317.8
13401.211
13401.4
13402.1
13696.5
13802.8
13815.8
13851.8
13910.8
14156.8
14165.8
14187.8
14203.8
14436.4
14437.212
14505.5
14537.2
15037.3
15189.4
15349.5
15446.4
15537.1
16389.5
16642.4
16765.5
17670.4
17918.5
18083.8
18097.8
18109.8
18139.8
18200.8
18343.8
18353.8
18464.211
18464.4
18465.1
18668.5
18747.8
18790.8
18851.8
19035.8
19348.4
19349.212
19449.2
19461.5
19949.3
20312.4
20414.5
20449.1
23230.4
23411.5
23669.8
23708.8
23962.211
23962.4
23963.1
24070.5
24215.8
24230.8
24462.8
24466.8
24471.8
24745.211
24745.4
24746.1
24835.5
24985.8
25032.8
25060.8
25355.8
25407.8
25512.8
25631.4
25632.212
25732.2
25738.5
26232.3
26732.1
28086.4
28297.5
29206.8
29502.211
29502.4
29503.1
29606.5
30300.8
30345.8
30506.211
30506.4
30507.1
30541.5
30655.4
30745.5
30824.8
30871.8
30914.8
31026.8
31189.8
31356.211
31356.4
31357.1
31393.5
31478.4
31566.5
31658.8
31721.8
31881.8
31985.8
32020.8
32059.8
32324.4
32325.212
32396.5
32425.2
32925.3
33178.4
33425.1
33681.5
34171.8
34208.8
34393.211
34393.4
34394.1
34488.5
34700.4
34778.5
34866.8
34890.8
34894.8
34944.8
35206.8
35481.8
35547.4
35548.212
35645.5
35648.2
36148.3
36452.4
36648.1
36898.5
37202.4
37483.5
37489.4
37559.5
37970.8
38177.211
38177.4
38178.1
38209.5
38308.4
38429.5
38540.8
38554.8
38566.8
38586.8
38806.8
38829.8
38957.211
38957.4
38958.1
39154.5
39254.8
39263.8
39280.8
39287.8
39313.8
39317.8
39557.8
39739.211
39739.4
39740.1
39774.5
39883.4
39955.5
40041.8
40305.8
40395.211
40395.4
40396.1
40429.5
40526.4
40958.5
41031.8
41267.8
41559.211
41559.4
41560.1
41654.5
41787.8
41793.8
41796.8
41809.8
41812.8
41843.8
41860.8
42236.8
42277.8
42401.8
42495.4
42496.212
42596.2
42831.5
43096.3
43580.8
43596.1
43647.4
43705.5
45679.8
45960.211
45960.4
45961.1
46001.5
46077.8
46229.8
46293.8
46464.8
46596.211
46596.4
46597.1
46775.5
46898.8
46915.8
47047.8
47219.8
47395.211
47395.4
47396.1
47475.5
47729.8
47765.8
48141.8
48413.4
48414.212
48511.5
48514.2
49014.3
49494.4
49514.1
49643.5
49806.8
50120.8
50267.211
50267.4
50268.1
50495.5
50583.8
50677.8
50983.211
50983.4
50984.1
51103.5
51206.8
51337.8
51643.211
51643.4
51644.1
51675.5
51790.4
51815.5
52080.8
52118.8
52119.8
52428.8
52549.211
52549.4
52550.1
52582.5
52840.8
53205.8
53301.211
53301.4
53302.1
53339.5
53430.4
53451.5
53675.8
53727.8
53860.8
53890.8
54142.8
54258.211
54258.4
54259.1
54297.5
54387.4
54446.5
54966.4
54988.5
55053.8
55263.8
55584.211
55584.4
55585.1
55612.5
55717.8
55752.8
56004.8
56011.8
56048.8
56050.8
56172.8
56381.4
56382.212
56459.5
56482.2
56982.3
57436.4
57482.1
57854.5
58091.8
58168.8
58174.8
58218.8
58683.211
58683.4
58684.1
58755.5
58973.8
59010.8
59286.8
59336.8
59348.8
59431.211
59431.4
59432.1
59468.5
59561.4
59767.5
59865.8
59914.8
60168.211
60168.4
60169.1
60197.5
60319.8
60612.211
60612.4
60613.1
60640.5
60828.8
61395.211
61395.4
61396.1
61427.5
61635.8
61777.8
61785.8
62104.8
62264.4
62265.212
62363.5
62365.2
62865.3
63298.4
63365.1
64015.5
64734.8
64741.8
64778.8
64948.211
64948.4
64949.1
64982.5
65109.4
65427.5
65589.8
65925.8
65946.8
65950.8
66030.211
66030.4
66031.1
66065.5
66734.8
66811.8
66925.8
67075.211
67075.4
67076.1
67102.5
68117.8
68235.8
68333.8
68735.4
68736.212
68818.5
68836.2
69336.3
69836.1
69897.4
70054.5
70164.4
70250.5
72360.8
72458.8
72553.211
72553.4
72554.1
72587.5
72816.4
72897.5
73912.8
74127.211
74127.4
74128.1
74157.5
74257.8
74266.8
74407.8
74628.211
74628.4
74629.1
74658.5
74672.4
74861.5
74933.8
74949.8
75117.211
75117.4
75118.1
75164.5
75494.8
75765.8
75907.211
75907.4
75908.1
75940.5
76025.4
76056.5
77661.8
77771.211
77771.4
77772.1
77795.5
78497.8
78554.8
78854.8
79002.211
79002.4
79003.1
79033.5
79816.4
79856.5
84403.8
84526.8
84719.8
84910.8
85008.4
85009.212
85109.2
85181.5
85609.3
86084.4
86109.1
86194.5
86281.4
86473.5
87468.4
87469.5
87471.4
87630.5
88639.8
88662.8
89129.211
89129.4
89130.1
89257.5
89371.8
89916.211
89916.4
89917.1
89954.5
90046.4
90088.5
90209.8
90457.8
90706.8
90711.8
90865.4
90866.212
90954.5
90966.2
91466.3
91607.4
91619.5
91623.4
91823.5
91966.1
94029.4
94148.5
94156.4
94227.5
96525.4
96569.5
96854.8
97008.8
97426.8
97530.4
97531.212
97605.5
97631.2
98131.3
98631.1
98762.4
99366.5
99604.8
100188.211
100188.4
100189.1
100340.5
100473.8
100498.8
101034.211
101034.4
101035.1
101072.5
101298.8
101315.8
101456.8
101836.211
101836.4
101837.1
101934.5
102064.8
102110.8
102463.8
102515.8
102517.8
102565.8
102691.4
102692.212
102792.2
102805.5
103292.3
103792.1
104053.4
104368.5
104945.8
104947.8
104965.8
105414.211
105414.4
105415.1
105542.5
106020.8
106353.8
106477.211
106477.4
106478.1
106549.5
106811.8
106912.8
107209.8
107508.4
107509.212
107609.2
107610.5
108109.3
108609.1
108814.4
108819.5
108821.4
109531.5
111211.4
111353.5
111485.8
111487.8
111519.8
111563.8
111780.8
111938.211
111938.4
111939.1
112338.5
112454.8
112463.8
112488.8
112647.8
112782.211
112782.4
112783.1
112807.5
112898.8
113029.8
113272.8
113279.8
113303.8
113369.211
113369.4
113370.1
113416.5
113426.4
113474.5
113583.8
113591.8
113620.8
113708.8
113970.8
114003.8
114041.8
114246.4
114247.212
114321.5
114347.2
114847.3
115347.1
115528.4
115879.5
116767.8
116948.8
117205.211
117205.4
117206.1
117345.5
117457.8
117511.8
118135.4
118136.212
118204.5
118236.2
118736.3
119236.1
119429.4
119658.5
121933.8
122158.8
122272.211
122272.4
122273.1
122336.5
122623.8
122648.8
123210.8
123349.4
123350.212
123450.2
123555.5
123835.4
123886.5
123950.3
124450.1
124488.4
124991.5
127185.8
127540.211
127540.4
127541.1
127644.5
127796.8
127816.8
127890.8
128080.8
128274.8
128432.4
128433.212
128533.2
128545.5
129033.3
129533.1
129787.4
130284.5
130702.8
130761.8
131509.4
131510.212
131591.5
131610.2
132110.3
132589.4
132610.1
133125.5
133479.8
134040.8
134050.8
134324.4
134325.212
134425.2
134433.5
134925.3
135425.1
136015.4
136107.5
137395.4
137593.5
138461.8
138836.8
138916.211
138916.4
138917.1
139069.5
139181.8
139296.8
139331.8
139555.8
139687.211
139687.4
139688.1
139833.5
139947.8
139955.8
139977.8
140014.8
140072.8
140365.8
140458.211
140458.4
140459.1
140498.5
141044.4
141078.5
141243.4
141273.5
141341.8
141394.8
141652.8
141809.211
141809.4
141810.1
141844.5
142087.8
142362.8
142564.8
142647.8
142749.8
142820.4
142821.212
142895.5
142921.2
143421.3
143921.1
145543.8
145578.8
145583.8
145737.211
145737.4
145738.1
145773.5
146820.8
146835.8
147028.8
147166.211
147166.4
147167.1
147251.5
147924.4
147957.5
148022.8
148030.8
148225.8
148535.211
148535.4
148536.1
148565.5
148672.8
148716.8
148834.8
148977.8
148989.8
149001.8
149065.8
149084.8
149240.211
149240.4
149241.1
149445.5
149552.8
149578.8
149591.8
149623.8
149669.8
149984.8
150015.8
150042.8
150107.8
150219.4
150220.212
150305.5
150320.2
150820.3
151320.1
153139.8
153357.8
153609.211
153609.4
153610.1
153643.5
153887.8
153891.8
153968.8
153984.8
154047.8
154365.8
154396.8
154627.4
154628.212
154705.5
154728.2
155228.3
155728.1
156068.4
156588.5
157608.4
157668.5
158185.4
158302.5
158386.8
158402.8
158733.8
158734.8
158949.211
158949.4
158950.1
158983.5
159081.8
159091.8
159096.8
159185.8
159432.8
159436.8
159650.211
159650.4
159651.1
159748.5
159873.8
159884.8
159923.8
159978.8
160328.8
160358.8
160374.8
160615.4
160616.212
160710.5
160716.2
161216.3
161716.1
164852.4
165151.5
166550.4
166623.5
167484.8
167616.8
167761.8
168036.8
168171.4
168172.212
168257.5
168272.2
168772.3
169272.1
170236.4
170630.5
172979.8
172983.8
172986.8
172992.8
173335.211
173335.4
173336.1
173431.5
173559.8
173972.8
173996.8
174127.211
174127.4
174128.1
174260.5
174416.8
174496.8
174528.8
174590.8
174679.8
174703.8
174969.211
174969.4
174970.1
175098.5
175216.8
175231.8
175247.8
175325.8
175387.8
175427.8
175463.8
175480.8
175763.8
175797.8
175807.8
175824.8
175879.8
175963.4
175964.212
176064.2
176084.5
176564.3
177064.1
178060.4
178305.5
178515.8
178571.8
178586.8
178867.8
179188.4
179189.212
179278.5
179289.2
180000.9
123456789
12
03
15
12
03
15
10
FI
2
2
10
47
55
11
20
56
6
2
922
0
0
0
314159265
23
339
165
180000
314159265
0.1
535.8
792.211
792.4
793.1
870.5
951.8
1147.8
1335.8
1523.211
1523.4
1524.1
1689.5
1766.8
1782.8
1785.8
1840.8
2111.211
2111.4
2112.1
2240.5
2383.8
2391.8
2395.8
2413.8
2449.8
2539.8
2811.211
2811.4
2812.1
3024.5
3111.8
3118.8
3135.8
3157.8
3337.8
3446.8
3448.8
3632.211
3632.4
3633.1
3993.5
4066.8
4296.8
4328.8
4331.8
4432.8
4441.8
4443.8
4448.8
4468.8
4588.211
4588.4
4589.1
4778.5
4867.8
4885.8
4983.8
5244.8
5282.8
5292.8
5345.8
5433.8
5455.8
5600.4
5601.212
5678.5
5701.2
6201.3
6614.4
6701.1
7002.5
7360.8
7366.8
7482.8
7618.211
7618.4
7619.1
7817.5
7915.8
7946.8
8410.8
8630.4
8631.212
8731.2
8765.5
9231.3
9494.4
9731.1
9939.5
10110.8
10164.8
10169.8
10435.8
10690.211
10690.4
10691.1
10855.5
10976.4
11211.5
11314.8
11326.8
11507.8
11520.8
11553.8
11557.8
11845.211
11845.4
11846.1
12033.5
12105.8
12117.8
12153.8
12348.211
12348.4
12349.1
12459.5
12562.8
12584.8
12605.8
12972.211
12972.4
12973.1
13007.5
13130.8
13595.8
13706.211
13706.4
13707.1
13993.5
14105.8
14205.211
14205.4
14206.1
14226.5
14318.8
14552.8
14569.8
14588.8
14713.211
14713.4
14714.1
14742.5
14981.8
15220.8
15387.211
15387.4
15388.1
15583.5
15664.8
15680.8
15716.8
15785.8
15982.8
16009.8
16011.8
16047.8
16185.211
16185.4
16186.1
16416.5
16497.8
16503.8
16506.8
16595.8
16922.8
16951.8
16977.8
16993.8
17051.211
17051.4
17052.1
17143.5
17314.8
17488.211
17488.4
17489.1
17513.5
19496.8
19568.211
19568.4
19569.1
19619.5
20584.4
20642.5
20751.8
20836.8
20980.8
21034.8
21040.8
21046.8
21153.8
21193.8
21322.211
21322.4
21323.1
21458.5
21538.8
21553.8
21578.8
21626.8
21797.8
21988.8
22107.211
22107.4
22108.1
22227.5
22524.8
22755.8
22850.211
22850.4
22851.1
22952.5
23695.8
23855.8
24083.8
24128.8
24207.211
24207.4
24208.1
24243.5
24337.8
24411.8
24552.8
24740.211
24740.4
24741.1
24804.5
26063.4
26135.5
26783.4
26904.5
27017.8
27605.8
27684.8
27817.4
27818.212
27899.5
27918.2
28418.3
28865.4
28918.1
29124.5
29125.4
29131.5
30007.8
30019.8
30271.211
30271.4
30272.1
30546.5
30777.8
31055.8
31072.8
31237.211
31237.4
31238.1
31416.5
31497.8
31540.8
31569.8
31781.8
31799.8
32055.211
32055.4
32056.1
32119.5
33754.8
34272.211
34272.4
34273.1
34299.5
34478.8
34861.211
34861.4
34862.1
34961.5
35034.8
35187.8
35466.8
35478.8
35550.211
35550.4
35551.1
35626.5
35863.8
36016.8
36421.211
36421.4
36422.1
36496.5
37213.4
37311.5
37441.8
37730.8
37758.8
37970.211
37970.4
37971.1
38004.5
40047.8
40363.8
40571.8
40665.4
40666.212
40750.5
40766.2
41266.3
41704.4
41766.1
42115.5
42268.4
42487.5
42951.8
43435.211
43435.4
43436.1
43559.5
43742.8
44026.8
44249.211
44249.4
44250.1
44371.5
44498.8
44510.8
44560.8
44651.8
44660.8
44835.8
44967.211
44967.4
44968.1
45011.5
45119.8
45185.8
45217.8
45239.8
45583.211
45583.4
45584.1
45710.5
45938.8
45944.8
46005.8
46060.8
46252.8
46273.8
46286.8
46436.211
46436.4
46437.1
46472.5
46995.8
47030.8
47033.8
47055.8
47115.8
47144.8
47295.8
47433.8
47463.8
47564.211
47564.4
47565.1
47629.5
47764.8
48007.8
48327.8
48331.8
48500.4
48501.212
48593.5
48601.2
49101.3
49498.4
49601.1
49986.5
50180.8
50223.8
50773.8
50855.4
50856.212
50956.2
50967.5
51456.3
51956.1
54853.4
55227.5
55628.8
55995.211
55995.4
55996.1
56412.5
56493.8
56516.8
56876.8
56888.8
56911.8
56991.8
57064.211
57064.4
57065.1
57249.5
57335.8
57354.8
57368.8
57687.211
57687.4
57688.1
57725.5
57822.4
57886.5
57990.8
58000.8
58140.8
58561.211
58561.4
58562.1
58721.5
58838.8
58918.8
58927.8
58928.8
59068.8
59266.8
59460.4
59461.212
59547.5
59561.2
60061.3
60561.1
60960.4
61098.5
61167.4
61320.5
62185.8
62444.8
62569.211
62569.4
62570.1
62679.5
62937.4
63260.5
63744.4
63771.5
63863.8
63877.8
64083.8
64486.4
64487.212
64584.5
64587.2
65087.3
65587.1
65715.4
65980.5
67928.8
68070.211
68070.4
68071.1
68257.5
68560.8
68951.211
68951.4
68952.1
69066.5
69209.8
69624.8
69652.8
69655.8
69818.4
69819.212
69909.5
69919.2
70419.3
70919.1
71060.4
71387.5
73114.8
73298.211
73298.4
73299.1
73462.5
73668.8
74372.8
74507.4
74508.212
74596.5
74608.2
75108.3
75608.1
75927.4
76165.5
76971.8
77110.8
77469.211
77469.4
77470.1
77653.5
77789.8
77809.8
77816.8
78284.8
78292.8
78319.8
78414.4
78415.212
78515.2
78616.5
79015.3
79515.1
79766.4
79905.5
81632.8
82103.211
82103.4
82104.1
82245.5
82388.8
82436.8
82750.8
82851.211
82851.4
82852.1
82914.5
83167.8
83216.8
83502.8
83505.8
83509.8
83669.8
83753.8
83809.8
83878.4
83879.212
83956.5
83979.2
84479.3
84979.1
85153.4
85427.5
85666.8
85982.8
86178.211
86178.4
86179.1
86250.5
86437.4
86498.5
86635.8
86696.8
86711.8
87103.8
87155.8
87286.8
87304.8
87323.8
87413.4
87414.212
87496.5
87514.2
88014.3
88514.1
88611.4
88978.5
88980.4
89058.5
89911.4
90019.5
90171.8
90583.8
90692.211
90692.4
90693.1
90739.5
91324.4
91346.5
92717.8
92809.8
92916.211
92916.4
92917.1
92948.5
93488.8
93780.8
93870.8
93958.211
93958.4
93959.1
94036.5
94154.8
94235.8
94303.8
94586.8
94594.8
94655.8
94683.8
94823.4
94824.212
94918.5
94924.2
95109.4
95375.5
95424.3
95924.1
95965.8
96051.8
96150.8
96479.211
96479.4
96480.1
96511.5
96634.8
96905.8
97078.8
97082.8
97089.8
97240.4
97241.212
97321.5
97341.2
97841.3
98341.1
98444.4
98929.5
98936.4
98943.5
98945.4
98955.5
98959.4
99219.5
100316.4
100541.5
101703.4
101734.5
101825.8
102295.8
102495.8
102515.8
102593.4
102594.212
102689.5
102694.2
102834.4
102837.5
102843.4
102872.5
103194.3
103694.1
103817.4
104150.5
104883.8
105145.8
105257.211
105257.4
105258.1
105336.5
105557.8
105687.8
106201.8
106555.8
106560.8
106606.4
106607.212
106677.5
106707.2
107207.3
107707.1
107905.4
108183.5
109075.8
109615.211
109615.4
109616.1
109690.5
109812.8
109876.8
109893.8
110232.8
110395.211
110395.4
110396.1
110461.5
110829.8
110865.8
111204.211
111204.4
111205.1
111235.5
111361.8
111674.8
111684.8
111818.8
111845.8
111910.211
111910.4
111911.1
111944.5
113682.8
114133.8
114136.8
114164.8
114169.8
114505.4
114506.212
114606.2
114613.5
115106.3
115606.1
115687.4
115876.5
115961.4
116273.5
117338.4
117363.5
118004.8
118224.211
118224.4
118225.1
118268.5
118623.8
118628.8
118838.211
118838.4
118839.1
118868.5
118935.8
119008.8
119472.8
119668.4
119669.212
119767.5
119769.2
119868.4
119869.5
119871.4
119904.5
120269.3
120769.1
120843.4
120847.5
120848.4
121004.5
121012.4
121104.5
121329.8
121485.8
121768.8
121961.8
122110.4
122111.212
122211.2
122247.5
122311.4
122390.5
122711.3
123211.1
124320.8
124474.8
124544.211
124544.4
124545.1
124575.5
124654.4
124738.5
124851.8
125141.8
125155.8
125327.211
125327.4
125328.1
125358.5
125977.8
126316.211
126316.4
126317.1
126344.5
126461.8
126964.8
127009.8
127329.4
127330.212
127415.5
127430.2
127924.4
127927.5
127929.4
127930.3
128023.5
128196.4
128288.5
128425.4
128430.1
128622.5
129786.8
130006.211
130006.4
130007.1
130036.5
130760.4
130794.5
131262.8
131278.8
131655.8
131760.211
131760.4
131761.1
131795.5
133228.8
133337.8
133422.211
133422.4
133423.1
133449.5
135688.4
135854.5
138406.8
138410.8
138510.8
138715.8
138815.8
138936.211
138936.4
138937.1
139014.5
139089.8
139242.8
139568.211
139568.4
139569.1
139596.5
140535.8
140654.8
140721.211
140721.4
140722.1
140744.5
141260.4
141279.5
144105.8
144112.8
144561.211
144561.4
144562.1
144593.5
144686.8
145098.211
145098.4
145099.1
145132.5
145195.8
145207.8
145809.4
145810.212
145910.2
145923.5
146410.3
146753.4
146853.5
146910.1
147014.4
147190.5
150895.8
150907.8
153464.4
153465.212
153565.2
153750.5
154065.3
154565.1
154767.4
154858.5
154964.8
155171.211
155171.4
155172.1
155273.5
157881.4
157950.5
165999.4
166060.5
167246.4
167273.5
167327.8
167699.211
167699.4
167700.1
167731.5
170691.8
170765.8
170829.211
170829.4
170830.1
170858.5
170907.8
171250.8
171352.211
171352.4
171353.1
171386.5
173442.8
173629.8
173640.8
173798.211
173798.4
173799.1
173870.5
174864.8
174974.211
174974.4
174975.1
175002.5
176578.8
176914.211
176914.4
176915.1
176964.5
177623.4
180000.9
123456789
12
04
15
12
04
15
10
FI
2
2
10
44
00
11
17
00
6
2
951
0
0
0
314159265
26
354
172
180000
314159265
0.1
463.8
476.8
623.8
711.211
711.4
712.1
773.5
1084.8
1110.8
1285.8
1507.8
1520.8
1529.8
1666.211
1666.4
1667.1
1790.5
1872.8
2102.8
2320.211
2320.4
2321.1
2472.5
2529.8
2564.8
2851.8
3017.211
3017.4
3018.1
3236.5
3322.8
3335.8
3368.8
3387.8
3441.8
3691.8
3906.8
3932.8
3959.8
4109.4
4110.212
4210.2
4210.5
4710.3
5105.4
5210.1
5285.5
5497.8
6094.211
6094.4
6095.1
6245.5
6378.8
6955.8
7313.8
7317.8
7372.4
7373.212
7449.5
7473.2
7973.3
8473.1
8793.4
8927.5
9548.4
9821.5
9926.8
9940.8
10296.211
10296.4
10297.1
10445.5
10536.8
10544.8
10574.8
10756.8
10791.8
11006.211
11006.4
11007.1
11233.5
11323.4
11418.5
11481.8
11520.8
12085.8
12278.4
12279.212
12357.5
12379.2
12879.3
13272.4
13379.1
13391.5
13747.8
14121.211
14121.4
14122.1
14374.5
14464.8
14586.8
15090.8
15105.8
15206.4
15207.212
15295.5
15307.2
15807.3
16292.4
16307.1
16482.5
16656.8
16662.8
16666.8
16965.8
17135.211
17135.4
17136.1
17261.5
17379.8
17392.8
17406.8
17702.211
17702.4
17703.1
17732.5
17874.8
18333.211
18333.4
18334.1
18371.5
18553.8
19025.8
19038.8
19067.8
19132.211
19132.4
19133.1
19171.5
19351.8
19614.8
19618.8
19646.8
19817.211
19817.4
19818.1
20042.5
20112.8
20116.8
20125.8
20239.8
20560.211
20560.4
20561.1
20590.5
20603.4
20647.5
21112.8
21434.211
21434.4
21435.1
21469.5
21787.4
21825.5
21879.8
22180.211
22180.4
22181.1
22198.5
23861.8
23996.8
24070.211
24070.4
24071.1
24204.5
24269.8
24402.8
24629.8
24769.211
24769.4
24770.1
24798.5
25273.8
25510.8
25696.8
25851.211
25851.4
25852.1
25972.5
26085.8
26491.211
26491.4
26492.1
26514.5
26610.8
26709.8
27196.211
27196.4
27197.1
27435.5
27567.8
27581.8
27744.8
27944.8
27971.8
28000.8
28035.8
28193.8
28196.8
28225.8
28288.4
28289.212
28368.5
28389.2
28889.3
29212.4
29389.1
29402.5
29515.4
29761.5
29919.8
29930.8
29958.8
30274.211
30274.4
30275.1
30314.5
30814.8
30955.8
30993.8
30998.8
31191.211
31191.4
31192.1
31228.5
31319.4
31410.5
31528.8
31837.8
31999.211
31999.4
32000.1
32088.5
32613.8
32671.8
32715.8
32802.8
33005.8
33015.8
33139.211
33139.4
33140.1
33179.5
33252.8
33497.8
33580.8
33934.8
33949.8
33998.4
33999.212
34099.2
34100.5
34599.3
35099.1
35251.4
35514.5
37296.8
37838.211
37838.4
37839.1
37888.5
38008.8
38015.8
38109.8
38267.8
38601.211
38601.4
38602.1
38637.5
38921.8
38926.8
39259.211
39259.4
39260.1
39281.5
39432.8
40010.211
40010.4
40011.1
40044.5
40352.8
40624.8
40980.8
41009.8
41073.4
41074.212
41169.5
41174.2
41674.3
42174.1
42365.4
42658.5
44427.4
44534.5
44978.8
45336.8
45514.211
45514.4
45515.1
45551.5
45632.4
45848.5
45979.8
45982.8
45986.8
45989.8
46301.211
46301.4
46302.1
46336.5
46922.8
46980.8
47011.8
47014.8
47284.8
47382.211
47382.4
47383.1
47423.5
47541.8
47576.8
48029.8
48045.8
48136.211
48136.4
48137.1
48178.5
48311.8
48376.8
48391.8
48605.8
48805.8
48875.211
48875.4
48876.1
48908.5
49150.8
49359.8
49440.8
49463.8
49669.211
49669.4
49670.1
49744.5
49924.4
49997.5
50133.8
50214.8
50239.8
50243.8
50507.8
50532.8
50597.8
50609.8
50614.8
50817.4
50818.212
50909.5
50918.2
51418.3
51804.4
51892.5
51918.1
52123.4
52176.5
52679.8
52700.8
52702.8
52711.8
52987.8
53033.8
53265.211
53265.4
53266.1
53300.5
53387.4
53422.5
53579.8
53683.8
53710.8
53715.8
53769.8
54015.8
54035.8
54070.8
54162.211
54162.4
54163.1
54196.5
54243.4
54296.5
54434.8
54568.8
54969.8
55200.8
55206.8
55274.4
55275.212
55375.2
55387.5
55875.3
56321.4
56375.1
56537.5
57245.4
57268.5
57448.8
57497.8
57709.8
58012.8
58567.8
58801.8
58804.8
58810.8
58890.4
58891.212
58991.2
58992.5
59491.3
59991.1
60084.4
60202.5
61124.8
61409.8
61480.211
61480.4
61481.1
61832.5
61951.4
62043.5
62161.8
62227.8
62229.8
62525.211
62525.4
62526.1
62651.5
62750.8
62768.8
62787.8
62822.8
63233.211
63233.4
63234.1
63270.5
63557.8
63622.8
63878.8
63899.8
64101.211
64101.4
64102.1
64357.5
64496.8
64571.8
64795.8
64820.8
64841.8
64880.8
65091.211
65091.4
65092.1
65128.5
65219.4
65273.5
65774.8
66108.211
66108.4
66109.1
66160.5
66597.8
66618.8
66628.8
66832.211
66832.4
66833.1
66871.5
67230.8
67259.8
67276.8
67586.8
67790.211
67790.4
67791.1
67831.5
68703.4
68730.5
68818.8
68848.8
69343.8
69372.8
69378.8
69431.8
69634.4
69635.212
69735.2
69762.5
70235.3
70735.1
70744.4
70925.5
70957.4
71014.5
71926.8
72303.8
72424.211
72424.4
72425.1
72467.5
72576.4
72672.5
72918.8
73299.8
73491.211
73491.4
73492.1
73522.5
74226.8
74363.211
74363.4
74364.1
74446.5
74544.8
75063.8
75206.4
75207.212
75285.5
75307.2
75807.3
76100.4
76193.5
76277.4
76307.1
76480.5
76785.8
76869.8
77175.8
77276.211
77276.4
77277.1
77313.5
77960.8
77983.8
78074.8
78079.8
78267.8
78518.211
78518.4
78519.1
78592.5
79904.8
79940.8
80312.8
80315.8
80616.4
80617.212
80704.5
80717.2
81217.3
81615.4
81705.5
81717.1
81822.4
81917.5
82493.4
82530.5
83914.4
83941.5
87228.4
87261.5
88167.8
88549.8
88559.8
88725.211
88725.4
88726.1
88766.5
89029.8
89283.8
89549.211
89549.4
89550.1
89586.5
89955.8
90000.8
90158.8
90202.8
90247.8
90482.8
90499.8
90505.8
90630.4
90631.212
90716.5
90731.2
91231.3
91731.1
91890.4
92017.5
92192.8
92290.8
92295.8
92601.8
92810.8
92835.8
92924.4
92925.212
93004.5
93025.2
93525.3
94025.1
94274.4
94365.5
94540.8
94886.8
94977.8
94982.8
95289.8
95348.4
95349.212
95424.5
95449.2
95949.3
96449.1
96923.4
96986.5
99219.4
99243.5
100409.4
100441.5
103375.4
103397.5
106142.8
106256.8
106351.211
106351.4
106352.1
106424.5
106810.8
106840.8
106843.8
107008.211
107008.4
107009.1
107041.5
108846.8
109142.8
109159.8
109210.8
109317.8
109340.8
109470.4
109471.212
109571.2
109571.5
110071.3
110507.4
110571.1
110699.5
111622.4
111686.5
111816.8
111832.8
112051.8
112075.8
112082.8
112180.211
112180.4
112181.1
112215.5
112561.8
112732.8
112982.8
113003.8
113029.8
113090.8
113181.4
113182.212
113282.2
113291.5
113347.4
113374.5
113782.3
114282.1
114644.4
114855.5
114858.4
115007.5
115420.4
115497.5
115646.8
116040.211
116040.4
116041.1
116091.5
116169.8
116250.8
116373.8
116672.8
116679.8
116813.4
116814.212
116895.5
116914.2
117414.3
117865.4
117914.1
117958.5
118690.8
119024.211
119024.4
119025.1
119078.5
120670.8
120815.211
120815.4
120816.1
120843.5
120982.8
121300.8
121359.211
121359.4
121360.1
121400.5
122773.8
123039.8
123137.8
123318.211
123318.4
123319.1
123363.5
123546.8
123923.211
123923.4
123924.1
123956.5
125425.8
125469.8
125472.8
125648.8
125846.8
125953.8
125987.8
125998.8
126129.4
126130.212
126199.5
126230.2
126730.3
127230.1
128390.8
128842.8
128870.8
128949.8
129006.4
129007.212
129096.5
129107.2
129607.3
129929.4
130107.1
130316.5
132129.4
132222.5
132283.8
132309.8
132336.8
132959.8
133056.4
133057.212
133128.5
133157.2
133657.3
134111.4
134157.1
134566.5
136094.4
136144.5
137209.4
137494.5
137583.4
137618.5
137687.8
138045.8
138072.8
138235.211
138235.4
138236.1
138298.5
138339.4
138423.5
139017.8
139097.8
139337.8
139573.211
139573.4
139574.1
139614.5
139764.8
139813.8
140293.211
140293.4
140294.1
140369.5
140449.8
140459.8
140462.8
140469.8
140486.8
140857.8
140879.8
140912.8
141033.211
141033.4
141034.1
141070.5
142068.8
142260.8
142288.8
142358.211
142358.4
142359.1
142396.5
142598.8
142904.8
143135.211
143135.4
143136.1
143162.5
144591.8
145002.8
145192.4
145193.212
145293.2
145305.5
145793.3
146143.4
146293.1
146379.5
150297.8
150518.8
150542.8
150592.211
150592.4
150593.1
150657.5
150660.4
150687.5
151345.8
151449.8
151835.211
151835.4
151836.1
151865.5
152054.8
152101.8
152147.8
152471.211
152471.4
152472.1
152500.5
154657.4
154722.5
155514.4
155531.5
155677.8
155706.8
156457.4
156458.212
156554.5
156558.2
157058.3
157253.4
157413.5
157558.1
161671.4
161698.5
164908.4
164938.5
166917.8
167041.211
167041.4
167042.1
167068.5
168105.4
168125.5
168131.4
168146.5
168893.4
168921.5
169565.8
169822.8
169838.8
169958.211
169958.4
169959.1
169989.5
170822.8
171661.8
171777.4
171778.212
171852.5
171878.2
172378.3
172668.4
172744.5
172860.4
172878.1
173116.5
173655.4
173672.5
174086.4
174167.5
174319.4
174320.5
174369.4
174370.5
177185.8
177254.211
177254.4
177255.1
177361.5
177462.8
177626.211
177626.4
177627.1
177652.5
178829.8
178837.8
178991.8
178996.8
179123.8
179217.8
179228.8
179716.4
179717.212
179817.2
180000.9
123456789
12
05
15
12
05
15
10
FI
2
2
10
44
01
11
17
01
6
2
971
0
0
0
314159265
29
320
196
180000
314159265
0.1
1.4
79.5
458.8
635.211
635.4
636.1
756.5
813.8
1272.211
1272.4
1273.1
1304.5
1392.8
1666.8
2026.4
2027.212
2031.5
2034.4
2127.2
2136.5
2259.4
2349.5
2607.4
2627.3
2706.5
2875.4
3127.1
3190.5
3192.4
3373.5
4282.4
4565.5
4913.4
5345.5
5448.8
5456.8
5492.8
5534.8
5716.8
5745.8
5779.8
5924.211
5924.4
5925.1
6044.5
6134.4
6272.5
6411.8
6428.8
6439.8
6933.8
6943.8
6952.8
6990.8
6992.8
7031.8
7215.4
7216.212
7297.5
7316.2
7816.3
8316.1
8375.4
8569.5
8743.8
8777.8
8786.8
9341.211
9341.4
9342.1
9528.5
9701.8
10075.8
10078.8
10152.8
10180.8
10192.8
10334.4
10335.212
10435.2
10440.5
10935.3
11435.1
11527.4
11626.5
11895.4
12538.5
12696.8
12718.8
13360.4
13361.212
13450.5
13461.2
13961.3
14461.1
14559.4
14698.5
14797.4
15026.5
15185.8
15876.8
16113.4
16114.212
16213.5
16214.2
16714.3
17214.1
17372.4
17484.5
17605.4
17858.5
18446.4
18838.5
18967.8
18993.8
18997.8
19000.8
19028.8
19259.211
19259.4
19260.1
19605.5
19690.8
19713.8
19935.8
20108.8
20322.4
20323.212
20400.5
20423.2
20760.4
20832.5
20923.3
20940.4
21423.1
21499.5
21633.8
21657.8
21972.211
21972.4
21973.1
22058.5
22136.8
22166.8
22532.211
22532.4
22533.1
22712.5
22854.8
22858.8
23164.211
23164.4
23165.1
23188.5
23301.4
23333.5
23404.8
23420.8
23427.8
23442.8
23477.8
23740.8
23764.8
23928.211
23928.4
23929.1
23973.5
24112.4
24147.5
24269.8
24294.8
24359.8
24375.8
24699.8
24704.8
24732.8
24835.211
24835.4
24836.1
24880.5
24972.4
24997.5
25096.8
25241.8
25447.211
25447.4
25448.1
25488.5
25505.4
25508.5
25536.4
25561.5
25570.4
25693.5
25825.8
26032.8
26045.8
26061.8
26080.8
26210.211
26210.4
26211.1
26399.5
26505.8
26508.8
26578.8
26807.8
27066.211
27066.4
27067.1
27104.5
27544.8
27590.8
27609.8
27907.8
27946.8
27987.8
28030.8
28149.4
28150.212
28236.5
28250.2
28750.3
29250.1
29445.4
29788.5
29922.8
29930.8
29936.8
29954.8
29978.8
29986.8
30377.211
30377.4
30378.1
30557.5
30929.8
30967.8
30972.8
31335.8
31434.211
31434.4
31435.1
31521.5
31788.4
31834.5
31950.8
32018.8
32451.211
32451.4
32452.1
32563.5
32673.8
33139.211
33139.4
33140.1
33171.5
33315.8
33328.8
33419.8
33690.8
34027.8
34046.8
34110.4
34111.212
34211.2
34233.5
34711.3
35211.1
35295.4
35560.5
35872.8
35928.8
36238.211
36238.4
36239.1
36280.5
36622.4
36677.5
36821.8
36834.8
37253.211
37253.4
37254.1
37284.5
37442.4
37457.5
37941.8
38173.211
38173.4
38174.1
38212.5
38430.8
38482.8
38544.8
38808.211
38808.4
38809.1
38842.5
39164.8
39340.8
39360.8
39373.8
39479.211
39479.4
39480.1
39507.5
40273.8
40618.8
40736.8
40819.211
40819.4
40820.1
40873.5
41022.8
41670.4
41671.212
41771.2
42012.5
42271.3
42582.8
42771.1
42873.8
42981.211
42981.4
42982.1
43008.5
43416.4
43486.5
43557.8
43565.8
43597.8
43975.211
43975.4
43976.1
44029.5
44121.8
44160.8
44443.8
44601.211
44601.4
44602.1
44636.5
44955.8
45090.8
45279.8
45287.8
45368.211
45368.4
45369.1
45404.5
46280.4
46338.5
46437.8
46537.8
46772.211
46772.4
46773.1
46849.5
46924.8
47094.8
47523.211
47523.4
47524.1
47618.5
47718.8
47832.8
48048.8
48082.8
48261.211
48261.4
48262.1
48297.5
48543.4
48561.5
49178.8
49479.8
49819.4
49820.212
49913.5
49920.2
50420.3
50920.1
51000.4
51079.5
51313.4
51651.5
52041.4
52078.5
52370.4
52403.5
52683.8
53179.8
53264.211
53264.4
53265.1
53347.5
55489.8
56031.211
56031.4
56032.1
56081.5
56327.4
56498.5
56704.8
57087.211
57087.4
57088.1
57126.5
57740.8
58197.8
58204.8
58328.211
58328.4
58329.1
58369.5
58739.8
59306.211
59306.4
59307.1
59335.5
59948.4
60152.5
60253.8
60267.8
60295.8
60538.8
60819.211
60819.4
60820.1
60857.5
60998.4
60999.5
61001.4
61080.5
61164.8
61177.8
61196.8
61237.8
61255.8
61276.8
61637.8
61848.4
61849.212
61919.5
61949.2
62449.3
62949.1
63044.4
63461.5
63955.8
63998.8
64025.8
64032.8
64225.211
64225.4
64226.1
64314.5
64423.4
64506.5
64698.8
64725.8
65274.211
65274.4
65275.1
65311.5
65528.8
65531.8
65573.8
65903.8
65943.8
65948.8
66012.8
66175.8
66307.4
66308.212
66408.2
66428.5
66908.3
67408.1
69799.4
69944.5
70152.4
70197.5
70233.4
70293.5
70399.8
70517.8
70745.8
70972.211
70972.4
70973.1
71009.5
71180.4
71267.5
71268.4
71381.5
71502.8
71887.211
71887.4
71888.1
71929.5
72060.4
72227.5
72331.8
72509.8
72565.8
72720.211
72720.4
72721.1
72831.5
72942.8
72984.8
73331.8
73341.8
73379.8
73477.211
73477.4
73478.1
73518.5
73712.4
73769.5
73897.8
73905.8
73925.8
74607.8
74811.4
74812.212
74906.5
74912.2
75348.4
75412.3
75602.5
75912.1
76613.4
76649.5
76955.4
76981.5
77096.8
77118.8
77425.8
77439.8
77453.8
77685.211
77685.4
77686.1
77728.5
77874.4
77917.5
78143.8
78155.8
78171.8
78245.8
78680.8
78707.8
78718.8
78835.4
78836.212
78936.2
78971.5
79436.3
79936.1
80124.4
80263.5
81523.8
81616.8
81648.8
81770.211
81770.4
81771.1
82064.5
82254.8
82296.8
82790.211
82790.4
82791.1
82825.5
82851.4
82887.5
83184.8
83487.8
83517.8
83632.211
83632.4
83633.1
83756.5
83805.4
83812.5
83821.4
83967.5
84071.8
84077.8
84245.8
84248.8
84253.8
84282.8
84537.211
84537.4
84538.1
84566.5
84718.8
84726.8
84745.8
84771.8
85376.8
85417.8
85496.4
85497.212
85597.2
85606.5
86097.3
86597.1
91173.4
91305.5
91811.8
91849.8
92115.211
92115.4
92116.1
92149.5
92326.4
92409.5
92853.8
92877.8
93060.8
93213.211
93213.4
93214.1
93251.5
93453.4
93520.5
93807.4
93832.5
93848.4
93874.5
94003.8
94032.8
94089.8
94476.211
94476.4
94477.1
94512.5
94715.8
94741.8
94794.8
95042.8
95049.8
95082.8
95254.8
95288.8
95335.8
95344.8
95453.4
95454.212
95535.5
95554.2
96054.3
96554.1
96841.4
97200.5
99351.4
99436.5
100142.8
100303.8
100634.211
100634.4
100635.1
100667.5
100811.4
100829.5
100958.8
101621.4
101622.212
101722.2
101723.5
102222.3
102722.1
103031.4
103403.5
107064.8
107345.211
107345.4
107346.1
107382.5
108601.8
109286.8
109568.4
109569.212
109637.5
109669.2
110169.3
110669.1
110893.4
111339.5
111563.4
111883.5
112236.4
112635.5
112660.4
113080.5
113796.4
114015.5
114814.4
114969.5
115687.8
116317.8
116446.4
116447.212
116535.5
116547.2
117047.3
117547.1
117645.4
118207.5
119426.8
119558.8
119589.8
119901.211
119901.4
119902.1
120404.5
120884.8
120889.8
120911.8
121305.8
121422.211
121422.4
121423.1
121463.5
121767.4
121842.5
121853.4
121930.5
122096.8
122121.8
122922.4
122923.212
123000.5
123023.2
123523.3
124023.1
124122.4
124338.5
125340.4
125499.5
126390.8
126715.8
126916.211
126916.4
126917.1
126957.5
127383.4
127454.5
127560.8
127581.8
128184.4
128185.212
128285.2
128304.5
128785.3
129026.4
129278.5
129285.1
129532.8
130108.211
130108.4
130109.1
130145.5
130381.8
130418.8
131110.4
131111.212
131189.5
131211.2
131707.4
131709.5
131711.3
131712.4
131761.5
132081.4
132211.1
132334.5
134837.8
135277.8
135483.4
135484.212
135558.5
135584.2
136084.3
136584.1
136852.4
137048.5
138813.8
139056.211
139056.4
139057.1
139094.5
139257.8
139318.8
139398.8
139817.8
139943.4
139944.212
140044.2
140047.5
140544.3
141044.1
142231.4
142341.5
143065.8
143293.8
143358.211
143358.4
143359.1
143400.5
144284.8
144697.8
144944.4
144945.212
145030.5
145045.2
145545.3
146045.1
147239.4
147241.5
147243.4
147457.5
147662.8
147916.8
147920.8
148023.8
148224.211
148224.4
148225.1
148255.5
148513.8
148907.8
149016.8
149100.211
149100.4
149101.1
149133.5
149496.8
150062.8
150155.4
150156.212
150252.5
150256.2
150756.3
151256.1
151354.4
151937.5
152604.4
152630.5
152744.8
153155.8
153255.211
153255.4
153256.1
153292.5
153814.8
153931.8
154110.8
154129.8
154160.8
154361.211
154361.4
154362.1
154395.5
154811.8
155713.4
155714.212
155814.2
155818.5
156314.3
156814.1
158922.4
158953.5
159753.4
159778.5
160325.8
161110.8
161126.8
161246.8
161453.8
161480.8
161547.4
161548.212
161638.5
161648.2
162148.3
162648.1
162879.4
162956.5
163081.4
163219.5
163227.4
163232.5
163306.4
163431.5
164236.8
164241.8
164254.8
164422.8
164586.211
164586.4
164587.1
164634.5
166719.8
166923.8
167061.8
167146.211
167146.4
167147.1
167176.5
167603.8
167785.8
168074.211
168074.4
168075.1
168110.5
169802.8
170155.211
170155.4
170156.1
170204.5
170274.8
170310.8
170387.8
170760.8
170800.8
170884.4
170885.212
170972.5
170985.2
171485.3
171985.1
172326.4
172411.5
173572.8
173988.211
173988.4
173989.1
174016.5
175609.8
175881.8
175890.8
176090.8
176102.8
176208.211
176208.4
176209.1
176242.5
176705.4
176712.5
177417.8
177782.8
177830.8
177906.211
177906.4
177907.1
177938.5
178247.8
178262.8
178574.211
178574.4
178575.1
180000.9
123456789
12
06
15
12
06
15
10
FI
2
2
10
45
00
11
18
01
6
2
999
0
0
0
314159265
29
355
190
180000
314159265
0.1
579.8
581.8
596.8
605.8
813.8
905.211
905.4
906.1
998.5
1052.8
1120.8
1653.4
1654.212
1748.5
1754.2
2254.3
2438.4
2616.5
2741.8
2754.1
3094.4
3341.5
3455.8
4369.4
4370.212
4470.2
4474.5
4970.3
5384.4
5470.1
5708.5
6079.8
6085.8
6246.8
6258.8
6467.211
6467.4
6468.1
6784.5
6792.4
6863.5
6939.8
6967.8
7008.8
7021.8
7425.211
7425.4
7426.1
7619.5
8046.4
8084.5
8114.4
8138.5
8233.8
8437.8
8447.8
8465.8
8520.8
8542.8
8644.211
8644.4
8645.1
8677.5
8717.4
8839.5
8976.8
8993.8
9013.8
9074.8
9389.8
9407.8
9623.4
9624.212
9722.5
9724.2
10224.3
10606.4
10724.1
10953.5
10958.4
10960.5
11908.4
12036.5
12196.8
12502.8
12514.8
12527.8
12643.211
12643.4
12644.1
12674.5
12915.4
12937.5
13062.8
13375.8
13582.8
13593.8
13605.8
13676.4
13677.212
13777.2
13784.5
14277.3
14520.4
14698.5
14777.1
14945.8
14977.8
15361.211
15361.4
15362.1
15434.5
15435.4
15436.5
15520.4
15675.5
15797.8
15844.8
16147.211
16147.4
16148.1
16173.5
16228.4
16376.5
16451.8
16487.8
16741.8
16765.8
16929.211
16929.4
16930.1
16962.5
16992.4
17176.5
17246.8
17283.8
17338.8
17595.8
17626.8
17737.211
17737.4
17738.1
17775.5
17880.8
17902.8
17919.8
17929.8
18231.8
18368.8
18373.8
18442.211
18442.4
18443.1
18476.5
18572.4
18600.5
18718.8
18949.8
18976.8
19097.211
19097.4
19098.1
19125.5
19157.4
19473.5
19577.4
19609.5
19678.8
19725.8
19736.8
19802.8
20014.8
20048.8
20088.8
20093.8
20194.8
20210.8
20252.8
20270.8
20367.4
20368.212
20447.5
20468.2
20968.3
21298.4
21468.1
21682.5
21835.8
21868.8
22210.8
22227.8
22391.211
22391.4
22392.1
22760.5
22920.4
23031.5
23125.8
23159.8
23212.8
23559.211
23559.4
23560.1
23590.5
23606.4
23675.5
23998.8
24145.8
24160.8
24254.211
24254.4
24255.1
24293.5
24522.4
24554.5
24609.8
24644.8
24656.8
24944.211
24944.4
24945.1
24966.5
25210.4
25303.5
25382.8
25405.8
25588.8
25595.8
25617.8
25768.211
25768.4
25769.1
25793.5
26126.8
26138.8
26466.211
26466.4
26467.1
26512.5
26594.8
26628.8
26699.8
27006.8
27033.8
27048.8
27117.211
27117.4
27118.1
27153.5
27245.4
27292.5
27366.8
27599.8
27789.8
27809.8
27830.8
27841.8
28020.4
28021.212
28102.5
28121.2
28621.3
28730.4
28828.5
29121.1
29273.4
29533.5
29609.4
29884.5
30761.8
31246.211
31246.4
31247.1
31292.5
31436.4
31570.5
31642.8
31643.8
31702.8
32075.8
32249.4
32250.212
32350.2
32360.5
32850.3
33350.1
33431.4
33789.5
33946.8
34371.211
34371.4
34372.1
34582.5
34587.4
34631.5
34697.8
34721.8
34761.8
34770.8
34778.8
35119.211
35119.4
35120.1
35155.5
35307.8
35848.211
35848.4
35849.1
35881.5
35892.4
35904.5
35921.4
35929.5
35959.4
36216.5
36299.8
36314.8
36319.8
36395.8
36630.8
36807.8
36816.8
36832.8
36891.211
36891.4
36892.1
36925.5
37134.4
37155.5
37496.4
37519.5
37594.8
37607.8
37610.8
37647.8
37916.8
37928.8
37963.8
37965.8
38114.211
38114.4
38115.1
38141.5
38288.4
38306.5
38403.8
38425.8
38430.8
38447.8
38543.8
38816.211
38816.4
38817.1
39107.5
39243.8
39267.8
39290.8
39500.8
39510.8
39540.8
39811.8
39865.4
39866.212
39966.2
39973.5
40327.4
40392.5
40466.3
40966.1
41087.4
41168.5
42956.8
43007.8
43133.211
43133.4
43134.1
43221.5
43312.8
43602.8
43713.211
43713.4
43714.1
43749.5
43843.8
44697.8
44799.8
44824.8
45017.4
45018.212
45096.5
45118.2
45483.4
45577.5
45618.3
45638.4
45961.5
46062.4
46118.1
46274.5
46369.8
46434.8
46546.8
46895.8
46988.4
46989.212
47068.5
47089.2
47589.3
48089.1
48098.4
48430.5
48916.8
49371.211
49371.4
49372.1
49662.5
49816.8
49853.8
50370.211
50370.4
50371.1
50409.5
50979.8
51258.8
51277.8
51467.211
51467.4
51468.1
51667.5
51752.8
52155.8
52164.8
52341.211
52341.4
52342.1
52373.5
52437.4
52555.5
52690.8
53067.8
53119.8
53336.8
53353.8
53373.8
53454.4
53455.212
53533.5
53555.2
54055.3
54555.1
54568.4
55187.5
56067.8
56228.8
56250.8
56439.211
56439.4
56440.1
56477.5
57669.4
57789.5
57919.8
58227.8
58237.8
58420.211
58420.4
58421.1
58455.5
58702.8
59138.211
59138.4
59139.1
59179.5
59286.8
59313.8
59349.8
59897.4
59898.212
59975.5
59998.2
60498.3
60998.1
61166.4
61308.5
61583.4
61817.5
63311.4
63440.5
63654.8
64207.8
64293.4
64294.212
64376.5
64394.2
64894.3
65394.1
65417.4
65779.5
65917.4
66063.5
66441.8
66463.8
66723.8
66735.8
66741.8
66900.211
66900.4
66901.1
67007.5
67179.8
67708.211
67708.4
67709.1
67869.5
68108.8
68396.8
68407.8
68472.8
68671.211
68671.4
68672.1
68781.5
69065.4
69082.5
69238.8
69254.8
69265.8
69704.211
69704.4
69705.1
69738.5
69815.4
69840.5
69983.8
70054.8
70259.8
70272.8
70292.8
70432.8
70591.4
70592.212
70678.5
70692.2
71192.3
71692.1
72058.4
72180.5
72561.8
72615.8
73012.8
73107.8
73192.4
73193.212
73293.2
73293.5
73793.3
74293.1
74517.4
74858.5
76258.4
76622.5
76675.4
76759.5
77014.8
77446.8
77582.211
77582.4
77583.1
77656.5
77797.4
77913.5
78462.8
78497.8
78610.8
78612.8
78703.211
78703.4
78704.1
78760.5
78765.4
78982.5
79098.4
79117.5
79211.8
79246.8
79610.8
79645.8
79652.8
79674.8
79687.8
79691.8
79833.4
79834.212
79912.5
79934.2
80434.3
80934.1
80937.4
81011.5
81118.4
81502.5
81874.8
82417.211
82417.4
82418.1
82967.5
83129.8
83146.8
83152.8
83412.8
83448.8
83452.8
83531.8
83630.211
83630.4
83631.1
83671.5
83776.4
83802.5
83997.8
84041.8
84078.8
84256.8
84359.211
84359.4
84360.1
84659.5
84786.8
84802.8
85066.8
85099.8
85199.8
85251.8
85274.8
85409.4
85410.212
85481.5
85510.2
85949.4
86010.3
86038.5
86137.4
86282.5
86510.1
86513.4
86790.5
87474.8
87505.8
87651.211
87651.4
87652.1
87839.5
88001.8
88431.8
88532.211
88532.4
88533.1
88865.5
88974.8
88990.8
89357.8
89529.211
89529.4
89530.1
89565.5
89913.8
89915.8
90068.8
90239.8
90411.8
90506.211
90506.4
90507.1
90553.5
91100.8
91441.8
91485.8
91617.8
91722.4
91723.212
91804.5
91823.2
92137.4
92141.5
92144.4
92208.5
92273.4
92323.3
92388.5
92766.8
92823.1
93094.8
93268.211
93268.4
93269.1
93311.5
93471.8
93544.8
94109.4
94110.212
94187.5
94210.2
94710.3
95210.1
95265.4
95541.5
97704.8
97914.211
97914.4
97915.1
98272.5
98366.8
98398.8
98912.211
98912.4
98913.1
99045.5
99251.8
99488.8
99496.8
99675.8
99687.8
99771.211
99771.4
99772.1
99820.5
99939.4
99966.5
100058.8
100250.8
100274.8
100686.4
100687.212
100762.5
100787.2
101287.3
101787.1
102057.4
102530.5
104763.8
105004.8
105155.211
105155.4
105156.1
105189.5
105623.8
106061.211
106061.4
106062.1
106093.5
106182.8
106192.8
106227.8
106263.8
106691.211
106691.4
106692.1
106734.5
107041.8
107067.8
107279.8
107485.8
107617.211
107617.4
107618.1
107925.5
108008.8
108027.8
108367.211
108367.4
108368.1
108408.5
108899.8
109230.8
109332.8
109471.8
109604.4
109605.212
109705.2
109723.5
110205.3
110705.1
111908.8
112264.211
112264.4
112265.1
112294.5
112483.8
112509.8
112588.8
113071.8
113080.8
113403.4
113404.212
113502.5
113504.2
114004.3
114504.1
115612.8
115724.8
115878.8
115913.8
116077.211
116077.4
116078.1
116111.5
116191.8
116690.8
116821.8
116859.8
116930.4
116931.212
117012.5
117031.2
117531.3
118031.1
118219.4
118574.5
119337.8
119344.8
119349.8
119781.8
119983.8
120063.4
120064.212
120148.5
120164.2
120603.4
120658.5
120664.3
120739.4
120808.5
121127.4
121164.1
121560.5
123652.8
124138.211
124138.4
124139.1
124173.5
124701.4
124722.5
127122.8
127370.8
127500.211
127500.4
127501.1
127658.5
129435.4
129465.5
130502.8
130885.8
131028.211
131028.4
131029.1
131071.5
131421.8
131423.8
131602.8
131704.211
131704.4
131705.1
131754.5
132717.8
132847.8
132888.8
133072.8
133139.211
133139.4
133140.1
133188.5
133724.8
134011.8
134313.8
134446.4
134447.212
134530.5
134547.2
134779.4
134971.5
135047.3
135547.1
135620.8
135750.211
135750.4
135751.1
135770.5
135944.8
136207.8
136329.211
136329.4
136330.1
136355.5
138215.4
138220.5
138221.4
138236.5
143554.8
143737.8
143884.211
143884.4
143885.1
143915.5
144341.8
144351.8
144668.8
144789.211
144789.4
144790.1
144815.5
148076.8
148335.8
148614.8
148708.4
148709.212
148803.5
148809.2
149309.3
149681.4
149806.5
149809.1
152169.8
152312.8
152344.8
152440.8
152525.211
152525.4
152526.1
152556.5
153878.8
154124.8
154299.211
154299.4
154300.1
154394.5
157615.8
158619.8
158727.8
158772.8
158885.4
158886.212
158980.5
158986.2
159486.3
159900.4
159904.5
159909.4
159986.1
160176.5
162091.8
162099.8
162335.211
162335.4
162336.1
162377.5
164898.4
164926.5
166201.8
166217.8
166444.8
166539.8
166630.211
166630.4
166631.1
166758.5
170115.8
170361.8
170638.8
170788.4
170789.212
170889.2
170927.5
171184.4
171382.5
171389.3
171822.4
171889.1
172066.5
173813.4
173845.5
173980.8
174355.211
174355.4
174356.1
174524.5
177236.8
177671.211
177671.4
177672.1
177696.5
178240.8
179088.4
179089.212
179169.5
179189.2
180000.9
123456789
12
07
15
12
07
15
10
FI
2
2
10
45
01
11
18
01
6
2
1128
0
0
0
314159265
32
415
205
180000
314159265
0.1
717.4
881.5
934.8
1340.211
1340.4
1341.1
1450.5
1566.8
1606.8
1782.8
1794.8
1807.8
2003.211
2003.4
2004.1
2131.5
2218.8
2560.8
2675.211
2675.4
2676.1
2698.5
2798.8
2982.8
3024.8
3036.8
3061.8
3494.4
3495.212
3572.5
3595.2
4095.3
4595.1
4686.4
4991.5
5093.8
5448.211
5448.4
5449.1
5850.5
5957.4
6047.5
6128.4
6252.5
6312.8
6314.8
6362.8
6646.8
6676.8
6887.211
6887.4
6888.1
7092.5
7185.8
7200.8
7252.8
7616.211
7616.4
7617.1
7648.5
7762.4
7791.5
7855.8
8393.8
8429.8
8446.8
8454.8
8520.4
8521.212
8595.5
8621.2
9121.3
9621.1
9637.4
10048.5
10685.4
10870.5
11572.4
11727.5
11801.8
11865.8
12089.8
12096.8
12126.8
12138.8
12155.8
12195.8
12356.211
12356.4
12357.1
12469.5
12567.8
12610.8
12790.8
13017.211
13017.4
13018.1
13049.5
13273.8
13464.8
13727.8
13824.8
13995.4
13996.212
14078.5
14096.2
14194.4
14481.5
14596.3
14598.4
14599.5
14600.4
15096.1
15333.5
15492.8
15508.8
15719.8
15735.8
15846.211
15846.4
15847.1
16202.5
16294.8
16315.8
16584.8
16813.8
16893.211
16893.4
16894.1
17218.5
17370.8
17388.8
17549.8
17563.8
17583.8
17757.211
17757.4
17758.1
17791.5
17870.4
17932.5
18050.8
18068.8
18105.8
18117.8
18460.8
18480.8
18542.211
18542.4
18543.1
18644.5
18769.8
18776.8
18795.8
19330.211
19330.4
19331.1
19447.5
19565.8
19569.8
19791.8
19805.8
19965.8
19982.8
20000.8
20029.8
20034.8
20077.8
20198.8
20310.8
20458.8
20557.4
20558.212
20643.5
20658.2
21158.3
21522.4
21658.1
22421.5
22648.4
23080.5
23247.4
23434.5
23858.8
23945.8
24201.8
24208.8
24332.211
24332.4
24333.1
24378.5
24379.4
24414.5
25369.4
25830.5
25942.8
25947.8
26547.4
26548.212
26648.2
26698.5
27148.3
27648.1
27853.4
28274.5
29255.4
29504.5
29748.8
29752.8
29757.8
29761.8
30238.211
30238.4
30239.1
30363.5
31495.4
31710.5
31845.8
32059.8
32222.8
32365.211
32365.4
32366.1
32504.5
32605.4
32738.5
32809.8
32832.8
32979.8
33002.8
33161.211
33161.4
33162.1
33282.5
33399.8
33746.8
33768.8
33782.8
33817.8
33968.211
33968.4
33969.1
34097.5
34187.8
34500.8
34733.8
34770.8
34793.8
34855.4
34856.212
34956.2
34974.5
35456.3
35956.1
36048.4
36335.5
37427.4
37662.5
37860.4
38023.5
38129.8
38142.8
38809.8
38870.4
38871.212
38969.5
38971.2
39471.3
39971.1
40207.4
40510.5
40518.4
40724.5
40865.4
41001.5
41353.8
42073.4
42074.212
42150.5
42174.2
42674.3
43174.1
43202.4
43311.5
44082.8
44315.8
44342.8
44484.211
44484.4
44485.1
44587.5
44809.8
44829.8
45076.8
45234.211
45234.4
45235.1
45330.5
45481.8
45536.8
45772.8
45783.8
46023.211
46023.4
46024.1
46101.5
46445.8
46793.8
46902.8
46995.211
46995.4
46996.1
47170.5
47454.4
47481.5
47540.8
47662.8
47666.8
47782.8
47801.8
47815.8
47819.8
47957.8
48007.8
48022.8
48133.211
48133.4
48134.1
48170.5
48266.8
48908.4
48909.212
48984.5
49009.2
49509.3
50009.1
50170.4
50460.5
50635.4
50639.5
50646.4
50739.5
51025.8
51076.8
51548.211
51548.4
51549.1
51676.5
51916.8
52277.8
52556.8
52637.4
52638.212
52716.5
52738.2
53238.3
53738.1
53755.4
54028.5
54342.8
54371.8
54418.8
54700.8
54800.211
54800.4
54801.1
54978.5
55160.8
55418.8
55461.8
55664.8
55731.211
55731.4
55732.1
55854.5
55962.8
56293.8
56476.211
56476.4
56477.1
56540.5
56697.8
57044.8
57319.4
57320.212
57420.2
57542.5
57920.3
57971.4
57973.5
57978.4
58420.1
58755.5
59133.4
59365.5
59710.8
59723.8
59728.8
60046.8
60072.8
60230.8
60345.4
60346.212
60446.2
60468.5
60946.3
61446.1
63218.8
63461.211
63461.4
63462.1
63784.5
63856.8
63929.8
64241.8
64324.211
64324.4
64325.1
64595.5
64820.8
64837.8
65106.211
65106.4
65107.1
65195.5
65612.8
65861.8
65885.8
65958.211
65958.4
65959.1
66080.5
66264.8
66274.8
66293.8
66350.8
66373.8
66375.8
66379.8
66551.8
66575.8
66815.211
66815.4
66816.1
66856.5
66938.4
67065.5
67143.8
67157.8
67172.8
67202.8
67403.8
67439.8
67687.211
67687.4
67688.1
67727.5
67932.8
68049.8
68093.8
68131.8
68390.8
68417.8
68429.8
68463.8
68664.4
68665.212
68749.5
68765.2
69265.3
69765.1
70078.4
70260.5
70490.8
70514.8
70878.8
70977.211
70977.4
70978.1
71014.5
71347.4
71464.5
71554.8
71785.211
71785.4
71786.1
71819.5
71847.4
71948.5
72100.8
72125.8
72380.8
72404.8
72430.8
72436.8
72622.8
72718.4
72719.212
72814.5
72819.2
73319.3
73819.1
73983.4
74340.5
74567.8
74598.8
74643.8
75072.211
75072.4
75073.1
75152.5
75227.4
75228.5
75230.4
75520.5
75538.4
75574.5
75735.8
75766.8
75877.8
76195.211
76195.4
76196.1
76241.5
76329.8
76374.8
76393.8
76624.8
76634.8
76833.8
76903.211
76903.4
76904.1
76958.5
77540.8
77738.8
77767.8
77848.211
77848.4
77849.1
77887.5
78037.8
78102.8
78383.211
78383.4
78384.1
78416.5
78482.8
78760.8
78904.8
79101.4
79102.212
79183.5
79202.2
79702.3
80202.1
80461.4
80933.5
81439.8
81471.8
81476.8
81630.211
81630.4
81631.1
81666.5
81813.8
81829.8
82142.8
82147.8
82225.211
82225.4
82226.1
82396.5
82598.4
82636.5
82724.8
82753.8
82801.8
83076.8
83196.8
83353.4
83354.212
83437.5
83454.2
83930.4
83954.3
84060.5
84308.4
84454.1
84568.5
84993.8
85073.8
85299.211
85299.4
85300.1
85337.5
85427.4
85545.5
85649.8
85664.8
85718.8
85973.8
85983.8
86052.211
86052.4
86053.1
86105.5
86232.8
86235.8
86263.8
86341.8
86347.8
86578.8
86775.8
86850.4
86851.212
86951.2
86955.5
87451.3
87951.1
87964.4
88594.5
88799.4
88957.5
89257.8
89306.8
89556.8
89826.211
89826.4
89827.1
89884.5
90233.8
90454.211
90454.4
90455.1
90530.5
90619.8
90952.8
91219.8
91342.4
91343.212
91443.2
91445.5
91943.3
92443.1
92706.4
93045.5
93270.8
93312.8
93646.8
93827.211
93827.4
93828.1
94161.5
94263.4
94321.5
94405.8
94419.8
94453.8
94998.211
94998.4
94999.1
95071.5
95157.8
95166.8
95208.8
95249.8
95671.8
95694.8
95768.4
95769.212
95857.5
95869.2
96067.4
96130.5
96279.4
96369.3
96678.5
96865.4
96869.1
96885.5
97071.8
97157.8
97455.211
97455.4
97456.1
97481.5
97547.8
97600.8
97675.8
97931.8
98074.8
98091.8
98224.4
98225.212
98313.5
98325.2
98825.3
99325.1
99576.4
99815.5
102162.4
102191.5
102705.4
102740.5
102810.4
102861.5
102960.8
102970.8
103347.211
103347.4
103348.1
103406.5
103541.8
103692.8
104112.211
104112.4
104113.1
104144.5
104300.8
104571.8
104581.8
104685.211
104685.4
104686.1
104723.5
104856.8
105200.8
105231.8
105463.4
105464.212
105553.5
105564.2
106064.3
106064.4
106450.5
106564.1
107023.8
107391.8
107572.211
107572.4
107573.1
107609.5
107727.8
108037.8
108177.211
108177.4
108178.1
108226.5
108837.8
109007.211
109007.4
109008.1
109042.5
109173.8
109461.8
109645.211
109645.4
109646.1
109674.5
109932.4
109965.5
110045.8
110059.8
110068.8
110105.8
110124.8
110521.8
110635.211
110635.4
110636.1
110872.5
110996.8
111300.8
111332.8
111549.8
111556.8
111610.4
111611.212
111693.5
111711.2
112211.3
112711.1
112807.4
113159.5
113638.8
114021.211
114021.4
114022.1
114169.5
114335.8
114437.8
114860.211
114860.4
114861.1
114978.5
115196.8
115426.8
115463.8
115470.8
115595.211
115595.4
115596.1
115634.5
115773.8
116236.211
116236.4
116237.1
116287.5
116438.8
116620.8
116662.8
116675.8
116904.211
116904.4
116905.1
116950.5
117034.8
117126.8
117336.8
117454.8
117560.211
117560.4
117561.1
117593.5
117918.8
118048.8
118124.211
118124.4
118125.1
118150.5
118670.4
118729.5
119493.8
119516.8
119644.8
119770.8
120023.211
120023.4
120024.1
120058.5
120199.8
120202.8
120256.8
120280.8
120518.8
120562.8
120858.8
120898.8
120958.4
120959.212
121059.2
121124.5
121559.3
122059.1
122103.4
122347.5
124512.8
125039.211
125039.4
125040.1
125392.5
125497.8
125757.8
125885.8
126081.211
126081.4
126082.1
126219.5
126383.8
126467.8
126781.8
126891.8
127166.8
127277.4
127278.212
127358.5
127378.2
127878.3
128378.1
128519.4
128640.5
128791.4
128979.5
131783.4
131887.5
132027.8
132186.8
132210.8
132216.8
132506.8
132638.4
132639.212
132714.5
132739.2
133239.3
133739.1
133923.4
134015.5
134197.4
134417.5
134649.4
134711.5
138260.8
138595.211
138595.4
138596.1
139036.5
139213.8
139504.8
139731.8
139735.8
139777.8
139893.4
139894.212
139964.5
139994.2
140494.3
140994.1
141228.4
141641.5
141896.8
141986.8
142246.8
142498.8
142643.4
142644.212
142737.5
142744.2
143244.3
143744.1
143894.4
144261.5
144504.8
144956.8
145133.8
145275.4
145276.212
145376.2
145378.5
145550.4
145615.5
145876.3
146285.4
146287.5
146291.4
146376.1
146567.5
146833.8
147233.211
147233.4
147234.1
147598.5
147733.8
147883.8
148036.8
148089.8
148206.211
148206.4
148207.1
148345.5
148484.8
148543.8
148634.8
148917.8
148981.211
148981.4
148982.1
149114.5
149301.8
149311.8
149435.8
149742.8
149764.8
149840.211
149840.4
149841.1
149961.5
150081.8
150485.8
150592.211
150592.4
150593.1
150633.5
150981.4
151008.5
151116.8
151162.8
151370.8
151584.8
151612.8
151704.211
151704.4
151705.1
151807.5
152049.4
152096.5
152181.8
152184.8
152201.8
152536.8
152663.211
152663.4
152664.1
152695.5
152953.8
153447.8
153461.8
153641.4
153642.212
153736.5
153742.2
154242.3
154742.1
154820.4
154968.5
155052.4
155313.5
158396.8
158877.211
158877.4
158878.1
158903.5
159046.8
159074.8
159513.211
159513.4
159514.1
159553.5
159564.4
159645.5
159807.8
160534.4
160535.212
160623.5
160635.2
161135.3
161184.4
161567.5
161635.1
161960.4
162056.5
162625.8
162816.8
162914.8
162966.8
163083.211
163083.4
163084.1
163132.5
163288.8
163602.8
163958.4
163959.212
164032.5
164059.2
164559.3
165059.1
165622.4
165933.5
166446.8
166528.8
166781.8
166903.8
167014.211
167014.4
167015.1
167154.5
167336.8
167357.8
167745.8
167907.211
167907.4
167908.1
167940.5
168077.8
168313.8
168651.8
168758.4
168759.212
168859.2
168877.5
169359.3
169859.1
170346.4
170348.5
170350.4
170609.5
172291.8
172451.8
172646.211
172646.4
172647.1
172704.5
172858.8
172874.8
172948.8
173294.211
173294.4
173295.1
173326.5
173543.8
173990.8
174076.211
174076.4
174077.1
174124.5
174472.8
174998.211
174998.4
174999.1
175030.5
175531.8
175908.8
176036.211
176036.4
176037.1
176093.5
177836.4
177866.5
178446.8
178728.211
178728.4
178729.1
180000.9
123456789
12
08
15
12
08
15
10
FI
2
2
10
47
01
11
20
01
6
2
955
0
0
0
314159265
26
328
180
180000
314159265
0.1
485.8
501.8
597.8
799.8
808.8
894.211
894.4
895.1
991.5
1055.8
1311.8
1597.211
1597.4
1598.1
1737.5
1882.8
2056.8
2082.8
2272.8
2401.8
2427.8
2575.4
2576.212
2676.2
2696.5
3176.3
3621.4
3676.1
4150.5
4581.8
4618.8
4714.8
4730.8
4877.8
5020.211
5020.4
5021.1
5201.5
5770.4
6137.5
6228.8
6244.8
6559.8
6754.211
6754.4
6755.1
6789.5
6966.8
6992.8
7489.8
7793.4
7794.212
7877.5
7894.2
8059.4
8063.5
8064.4
8211.5
8394.3
8894.1
9029.4
9553.5
9727.4
9787.5
10195.8
10229.8
10592.211
10592.4
10593.1
10745.5
10946.8
10959.8
11247.8
11259.8
11261.8
11270.8
11413.211
11413.4
11414.1
11569.5
11659.8
11684.8
11981.8
12064.8
12079.8
12082.8
12104.8
12137.8
12352.4
12353.212
12449.5
12453.2
12953.3
13155.4
13271.5
13360.4
13453.1
13896.5
13955.4
14129.5
14451.8
14455.8
14468.8
14664.8
14679.8
14925.211
14925.4
14926.1
15101.5
15301.8
15309.8
15650.211
15650.4
15651.1
15718.5
15935.8
15944.8
15988.8
16202.8
16397.8
16554.4
16555.212
16641.5
16655.2
17155.3
17579.4
17655.1
17823.5
18095.8
18348.8
18381.8
18666.8
18742.4
18743.212
18835.5
18843.2
19343.3
19843.1
19914.4
20365.5
20600.4
20745.5
21380.8
21385.8
21394.8
21588.8
21598.8
21825.211
21825.4
21826.1
22030.5
22594.8
22604.8
22798.211
22798.4
22799.1
23000.5
23110.8
23130.8
23566.8
23571.8
23579.8
23681.211
23681.4
23682.1
23842.5
23988.8
23996.8
24325.8
24482.211
24482.4
24483.1
24619.5
25193.4
25224.5
25311.8
25325.8
25361.8
25922.4
25923.212
26011.5
26023.2
26523.3
27023.1
27078.4
27272.5
27461.8
27676.8
27847.211
27847.4
27848.1
27897.5
28093.4
28213.5
28308.8
28319.8
28608.8
28617.8
28638.8
28648.8
28872.211
28872.4
28873.1
28905.5
29223.8
29590.8
29709.211
29709.4
29710.1
29751.5
29871.4
29904.5
30018.8
30194.8
30221.8
30245.8
30440.8
30531.211
30531.4
30532.1
30564.5
30763.8
31115.8
31122.8
31201.211
31201.4
31202.1
31233.5
31361.8
31368.8
31621.8
31833.8
31848.8
31977.8
31986.8
32072.4
32073.212
32158.5
32173.2
32673.3
33045.4
33173.1
33279.5
33736.8
34019.211
34019.4
34020.1
34055.5
34242.8
34263.8
34508.8
34770.8
34943.4
34944.212
35044.2
35073.5
35544.3
35832.4
35955.5
36044.1
36201.8
36654.8
36671.8
36778.211
36778.4
36779.1
36839.5
38204.4
38294.5
38360.8
38561.8
38809.211
38809.4
38810.1
38841.5
39252.8
39343.8
39558.211
39558.4
39559.1
39599.5
40590.8
40828.8
40862.8
41069.211
41069.4
41070.1
41292.5
41432.4
41507.5
41594.8
41787.8
41962.8
42077.211
42077.4
42078.1
42108.5
45064.4
45146.5
45234.8
45242.8
45249.8
45254.8
45497.8
45663.8
45677.8
45978.8
45989.8
46101.4
46102.212
46181.5
46202.2
46702.3
47202.1
47509.4
47792.5
48078.8
48115.8
48316.8
48343.8
48660.211
48660.4
48661.1
49156.5
49338.8
49367.8
49738.8
49992.4
49993.212
50093.2
50116.5
50455.4
50593.3
50643.5
50892.8
51093.1
51328.4
51591.5
51726.8
51734.8
51751.8
52017.8
52236.211
52236.4
52237.1
52267.5
52296.4
52333.5
52578.4
52591.5
52841.8
52849.8
52853.8
53014.8
53461.8
53547.4
53548.212
53628.5
53648.2
53890.4
53936.5
54148.3
54333.4
54609.5
54648.1
54971.8
54974.8
55294.8
55582.4
55583.212
55674.5
55683.2
56183.3
56683.1
56905.4
57330.5
57599.8
57618.8
57684.8
58228.4
58229.212
58329.2
58382.5
58829.3
59329.1
59406.4
60179.5
60298.4
60299.5
60300.4
60746.5
62273.8
62500.211
62500.4
62501.1
63045.5
63174.8
63209.8
63459.211
63459.4
63460.1
63663.5
63684.4
63731.5
63875.8
64517.4
64518.212
64600.5
64618.2
65118.3
65557.4
65618.1
65686.5
65768.4
66337.5
66845.8
67141.8
67367.211
67367.4
67368.1
67677.5
67843.8
67862.8
68079.8
68281.211
68281.4
68282.1
68327.5
68467.4
68536.5
68700.8
69091.211
69091.4
69092.1
69250.5
69403.8
69579.8
69654.211
69654.4
69655.1
69704.5
69821.8
70054.8
70209.211
70209.4
70210.1
70239.5
70347.8
70852.8
71029.4
71030.212
71130.2
71166.5
71337.4
71399.5
71630.3
71875.4
72130.1
72177.5
73229.8
73233.8
73675.8
73772.211
73772.4
73773.1
73812.5
73948.4
74038.5
74329.8
74357.8
74749.211
74749.4
74750.1
74792.5
74912.4
75029.5
75155.8
75480.8
75565.8
75664.211
75664.4
75665.1
75699.5
75881.4
76111.5
76193.8
76214.8
76246.8
76775.211
76775.4
76776.1
76846.5
77091.4
77205.5
77304.8
77796.211
77796.4
77797.1
77833.5
77836.4
77897.5
78102.8
78481.8
78638.8
78869.4
78870.212
78955.5
78970.2
79470.3
79967.4
79970.1
80280.5
81167.8
81188.8
81532.8
81647.211
81647.4
81648.1
81804.5
82042.8
82045.8
82311.8
82553.211
82553.4
82554.1
82587.5
82593.4
82744.5
82937.8
83217.8
83383.211
83383.4
83384.1
83418.5
83611.8
83876.8
83903.8
84001.8
84102.211
84102.4
84103.1
84145.5
84282.8
84454.8
84657.8
84923.4
84924.212
85017.5
85024.2
85524.3
86024.1
86036.4
86702.5
87405.8
87691.8
87934.211
87934.4
87935.1
87972.5
88201.4
88291.5
90003.8
90439.211
90439.4
90440.1
90476.5
90569.4
90689.5
90796.8
91145.8
91366.211
91366.4
91367.1
91399.5
91598.8
91646.8
91962.8
92122.8
92129.8
92304.4
92305.212
92383.5
92405.2
92905.3
93405.1
93774.4
94034.5
94831.8
95334.211
95334.4
95335.1
95763.5
95879.4
95930.5
95934.4
95955.5
96236.8
96449.211
96449.4
96450.1
96524.5
96709.8
96780.8
97012.8
97053.8
97140.8
97155.8
97250.8
97349.4
97350.212
97424.5
97450.2
97950.3
98353.4
98450.1
99069.5
99464.8
99487.8
99499.8
99503.8
100031.211
100031.4
100032.1
100146.5
100333.8
100355.8
100716.8
100810.211
100810.4
100811.1
100857.5
100977.4
101180.5
101258.8
101266.8
101287.8
101537.8
101757.211
101757.4
101758.1
101801.5
102060.8
102258.8
102523.8
102532.8
102619.211
102619.4
102620.1
102738.5
102944.8
102961.8
103257.8
103566.8
103634.4
103635.212
103728.5
103735.2
104235.3
104735.1
104944.4
105156.5
105415.8
105482.8
106050.4
106051.212
106138.5
106151.2
106217.4
106249.5
106651.3
107151.1
107406.4
107728.5
108110.8
108112.8
108130.8
108142.8
108521.211
108521.4
108522.1
108653.5
108813.8
108821.8
109262.211
109262.4
109263.1
109295.5
109468.8
109760.8
109777.8
109890.211
109890.4
109891.1
109925.5
110040.8
110407.211
110407.4
110408.1
110431.5
111937.8
112261.8
112372.211
112372.4
112373.1
112404.5
112696.8
112987.8
113000.8
113095.8
113103.8
113260.211
113260.4
113261.1
113304.5
113888.8
113902.8
114085.8
114208.211
114208.4
114209.1
114237.5
115778.8
116043.8
116067.8
116163.211
116163.4
116164.1
116198.5
117171.4
117320.5
117402.8
117452.8
117820.211
117820.4
117821.1
117850.5
118147.4
118171.5
118353.8
118690.211
118690.4
118691.1
118721.5
118892.8
119056.8
119280.8
119397.211
119397.4
119398.1
119431.5
119529.8
120053.211
120053.4
120054.1
120084.5
120271.8
120849.211
120849.4
120850.1
120875.5
121078.8
121135.8
121350.8
121497.211
121497.4
121498.1
121522.5
121611.8
121822.211
121822.4
121823.1
121922.5
122145.8
122353.8
122663.211
122663.4
122664.1
122691.5
123021.8
123070.8
123313.8
123321.8
123394.8
123403.8
123420.8
123558.211
123558.4
123559.1
123596.5
124396.4
124513.5
124575.8
125093.211
125093.4
125094.1
125141.5
125669.8
125733.8
125846.8
125973.8
126071.8
126093.8
126109.8
126181.211
126181.4
126182.1
126217.5
126302.8
126357.8
126647.8
126743.8
126883.8
127036.4
127037.212
127126.5
127137.2
127637.3
128137.1
128279.4
128366.5
133637.4
133657.5
134350.8
134452.8
134539.8
134726.8
134743.8
134768.8
134820.8
134935.211
134935.4
134936.1
134969.5
135724.8
136189.8
136301.8
136331.8
136439.8
136711.4
136712.212
136799.5
136812.2
137312.3
137812.1
140287.8
140591.211
140591.4
140592.1
140730.5
141634.8
142177.8
142191.8
142349.4
142350.212
142446.5
142450.2
142950.3
143394.4
143450.1
143591.5
144367.4
144456.5
145493.4
145511.5
147490.4
147507.5
148383.4
148423.5
149105.4
149130.5
149775.4
149790.5
150316.8
150427.211
150427.4
150428.1
150437.5
150810.8
151236.211
151236.4
151237.1
151346.5
152774.4
152798.5
157283.4
157314.5
158724.4
158763.5
163523.8
163747.211
163747.4
163748.1
163773.5
164583.4
164610.5
165144.8
166045.4
166046.212
166128.5
166146.2
166646.3
166899.4
167033.5
167146.1
168832.8
169563.8
169616.4
169617.212
169705.5
169717.2
170217.3
170585.4
170717.1
170964.5
171724.8
171905.8
172137.211
172137.4
172138.1
172182.5
172714.8
173145.211
173145.4
173146.1
173213.5
173957.8
174202.8
174294.211
174294.4
174295.1
174326.5
174804.8
175178.211
175178.4
175179.1
175213.5
178124.8
178143.8
178411.211
178411.4
178412.1
178449.5
178958.8
179522.211
179522.4
179523.1
179553.5
179609.8
179622.8
179624.8
179645.8
180000.9
123456789
12
09
15
12
09
15
10
FI
2
2
10
49
02
11
22
02
6
2
748
0
0
0
314159265
17
258
146
180000
314159265
0.1
992.4
1080.5
1153.8
1511.211
1511.4
1512.1
1605.5
1995.4
2104.5
2262.8
2276.8
2482.8
2526.8
2704.211
2704.4
2705.1
2739.5
2869.4
2950.5
3014.8
3034.8
3252.8
3261.8
3510.211
3510.4
3511.1
3558.5
3689.8
3917.8
3944.8
4113.211
4113.4
4114.1
4221.5
4355.4
4364.5
4442.8
4454.8
4753.8
4923.211
4923.4
4924.1
5069.5
5186.8
5196.8
5251.8
5403.8
5716.211
5716.4
5717.1
5770.5
5874.8
5877.8
5905.8
5914.8
6245.8
6336.211
6336.4
6337.1
6507.5
6707.8
6823.8
6834.8
6852.8
7165.8
7226.211
7226.4
7227.1
7394.5
7522.8
7535.8
7582.8
7589.8
7750.8
7774.8
7951.8
7971.8
8138.8
8181.4
8182.212
8263.5
8282.2
8782.3
8886.4
9273.5
9282.1
9542.4
9708.5
9808.8
9837.8
10092.8
10282.8
10292.8
10470.8
10665.4
10666.212
10757.5
10766.2
11266.3
11578.4
11766.1
12199.5
12292.8
12305.8
12334.8
12579.8
12603.8
12741.211
12741.4
12742.1
12897.5
13067.8
13342.8
13360.8
13382.8
13395.8
13593.211
13593.4
13594.1
13716.5
13832.8
14165.8
14393.211
14393.4
14394.1
14541.5
14847.8
14860.8
14879.8
15120.211
15120.4
15121.1
15227.5
15347.8
15363.8
15398.8
15554.8
15643.211
15643.4
15644.1
15796.5
15876.8
15890.8
15896.8
15920.8
16019.8
16198.8
16355.211
16355.4
16356.1
16394.5
16502.8
16543.8
16766.8
16773.8
16795.8
16910.8
17161.4
17162.212
17262.2
17306.5
17762.3
18113.4
18262.1
18502.5
18815.8
18917.8
19163.211
19163.4
19164.1
19332.5
20230.4
20358.5
20430.8
20440.8
20500.8
20814.211
20814.4
20815.1
20845.5
21077.8
21209.8
21222.8
21341.8
21393.211
21393.4
21394.1
21557.5
21627.8
21670.8
21686.8
21890.8
22170.211
22170.4
22171.1
22240.5
22526.8
22590.8
22731.8
22809.211
22809.4
22810.1
22904.5
23002.8
23169.8
23186.8
23305.8
23443.211
23443.4
23444.1
23475.5
23598.8
23607.8
23631.8
23805.8
23809.8
23941.8
23989.8
24135.211
24135.4
24136.1
24169.5
24990.8
25071.8
25084.8
25228.8
25256.8
25362.211
25362.4
25363.1
25540.5
25597.8
25666.8
26061.8
26086.8
26305.4
26306.212
26397.5
26406.2
26906.3
27290.4
27291.5
27292.4
27406.1
27936.5
28213.8
28234.8
28306.8
28314.8
28575.8
28605.8
28734.8
28998.4
28999.212
29076.5
29099.2
29599.3
29817.4
30099.1
30941.5
31581.8
31637.8
31927.8
31976.8
32249.4
32250.212
32350.2
32356.5
32850.3
33297.4
33350.1
33813.5
34016.8
34031.8
34302.8
34334.8
34343.8
34494.8
34743.4
34744.212
34825.5
34844.2
35344.3
35821.4
35844.1
36235.5
37151.8
37158.8
37169.8
37413.8
37583.211
37583.4
37584.1
37829.5
38035.8
38360.8
38684.8
38761.4
38762.212
38848.5
38862.2
39362.3
39788.4
39862.1
40234.5
41779.8
42210.211
42210.4
42211.1
42320.5
43457.4
43659.5
43810.8
43986.8
44108.211
44108.4
44109.1
44228.5
44233.4
44240.5
44359.8
44375.8
44498.8
44531.8
44789.211
44789.4
44790.1
44841.5
45009.8
45267.8
45515.211
45515.4
45516.1
45568.5
45733.8
45745.8
45762.8
45789.8
45796.8
45933.8
45964.8
46194.8
46205.8
46213.8
46219.8
46290.211
46290.4
46291.1
46503.5
46614.8
46851.8
46852.8
46864.8
47035.8
47203.211
47203.4
47204.1
47237.5
47352.4
47540.5
47603.8
47648.8
47654.8
47934.8
48087.8
48124.8
48156.8
48340.4
48341.212
48441.2
48453.5
48941.3
49325.4
49441.1
50065.5
50449.8
50505.8
50778.8
50792.8
50797.8
50862.8
50877.8
50888.8
51087.4
51088.212
51188.2
51200.5
51688.3
52188.1
52262.4
52550.5
53767.8
54112.211
54112.4
54113.1
54165.5
54389.4
54632.5
54719.8
54761.8
54812.8
55299.211
55299.4
55300.1
55342.5
55499.4
55615.5
55736.8
55783.8
56053.8
56199.8
56383.4
56384.212
56484.2
56499.5
56984.3
57484.1
57553.4
57776.5
58227.8
58278.8
58624.8
58922.4
58923.212
59023.2
59027.5
59523.3
60023.1
61488.4
61629.5
61838.8
62002.8
62039.8
62306.211
62306.4
62307.1
62423.5
64884.4
64958.5
65056.8
65428.8
65645.211
65645.4
65646.1
65699.5
67050.8
67251.8
67361.8
67500.211
67500.4
67501.1
67528.5
67642.8
67646.8
67661.8
67725.8
67741.8
68109.8
68270.4
68271.212
68346.5
68371.2
68871.3
69371.1
70370.4
70539.5
70719.8
71159.8
71323.4
71324.212
71393.5
71424.2
71924.3
72323.4
72424.1
72439.5
73441.8
73559.8
73700.211
73700.4
73701.1
73773.5
74938.8
74961.8
75054.8
75149.211
75149.4
75150.1
75178.5
75777.8
76042.211
76042.4
76043.1
76124.5
76674.8
76797.8
76929.8
77036.211
77036.4
77037.1
77124.5
77278.8
77547.8
77555.8
77672.211
77672.4
77673.1
77717.5
78275.8
78356.211
78356.4
78357.1
78380.5
79141.4
79175.5
79236.8
79319.8
79557.211
79557.4
79558.1
79592.5
80496.4
80530.5
81771.4
81810.5
83254.4
83298.5
85428.4
85468.5
85871.4
85900.5
87236.8
87322.211
87322.4
87323.1
87362.5
91265.4
91287.5
92133.4
92158.5
92206.8
92241.8
92330.8
92463.8
92755.211
92755.4
92756.1
92814.5
93314.4
93427.5
93430.4
93549.5
93908.4
93963.5
99494.8
99638.211
99638.4
99639.1
99668.5
99947.4
99971.5
100706.8
100972.8
100982.8
100983.8
101003.8
101129.211
101129.4
101130.1
101163.5
101308.8
101717.211
101717.4
101718.1
101787.5
102036.8
102394.8
102559.8
102882.4
102883.212
102983.2
102995.5
103113.4
103204.5
103323.4
103455.5
103483.3
103957.4
103983.1
104032.5
104531.8
104714.211
104714.4
104715.1
104766.5
106226.8
106263.8
106645.211
106645.4
106646.1
106681.5
108095.8
108135.8
108449.211
108449.4
108450.1
108532.5
109547.4
109664.5
109668.4
109702.5
109755.8
110052.8
110136.8
110376.8
110548.4
110549.212
110649.2
110689.5
110878.4
110980.5
111068.4
111149.3
111180.5
111364.4
111541.5
111609.4
111649.1
111931.5
112727.4
112818.5
114329.4
114392.5
121134.4
121136.5
121142.4
121147.5
125364.8
125424.211
125424.4
125425.1
125447.5
126239.8
126499.211
126499.4
126500.1
126531.5
133458.8
133933.211
133933.4
133934.1
133959.5
134916.8
134991.211
134991.4
134992.1
135019.5
136627.8
136679.211
136679.4
136680.1
136720.5
137656.4
137702.5
139619.4
139672.5
140694.8
141739.4
141740.212
141840.2
141850.5
142128.4
142340.3
142374.5
142789.4
142840.1
142851.5
143098.8
143170.211
143170.4
143171.1
143377.5
144607.8
144787.211
144787.4
144788.1
144848.5
146093.8
146174.211
146174.4
146175.1
146236.5
147559.4
147594.5
149092.8
149144.8
149197.211
149197.4
149198.1
149235.5
149391.8
149716.211
149716.4
149717.1
149756.5
149917.4
149977.5
150153.8
150312.8
150480.211
150480.4
150481.1
150508.5
151478.4
151495.5
154503.4
154530.5
157713.4
157746.5
158574.4
158598.5
164901.4
164994.5
165826.4
165827.5
165829.4
165856.5
170770.4
170778.5
171659.8
172159.211
172159.4
172160.1
172277.5
173072.8
173178.211
173178.4
173179.1
173193.5
177308.6
179433.8
179761.211
179761.4
179762.1
180000.9
123456789
12
10
15
12
10
15
10
FI
2
2
10
50
20
11
23
20
6
2
915
0
0
0
314159265
33
358
155
180000
314159265
0.1
565.8
733.8
822.211
822.4
823.1
931.5
1103.8
1334.8
1488.8
1498.8
1518.8
1642.211
1642.4
1643.1
1768.5
1878.8
1890.8
2309.8
2324.8
2339.8
2460.211
2460.4
2461.1
2580.5
2758.8
2865.8
2897.8
3173.8
3176.8
3403.4
3404.212
3504.2
3518.5
4004.3
4430.4
4504.1
4654.5
4747.8
4767.8
4772.8
5033.8
5267.211
5267.4
5268.1
5514.5
5592.8
5776.8
5963.8
6161.211
6161.4
6162.1
6236.5
6550.8
6565.8
6595.8
6611.8
6824.8
6993.8
7015.8
7128.211
7128.4
7129.1
7273.5
7364.8
7426.8
7542.8
7552.8
7557.8
7680.8
7689.8
7841.8
7856.8
7935.211
7935.4
7936.1
8141.5
8288.8
8582.8
8738.8
8771.8
8786.8
8812.8
9079.4
9080.212
9180.2
9214.5
9680.3
10180.1
11350.4
11830.5
12150.4
12309.5
12974.8
12980.8
13407.8
13448.8
13668.4
13669.212
13744.5
13769.2
14269.3
14623.4
14769.1
14875.5
15025.4
15181.5
15881.4
15964.5
16237.8
16370.8
16395.8
16567.8
16632.211
16632.4
16633.1
16788.5
17106.8
17126.8
17363.8
17516.8
17541.8
17602.211
17602.4
17603.1
17734.5
17845.8
17857.8
17959.8
18114.8
18245.8
18522.8
18526.8
18752.4
18753.212
18847.5
18853.2
19353.3
19853.1
20287.4
20532.5
21597.8
21606.8
21761.8
21907.8
22321.4
22322.212
22417.5
22422.2
22922.3
23390.4
23422.1
23879.5
24114.8
24181.8
24379.8
24401.8
24633.211
24633.4
24634.1
24784.5
24880.8
24891.8
25472.8
25602.4
25603.212
25703.2
25716.5
26203.3
26577.4
26579.5
26586.4
26703.1
26773.5
27321.8
27362.8
27738.211
27738.4
27739.1
27873.5
28048.8
28358.8
28464.8
28674.4
28675.212
28751.5
28775.2
29275.3
29686.4
29775.1
29841.5
29897.4
30141.5
32668.4
32725.5
32734.4
32896.5
33006.8
33126.8
33570.211
33570.4
33571.1
33779.5
33939.8
33965.8
34138.8
34146.8
34250.8
34513.211
34513.4
34514.1
34590.5
34766.8
34799.8
35148.8
35160.8
35171.8
35185.8
35202.8
35208.8
35244.8
35296.8
35415.4
35416.212
35481.5
35516.2
36016.3
36386.4
36389.5
36400.4
36475.5
36516.1
36890.4
37137.5
37278.8
37285.8
37609.8
37620.8
37647.8
37664.8
37805.211
37805.4
37806.1
37961.5
38083.8
38117.8
38585.8
38694.4
38695.212
38795.2
38795.5
39295.3
39795.1
39972.4
40320.5
40450.8
40463.8
40504.8
40805.8
41061.4
41062.212
41145.5
41162.2
41662.3
42162.1
42530.4
42856.5
43085.8
43160.8
43465.8
43500.8
43648.211
43648.4
43649.1
43846.5
44016.8
44028.8
44056.8
44058.8
44145.8
44540.211
44540.4
44541.1
44607.5
44727.8
45060.8
45074.8
45254.8
45260.8
45277.8
45417.4
45418.212
45502.5
45518.2
46018.3
46518.1
46601.4
47088.5
47280.8
47296.8
47314.8
47542.8
47549.8
47676.8
47710.8
47767.8
47945.4
47946.212
48027.5
48046.2
48369.4
48546.3
48754.5
49046.1
51014.4
51269.5
51274.4
51425.5
51443.4
51535.5
51706.8
51859.8
51975.8
51981.8
52103.8
52136.8
52154.8
52258.211
52258.4
52259.1
52343.5
56495.4
56965.5
56968.4
56972.5
57156.4
57597.5
57801.8
57878.8
58105.8
58206.211
58206.4
58207.1
58288.5
58388.8
58676.8
58678.8
58924.8
58944.8
58967.8
59054.4
59055.212
59130.5
59155.2
59655.3
60155.1
60414.4
60582.5
60831.8
61074.8
61247.8
61379.211
61379.4
61380.1
61429.5
61645.8
61659.8
61968.8
62287.8
62355.4
62356.212
62431.5
62456.2
62956.3
63456.1
63709.4
63901.5
64094.8
64098.8
64140.8
64461.8
64485.8
64509.8
64708.8
64716.8
64813.4
64814.212
64905.5
64914.2
65414.3
65634.4
65914.1
65983.5
67282.4
67518.5
68359.4
68542.5
68657.8
68968.8
69113.211
69113.4
69114.1
69263.5
69376.8
69394.8
69632.8
69828.211
69828.4
69829.1
69889.5
70066.8
70142.8
70323.8
70339.8
70480.211
70480.4
70481.1
70537.5
70686.8
70760.8
70892.8
70968.8
70974.8
70991.8
71296.4
71297.212
71386.5
71397.2
71897.3
72397.1
72463.4
72729.5
72866.8
72944.8
73288.8
73358.211
73358.4
73359.1
73413.5
73589.8
73592.8
73611.8
73658.8
73996.8
74143.211
74143.4
74144.1
74261.5
74360.8
74377.8
74409.8
74660.8
74845.211
74845.4
74846.1
74879.5
75018.8
75078.8
75096.8
75162.8
75375.8
75392.8
75558.8
75574.8
75580.8
75649.8
75664.8
75744.4
75745.212
75832.5
75845.2
76345.3
76845.1
76973.4
77223.5
77402.8
77478.8
77836.8
77865.8
77992.8
78060.4
78061.212
78144.5
78161.2
78661.3
79161.1
79256.4
79500.5
79749.8
79786.8
79790.8
79898.8
80079.8
80088.8
80185.8
80198.8
80334.211
80334.4
80335.1
80427.5
80679.8
80707.8
80782.8
81075.8
81252.211
81252.4
81253.1
81291.5
81701.8
81780.8
81840.8
81950.8
82184.211
82184.4
82185.1
82207.5
87193.8
87209.8
87378.8
87390.8
87425.8
87628.8
87825.4
87826.212
87914.5
87926.2
88426.3
88926.1
88929.4
89098.5
89320.8
89354.8
89744.8
89966.8
90239.8
90257.8
90262.8
90384.4
90385.212
90470.5
90485.2
90985.3
91485.1
91521.4
91738.5
92067.8
92137.8
92320.8
92827.4
92828.212
92912.5
92928.2
93428.3
93928.1
94391.4
94599.5
95008.8
95495.8
95683.4
95684.212
95764.5
95784.2
96284.3
96784.1
98471.4
98876.5
99194.8
99593.8
99749.211
99749.4
99750.1
99814.5
99936.4
99999.5
100108.8
100445.211
100445.4
100446.1
100470.5
100660.8
100677.8
100935.8
101130.211
101130.4
101131.1
101171.5
101354.8
101517.8
101555.8
101676.8
101882.211
101882.4
101883.1
102092.5
102772.8
102785.8
102847.8
103024.8
103183.8
103335.8
103371.8
103529.4
103530.212
103607.5
103630.2
104130.3
104630.1
104787.4
105393.5
110409.8
110550.8
110632.8
110705.211
110705.4
110706.1
111049.5
115910.4
115972.5
116981.4
117009.5
117032.4
117094.5
117948.8
118175.8
118294.8
118398.211
118398.4
118399.1
118433.5
118537.8
118726.8
118754.8
118942.8
119063.211
119063.4
119064.1
119097.5
120740.4
120771.5
123066.8
123142.211
123142.4
123143.1
123160.5
126332.8
126403.211
126403.4
126404.1
126427.5
129382.8
129487.8
129603.8
129693.8
129841.8
130002.8
130014.8
130140.4
130141.212
130218.5
130241.2
130741.3
131241.1
131252.4
131457.5
131704.8
131883.8
132274.211
132274.4
132275.1
132596.5
132738.8
132780.8
133370.4
133371.212
133437.5
133471.2
133971.3
134162.4
134282.5
134388.4
134471.1
135054.5
135185.4
135548.5
135748.8
136228.211
136228.4
136229.1
136370.5
137320.8
137337.8
137623.211
137623.4
137624.1
137802.5
138090.8
138096.8
138117.8
138153.8
138594.211
138594.4
138595.1
138652.5
138866.8
139374.8
139385.8
139388.8
139609.4
139610.212
139699.5
139710.2
140210.3
140710.1
140856.4
141142.5
143641.8
143799.211
143799.4
143800.1
143847.5
144134.8
144532.8
144593.211
144593.4
144594.1
144632.5
145419.8
145782.211
145782.4
145783.1
145835.5
146102.4
146407.5
146506.8
147161.4
147162.212
147262.2
147262.5
147762.3
148262.1
148438.4
148613.5
149752.8
150236.211
150236.4
150237.1
150282.5
150619.8
150656.8
150678.8
151215.211
151215.4
151216.1
151276.5
151515.8
151910.8
152174.4
152175.212
152266.5
152275.2
152775.3
152859.4
153005.5
153275.1
153688.8
154173.8
154404.4
154405.212
154481.5
154505.2
155005.3
155221.4
155505.1
155804.5
158925.8
158959.8
159104.211
159104.4
159105.1
159160.5
159554.8
159797.8
159999.211
159999.4
160000.1
160048.5
160156.4
160305.5
160377.8
160383.8
160431.8
160569.8
160967.211
160967.4
160968.1
161002.5
161185.4
161302.5
161363.8
161383.8
161430.8
161750.8
161919.211
161919.4
161920.1
162084.5
162156.8
162192.8
162582.8
162707.211
162707.4
162708.1
162745.5
162767.4
162843.5
162919.8
163050.8
163065.8
163133.8
163149.8
163431.8
163497.211
163497.4
163498.1
163607.5
163770.8
163827.8
164207.211
164207.4
164208.1
164236.5
164398.8
164412.8
164652.8
164942.211
164942.4
164943.1
164979.5
165473.4
165554.5
165892.8
165895.8
166003.8
166116.8
166221.8
166467.8
166492.8
166586.8
166740.4
166741.212
166841.2
166935.5
167341.3
167380.4
167389.5
167395.4
167841.1
168126.5
168278.8
168433.8
168601.8
169073.4
169074.212
169148.5
169174.2
169674.3
170174.1
170247.4
170251.5
170252.4
170510.5
171828.8
172039.8
172133.8
172226.211
172226.4
172227.1
172279.5
172506.8
172572.8
172844.8
173182.4
173183.212
173269.5
173283.2
173783.3
174283.1
174500.4
174503.5
174504.4
174695.5
176574.8
176581.8
176863.211
176863.4
176864.1
177082.5
177210.8
177229.8
177240.8
177255.8
177556.8
177630.8
177862.4
177863.212
177943.5
177963.2
178463.3
178963.1
179177.4
179716.5
179761.4
180000.9
123456789
12
11
15
12
11
15
10
FI
2
2
10
45
15
11
18
15
6
2
774
0
0
0
314159265
37
259
142
180000
314159265
0.1
341.8
358.8
440.8
532.211
532.4
533.1
616.5
944.8
965.8
1110.8
1324.8
1331.8
1453.211
1453.4
1454.1
1569.5
1623.8
1687.8
1874.8
1988.8
1992.8
2223.8
2244.8
2385.4
2386.212
2470.5
2486.2
2986.3
3269.4
3466.5
3486.1
3871.8
3880.8
4073.8
4083.8
4180.8
4193.8
4630.8
4649.8
4834.4
4835.212
4908.5
4935.2
5435.3
5697.4
5788.5
5935.1
6009.4
6764.5
7025.4
7027.5
7028.4
7290.5
7301.4
7417.5
7593.8
7609.8
7686.8
7987.211
7987.4
7988.1
8190.5
8428.4
8548.5
8629.8
8706.8
8964.8
9316.8
9324.8
9462.4
9463.212
9544.5
9563.2
10063.3
10462.4
10538.5
10563.1
10751.4
11318.5
12504.8
12514.8
12520.8
12739.211
12739.4
12740.1
12871.5
12987.8
13007.8
13009.8
13022.8
13234.8
13502.211
13502.4
13503.1
13648.5
13739.8
14061.8
14068.8
14463.4
14464.212
14564.2
14564.5
15064.3
15564.1
15692.4
15938.5
17487.8
17568.8
17853.211
17853.4
17854.1
18140.5
18230.8
18263.8
18465.8
18612.8
19008.4
19009.212
19087.5
19109.2
19609.3
20017.4
20109.1
20339.5
21570.8
22054.211
22054.4
22055.1
22177.5
22384.8
22684.8
22965.211
22965.4
22966.1
23147.5
23328.8
23539.8
23840.211
23840.4
23841.1
23884.5
24108.8
24141.8
24213.8
24502.8
24549.8
24589.8
24640.8
24801.4
24802.212
24902.2
24941.5
25402.3
25902.1
25914.4
26013.5
26100.4
27235.5
27689.4
27820.5
28121.4
28310.5
28391.8
28662.8
28914.8
29168.4
29169.212
29269.2
29277.5
29769.3
30269.1
30636.4
31407.5
31452.4
31626.5
31897.8
32079.8
32107.8
32293.8
32435.211
32435.4
32436.1
32670.5
32693.4
32820.5
32904.8
32942.8
33172.8
33193.8
33366.8
33476.8
33562.4
33563.212
33663.2
33665.5
33898.4
34163.3
34408.5
34623.8
34663.1
34926.8
34937.8
35340.211
35340.4
35341.1
35480.5
35696.8
35915.8
36197.8
36202.8
36342.4
36343.212
36443.2
36446.5
36943.3
37443.1
37581.4
37814.5
39020.8
39046.8
39058.8
39216.211
39216.4
39217.1
39350.5
39544.8
39573.8
40060.8
40213.4
40214.212
40306.5
40314.2
40814.3
41314.1
41409.4
41600.5
43697.8
44187.211
44187.4
44188.1
44405.5
44855.8
45058.8
45477.8
45586.4
45587.212
45682.5
45687.2
46187.3
46687.1
47130.4
47460.5
49497.8
49873.211
49873.4
49874.1
50003.5
50116.8
50553.8
50590.8
50728.8
50845.4
50846.212
50927.5
50946.2
51446.3
51946.1
52405.4
52512.5
53914.8
54206.8
54492.8
54792.4
54793.212
54893.2
54903.5
55393.3
55893.1
55940.4
56381.5
58142.8
58492.211
58492.4
58493.1
58624.5
58721.8
58725.8
58790.8
59018.8
59498.8
59615.4
59616.212
59712.5
59716.2
60216.3
60716.1
60784.4
61242.5
61529.8
61534.8
61805.8
61945.8
62096.211
62096.4
62097.1
62198.5
62387.8
62431.8
62435.8
62834.8
62980.8
62992.8
63108.4
63109.212
63196.5
63209.2
63709.3
64209.1
64305.4
64564.5
64830.8
65211.8
65537.8
65636.8
65790.4
65791.212
65870.5
65891.2
66391.3
66891.1
66987.4
67214.5
69041.8
69478.211
69478.4
69479.1
69617.5
69809.8
69818.8
69876.8
69881.8
70082.8
70232.8
70380.211
70380.4
70381.1
70421.5
70723.8
70764.8
71176.8
71277.8
71426.4
71427.212
71527.2
71610.5
72027.3
72527.1
72738.4
73173.5
74024.8
74110.8
74389.8
74429.8
74725.4
74726.212
74800.5
74826.2
75326.3
75826.1
75902.4
76103.5
76435.8
76477.8
77052.8
77135.8
77242.4
77243.212
77320.5
77343.2
77843.3
78343.1
78390.4
78911.5
79204.8
79245.8
79754.8
79924.4
79925.212
79997.5
80025.2
80525.3
81025.1
81249.4
81251.5
81252.4
81454.5
82673.8
82887.8
83082.8
83206.211
83206.4
83207.1
83463.5
83938.4
84019.5
84107.8
84118.8
84143.8
84898.4
84899.212
84985.5
84999.2
85499.3
85999.1
86291.4
86479.5
86501.4
86610.5
86950.8
87271.8
87850.8
87982.4
87983.212
88060.5
88083.2
88385.4
88462.5
88579.4
88583.3
88765.5
89083.1
90025.8
90230.8
90255.8
90372.211
90372.4
90373.1
90497.5
90757.8
90822.8
91152.8
91462.4
91463.212
91563.2
91564.5
92063.3
92563.1
92974.4
93145.5
94448.8
94737.8
94750.8
94858.8
94859.8
95001.8
95024.8
95099.4
95100.212
95175.5
95200.2
95700.3
96116.4
96200.1
96213.5
96355.4
96677.5
99294.8
99495.8
99666.8
99706.8
99710.8
99816.211
99816.4
99817.1
100005.5
100610.8
100896.8
101161.211
101161.4
101162.1
101214.5
101697.8
101728.8
101732.8
101753.8
101973.8
102173.8
102198.8
102233.8
102349.8
102436.4
102437.212
102534.5
102537.2
102666.4
102669.5
102670.4
102995.5
103037.3
103537.1
103898.4
103992.5
104052.8
104205.8
104949.4
104950.212
105045.5
105050.2
105550.3
106050.1
106382.4
106770.5
107788.4
107906.5
108640.8
109121.211
109121.4
109122.1
109178.5
109602.8
109854.8
110123.8
110273.4
110274.212
110352.5
110374.2
110874.3
111374.1
111544.4
111630.5
111705.4
111919.5
112727.8
113099.211
113099.4
113100.1
113151.5
113266.4
113311.5
113448.8
113512.8
114021.8
114225.4
114226.212
114326.2
114327.5
114826.3
115326.1
115645.4
115811.5
120927.8
121098.8
121283.8
121534.4
121535.212
121635.2
121686.5
122135.3
122211.4
122362.5
122441.4
122635.1
123263.5
123617.8
123632.8
123639.8
124033.8
124359.4
124360.212
124460.2
124461.5
124960.3
125460.1
125896.4
126169.5
127700.8
127934.211
127934.4
127935.1
128088.5
128365.8
129113.4
129114.212
129192.5
129214.2
129714.3
130214.1
131120.4
131302.5
132034.8
132042.8
132067.8
132514.8
132674.4
132675.212
132751.5
132775.2
133275.3
133775.1
134503.4
134681.5
135996.8
136380.8
136460.211
136460.4
136461.1
136510.5
138073.4
138149.5
138474.8
138488.8
138536.8
138723.8
138827.8
138909.8
138995.211
138995.4
138996.1
139052.5
142354.8
142532.8
142667.211
142667.4
142668.1
142698.5
146131.8
146268.8
146278.8
146363.8
146514.8
146702.8
146846.4
146847.212
146935.5
146947.2
147049.4
147106.5
147447.3
147719.4
147869.5
147947.1
150400.8
150597.8
150753.211
150753.4
150754.1
150891.5
150892.4
150924.5
151235.8
151511.8
151755.211
151755.4
151756.1
151799.5
152050.8
152234.8
152237.8
152495.8
152502.8
152521.8
152794.4
152795.212
152874.5
152895.2
153395.3
153395.4
153399.5
153402.4
153597.5
153895.1
154097.8
154241.8
154243.8
154554.8
154770.4
154771.212
154850.5
154871.2
155371.3
155871.1
156058.4
156203.5
156608.4
156636.5
156697.8
156747.8
157247.211
157247.4
157248.1
157355.5
157755.8
157962.8
158287.211
158287.4
158288.1
158326.5
158551.4
158571.5
159400.8
159458.8
159614.8
159799.8
159864.8
159984.8
160090.4
160091.212
160175.5
160191.2
160375.4
160414.5
160691.3
161191.1
161549.4
161905.5
163071.8
163410.8
163751.8
163867.4
163868.212
163954.5
163968.2
164468.3
164968.1
171430.8
171536.211
171536.4
171537.1
171568.5
172167.8
172339.8
172504.8
172596.8
172736.211
172736.4
172737.1
172776.5
173687.8
174009.211
174009.4
174010.1
174048.5
174732.8
175006.8
175009.8
175216.211
175216.4
175217.1
175251.5
176312.8
176763.211
176763.4
176764.1
176877.5
177379.8
177458.211
177458.4
177459.1
177479.5
178859.8
178872.8
179197.211
179197.4
179198.1
179247.5
179395.8
179623.8
179905.211
179905.4
179906.1
180000.9
123456789
12
12
15
12
12
15
10
FI
2
2
10
43
10
11
16
10
6
2
750
0
0
0
314159265
36
215
154
180000
314159265
0.1
603.8
625.8
805.211
805.4
806.1
868.5
1237.4
1287.5
1391.8
1775.211
1775.4
1776.1
1868.5
2129.4
2197.5
2318.8
2552.8
2572.8
2769.8
2807.8
2835.8
2855.8
3073.4
3074.212
3158.5
3174.2
3674.3
4125.4
4174.1
4294.5
4628.8
4632.8
5012.8
5134.8
5158.8
5267.4
5268.212
5344.5
5368.2
5868.3
6368.1
7180.8
7776.211
7776.4
7777.1
7964.5
8512.8
8528.8
8663.8
8909.211
8909.4
8910.1
8947.5
9359.8
9685.8
9794.8
9815.8
9834.8
9922.8
9931.8
9936.8
9954.8
10058.4
10059.212
10153.5
10159.2
10659.3
11159.1
11204.4
11549.5
11708.4
11850.5
11969.8
12723.4
12724.212
12824.2
12829.5
13324.3
13824.1
13926.4
14356.5
15278.8
15462.8
15559.211
15559.4
15560.1
15793.5
15976.8
16336.8
16437.8
16656.4
16657.212
16757.2
16767.5
17257.3
17757.1
18034.4
18209.5
19246.8
19666.211
19666.4
19667.1
19909.5
20077.8
20255.8
20276.8
20282.8
20719.4
20720.212
20816.5
20820.2
21320.3
21820.1
24075.4
24343.5
24499.8
24725.8
24846.8
25047.211
25047.4
25048.1
25084.5
25354.4
25382.5
25469.8
25496.8
25554.8
25834.8
26078.4
26079.212
26163.5
26179.2
26679.3
27179.1
27492.4
27976.5
30515.4
30625.5
30815.8
30825.8
31114.8
31145.8
31388.211
31388.4
31389.1
31432.5
31824.8
31950.8
32107.8
32266.211
32266.4
32267.1
32321.5
32623.8
33013.8
33121.8
33227.8
33323.4
33324.212
33413.5
33424.2
33583.4
33636.5
33924.3
34102.4
34257.5
34353.4
34424.1
34549.5
34821.4
35008.5
35292.8
35683.8
35879.8
36178.4
36179.212
36262.5
36279.2
36779.3
37279.1
37610.4
38002.5
39347.4
39552.5
39819.8
39872.8
40010.211
40010.4
40011.1
40037.5
40069.4
40173.5
40386.8
40573.8
40955.211
40955.4
40956.1
41036.5
41196.8
41211.8
41323.8
41340.8
41529.8
41725.8
41837.4
41838.212
41923.5
41938.2
42438.3
42938.1
43284.4
43673.5
44844.4
44974.5
45229.8
45397.8
45683.8
45856.4
45857.212
45935.5
45957.2
46457.3
46957.1
47193.4
47489.5
47744.8
47810.8
47998.8
48034.8
48353.4
48354.212
48430.5
48454.2
48913.4
48954.3
49038.5
49454.1
49709.8
49886.8
49920.8
50239.211
50239.4
50240.1
50384.5
50491.8
50507.8
50520.8
50696.8
50982.8
51171.4
51172.212
51257.5
51272.2
51772.3
52053.4
52062.5
52065.4
52272.1
52408.5
52497.4
52718.5
52895.8
52907.8
53332.211
53332.4
53333.1
53403.5
53542.4
53677.5
53770.8
53785.8
53824.8
53980.8
54342.211
54342.4
54343.1
54388.5
54520.4
54539.5
54667.8
55167.8
55350.4
55351.212
55435.5
55451.2
55951.3
56451.1
56846.4
56947.5
57090.4
57310.5
57651.8
57865.8
58198.211
58198.4
58199.1
58242.5
58373.4
58456.5
58597.8
58631.8
58839.8
59043.8
59304.4
59305.212
59394.5
59405.2
59905.3
60405.1
60462.4
60528.5
60701.4
60788.5
60904.4
61134.5
61325.4
61609.5
62247.8
62287.8
62546.8
62548.8
62811.211
62811.4
62812.1
63283.5
63433.8
63448.8
63592.8
63837.8
63851.8
63968.8
64133.4
64134.212
64228.5
64234.2
64734.3
65234.1
65715.4
65815.5
66870.8
67133.8
67242.211
67242.4
67243.1
67287.5
67437.4
67789.5
67957.8
68224.8
68727.4
68728.212
68803.5
68828.2
69328.3
69612.4
69805.5
69828.1
69904.4
69980.5
70115.4
70378.5
70791.8
70998.8
71254.8
71272.8
71514.4
71515.212
71601.5
71615.2
72115.3
72615.1
73089.4
73238.5
74779.4
74924.5
75451.8
75697.8
75884.211
75884.4
75885.1
75921.5
79403.8
79566.8
79800.211
79800.4
79801.1
79836.5
80257.8
80444.8
80910.4
80911.212
80983.5
81011.2
81511.3
82011.1
82513.4
82899.5
83839.8
83859.8
84132.211
84132.4
84133.1
84172.5
84339.4
84448.5
84642.8
85075.8
85384.4
85385.212
85463.5
85485.2
85985.3
86485.1
86891.4
87275.5
87829.8
88373.211
88373.4
88374.1
88589.5
88805.8
88821.8
89591.4
89592.212
89671.5
89692.2
90192.3
90433.4
90675.5
90692.1
90955.4
91005.5
91298.8
91322.8
91753.8
91929.8
92153.4
92154.212
92228.5
92254.2
92533.4
92581.5
92754.3
93254.1
93607.4
93932.5
95196.4
95412.5
96240.8
96595.211
96595.4
96596.1
96736.5
96935.8
97513.8
97538.8
97574.8
97739.4
97740.212
97839.5
97840.2
98271.4
98340.3
98410.5
98534.4
98535.5
98536.4
98637.5
98840.1
99474.4
99625.5
99725.8
100080.8
100173.211
100173.4
100174.1
100228.5
100711.8
101191.211
101191.4
101192.1
101520.5
101605.8
102007.8
102146.8
102176.8
102204.8
102289.4
102290.212
102376.5
102390.2
102890.3
103390.1
103750.4
103857.5
104913.8
105257.8
105455.8
105601.4
105602.212
105689.5
105702.2
106202.3
106702.1
107813.4
107911.5
109498.8
109799.8
109919.211
109919.4
109920.1
109962.5
110478.8
110926.8
111145.4
111146.212
111241.5
111246.2
111746.3
112246.1
113432.4
113670.5
114603.8
114832.8
115168.211
115168.4
115169.1
115205.5
115347.4
115473.5
115764.8
115970.8
116184.211
116184.4
116185.1
116215.5
116464.8
116489.8
116492.8
117047.211
117047.4
117048.1
117096.5
117442.8
118094.8
118101.8
118278.4
118279.212
118364.5
118379.2
118879.3
119379.1
119920.4
120137.5
121178.8
121780.4
121781.212
121863.5
121881.2
122381.3
122881.1
123108.4
123479.5
123816.4
123890.5
125909.4
125949.5
126215.4
126325.5
126413.8
126436.8
126959.211
126959.4
126960.1
126992.5
129074.8
129085.8
129420.8
129429.8
129676.4
129677.212
129777.2
129796.5
130277.3
130410.4
130500.5
130777.1
130962.8
131082.8
131251.8
131355.211
131355.4
131356.1
131505.5
131660.8
131926.8
131941.8
132232.211
132232.4
132233.1
132264.5
132643.8
132653.8
132691.8
133298.4
133299.212
133387.5
133399.2
133899.3
134399.1
134787.4
135084.5
136305.4
136431.5
137017.8
137257.8
137576.211
137576.4
137577.1
137607.5
137863.4
137974.5
138180.8
138384.8
138598.8
138963.4
138964.212
139054.5
139064.2
139564.3
140064.1
140447.4
140684.5
141821.8
141982.8
142141.211
142141.4
142142.1
142345.5
142430.8
142441.8
142463.8
142715.8
143180.4
143181.212
143263.5
143281.2
143781.3
144281.1
144626.4
144856.5
146011.8
146745.4
146746.212
146830.5
146846.2
147346.3
147846.1
148222.4
148514.5
150757.8
151255.211
151255.4
151256.1
151291.5
151373.4
151444.5
151593.8
151612.8
151769.8
152216.4
152217.212
152317.2
152330.5
152817.3
153317.1
154312.4
154456.5
155632.8
155669.8
155670.8
155903.211
155903.4
155904.1
155941.5
156026.4
156119.5
156226.8
156484.8
156684.211
156684.4
156685.1
156802.5
157229.8
157472.8
157704.8
157712.8
157787.211
157787.4
157788.1
157829.5
158004.4
158059.5
158210.8
158280.8
158858.4
158859.212
158959.2
158959.5
159459.3
159959.1
161333.4
161506.5
165255.4
165272.5
168390.4
168411.5
172546.8
172716.211
172716.4
172717.1
172939.5
173024.8
173063.8
173276.8
173623.211
173623.4
173624.1
173670.5
174094.8
174770.4
174771.212
174854.5
174871.2
175371.3
175871.1
176367.4
176532.5
178757.8
178766.8
178963.8
179197.211
179197.4
179198.1
179232.5
179257.4
180000.9
123456789
12
13
15
12
13
15
10
FI
2
2
10
43
11
11
16
10
6
2
908
0
0
0
314159265
26
331
165
180000
314159265
0.1
641.8
943.211
943.4
944.1
1127.5
1182.8
1289.8
1291.8
1498.8
1610.211
1610.4
1611.1
1722.5
1792.8
1976.8
2238.8
2404.8
2468.4
2469.212
2556.5
2569.2
3069.3
3400.4
3569.1
3665.5
4519.8
4798.211
4798.4
4799.1
5131.5
5160.4
5342.5
5471.8
5814.8
5880.211
5880.4
5881.1
6295.5
6376.8
6401.8
6410.8
6548.8
6556.8
6561.8
6570.8
6762.211
6762.4
6763.1
6920.5
6929.4
7131.5
7142.4
7168.5
7251.8
7289.8
7332.8
7458.8
7472.8
7786.211
7786.4
7787.1
8143.5
8240.4
8290.5
8369.8
8428.8
9021.4
9022.212
9094.5
9122.2
9622.3
9803.4
10122.1
10842.5
10967.4
11494.5
11674.8
11822.8
11840.8
12044.211
12044.4
12045.1
12355.5
12379.4
12665.5
12736.8
12740.8
12761.8
12775.8
12779.8
12817.8
12946.8
12961.8
13114.211
13114.4
13115.1
13464.5
13542.8
13565.8
13653.8
13671.8
13799.8
13808.8
14113.8
14122.8
14183.4
14184.212
14284.2
14333.5
14784.3
15258.4
15284.1
15518.5
17144.4
17500.5
18577.8
18619.8
18822.8
18968.211
18968.4
18969.1
19247.5
19369.8
19393.8
19423.8
19442.8
19626.8
19643.8
19667.8
19939.211
19939.4
19940.1
20131.5
20133.4
20143.5
20270.8
20320.8
20322.8
20490.8
20502.8
20521.8
20694.8
20709.8
20720.8
20749.8
20876.4
20877.212
20972.5
20977.2
21477.3
21946.4
21977.1
22351.5
23170.8
23184.8
23186.8
23194.8
23202.8
23297.8
23306.8
23441.8
23594.8
23843.8
23884.8
23941.4
23942.212
24038.5
24042.2
24542.3
25042.1
25081.4
25324.5
25338.4
25850.5
26773.4
26944.5
27186.8
27209.8
27444.8
27741.8
27799.4
27800.212
27894.5
27900.2
28400.3
28900.1
29049.4
29302.5
30229.4
30635.5
30690.4
30796.5
31017.8
31229.8
31345.211
31345.4
31346.1
31442.5
31606.8
31742.8
31751.8
32067.211
32067.4
32068.1
32381.5
33213.8
33489.211
33489.4
33490.1
33704.5
33861.8
34085.8
34118.8
34248.8
34263.8
34279.8
34287.8
34412.211
34412.4
34413.1
34636.5
34710.8
34721.8
34735.8
34773.8
34786.8
35078.8
35094.8
35268.211
35268.4
35269.1
35375.5
35546.8
35877.8
36109.211
36109.4
36110.1
36210.5
36414.8
36443.8
36450.8
36920.211
36920.4
36921.1
36957.5
37073.4
37145.5
37270.8
37281.8
37295.8
37621.8
37830.8
37958.4
37959.212
38059.2
38184.5
38559.3
38643.4
38647.5
38648.4
38845.5
39059.1
39115.8
39321.8
39334.8
39453.8
39475.8
39624.211
39624.4
39625.1
39660.5
39854.8
39872.8
40026.8
40061.8
40202.8
40259.211
40259.4
40260.1
40313.5
40345.4
40429.5
40568.8
40572.8
40591.8
40939.8
41039.8
41154.211
41154.4
41155.1
41188.5
41300.4
41402.5
41487.8
41550.8
41692.8
41742.8
41828.8
41969.8
42190.4
42191.212
42268.5
42291.2
42791.3
43291.1
43472.4
43665.5
44462.8
44799.8
44806.8
44936.8
45151.4
45152.212
45233.5
45252.2
45752.3
46060.4
46252.1
46560.5
46753.8
47078.8
47317.8
47530.4
47531.212
47628.5
47631.2
48131.3
48631.1
49063.4
49196.5
52975.8
52986.8
53320.211
53320.4
53321.1
53462.5
53603.8
53610.8
53825.8
54126.8
54129.8
54194.211
54194.4
54195.1
54338.5
54477.8
54503.8
54618.8
54653.8
55053.211
55053.4
55054.1
55087.5
55166.4
55317.5
55393.8
55418.8
55423.8
55687.8
55699.8
55723.8
55998.4
55999.212
56078.5
56099.2
56599.3
57099.1
57480.4
57655.5
59046.8
59355.8
59413.211
59413.4
59414.1
59567.5
59630.4
59726.5
59864.8
59882.8
59888.8
59892.8
60145.8
60161.8
60274.211
60274.4
60275.1
60309.5
60710.8
60726.8
60745.8
60945.8
61095.211
61095.4
61096.1
61128.5
61229.4
61297.5
61400.8
61410.8
61643.211
61643.4
61644.1
61675.5
61929.4
61972.5
62122.8
62247.8
62401.8
62429.8
62645.8
62699.211
62699.4
62700.1
62747.5
63048.8
63186.8
63510.8
63625.211
63625.4
63626.1
63657.5
63942.8
63963.8
64128.8
64150.8
64375.211
64375.4
64376.1
64411.5
65261.8
65365.8
65735.8
65804.211
65804.4
65805.1
65834.5
67489.8
67729.211
67729.4
67730.1
67958.5
68166.4
68199.5
68260.8
68484.8
68521.8
68591.8
68718.211
68718.4
68719.1
68752.5
68979.8
69567.211
69567.4
69568.1
69605.5
69973.8
70008.8
70046.8
70750.8
70760.8
70845.4
70846.212
70929.5
70946.2
71180.4
71348.5
71446.3
71500.4
71946.1
72598.5
72863.8
72874.8
72931.8
73117.8
73167.8
73602.4
73603.212
73691.5
73703.2
74203.3
74684.4
74703.1
75172.5
75176.4
75258.5
75751.4
76111.5
76366.8
76395.8
76559.8
76944.211
76944.4
76945.1
77164.5
77284.8
77305.8
77474.8
77751.8
77905.4
77906.212
78006.2
78022.5
78506.3
78742.4
79006.1
79110.5
79850.8
80257.8
80264.8
80479.8
80503.8
80593.4
80594.212
80692.5
80694.2
81194.3
81654.4
81694.1
82054.5
85253.8
85383.8
85503.211
85503.4
85504.1
85639.5
85787.8
85990.8
86225.211
86225.4
86226.1
86314.5
86426.8
86436.8
86441.8
86476.8
87063.4
87064.212
87164.2
87166.5
87664.3
88164.1
88419.4
89391.5
90081.4
90300.5
90629.8
90803.8
91047.8
91187.211
91187.4
91188.1
91312.5
91446.8
91468.8
91720.8
91733.8
91926.211
91926.4
91927.1
92083.5
92224.8
92258.8
92450.8
92472.8
92492.8
92962.4
92963.212
93054.5
93063.2
93563.3
93850.4
94063.1
94368.5
94381.4
94458.5
94803.8
94818.8
95093.8
95302.211
95302.4
95303.1
95533.5
95689.8
95724.8
95749.8
96183.211
96183.4
96184.1
96239.5
96413.8
96639.8
96779.8
96798.8
96887.211
96887.4
96888.1
96930.5
97040.4
97195.5
97291.8
97422.8
97742.211
97742.4
97743.1
97775.5
98150.8
98159.8
98329.8
98689.211
98689.4
98690.1
98884.5
98981.8
99004.8
99183.8
99485.211
99485.4
99486.1
99521.5
99792.8
99829.8
100480.4
100481.212
100553.5
100581.2
101081.3
101454.4
101581.1
101651.5
102208.8
102458.8
102655.8
102819.4
102820.212
102902.5
102920.2
103420.3
103920.1
104122.4
104421.5
105461.4
105596.5
106626.4
106747.5
107536.8
107968.211
107968.4
107969.1
108001.5
108618.8
108625.8
108839.8
108924.8
109022.211
109022.4
109023.1
109054.5
109328.8
109474.8
109733.8
109808.211
109808.4
109809.1
109860.5
109890.4
109956.5
110543.8
110963.8
111019.8
111029.8
111036.8
111218.4
111219.212
111309.5
111319.2
111819.3
112174.4
112319.1
112493.5
113687.8
113977.211
113977.4
113978.1
114012.5
114199.8
114221.8
114797.211
114797.4
114798.1
114937.5
116294.8
116454.8
116671.8
116735.211
116735.4
116736.1
116779.5
116942.4
117021.5
117824.4
117827.5
117927.8
118095.8
118301.8
118309.8
118447.8
118549.4
118550.212
118639.5
118650.2
119150.3
119650.1
119703.4
119794.5
119871.4
120058.5
124530.4
124613.5
127461.8
127621.8
127771.8
127821.211
127821.4
127822.1
127852.5
128263.8
128276.8
128283.8
128608.8
128743.8
128748.8
128814.211
128814.4
128815.1
128960.5
129134.8
129791.4
129792.212
129877.5
129892.2
130392.3
130848.4
130892.1
131189.5
134556.8
134709.8
134900.211
134900.4
134901.1
134934.5
135788.8
136360.8
136520.4
136521.212
136621.2
136656.5
136761.4
136764.5
136765.4
137037.5
137121.3
137477.4
137621.1
137771.5
137915.4
137966.5
138130.8
138526.211
138526.4
138527.1
138594.5
138660.8
139337.4
139338.212
139417.5
139438.2
139556.4
139612.5
139938.3
140438.1
140588.4
140763.5
141184.8
141198.8
141393.8
141849.4
141850.212
141930.5
141950.2
142450.3
142950.1
142990.4
143067.5
146073.8
146082.8
147052.4
147053.212
147153.2
147158.5
147653.3
148153.1
148377.4
148853.5
149643.8
149768.211
149768.4
149769.1
149867.5
150245.8
150249.8
150258.8
150275.8
150471.211
150471.4
150472.1
150504.5
150683.8
151109.8
151209.211
151209.4
151210.1
151244.5
151865.8
152000.8
152168.8
152245.211
152245.4
152246.1
152288.5
153684.8
153964.211
153964.4
153965.1
153998.5
154845.4
154877.5
155634.8
156182.211
156182.4
156183.1
156227.5
156238.4
156262.5
156320.8
156724.8
156875.211
156875.4
156876.1
156909.5
157810.8
157936.8
158041.211
158041.4
158042.1
158145.5
158532.8
158618.211
158618.4
158619.1
158698.5
159380.8
159383.8
159459.211
159459.4
159460.1
159510.5
160904.8
161010.8
161179.211
161179.4
161180.1
161212.5
162190.8
162242.211
162242.4
162243.1
162262.5
163026.4
163090.5
165243.8
165438.211
165438.4
165439.1
165499.5
166493.4
166516.5
167607.4
167634.5
170464.8
170646.8
171033.211
171033.4
171034.1
171066.5
179102.8
179147.8
179172.8
179192.8
179405.8
179500.211
179500.4
179501.1
179598.5
180000.9
123456789
12
14
15
12
14
15
10
FI
2
2
10
44
31
11
17
30
6
2
779
0
0
0
314159265
24
226
164
180000
314159265
0.1
673.8
766.211
766.4
767.1
818.5
930.8
1143.8
1219.8
1327.211
1327.4
1328.1
1328.5
1329.4
1419.5
1620.8
1637.8
2001.211
2001.4
2002.1
2080.5
2197.8
2207.8
2335.8
2737.211
2737.4
2738.1
2845.5
3531.8
3578.8
3918.211
3918.4
3919.1
4052.5
4125.8
4137.8
4276.8
4553.8
4569.8
4656.211
4656.4
4657.1
4985.5
5095.8
5106.8
5609.8
5636.8
5652.8
5752.4
5753.212
5852.5
5853.2
6353.3
6581.4
6801.5
6853.1
6984.4
7139.5
7259.8
7840.211
7840.4
7841.1
8240.5
8688.8
9062.211
9062.4
9063.1
9261.5
9355.8
9368.8
9408.8
9458.8
9597.8
9742.8
9998.4
9999.212
10099.2
10114.5
10599.3
11099.1
11253.4
11701.5
12508.8
13083.8
13243.4
13244.212
13344.2
13513.5
13844.3
14344.1
15687.4
16305.5
16311.4
16467.5
17226.8
17230.8
17412.8
17723.211
17723.4
17724.1
17953.5
18072.8
18146.8
18161.8
18589.8
18690.4
18691.212
18767.5
18791.2
19291.3
19791.1
19799.4
20252.5
20433.8
20654.8
20663.8
20976.8
20990.8
21096.4
21097.212
21186.5
21197.2
21697.3
22197.1
22236.4
22524.5
23660.8
23946.211
23946.4
23947.1
24104.5
24341.8
24376.8
24656.8
24671.8
24785.211
24785.4
24786.1
24889.5
25181.4
25248.5
25319.8
25321.8
25338.8
25347.8
25464.8
25500.8
25506.8
25512.8
25639.8
25744.8
25751.8
25757.8
25872.211
25872.4
25873.1
25963.5
26134.8
26493.8
26575.211
26575.4
26576.1
26615.5
26709.4
26781.5
27993.4
28258.5
28334.8
28549.8
28733.8
28827.211
28827.4
28828.1
28868.5
29012.8
29230.8
29463.8
29466.8
29559.8
29706.4
29707.212
29781.5
29807.2
30307.3
30807.1
30982.4
30987.5
30989.4
31264.5
31424.8
31458.8
31469.8
31625.8
31881.8
31903.8
32114.4
32115.212
32190.5
32215.2
32715.3
33215.1
33290.4
33476.5
34044.8
34473.211
34473.4
34474.1
34621.5
34752.8
34767.8
35123.8
35345.211
35345.4
35346.1
35389.5
35558.8
35650.8
35705.8
36044.211
36044.4
36045.1
36104.5
36627.8
36776.8
36928.211
36928.4
36929.1
37018.5
38107.4
38192.5
38256.8
38261.8
38522.8
38704.211
38704.4
38705.1
38811.5
38961.8
39070.8
39095.8
39309.8
39495.211
39495.4
39496.1
39536.5
39642.4
39787.5
39913.8
40296.8
40362.211
40362.4
40363.1
40413.5
40566.4
40568.5
40740.8
41140.211
41140.4
41141.1
41174.5
41288.8
41528.8
41637.8
41685.8
41946.4
41947.212
42021.5
42047.2
42547.3
43047.1
43319.4
43450.5
44652.8
44880.8
45181.211
45181.4
45182.1
45224.5
45571.8
45822.8
46081.8
46156.211
46156.4
46157.1
46196.5
46357.4
46624.5
46780.8
46823.8
47076.8
47104.8
47338.8
47351.8
47501.4
47502.212
47602.2
47617.5
48102.3
48602.1
48627.4
48815.5
48879.4
48964.5
48982.4
48986.5
49200.4
49447.5
49495.4
49667.5
49805.4
49913.5
50113.8
50234.8
50534.8
50546.8
50732.4
50733.212
50818.5
50833.2
51333.3
51516.4
51727.5
51833.1
52081.8
52086.8
52550.211
52550.4
52551.1
52771.5
53008.8
53168.8
53499.211
53499.4
53500.1
53535.5
53776.8
53803.8
54031.8
54040.8
54218.8
54320.211
54320.4
54321.1
54371.5
54462.4
54792.5
54863.8
54877.8
54884.8
54901.8
55604.4
55605.212
55705.2
55705.5
56205.3
56705.1
56789.4
56792.5
56795.4
57134.5
57263.4
57365.5
57605.8
57618.8
57627.8
57797.8
57941.211
57941.4
57942.1
57974.5
58070.4
58168.5
59218.8
59277.8
59499.8
59587.211
59587.4
59588.1
59778.5
59947.8
60201.8
60247.8
60604.4
60605.212
60678.5
60705.2
61205.3
61679.4
61705.1
61791.5
61881.4
61883.5
61884.4
61963.5
62086.4
62277.5
62667.8
62843.8
63261.8
63361.4
63362.212
63462.2
63488.5
63962.3
64462.1
64699.4
64809.5
64953.4
65125.5
66621.4
66970.5
67717.4
67956.5
68111.8
68272.8
68472.8
68597.211
68597.4
68598.1
68646.5
68723.4
68908.5
69426.8
69619.211
69619.4
69620.1
69657.5
69725.4
69767.5
69944.8
70134.8
70302.8
70445.211
70445.4
70446.1
70568.5
70756.8
71038.8
71267.211
71267.4
71268.1
71306.5
71504.4
71539.5
71794.8
72230.211
72230.4
72231.1
72361.5
72525.8
73146.4
73147.212
73247.2
73254.5
73747.3
74247.1
74540.4
74739.5
75498.8
75646.211
75646.4
75647.1
75692.5
75788.4
75882.5
76117.8
76596.211
76596.4
76597.1
76642.5
76693.4
76696.5
76697.4
76808.5
76817.4
76824.5
76853.4
76856.5
76862.4
76881.5
76894.4
77004.5
78963.8
79034.8
79195.8
79315.211
79315.4
79316.1
79438.5
79523.8
79705.8
80040.211
80040.4
80041.1
80081.5
80216.4
80246.5
80374.8
80386.8
81072.4
81073.212
81152.5
81173.2
81673.3
82173.1
82275.4
82857.5
83065.4
83153.5
83800.8
84327.211
84327.4
84328.1
84455.5
84633.8
84762.8
85251.4
85252.212
85349.5
85352.2
85852.3
86192.4
86293.5
86352.1
86481.4
86789.5
87157.4
87374.5
87944.4
88028.5
89354.8
89764.8
89868.211
89868.4
89869.1
89912.5
90030.4
90213.5
90793.8
91037.211
91037.4
91038.1
91110.5
91196.8
91228.8
91317.8
91511.8
91515.8
91533.8
91541.8
91546.8
91550.8
91674.211
91674.4
91675.1
91729.5
91795.8
91897.8
92444.4
92445.212
92536.5
92545.2
93045.3
93545.1
93685.4
93934.5
95330.4
95449.5
95907.8
96180.8
96369.211
96369.4
96370.1
96500.5
96780.8
97250.211
97250.4
97251.1
97282.5
97355.4
97364.5
97366.4
97441.5
97818.8
98160.8
98308.8
98335.8
98467.4
98468.212
98552.5
98568.2
99068.3
99568.1
99795.4
99883.5
100094.8
100316.8
100774.4
100775.212
100869.5
100875.2
101375.3
101875.1
102204.4
102206.5
102209.4
102355.5
104182.8
104420.211
104420.4
104421.1
104460.5
104619.8
104838.8
105080.8
105141.211
105141.4
105142.1
105180.5
109668.8
109879.8
109982.211
109982.4
109983.1
110032.5
110140.8
110534.8
110652.211
110652.4
110653.1
110691.5
113805.4
113832.5
114339.8
115316.8
115399.4
115400.212
115500.2
115515.5
116000.3
116500.1
116743.4
116855.5
118181.8
118357.8
118362.8
118438.211
118438.4
118439.1
118498.5
120096.8
120273.211
120273.4
120274.1
120362.5
121012.8
121274.8
121289.8
121457.211
121457.4
121458.1
121532.5
122232.4
122255.5
122849.8
122863.8
122929.211
122929.4
122930.1
122968.5
125255.8
125270.8
125767.211
125767.4
125768.1
125827.5
126047.8
126247.211
126247.4
126248.1
126251.5
128728.8
129478.8
129544.8
129904.4
129905.212
129984.5
130005.2
130505.3
130876.4
130986.5
131005.1
131226.4
131318.5
131817.8
131962.211
131962.4
131963.1
131991.5
134579.8
135385.4
135386.212
135476.5
135486.2
135986.3
136486.1
136504.4
136669.5
141923.4
141957.5
144239.4
144280.5
144784.8
144969.211
144969.4
144970.1
144999.5
146731.8
146820.211
146820.4
146821.1
146849.5
147596.4
147615.5
147619.4
147640.5
147712.8
148678.4
148679.212
148770.5
148779.2
149279.3
149632.4
149779.1
149827.5
152097.8
152170.211
152170.4
152171.1
152187.5
152591.8
153697.4
153698.212
153798.2
153800.5
154298.3
154798.1
156253.8
156323.211
156323.4
156324.1
156362.5
158903.8
159161.8
159464.211
159464.4
159465.1
159498.5
159677.8
160165.8
160235.211
160235.4
160236.1
160298.5
167047.4
167134.5
167584.8
167834.211
167834.4
167835.1
167865.5
172183.8
172581.8
172628.211
172628.4
172629.1
180000.9
123456789
12
15
15
12
15
15
10
FI
2
2
10
48
16
11
21
16
6
2
642
0
0
0
314159265
17
189
131
180000
314159265
0.1
426.8
435.8
828.8
893.211
893.4
894.1
991.5
1056.8
1235.8
1404.8
1763.4
1764.212
1864.2
1884.5
2364.3
2634.4
2638.5
2640.4
2864.1
2974.5
3079.4
3164.5
3445.8
3802.211
3802.4
3803.1
4028.5
4245.8
4259.8
4532.8
4610.211
4610.4
4611.1
4808.5
4818.4
4847.5
5040.8
5398.8
5407.8
5419.8
5650.4
5651.212
5745.5
5751.2
5900.4
5905.5
5910.4
6251.3
6376.5
6641.4
6751.1
6797.5
6884.8
7358.211
7358.4
7359.1
7822.5
7888.8
7910.8
8135.8
8157.8
8286.8
8295.8
8319.8
8463.211
8463.4
8464.1
8613.5
9671.4
10054.5
10357.8
10361.8
10377.8
10564.8
10661.211
10661.4
10662.1
10839.5
10958.8
11158.8
11167.8
11450.211
11450.4
11451.1
11699.5
11941.8
11953.8
12208.8
12400.211
12400.4
12401.1
12533.5
12860.8
12882.8
12982.211
12982.4
12983.1
13012.5
13235.8
13258.8
13304.8
13306.8
13610.8
13835.211
13835.4
13836.1
13879.5
13974.4
14054.5
14180.8
14701.8
14765.211
14765.4
14766.1
14801.5
15384.8
15568.8
15581.8
15694.211
15694.4
15695.1
15906.5
16011.8
16063.8
16096.8
16398.8
16664.4
16665.212
16760.5
16765.2
17265.3
17757.4
17765.1
18010.5
19101.4
19187.5
19349.8
19358.8
19975.4
19976.212
20060.5
20076.2
20576.3
21055.4
21076.1
21305.5
25156.4
25331.5
25538.8
25664.8
25878.8
25882.8
25968.211
25968.4
25969.1
26099.5
26222.8
26376.8
26512.211
26512.4
26513.1
26572.5
26633.4
26718.5
26835.8
26851.8
26937.8
27292.211
27292.4
27293.1
27425.5
27689.8
27700.8
27868.8
27896.8
28167.211
28167.4
28168.1
28203.5
28308.4
28397.5
28502.8
28515.8
28521.8
28635.8
28922.8
29014.211
29014.4
29015.1
29046.5
29269.8
29474.8
29606.8
29682.211
29682.4
29683.1
30223.5
30376.4
30409.5
30478.8
30518.8
30528.8
30729.8
30744.8
30756.8
31127.4
31128.212
31223.5
31228.2
31728.3
32090.4
32228.1
32248.5
33818.4
33987.5
34688.8
34913.8
35024.211
35024.4
35025.1
35061.5
35255.8
35263.8
35273.8
35402.8
35425.8
35429.8
35843.211
35843.4
35844.1
35935.5
36167.8
36790.4
36791.212
36876.5
36891.2
37391.3
37891.1
37983.4
38066.5
43046.8
43417.211
43417.4
43418.1
43452.5
43741.4
43784.5
44135.8
44158.8
44408.8
44571.211
44571.4
44572.1
44628.5
44984.8
45180.8
45198.8
45200.8
45373.211
45373.4
45374.1
45460.5
45700.8
45871.8
45905.8
46277.211
46277.4
46278.1
46316.5
46426.4
46493.5
46618.8
47015.8
47260.4
47261.212
47361.2
47371.5
47861.3
48361.1
48371.4
48459.5
48599.4
48727.5
50843.4
50966.5
51344.8
51697.8
51820.211
51820.4
51821.1
51853.5
51995.4
51996.5
51998.4
52035.5
53450.8
53537.8
53669.211
53669.4
53670.1
53699.5
53781.8
53952.8
54416.8
54474.4
54475.212
54575.2
54584.5
55075.3
55575.1
55717.4
55722.5
55730.4
55840.5
57637.8
57803.8
57894.8
58209.211
58209.4
58210.1
58467.5
59066.8
59081.8
59281.8
59550.211
59550.4
59551.1
60293.5
60577.4
60697.5
60891.8
61091.8
61481.8
61501.8
61569.4
61570.212
61669.5
61670.2
62170.3
62670.1
65032.4
65099.5
65991.8
65997.8
66223.8
66293.211
66293.4
66294.1
66459.5
66747.8
67421.4
67422.212
67501.5
67522.2
68022.3
68522.1
68630.4
68633.5
68634.4
68795.5
74290.8
74449.8
74534.211
74534.4
74535.1
74564.5
74719.8
75051.8
75148.211
75148.4
75149.1
75187.5
75447.8
75876.211
75876.4
75877.1
75915.5
76479.8
76965.211
76965.4
76966.1
76999.5
78706.8
78856.8
78996.8
79090.211
79090.4
79091.1
79122.5
79222.8
79752.211
79752.4
79753.1
79790.5
80214.8
80411.8
80427.8
80554.8
80661.8
80782.211
80782.4
80783.1
80816.5
81934.8
81965.8
82410.211
82410.4
82411.1
82448.5
83280.8
83562.211
83562.4
83563.1
83593.5
83660.8
83788.8
84319.4
84320.212
84403.5
84420.2
84920.3
85297.4
85420.1
85450.5
88922.8
88926.8
88929.8
88974.8
89062.8
89151.211
89151.4
89152.1
89180.5
103057.8
104045.4
104046.212
104146.2
104156.5
104646.3
104938.4
104940.5
104944.4
105128.5
105146.1
106727.8
107542.4
107543.212
107625.5
107643.2
108120.4
108121.5
108124.4
108143.3
108571.5
108643.1
110006.8
110219.211
110219.4
110220.1
110250.5
111704.8
111787.211
111787.4
111788.1
111817.5
112406.8
113083.4
113084.212
113184.2
113353.5
113684.3
114184.1
114376.8
114511.8
114647.211
114647.4
114648.1
114680.5
115361.4
115412.5
116781.4
116807.5
118143.8
118198.8
118256.211
118256.4
118257.1
118285.5
119216.8
119273.211
119273.4
119274.1
119305.5
121552.8
121631.211
121631.4
121632.1
121670.5
123104.8
123240.211
123240.4
123241.1
123274.5
123868.8
123961.211
123961.4
123962.1
123993.5
124374.8
124514.8
124684.8
124700.8
124769.211
124769.4
124770.1
124801.5
125573.8
125591.8
125707.8
125865.211
125865.4
125866.1
125903.5
127096.8
127525.8
127583.211
127583.4
127584.1
127688.5
132273.4
132277.5
132282.4
132300.5
132974.4
133003.5
136171.8
136824.4
136825.212
136915.5
136925.2
137425.3
137855.4
137898.5
137925.1
139209.4
139450.5
140786.8
141341.211
141341.4
141342.1
141400.5
141473.8
142086.4
142087.212
142187.2
142214.5
142687.3
143187.1
143190.4
143401.5
146219.4
146246.5
160276.8
160331.8
160392.211
160392.4
160393.1
160422.5
160993.8
161314.211
161314.4
161315.1
161440.5
161816.8
161918.211
161918.4
161919.1
161951.5
162977.8
163034.8
163408.211
163408.4
163409.1
163457.5
166232.8
166296.211
166296.4
166297.1
166326.5
166664.8
167358.4
167359.212
167364.5
167369.4
167459.2
167481.5
167683.4
167747.5
167959.3
168459.1
168989.8
169004.8
169008.8
169012.8
169048.8
169225.211
169225.4
169226.1
169283.5
169896.8
170028.8
170132.211
170132.4
170133.1
170392.5
170478.4
170702.5
171026.4
171152.5
171292.8
171459.8
171602.8
171714.211
171714.4
171715.1
171748.5
172523.4
172594.5
172792.4
172874.5
178130.8
178200.211
178200.4
178201.1
178244.5
178255.4
178307.5
179139.4
180000.9
123456789
12
16
15
12
16
15
10
FI
2
2
10
50
03
11
23
03
6
2
644
0
0
0
314159265
27
151
142
180000
314159265
0.1
316.8
372.211
372.4
373.1
435.5
495.8
1149.4
1150.212
1248.5
1250.2
1750.3
2250.1
2290.4
2433.5
2529.8
2559.8
3285.4
3286.212
3361.5
3386.2
3886.3
4266.4
4386.1
4796.5
5344.8
5778.211
5778.4
5779.1
5941.5
6146.8
6163.8
6321.8
6534.8
6549.8
6759.4
6760.212
6842.5
6860.2
7027.4
7112.5
7248.4
7360.3
7555.5
7860.1
8352.4
8613.5
9479.8
9488.8
9499.8
9787.211
9787.4
9788.1
10197.5
10371.8
10484.8
10675.8
10690.8
10693.8
10818.8
10961.211
10961.4
10962.1
11107.5
11111.4
11199.5
11331.8
11346.8
11614.8
11644.8
11662.8
11921.211
11921.4
11922.1
12215.5
12245.4
12337.5
12484.8
12983.8
13110.4
13111.212
13211.2
13216.5
13711.3
14211.1
14326.4
14595.5
14803.8
15156.8
15298.8
15308.8
15394.211
15394.4
15395.1
15616.5
16089.8
16112.8
16404.211
16404.4
16405.1
16578.5
16767.8
16942.8
17108.211
17108.4
17109.1
17147.5
17278.4
17393.5
17475.8
18011.8
18077.4
18078.212
18166.5
18178.2
18678.3
19067.4
19178.1
19476.5
20361.4
20482.5
20795.8
20842.8
21034.8
21529.4
21530.212
21617.5
21630.2
22130.3
22630.1
22923.4
23248.5
25304.8
25539.8
25776.211
25776.4
25777.1
25861.5
26013.8
26180.8
26189.8
26488.8
26754.4
26755.212
26835.5
26855.2
27355.3
27855.1
28052.4
28189.5
28681.8
28725.8
29310.4
29311.212
29411.2
29435.5
29732.4
29911.3
30097.5
30411.1
30726.8
30868.8
31061.8
31230.211
31230.4
31231.1
31277.5
31501.8
31531.8
32111.4
32112.212
32184.5
32212.2
32712.3
33212.1
33218.4
33412.5
34279.8
34346.8
34510.8
34732.211
34732.4
34733.1
34833.5
35072.8
35719.4
35720.212
35814.5
35820.2
36320.3
36820.1
37058.4
37247.5
37772.8
37932.8
38088.8
38238.211
38238.4
38239.1
38297.5
38490.4
38564.5
39602.8
39949.211
39949.4
39950.1
39999.5
40014.4
40098.5
40300.8
40908.4
40909.212
41009.2
41030.5
41509.3
42009.1
42323.4
42422.5
42926.8
43374.211
43374.4
43375.1
43408.5
43442.4
43478.5
43635.8
43955.8
44037.211
44037.4
44038.1
44076.5
44304.8
44319.8
44886.211
44886.4
44887.1
45107.5
45284.8
45294.8
45508.8
45902.4
45903.212
46003.2
46067.5
46397.4
46503.3
46810.5
47003.1
47200.8
47388.8
47685.211
47685.4
47686.1
47857.5
48061.8
48375.8
48614.211
48614.4
48615.1
48852.5
49052.8
49772.4
49773.212
49861.5
49873.2
50373.3
50844.4
50873.1
51376.5
51502.4
51590.5
51920.8
51924.8
52166.8
52181.8
52360.8
52565.4
52566.212
52648.5
52666.2
53166.3
53666.1
53686.4
54265.5
54714.8
55251.211
55251.4
55252.1
55349.5
55640.8
55663.8
55670.8
55854.8
56002.211
56002.4
56003.1
56075.5
56254.8
56864.4
56865.212
56946.5
56965.2
57465.3
57965.1
58059.4
58141.5
58328.4
58603.5
59396.4
59520.5
60985.8
61355.211
61355.4
61356.1
61491.5
62447.8
62450.8
62702.8
62963.211
62963.4
62964.1
62993.5
63321.8
64111.4
64112.212
64206.5
64212.2
64712.3
65200.4
65212.1
65457.5
65590.8
66079.8
66164.211
66164.4
66165.1
66194.5
66285.8
66381.8
66607.8
66764.8
67009.8
67390.4
67391.212
67480.5
67491.2
67991.3
68491.1
68582.4
68851.5
68985.4
69163.5
69281.4
69389.5
70163.8
70411.8
70470.211
70470.4
70471.1
70508.5
70834.8
71278.211
71278.4
71279.1
71312.5
71822.4
71898.5
71974.8
72142.8
72724.4
72725.212
72813.5
72825.2
73325.3
73825.1
73928.4
74156.5
75112.4
75134.5
75702.4
75735.5
76428.4
76441.5
77152.4
77191.5
78005.4
78027.5
79173.4
79194.5
79977.4
79999.5
80680.8
80968.211
80968.4
80969.1
81000.5
81287.8
81485.8
81858.211
81858.4
81859.1
81889.5
82153.8
82335.8
82756.4
82757.212
82844.5
82857.2
83357.3
83857.1
84118.4
84272.5
84770.4
84790.5
90094.4
90114.5
90195.8
90379.8
90620.8
90905.4
90906.212
91006.2
91009.5
91506.3
92006.1
92079.4
92195.5
92815.8
92822.8
93247.211
93247.4
93248.1
93283.5
94606.4
94641.5
96167.4
96201.5
97253.4
97283.5
98407.8
98476.211
98476.4
98477.1
98505.5
99902.4
99942.5
100125.8
100515.8
100657.211
100657.4
100658.1
100710.5
100859.8
101328.211
101328.4
101329.1
101359.5
101622.4
101645.5
103567.4
103595.5
104766.4
104781.5
106500.4
106526.5
107701.4
107732.5
108587.8
108634.8
108676.8
109325.4
109326.212
109426.2
109451.5
109511.4
109554.5
109926.3
110426.1
110468.4
110790.5
114229.4
114356.5
116616.8
116937.211
116937.4
116938.1
117027.5
117368.8
117871.211
117871.4
117872.1
117899.5
118325.4
118372.5
118720.8
118722.8
119102.211
119102.4
119103.1
119156.5
119662.4
119717.5
120074.8
120079.8
120541.211
120541.4
120542.1
120574.5
121049.8
121457.211
121457.4
121458.1
121517.5
121982.8
122594.4
122595.212
122680.5
122695.2
123195.3
123695.1
125287.8
125342.8
125663.211
125663.4
125664.1
125697.5
131817.8
132067.211
132067.4
132068.1
132150.5
132370.8
132509.8
132975.4
132976.212
133058.5
133076.2
133576.3
133964.4
134076.1
134164.5
135074.8
135087.8
135700.4
135701.212
135787.5
135801.2
136301.3
136708.4
136801.1
136877.5
137276.8
137860.211
137860.4
137861.1
137890.5
139066.8
139403.211
139403.4
139404.1
139444.5
140342.4
140344.5
140349.4
140361.5
142531.8
142534.8
143158.4
143159.212
143259.2
143287.5
143759.3
144259.1
144279.4
144448.5
145789.8
145854.211
145854.4
145855.1
145858.5
147784.8
148131.211
148131.4
148132.1
148154.5
149021.8
149369.211
149369.4
149370.1
149401.5
149935.8
150212.211
150212.4
150213.1
150421.5
150991.8
151404.8
151595.8
151656.4
151657.212
151755.5
151757.2
152257.3
152757.1
156928.4
156985.5
159120.8
159597.211
159597.4
159598.1
159600.5
159804.8
160265.211
160265.4
160266.1
160300.5
161047.8
161333.211
161333.4
161334.1
161386.5
162967.4
162991.5
165530.8
165741.211
165741.4
165742.1
165761.5
168623.8
169050.211
169050.4
169051.1
169081.5
169143.8
169763.4
169764.212
169856.5
169864.2
170364.3
170864.1
178876.4
180000.9
123456789
12
17
15
12
17
15
10
FI
2
2
10
48
00
11
21
00
6
2
611
0
0
0
314159265
17
148
133
180000
314159265
0.1
565.4
677.5
955.8
1035.211
1035.4
1036.1
1057.5
1244.4
1258.5
1268.4
1313.5
1380.8
1627.8
1957.211
1957.4
1958.1
2038.5
2313.8
2322.8
2671.211
2671.4
2672.1
2771.5
3173.4
3190.5
3191.4
3374.5
3566.8
4139.211
4139.4
4140.1
4164.5
4273.4
4329.5
4400.8
4410.8
5129.4
5130.212
5209.5
5230.2
5730.3
6148.4
6230.1
6360.5
7056.8
7059.8
7513.8
7565.211
7565.4
7566.1
7670.5
8205.8
8224.8
8598.8
8616.8
9069.4
9070.212
9164.5
9170.2
9367.4
9370.5
9371.4
9539.5
9670.3
10170.1
10432.8
10453.8
10559.8
10782.211
10782.4
10783.1
11043.5
11357.8
11804.8
11881.211
11881.4
11882.1
11914.5
12138.8
12148.8
12217.8
12779.8
12834.4
12835.212
12917.5
12935.2
13435.3
13810.4
13935.1
13979.5
15705.8
15936.211
15936.4
15937.1
16049.5
16222.8
16711.211
16711.4
16712.1
16768.5
17548.8
17942.211
17942.4
17943.1
17974.5
18142.8
18247.8
18255.8
18321.8
18363.8
18721.211
18721.4
18722.1
18756.5
19027.8
19046.8
19389.8
19847.4
19848.212
19948.2
20158.5
20448.3
20948.1
21173.8
21413.211
21413.4
21414.1
21442.5
21602.8
21845.8
22013.8
22158.211
22158.4
22159.1
22187.5
22579.8
22639.8
22646.8
22744.8
23063.8
23123.211
23123.4
23124.1
23150.5
23881.8
24409.211
24409.4
24410.1
24445.5
25344.4
25365.5
25655.8
26022.8
26219.8
26314.4
26315.212
26415.2
26418.5
26841.4
26915.3
27030.5
27415.1
27434.8
28189.4
28190.212
28290.2
28327.5
28790.3
29232.4
29290.1
29457.5
32467.8
32770.211
32770.4
32771.1
32932.5
33154.8
33492.211
33492.4
33493.1
33534.5
34317.4
34343.5
36171.8
36295.8
36505.211
36505.4
36506.1
36638.5
36708.8
36910.8
37056.8
37077.8
37207.211
37207.4
37208.1
37250.5
37399.8
37505.8
37544.8
37992.211
37992.4
37993.1
38051.5
38573.4
38601.5
38735.8
38958.8
38985.8
39214.211
39214.4
39215.1
39249.5
39444.8
39664.8
39888.8
39940.211
39940.4
39941.1
39980.5
40180.4
40576.5
40733.8
40837.8
41442.4
41443.212
41526.5
41543.2
42043.3
42368.4
42543.1
42567.5
43211.8
43240.8
43437.8
43586.211
43586.4
43587.1
43618.5
44204.8
44216.8
44491.211
44491.4
44492.1
44525.5
44903.8
45396.211
45396.4
45397.1
45436.5
45671.8
46141.8
46267.211
46267.4
46268.1
46301.5
46649.8
46702.8
47179.8
47203.8
47287.4
47288.212
47386.5
47388.2
47447.4
47506.5
47888.3
48386.4
48388.1
48689.5
49403.4
49483.5
49919.8
50495.211
50495.4
50496.1
50746.5
50925.8
51472.211
51472.4
51473.1
51503.5
52329.4
52373.5
52610.8
52782.8
53062.211
53062.4
53063.1
53131.5
53929.8
54141.8
54251.211
54251.4
54252.1
54284.5
55272.8
55521.8
55924.8
55982.4
55983.212
56083.2
56140.5
56229.4
56266.5
56583.3
57062.4
57083.1
57190.5
57307.4
57556.5
60940.8
61273.8
61307.8
61460.211
61460.4
61461.1
61492.5
61668.8
61793.8
62114.8
62212.211
62212.4
62213.1
62357.5
62633.8
63116.211
63116.4
63117.1
63206.5
63910.4
63939.5
64990.8
65688.4
65689.212
65768.5
65789.2
66289.3
66649.4
66789.1
66835.5
67519.8
68145.4
68146.212
68235.5
68246.2
68746.3
69076.4
69246.1
69266.5
69416.8
69752.211
69752.4
69753.1
69789.5
70239.4
70259.5
71117.8
71179.211
71179.4
71180.1
71204.5
71993.4
72016.5
72902.8
73077.211
73077.4
73078.1
73119.5
73722.8
73989.8
74191.211
74191.4
74192.1
74227.5
74865.8
75026.8
75047.8
75061.8
75188.211
75188.4
75189.1
75215.5
76610.8
76913.211
76913.4
76914.1
76917.5
76920.4
76988.5
77054.8
77809.4
77810.212
77882.5
77910.2
78410.3
78910.1
79264.8
79389.8
79525.8
79680.211
79680.4
79681.1
79710.5
81513.8
81836.211
81836.4
81837.1
81864.5
85023.8
85358.211
85358.4
85359.1
85387.5
86083.8
86407.211
86407.4
86408.1
86483.5
87045.8
87451.211
87451.4
87452.1
87482.5
88332.8
88943.4
88944.212
89044.2
89053.5
89544.3
89822.4
89959.5
90044.1
95413.4
95414.5
95417.4
95446.5
97136.4
97229.5
97362.8
97846.211
97846.4
97847.1
97872.5
99980.8
100321.211
100321.4
100322.1
100347.5
100615.8
100865.211
100865.4
100866.1
100896.5
103990.8
104465.211
104465.4
104466.1
104494.5
107309.4
107335.5
117496.8
117619.8
117945.211
117945.4
117946.1
118098.5
118106.4
118199.5
118398.4
118405.5
118419.4
118461.5
118463.4
118552.5
118558.4
118621.5
119115.8
119532.211
119532.4
119533.1
119644.5
119664.4
119687.5
119905.8
120396.8
120587.4
120588.212
120677.5
120688.2
121188.3
121372.4
121374.5
121377.4
121688.1
121786.5
122141.4
122180.5
122492.8
122734.211
122734.4
122735.1
122792.5
122878.8
123134.211
123134.4
123135.1
123192.5
128435.4
128541.5
128653.8
129313.4
129314.212
129400.5
129414.2
129914.3
130066.4
130177.5
130256.4
130414.1
130438.5
131735.4
132020.5
134152.4
134295.5
136209.8
136677.211
136677.4
136678.1
136709.5
136810.8
137188.211
137188.4
137189.1
137220.5
141007.8
141017.8
141393.211
141393.4
141394.1
141422.5
141731.8
142440.4
142441.212
142541.2
142542.5
143041.3
143541.1
144472.8
144663.8
144727.211
144727.4
144728.1
144799.5
145072.8
145223.8
145614.211
145614.4
145615.1
145647.5
146151.8
146306.8
146568.211
146568.4
146569.1
146617.5
147058.8
147138.211
147138.4
147139.1
147168.5
147305.8
147667.211
147667.4
147668.1
147741.5
156419.8
156845.211
156845.4
156846.1
156875.5
162019.4
162036.5
162606.8
162919.211
162919.4
162920.1
162988.5
163986.8
166383.8
166489.8
166913.4
166914.212
167007.5
167014.2
167514.3
167731.4
167943.5
168014.1
172889.4
172892.5
172893.4
172984.5
173887.8
174097.211
174097.4
174098.1
180000.9
123456789
12
18
15
12
18
15
10
FI
2
2
10
50
02
11
23
02
6
2
826
0
0
0
314159265
17
219
179
180000
314159265
0.1
445.4
527.5
593.8
1082.8
1113.8
1196.4
1197.212
1279.5
1297.2
1364.4
1420.5
1541.4
1606.5
1745.4
1797.3
2297.1
3346.5
3736.8
3746.8
3894.8
4053.211
4053.4
4054.1
4650.5
4719.8
4859.8
5001.8
5287.211
5287.4
5288.1
5535.5
5629.8
5931.211
5931.4
5932.1
6022.5
6185.8
6187.8
6202.8
6539.211
6539.4
6540.1
6775.5
6776.4
6784.5
6948.8
6980.8
7197.211
7197.4
7198.1
7353.5
7515.8
7567.8
7582.8
7799.8
7927.8
7946.8
7954.8
8091.211
8091.4
8092.1
8236.5
8904.8
9041.8
9047.8
9224.211
9224.4
9225.1
9530.5
9618.8
9706.8
9880.8
9894.8
10124.8
10142.8
10299.4
10300.212
10400.2
10409.5
10900.3
11171.4
11400.1
11667.5
12418.8
12592.211
12592.4
12593.1
12716.5
13420.8
13455.8
13644.211
13644.4
13645.1
13892.5
14082.8
14090.8
14104.8
14264.8
14285.8
14306.8
14519.211
14519.4
14520.1
14847.5
14926.8
15337.8
15343.8
15484.211
15484.4
15485.1
15519.5
15965.8
16065.8
16420.8
16479.211
16479.4
16480.1
16634.5
16863.8
17016.8
17218.8
17233.8
17329.211
17329.4
17330.1
17363.5
17828.8
17854.8
18152.211
18152.4
18153.1
18211.5
18427.4
18644.5
18758.8
18855.8
19124.8
19300.211
19300.4
19301.1
19347.5
19512.8
19522.8
19589.8
19781.8
19948.211
19948.4
19949.1
20093.5
20217.8
20669.211
20669.4
20670.1
20703.5
21077.8
21198.8
21419.8
21484.211
21484.4
21485.1
21519.5
21566.4
21707.5
21887.8
22420.211
22420.4
22421.1
22450.5
22650.8
22819.8
23085.211
23085.4
23086.1
23130.5
23198.8
23229.8
23329.8
23607.8
23715.8
23861.4
23862.212
23941.5
23962.2
24462.3
24673.4
24962.1
25309.5
25464.4
25636.5
27161.4
27396.5
27398.4
27400.5
27482.8
27702.8
28017.211
28017.4
28018.1
28050.5
28179.8
28202.8
28279.8
28749.211
28749.4
28750.1
28854.5
29334.4
29359.5
29449.8
29809.8
29996.211
29996.4
29997.1
30051.5
30247.8
30392.8
30789.211
30789.4
30790.1
30828.5
31078.8
31371.8
31560.8
31567.8
31683.4
31684.212
31772.5
31784.2
32284.3
32702.4
32784.1
32815.5
32938.4
33102.5
33267.4
33315.5
33940.8
34108.8
34751.4
34752.212
34852.2
34852.5
34977.4
35053.5
35352.3
35852.1
35903.4
36117.5
39663.8
40112.211
40112.4
40113.1
40368.5
41317.4
41658.5
41837.8
41849.8
41863.8
41930.8
42109.211
42109.4
42110.1
42241.5
42246.4
42262.5
42265.4
42268.5
42374.8
42376.8
42552.8
42654.211
42654.4
42655.1
42689.5
42717.4
43083.5
43318.8
43605.211
43605.4
43606.1
43641.5
43684.4
43751.5
43894.8
43983.8
44248.8
44265.8
44521.4
44522.212
44608.5
44622.2
45069.4
45122.3
45493.5
45622.1
45941.8
46011.8
46610.4
46611.212
46692.5
46711.2
47211.3
47711.1
47776.4
48294.5
48454.4
48493.5
48674.8
48751.8
48928.8
49153.211
49153.4
49154.1
49266.5
49495.8
49909.8
50013.211
50013.4
50014.1
50067.5
50084.4
50267.5
50428.8
50890.211
50890.4
50891.1
50925.5
51257.8
51280.8
51554.8
51689.211
51689.4
51690.1
51725.5
52071.8
52081.8
52465.211
52465.4
52466.1
52499.5
52864.8
53195.8
53413.211
53413.4
53414.1
53459.5
53709.8
53777.8
54222.8
54406.4
54407.212
54489.5
54507.2
55007.3
55479.4
55507.1
55621.5
56785.4
57126.5
57443.8
57832.8
58069.4
58070.212
58169.5
58170.2
58670.3
59170.1
59337.4
59512.5
61253.4
61398.5
61844.8
62231.8
62238.8
62346.211
62346.4
62347.1
62509.5
62873.8
63339.211
63339.4
63340.1
63375.5
63851.8
64181.8
64199.8
64232.8
64297.211
64297.4
64298.1
64334.5
64860.8
64973.8
65183.8
65247.211
65247.4
65248.1
65346.5
65349.4
65355.5
66244.8
66385.8
66723.211
66723.4
66724.1
66766.5
67267.8
67666.8
67731.211
67731.4
67732.1
67771.5
68698.8
69261.211
69261.4
69262.1
69294.5
69514.8
69543.8
69747.8
69869.8
70156.4
70157.212
70250.5
70257.2
70757.3
71141.4
71257.1
71333.5
71840.8
72186.8
72458.4
72459.212
72551.5
72559.2
73059.3
73559.1
74203.8
74322.211
74322.4
74323.1
74348.5
74791.8
75128.211
75128.4
75129.1
75162.5
75654.8
75779.8
75975.8
76103.211
76103.4
76104.1
76134.5
76667.8
76724.211
76724.4
76725.1
76765.5
77029.8
77414.8
77807.4
77808.212
77908.2
77913.5
78201.4
78327.5
78408.3
78504.4
78908.1
79124.5
79958.8
80055.211
80055.4
80056.1
80073.5
82243.8
82397.8
82597.211
82597.4
82598.1
82632.5
82639.4
82761.5
82872.4
82968.5
83037.8
83378.8
83513.211
83513.4
83514.1
83571.5
83899.8
83909.8
83927.8
84168.8
84258.211
84258.4
84259.1
84305.5
84438.8
84737.211
84737.4
84738.1
84778.5
85057.8
85136.8
85256.211
85256.4
85257.1
85307.5
85543.8
85928.211
85928.4
85929.1
85963.5
86322.8
86398.211
86398.4
86399.1
86421.5
86831.8
87072.211
87072.4
87073.1
87101.5
87335.8
87515.8
87769.211
87769.4
87770.1
87809.5
88631.8
88696.211
88696.4
88697.1
88726.5
89050.4
89080.5
93363.8
93633.8
93737.8
93991.4
93992.212
94090.5
94092.2
94592.3
94922.4
95092.1
95146.5
95831.4
95897.5
96456.8
96551.211
96551.4
96552.1
96575.5
97555.4
97583.5
98590.8
98663.211
98663.4
98664.1
98693.5
98780.8
99319.211
99319.4
99320.1
99353.5
99718.8
99913.8
100160.211
100160.4
100161.1
100200.5
101935.4
101993.5
102646.4
102669.5
104258.8
104711.211
104711.4
104712.1
104734.5
105415.4
105440.5
107495.8
107741.211
107741.4
107742.1
107775.5
108045.8
108048.8
108122.8
108212.211
108212.4
108213.1
108243.5
108290.8
108642.211
108642.4
108643.1
108679.5
109088.8
109421.211
109421.4
109422.1
109456.5
110101.8
110107.8
110532.211
110532.4
110533.1
110593.5
111038.4
111042.5
111725.8
111929.8
112276.211
112276.4
112277.1
112305.5
112686.8
113143.211
113143.4
113144.1
113175.5
113523.8
113977.211
113977.4
113978.1
114105.5
114172.8
114532.211
114532.4
114533.1
114555.5
116775.8
116941.8
117312.211
117312.4
117313.1
117341.5
117829.8
118281.8
118375.211
118375.4
118376.1
118407.5
119712.4
119826.5
123771.4
123814.5
129219.8
129864.4
129865.212
129953.5
129965.2
130465.3
130547.4
130871.5
130904.4
130906.5
130965.1
134348.4
134353.5
134358.4
134535.5
134743.4
134948.5
135076.4
135084.5
135085.4
135106.5
135250.4
135342.5
138203.8
139102.4
139103.212
139191.5
139203.2
139703.3
139930.4
140083.5
140089.4
140091.5
140203.1
140713.4
140715.5
140716.4
140718.5
143671.4
143696.5
143699.4
143745.5
143804.8
144417.4
144418.212
144516.5
144518.2
145018.3
145518.1
145865.4
146029.5
146424.8
146866.211
146866.4
146867.1
146914.5
147028.8
147323.211
147323.4
147324.1
147324.5
147325.4
147371.5
148090.8
148259.211
148259.4
148260.1
148286.5
148977.8
149215.211
149215.4
149216.1
149631.5
149742.4
149837.5
150098.8
150534.211
150534.4
150535.1
150792.5
150805.4
150920.5
151649.4
151832.5
152111.8
152452.211
152452.4
152453.1
152481.5
152770.8
152830.211
152830.4
152831.1
152869.5
155577.8
155744.211
155744.4
155745.1
155780.5
157268.8
157439.211
157439.4
157440.1
157472.5
158080.8
158256.8
158504.211
158504.4
158505.1
158601.5
159410.4
159445.5
161563.4
161615.5
163859.4
163902.5
164403.8
164665.8
164666.8
164725.211
164725.4
164726.1
164787.5
165486.4
165487.5
165491.4
165513.5
165689.8
166159.211
166159.4
166160.1
166185.5
166242.8
166737.211
166737.4
166738.1
166768.5
168121.8
168792.4
168793.212
168893.2
168894.5
169393.3
169627.4
169893.1
169970.5
173061.4
173118.5
174946.8
175525.211
175525.4
175526.1
175564.5
176172.8
176185.8
176681.211
176681.4
176682.1
176711.5
178376.8
178786.8
178912.211
178912.4
178913.1
178945.5
179076.8
179507.211
179507.4
179508.1
180000.9
123456789
12
19
15
12
19
15
10
FI
2
2
10
47
15
11
20
15
6
2
938
0
0
0
314159265
38
273
189
180000
314159265
0.1
455.4
541.5
916.8
1026.8
1146.211
1146.4
1147.1
1172.5
1338.4
1388.5
1449.8
1993.211
1993.4
1994.1
2072.5
2130.8
2147.8
2436.8
2784.4
2785.212
2870.5
2885.2
3385.3
3648.4
3885.1
3998.5
4163.8
4472.8
4487.8
4619.211
4619.4
4620.1
4761.5
5205.8
5379.8
5393.8
5780.8
5880.4
5881.212
5981.2
5985.5
6481.3
6890.4
6981.1
7158.5
7388.8
7908.8
8014.4
8015.212
8095.5
8115.2
8615.3
9084.4
9115.1
9399.5
9586.8
9597.8
9899.8
10156.8
10244.4
10245.212
10330.5
10345.2
10845.3
11042.4
11215.5
11345.1
11399.4
11496.5
11921.8
12004.8
12353.211
12353.4
12354.1
12533.5
13329.4
13621.5
13784.8
13791.8
14473.4
14474.212
14574.2
14642.5
15074.3
15482.4
15574.1
15658.5
16001.8
16041.8
16415.211
16415.4
16416.1
16453.5
16559.4
16628.5
16905.8
17314.211
17314.4
17315.1
17351.5
17465.4
17556.5
17699.8
17927.8
17987.8
18145.211
18145.4
18146.1
18180.5
18257.4
18391.5
18414.4
18420.5
18633.8
18660.8
18666.8
18855.8
18867.8
19022.211
19022.4
19023.1
19060.5
19164.4
19227.5
19355.8
19627.8
19643.8
19832.211
19832.4
19833.1
19865.5
19942.4
19988.5
20115.8
20128.8
20357.8
20373.8
20513.211
20513.4
20514.1
20550.5
21293.4
21323.5
21397.4
21434.5
21438.4
21572.5
21700.8
21729.8
21801.8
21997.8
22150.211
22150.4
22151.1
22178.5
22366.8
22511.8
22512.8
22679.8
22687.8
22704.8
22837.211
22837.4
22838.1
22970.5
23131.8
23496.8
23577.211
23577.4
23578.1
23608.5
23893.8
23913.8
24467.8
24514.4
24515.212
24597.5
24615.2
24918.4
25037.5
25115.3
25119.4
25168.5
25615.1
25722.4
25775.5
25950.8
25983.8
26008.8
26172.8
26392.8
26452.211
26452.4
26453.1
26500.5
27063.8
27086.8
27362.211
27362.4
27363.1
27419.5
27714.8
28197.8
28260.211
28260.4
28261.1
28299.5
28380.4
28567.5
28727.8
28859.8
29037.8
29060.8
29194.211
29194.4
29195.1
29229.5
29385.8
29470.8
29809.211
29809.4
29810.1
29835.5
30029.8
30166.8
30326.8
30349.8
30377.8
30543.211
30543.4
30544.1
30573.5
30810.8
30816.8
30844.8
31081.8
31111.8
31261.8
31269.8
31271.8
31284.8
31353.211
31353.4
31354.1
31396.5
31599.8
31667.8
31748.8
32094.211
32094.4
32095.1
32141.5
32357.8
32368.8
32458.8
32588.8
32979.8
33068.4
33069.212
33169.2
33206.5
33669.3
34128.4
34169.1
34276.5
34867.8
34874.8
35136.8
35314.8
35317.8
35486.4
35487.212
35581.5
35587.2
36087.3
36399.4
36587.1
37022.5
37362.8
37784.8
37927.211
37927.4
37928.1
37964.5
38126.4
38195.5
39197.4
39253.5
39717.8
39720.8
39869.8
39907.8
40226.8
40246.8
40258.8
40262.8
40399.4
40400.212
40489.5
40500.2
41000.3
41242.4
41318.5
41380.4
41500.1
41790.5
41931.4
42156.5
42766.4
43620.5
45001.4
45055.5
45227.8
45503.211
45503.4
45504.1
45563.5
45566.4
45580.5
45850.8
45886.8
46311.211
46311.4
46312.1
46347.5
46499.8
47137.4
47138.212
47215.5
47238.2
47738.3
48133.4
48238.1
48356.5
49565.8
49568.8
49583.8
49859.211
49859.4
49860.1
49898.5
50024.4
50123.5
50327.8
50349.8
50706.8
50997.4
50998.212
51082.5
51098.2
51598.3
52098.1
52502.4
52920.5
55693.4
55808.5
56014.8
56683.4
56684.212
56769.5
56784.2
57284.3
57784.1
57947.4
58182.5
60269.4
60387.5
60821.8
61291.211
61291.4
61292.1
61379.5
61575.8
61591.8
61719.8
61997.211
61997.4
61998.1
62037.5
62268.4
62315.5
62486.8
62649.8
62912.211
62912.4
62913.1
62954.5
63192.8
63334.8
63353.8
63441.8
63454.8
63666.8
63764.211
63764.4
63765.1
63894.5
64214.8
64551.8
64733.8
64882.4
64883.212
64973.5
64983.2
65483.3
65933.4
65983.1
66090.5
66394.4
66553.5
67286.8
67730.211
67730.4
67731.1
67787.5
67996.4
68036.5
68243.8
68247.8
68747.211
68747.4
68748.1
68784.5
69016.8
69020.8
69026.8
69585.211
69585.4
69586.1
69623.5
69889.8
70215.211
70215.4
70216.1
70241.5
71944.8
72217.8
72280.211
72280.4
72281.1
72319.5
72413.8
72633.8
72759.8
72924.211
72924.4
72925.1
72960.5
73534.8
73770.8
73779.8
73912.8
73932.8
73939.8
73943.8
74082.211
74082.4
74083.1
74125.5
74469.8
75022.211
75022.4
75023.1
75066.5
75534.8
76012.8
76093.211
76093.4
76094.1
76127.5
76145.4
76169.5
76381.8
76575.8
76693.8
76724.8
76950.211
76950.4
76951.1
76980.5
77486.8
77639.8
77873.8
77886.8
77901.8
77931.8
78041.8
78048.8
78053.8
78118.4
78119.212
78197.5
78219.2
78719.3
79120.4
79219.1
79343.5
79877.8
80561.8
80734.4
80735.212
80835.2
80844.5
81335.3
81623.4
81799.5
81835.1
82349.8
82356.8
83329.4
83330.212
83416.5
83430.2
83930.3
84430.1
84437.4
84780.5
86614.8
86977.211
86977.4
86978.1
87049.5
88553.4
88642.5
88767.8
88802.8
89359.211
89359.4
89360.1
89405.5
89677.8
90257.211
90257.4
90258.1
90292.5
90509.8
90830.8
90864.8
90871.8
90997.211
90997.4
90998.1
91029.5
91364.8
91921.8
92096.4
92097.212
92166.5
92197.2
92697.3
93197.1
93201.4
93392.5
94153.8
94384.8
94420.8
94487.211
94487.4
94488.1
94524.5
95040.8
95381.8
95385.8
95647.4
95648.212
95735.5
95748.2
96248.3
96712.4
96748.1
96906.5
97383.8
98167.4
98168.212
98268.2
98273.5
98768.3
99268.1
99432.4
99639.5
100334.8
100743.211
100743.4
100744.1
100782.5
100948.4
101002.5
101195.8
101840.4
101841.212
101941.2
101953.5
102441.3
102941.1
103147.4
103333.5
103593.8
103899.8
104260.4
104261.212
104361.2
104381.5
104861.3
105361.1
105474.4
105820.5
106340.8
106358.8
106611.8
106845.211
106845.4
106846.1
106880.5
107205.8
108021.4
108022.212
108122.2
108127.5
108622.3
109122.1
109262.4
109507.5
111631.8
112170.211
112170.4
112171.1
112216.5
112628.8
113036.211
113036.4
113037.1
113071.5
113477.8
113585.8
113695.8
113819.211
113819.4
113820.1
113852.5
113993.8
114024.8
114675.8
114682.8
114758.4
114759.212
114859.2
114863.5
115359.3
115859.1
116048.4
116174.5
116455.8
117075.4
117076.212
117159.5
117176.2
117676.3
118176.1
118194.4
118265.5
119042.8
119276.8
119287.8
119363.211
119363.4
119364.1
119656.5
120061.8
120587.211
120587.4
120588.1
120628.5
120751.8
120794.8
121623.8
121704.4
121705.212
121785.5
121805.2
122305.3
122778.4
122805.1
123000.5
123147.8
123409.211
123409.4
123410.1
123452.5
123893.8
124506.4
124507.212
124583.5
124607.2
125107.3
125607.1
125822.4
126000.5
126386.8
126693.8
126803.211
126803.4
126804.1
126844.5
126986.4
126988.5
126990.4
127089.5
127726.8
127845.211
127845.4
127846.1
127880.5
130358.8
130407.8
130725.8
130947.211
130947.4
130948.1
130987.5
131083.8
131332.8
131608.211
131608.4
131609.1
131646.5
131716.4
132023.5
132098.4
132137.5
132146.4
132149.5
132158.4
132161.5
132163.4
132228.5
132410.8
132566.8
132993.8
133091.8
133165.8
133325.4
133326.212
133404.5
133426.2
133926.3
134405.4
134426.1
134708.5
134790.4
134901.5
135051.8
135423.8
135679.4
135680.212
135780.2
135780.5
136280.3
136780.1
136853.4
136998.5
137162.8
137180.8
137547.8
137761.8
137823.4
137824.212
137924.2
137935.5
138424.3
138924.1
139164.4
139229.5
139766.8
140138.8
140312.211
140312.4
140313.1
140495.5
140745.8
141217.8
141496.4
141497.212
141597.2
141598.5
142097.3
142597.1
142631.4
142788.5
143294.8
143529.8
143798.8
143933.4
143934.212
144016.5
144034.2
144534.3
145034.1
145276.4
145496.5
145811.8
146060.8
146239.211
146239.4
146240.1
146279.5
146702.4
146774.5
148441.4
148476.5
148802.8
149301.211
149301.4
149302.1
149349.5
149374.4
149426.5
149887.8
150533.8
150540.8
150638.4
150639.212
150733.5
150739.2
151180.4
151239.3
151553.5
151739.1
151791.8
152280.211
152280.4
152281.1
152399.5
153019.8
153259.211
153259.4
153260.1
153291.5
153557.8
153577.8
153808.8
154175.8
154343.4
154344.212
154432.5
154444.2
154944.3
155444.1
155708.4
156074.5
156937.8
157570.4
157571.212
157671.2
157671.5
158171.3
158671.1
158809.4
159084.5
160609.8
160863.211
160863.4
160864.1
160997.5
161534.8
162118.211
162118.4
162119.1
162161.5
162627.8
163239.8
163244.8
163247.8
163312.4
163313.212
163413.2
163428.5
163913.3
164413.1
164605.4
164738.5
166155.8
166814.4
166815.212
166903.5
166915.2
167320.4
167323.5
167324.4
167415.3
167643.5
167915.1
168257.8
168660.211
168660.4
168661.1
168690.5
168815.8
169384.211
169384.4
169385.1
169458.5
170117.8
170508.8
170720.8
170773.4
170774.212
170874.2
170930.5
171374.3
171527.4
171701.5
171874.1
172750.8
172924.8
173250.211
173250.4
173251.1
173347.5
173445.4
173546.5
174425.4
174615.5
174887.8
175709.8
175769.8
175994.4
175995.212
176067.5
176095.2
176595.3
177095.1
177244.4
177509.5
177698.4
180000.9
123456789
12
20
15
12
20
15
10
FI
2
2
10
50
00
11
23
01
6
2
973
0
0
0
314159265
29
292
190
180000
314159265
0.1
725.8
803.8
813.8
887.211
887.4
888.1
941.5
1039.8
1521.211
1521.4
1522.1
1550.5
1618.8
1629.8
2031.8
2051.8
2218.211
2218.4
2219.1
2246.5
2449.8
2906.211
2906.4
2907.1
2932.5
3264.8
3486.8
3552.211
3552.4
3553.1
3683.5
3913.8
3928.8
4003.8
4133.8
4296.8
4426.211
4426.4
4427.1
4703.5
5019.8
5053.8
5605.211
5605.4
5606.1
5658.5
5771.4
5854.5
6059.8
6556.8
6600.8
6681.8
6724.8
6736.8
6889.4
6890.212
6986.5
6990.2
7158.4
7160.5
7162.4
7490.3
7986.5
7990.1
8071.4
8155.5
8321.8
8625.8
8948.4
8949.212
9049.2
9084.5
9549.3
9779.4
9937.5
9997.4
10049.1
10226.5
10993.8
11018.8
11228.211
11228.4
11229.1
11616.5
11649.4
11773.5
11902.8
11919.8
12118.8
12398.8
12406.8
12420.8
12542.4
12543.212
12628.5
12643.2
13143.3
13300.4
13643.1
13892.5
15312.4
15604.5
16706.8
16927.211
16927.4
16928.1
17373.5
17494.8
17761.8
17779.8
17911.211
17911.4
17912.1
18240.5
18440.8
18894.211
18894.4
18895.1
18935.5
19142.4
19190.5
19310.8
19713.8
19881.211
19881.4
19882.1
19934.5
20024.4
20104.5
20243.8
20258.8
20886.4
20887.212
20982.5
20987.2
21487.3
21702.4
21925.5
21987.1
22133.4
22826.5
22984.4
23126.5
24239.8
24462.8
24644.211
24644.4
24645.1
24697.5
24924.8
24935.8
25540.4
25541.212
25641.2
25671.5
26141.3
26560.4
26641.1
26816.5
27335.4
27413.5
28266.8
28517.8
28527.8
28602.211
28602.4
28603.1
28704.5
29181.8
29210.8
29565.211
29565.4
29566.1
29608.5
29721.4
29799.5
29988.8
30120.8
30205.8
30433.211
30433.4
30434.1
30464.5
30836.8
30982.8
30999.8
31065.8
31075.8
31094.8
31179.211
31179.4
31180.1
31225.5
31226.4
31228.5
31479.8
31571.8
31584.8
31758.8
31771.8
31776.8
31940.211
31940.4
31941.1
31972.5
33056.8
33270.211
33270.4
33271.1
33599.5
33778.8
34033.8
34217.8
34221.8
34276.211
34276.4
34277.1
34325.5
34439.8
34463.8
34525.8
34644.8
34803.8
34822.8
34947.211
34947.4
34948.1
34986.5
35462.8
36028.211
36028.4
36029.1
36075.5
36205.4
36537.5
36670.8
37369.8
37377.8
37437.4
37438.212
37528.5
37538.2
38038.3
38297.4
38538.1
38846.5
38886.4
38995.5
39960.4
40111.5
40436.8
40939.8
41012.211
41012.4
41013.1
41180.5
41412.8
41421.8
41538.8
42003.8
42015.8
42043.8
42168.4
42169.212
42265.5
42269.2
42769.3
42983.4
43090.5
43269.1
43425.4
43651.5
45507.4
45680.5
46563.4
46715.5
46967.8
47518.211
47518.4
47519.1
47644.5
47825.8
47877.8
48206.211
48206.4
48207.1
48400.5
48641.8
48686.8
48702.8
49270.4
49271.212
49371.2
49871.3
50371.1
50453.5
50458.4
50577.5
50830.8
50833.8
50846.8
51320.211
51320.4
51321.1
51361.5
51671.8
51977.8
52070.211
52070.4
52071.1
52361.5
52542.8
52564.8
52586.8
52757.8
52782.8
53169.8
53197.8
53203.8
53324.4
53325.212
53425.2
53438.5
53576.4
53656.5
53925.3
54425.1
54490.4
55263.5
55358.4
55556.5
55788.8
55816.8
56419.4
56420.212
56520.2
56571.5
57020.3
57520.1
57627.4
57768.5
58946.4
58979.5
59366.8
59560.8
59733.211
59733.4
59734.1
59782.5
60179.8
60220.8
60453.8
60459.8
60592.211
60592.4
60593.1
60705.5
60913.8
61175.8
61502.211
61502.4
61503.1
61548.5
61808.8
61851.8
62693.4
62694.212
62779.5
62794.2
63294.3
63704.4
63794.1
64078.5
64606.8
64674.8
64978.211
64978.4
64979.1
65108.5
65421.8
65826.211
65826.4
65827.1
65869.5
66331.8
66604.211
66604.4
66605.1
66639.5
66973.8
67184.8
67209.8
67374.8
67397.8
67416.8
67557.211
67557.4
67558.1
67605.5
67787.8
67797.8
68448.4
68449.212
68549.2
68566.5
69049.3
69403.4
69549.1
69551.5
70506.8
70774.211
70774.4
70775.1
70813.5
71164.8
71206.8
71679.211
71679.4
71680.1
71729.5
72076.8
72608.211
72608.4
72609.1
72664.5
72872.8
72902.8
73204.8
73457.8
73530.4
73531.212
73631.2
73640.5
74131.3
74631.1
74706.4
74986.5
78051.4
78307.5
78523.8
79168.4
79169.212
79251.5
79269.2
79769.3
80192.4
80269.1
80331.5
81717.4
81885.5
82104.8
82469.8
82501.8
82603.211
82603.4
82604.1
82809.5
82998.8
83025.8
83386.8
83638.4
83639.212
83739.2
83762.5
84239.3
84739.1
84813.4
85569.5
86056.8
86422.211
86422.4
86423.1
86589.5
86776.8
86788.8
86798.8
87180.211
87180.4
87181.1
87224.5
87534.8
87548.8
88069.211
88069.4
88070.1
88124.5
88522.8
88860.8
88865.8
88964.211
88964.4
88965.1
89113.5
89247.8
89327.8
89535.8
89550.8
89753.211
89753.4
89754.1
89793.5
90023.8
90046.8
90319.8
90524.8
90677.4
90678.212
90778.2
90813.5
91278.3
91778.1
91858.4
92199.5
93626.8
93997.211
93997.4
93998.1
94052.5
94590.8
94837.211
94837.4
94838.1
94886.5
94985.8
95610.4
95611.212
95702.5
95711.2
95901.4
96166.5
96211.3
96711.1
96871.4
96916.5
97015.8
97161.8
97411.211
97411.4
97412.1
97450.5
97595.8
97738.8
98273.8
98324.4
98325.212
98403.5
98425.2
98925.3
99425.1
99484.4
99948.5
100170.8
100177.8
100356.8
100684.211
100684.4
100685.1
100736.5
101019.8
101494.211
101494.4
101495.1
101549.5
101972.8
102267.211
102267.4
102268.1
102305.5
102396.8
102423.8
102988.211
102988.4
102989.1
103038.5
103309.4
103448.5
103604.8
103754.8
103800.8
104003.8
104170.211
104170.4
104171.1
104213.5
104418.8
104421.8
104642.8
104902.211
104902.4
104903.1
104933.5
105980.8
106167.8
106283.8
106369.211
106369.4
106370.1
106400.5
106481.8
106553.8
107148.4
107149.212
107249.2
107254.5
107749.3
108111.4
108249.1
108411.5
108596.8
108848.8
109279.4
109280.212
109380.2
109380.5
109571.4
109632.5
109780.4
109852.5
109880.3
110033.4
110380.1
110452.5
111953.8
112236.211
112236.4
112237.1
112273.5
112681.8
112971.211
112971.4
112972.1
113006.5
113196.8
113234.8
113773.211
113773.4
113774.1
113812.5
113950.4
114069.5
114326.8
114331.8
114752.8
114882.211
114882.4
114883.1
114926.5
115040.8
115050.8
115132.8
115921.4
115922.212
116003.5
116022.2
116522.3
116920.4
117022.1
117049.5
117169.4
117595.5
118048.8
118084.8
118404.211
118404.4
118405.1
118444.5
118660.8
119112.211
119112.4
119113.1
119162.5
119450.8
119665.8
119869.211
119869.4
119870.1
119904.5
120087.8
120393.8
120788.8
120993.4
120994.212
121094.2
121119.5
121389.4
121493.5
121594.3
121643.4
122094.1
122209.5
122471.8
122679.8
123079.4
123080.212
123166.5
123180.2
123680.3
124180.1
124411.4
124782.5
125874.8
125895.8
126014.211
126014.4
126015.1
126197.5
127035.8
127247.211
127247.4
127248.1
127284.5
127474.8
127480.8
127640.8
127814.211
127814.4
127815.1
127848.5
128169.8
128511.8
128635.211
128635.4
128636.1
128675.5
128817.8
128898.8
129225.8
129234.8
129443.4
129444.212
129544.2
129560.5
130044.3
130544.1
130745.4
131077.5
133542.8
133919.211
133919.4
133920.1
133955.5
134692.8
134695.8
135088.211
135088.4
135089.1
135203.5
135423.8
135434.8
135809.211
135809.4
135810.1
135842.5
135987.4
136047.5
136198.8
136205.8
136367.8
136814.4
136815.212
136915.2
136936.5
137415.3
137573.4
137915.1
138345.5
140238.8
140250.8
140535.211
140535.4
140536.1
140574.5
141028.8
141374.8
141442.211
141442.4
141443.1
141478.5
141611.8
141764.8
142262.4
142263.212
142350.5
142363.2
142863.3
143363.1
143520.4
143824.5
144992.8
145253.211
145253.4
145254.1
145291.5
145890.4
146000.5
146177.8
146301.8
146770.211
146770.4
146771.1
146806.5
146909.4
146974.5
147144.8
147637.211
147637.4
147638.1
147672.5
147801.8
147924.8
148222.8
148358.211
148358.4
148359.1
148394.5
148442.4
148556.5
148720.8
149017.8
149020.8
149095.211
149095.4
149096.1
149131.5
149163.4
149244.5
149440.8
149624.8
149833.211
149833.4
149834.1
149860.5
150097.8
150505.8
150573.8
150670.211
150670.4
150671.1
150708.5
150763.4
150815.5
150820.4
150842.5
151033.8
151139.8
152589.4
152590.212
152690.2
152695.5
153190.3
153690.1
153738.4
153877.5
154747.8
154936.211
154936.4
154937.1
155003.5
155438.8
155691.211
155691.4
155692.1
155712.5
155928.4
155948.5
156075.8
156265.8
156271.8
156581.211
156581.4
156582.1
156624.5
156697.8
156700.8
157210.211
157210.4
157211.1
157250.5
157660.8
157907.8
158181.211
158181.4
158182.1
158209.5
158790.8
158998.8
159190.211
159190.4
159191.1
159226.5
159337.8
159409.8
159423.8
159921.211
159921.4
159922.1
159955.5
160630.8
160650.8
160991.211
160991.4
160992.1
161026.5
162380.8
162393.8
162480.8
162816.8
162826.8
162963.211
162963.4
162964.1
162995.5
163126.8
163157.8
163518.211
163518.4
163519.1
163574.5
164279.8
164718.211
164718.4
164719.1
164748.5
167654.8
168113.211
168113.4
168114.1
168141.5
168241.8
168476.8
169078.4
169079.212
169166.5
169179.2
169664.4
169679.3
170179.1
170410.5
171385.4
171443.5
171580.8
171875.211
171875.4
171876.1
171904.5
172055.8
172421.211
172421.4
172422.1
172573.5
172848.8
173320.8
173435.211
173435.4
173436.1
173473.5
173562.8
173962.8
174173.8
174184.8
174301.4
174302.212
174399.5
174402.2
174902.3
175250.4
175402.1
175718.5
176016.4
180000.9
123456789
12
21
15
12
21
15
10
FI
2
2
10
47
15
11
20
15
6
2
566
0
0
0
314159265
28
131
119
180000
314159265
0.1
635.8
640.8
1088.211
1088.4
1089.1
1130.5
1766.8
1998.211
1998.4
1999.1
2053.5
2178.8
2618.8
2640.8
2699.8
2838.4
2839.212
2925.5
2939.2
3439.3
3939.1
3942.4
4317.5
6905.8
7472.211
7472.4
7473.1
7540.5
8170.8
8440.8
8695.211
8695.4
8696.1
8730.5
8932.4
9128.5
9142.4
9218.5
9412.8
9891.8
9965.211
9965.4
9966.1
10005.5
10347.8
10759.211
10759.4
10760.1
10789.5
11567.8
12381.4
12382.212
12482.2
12502.5
12982.3
13482.1
13524.4
13885.5
19946.8
20073.8
20098.8
20227.8
20380.211
20380.4
20381.1
20406.5
20630.8
20752.8
21146.211
21146.4
21147.1
21176.5
21500.8
22217.4
22218.212
22318.2
22527.5
22545.4
22551.5
22555.4
22558.5
22676.4
22818.3
22864.5
23047.8
23318.1
23740.4
23770.5
24562.4
24753.5
24948.8
24971.8
25637.8
25699.4
25700.212
25797.5
25800.2
26300.3
26607.4
26800.1
26921.5
27101.4
27301.5
28032.4
28190.5
29506.8
29960.211
29960.4
29961.1
30001.5
30334.4
30541.5
35310.8
35450.8
35617.8
35659.8
35802.211
35802.4
35803.1
36032.5
36340.8
36376.8
36937.211
36937.4
36938.1
36975.5
39202.8
39345.8
39503.8
39632.8
39803.4
39804.212
39904.2
39926.5
40171.4
40225.5
40404.3
40904.1
41209.4
41409.5
42029.4
42112.5
42822.8
42831.8
42835.8
42959.8
43432.4
43433.212
43533.2
43535.5
44022.4
44033.3
44342.5
44533.1
45158.8
45452.8
45644.8
45723.211
45723.4
45724.1
45820.5
47276.8
47326.8
47673.211
47673.4
47674.1
47715.5
47716.4
47720.5
48366.8
49180.8
49317.4
49318.212
49408.5
49418.2
49918.3
50418.1
50820.4
50898.5
52335.8
52884.211
52884.4
52885.1
52929.5
53663.8
54387.8
54707.4
54708.212
54808.2
54827.5
55308.3
55808.1
56414.4
56508.5
59371.8
60359.8
60477.4
60478.212
60559.5
60578.2
61078.3
61578.1
62220.4
62486.5
62487.4
62490.5
65043.8
65619.211
65619.4
65620.1
65926.5
66175.8
66348.8
66425.8
66827.4
66828.212
66928.2
66979.5
67428.3
67928.1
68262.4
68487.5
71919.4
71968.5
72490.8
72978.8
73017.8
73160.4
73161.212
73245.5
73261.2
73761.3
74015.4
74261.1
74330.5
79565.4
79662.5
81046.8
81458.211
81458.4
81459.1
81504.5
82442.8
82601.8
82934.211
82934.4
82935.1
83008.5
83451.8
84040.211
84040.4
84041.1
84074.5
84392.8
84815.211
84815.4
84816.1
84854.5
85574.8
86319.8
86457.4
86458.212
86546.5
86558.2
87058.3
87558.1
90346.8
90805.211
90805.4
90806.1
90846.5
91602.8
92240.4
92241.212
92341.2
92342.5
92841.3
93341.1
93862.4
93942.5
94083.4
94646.5
100636.8
100880.211
100880.4
100881.1
100950.5
101267.4
101353.5
101818.8
102225.8
102755.4
102756.212
102836.5
102856.2
103356.3
103856.1
104253.4
104523.5
108418.8
108988.211
108988.4
108989.1
109190.5
109407.8
110047.4
110048.212
110131.5
110148.2
110426.4
110547.5
110648.3
110975.4
111097.5
111148.1
111374.4
111688.5
112520.8
113158.4
113159.212
113249.5
113259.2
113759.3
114259.1
114685.4
114812.5
116464.4
116641.5
117796.4
117836.5
118586.8
118906.8
119014.211
119014.4
119015.1
119061.5
119403.8
119422.8
119427.8
119724.8
119958.211
119958.4
119959.1
119995.5
120400.8
121006.4
121007.212
121107.2
121159.5
121458.4
121607.3
121873.5
122107.1
122567.8
123162.211
123162.4
123163.1
123198.5
124219.8
124234.8
124399.8
124569.211
124569.4
124570.1
124646.5
124985.8
125044.8
125048.8
125816.4
125817.212
125914.5
125917.2
126417.3
126917.1
127177.4
127355.5
127495.4
127664.5
128388.8
128938.211
128938.4
128939.1
128970.5
129190.8
129661.8
129761.211
129761.4
129762.1
129801.5
130618.8
130965.211
130965.4
130966.1
130997.5
131936.8
132219.8
132362.211
132362.4
132363.1
132398.5
132595.8
133536.8
133724.4
133725.212
133819.5
133825.2
134325.3
134825.1
135031.4
135557.5
136526.8
137015.8
137192.8
137274.4
137275.212
137374.5
137375.2
137875.3
138375.1
138760.4
139056.5
139818.8
140332.211
140332.4
140333.1
140490.5
140828.8
141324.211
141324.4
141325.1
141375.5
141465.8
141588.8
141981.8
142070.4
142071.212
142171.2
142215.5
142671.3
143171.1
143362.4
143558.5
145028.8
145403.8
145748.4
145749.212
145843.5
145849.2
146349.3
146849.1
147231.4
147397.5
149049.8
149715.4
149716.212
149806.5
149816.2
150316.3
150816.1
151202.4
151375.5
154534.8
154771.8
155043.211
155043.4
155044.1
155259.5
155480.8
155676.8
155891.8
156049.211
156049.4
156050.1
156097.5
156305.8
156951.4
156952.212
157052.2
157063.5
157552.3
158052.1
159898.8
160216.211
160216.4
160217.1
160255.5
160347.4
160439.5
160650.8
160738.8
160813.8
161433.4
161434.212
161527.5
161534.2
161768.4
162027.5
162034.3
162534.1
162998.8
163559.211
163559.4
163560.1
163571.5
163671.8
163858.8
164241.211
164241.4
164242.1
164274.5
164400.8
164890.211
164890.4
164891.1
164924.5
165336.8
165729.8
165929.211
165929.4
165930.1
165960.5
166711.8
167263.211
167263.4
167264.1
167339.5
167785.8
168797.4
168798.212
168890.5
168898.2
169398.3
169898.1
170423.8
170904.8
171093.4
171094.212
171173.5
171194.2
171694.3
172194.1
172206.4
172311.5
172675.4
172822.5
173616.4
173850.5
175031.8
175535.211
175535.4
175536.1
175537.5
175615.8
176131.8
176144.8
176376.4
176377.212
176462.5
176477.2
176977.3
177477.1
177652.4
180000.9
123456789
