9
11
15
9
11
15
10
FI
2
2
10
48
00
11
21
00
6
2
1559
0
0
0
314159265
72
546
389
180000
314159265
0.1
347.4
374.5
568.8
592.8
592.211
602.8
642.4
697.5
740.8
758.8
802.4
871.5
918.8
945.8
958.8
1006.4
1058.5
1168.8
1236.4
1282.5
1297.4
1336.5
1621.4
1638.5
1685.8
1753.4
1801.5
1902.8
1985.4
2011.5
2092.3
2361.8
2408.4
2430.5
2571.4
2592.1
2626.5
2698.8
2723.8
2723.211
2738.8
2783.4
2817.5
2988.8
3043.8
3060.8
3381.4
3528.5
3529.4
3595.5
4207.4
4223.3
4243.5
4330.4
4380.5
4723.1
4876.8
4941.4
4989.5
5028.8
5028.211
5141.8
5206.8
5261.4
5318.5
5575.8
5695.4
5728.5
6161.4
6186.5
6528.3
6722.4
6743.5
6757.4
6836.5
7028.1
7306.8
7309.8
7309.211
7330.8
7351.8
7564.4
7576.5
7583.4
7876.5
8008.8
8016.8
8053.8
8809.3
9309.1
9794.8
9851.4
9894.5
9942.8
9942.211
9981.8
10023.4
10188.5
10299.8
10390.8
10955.4
11074.5
11180.8
11442.3
11933.4
11942.1
11990.5
12050.8
12121.4
12281.5
12322.8
12322.211
12364.8
12433.4
12448.5
12458.4
12486.5
12741.4
12757.5
12759.4
12790.5
13074.4
13226.5
13774.4
13822.3
13945.5
14322.1
14837.8
14885.4
14961.5
15008.8
15008.211
15223.8
15296.4
15446.5
15495.4
15600.5
16083.4
16103.5
16410.4
16434.5
16508.3
17008.1
17244.4
17271.5
17625.8
17697.4
17826.5
17934.8
17935.212
17993.2
17993.4
18063.5
18493.3
18993.1
19877.4
20140.5
20213.8
20272.8
20272.211
20344.4
20479.5
20534.8
20662.8
20858.8
20922.4
21007.5
21097.8
21189.8
21198.8
21505.8
21607.4
21772.3
22272.1
22361.5
22420.8
22464.8
22464.211
22502.4
22741.5
22808.8
22840.8
22852.8
23352.4
23964.3
24022.5
24075.4
24207.5
24293.4
24464.1
24532.5
24860.4
25005.5
25068.8
25149.4
25623.5
25687.8
25688.212
25758.8
25829.2
25829.4
25901.5
26329.3
26829.1
27115.4
27207.5
27298.4
27866.5
27936.8
28016.4
28149.5
28153.4
28341.5
28391.8
28392.212
28473.2
28473.4
28560.5
28973.3
29473.1
29645.4
29732.5
30196.4
30297.5
30393.4
31286.5
31369.8
31469.4
31627.5
31679.8
31680.212
31696.8
31746.2
31746.4
31834.5
32001.4
32246.3
32268.5
32722.4
32746.1
32898.5
32944.4
33188.5
33190.4
33192.5
33213.4
33331.5
33388.8
33402.8
33402.211
33456.4
33751.5
33810.8
33901.4
34070.5
34126.8
34190.8
34307.4
34351.5
34403.8
34584.4
34769.5
34885.8
34902.3
34952.4
35095.5
35142.8
35274.8
35346.4
35402.1
35413.5
35497.8
35509.8
35509.211
35516.8
35561.4
35611.5
35662.8
36113.4
36203.5
36363.8
36460.4
36506.5
36911.8
36956.8
37009.3
37021.4
37089.5
37262.8
37468.4
37509.1
37516.5
37587.8
37691.4
37810.5
37858.8
37858.211
38935.4
38963.5
39039.8
39088.8
39358.3
39469.4
39539.5
39591.4
39807.5
39858.1
39954.8
39965.8
39965.211
40011.4
40162.5
40323.8
40356.8
40462.4
40463.5
40465.4
40648.5
40779.8
40816.8
40871.4
40982.5
41465.3
41493.4
41495.5
41504.4
41536.5
41965.1
42775.8
42879.4
42926.5
42965.8
42965.211
43070.4
43168.5
43220.8
43222.8
43278.8
43299.8
43309.8
43374.8
43442.8
43508.4
43543.5
43747.8
43810.4
44057.5
44202.8
44266.4
44267.5
44268.4
44372.5
44465.3
44483.4
44574.5
44748.4
44769.5
44777.4
44863.5
44965.1
45293.4
45311.5
45411.8
45464.4
45816.5
45877.8
45878.212
45895.8
45978.2
45978.4
46039.5
46478.3
46978.1
47578.4
47728.5
48048.4
48378.5
48476.8
48520.8
48520.211
48672.8
48712.8
48771.4
48867.5
48917.8
48951.8
48980.8
49045.8
49068.8
49126.4
49186.5
49294.8
49311.8
49396.4
49430.5
49486.8
49535.8
49569.8
49633.8
49656.8
49719.8
49804.4
49867.5
50020.3
50153.4
50178.5
50233.4
50520.1
50794.5
50862.8
50882.8
50882.211
50930.4
51059.5
51118.8
51168.8
51220.4
51279.5
51326.8
51394.8
51430.8
51499.4
51522.5
51621.8
51663.8
51709.4
51764.5
51809.8
51856.8
51860.8
51906.8
52088.8
52158.4
52172.5
52382.3
52534.4
52703.5
52826.8
52882.1
52890.8
52951.4
53314.5
53370.8
53371.212
53381.8
53445.2
53445.4
53519.5
53945.3
54445.1
55215.4
55528.5
55651.8
55669.8
55669.211
55703.8
55812.4
55871.5
55965.8
55984.8
56029.4
56209.5
56275.8
56281.8
56355.4
56423.5
56471.8
56570.8
56619.8
56934.4
56939.5
57002.4
57043.5
57049.4
57068.5
57169.3
57199.8
57261.8
57642.8
57669.1
57777.4
57852.5
57904.8
57985.4
58036.5
58092.8
58092.211
58142.8
58225.8
58329.4
58427.5
58642.8
58743.4
58763.5
59592.3
59887.4
59944.5
60075.4
60092.1
60158.5
60211.8
60240.8
60240.211
60278.4
60419.5
60476.8
60483.8
60534.8
60593.4
60760.5
61412.4
61456.5
61549.8
61591.4
61634.5
61740.3
62092.4
62147.5
62240.1
62412.4
62614.5
62676.8
62691.8
62691.211
62743.4
62889.5
63424.8
63504.4
63519.5
64191.3
64254.8
64345.4
64445.5
64691.1
65171.4
65189.5
65190.4
65191.5
65269.8
65306.8
65306.211
65352.4
65435.5
65438.4
65445.5
65498.8
65554.8
65601.8
65888.8
65940.4
65983.5
66806.3
67306.1
67691.8
67773.4
67780.5
67783.4
67824.5
67867.8
67867.211
67950.4
68011.5
68060.8
68124.8
68188.8
68456.8
68512.4
68548.5
68559.4
68613.5
69019.8
69075.4
69169.5
69367.3
69867.1
70218.8
70288.8
70288.211
70329.4
70387.5
70448.8
70510.8
70927.4
71155.5
71603.4
71788.3
71965.5
72130.4
72288.1
72324.5
72379.8
72448.4
72614.5
72685.8
72686.212
72725.8
72739.8
72811.2
72811.4
72855.5
73311.3
73811.1
73992.4
74078.5
74142.4
74584.5
74693.8
74728.8
74728.211
74770.4
75035.5
75129.8
75176.8
75234.4
75460.5
75656.4
75678.5
75738.8
75783.8
75807.8
75844.8
75931.4
75981.5
76032.8
76082.8
76205.8
76228.3
76262.8
76523.8
76645.8
76704.8
76728.1
76756.8
76911.4
76961.5
77009.8
77009.211
77056.8
77096.8
77166.4
77206.5
77459.8
77505.8
77511.8
77520.8
77526.8
77574.8
77769.4
77833.5
78205.4
78240.5
78504.4
78509.3
78695.5
78816.8
78848.8
78863.8
78910.8
78960.8
79009.1
79161.8
79343.4
79400.5
79459.8
79459.211
79496.8
79534.4
79605.5
79658.8
79724.8
79744.8
79790.8
79800.8
79982.4
80012.5
80016.4
80050.5
80104.8
80134.8
80143.8
80153.8
80160.8
80211.4
80237.5
80261.4
80285.5
80290.4
80304.5
80310.4
80313.5
80314.4
80489.5
80685.4
80746.5
80959.3
81200.4
81215.5
81459.1
81739.4
81767.5
81862.8
81866.8
81866.211
81915.4
81993.5
83366.3
83698.4
83742.5
83866.1
84054.8
84114.4
84203.5
84254.8
84254.211
84275.8
84298.8
84357.4
84394.5
84438.8
84451.8
84534.8
84627.8
84731.8
84818.4
84835.5
84846.4
84853.5
85754.3
86254.1
86624.8
86700.4
86702.5
86742.4
87130.5
87189.8
87190.212
87203.8
87260.2
87260.4
87329.5
87760.3
88260.1
88829.4
89342.5
89409.8
89451.8
89451.211
89502.4
89699.5
89806.8
89833.8
89843.8
89858.8
89866.8
89926.4
90039.5
90106.8
90151.8
90176.8
90432.4
90493.5
90549.8
90611.8
90872.8
90923.4
90951.3
91198.5
91268.4
91367.5
91451.1
91452.8
91519.4
91566.5
91606.8
91606.211
91627.8
91687.4
91743.5
91787.8
91791.8
91818.8
91909.4
91948.5
91988.8
92016.8
92215.8
92219.8
92658.8
93106.3
93342.4
93454.5
93508.8
93513.8
93546.8
93603.4
93606.1
93722.5
93826.8
93857.8
93857.211
93901.4
93960.5
94026.8
94075.8
94142.8
94394.4
94419.5
94692.4
94720.5
94785.8
94874.4
94947.5
94989.8
95048.8
95093.8
95118.8
95357.3
95372.4
95667.5
95721.4
95784.5
95857.1
95906.4
95916.5
95966.8
95993.8
95993.211
96034.4
96102.5
96149.8
96381.8
96558.4
96591.5
96596.4
96713.5
97493.3
97648.4
97860.5
97977.8
97980.8
97993.1
98071.4
98102.5
98143.8
98231.4
98294.5
98335.8
98335.211
98379.8
98420.4
98465.5
98547.8
98603.8
98678.8
99077.8
99083.8
99093.8
99112.8
99382.4
99394.5
99501.8
99835.3
99977.8
100051.4
100052.5
100055.4
100117.5
100335.1
100666.8
100719.4
100794.5
100904.8
100904.211
100947.8
100992.4
101134.5
101218.8
101261.8
101302.8
101399.4
101466.5
102404.3
102904.1
103418.4
103566.5
103624.8
103697.4
103848.5
103897.8
103897.211
103922.8
103973.4
104286.5
104338.8
104405.8
104474.4
104772.5
104817.4
104866.5
104877.4
104927.5
105020.8
105108.4
105318.5
105397.3
105477.8
105540.4
105561.5
105573.4
105716.5
105897.1
106182.4
106229.5
106275.8
106354.4
106476.5
106523.8
106523.211
106596.4
106798.5
106943.8
107031.4
107037.5
107099.4
107179.5
107196.4
107575.5
107703.4
107710.5
107752.4
107758.5
107767.4
107773.5
107780.4
107890.5
108023.3
108523.1
108835.4
108857.5
108956.8
108992.8
108992.211
108997.8
109036.4
109070.5
109111.8
109115.8
109149.8
109215.8
109433.4
109439.5
109444.4
109499.5
109500.4
109502.5
109507.4
109511.5
109965.4
109981.5
110476.4
110483.5
110492.3
110992.1
111283.8
111889.8
111890.212
111963.2
111963.4
112012.5
112463.3
112963.1
113478.4
113829.5
113891.8
113982.4
114228.5
114284.8
114285.212
114361.2
114361.4
114481.5
114861.3
115361.1
116049.4
116868.5
116956.8
116999.8
116999.211
117155.4
117382.5
117476.8
117626.8
117968.8
118017.8
118032.8
118091.4
118228.5
118282.8
118294.8
118321.8
118352.8
118378.8
118469.4
118499.3
118800.5
118834.4
118999.1
119008.5
119086.4
119172.5
119236.8
119301.4
119370.5
119410.8
119410.211
119473.4
119684.5
119730.8
119798.8
119893.8
120129.8
120132.8
120200.4
120298.5
120399.8
120505.8
120910.3
121410.1
122138.4
122260.5
122315.8
122329.8
122329.211
122385.4
122441.5
122525.8
122623.8
122843.8
122984.4
123051.5
123209.8
123310.4
123332.5
123336.4
123487.5
123609.8
123627.8
123632.8
123829.3
123926.8
124260.4
124329.1
124455.5
124501.8
124584.4
125338.5
125422.8
125423.212
125493.2
125493.4
125528.5
125993.3
126493.1
127167.4
127683.5
127745.8
127792.8
127792.211
127855.4
127918.5
128144.8
128388.8
128405.8
128421.8
128428.8
128524.4
128676.5
128767.8
128817.8
128895.8
128946.8
129292.3
129336.4
129479.5
129560.8
129597.8
129658.4
129792.1
129920.5
129969.8
130034.4
130220.5
130266.8
130266.211
130297.8
130343.4
130591.5
130650.8
130682.8
130706.8
130723.8
130757.8
130774.8
130846.4
130924.5
130973.8
130979.8
130987.8
131008.8
131218.4
131238.5
131328.8
131369.4
131570.5
131625.8
131674.8
131730.8
131766.3
131817.8
132266.1
132362.8
132433.4
132700.5
132769.8
132770.212
132855.2
132855.4
132930.5
133355.3
133379.4
133497.5
133681.4
133855.1
134052.5
134111.8
134197.4
134263.5
134315.8
134315.211
134353.8
134400.4
134452.5
134499.8
134552.8
134674.8
134985.4
135116.5
135132.4
135137.5
135189.8
135235.8
135319.4
135474.5
135548.4
135652.5
135725.8
135810.8
135815.3
135899.4
136074.5
136156.8
136221.8
136315.1
136338.8
136410.4
136553.5
136597.8
136597.211
136681.4
136733.5
136802.8
136890.8
137105.8
137209.4
137276.5
137453.8
137521.8
137594.4
137633.5
137674.4
137677.5
137678.4
137697.5
137705.4
137753.5
137805.8
137909.8
138047.4
138097.3
138346.5
138597.1
138601.4
138830.5
138895.8
138904.8
138904.211
138910.8
138914.8
138927.8
138973.4
139284.5
139372.8
139476.4
139571.5
139619.8
139671.8
139726.8
139859.8
139995.4
140104.5
140162.8
140186.8
140196.8
140232.8
140281.8
140386.8
140404.3
140494.4
140564.5
140650.8
140722.8
140830.8
140860.8
140904.1
141088.8
141175.4
141180.5
141197.4
141313.5
141543.8
141544.212
141592.2
141592.4
141596.5
141597.4
141631.5
142092.3
142592.1
143136.4
144480.5
144619.8
144637.8
144637.211
144684.4
145380.5
145448.8
145492.8
145541.4
145570.5
145719.4
145780.5
145785.4
145822.5
145906.8
145917.8
145959.8
146025.8
146075.4
146137.3
146250.5
146358.8
146408.8
146412.8
146464.8
146637.1
146891.8
146906.8
146906.211
146911.8
146962.4
147759.5
147881.8
147999.4
148129.5
148257.8
148328.4
148406.3
148476.5
148785.4
148842.5
148906.1
148930.8
149003.4
149315.5
149370.8
149371.212
149452.2
149452.4
149480.5
149952.3
150452.1
151493.4
152111.5
152179.8
152181.8
152181.211
152219.8
152228.8
152325.4
152403.5
152500.8
152609.8
152665.4
152669.5
152673.4
152686.5
152748.8
152754.8
152824.8
153000.8
153160.8
153295.8
153486.4
153511.5
153519.4
153533.5
153631.8
153647.8
153681.3
153708.8
153789.8
153920.8
154105.8
154181.1
154208.4
154411.5
154464.8
154542.4
154566.5
154607.8
154607.211
154629.8
154637.8
154687.4
154773.5
154858.8
154864.8
155002.4
155079.5
155182.8
155197.8
155290.8
155352.4
155353.5
155355.4
155552.5
155677.8
155766.8
155839.8
155911.4
155918.5
155930.4
155957.5
156107.3
156127.8
156167.8
156252.8
156255.8
156407.8
156607.1
156638.8
156732.4
156966.5
157025.8
157026.212
157068.8
157128.2
157128.4
157306.5
157628.3
158128.1
160638.4
160751.5
160812.8
160878.8
160878.211
160940.4
160977.5
161292.8
161573.4
161636.5
161750.8
161791.8
161896.8
161978.8
162195.4
162311.5
162378.3
162408.8
162435.8
162740.4
162747.5
162768.4
162839.5
162878.1
162890.8
162893.8
162893.211
162974.4
163029.5
163074.8
163129.8
163223.8
163406.8
164001.4
164004.5
164005.4
164031.5
164332.8
164393.3
164406.4
164409.5
164412.4
164571.5
164618.4
164893.1
164991.5
165063.8
165069.8
165069.211
165145.4
165521.5
165579.8
165621.8
165665.4
165861.5
165934.8
165942.8
166019.4
166150.5
166333.8
166557.8
166569.3
166621.4
167015.5
167069.1
167174.8
167182.8
167182.211
167205.8
167242.4
167347.5
167352.4
167353.5
167538.8
167581.8
167721.4
167787.5
167864.4
167869.5
168053.8
168164.4
168284.5
168443.4
168593.5
168619.4
168682.3
168863.5
168957.4
169182.1
169290.5
169344.8
169410.4
169456.5
169510.8
169510.211
169540.8
169585.4
169676.5
169770.8
169945.8
169988.4
170027.5
170322.4
170432.5
170466.4
170648.5
171010.3
171095.4
171119.5
171229.4
171410.5
171455.4
171510.1
171564.5
171620.8
171651.8
171651.211
171688.4
171811.5
171937.4
171949.5
172489.4
172492.5
172926.4
173149.5
173151.3
173157.4
173235.5
173316.4
173650.5
173651.1
173719.8
173781.4
173912.5
173966.8
173966.211
174015.4
174172.5
174391.4
174612.5
174723.4
174727.5
174731.4
174830.5
174878.4
175047.5
175292.4
175401.5
175466.3
175966.1
176318.8
176349.8
176349.211
176409.4
176656.5
176753.8
176762.8
176802.4
176804.5
176805.4
176973.5
177027.8
177067.8
177214.4
177360.5
177422.8
177531.8
177818.4
177849.3
178029.5
178079.4
178349.1
178386.5
178447.8
178516.4
178591.5
178670.8
178670.211
178699.8
178738.4
178922.5
179224.4
179313.5
179354.4
180000.9
123456789
9
12
15
9
12
15
10
FI
2
2
10
49
15
11
22
15
6
2
1086
0
0
0
314159265
72
296
281
180000
314159265
0.1
369.8
421.4
425.5
428.4
441.5
477.8
477.211
485.8
530.8
593.8
687.8
833.4
853.5
1435.4
1478.5
1552.8
1616.8
1719.4
1977.3
1988.5
2089.8
2131.8
2195.4
2392.5
2477.1
2782.8
2867.4
2976.5
3034.8
3034.211
3086.4
3152.5
3216.8
3296.8
4045.4
4262.5
4388.8
4534.3
4867.8
4918.4
5034.1
5281.5
5547.4
5719.5
5786.8
5835.4
6148.5
6203.8
6204.212
6283.2
6283.4
6340.5
6783.3
7283.1
7336.4
8327.5
8469.8
8539.4
8624.5
8691.8
8691.211
8723.8
8906.8
8949.8
9025.8
9219.8
9317.4
9745.5
9746.4
9747.5
9855.8
9859.8
10000.8
10085.8
10181.8
10191.3
10231.8
10365.4
10618.5
10674.4
10691.1
10920.5
10969.8
11011.8
11011.211
11087.4
11243.5
11340.8
11428.8
12511.3
12566.4
12767.5
12801.4
13011.1
13102.5
13165.8
13177.8
13177.211
13180.8
13192.8
13263.4
13489.5
13631.8
13682.8
13865.8
14308.4
14434.5
14677.3
14944.8
15051.4
15177.1
15266.5
15320.8
15361.8
15361.211
15414.4
15601.5
15683.8
15822.4
15832.5
16278.4
16462.5
16616.4
16700.5
16861.3
17159.4
17286.5
17305.4
17361.1
17434.5
17495.8
17595.4
17732.5
17779.8
17779.211
17817.8
18386.4
18537.5
18614.4
18713.5
18847.4
19038.5
19279.3
19564.4
19779.1
20089.5
20156.8
20169.8
20169.211
20190.8
20211.8
20253.4
20627.5
20816.4
20842.5
20844.4
21080.5
21669.3
22169.1
22464.4
22480.5
22530.8
22625.4
22887.5
22935.8
22936.212
23012.2
23012.4
23022.5
23024.4
23064.5
23512.3
24012.1
24239.4
24371.5
24474.4
25463.5
25599.8
25619.8
25619.211
25800.8
26178.8
26525.4
26528.5
26529.4
26994.5
27069.4
27119.3
27213.5
27387.4
27561.5
27619.1
27652.4
27680.5
27686.4
27706.5
27759.8
27810.4
28021.5
28068.8
28069.212
28140.2
28140.4
28192.5
28640.3
29004.4
29140.1
30126.5
30169.4
30170.5
30171.4
30360.5
30440.8
30485.8
30485.211
30514.8
30594.4
30751.5
30845.8
30905.8
30931.8
30935.8
31985.3
32462.4
32485.1
32693.5
32754.8
32843.4
32994.5
33039.8
33039.211
33177.4
33350.5
34273.4
34343.5
34494.8
34539.3
34620.4
34779.5
34798.4
35039.1
35096.5
35159.8
35174.8
35174.211
35235.4
35515.5
35663.4
35682.5
35685.4
35804.5
36124.4
36290.5
36336.4
36351.5
36457.4
36674.3
36855.5
36868.4
36981.5
37036.4
37174.1
37308.5
37310.4
37312.5
37314.4
37368.5
37622.4
37756.5
37810.8
37893.4
37924.5
37965.8
37965.211
38101.4
38157.5
38251.4
38278.5
38283.4
38306.5
38533.8
39395.4
39465.3
39634.5
39655.4
39659.5
39661.4
39780.5
39808.4
39918.5
39965.1
40099.4
40184.5
40223.8
40261.8
40261.211
40268.8
40328.4
40353.5
40406.8
40465.8
40775.4
40916.5
41008.4
41478.5
41706.4
41761.3
41921.5
41975.4
42049.5
42173.4
42261.1
42367.5
42471.8
42552.4
42708.5
42761.8
42761.211
42811.4
42977.5
43013.4
43120.5
43316.8
43424.8
44133.4
44190.5
44233.4
44261.3
44588.5
44705.4
44761.1
45139.5
45246.8
45258.8
45258.211
45271.8
45297.8
45540.4
45745.5
46172.4
46224.5
46720.4
46758.3
47094.5
47126.4
47238.5
47258.1
47297.8
47313.8
47313.211
47334.8
47383.4
47434.5
47538.8
47735.4
47854.5
48265.4
48463.5
48602.4
48780.5
48813.3
48946.4
48960.5
48965.4
48970.5
48976.4
48983.5
49313.1
49657.4
49811.5
49859.8
49907.8
49907.211
49965.4
50117.5
50244.4
50522.5
50628.4
50647.5
50649.4
50865.5
51407.3
51487.4
51619.5
51907.1
52306.4
52320.5
52369.8
52400.8
52400.211
52455.8
52564.8
52691.4
52784.5
52861.4
53079.5
53516.4
53688.5
53900.3
54400.1
54798.4
54819.5
54892.8
54952.4
54998.5
55074.8
55074.211
55131.8
55204.4
55259.5
56574.3
56713.4
56714.5
56719.4
56746.5
57074.1
57405.4
57463.5
57564.8
57612.8
57612.211
57729.4
57870.5
59112.3
59612.1
59693.8
59817.8
59817.211
59897.4
59925.5
60103.8
60852.4
61031.5
61173.4
61312.5
61317.3
61817.1
61899.8
61930.8
61930.211
61974.4
62121.5
62314.4
62452.5
63430.3
63930.1
64361.8
64466.8
64466.211
64831.4
64853.5
65594.4
65706.5
65966.3
66466.1
66775.8
66855.4
66869.5
66988.8
66988.211
67105.4
67127.5
68488.3
68988.1
69124.8
69217.4
69236.5
70199.4
70240.5
70286.8
70287.212
70375.2
70375.4
70487.5
70875.3
71375.1
71819.4
72448.5
72591.8
72685.8
72685.211
74185.3
74685.1
76103.8
76112.8
76112.211
76154.8
76521.8
76731.4
76913.5
76976.8
77001.8
77025.8
77175.8
77491.8
77590.8
77612.3
77734.4
77841.5
77924.8
77973.8
78112.1
78151.8
78295.8
78295.211
78317.8
78416.8
78659.4
78881.5
79035.4
79186.5
79232.4
79381.5
79492.8
79499.8
79795.3
80230.4
80295.1
80337.5
80410.8
80439.8
80439.211
80495.4
80496.5
80498.4
80554.5
80659.8
80738.8
80889.4
81016.5
81162.4
81393.5
81494.4
81634.5
81939.3
82439.1
83500.4
83605.5
83651.8
83736.4
83775.5
83815.8
83815.211
83891.4
83965.5
84201.4
84259.5
84348.4
84359.5
84372.4
84462.5
84585.4
84683.5
85315.3
85815.1
85997.8
86002.8
86002.211
86037.8
86297.4
86396.5
86967.4
87125.5
87471.4
87502.3
87739.5
87831.4
88002.1
88051.5
88102.8
88182.4
88242.5
88298.8
88298.211
88442.4
88583.5
89098.4
89181.5
89798.3
90298.1
90517.8
91833.4
91855.5
92016.4
92043.5
92084.8
92085.212
92166.2
92166.4
92300.5
92306.4
92618.5
92666.3
92673.4
93161.5
93166.1
93188.4
93381.5
93451.8
93596.8
93596.211
93621.8
93887.4
94092.5
94220.8
94443.8
95091.8
95096.3
95286.8
95594.8
95596.1
95642.8
95807.4
95813.5
95859.8
95859.211
96021.8
96321.6
96758.4
96901.5
97359.3
97859.1
98207.8
98263.8
98263.211
98471.4
98573.5
99763.3
100210.4
100263.1
100281.5
100379.8
100456.8
100456.211
101956.3
102411.4
102450.5
102456.1
102624.4
102649.5
102691.8
102745.8
102745.211
102777.8
103702.4
103731.5
104245.3
104745.1
104749.8
104831.4
104862.5
104946.8
104946.211
105100.8
106446.3
106946.1
107068.8
107178.8
107178.211
107383.8
107508.4
107570.5
107637.8
107714.8
108119.4
108219.5
108346.4
108560.5
108677.4
108678.3
108878.5
108892.4
109178.1
109223.5
109299.4
109450.5
109503.8
109579.4
109936.5
109988.8
109989.212
110002.8
110068.2
110068.4
110109.5
110568.3
111068.1
111131.4
111639.5
111713.8
111835.8
111835.211
111848.8
113335.3
113664.4
113835.1
113880.5
113935.8
113977.8
113977.211
114072.4
114322.5
114422.8
114473.4
114844.5
114912.8
114919.8
114978.4
115339.5
115444.8
115477.3
115487.8
115513.8
115565.4
115977.1
116077.5
116127.8
116142.8
116142.211
116203.4
116345.5
116378.4
116487.5
116630.8
116780.4
116956.5
117085.8
117214.4
117551.5
117642.3
117678.4
118084.5
118142.1
118153.4
118213.5
118259.8
118275.8
118275.211
118327.4
118693.5
118980.4
119088.5
119182.8
119186.8
119194.8
119760.8
119775.3
119809.4
119914.5
119924.4
120072.5
120160.4
120275.1
120345.5
120464.4
120466.5
120467.4
120600.5
120646.8
120772.8
120772.211
120795.8
120803.8
120850.4
121162.5
122096.8
122174.4
122272.3
122318.5
122772.1
123611.8
123616.8
123616.211
123665.4
123761.5
123808.8
123951.8
124798.4
125073.5
125116.3
125231.4
125343.5
125438.4
125613.5
125616.1
125678.8
125693.8
125693.211
125751.4
125834.5
127193.3
127693.1
127714.8
127720.8
127720.211
127742.8
127847.4
127858.5
128508.4
128512.5
128519.4
128529.5
129220.3
129720.1
130637.8
130644.8
130644.211
130650.8
130787.8
130871.8
132144.3
132644.1
132943.4
133000.5
133056.8
133122.4
133321.5
133372.8
133373.212
133445.2
133445.4
133538.5
133945.3
134445.1
134473.4
134898.5
135006.4
135053.5
135157.8
135220.4
135306.5
135362.8
135362.211
135389.8
136862.3
137362.1
138532.8
138563.8
138563.211
138627.8
138632.8
139066.4
139093.5
139735.4
139826.5
139906.8
140004.8
140063.3
140406.4
140433.5
140563.1
140898.4
140921.5
140977.8
141024.8
141024.211
141074.4
141155.5
141547.4
141627.5
141708.8
141763.4
141989.5
142250.4
142268.5
142413.4
142524.3
142735.5
142785.4
142906.5
143014.4
143024.1
143118.5
143166.8
143233.4
143436.5
143478.8
143479.212
143494.8
143552.2
143552.4
143624.5
144052.3
144552.1
144651.4
144875.5
144965.8
145139.4
145157.5
145204.8
145204.211
145237.8
145250.8
145267.8
145683.4
145851.5
145976.4
146170.5
146253.8
146274.8
146704.3
147007.4
147079.5
147128.4
147204.1
147231.5
147279.8
147320.8
147320.211
147476.8
147635.4
147726.5
148446.4
148578.5
148709.4
148811.5
148818.4
148820.3
148935.5
148965.4
149320.1
149401.5
149457.8
149475.8
149475.211
149555.4
149692.5
149804.4
149966.5
150018.4
150086.5
150218.4
150322.5
150343.4
150418.5
150479.4
150561.5
150620.8
150631.8
150642.8
150666.8
150693.8
150724.8
150775.8
150780.8
150975.3
151047.4
151186.5
151269.8
151475.1
151716.8
151801.4
151806.5
151873.8
151873.211
151919.8
151932.8
152054.8
152103.8
152146.8
152160.8
152421.8
152449.8
152526.4
152572.5
152693.8
152731.8
152752.8
152808.8
153373.3
153873.1
155442.8
155562.8
155562.211
155568.8
155615.8
155670.8
156692.4
156693.5
156694.4
156737.5
157062.3
157349.8
157562.1
157760.4
157810.5
157872.8
157876.8
157876.211
157879.8
157958.4
157998.5
158613.4
158772.5
158951.4
159145.5
159280.4
159376.3
159517.5
159545.4
159732.5
159749.4
159876.1
159958.5
160008.8
160023.8
160023.211
160081.4
160288.5
161523.3
162023.1
162470.4
162529.5
162639.8
162770.8
162770.211
164270.3
164770.1
165987.4
166092.5
166270.4
166314.5
166361.8
166487.4
166547.5
166595.8
166595.211
166703.4
166865.5
168095.3
168595.1
168794.4
168817.5
168931.8
168990.4
169018.5
169069.8
169069.211
169078.8
169647.4
169658.5
170569.3
171069.1
172276.8
172316.8
172316.211
172365.4
172377.5
172381.4
172394.5
172535.8
172834.4
172916.5
173255.4
173382.5
173498.4
173584.5
173816.3
174316.1
174639.8
174674.8
174674.211
174720.4
174733.5
174847.8
175506.4
175515.5
175642.4
175689.5
176174.3
176674.1
177333.8
177408.4
177464.5
177506.8
177506.211
177550.8
177634.4
177676.5
178406.4
178482.5
179006.3
180000.9
123456789
9
13
15
9
13
15
10
FI
2
2
10
50
52
11
23
52
6
2
1270
0
0
0
314159265
74
327
351
180000
314159265
0.1
394.8
478.8
478.211
1353.4
1452.5
1474.4
1582.5
1701.8
1717.8
1789.8
1940.8
1978.3
2445.4
2478.1
2574.5
2705.4
2856.5
2911.8
2969.8
2969.211
3008.8
3093.4
3257.5
3414.8
3688.4
3948.5
4061.4
4469.3
4777.5
4821.4
4969.1
5091.5
5156.8
5287.4
5779.5
5839.8
5840.212
5842.8
5910.2
5910.4
5948.5
6410.3
6910.1
7158.4
8037.5
8176.8
8234.8
8234.211
8274.8
9734.3
10234.1
11023.4
11065.5
11164.8
11172.8
11172.211
11247.8
11604.8
12406.4
12535.5
12664.4
12672.3
12846.5
12859.4
13137.5
13153.4
13172.1
13201.5
13285.8
13341.8
13341.211
13404.4
13654.5
13719.8
13800.8
13942.4
14295.5
14841.3
15341.1
15401.4
15710.5
15776.8
15845.8
15845.211
15923.4
16798.5
16799.4
16800.5
17041.4
17345.3
17845.1
17855.5
17933.8
18051.4
18383.5
18443.8
18444.212
18519.2
18519.4
18562.5
19019.3
19519.1
19685.4
19980.5
20241.8
20313.4
20565.5
20624.8
20625.212
20633.8
20636.8
20710.2
20710.4
20773.5
21210.3
21710.1
22354.4
22962.5
23217.8
23353.8
23353.211
23362.8
23365.8
24826.4
24853.3
24978.5
25016.4
25186.5
25220.4
25353.1
25418.5
25491.8
25579.8
25579.211
25671.8
25683.8
25766.8
25918.8
26139.8
26252.8
26524.4
26651.5
26682.4
27070.5
27079.3
27387.4
27579.1
27594.5
27659.8
27720.8
27720.211
27726.8
27807.4
28185.5
28585.8
28676.4
28980.5
29108.4
29220.3
29720.1
29793.5
29923.8
29980.4
30288.5
30342.8
30343.212
30417.2
30417.4
30479.5
30917.3
31417.1
31952.4
32394.5
32559.8
32648.8
32648.211
32680.8
32695.8
33704.8
33714.8
33722.8
33807.4
33958.5
34148.3
34459.4
34647.5
34648.1
34753.8
34880.4
34887.5
34938.8
34938.211
34946.8
35018.8
35162.8
35548.4
35731.5
35813.8
35924.8
35971.8
36438.3
36640.4
36835.5
36938.1
37410.8
37528.4
37614.5
37661.8
37661.211
37671.8
37701.8
37743.4
37820.5
37948.8
37958.8
38021.8
38656.8
38697.8
38779.8
38974.4
39065.5
39161.3
39167.4
39661.1
39769.5
39839.8
39984.4
40352.5
40400.8
40401.212
40419.8
40478.2
40478.4
40534.5
40855.4
40947.5
40978.3
41478.1
41636.4
42173.5
42313.8
42370.8
42370.211
42374.8
42379.8
43068.8
43258.4
43425.5
43467.4
43472.5
43474.4
43575.5
43755.8
43821.8
43870.3
44141.4
44370.1
44379.5
44451.8
44459.8
44459.211
44746.4
44839.5
44876.4
44955.5
45058.4
45238.5
45334.4
45508.5
45772.4
45817.5
45959.3
46459.1
46767.8
46773.8
46773.211
46859.4
46868.5
46869.4
46991.5
47033.4
47129.5
47216.8
47354.4
47646.5
47648.4
47670.5
47673.4
47722.5
47837.8
47993.4
48233.5
48264.4
48273.3
48543.5
48585.4
48773.1
48858.5
48915.8
48999.4
49249.5
49304.8
49305.212
49364.2
49364.4
49428.5
49864.3
50364.1
50575.4
50643.5
50691.4
51880.5
51998.8
52044.8
52044.211
52153.4
52519.5
52616.4
52716.5
52813.8
52887.8
53082.8
53156.4
53447.5
53533.4
53544.3
54026.5
54044.1
54112.8
54199.4
54333.5
54386.8
54386.211
54459.4
54762.5
54925.4
55301.5
55343.4
55511.5
55614.4
55860.5
55886.3
56029.4
56386.1
56528.5
56612.8
56693.4
56982.5
57062.8
57063.212
57138.2
57138.4
57140.5
57154.4
57180.5
57638.3
58138.1
58443.4
58744.5
58870.8
58877.8
58877.211
58902.8
59457.4
59710.5
59938.4
60100.5
60260.8
60377.3
60382.4
60727.5
60758.4
60877.1
60900.5
61002.8
61121.4
61257.5
61366.8
61367.212
61422.2
61422.4
61458.5
61922.3
62422.1
62784.4
62978.5
65319.4
65760.5
65836.8
65880.8
65880.211
66610.8
66922.4
67279.5
67365.8
67380.3
67457.4
67677.5
67732.4
67880.1
67943.5
67998.8
68029.8
68029.211
68035.8
68092.4
68227.5
68286.8
68313.8
68358.4
68637.5
68670.4
68838.5
69072.4
69189.5
69248.4
69432.5
69521.4
69529.3
69833.5
69873.4
70029.1
70227.5
70287.8
70299.8
70299.211
70322.8
70496.4
70834.5
70940.4
70941.5
70942.4
71050.5
71108.4
71263.5
71338.4
71491.5
71586.4
71799.3
72002.5
72074.4
72299.1
72511.5
72577.8
72670.4
72754.5
72837.8
72837.211
72953.4
73038.5
73229.8
73318.4
73479.5
73523.4
73630.5
73743.4
73749.5
73757.4
73770.5
73776.4
73983.5
74025.4
74032.5
74121.4
74189.5
74337.3
74382.4
74495.5
74544.4
74679.5
74700.4
74833.5
74837.1
74916.8
74948.8
74948.211
75123.4
75309.5
75542.4
75713.5
75873.4
76151.5
76194.4
76417.5
76448.3
76484.8
76577.4
76865.5
76878.4
76884.5
76933.4
76948.1
77021.5
77075.8
77086.8
77086.211
77171.4
77342.5
77377.4
77496.5
77647.4
77862.5
77901.4
78095.5
78191.8
78207.8
78314.4
78586.3
78796.5
78831.4
79086.1
79172.5
79228.8
79261.8
79261.211
79331.8
79494.4
79637.5
79645.4
79669.5
80364.4
80503.5
80672.4
80761.3
80920.5
80964.4
81121.5
81186.4
81261.1
81328.5
81386.8
81467.4
81610.5
81743.4
81809.5
81841.4
81905.5
81953.8
81954.212
82013.2
82013.4
82061.5
82513.3
83013.1
83309.4
83986.5
84083.8
84134.8
84134.211
84150.8
84709.8
85169.4
85488.5
85634.3
85651.8
85823.4
85986.5
86057.4
86134.1
86361.5
86431.8
86490.8
86490.211
86532.8
86611.8
87018.4
87135.5
87187.4
87206.5
87376.4
87524.5
87632.8
87670.8
87764.4
87823.5
87827.4
87990.3
88271.5
88327.4
88490.1
88517.5
88518.4
88530.5
88616.4
88642.5
88698.8
88768.4
88954.5
89110.8
89111.212
89187.2
89187.4
89261.5
89687.3
90187.1
90372.4
92242.5
92320.8
92359.8
92359.211
92366.8
93859.3
94318.4
94359.1
94570.5
94636.8
94696.8
94696.211
94773.4
94929.5
95085.4
95270.5
95411.4
95583.5
95630.4
95748.5
95825.8
95905.8
96039.4
96196.3
96466.5
96506.4
96696.1
96785.5
96945.4
97105.5
97159.8
97257.4
97262.5
97326.8
97326.211
97352.8
97367.8
97499.8
97558.8
97656.8
97765.4
98117.5
98188.4
98411.5
98544.4
98688.5
98749.4
98750.5
98751.4
98805.5
98826.3
98890.4
99326.1
99479.5
99533.8
99671.8
99671.211
99860.4
100227.5
100289.4
100523.5
100636.8
100760.4
101018.5
101020.4
101027.5
101171.3
101184.4
101295.5
101330.4
101613.5
101658.4
101671.1
101706.5
101779.8
101790.8
101790.211
101864.4
101960.5
102008.4
102087.5
102255.4
102409.5
102442.4
102526.5
102578.4
102714.5
102915.4
102968.5
103290.3
103339.4
103375.5
103595.4
103783.5
103790.1
103863.8
103972.4
104300.5
104353.8
104354.212
104411.2
104411.4
104446.5
104911.3
105411.1
105740.4
106239.5
106322.8
106389.8
106389.211
106402.8
106729.4
106911.5
106973.4
107086.5
107889.3
107934.4
108389.1
108405.5
108470.8
108534.8
108534.211
108580.4
108910.5
108993.8
109514.4
109517.5
109522.4
109629.5
109713.4
109966.5
110034.3
110082.4
110406.5
110468.4
110534.1
110609.5
110682.8
110697.8
110697.211
110728.8
110799.4
111108.5
111166.8
111215.8
111279.4
111561.5
111580.4
111657.5
111754.8
111800.8
111849.8
111947.4
112083.5
112197.3
112217.4
112697.1
112753.5
112815.8
112821.8
112821.211
112895.4
112941.5
113009.8
113055.8
113061.8
113471.4
113639.5
113771.4
113962.5
113992.4
114082.5
114134.4
114196.5
114298.4
114321.3
114548.5
114789.8
114821.1
115421.8
115518.4
115520.5
115577.8
115577.211
115837.4
116029.5
116065.4
116242.5
116421.4
116696.5
116797.4
116828.5
116931.4
117042.5
117077.3
117104.4
117226.5
117282.4
117352.5
117385.4
117489.5
117567.4
117577.1
117611.5
117612.4
118068.5
118135.8
118257.8
118257.211
118315.8
118562.4
118953.5
118999.4
119023.5
119116.8
119207.4
119472.5
119522.4
119647.5
119757.3
119831.8
120065.4
120257.1
120285.5
120342.8
120384.8
120384.211
120455.8
120994.4
121141.5
121884.3
122384.1
122759.4
122911.5
122968.8
123106.4
123134.5
123186.8
123186.211
123370.4
123529.5
123650.4
123907.5
124024.8
124057.8
124154.4
124329.5
124492.8
124517.8
124642.4
124686.3
124933.5
124969.4
125165.5
125186.1
125192.4
125223.5
125278.8
125286.8
125286.211
125292.8
125356.4
125488.5
125637.4
125808.5
125876.4
125944.5
125945.4
125946.5
126708.4
126786.3
127191.5
127241.4
127286.1
127417.5
127472.8
127557.4
127723.5
127773.8
127774.212
127841.2
127841.4
127891.5
128341.3
128841.1
129267.4
130245.5
130411.8
130483.4
130758.5
130814.8
130815.212
130884.2
130884.4
130933.5
131384.3
131884.1
132130.4
132975.5
133053.8
133069.8
133069.211
133099.8
133113.8
134000.4
134368.5
134371.4
134390.5
134394.4
134408.5
134569.3
135020.8
135069.1
135124.8
135139.8
135139.211
135211.4
135267.5
135404.8
135475.8
135586.4
135677.5
135850.4
135916.5
135997.8
136003.8
136036.8
136098.8
136225.8
136314.4
136398.5
136420.4
136426.5
136527.8
136630.8
136639.3
137063.8
137139.1
137162.8
137261.8
137261.211
137335.4
137408.5
137524.8
137664.4
137667.5
137672.4
137678.5
137719.4
137767.5
137834.4
137915.5
138094.8
138189.8
138761.3
139017.4
139206.5
139261.1
139330.8
139383.8
139383.211
139389.8
139437.4
139457.5
139463.4
139552.5
140090.4
140209.5
140310.8
140389.4
140416.5
140883.3
141264.4
141383.1
141516.5
141572.8
141650.8
141650.211
141730.4
141899.5
142017.4
142184.5
142280.8
142376.4
142530.5
142639.8
142696.8
142951.4
143026.5
143150.3
143150.4
143338.5
143360.4
143506.5
143557.4
143650.1
143771.5
143821.8
143828.8
143828.211
143836.8
143896.4
143985.5
144013.4
144151.5
144286.4
144304.5
144323.4
144487.5
144600.4
144611.5
144632.4
144788.5
144841.4
144958.5
145163.4
145165.5
145174.4
145191.5
145328.3
145828.1
146204.8
146346.8
146346.211
146386.8
146437.8
146515.8
146634.8
147846.3
148346.1
148698.8
148769.8
148769.211
148827.4
148836.5
148839.4
148881.5
149021.4
149120.5
149168.4
149276.5
149417.4
149493.5
149499.4
149700.5
149739.4
149842.5
149898.8
149911.8
150012.4
150043.5
150048.4
150218.5
150269.3
150299.4
150632.5
150745.8
150748.8
150769.1
150782.8
150826.4
151108.5
151161.8
151162.212
151226.2
151226.4
151304.5
151726.3
152226.1
152742.4
153225.5
153388.8
153527.4
153641.5
153772.8
153773.212
153836.2
153836.4
153878.5
154336.3
154836.1
155174.4
155556.5
155644.8
155655.8
155655.211
155662.8
155708.8
155722.8
157155.3
157655.1
157770.8
157855.8
157855.211
158186.4
158388.5
158494.8
158509.8
158548.8
158686.4
158853.5
158958.8
159020.4
159183.5
159353.4
159355.3
159662.5
159733.8
159773.8
159787.8
159792.8
159810.8
159855.1
159895.8
159901.8
159901.211
159942.8
159978.8
160065.4
160187.5
160379.4
160825.5
161039.4
161335.5
161396.8
161401.3
161530.4
161869.5
161901.1
161905.4
161978.5
162042.8
162047.8
162047.211
162072.8
162178.4
162418.5
162559.4
162962.5
163008.4
163132.5
163189.8
163286.4
163462.5
163515.8
163522.8
163540.8
163542.8
163547.3
163596.4
163831.5
163893.4
164047.1
164050.5
164211.8
164251.8
164251.211
164305.4
164607.5
164713.8
164794.4
165142.5
165249.8
165303.4
165535.5
165606.8
165658.8
165670.8
165738.4
165751.3
166067.5
166107.4
166251.1
166305.5
166356.8
166416.8
166416.211
166479.4
166838.5
166990.4
167213.5
167314.4
167437.5
167916.3
168017.8
168068.4
168276.5
168330.4
168416.1
168498.5
168548.8
168562.8
168562.211
168625.4
168826.5
168884.8
169000.4
169044.5
169128.8
169285.8
170031.4
170046.5
170062.3
170064.4
170167.5
170215.4
170348.5
170476.8
170511.8
170562.1
170689.4
170711.5
170760.8
170817.4
170886.5
170937.8
170937.211
170943.8
171072.8
171206.4
171224.5
171233.4
171236.5
171242.4
171419.5
171587.4
171606.5
172437.3
172518.4
172562.5
172937.1
173806.8
173885.4
173924.5
173969.8
173969.211
173978.8
173983.8
174168.8
174293.4
174296.5
174297.4
174329.5
174438.8
174536.4
174707.5
174951.8
175057.8
175469.3
175969.1
176251.8
176362.8
176362.211
176649.4
176693.5
176813.8
176894.8
177862.3
178203.4
178362.1
178462.5
178508.8
178524.8
178524.211
178621.4
178689.5
178780.8
179709.4
179712.5
179854.4
180000.9
123456789
9
14
15
9
14
15
10
FI
2
2
10
50
30
11
23
30
6
2
1020
0
0
0
314159265
69
245
277
180000
314159265
0.1
184.8
192.8
192.211
280.4
396.5
928.4
1012.5
1059.8
1072.8
1151.8
1247.8
1446.8
1608.8
1683.4
1692.3
1821.5
1846.4
1889.5
1927.4
2080.5
2116.4
2192.1
2279.5
2342.8
2590.4
2844.5
2895.8
2896.212
2898.8
2952.2
2952.4
3008.5
3117.4
3184.5
3452.3
3952.1
4565.4
4631.5
4690.4
5454.5
5542.8
5578.8
5578.211
5604.8
6790.4
6972.5
7059.8
7078.3
7535.4
7578.1
7691.5
7748.8
7837.8
7837.211
7873.8
7999.8
8089.4
8090.5
8091.4
8248.5
8342.8
8349.8
8428.4
8722.5
8763.4
8911.5
9016.4
9337.3
9349.5
9388.4
9505.5
9507.4
9683.5
9730.4
9837.1
9921.5
9992.8
10104.4
10477.5
10533.8
10534.212
10599.2
10599.4
10662.5
11099.3
11599.1
11788.4
12172.5
12248.8
12279.8
12279.211
12290.8
13779.3
14279.1
14461.8
14624.4
14702.5
14758.8
14758.211
14765.8
14770.8
14787.8
15094.4
15230.5
15283.4
15537.5
15631.4
15821.5
15884.4
16097.5
16099.4
16101.5
16150.4
16258.3
16381.5
16395.4
16514.5
16560.4
16758.1
16796.5
17179.8
17272.4
17480.5
17543.8
17544.212
17603.2
17603.4
17666.5
17865.4
17947.5
18095.4
18103.3
18172.5
18422.4
18603.1
18973.5
19169.8
19206.8
19206.211
19798.4
19982.5
20078.4
20272.5
20279.4
20365.5
20449.4
20706.3
21118.5
21189.4
21206.1
21570.5
21647.8
21758.8
21758.211
21914.4
22277.5
22340.4
22634.5
22699.4
23051.5
23099.4
23258.3
23524.5
23592.4
23758.1
23853.5
23941.8
24015.8
24015.211
24129.4
24414.5
24516.4
24632.5
24690.4
24834.5
24933.8
24951.8
25009.4
25270.5
25326.4
25515.3
25528.5
25579.4
25650.5
25719.4
26015.1
26076.5
26161.8
26313.8
26313.211
26321.8
26323.8
26345.8
26356.8
26420.4
26723.5
26882.4
27054.5
27105.4
27107.5
27110.4
27112.5
27142.4
27365.5
27598.4
27810.5
27813.3
27882.4
28313.1
28344.5
28402.8
28520.4
28531.5
28801.8
28802.212
28870.2
28870.4
28946.5
29370.3
29870.1
30018.4
30561.5
30917.8
31022.4
31270.5
31333.8
31334.212
31407.2
31407.4
31476.5
31907.3
32407.1
32463.4
32937.5
33031.8
33040.8
33040.211
33045.8
33069.8
33074.8
33076.8
33079.8
33083.8
34075.4
34138.5
34272.8
34540.3
35040.1
35961.8
35968.8
35968.211
35999.8
36102.4
36224.5
36378.8
36384.8
36565.4
36827.5
36906.8
36911.8
37109.4
37220.5
37340.8
37468.3
37488.8
37496.8
37508.8
37968.1
38156.4
38171.5
38236.8
38314.8
38314.211
38493.8
39766.4
39814.3
39825.5
39834.4
39942.5
39987.4
40083.5
40166.4
40229.5
40314.1
40368.4
40454.5
40557.4
40611.5
40710.8
40763.8
40763.211
40771.8
40801.8
41065.4
41080.5
41084.4
41091.5
41093.4
41095.5
41097.4
41104.5
42263.3
42763.1
42882.8
43086.8
43086.211
43183.4
43204.5
44170.4
44318.5
44433.4
44586.3
44622.5
44676.4
44928.5
44965.4
45048.5
45086.1
45097.4
45113.5
45192.8
45272.8
45272.211
45480.4
45710.5
45713.4
45736.5
45770.4
46014.5
46051.4
46156.5
46238.4
46563.5
46632.8
46684.8
46750.4
46772.3
47272.1
47297.5
47353.8
47367.8
47367.211
47515.4
48010.5
48115.4
48498.5
48584.4
48828.5
48867.3
48883.4
49129.5
49199.4
49216.5
49238.4
49367.1
49387.5
49449.8
49455.8
49455.211
49520.4
49643.5
49696.8
49713.8
49804.4
50102.5
50114.4
50125.5
50316.4
50336.5
50643.4
50880.5
50955.3
50968.4
51121.5
51210.4
51260.5
51266.4
51374.5
51421.4
51455.1
51492.5
51561.8
51676.8
51676.211
51690.8
51724.8
51780.8
51847.8
52459.4
52540.5
52605.4
52675.5
53176.3
53676.1
53990.4
54025.5
54080.8
54217.8
54217.211
55717.3
56117.4
56188.5
56217.1
58769.8
58800.8
58800.211
58864.4
58867.5
58873.4
58956.5
59293.4
59390.5
59941.4
60022.5
60193.4
60300.3
60309.5
60355.4
60637.5
60704.4
60800.1
60810.5
60885.8
60996.8
60996.211
62008.4
62371.5
62442.4
62447.5
62448.4
62496.3
62838.5
62885.4
62996.1
64088.5
64168.8
64356.4
64510.5
64563.8
64564.212
64626.2
64626.4
64669.5
65126.3
65626.1
66135.4
66888.5
66983.8
66997.8
66997.211
67002.8
67018.8
67054.8
67796.4
68097.5
68270.4
68411.5
68497.3
68807.4
68968.5
68997.1
69128.8
69150.8
69150.211
69707.4
69785.5
69963.4
70134.5
70250.8
70428.4
70611.5
70650.3
70725.4
70960.5
71028.4
71150.1
71203.5
71277.8
71388.8
71388.211
71529.4
71616.5
71752.4
71794.5
71795.4
71815.5
71993.8
72049.8
72128.8
72263.8
72723.4
72888.3
72969.5
73050.4
73185.5
73205.4
73292.5
73355.4
73388.1
73650.5
73876.8
74016.8
74016.211
74055.8
74220.4
74222.5
74225.4
74295.5
74361.4
74384.5
75186.4
75201.5
75516.3
75961.4
76016.1
76137.5
76260.8
76439.8
76439.211
76460.8
77685.4
77786.5
77881.4
77939.3
78122.5
78273.4
78354.5
78439.1
79641.4
79697.5
79754.8
79764.8
79764.211
81264.3
81372.4
81376.5
81377.4
81500.5
81764.1
82244.4
82269.5
82338.8
82961.8
82962.212
83022.2
83022.4
83064.5
83522.3
84022.1
84442.4
85315.5
85433.8
85461.8
85461.211
86265.4
86474.5
86638.8
86961.3
87461.1
87967.4
88052.5
88120.8
88140.8
88140.211
88248.4
88431.5
88586.4
88679.5
89640.3
90140.1
90610.8
90735.8
90735.211
91325.4
91350.5
92235.3
92595.4
92624.5
92638.4
92714.5
92735.1
92832.8
92949.8
92949.211
93038.4
93155.5
94449.3
94949.1
95514.8
95549.8
95549.211
95617.4
95640.5
95798.8
95827.8
95908.8
95914.8
95925.8
95930.8
96103.4
96290.5
97049.3
97549.1
97612.8
97693.4
97699.5
97792.8
97792.211
97894.4
97965.5
98009.4
98013.5
98014.4
98023.5
98028.4
98039.5
98048.4
98068.5
98234.8
98271.8
99292.3
99792.1
100281.8
100459.4
100593.5
100645.8
100646.212
100724.2
100724.4
100779.5
101224.3
101724.1
101728.4
105052.5
105330.8
105433.8
105433.211
105715.4
105902.5
105930.4
105935.5
106034.8
106147.4
106384.5
106476.8
106662.4
106870.5
106933.3
106978.4
107433.1
107564.5
107645.8
107660.8
107660.211
107844.4
108694.5
108856.4
109031.5
109101.8
109146.8
109160.3
109502.4
109660.1
109798.5
109858.8
109884.8
109884.211
110084.4
110375.5
110402.4
110612.5
110691.4
111126.5
111208.4
111371.5
111384.3
111445.4
111884.1
111885.5
111971.8
112015.8
112015.211
112117.4
112544.5
112575.4
112715.5
112968.8
113258.4
113515.3
113768.5
113813.4
113969.5
114013.4
114015.1
114097.5
114262.8
114324.8
114324.211
114716.4
114906.5
114975.4
115031.5
115072.4
115153.5
115222.4
115441.5
115564.4
115824.3
116188.5
116324.1
116563.8
116714.8
116714.211
116722.8
116730.8
116852.4
117075.5
117409.8
118214.3
118714.1
119763.4
119771.5
119937.8
120174.8
120174.211
120406.8
120573.4
120737.5
121034.4
121269.5
121346.4
121474.5
121674.3
122174.1
122601.4
122608.5
122688.8
122797.4
122867.5
122919.8
122919.211
122930.8
122945.8
123101.4
123188.5
123283.4
123384.5
123427.4
123479.5
123551.4
123689.5
123807.4
124035.5
124088.4
124232.5
124345.8
124419.3
124919.1
125391.8
126418.8
126419.212
126491.2
126491.4
126546.5
126991.3
127491.1
127655.4
127758.5
127812.4
128514.5
128597.8
128616.8
128616.211
129231.4
129440.5
129882.4
130082.5
130116.3
130361.8
130616.1
130797.8
130844.8
130844.211
130918.4
131004.5
131089.4
131231.5
131752.4
131878.5
132062.4
132167.5
132344.3
132506.8
132844.1
133193.8
133200.8
133200.211
133417.8
133434.8
133663.4
133742.5
133811.4
133950.5
134035.4
134207.5
134358.8
134691.4
134693.5
134697.4
134700.3
135200.1
135288.5
135408.8
135412.8
135412.211
135428.8
135431.8
135713.4
135715.5
135717.4
135737.5
136531.4
136556.5
136670.4
136831.5
136912.3
136963.4
137080.5
137220.4
137222.5
137223.4
137259.5
137365.4
137412.1
137450.5
137513.8
137526.8
137526.211
137601.4
137611.5
137820.4
138034.5
138189.8
138324.8
139026.3
139526.1
139682.4
139774.5
139829.8
139832.8
139832.211
139943.4
140048.5
140228.4
140395.5
140426.4
140497.5
140571.4
140706.5
140730.4
140788.5
140957.4
141146.5
141283.4
141332.3
141506.5
141519.4
141826.5
141832.1
141923.8
141928.8
141928.211
141942.8
141945.8
142247.4
142442.5
142512.4
142641.5
142737.8
142992.4
143362.5
143428.3
143428.4
143801.5
143859.4
143928.1
144030.5
144101.8
144107.8
144107.211
144116.8
144288.4
144382.5
145123.4
145258.5
145405.4
145530.5
145607.3
146107.1
146520.4
146750.5
146803.8
147076.8
147076.211
147197.4
147379.5
147420.4
147663.5
147802.4
147877.5
147979.8
148021.4
148023.5
148025.4
148056.5
148168.8
148241.8
148295.8
148576.3
148911.4
148979.5
149076.1
149163.8
149212.8
149212.211
149296.4
149324.5
150223.4
150299.5
150712.3
151212.1
152461.8
152468.8
152468.211
153968.3
154468.1
156803.8
156965.8
156965.211
157023.8
157684.8
157753.4
157865.5
158465.3
158965.1
159902.4
159979.5
160058.8
160210.8
160210.211
160412.4
160431.5
160453.4
160457.5
161710.3
162210.1
162684.8
162878.8
162878.211
164378.3
164878.1
165838.8
166209.8
166210.212
166297.2
166297.4
166359.5
166797.3
167297.1
167504.4
167592.5
167691.4
168454.5
168549.8
168584.8
168584.211
170084.3
170584.1
170822.4
170929.5
170990.8
171041.8
171041.211
171347.4
171566.5
172541.3
173041.1
174614.8
174766.8
174766.211
174810.8
175111.4
175238.5
175399.8
175448.8
175669.8
175698.8
176266.3
176766.1
177303.8
177339.8
177339.211
178580.4
178779.5
178839.3
179002.4
179208.5
179269.4
179339.1
179389.5
179394.4
179408.5
179458.8
179588.8
179588.211
179664.4
180000.9
123456789
9
15
15
9
15
15
10
FI
2
2
10
52
12
11
25
12
6
2
850
0
0
0
314159265
64
227
211
180000
314159265
0.1
295.8
409.8
409.211
418.8
450.8
458.8
522.8
1909.3
2116.4
2323.5
2409.1
3050.8
3128.8
3128.211
3205.4
3218.5
3308.8
3343.8
3969.4
4063.5
4173.4
4369.5
4628.3
5128.1
5757.8
5803.8
5803.211
5957.8
6049.8
6120.4
6208.5
6519.4
6701.5
6942.4
6949.5
6951.4
6955.5
6965.4
6979.5
6984.4
7014.5
7017.4
7023.5
7026.4
7123.5
7303.3
7803.1
8148.8
8227.8
8227.211
8288.4
8504.5
8547.8
8560.8
8567.8
8627.4
8636.5
8637.4
8643.5
8646.4
8650.5
8655.4
8850.5
9727.3
10227.1
10455.8
10517.8
10517.211
10610.8
12017.3
12517.1
12677.8
12691.8
12691.211
12694.8
12701.8
12739.8
12811.8
14191.3
14691.1
14835.8
14957.8
14957.211
16457.3
16680.4
16740.5
16957.1
17605.8
17611.8
17611.211
17676.8
18950.8
19043.4
19047.5
19081.4
19111.3
19169.5
19218.8
19445.8
19611.1
20505.8
20602.4
20693.5
20733.8
20733.211
20896.4
20915.5
20916.4
21078.5
21129.4
21179.5
21264.4
21281.5
21297.4
21442.5
22233.3
22733.1
24164.8
24397.8
24397.211
24485.8
25821.4
25891.5
25897.3
26030.4
26044.5
26059.4
26061.5
26064.4
26195.5
26397.1
26588.8
26635.8
26635.211
26752.8
28135.3
28572.4
28635.1
28682.5
28736.8
28883.4
28960.5
29002.8
29002.211
29052.8
29137.4
29728.5
29786.4
30173.5
30176.4
30182.5
30183.4
30267.5
30362.8
30502.3
31002.1
31418.4
31654.5
31739.8
31769.8
31769.211
31826.4
31855.5
31857.4
32153.5
32206.4
32522.5
32755.4
32860.5
33269.3
33769.1
34125.4
34142.5
34143.4
34226.5
34276.8
34417.4
34541.5
34581.8
34582.212
34647.2
34647.4
34648.5
34649.4
34741.5
35147.3
35647.1
35803.4
36627.5
36737.8
36780.8
36780.211
36791.8
37593.8
37711.4
37945.5
38143.8
38231.4
38280.3
38632.5
38665.4
38780.1
38951.5
39013.8
39108.4
39287.5
39337.8
39338.212
39407.2
39407.4
39483.5
39907.3
40051.4
40407.1
40527.5
40603.8
40615.8
40615.211
40691.8
41187.4
41453.5
41482.4
41564.5
41634.4
41867.5
41948.4
42115.3
42162.5
42164.4
42292.5
42340.4
42615.1
42826.5
42888.8
42951.8
42951.211
42980.8
43089.4
43562.5
43621.4
44169.5
44257.4
44451.3
44561.5
44951.1
45456.4
45540.5
45585.8
45659.8
45659.211
45725.8
45830.4
45948.5
45982.4
46110.5
46116.4
46205.5
46276.8
46325.8
46381.8
46524.8
46669.4
46926.5
46961.4
47136.5
47159.3
47198.8
47267.4
47287.5
47293.4
47659.1
47696.5
47748.8
47790.8
47790.211
48746.4
48807.5
48937.8
48998.4
49141.5
49283.4
49290.3
49473.5
49526.4
49559.5
49563.4
49646.5
49768.4
49775.5
49777.4
49790.1
49978.5
50443.8
50486.8
50486.211
50531.8
50595.8
50639.4
50799.5
50940.4
50955.5
50957.4
50964.5
50969.4
51180.5
51244.4
51428.5
51478.4
51650.5
51714.8
51732.8
51986.3
52486.1
52965.8
53001.8
53001.211
53090.8
53322.8
53722.8
53804.4
53988.5
54046.8
54483.4
54501.3
54686.5
54715.4
54733.5
54735.4
54737.5
54740.4
54854.5
54914.4
54954.5
54975.4
55001.1
55040.5
55099.8
55194.8
55194.211
55197.8
55200.8
55312.4
55473.5
55506.4
55657.5
55793.4
55798.5
55800.4
55802.5
55817.4
55955.5
56350.4
56406.5
56425.4
56510.5
56635.4
56656.5
56694.3
57194.1
57327.8
57415.4
57422.5
57469.8
57469.211
57478.8
57501.8
57523.8
57630.4
57634.5
57636.4
57665.5
58385.4
58389.5
58407.4
58488.5
58969.3
59469.1
60213.8
60286.8
60286.211
61786.3
62286.1
62492.8
62543.8
62543.211
62667.4
62844.5
62922.4
62967.5
63624.4
63713.5
63790.8
63863.8
63888.8
64043.3
64543.1
64727.8
64735.8
64735.211
64840.4
64852.5
64921.8
66235.3
66735.1
68622.8
68676.4
68692.5
68694.4
68695.5
68756.8
68756.211
68826.4
68893.5
68964.8
68968.8
69187.4
69263.5
69987.4
70099.5
70173.4
70227.5
70256.3
70284.8
70756.1
70903.8
70950.8
70950.211
71382.8
71453.8
72450.3
72950.1
73429.4
73591.5
73633.8
73730.4
73828.5
73874.8
73874.211
73927.8
74000.4
74107.5
74206.4
74432.5
74474.4
74683.5
74806.4
75048.5
75096.4
75195.5
75364.4
75374.3
75599.5
75686.8
75767.4
75874.1
76081.5
76129.8
76167.8
76167.211
76211.4
76395.5
76435.4
76672.5
76682.4
76865.5
76929.8
76962.8
77045.4
77343.5
77350.4
77456.5
77537.4
77667.3
77932.5
77968.4
78167.1
78167.5
78243.8
78287.8
78287.211
78301.8
78356.4
78559.5
78645.4
78670.5
79787.3
79944.4
80241.5
80287.1
80308.8
80406.8
80406.211
80479.4
80738.5
80883.4
81167.5
81269.4
81282.5
81299.4
81304.5
81305.4
81411.5
81543.8
81906.3
82199.4
82328.5
82361.4
82406.1
82489.5
82540.8
82573.8
82573.211
82576.8
82634.4
82777.5
83304.4
83531.5
83595.4
83733.5
84073.3
84573.1
85264.8
85413.8
85413.211
85452.8
85459.8
85491.8
86913.3
87413.1
87582.4
87590.5
87724.4
87786.5
87828.8
87878.8
87878.211
87888.8
87942.4
88071.5
89378.3
89878.1
90740.8
90835.4
90881.5
90928.8
90928.211
92428.3
92878.4
92924.5
92928.1
93022.8
93113.8
93113.211
94613.3
95113.1
98340.8
98380.8
98380.211
99880.3
100380.1
103583.8
103674.8
103674.211
103747.4
103750.5
103751.4
103771.5
104173.4
104230.5
105174.3
105460.4
105552.5
105674.1
105685.8
105817.8
105817.211
107232.4
107317.3
107329.5
107817.1
115300.8
115397.8
115397.211
115702.8
115802.4
115822.5
115832.4
115837.5
116819.4
116842.5
116897.3
117397.1
118182.8
118349.8
118349.211
118368.8
118398.8
118445.8
119849.3
120349.1
121186.4
121294.5
121340.8
121377.8
121377.211
122475.8
122877.3
123377.1
123412.4
123443.5
123502.8
123511.8
123511.211
123520.8
124065.4
124121.5
124794.4
124907.5
124908.4
124919.5
124972.8
125011.3
125119.8
125511.1
125692.8
126591.8
126592.212
126643.2
126643.4
126703.5
127091.4
127143.3
127326.5
127411.4
127643.1
127947.5
128004.8
128052.8
128052.211
128256.4
128428.5
128470.4
128921.5
128957.4
129034.5
129110.4
129333.5
129334.4
129335.5
129519.4
129552.3
129589.5
129612.4
129762.5
129795.4
130052.1
130052.5
130154.8
130282.8
130282.211
130339.8
130346.8
130353.8
130366.8
130393.8
130500.8
131782.3
132074.4
132132.5
132282.1
137900.8
138006.4
138084.5
138136.8
138136.211
139515.4
139549.5
139636.3
140136.1
141752.8
141881.8
141881.211
141961.8
143381.3
143881.1
144371.8
144624.8
144624.211
144679.4
145072.5
145185.4
145328.5
145333.4
145339.5
146124.3
146470.4
146566.5
146624.1
147016.8
147082.8
147082.211
147183.4
147264.5
147335.4
147337.5
147338.4
147342.5
147435.4
147442.5
147464.4
147577.5
148076.4
148178.5
148582.3
149082.1
149293.4
149352.5
149395.8
149457.8
149457.211
149465.8
150390.4
150473.5
150957.3
151457.1
151518.8
151558.8
151558.211
151602.4
151664.5
151734.8
151807.4
151943.5
153058.3
153558.1
154397.8
154476.4
154483.5
155342.8
155343.212
155391.2
155391.4
155427.5
155891.3
156391.1
156474.4
156546.5
156717.4
156781.5
156844.8
156871.8
156871.211
156908.8
157016.4
157178.5
158371.3
158871.1
159971.8
160110.8
160110.211
161610.3
162110.1
162450.8
162623.8
162623.211
163251.4
163274.5
163468.4
163518.5
163570.8
163683.4
163695.5
163712.4
163720.5
164123.3
164178.4
164302.5
164361.4
164587.5
164623.1
164681.8
164883.8
164883.211
164984.8
165345.4
165576.5
165721.4
165826.5
166383.3
166883.1
167229.8
167272.8
167272.211
168772.3
169067.4
169070.5
169073.4
169214.5
169272.1
170820.8
171134.8
171135.212
171172.2
171172.4
171174.5
171176.4
171236.5
171672.3
172172.1
172686.8
172794.4
172932.5
173213.8
173214.212
173221.8
173225.8
173276.2
173276.4
173340.5
173776.3
174276.1
174382.4
174659.5
174763.8
175062.8
175062.211
175089.8
175091.8
175211.4
175299.5
175403.8
175416.8
175575.8
175656.4
175727.5
175831.8
176562.3
177062.1
177387.8
177397.8
177397.211
177557.4
177577.5
178296.8
178331.8
178897.3
180000.9
123456789
9
16
15
9
16
15
10
FI
2
2
10
48
01
11
21
01
6
2
2033
0
0
0
314159265
51
689
280
180000
314159265
0.1
202.8
206.211
206.8
389.4
448.5
512.8
513.212
566.2
566.4
600.5
1066.3
1541.4
1566.1
1868.5
1964.8
1978.211
1978.8
2018.211
2018.8
2024.211
2024.8
2099.4
2162.5
2255.211
2255.8
2256.211
2256.8
2350.211
2350.8
2486.211
2486.8
2519.211
2519.8
2847.8
2848.212
2923.2
2923.4
2957.5
3423.3
3923.1
3995.4
4253.5
4315.8
4360.211
4360.8
4420.211
4420.8
4477.211
4477.8
4551.211
4551.8
4582.211
4582.8
4700.211
4700.8
4737.211
4737.8
4879.211
4879.8
4891.211
4891.8
4895.211
4895.8
5084.211
5084.8
5765.4
5837.5
5891.8
5892.212
5969.2
5969.4
6037.5
6469.3
6969.1
7104.4
7473.5
7607.8
7660.211
7660.8
7700.211
7700.8
7754.211
7754.8
7803.211
7803.8
7939.4
8126.5
8198.8
8199.212
8272.2
8272.4
8335.5
8772.3
8923.4
9046.5
9272.1
9401.4
10110.5
10202.8
10228.211
10228.8
10269.211
10269.8
10277.211
10277.8
10356.211
10356.8
10484.211
10484.8
10494.211
10494.8
10525.211
10525.8
10683.211
10683.8
10713.211
10713.8
10749.211
10749.8
10770.211
10770.8
10879.4
10924.5
11014.211
11014.8
11031.211
11031.8
11091.211
11091.8
11125.211
11125.8
11152.211
11152.8
11159.211
11159.8
11233.4
11252.5
11346.211
11346.8
11396.211
11396.8
11405.211
11405.8
11449.211
11449.8
11516.211
11516.8
11557.211
11557.8
11695.4
11698.5
11700.4
11760.5
11807.211
11807.8
11857.211
11857.8
11940.4
12050.5
12107.211
12107.8
12145.211
12145.8
12175.211
12175.8
12192.211
12192.8
12298.4
12310.5
12317.4
12423.5
12472.211
12472.8
12480.211
12480.8
12531.211
12531.8
12553.211
12553.8
12612.211
12612.8
12653.211
12653.8
12777.4
12784.5
12787.4
12841.5
12899.211
12899.8
12960.211
12960.8
12982.211
12982.8
13032.211
13032.8
13099.4
13253.5
13306.211
13306.8
13363.211
13363.8
13412.211
13412.8
13430.211
13430.8
13513.4
13805.5
13868.8
13869.212
13887.8
13943.2
13943.4
13977.5
14443.3
14943.1
15353.4
15562.5
16018.4
16138.5
16279.8
16313.211
16313.8
16427.211
16427.8
16512.4
16716.5
16777.8
16778.212
16855.2
16855.4
16889.5
17355.3
17855.1
17863.4
18310.5
18457.8
18580.211
18580.8
18644.211
18644.8
18652.211
18652.8
18843.211
18843.8
18852.211
18852.8
18864.211
18864.8
18915.211
18915.8
19003.211
19003.8
19146.4
19338.5
19393.8
19394.212
19468.2
19468.4
19496.5
19968.3
20468.1
20739.4
21315.5
21434.8
21479.211
21479.8
21568.211
21568.8
21570.211
21570.8
21663.4
21760.5
21863.211
21863.8
21882.211
21882.8
21940.211
21940.8
21946.211
21946.8
22029.211
22029.8
22168.211
22168.8
22204.211
22204.8
22218.211
22218.8
22320.4
22324.5
22326.4
22468.5
22518.211
22518.8
22567.211
22567.8
22589.211
22589.8
22709.4
22712.5
22713.4
22936.5
22997.8
22998.212
23076.2
23076.4
23131.5
23576.3
24076.1
24237.4
24536.5
24845.8
25017.211
25017.8
25151.4
25234.5
25291.211
25291.8
25383.211
25383.8
25396.211
25396.8
25468.211
25468.8
25608.211
25608.8
25665.4
25782.5
25835.211
25835.8
25843.211
25843.8
25850.211
25850.8
25869.211
25869.8
25892.211
25892.8
25962.211
25962.8
26024.211
26024.8
26096.4
26258.5
26355.8
26356.212
26431.2
26431.4
26477.5
26931.3
27431.1
27709.4
28126.5
28203.8
28258.211
28258.8
28405.211
28405.8
28493.211
28493.8
28519.211
28519.8
28527.211
28527.8
28715.211
28715.8
28732.211
28732.8
28803.4
28932.5
28995.211
28995.8
29012.211
29012.8
29052.211
29052.8
29069.211
29069.8
29284.211
29284.8
29342.4
29451.5
29505.211
29505.8
29511.211
29511.8
29520.211
29520.8
29571.211
29571.8
29581.211
29581.8
29588.211
29588.8
29685.211
29685.8
29787.4
29906.5
29908.4
29911.5
29914.4
29927.5
29990.8
29991.212
30005.8
30068.2
30068.4
30075.5
30100.4
30136.5
30568.3
31068.1
31445.4
31663.5
31773.8
31821.211
31821.8
31843.211
31843.8
31991.211
31991.8
32165.4
32272.5
32401.8
32402.212
32481.2
32481.4
32531.5
32719.4
32981.3
33323.5
33389.4
33481.1
33543.5
33613.8
33669.211
33669.8
33770.211
33770.8
33780.211
33780.8
33833.211
33833.8
33927.4
33974.5
34032.211
34032.8
34120.4
34122.5
34123.4
34181.5
34237.211
34237.8
34300.211
34300.8
34348.211
34348.8
34473.211
34473.8
34550.211
34550.8
34657.4
34866.5
34926.8
34927.212
35008.2
35008.4
35074.5
35508.3
36008.1
36248.4
36458.5
36558.8
36614.211
36614.8
36618.211
36618.8
36623.211
36623.8
36718.211
36718.8
36767.211
36767.8
36948.4
36993.5
37046.211
37046.8
37113.211
37113.8
37222.211
37222.8
37267.211
37267.8
37349.211
37349.8
37612.211
37612.8
37616.211
37616.8
37724.211
37724.8
37775.211
37775.8
37888.4
37894.5
37896.4
37985.5
38037.211
38037.8
38083.211
38083.8
38173.211
38173.8
38304.211
38304.8
38393.4
38492.5
38587.211
38587.8
38624.211
38624.8
38698.211
38698.8
38857.4
38904.5
38953.211
38953.8
38992.211
38992.8
39032.211
39032.8
39180.211
39180.8
39244.4
39393.5
39439.211
39439.8
39496.211
39496.8
39536.211
39536.8
39664.211
39664.8
39669.211
39669.8
39701.211
39701.8
39895.4
40199.5
40257.8
40258.212
40335.2
40335.4
40388.5
40835.3
41335.1
41465.4
41903.5
42043.8
42058.211
42058.8
42091.211
42091.8
42094.211
42094.8
42295.211
42295.8
42299.211
42299.8
42334.211
42334.8
42488.211
42488.8
42512.211
42512.8
42620.4
42833.5
42910.8
42911.212
42984.2
42984.4
43027.5
43484.3
43984.1
44103.4
44485.5
44621.8
44630.211
44630.8
44757.211
44757.8
44813.211
44813.8
44944.211
44944.8
45063.4
45191.5
45275.8
45276.212
45347.2
45347.4
45404.5
45847.3
46347.1
47902.4
48100.5
48167.8
48316.211
48316.8
48382.211
48382.8
48508.211
48508.8
48594.4
48683.5
48738.211
48738.8
48815.211
48815.8
48885.211
48885.8
48970.211
48970.8
49059.211
49059.8
49166.4
49207.5
49229.4
49233.5
49236.4
49329.5
49389.8
49390.212
49461.2
49461.4
49521.5
49961.3
50461.1
50586.4
50911.5
50999.8
51044.211
51044.8
51110.211
51110.8
51167.211
51167.8
51244.4
51424.5
51478.8
51479.212
51555.2
51555.4
51603.5
52055.3
52555.1
52943.4
53047.5
53149.8
53203.211
53203.8
53263.211
53263.8
53311.211
53311.8
53438.211
53438.8
53486.211
53486.8
53606.211
53606.8
53713.4
53792.5
53849.211
53849.8
53900.211
53900.8
53933.211
53933.8
53992.211
53992.8
54004.211
54004.8
54208.211
54208.8
54283.4
54287.5
54288.4
54395.5
54485.211
54485.8
54528.211
54528.8
54602.211
54602.8
54658.211
54658.8
54746.211
54746.8
54807.4
54914.5
54969.211
54969.8
55048.211
55048.8
55100.211
55100.8
55138.211
55138.8
55204.211
55204.8
55235.211
55235.8
55389.4
55470.5
55522.211
55522.8
55552.211
55552.8
55622.211
55622.8
55810.211
55810.8
55857.211
55857.8
55936.4
56013.5
56065.211
56065.8
56156.211
56156.8
56270.211
56270.8
56345.211
56345.8
56414.4
56494.5
56579.211
56579.8
56639.211
56639.8
56655.211
56655.8
56807.4
56958.5
57018.8
57019.212
57083.2
57083.4
57143.5
57583.3
58083.1
58358.4
58590.5
58755.8
58760.211
58760.8
58798.211
58798.8
58868.211
58868.8
58943.4
59118.5
59179.8
59180.212
59184.8
59194.8
59249.2
59249.4
59314.5
59749.3
60249.1
60392.4
60941.5
61234.8
61373.211
61373.8
61507.211
61507.8
61551.211
61551.8
61696.211
61696.8
61842.211
61842.8
61998.4
62119.5
62221.8
62222.212
62294.2
62294.4
62347.5
62794.3
63294.1
63333.4
63604.5
63685.8
63693.211
63693.8
63710.211
63710.8
63740.211
63740.8
63790.211
63790.8
63805.211
63805.8
63824.211
63824.8
64104.211
64104.8
64179.4
64300.5
64361.211
64361.8
64369.211
64369.8
64409.211
64409.8
64468.211
64468.8
64504.211
64504.8
64671.211
64671.8
64695.211
64695.8
64787.4
64871.5
64925.211
64925.8
64946.211
64946.8
64950.211
64950.8
64970.211
64970.8
64974.211
64974.8
65024.211
65024.8
65098.211
65098.8
65358.4
65492.5
65543.8
65544.212
65565.8
65617.2
65617.4
65653.5
66117.3
66617.1
66890.4
67224.5
67346.8
67354.211
67354.8
67532.211
67532.8
67611.211
67611.8
67667.211
67667.8
67811.211
67811.8
67844.211
67844.8
67849.211
67849.8
68051.211
68051.8
68131.4
68215.5
68273.211
68273.8
68287.211
68287.8
68334.211
68334.8
68403.211
68403.8
68464.211
68464.8
68607.211
68607.8
68646.211
68646.8
68735.4
68809.5
68862.211
68862.8
68878.211
68878.8
68929.211
68929.8
69092.211
69092.8
69662.4
69744.5
69809.8
69810.212
69879.2
69879.4
69929.5
70379.3
70879.1
70971.4
71410.5
71547.8
71582.211
71582.8
71595.211
71595.8
71642.211
71642.8
71723.4
71807.5
71858.211
71858.8
72254.4
72428.5
72484.8
72485.212
72541.2
72541.4
72592.5
73041.3
73541.1
73719.4
74249.5
74292.4
74409.5
74547.8
74552.211
74552.8
74677.211
74677.8
74866.211
74866.8
74989.4
75095.5
75171.8
75172.212
75228.2
75228.4
75268.5
75728.3
76062.4
76228.1
76942.5
77065.8
77233.211
77233.8
77354.4
77526.5
77634.8
77635.212
77698.2
77698.4
77726.5
78198.3
78653.4
78698.1
78824.5
78890.4
79560.5
79635.8
79663.211
79663.8
79685.211
79685.8
79688.211
79688.8
79757.211
79757.8
79780.211
79780.8
79866.4
79967.5
80024.211
80024.8
80028.211
80028.8
80078.211
80078.8
80141.211
80141.8
80210.211
80210.8
80321.211
80321.8
80327.211
80327.8
80536.211
80536.8
80616.4
80797.5
80864.8
80865.212
80932.2
80932.4
81006.5
81432.3
81932.1
82022.4
82098.5
82252.4
82976.5
83116.8
83244.211
83244.8
83467.211
83467.8
83493.211
83493.8
83626.211
83626.8
83648.211
83648.8
83721.4
83853.5
83907.211
83907.8
83959.211
83959.8
83992.211
83992.8
84205.211
84205.8
84329.4
84457.5
84511.8
84512.212
84592.2
84592.4
84646.5
85092.3
85592.1
85767.4
85882.5
85944.4
86323.5
86457.8
86488.211
86488.8
86550.211
86550.8
86618.4
86711.5
86768.211
86768.8
86771.211
86771.8
86779.211
86779.8
86819.211
86819.8
86933.211
86933.8
87060.211
87060.8
87070.211
87070.8
87078.211
87078.8
87151.4
87263.5
87330.211
87330.8
87356.211
87356.8
87477.211
87477.8
87519.211
87519.8
87595.211
87595.8
87684.211
87684.8
87925.211
87925.8
87990.4
88072.5
88126.211
88126.8
88187.211
88187.8
88338.211
88338.8
88411.211
88411.8
88548.4
88660.5
88727.8
88728.212
88800.2
88800.4
88826.5
89300.3
89800.1
92327.4
92452.5
92559.8
92563.211
92563.8
92641.4
92715.5
92734.4
92844.5
92986.8
92987.212
93060.2
93060.4
93090.5
93560.3
94060.1
94218.4
94695.5
94814.8
94849.211
94849.8
95016.211
95016.8
95127.4
95168.5
95255.211
95255.8
95313.211
95313.8
95414.211
95414.8
95461.211
95461.8
95479.211
95479.8
95594.211
95594.8
95635.211
95635.8
95647.211
95647.8
95806.4
96037.5
96093.8
96094.212
96157.2
96157.4
96206.5
96657.3
97157.1
97668.4
97837.5
97960.8
98006.211
98006.8
98010.211
98010.8
98099.211
98099.8
98173.4
98177.5
98182.4
98207.5
98273.211
98273.8
98315.211
98315.8
98449.211
98449.8
98542.4
98623.5
98892.4
98957.5
99013.8
99014.212
99073.2
99073.4
99132.5
99573.3
100073.1
101797.4
101969.5
102138.4
102229.5
102279.8
102287.211
102287.8
102297.211
102297.8
102412.4
102474.5
102588.211
102588.8
102626.211
102626.8
102661.211
102661.8
102760.211
102760.8
102799.211
102799.8
103103.4
103176.5
103287.8
103288.212
103350.2
103350.4
103385.5
103850.3
104350.1
104586.4
104757.5
105020.8
105114.4
105255.5
105366.8
105367.212
105418.2
105418.4
105470.5
105918.3
106418.1
107180.4
107310.5
107428.8
107431.211
107431.8
107445.211
107445.8
107450.211
107450.8
107673.211
107673.8
107678.211
107678.8
107759.4
107825.5
107883.211
107883.8
107888.211
107888.8
107942.211
107942.8
108064.211
108064.8
108144.211
108144.8
108182.211
108182.8
108252.4
108467.5
108540.8
108541.212
108598.2
108598.4
108633.5
109098.3
109598.1
111276.4
111447.5
111586.8
111674.4
111716.5
111769.4
111772.5
111955.8
111956.212
112011.2
112011.4
112511.3
112543.5
113011.1
114003.4
114006.5
114010.4
114161.5
114284.8
114336.211
114336.8
114419.4
114655.5
114724.8
114725.212
114784.2
114784.4
114813.5
115284.3
115784.1
116122.4
116475.5
116639.4
116918.5
117043.8
117077.211
117077.8
117194.211
117194.8
117289.4
117385.5
117479.211
117479.8
117524.211
117524.8
117657.211
117657.8
117726.4
117817.5
117885.211
117885.8
117911.211
117911.8
117998.211
117998.8
118183.211
118183.8
118270.4
118379.5
118487.8
118488.212
118554.2
118554.4
118632.5
119054.3
119554.1
119981.4
120436.5
120522.8
120538.211
120538.8
120565.211
120565.8
120588.211
120588.8
120617.211
120617.8
120623.211
120623.8
120818.211
120818.8
120940.4
121034.5
121126.8
121127.212
121191.2
121191.4
121284.5
121691.3
122191.1
124623.4
125018.5
125088.8
125129.211
125129.8
125135.211
125135.8
125217.4
125296.5
125300.4
125318.5
125377.211
125377.8
125389.211
125389.8
125422.211
125422.8
125768.8
125769.212
125828.2
125828.4
125854.5
126328.3
126828.1
127584.4
127746.5
127862.8
127919.211
127919.8
127929.211
127929.8
128015.211
128015.8
128112.211
128112.8
128269.4
128289.5
128404.211
128404.8
128448.211
128448.8
128581.211
128581.8
128612.211
128612.8
128645.211
128645.8
128738.4
128797.5
128937.211
128937.8
129042.211
129042.8
129167.4
129235.5
129284.211
129284.8
129371.211
129371.8
129533.211
129533.8
129624.4
129691.5
129749.211
129749.8
129824.211
129824.8
129918.4
129973.5
130031.211
130031.8
130101.4
130192.5
130251.211
130251.8
130294.211
130294.8
130300.211
130300.8
130382.211
130382.8
130480.4
130556.5
130627.211
130627.8
130658.211
130658.8
130663.211
130663.8
130700.211
130700.8
130811.211
130811.8
130883.4
130972.5
131038.211
131038.8
131082.211
131082.8
131193.4
131273.5
131325.211
131325.8
131373.211
131373.8
131448.4
131580.5
131634.211
131634.8
131735.211
131735.8
131785.211
131785.8
131906.4
131988.5
132040.211
132040.8
132071.211
132071.8
132130.4
132212.5
132260.211
132260.8
132305.211
132305.8
132403.4
132596.5
132660.8
132661.212
132727.2
132727.4
132780.5
133227.3
133272.4
133331.5
133502.4
133569.5
133677.4
133727.1
133813.5
134067.4
134595.5
134705.8
134717.211
134717.8
134791.4
134974.5
134998.4
135131.5
135236.8
135237.212
135248.8
135315.2
135315.4
135343.5
135815.3
136315.1
136687.4
137004.5
137108.8
137158.211
137158.8
137234.4
137428.5
137481.8
137482.212
137545.2
137545.4
137595.5
138045.3
138545.1
141579.4
141706.5
141809.8
141862.4
141925.5
142018.211
142018.8
142096.4
142155.5
142291.211
142291.8
142326.211
142326.8
142331.211
142331.8
142358.211
142358.8
142417.4
142499.5
142543.211
142543.8
142584.211
142584.8
142667.4
142734.5
142792.211
142792.8
142825.211
142825.8
142855.211
142855.8
142861.211
142861.8
142947.211
142947.8
143007.211
143007.8
143142.211
143142.8
143150.211
143150.8
143213.4
143255.5
143259.4
143280.5
143332.211
143332.8
143334.211
143334.8
143347.211
143347.8
143392.211
143392.8
143415.211
143415.8
143541.211
143541.8
143587.211
143587.8
143648.4
143755.5
143806.211
143806.8
143852.211
143852.8
143942.211
143942.8
143974.211
143974.8
144152.211
144152.8
144280.4
144406.5
144463.8
144464.212
144522.2
144522.4
144620.5
144946.4
145022.3
145027.5
145136.4
145522.1
145659.5
145747.8
145786.211
145786.8
145864.211
145864.8
145964.4
146025.5
146147.211
146147.8
146242.211
146242.8
146245.211
146245.8
146272.211
146272.8
146347.211
146347.8
146445.211
146445.8
146512.211
146512.8
146567.211
146567.8
146605.211
146605.8
146674.4
146736.5
146783.211
146783.8
146810.211
146810.8
146837.211
146837.8
146846.211
146846.8
146855.211
146855.8
146878.211
146878.8
146962.4
146989.5
147041.211
147041.8
147047.211
147047.8
147050.211
147050.8
147063.211
147063.8
147109.211
147109.8
147148.211
147148.8
147224.211
147224.8
147230.211
147230.8
147266.211
147266.8
147305.211
147305.8
147377.4
147417.5
147423.4
147516.5
147580.211
147580.8
147625.211
147625.8
147647.211
147647.8
147698.211
147698.8
147773.211
147773.8
147827.4
147886.5
147941.211
147941.8
147952.211
147952.8
147963.211
147963.8
147988.211
147988.8
148034.211
148034.8
148096.211
148096.8
148145.211
148145.8
148149.211
148149.8
148207.211
148207.8
148304.4
148385.5
148439.211
148439.8
148474.211
148474.8
148513.211
148513.8
148618.211
148618.8
148695.4
148761.5
148815.211
148815.8
148851.211
148851.8
148888.211
148888.8
148928.211
148928.8
149172.4
149224.5
149284.8
149285.212
149286.8
149351.2
149351.4
149411.5
149851.3
150351.1
150568.4
150806.5
150927.8
151201.211
151201.8
151250.211
151250.8
151297.211
151297.8
151308.211
151308.8
151309.211
151309.8
151424.4
151479.5
151485.4
151514.5
151567.211
151567.8
151577.211
151577.8
151637.211
151637.8
151693.211
151693.8
151776.211
151776.8
151899.211
151899.8
151995.4
152093.5
152146.211
152146.8
152272.4
152317.5
152417.211
152417.8
152435.211
152435.8
152509.4
152683.5
152699.4
152702.5
152760.8
152761.212
152767.8
152834.2
152834.4
152871.5
153334.3
153791.4
153834.1
154005.5
154083.8
154119.211
154119.8
154180.211
154180.8
154409.4
154514.5
154579.8
154580.212
154645.2
154645.4
154699.5
155145.3
155645.1
157236.4
157366.5
157432.8
157526.4
157579.5
157632.211
157632.8
157821.211
157821.8
157824.211
157824.8
157904.4
157946.5
157950.4
157952.5
157957.4
157968.5
158017.211
158017.8
158022.211
158022.8
158129.211
158129.8
158165.211
158165.8
158172.211
158172.8
158338.211
158338.8
158392.211
158392.8
158419.211
158419.8
158506.211
158506.8
158561.211
158561.8
158662.4
158664.5
158673.4
158684.5
158764.211
158764.8
158771.211
158771.8
158776.211
158776.8
158782.211
158782.8
158804.211
158804.8
158809.211
158809.8
158839.211
158839.8
158848.211
158848.8
158890.211
158890.8
158905.211
158905.8
158984.211
158984.8
159060.211
159060.8
159209.211
159209.8
159454.211
159454.8
159482.211
159482.8
159551.211
159551.8
159759.211
159759.8
159845.4
159934.5
159990.211
159990.8
160027.211
160027.8
160071.211
160071.8
160123.211
160123.8
160186.211
160186.8
160274.211
160274.8
160985.4
161054.5
161969.8
161970.212
162043.2
162043.4
162129.5
162345.4
162436.5
162543.3
162825.4
163043.1
163285.5
163398.8
163531.4
163594.5
163646.211
163646.8
163657.211
163657.8
163666.211
163666.8
163738.4
163828.5
163874.211
163874.8
163922.211
163922.8
164133.211
164133.8
164159.211
164159.8
164171.211
164171.8
164197.211
164197.8
164198.211
164198.8
164280.211
164280.8
164539.4
164544.5
164551.4
164553.5
164622.8
164623.212
164685.2
164685.4
164715.5
165185.3
165685.1
165854.4
165989.5
166279.4
166350.5
166454.8
166510.4
166637.5
166689.211
166689.8
166727.211
166727.8
166730.211
166730.8
166738.211
166738.8
166781.4
166783.5
166785.4
166879.5
166934.211
166934.8
167383.8
167384.212
167443.2
167443.4
167483.5
167943.3
168443.1
168839.4
169571.5
169688.8
169725.211
169725.8
169794.4
169998.5
170066.8
170067.212
170136.2
170136.4
170172.5
170636.3
171136.1
172181.4
172288.5
172320.4
172432.5
172504.8
172610.4
172757.5
172807.8
172808.212
172815.8
172877.2
172877.4
172937.5
173377.3
173877.1
173964.4
174052.5
174571.4
175257.5
175334.8
175437.211
175437.8
175603.211
175603.8
175658.4
175734.5
175824.211
175824.8
175839.211
175839.8
176035.211
176035.8
176082.4
176155.5
176212.211
176212.8
176275.211
176275.8
176311.211
176311.8
176539.211
176539.8
176639.4
176696.5
176747.211
176747.8
176753.211
176753.8
176890.211
176890.8
177142.211
180000.9
123456789
9
17
15
9
17
15
10
FI
2
2
10
40
23
11
13
23
6
2
989
0
0
0
314159265
31
298
167
180000
314159265
0.1
443.8
536.4
566.5
616.211
616.8
665.211
665.8
668.211
668.8
748.211
748.8
840.4
935.5
980.211
980.8
1022.211
1022.8
1065.211
1065.8
1108.211
1108.8
1951.8
1952.212
2008.2
2008.4
2046.5
2508.3
3008.1
3091.4
3866.5
3934.8
3959.211
3959.8
3980.211
3980.8
4037.4
4092.5
4142.211
4142.8
4155.211
4155.8
4158.211
4158.8
4232.4
4288.5
4336.211
4336.8
4351.211
4351.8
4405.211
4405.8
4432.211
4432.8
4504.211
4504.8
4538.211
4538.8
4745.4
4862.5
4915.8
4916.212
4925.8
4985.2
4985.4
5041.5
5485.3
5985.1
6396.4
6690.5
6776.8
6851.211
6851.8
6905.4
6986.5
7042.211
7042.8
7105.211
7105.8
7184.211
7184.8
7236.211
7236.8
7305.4
7445.5
7500.211
7500.8
7509.211
7509.8
7542.211
7542.8
7583.211
7583.8
7621.211
7621.8
7698.4
7811.5
7863.211
7863.8
7919.211
7919.8
7967.211
7967.8
7979.211
7979.8
8107.4
8255.5
8307.8
8308.212
8363.2
8363.4
8468.5
8539.4
8863.3
8915.5
9036.4
9363.1
9368.5
10779.4
10780.5
10784.4
10917.5
11034.8
11142.211
11142.8
11146.211
11146.8
11206.4
11324.5
11377.211
11377.8
11440.211
11440.8
11474.211
11474.8
11600.4
11674.5
11725.211
11725.8
11797.211
11797.8
11846.211
11846.8
11985.4
11989.5
12082.4
12244.5
12300.4
12402.5
12455.8
12456.212
12527.2
12527.4
12580.5
13027.3
13527.1
14120.4
14180.5
14244.8
14358.211
14358.8
14365.211
14365.8
14558.4
14826.5
14889.8
14890.212
14962.2
14962.4
15075.5
15462.3
15962.1
16715.4
17175.5
17549.4
17600.5
17653.8
17661.211
17661.8
17669.211
17669.8
18233.8
18234.212
18290.2
18290.4
18790.3
19102.5
19290.1
19946.4
20277.5
20393.8
20404.211
20404.8
20489.211
20489.8
20565.4
20569.5
20570.4
20679.5
20728.211
20728.8
20745.211
20745.8
20790.211
20790.8
20858.211
20858.8
20860.211
20860.8
20915.211
20915.8
21302.4
21351.5
21861.8
21862.212
21927.2
21927.4
21996.5
22134.4
22184.5
22427.3
22927.1
23577.4
23580.5
23584.4
23883.5
24040.4
24553.5
24669.8
24685.211
24685.8
24692.211
24692.8
24739.211
24739.8
24897.4
25068.5
25121.8
25122.212
25126.8
25177.2
25177.4
25210.5
25677.3
26177.1
27382.4
27984.5
28343.4
28402.5
28475.8
28478.211
28478.8
28527.211
28527.8
28557.211
28557.8
31251.4
31285.5
31386.8
31387.212
31444.2
31444.4
31944.3
32178.5
32200.4
32385.5
32444.1
32475.8
32539.211
32539.8
32548.211
32548.8
32629.211
32629.8
32697.4
32830.5
32895.211
32895.8
32903.211
32903.8
32962.211
32962.8
33041.211
33041.8
33118.4
33239.5
33289.211
33289.8
33347.211
33347.8
33403.211
33403.8
33485.4
33645.5
33695.211
33695.8
33742.211
33742.8
33748.211
33748.8
33783.211
33783.8
33887.4
34068.5
34126.8
34127.212
34195.2
34195.4
34264.5
34695.3
35195.1
36247.4
37249.5
37374.8
37378.211
37378.8
37420.211
37420.8
37544.4
37846.5
37902.8
37903.212
37959.2
37959.4
38005.5
38459.3
38959.1
39410.4
39804.5
39928.8
39941.211
39941.8
40017.211
40017.8
40027.211
40027.8
40089.4
40178.5
40294.211
40294.8
40412.211
40412.8
40481.4
40541.5
40591.211
40591.8
40641.211
40641.8
40701.211
40701.8
40722.211
40722.8
40758.211
40758.8
40822.4
40939.5
40987.211
40987.8
40991.211
40991.8
41004.211
41004.8
41049.211
41049.8
41092.211
41092.8
41128.211
41128.8
41205.4
41207.5
41330.4
41404.5
41455.8
41456.212
41506.2
41506.4
42006.3
42122.5
42166.4
42359.5
42393.4
42506.1
42658.5
42812.4
42931.5
42974.8
43051.211
43051.8
43200.4
43348.5
43398.8
43399.212
43456.2
43456.4
43517.5
43956.3
44456.1
45517.4
45646.5
45941.4
46022.5
46565.4
46991.5
47060.4
47561.5
47694.8
47714.211
47714.8
47753.211
47753.8
47768.211
47768.8
47772.211
47772.8
47844.211
47844.8
47949.4
48046.5
48098.211
48098.8
48156.211
48156.8
48255.211
48255.8
48315.211
48315.8
48379.4
48524.5
48599.211
48599.8
48631.211
48631.8
48674.211
48674.8
48778.211
48778.8
48900.211
48900.8
49207.4
49368.5
49420.8
49421.212
49483.2
49483.4
49522.5
49983.3
50483.1
51308.4
51838.5
51949.8
51955.211
51955.8
52013.211
52013.8
52051.211
52051.8
52114.4
52196.5
52280.211
52280.8
52286.211
52286.8
52295.211
52295.8
52331.211
52331.8
52372.211
52372.8
52465.211
52465.8
52632.4
52782.5
52836.8
52837.212
52847.8
52899.2
52899.4
52971.5
53399.3
53899.1
54003.4
54094.5
54377.4
55755.5
55835.8
55842.211
55842.8
55845.211
55845.8
55884.211
55884.8
55892.211
55892.8
55896.211
55896.8
56043.211
56043.8
56057.211
56057.8
56160.4
56264.5
56347.211
56347.8
56413.211
56413.8
56430.211
56430.8
56441.211
56441.8
56447.211
56447.8
56533.4
56639.5
56719.211
56719.8
56756.211
56756.8
56767.211
56767.8
56835.4
57040.5
57105.8
57106.212
57160.2
57160.4
57190.5
57660.3
58160.1
60343.4
60585.5
62353.4
62441.5
62499.8
66678.4
66701.5
66838.8
66839.212
66851.8
66907.2
66907.4
66942.5
67407.3
67907.1
68490.4
68592.5
68679.4
69455.5
69586.8
69639.211
69639.8
69769.211
69769.8
69849.4
69898.5
69953.211
69953.8
70015.211
70015.8
70049.211
70049.8
70120.211
70120.8
70252.4
70311.5
70363.211
70363.8
70425.211
70425.8
70458.211
70458.8
70508.211
70508.8
71031.4
71032.5
71034.4
71075.5
71133.8
71134.212
71207.2
71207.4
71263.5
71707.3
72207.1
72850.4
72940.5
73047.4
73654.5
73805.8
73852.211
73852.8
73858.211
73858.8
73865.211
73865.8
73893.211
73893.8
73958.4
74036.5
74085.211
74085.8
74163.211
74163.8
74221.211
74221.8
74244.211
74244.8
74450.211
74450.8
74505.211
74505.8
74514.211
74514.8
74552.211
74552.8
74626.211
74626.8
74629.211
74629.8
74688.211
74688.8
74922.4
75002.5
75053.8
75054.212
75116.2
75116.4
75149.5
75616.3
76116.1
76634.4
77153.5
77259.8
77326.211
77326.8
77408.211
77408.8
77492.211
77492.8
77593.211
77593.8
77714.4
77789.5
77842.211
77842.8
77923.211
77923.8
77949.211
77949.8
77980.211
77980.8
77986.211
77986.8
78028.211
78028.8
78205.4
78234.5
78353.4
78382.5
78533.8
78534.212
78597.2
78597.4
78600.5
78603.4
78658.5
79097.3
79597.1
83048.8
83420.4
83609.5
83677.8
83678.212
83734.2
83734.4
84234.3
84734.1
84998.5
85068.8
85132.211
85132.8
85174.211
85174.8
85358.4
85491.5
85554.8
85555.212
85608.2
85608.4
85610.5
85613.4
85666.5
86108.3
86608.1
87184.4
87921.5
88036.8
88048.211
88048.8
88083.211
88083.8
88111.211
88111.8
88152.211
88152.8
88288.4
88354.5
88473.8
88474.212
88541.2
88541.4
88544.5
88545.4
88598.5
89041.3
89541.1
90904.4
90907.5
90916.4
91020.5
91228.4
91362.5
91431.8
91496.211
91496.8
91502.211
91502.8
91561.211
91561.8
91625.4
91697.5
91744.211
91744.8
91796.211
91796.8
91822.211
91822.8
91862.211
91862.8
91940.211
91940.8
92061.4
92064.5
92065.4
92085.5
92138.211
92138.8
92198.211
92198.8
92268.211
92268.8
92306.211
92306.8
92391.211
92391.8
92399.211
92399.8
92446.211
92446.8
92568.211
92568.8
92696.211
92696.8
92808.4
92869.5
92918.211
92918.8
92927.211
92927.8
92970.211
92970.8
92975.211
92975.8
93035.211
93035.8
93098.211
93098.8
93264.211
93264.8
93745.8
93746.212
93818.2
93818.4
93848.5
94318.3
94818.1
97687.4
97714.5
97777.8
97972.211
97972.8
97975.211
97975.8
98830.8
98831.212
98900.2
98900.4
98939.5
99400.3
99900.1
100447.4
100533.5
100815.4
101378.5
101460.4
101461.5
101462.4
101564.5
101682.8
101812.211
101812.8
101880.4
101936.5
102053.211
102053.8
102091.211
102091.8
102207.211
102207.8
102221.211
102221.8
102225.211
102225.8
102311.211
102311.8
102416.4
102542.5
102593.211
102593.8
102668.211
102668.8
102708.211
102708.8
102924.4
102952.5
103007.211
103007.8
103059.211
103059.8
103194.211
103194.8
103195.211
103195.8
103312.211
103312.8
103380.4
103495.5
103547.211
103547.8
103589.211
103589.8
103595.211
103595.8
103611.211
103611.8
103627.211
103627.8
103818.4
103844.5
103909.211
103909.8
103999.211
103999.8
104045.211
104045.8
104101.4
104163.5
104212.211
104212.8
104221.211
104221.8
104283.211
104283.8
104766.8
104767.212
104771.8
104847.2
104847.4
104898.5
105347.3
105490.4
105715.5
105847.1
105954.4
106622.5
106691.8
106794.4
107016.5
107072.8
107073.212
107148.2
107148.4
107176.5
107648.3
108148.1
108504.4
108591.5
109019.4
109022.5
109025.4
109312.5
109480.4
109483.5
109484.4
110292.5
110485.8
110599.4
110731.5
110789.8
110790.212
110794.8
110863.2
110863.4
110885.5
111363.3
111863.1
112644.4
113541.5
113616.4
113704.5
113775.8
113781.211
113781.8
113784.211
113784.8
113852.211
113852.8
114038.4
114082.5
114148.211
114148.8
114169.211
114169.8
114384.4
114404.5
114468.211
114468.8
114509.211
114509.8
114902.8
114903.212
114978.2
114978.4
115035.5
115478.3
115978.1
116720.4
116728.5
116732.4
117020.5
127547.8
132553.4
132588.5
134219.4
134280.5
134336.8
134337.212
134404.2
134404.4
134583.5
134744.4
134760.5
134904.3
135404.1
137114.4
137128.5
139108.8
141131.4
141238.5
141243.4
141245.5
141309.4
141458.5
149286.8
149287.212
149359.2
149359.4
149440.5
149485.4
149492.5
149493.4
149496.5
149505.4
149561.5
149859.3
150359.1
150781.4
180000.9
123456789
9
18
15
9
18
15
10
FI
2
2
10
48
00
11
21
00
6
2
2328
0
0
0
314159265
40
843
286
180000
314159265
0.1
435.8
514.4
529.5
568.211
568.8
613.211
613.8
645.211
645.8
697.211
697.8
733.211
733.8
781.4
823.5
866.211
866.8
927.4
989.5
1030.211
1030.8
1055.211
1055.8
1075.211
1075.8
1125.211
1125.8
1174.211
1174.8
1232.4
1283.5
1330.211
1330.8
1339.211
1339.8
1344.211
1344.8
1380.211
1380.8
1408.211
1408.8
1456.211
1456.8
1511.211
1511.8
1538.211
1538.8
1573.211
1573.8
1623.4
1683.5
1727.211
1727.8
1733.211
1733.8
1777.211
1777.8
1817.211
1817.8
1885.4
1999.5
2047.211
2047.8
2097.4
2180.5
2226.211
2226.8
2267.211
2267.8
2275.211
2275.8
2309.211
2309.8
2361.211
2361.8
2468.4
2587.5
2589.4
2636.5
2682.8
2683.212
2749.2
2749.4
2800.5
3249.3
3749.1
4028.4
4237.5
4333.8
4341.211
4341.8
4367.211
4367.8
4377.211
4377.8
4383.211
4383.8
4411.211
4411.8
4461.211
4461.8
4471.211
4471.8
4486.211
4486.8
4497.211
4497.8
4572.4
4583.5
4587.4
4600.5
4618.4
4691.5
4738.211
4738.8
4777.211
4777.8
4792.211
4792.8
4811.211
4811.8
4828.211
4828.8
4918.4
4992.5
5039.211
5039.8
5052.211
5052.8
5089.211
5089.8
5118.211
5118.8
5174.211
5174.8
5188.211
5188.8
5199.211
5199.8
5232.211
5232.8
5289.4
5379.5
5432.211
5432.8
5460.211
5460.8
5481.211
5481.8
5585.211
5585.8
5645.4
5757.5
5827.211
5827.8
5845.211
5845.8
5867.211
5867.8
5877.211
5877.8
5915.211
5915.8
5987.4
6098.5
6147.211
6147.8
6178.211
6178.8
6200.211
6200.8
6223.211
6223.8
6281.4
6394.5
6438.211
6438.8
6479.211
6479.8
6500.211
6500.8
6558.4
6670.5
6715.211
6715.8
6728.211
6728.8
6757.211
6757.8
6798.211
6798.8
6806.211
6806.8
6864.4
6973.5
7018.211
7018.8
7059.211
7059.8
7110.4
7236.5
7284.211
7284.8
7323.211
7323.8
7361.211
7361.8
7420.4
7812.5
7865.8
7866.212
7922.2
7922.4
7923.5
7924.4
7958.5
8422.3
8922.1
9016.4
9432.5
9494.8
9511.211
9511.8
9534.211
9534.8
9577.211
9577.8
9585.211
9585.8
9597.211
9597.8
9670.211
9670.8
9693.211
9693.8
9754.4
9852.5
9900.211
9900.8
9912.211
9912.8
9959.211
9959.8
9965.211
9965.8
10043.4
10150.5
10196.211
10196.8
10199.211
10199.8
10215.211
10215.8
10219.211
10219.8
10238.211
10238.8
10241.211
10241.8
10265.211
10265.8
10283.211
10283.8
10351.4
10485.5
10529.211
10529.8
10543.211
10543.8
10576.211
10576.8
10588.211
10588.8
10605.211
10605.8
10680.211
10680.8
10725.211
10725.8
10762.211
10762.8
10815.4
10921.5
10971.211
10971.8
10985.211
10985.8
11007.211
11007.8
11062.4
11158.5
11203.211
11203.8
11255.211
11255.8
11326.4
11487.5
11534.211
11534.8
11580.211
11580.8
11603.211
11603.8
11667.211
11667.8
11725.211
11725.8
11780.211
11780.8
11890.211
11890.8
11987.4
12124.5
12170.211
12170.8
12212.211
12212.8
12297.211
12297.8
12347.211
12347.8
12424.211
12424.8
12449.211
12449.8
12530.211
12530.8
12726.4
12798.5
12849.8
12850.212
12861.8
12929.2
12929.4
12992.5
13429.3
13929.1
14024.4
14026.5
14027.4
14316.5
14569.8
14580.211
14580.8
14622.211
14622.8
14661.211
14661.8
14720.211
14720.8
14759.211
14759.8
14880.211
14880.8
14905.211
14905.8
14965.211
14965.8
15028.4
15063.5
15658.4
15676.5
15747.8
15748.212
15822.2
15822.4
15893.5
16322.3
16822.1
18173.4
18393.5
18455.8
18458.211
18458.8
18522.211
18522.8
18524.211
18524.8
18555.211
18555.8
18598.211
18598.8
18667.211
18667.8
18706.211
18706.8
18764.4
18857.5
18917.211
18917.8
18953.211
18953.8
18955.211
18955.8
18998.211
18998.8
19099.4
19295.5
19341.8
19342.212
19400.2
19400.4
19428.5
19900.3
20400.1
20620.4
21025.5
21087.8
21118.211
21118.8
21160.211
21160.8
21333.211
21333.8
21424.4
21538.5
21590.211
21590.8
21645.211
21645.8
21703.211
21703.8
21818.211
21818.8
21828.211
21828.8
22016.4
22100.5
22150.8
22151.212
22217.2
22217.4
22295.5
22717.3
23217.1
24646.4
24971.5
25031.8
25067.211
25067.8
25073.211
25073.8
25113.211
25113.8
25186.211
25186.8
25276.4
25350.5
25417.211
25417.8
25452.211
25452.8
25478.211
25478.8
25488.211
25488.8
25526.211
25526.8
25580.211
25580.8
25660.4
25753.5
25810.211
25810.8
25835.211
25835.8
25860.211
25860.8
25884.211
25884.8
25910.211
25910.8
25975.4
26077.5
26096.4
26145.5
26191.211
26191.8
26204.211
26204.8
26233.211
26233.8
26268.211
26268.8
26333.211
26333.8
26378.211
26378.8
26442.4
26549.5
26603.211
26603.8
26606.211
26606.8
26611.211
26611.8
26662.211
26662.8
26675.211
26675.8
26729.211
26729.8
26731.211
26731.8
26784.211
26784.8
26872.4
26946.5
26996.211
26996.8
27010.211
27010.8
27042.211
27042.8
27083.211
27083.8
27114.211
27114.8
27190.211
27190.8
27225.211
27225.8
27387.211
27387.8
27393.211
27393.8
27448.4
27537.5
27588.211
27588.8
27589.211
27589.8
27625.211
27625.8
27684.4
27796.5
27845.211
27845.8
27893.211
27893.8
27924.211
27924.8
27983.211
27983.8
28072.211
28072.8
28131.4
28229.5
28282.211
28282.8
28284.211
28284.8
28289.211
28289.8
28320.211
28320.8
28357.211
28357.8
28401.211
28401.8
28433.211
28433.8
28500.211
28500.8
28525.211
28525.8
28733.211
28733.8
28779.211
28779.8
28832.211
28832.8
28919.4
28954.5
29033.211
29033.8
29072.211
29072.8
29108.211
29108.8
29203.4
29244.5
29295.211
29295.8
29309.211
29309.8
29383.211
29383.8
29472.211
29472.8
29547.211
29547.8
29684.211
29684.8
29756.211
29756.8
29892.211
29892.8
29948.4
30021.5
30076.211
30076.8
30134.211
30134.8
30196.4
30350.5
30398.211
30398.8
30444.211
30444.8
30454.211
30454.8
30510.4
30629.5
30680.211
30680.8
30777.4
30956.5
31003.8
31004.212
31009.8
31075.2
31075.4
31133.5
31446.4
31575.3
32075.1
32271.5
32310.4
32400.5
32466.8
32570.4
32835.5
32893.8
32894.212
32962.2
32962.4
33006.5
33462.3
33962.1
34366.4
34507.5
34701.4
35457.5
35535.8
35545.211
35545.8
35553.211
35553.8
35573.211
35573.8
35579.211
35579.8
35641.211
35641.8
35738.211
35738.8
35748.211
35748.8
35806.4
35977.5
36031.211
36031.8
36102.211
36102.8
36180.211
36180.8
36183.211
36183.8
36236.211
36236.8
36297.4
36391.5
36448.211
36448.8
36484.211
36484.8
36508.211
36508.8
36582.211
36582.8
36654.4
36849.5
36903.8
36904.212
36958.2
36958.4
37049.5
37458.3
37958.1
38318.4
39024.5
39057.4
39106.5
39180.8
39222.211
39222.8
39255.211
39255.8
39299.211
39299.8
39357.211
39357.8
39538.211
39538.8
39542.211
39542.8
39546.211
39546.8
39554.211
39554.8
39627.4
39675.5
39687.4
39701.5
39756.211
39756.8
39799.211
39799.8
39824.211
39824.8
39838.211
39838.8
39881.211
39881.8
39959.211
39959.8
39988.211
39988.8
40052.4
40135.5
40189.211
40189.8
40236.211
40236.8
40276.211
40276.8
40298.211
40298.8
40329.211
40329.8
40396.4
40481.5
40583.211
40583.8
40586.211
40586.8
40627.211
40627.8
40698.211
40698.8
40760.4
40873.5
40929.211
40929.8
40956.211
40956.8
41022.4
41249.5
41255.4
41287.5
41333.8
41334.212
41388.2
41388.4
41434.5
41888.3
42388.1
42501.4
42503.5
42504.4
43144.5
43218.8
43269.211
43269.8
43347.4
43419.5
43500.211
43500.8
43514.211
43514.8
43530.211
43530.8
43537.211
43537.8
43602.4
43686.5
43738.211
43738.8
43760.211
43760.8
43787.211
43787.8
43813.211
43813.8
43869.211
43869.8
43875.211
43875.8
43891.211
43891.8
43977.4
44064.5
44077.4
44083.5
44137.211
44137.8
44146.211
44146.8
44186.211
44186.8
44219.211
44219.8
44248.211
44248.8
44331.211
44331.8
44528.211
44528.8
44584.4
44682.5
44765.211
44765.8
44809.211
44809.8
44817.211
44817.8
44877.4
44972.5
45023.211
45023.8
45099.4
45170.5
45225.211
45225.8
45318.211
45318.8
45323.211
45323.8
45392.211
45392.8
45537.211
45537.8
45592.4
45691.5
45747.211
45747.8
45751.211
45751.8
45786.211
45786.8
45798.211
45798.8
45820.211
45820.8
45844.211
45844.8
45918.4
46026.5
46081.211
46081.8
46089.211
46089.8
46092.211
46092.8
46130.211
46130.8
46155.211
46155.8
46230.211
46230.8
46244.211
46244.8
46263.211
46263.8
46411.211
46411.8
46518.4
46603.5
46617.4
46624.5
46678.211
46678.8
46721.211
46721.8
46727.211
46727.8
46801.211
46801.8
46963.211
46963.8
47017.4
47120.5
47173.211
47173.8
47185.211
47185.8
47194.211
47194.8
47234.211
47234.8
47339.211
47339.8
47425.211
47425.8
47560.4
47656.5
47708.211
47708.8
47763.211
47763.8
47797.211
47797.8
47906.211
47906.8
48131.4
48181.5
48233.8
48234.212
48308.2
48308.4
48347.5
48808.3
49308.1
49557.4
49965.5
50034.4
50121.5
50180.8
50244.211
50244.8
50267.211
50267.8
50409.211
50409.8
50453.211
50453.8
50534.211
50534.8
50618.4
50678.5
50750.211
50750.8
50795.211
50795.8
50912.211
50912.8
50923.211
50923.8
50934.211
50934.8
50959.211
50959.8
50966.211
50966.8
51040.4
51302.5
51360.8
51361.212
51427.2
51427.4
51485.5
51927.3
52427.1
54632.4
54719.5
54774.8
54843.211
54843.8
54887.211
54887.8
54998.4
55082.5
55136.211
55136.8
55147.211
55147.8
55154.211
55154.8
55186.211
55186.8
55286.211
55286.8
55447.4
55537.5
55591.8
55592.212
55604.8
55666.2
55666.4
55711.5
56166.3
56666.1
58913.4
59239.5
59314.8
59329.211
59329.8
59392.4
59505.5
59624.211
59624.8
59663.211
59663.8
59768.211
59768.8
59824.4
59977.5
60042.211
60042.8
60046.211
60046.8
60051.211
60051.8
60070.211
60070.8
60133.4
60198.5
60248.211
60248.8
60311.211
60311.8
60319.211
60319.8
60328.211
60328.8
60410.4
60499.5
60557.211
60557.8
60568.211
60568.8
60591.211
60591.8
60608.211
60608.8
60618.211
60618.8
60643.211
60643.8
60717.4
60870.5
60924.211
60924.8
60978.211
60978.8
61002.211
61002.8
61076.4
61173.5
61176.4
61202.5
61266.211
61266.8
61317.211
61317.8
61350.211
61350.8
61403.211
61403.8
61437.211
61437.8
61446.211
61446.8
61509.4
61632.5
61689.211
61689.8
61702.211
61702.8
61722.211
61722.8
61761.211
61761.8
61775.211
61775.8
61787.211
61787.8
61806.211
61806.8
61868.4
62019.5
62083.211
62083.8
62110.211
62110.8
62188.4
62192.5
62195.4
62343.5
62393.211
62393.8
62459.4
62540.5
62591.211
62591.8
62626.211
62626.8
62638.211
62638.8
62694.4
62856.5
62910.211
62910.8
62956.211
62956.8
62993.211
62993.8
62997.211
62997.8
63026.211
63026.8
63131.211
63131.8
63178.4
63336.5
63389.211
63389.8
63418.211
63418.8
63484.4
63619.5
63672.211
63672.8
63695.211
63695.8
63743.211
63743.8
63761.211
63761.8
63827.4
64035.5
64087.8
64088.212
64142.2
64142.4
64202.5
64642.3
65142.1
67620.4
67702.5
67763.8
67796.211
67796.8
67821.211
67821.8
67856.211
67856.8
67921.4
67993.5
68044.211
68044.8
68054.211
68054.8
68104.211
68104.8
68191.211
68191.8
68307.4
68349.5
68402.211
68402.8
68456.211
68456.8
68461.211
68461.8
68483.211
68483.8
68535.4
68647.5
68697.211
68697.8
68757.211
68757.8
68786.211
68786.8
68818.211
68818.8
68861.211
68861.8
68909.211
68909.8
68986.4
69093.5
69185.211
69185.8
69220.211
69220.8
69292.4
69377.5
69429.211
69429.8
69490.211
69490.8
69525.211
69525.8
69604.4
69699.5
69752.211
69752.8
69757.211
69757.8
69858.4
69936.5
70050.211
70050.8
70179.4
70290.5
70349.211
70349.8
70354.211
70354.8
70393.211
70393.8
70461.211
70461.8
70501.211
70501.8
70559.4
70668.5
70717.211
70717.8
70772.211
70772.8
70854.4
71005.5
71056.211
71056.8
71059.211
71059.8
71133.4
71262.5
71310.211
71310.8
71376.211
71376.8
71420.211
71420.8
71475.211
71475.8
71624.211
71624.8
71719.4
71829.5
71884.211
71884.8
71930.211
71930.8
72015.211
72015.8
72044.211
72044.8
72085.211
72085.8
72137.4
72246.5
72302.211
72302.8
72352.211
72352.8
72398.211
72398.8
72562.4
72659.5
72725.8
72726.212
72733.8
72793.2
72793.4
72829.5
73293.3
73793.1
74095.4
74843.5
74927.8
74932.211
74932.8
74981.211
74981.8
75044.211
75044.8
75083.211
75083.8
75196.211
75196.8
75228.211
75228.8
75340.211
75340.8
75517.211
75517.8
75617.4
75672.5
75727.211
75727.8
75785.211
75785.8
75863.211
75863.8
75901.211
75901.8
76046.211
76046.8
76155.211
76155.8
76159.211
76159.8
76234.4
76355.5
76404.211
76404.8
76444.211
76444.8
76460.211
76460.8
76489.211
76489.8
76596.211
76596.8
76599.211
76599.8
76615.211
76615.8
76690.211
76690.8
76696.211
76696.8
76700.211
76700.8
76740.211
76740.8
76747.211
76747.8
76886.211
76886.8
76957.4
77018.5
77086.211
77086.8
77150.211
77150.8
77207.211
77207.8
77536.4
77571.5
77627.8
77628.212
77689.2
77689.4
77691.5
77692.4
77734.5
78189.3
78689.1
82068.4
82191.5
82278.8
82356.211
82356.8
82442.4
82505.5
82675.8
82676.212
82680.8
82741.2
82741.4
82780.5
83241.3
83741.1
84281.4
84799.5
84870.8
84931.211
84931.8
85073.211
85073.8
85190.211
85190.8
85271.4
85378.5
85434.211
85434.8
85448.211
85448.8
85496.211
85496.8
85536.211
85536.8
85548.211
85548.8
85701.211
85701.8
85716.211
85716.8
85719.211
85719.8
85721.211
85721.8
85726.211
85726.8
85733.211
85733.8
85888.4
86001.5
86054.8
86055.212
86125.2
86125.4
86153.5
86625.3
87125.1
90524.8
90527.211
90527.8
90600.211
90600.8
90708.4
90767.5
90810.4
90825.5
90881.211
90881.8
90941.211
90941.8
91012.211
91012.8
91109.4
91227.5
91289.211
91289.8
91319.211
91319.8
91323.211
91323.8
91346.211
91346.8
91405.211
91405.8
91454.211
91454.8
91616.211
91616.8
91821.4
91900.5
91958.8
91959.212
91962.8
91968.8
92032.2
92032.4
92079.5
92532.3
93032.1
96656.8
96784.4
97149.5
97206.8
97207.212
97271.2
97271.4
97311.5
97771.3
98271.1
100346.8
100408.211
100408.8
100501.211
100501.8
100508.211
100508.8
100618.211
100618.8
100678.4
100770.5
100837.211
100837.8
100929.211
100929.8
100956.211
100956.8
101034.4
101125.5
101175.211
101175.8
101223.211
101223.8
101302.4
101366.5
101417.211
101417.8
101434.211
101434.8
101437.211
101437.8
101453.211
101453.8
101477.211
101477.8
101511.211
101511.8
101524.211
101524.8
101554.211
101554.8
101602.211
101602.8
101634.211
101634.8
101655.211
101655.8
101708.211
101708.8
101766.211
101766.8
101829.4
101902.5
101970.211
101970.8
102000.211
102000.8
102027.211
102027.8
102093.211
102093.8
102185.211
102185.8
102251.4
102314.5
102364.211
102364.8
102447.211
102447.8
102515.4
102592.5
102684.211
102684.8
102720.211
102720.8
102850.211
102850.8
102936.4
103019.5
103078.211
103078.8
103089.211
103089.8
103117.211
103117.8
103148.211
103148.8
103169.211
103169.8
103191.211
103191.8
103226.211
103226.8
103538.8
103539.212
103612.2
103612.4
103687.5
104112.3
104612.1
104784.4
104869.5
104995.4
106143.5
106226.8
106292.211
106292.8
106353.4
106414.5
106464.211
106464.8
106570.211
106570.8
106590.211
106590.8
106596.211
106596.8
106691.211
106691.8
106804.4
106899.5
106954.211
106954.8
106957.211
106957.8
107027.211
107027.8
107106.4
107182.5
107236.211
107236.8
107247.211
107247.8
107249.211
107249.8
107255.211
107255.8
107271.211
107271.8
107287.211
107287.8
107383.4
107497.5
107498.4
107501.5
107560.211
107560.8
107567.211
107567.8
107581.211
107581.8
107601.211
107601.8
107675.4
107788.5
107868.211
107868.8
107877.211
107877.8
107885.211
107885.8
108057.4
108176.5
108227.8
108228.212
108293.2
108293.4
108369.5
108793.3
109293.1
109467.4
110014.5
110142.8
110182.211
110182.8
110207.211
110207.8
110239.211
110239.8
110477.4
110555.5
110665.8
110666.212
110740.2
110740.4
110745.5
110746.4
110785.5
111240.3
111600.4
111664.5
111740.1
113042.4
113405.5
113446.4
113451.5
113454.4
113589.5
113660.8
113715.211
113715.8
113770.4
113824.5
113982.211
113982.8
114001.211
114001.8
114061.4
114191.5
114240.211
114240.8
114299.211
114299.8
114404.211
114404.8
114480.211
114480.8
114490.211
114490.8
114593.4
114649.5
114674.4
114701.5
114766.211
114766.8
114892.211
114892.8
114903.211
114903.8
115017.211
115017.8
115057.211
115057.8
115169.4
115214.5
115270.211
115270.8
115274.211
115274.8
115313.211
115313.8
115425.4
115508.5
115563.211
115563.8
115609.211
115609.8
115651.211
115651.8
115662.211
115662.8
115698.211
115698.8
115810.4
115860.5
115962.211
115962.8
116023.211
116023.8
116106.211
116106.8
116185.4
116225.5
116276.211
116276.8
116293.211
116293.8
116344.211
116344.8
116453.4
116520.5
116567.211
116567.8
116616.211
116616.8
116659.211
116659.8
116720.211
116720.8
116794.211
116794.8
116901.211
116901.8
117050.211
117050.8
117106.211
117106.8
117265.211
117265.8
117353.4
117380.5
117469.211
117469.8
117508.211
117508.8
117510.211
117510.8
117535.211
117535.8
117834.211
117834.8
118019.211
118019.8
118163.4
118261.5
118315.211
118315.8
118372.211
118372.8
118396.211
118396.8
118495.211
118495.8
118563.4
118649.5
118696.211
118696.8
118700.211
118700.8
118715.211
118715.8
118765.211
118765.8
118769.211
118769.8
118805.211
118805.8
118865.211
118865.8
118997.211
118997.8
119025.211
119025.8
119106.211
119106.8
119131.211
119131.8
119369.211
119369.8
119375.211
119375.8
119434.211
119434.8
119485.4
119548.5
119601.211
119601.8
119647.211
119647.8
119746.4
119755.5
119756.4
119760.5
119762.4
119765.5
119769.4
119792.5
119840.211
119840.8
119852.211
119852.8
119861.211
119861.8
119906.211
119906.8
119987.211
119987.8
120175.4
120191.5
120246.211
120246.8
120264.211
120264.8
120434.4
120470.5
120519.211
120519.8
120529.211
120529.8
120534.211
120534.8
120611.211
120611.8
120788.211
120788.8
120841.211
120841.8
121003.4
121033.5
121084.211
121084.8
121102.211
121102.8
121123.211
121123.8
121127.211
121127.8
121134.211
121134.8
121216.4
121279.5
121357.211
121357.8
121522.211
121522.8
121587.211
121587.8
121805.4
121926.5
122023.8
122024.212
122092.2
122092.4
122163.5
122413.4
122473.5
122592.3
123092.1
123640.4
124176.5
124239.8
124308.211
124308.8
124399.211
124399.8
124482.211
124482.8
124499.211
124499.8
124682.211
124682.8
124874.211
124874.8
124944.4
125041.5
125095.211
125095.8
125104.211
125104.8
125181.211
125181.8
125189.211
125189.8
125276.211
125276.8
125350.4
125465.5
125577.8
125578.212
125646.2
125646.4
125707.5
125908.4
126146.3
126646.1
126850.5
126960.8
126985.211
126985.8
126991.211
126991.8
127142.4
127321.5
127380.8
127381.212
127384.8
127451.2
127451.4
127499.5
127951.3
128451.1
129002.4
129512.5
129609.4
129798.5
129878.8
129897.211
129897.8
129903.211
129903.8
130172.211
130172.8
130177.211
130177.8
130207.211
130207.8
130303.4
130503.5
130561.8
130562.212
130632.2
130632.4
130683.5
131132.3
131632.1
134167.4
134333.5
134456.8
134499.211
134499.8
134624.211
134624.8
134640.211
134640.8
134649.211
134649.8
134701.4
134806.5
135249.8
135250.212
135309.2
135309.4
135359.5
135809.3
136309.1
138538.8
138601.211
138601.8
138617.211
138617.8
138678.4
138766.5
138855.211
138855.8
138861.211
138861.8
138866.211
138866.8
138891.211
138891.8
138945.4
139145.5
139197.8
139198.212
139248.2
139248.4
139294.5
139748.3
140248.1
140784.4
141600.5
141769.8
141775.211
141775.8
141853.211
141853.8
141961.211
141961.8
141970.211
141970.8
142041.4
142168.5
142245.211
142245.8
142315.211
142315.8
142351.211
142351.8
142448.4
142634.5
142692.8
142693.212
142698.8
142753.2
142753.4
142818.5
143253.3
143298.4
143385.5
143753.1
144115.4
144475.5
144477.4
144651.5
145021.8
145105.211
145105.8
145141.211
145141.8
145185.211
145185.8
145393.4
145494.5
145555.8
145556.212
145565.8
145617.2
145617.4
145658.5
146117.3
146617.1
148897.4
149167.5
149225.8
149242.211
149242.8
149367.4
149427.5
149701.4
149753.5
149832.8
149833.212
149878.2
149878.4
149879.5
149882.4
149937.5
150378.3
150878.1
152049.4
152067.5
152102.4
152177.5
152241.8
152299.211
152299.8
152417.211
152417.8
152459.211
152459.8
152467.211
152467.8
152469.211
152469.8
152532.4
152580.5
152682.211
152682.8
152718.211
152718.8
152783.211
152783.8
152788.211
152788.8
153013.211
153013.8
153042.211
153042.8
153082.211
153082.8
153327.4
153359.5
153408.8
153409.212
153468.2
153468.4
153532.5
153968.3
154468.1
154850.4
154921.5
155382.4
155866.5
155978.4
156208.5
156286.8
156352.211
156352.8
156356.211
156356.8
156362.211
156362.8
156715.4
156761.5
156866.8
156867.212
156935.2
156935.4
156966.5
157435.3
157935.1
160326.8
160346.211
160346.8
160397.211
160397.8
160488.211
160488.8
160528.211
160528.8
160780.4
160862.5
160917.8
160918.212
160921.8
160980.2
160980.4
161087.5
161480.3
161959.4
161980.1
162136.5
162253.8
162261.211
162261.8
162289.211
162289.8
162298.211
162298.8
162354.211
162354.8
162475.211
162475.8
162626.211
162626.8
162632.211
162632.8
162705.4
162797.5
162904.211
162904.8
162938.211
162938.8
163008.4
163085.5
163184.211
163184.8
163231.211
163231.8
163265.211
163265.8
163331.4
163441.5
163539.211
163539.8
163570.211
163570.8
163617.211
163617.8
163710.4
163873.5
163937.8
163938.212
164000.2
164000.4
164063.5
164500.3
165000.1
165309.4
165999.5
166120.8
166191.211
166191.8
166298.211
166298.8
166417.211
166417.8
166507.211
166507.8
166528.211
166528.8
166626.211
166626.8
166716.4
166781.5
166838.211
166838.8
166852.211
166852.8
166879.211
166879.8
166927.211
166927.8
167018.211
167018.8
167075.211
167075.8
167125.211
167125.8
167337.4
167350.5
167351.4
167354.5
167355.4
167356.5
167376.4
167405.5
167511.8
167512.212
167573.2
167573.4
167620.5
168073.3
168573.1
168827.4
168889.5
170640.4
170753.5
170819.8
170949.211
170949.8
170951.211
170951.8
171068.4
171145.5
171257.8
171258.212
171304.2
171304.4
171359.5
171804.3
172304.1
172465.4
172466.5
172468.4
172545.5
172650.4
173536.5
173764.8
173821.211
173821.8
173884.211
173884.8
173909.211
173909.8
173955.211
173955.8
174051.4
174179.5
174346.8
174347.212
174356.8
174410.2
174410.4
174448.5
174910.3
175410.1
175829.4
176086.5
176203.8
176249.211
176249.8
176251.211
176251.8
176261.211
176261.8
176311.4
176372.5
176423.211
176423.8
176475.211
176475.8
176612.211
176612.8
176703.211
176703.8
176791.211
176791.8
176853.211
176853.8
177093.4
177134.5
177187.8
177188.212
177248.2
177248.4
177297.5
177748.3
178248.1
179813.4
179938.5
180000.9
123456789
9
19
15
9
19
15
10
FI
2
2
10
48
01
11
21
01
6
2
1398
0
0
0
314159265
48
412
243
180000
314159265
0.1
211.4
391.5
458.8
523.211
523.8
782.4
795.5
868.8
869.212
939.2
939.4
1007.5
1439.3
1939.1
2400.4
2690.5
2764.8
2771.211
2771.8
2849.211
2849.8
2895.211
2895.8
2957.4
3037.5
3086.211
3086.8
3108.211
3108.8
3124.211
3124.8
3172.211
3172.8
3176.211
3176.8
3346.4
3464.5
3545.8
3546.212
3608.2
3608.4
3713.5
4108.3
4597.4
4608.1
5568.5
5633.8
5681.211
5681.8
5739.4
5744.5
5745.4
5747.5
5761.4
5851.5
5898.211
5898.8
5947.4
6089.5
6135.211
6135.8
6169.211
6169.8
6175.211
6175.8
6193.211
6193.8
6213.211
6213.8
6329.4
6440.5
6545.8
6546.212
6601.2
6601.4
6652.5
7101.3
7601.1
7685.4
7805.5
7878.4
8321.5
8494.4
8738.5
8805.8
8865.211
8865.8
8918.4
9041.5
9090.211
9090.8
9118.211
9118.8
9124.211
9124.8
9152.211
9152.8
9297.4
9396.5
9444.211
9444.8
9449.211
9449.8
9485.211
9485.8
9517.211
9517.8
9696.4
9840.5
9888.8
9889.212
9947.2
9947.4
10014.5
10447.3
10947.1
11396.4
11919.5
12009.8
12067.211
12067.8
12154.4
12263.5
12309.211
12309.8
12311.211
12311.8
12347.211
12347.8
12382.211
12382.8
12445.4
12561.5
12654.211
12654.8
12685.211
12685.8
12789.211
12789.8
12880.4
12938.5
13014.211
13014.8
13052.211
13052.8
13080.211
13080.8
13115.211
13115.8
13266.4
13293.5
13349.211
13349.8
13361.211
13361.8
13392.211
13392.8
13421.211
13421.8
13463.211
13463.8
13547.211
13547.8
13577.211
13577.8
13792.4
13805.5
14323.4
14331.5
14332.4
14355.5
14417.8
14418.212
14482.2
14482.4
14536.5
14982.3
15482.1
16046.4
16330.5
16433.8
16476.211
16476.8
16484.211
16484.8
16496.211
16496.8
16512.211
16512.8
16517.211
16517.8
16588.211
16588.8
16599.211
16599.8
16608.211
16608.8
16632.211
16632.8
16672.211
16672.8
16928.211
16928.8
16996.4
17036.5
17086.211
17086.8
17129.211
17129.8
17145.211
17145.8
17159.211
17159.8
17162.211
17162.8
17164.211
17164.8
17171.211
17171.8
17223.211
17223.8
17322.211
17322.8
17445.211
17445.8
17519.4
17584.5
17653.211
17653.8
17689.211
17689.8
17730.211
17730.8
17747.211
17747.8
17912.211
17912.8
17950.211
17950.8
18052.211
18052.8
18100.211
18100.8
19004.8
19005.212
19072.2
19072.4
19118.5
19572.3
20072.1
21670.4
22022.5
22087.8
22140.211
22140.8
22293.211
22293.8
22352.211
22352.8
22432.4
22563.5
22622.211
22622.8
22666.211
22666.8
22686.211
22686.8
22832.4
23010.5
23072.8
23073.212
23130.2
23130.4
23170.5
23630.3
24130.1
26237.4
26276.5
26438.8
26440.211
26440.8
26505.4
26916.5
26971.8
26972.212
27038.2
27038.4
27087.5
27538.3
28038.1
30040.8
30042.211
30042.8
30176.211
30176.8
30211.211
30211.8
30269.4
30376.5
30672.4
30856.5
30913.8
30914.212
30968.2
30968.4
31029.5
31468.3
31968.1
33579.4
33796.5
33857.8
33880.211
33880.8
33902.211
33902.8
33928.211
33928.8
33963.211
33963.8
34067.4
34179.5
34234.211
34234.8
34253.211
34253.8
34280.211
34280.8
34506.4
34629.5
34685.8
34686.212
34735.2
34735.4
34809.5
35235.3
35735.1
37064.4
37407.5
37419.4
37481.5
37551.8
37596.211
37596.8
37669.4
37779.5
37827.211
37827.8
37838.211
37838.8
37870.211
37870.8
37950.4
38136.5
38194.8
38195.212
38248.2
38248.4
38298.5
38748.3
39248.1
40073.4
40624.5
40694.8
40771.211
40771.8
41043.4
41210.5
41267.8
41268.212
41326.2
41326.4
41408.5
41586.4
41826.3
42326.1
42369.5
42484.8
42525.211
42525.8
42548.211
42548.8
42587.211
42587.8
42591.211
42591.8
42661.4
42790.5
42845.211
42845.8
42876.211
42876.8
42941.4
43077.5
43147.211
43147.8
43167.211
43167.8
43212.211
43212.8
43236.211
43236.8
43294.4
43426.5
43482.211
43482.8
43517.211
43517.8
43571.4
43700.5
43779.211
43779.8
43843.211
43843.8
43994.211
43994.8
44045.4
44193.5
44248.211
44248.8
44286.211
44286.8
44317.211
44317.8
44363.211
44363.8
44431.4
44589.5
44652.211
44652.8
44664.211
44664.8
44774.4
44989.5
45045.8
45046.212
45102.2
45102.4
45148.5
45602.3
46102.1
47609.4
47611.5
47614.4
48011.5
48092.8
48132.211
48132.8
48188.4
48258.5
48307.211
48307.8
48326.211
48326.8
48352.211
48352.8
48407.4
48504.5
48557.211
48557.8
48613.211
48613.8
48623.211
48623.8
48649.211
48649.8
48693.211
48693.8
48766.4
48847.5
48899.211
48899.8
48937.211
48937.8
49015.211
49015.8
49111.211
49111.8
49180.211
49180.8
49252.4
49307.5
49353.4
49356.5
49358.4
49451.5
49512.8
49513.212
49573.2
49573.4
49601.5
50073.3
50573.1
51002.4
51544.5
51645.8
51695.211
51695.8
51790.211
51790.8
51906.4
52017.5
52073.211
52073.8
52130.211
52130.8
52139.211
52139.8
52178.211
52178.8
52262.211
52262.8
52269.211
52269.8
52278.211
52278.8
52494.4
52689.5
52751.8
52752.212
52821.2
52821.4
52884.5
53321.3
53821.1
55163.4
55441.5
55732.4
55919.5
56066.8
56087.211
56087.8
56201.4
56339.5
56409.8
56410.212
56418.8
56466.2
56466.4
56535.5
56966.3
57466.1
59502.4
59600.5
59722.8
59770.211
59770.8
59908.4
60062.5
60151.8
60152.212
60158.8
60207.2
60207.4
60388.5
60429.4
60707.3
60707.5
60942.8
61146.4
61197.5
61207.1
61256.8
61298.211
61298.8
61382.211
61382.8
61541.4
61624.5
61678.211
61678.8
61718.211
61718.8
61755.211
61755.8
61838.211
61838.8
61974.4
61977.5
61989.4
62015.5
62068.211
62068.8
62072.211
62072.8
62127.211
62127.8
62168.211
62168.8
62235.211
62235.8
62318.211
62318.8
62417.4
62500.5
62561.211
62561.8
62614.211
62614.8
62618.211
62618.8
62682.211
62682.8
62720.211
62720.8
62901.4
62917.5
62934.4
62996.5
63085.8
63086.212
63095.8
63151.2
63151.4
63197.5
63651.3
64151.1
64885.4
65218.5
65249.4
65753.5
65855.8
65901.211
65901.8
65976.211
65976.8
66077.4
66180.5
66271.211
66271.8
66276.211
66276.8
66312.211
66312.8
66454.211
66454.8
66480.211
66480.8
66558.4
66645.5
66704.211
66704.8
66748.211
66748.8
66819.211
66819.8
66845.211
66845.8
66935.4
67098.5
67159.8
67160.212
67218.2
67218.4
67220.5
67221.4
67253.5
67718.3
68218.1
71124.8
71141.211
71141.8
71267.4
71336.5
71389.211
71389.8
71433.211
71433.8
71486.211
71486.8
71688.4
71742.5
71802.8
71803.212
71859.2
71859.4
71907.5
72359.3
72859.1
75413.4
75440.5
75443.4
75465.5
75776.4
75825.5
75848.4
75884.5
76074.4
76119.5
76191.8
76502.8
76503.212
76558.2
76558.4
76832.5
76918.4
76925.5
77058.3
77558.1
78571.4
78603.5
78675.4
78703.5
78980.4
79098.5
79171.8
79191.211
79191.8
79260.4
79363.5
79415.211
79415.8
79424.211
79424.8
79463.211
79463.8
79477.211
79477.8
79523.211
79523.8
79603.4
79701.5
79835.8
79836.212
79891.2
79891.4
79935.5
80388.4
80391.3
80683.5
80688.4
80695.5
80796.4
80891.1
80955.5
81046.8
81110.211
81110.8
81118.211
81118.8
81145.211
81145.8
81183.211
81183.8
81274.211
81274.8
81608.8
81609.212
81689.2
81689.4
81759.5
82189.3
82689.1
85633.8
85672.211
85672.8
85676.211
85676.8
85680.211
85680.8
85919.4
86109.5
86169.8
86170.212
86232.2
86232.4
86269.5
86732.3
87232.1
89405.8
89567.4
89625.5
89679.211
89679.8
89739.211
89739.8
90102.8
90103.212
90109.8
90172.2
90172.4
90221.5
90672.3
91172.1
92345.4
92967.5
93042.8
93079.211
93079.8
93083.211
93083.8
93099.211
93099.8
93182.211
93182.8
93255.211
93255.8
93362.211
93362.8
93364.211
93364.8
93449.4
93529.5
93540.4
93544.5
93610.211
93610.8
93651.211
93651.8
93692.211
93692.8
93719.211
93719.8
93792.4
93988.5
94045.8
94046.212
94110.2
94110.4
94157.5
94610.3
95110.1
98157.8
98162.211
98162.8
98244.4
98337.5
98468.4
98588.5
98651.8
98652.212
98657.8
98710.2
98710.4
98761.5
99210.3
99710.1
100126.4
100902.5
100979.8
101005.211
101005.8
101094.4
101265.5
101333.8
101334.212
101344.8
101394.2
101394.4
101446.5
101894.3
102181.4
102394.1
103170.5
103262.8
103377.4
103526.5
103582.8
103583.212
103643.2
103643.4
103703.5
104143.3
104643.1
107438.4
107514.5
108072.8
108101.211
108101.8
108106.211
108106.8
108177.4
108266.5
108325.211
108325.8
108367.211
108367.8
108451.4
108517.5
108581.211
108581.8
108627.211
108627.8
108660.211
108660.8
108784.4
108786.5
108792.4
108817.5
108918.211
108918.8
108982.4
109029.5
109083.211
109083.8
109102.211
109102.8
109107.211
109107.8
109132.211
109132.8
109145.211
109145.8
109317.211
109317.8
109525.211
109525.8
109761.211
109761.8
110061.4
110065.5
110130.8
110131.212
110197.2
110197.4
110291.5
110697.3
110926.4
111077.5
111197.1
111305.4
111726.5
111798.8
111857.211
111857.8
111870.211
111870.8
111946.4
112091.5
112161.211
112161.8
112201.211
112201.8
112263.4
112358.5
112418.211
112418.8
112445.211
112445.8
112480.211
112480.8
112552.4
112652.5
112707.211
112707.8
112748.211
112748.8
112821.4
112969.5
113026.211
113026.8
113106.4
113246.5
113307.211
113307.8
113328.211
113328.8
113335.211
113335.8
113413.4
113604.5
113663.8
113664.212
113724.2
113724.4
113831.5
114224.3
114724.1
118138.4
118284.5
118339.8
118348.211
118348.8
118365.211
118365.8
118395.211
118395.8
118477.4
118678.5
118738.8
118739.212
118795.2
118795.4
118832.5
119295.3
119795.1
121823.4
122519.5
122603.8
122733.4
122829.5
122918.8
122919.212
122975.2
122975.4
123003.5
123475.3
123975.1
127071.4
127185.5
127268.8
127273.211
127273.8
127311.211
127311.8
127386.4
127491.5
127547.211
127547.8
127583.211
127583.8
127619.211
127619.8
127670.211
127670.8
127731.4
127736.5
127737.4
127857.5
127861.4
127943.5
128002.8
128003.212
128061.2
128061.4
128111.5
128561.3
129061.1
132126.4
132285.5
132352.8
132362.211
132362.8
132383.211
132383.8
132396.211
132396.8
132525.4
132615.5
132667.211
132667.8
132686.211
132686.8
132702.211
132702.8
132893.4
132896.5
132897.4
133000.5
133101.8
133102.212
133109.8
133157.2
133157.4
133212.5
133657.3
134157.1
134786.4
135779.5
135863.8
135885.211
135885.8
135894.211
135894.8
135985.4
136131.5
136192.211
136192.8
136276.4
136551.5
136664.8
136665.212
136667.8
136713.2
136713.4
136797.5
137213.3
137713.1
138161.4
138162.5
138163.4
138711.5
138790.8
138912.4
139036.5
139102.8
139103.212
139158.2
139158.4
139193.5
139658.3
140158.1
140990.4
141179.5
141563.4
141970.5
142064.8
142083.211
142083.8
142128.211
142128.8
142196.4
142311.5
142369.211
142369.8
142378.211
142378.8
142390.211
142390.8
142444.211
142444.8
142504.4
142609.5
142665.211
142665.8
142674.211
142674.8
142707.211
142707.8
142782.4
142929.5
142985.211
142985.8
143032.211
143032.8
143041.211
143041.8
143103.4
143295.5
143351.8
143352.212
143407.2
143407.4
143443.5
143907.3
144407.1
145244.4
145609.5
145763.4
145766.5
145770.4
146091.5
146160.8
146217.211
146217.8
146227.211
146227.8
146232.211
146232.8
146243.211
146243.8
146297.4
146527.5
146595.8
146596.212
146656.2
146656.4
146693.5
147156.3
147656.1
148966.4
149275.5
149340.8
149430.4
149608.5
149663.8
149664.212
149713.2
149713.4
149789.5
150036.4
150037.5
150039.4
150213.3
150713.1
150725.5
150877.8
150922.211
150922.8
150939.211
150939.8
151001.4
151139.5
151221.211
151221.8
151280.4
151451.5
151504.211
151504.8
151549.211
151549.8
151604.4
151791.5
151845.211
151845.8
151859.211
151859.8
151864.211
151864.8
151907.4
152271.5
152345.8
152346.212
152404.2
152404.4
152489.5
152904.3
153404.1
154715.4
154725.5
154730.4
155192.5
155389.4
155507.5
155558.8
155573.211
155573.8
155581.211
155581.8
155613.211
155613.8
155661.211
155661.8
155698.211
155698.8
155753.4
155836.5
155915.211
155915.8
155950.211
155950.8
155980.211
155980.8
156153.4
156248.5
156300.8
156301.212
156351.2
156351.4
156420.5
156851.3
157351.1
157804.4
158058.5
158119.8
158198.4
158207.5
158216.4
158328.5
158384.211
158384.8
158414.211
158414.8
158468.4
158584.5
158635.211
158635.8
158711.4
158971.5
159027.8
159028.212
159087.2
159087.4
159148.5
159587.3
159993.4
160087.1
160156.5
160502.4
161250.5
161417.8
161425.211
161425.8
161468.211
161468.8
161519.211
161519.8
161566.211
161566.8
161664.4
161779.5
161848.211
161848.8
161901.211
161901.8
162089.4
162155.5
162214.8
162215.212
162219.8
162272.2
162272.4
162339.5
162772.3
163166.4
163259.5
163272.1
163945.4
165358.5
165487.8
165492.211
165492.8
165497.211
165497.8
165501.211
165501.8
165518.211
165518.8
165591.4
165676.5
165739.211
165739.8
165782.211
165782.8
165894.4
166000.5
166057.211
166057.8
166063.211
166063.8
166080.211
166080.8
166100.211
166100.8
166127.211
166127.8
166222.4
166404.5
166471.8
166472.212
166541.2
166541.4
166578.5
167041.3
167541.1
168381.4
168720.5
169136.4
169231.5
169444.8
169447.211
169447.8
169534.4
169617.5
169679.211
169679.8
169933.4
170019.5
170088.8
170089.212
170146.2
170146.4
170215.5
170646.3
171146.1
171588.4
171706.5
171898.4
172426.5
172604.8
172683.4
172829.5
172940.8
172941.212
172945.8
172996.2
172996.4
173029.5
173496.3
173996.1
174924.4
175110.5
175387.4
175388.5
175390.4
176065.5
176274.8
176289.211
176289.8
176344.211
176344.8
176415.4
176546.5
176720.8
176721.212
176783.2
176783.4
176784.5
176787.4
176818.5
177283.3
177783.1
178919.4
178928.5
178931.4
180000.9
123456789
9
20
15
9
20
15
10
FI
2
2
10
47
00
11
20
00
6
2
1359
0
0
0
314159265
40
397
245
180000
314159265
0.1
276.8
304.211
304.8
532.211
532.8
565.211
565.8
616.4
679.5
724.211
724.8
781.211
781.8
828.4
919.5
971.211
971.8
1058.211
1058.8
1236.4
1297.5
1340.211
1340.8
1346.211
1346.8
1357.211
1357.8
1371.211
1371.8
1390.211
1390.8
1518.211
1518.8
1550.211
1550.8
1555.211
1555.8
1648.4
1724.5
1820.211
1820.8
1908.4
2087.5
2150.8
2151.212
2199.2
2199.4
2268.5
2699.3
3199.1
3199.4
3278.5
3775.4
4803.5
4893.8
4896.211
4896.8
4931.211
4931.8
4939.211
4939.8
5003.4
5150.5
5200.211
5200.8
5254.211
5254.8
5313.4
5391.5
5442.211
5442.8
5484.211
5484.8
5563.211
5563.8
5567.211
5567.8
5619.4
5743.5
5790.211
5790.8
5823.211
5823.8
5881.4
6045.5
6053.4
6173.5
6224.8
6225.212
6286.2
6286.4
6348.5
6786.3
7286.1
7457.4
7553.5
7810.4
8893.5
8999.8
9003.211
9003.8
9038.211
9038.8
9055.211
9055.8
9122.4
9216.5
9317.211
9317.8
9349.211
9349.8
9404.4
9481.5
9497.4
9531.5
9584.211
9584.8
9623.211
9623.8
9691.4
9927.5
10036.8
10037.212
10109.2
10109.4
10202.5
10609.3
11109.1
11646.4
11736.5
11890.4
12315.5
12453.8
12458.211
12458.8
12465.211
12465.8
12567.4
12685.5
12777.8
12778.212
12837.2
12837.4
12871.5
13337.3
13837.1
14588.4
15399.5
15466.8
15516.211
15516.8
15556.211
15556.8
15726.4
15766.5
15828.211
15828.8
15889.211
15889.8
15929.211
15929.8
16039.4
16054.5
16069.4
16164.5
16213.211
16213.8
16241.211
16241.8
16244.211
16244.8
16273.211
16273.8
16317.211
16317.8
16386.4
16400.5
17069.4
17078.5
17121.4
17127.5
17128.4
17217.5
17268.8
17269.212
17330.2
17330.4
17333.5
17334.4
17386.5
17830.3
18330.1
20432.4
20614.5
20675.8
20707.211
20707.8
20712.211
20712.8
20742.211
20742.8
20794.211
20794.8
20863.4
20923.5
20970.211
20970.8
21063.211
21063.8
21110.211
21110.8
21184.4
21300.5
21348.211
21348.8
21387.211
21387.8
21407.211
21407.8
21413.211
21413.8
21448.211
21448.8
21472.211
21472.8
21540.4
21634.5
21653.4
21656.5
21660.4
21712.5
21768.211
21768.8
21799.211
21799.8
21819.211
21819.8
21841.211
21841.8
21857.211
21857.8
21892.211
21892.8
22019.4
22021.5
22023.4
22133.5
22189.211
22189.8
22195.211
22195.8
22203.211
22203.8
22233.211
22233.8
22280.211
22280.8
22494.211
22494.8
22552.4
22640.5
22694.211
22694.8
22737.211
22737.8
22764.211
22764.8
22807.211
22807.8
22932.211
22932.8
22980.211
22980.8
23019.211
23019.8
23093.4
23237.5
23290.211
23290.8
23340.211
23340.8
23354.211
23354.8
23364.211
23364.8
23509.4
23686.5
23730.8
23731.212
23733.8
23798.2
23798.4
23903.5
24298.3
24798.1
26437.4
26739.5
26847.8
26889.211
26889.8
26896.211
26896.8
26960.4
27043.5
27087.211
27087.8
27127.211
27127.8
27163.211
27163.8
27230.4
27371.5
27419.211
27419.8
27436.211
27436.8
27508.4
27663.5
27718.211
27718.8
27754.211
27754.8
27815.4
27997.5
28143.8
28144.212
28147.8
28218.2
28218.4
28284.5
28718.3
29218.1
29704.4
29783.5
29939.4
30525.5
30686.8
30692.211
30692.8
30731.211
30731.8
30737.211
30737.8
30771.211
30771.8
30901.211
30901.8
30979.4
31072.5
31126.211
31126.8
31165.211
31165.8
31191.211
31191.8
31240.211
31240.8
31414.4
31537.5
31588.8
31589.212
31647.2
31647.4
31690.5
32147.3
32647.1
33139.4
33296.5
33495.4
34575.5
34649.8
34694.211
34694.8
34742.211
34742.8
34819.4
34942.5
34994.211
34994.8
35005.211
35005.8
35010.211
35010.8
35035.211
35035.8
35041.211
35041.8
35100.211
35100.8
35166.4
35304.5
35362.211
35362.8
35395.211
35395.8
35426.211
35426.8
35465.211
35465.8
35535.4
35744.5
35805.8
35806.212
35814.8
35870.2
35870.4
35983.5
36158.4
36233.5
36370.3
36384.4
36587.5
36870.1
36898.4
37050.5
37182.4
37380.5
37594.4
38095.5
38108.4
38375.5
38448.8
38471.211
38471.8
38513.211
38513.8
38535.211
38535.8
38621.211
38621.8
38627.211
38627.8
38705.4
38841.5
38898.211
38898.8
38921.211
38921.8
38926.211
38926.8
38942.211
38942.8
39084.4
39201.5
39252.8
39253.212
39311.2
39311.4
39349.5
39811.3
40311.1
42712.4
43077.5
43190.8
43212.211
43212.8
43321.211
43321.8
43336.211
43336.8
43344.211
43344.8
43407.4
43490.5
43541.211
43541.8
43587.211
43587.8
43629.211
43629.8
43662.211
43662.8
43672.211
43672.8
43805.211
43805.8
43887.4
43954.5
44018.211
44018.8
44028.211
44028.8
44038.211
44038.8
44050.211
44050.8
44091.211
44091.8
44133.211
44133.8
44432.4
44438.5
44444.4
44478.5
44554.8
44555.212
44608.2
44608.4
44681.5
45108.3
45608.1
46877.4
47666.5
47742.8
47793.211
47793.8
47812.211
47812.8
47825.211
47825.8
47894.4
48037.5
48088.211
48088.8
48188.211
48188.8
48245.4
48356.5
48357.4
48359.5
48409.211
48409.8
48417.211
48417.8
48429.211
48429.8
48450.211
48450.8
48461.211
48461.8
48477.211
48477.8
48486.211
48486.8
48567.4
48570.5
48572.4
48726.5
48778.211
48778.8
48814.211
48814.8
48829.211
48829.8
48843.211
48843.8
48914.4
49071.5
49125.211
49125.8
49135.211
49135.8
49162.211
49162.8
49245.4
49249.5
49267.4
49384.5
49490.8
49491.212
49544.2
49544.4
49592.5
50044.3
50544.1
50973.4
51081.5
52778.4
53417.5
53480.8
53527.211
53527.8
53594.4
53596.5
53782.211
53782.8
53863.4
53953.5
54003.211
54003.8
54009.211
54009.8
54012.211
54012.8
54015.211
54015.8
54023.211
54023.8
54063.211
54063.8
54129.4
54251.5
54310.211
54310.8
54352.211
54352.8
54427.4
54672.5
54721.8
54722.212
54778.2
54778.4
54817.5
55278.3
55778.1
59268.4
59331.5
59385.8
59437.211
59437.8
59443.211
59443.8
59610.4
59723.5
59731.4
59737.5
59745.4
59750.5
59753.4
59755.5
59756.4
59786.5
59843.8
59844.212
59897.2
59897.4
59951.5
60397.3
60897.1
62075.4
62565.5
62768.8
62822.211
62822.8
62827.211
62827.8
62887.211
62887.8
62965.4
63088.5
63141.211
63141.8
63163.211
63163.8
63184.211
63184.8
63246.211
63246.8
63322.211
63322.8
63356.211
63356.8
63432.4
63433.5
63434.4
63495.5
63546.211
63546.8
63585.211
63585.8
63619.211
63619.8
63624.211
63624.8
63639.211
63639.8
63642.211
63642.8
63714.4
63829.5
63871.4
63897.5
63948.8
63949.212
64011.2
64011.4
64048.5
64511.3
65011.1
66745.4
66801.5
66857.8
66900.211
66900.8
66941.211
66941.8
67019.4
67068.5
67122.211
67122.8
67144.211
67144.8
67177.211
67177.8
67192.211
67192.8
67229.211
67229.8
67403.211
67403.8
67436.211
67436.8
67466.211
67466.8
67606.4
67730.5
67786.8
67787.212
67796.8
67847.2
67847.4
67887.5
68347.3
68847.1
71413.8
71449.211
71449.8
71527.4
71764.5
71816.8
71817.212
71875.2
71875.4
71937.5
72375.3
72875.1
73825.4
74426.5
74627.8
74631.211
74631.8
74824.4
74897.5
74951.8
74952.212
74957.8
75007.2
75007.4
75064.5
75507.3
76007.1
78750.8
78796.211
78796.8
78898.4
79081.5
79135.8
79136.212
79194.2
79194.4
79256.5
79694.3
80194.1
81597.4
81598.5
81603.4
82365.5
82489.8
82526.211
82526.8
82694.211
82694.8
82748.4
82819.5
82877.211
82877.8
82908.211
82908.8
82950.211
82950.8
82963.211
82963.8
82966.211
82966.8
82968.211
82968.8
83023.4
83118.5
83203.211
83203.8
83243.211
83243.8
83542.4
83711.5
83804.8
83805.212
83875.2
83875.4
83957.5
84375.3
84875.1
86042.4
86122.5
86326.4
87007.5
87205.8
87210.211
87210.8
87314.4
87414.5
87473.211
87473.8
87496.211
87496.8
87502.211
87502.8
87525.211
87525.8
87620.4
87783.5
87861.8
87862.212
87923.2
87923.4
87965.5
87967.4
88003.5
88423.3
88923.1
90468.4
90474.5
90477.4
90674.5
90741.8
90793.211
90793.8
91019.4
91137.5
91193.8
91194.212
91253.2
91253.4
91313.5
91753.3
92253.1
93349.4
93498.5
94221.4
94467.5
94609.8
94613.211
94613.8
94710.4
94838.5
94919.8
94920.212
94975.2
94975.4
95056.5
95475.3
95975.1
97697.4
98206.5
98363.4
98422.5
98501.8
98630.4
98765.5
98921.4
99058.5
99108.8
99109.212
99175.2
99175.4
99229.5
99675.3
99763.4
99825.5
100175.1
100365.4
100478.5
100660.4
100799.5
101104.4
101778.5
101891.8
101899.211
101899.8
101909.211
101909.8
102017.4
102148.5
102197.211
102197.8
102208.211
102208.8
102212.211
102212.8
102219.211
102219.8
102278.211
102278.8
102340.4
102503.5
102558.211
102558.8
102613.4
102721.5
102777.211
102777.8
102819.211
102819.8
102826.211
102826.8
102831.211
102831.8
102936.4
103082.5
103215.8
103216.212
103276.2
103276.4
103311.5
103776.3
104276.1
105304.4
106093.5
106165.8
106169.211
106169.8
106200.211
106200.8
106208.211
106208.8
106250.211
106250.8
106323.4
106332.5
106335.4
106338.5
106342.4
106346.5
106349.4
106578.5
106627.8
106628.212
106636.8
106691.2
106691.4
106743.5
107191.3
107691.1
108402.4
108522.5
108801.4
109685.5
109891.8
109933.211
109933.8
109992.211
109992.8
110057.4
110211.5
110281.211
110281.8
110294.211
110294.8
110344.211
110344.8
110503.4
110652.5
110722.8
110723.212
110786.2
110786.4
110866.5
111238.4
111286.3
111299.5
111786.1
114367.4
114529.5
114530.4
114534.5
114538.4
114589.5
114783.8
114845.4
114939.5
115052.211
115052.8
115198.4
115253.5
115377.8
115378.212
115444.2
115444.4
115606.5
115944.3
116444.1
119075.4
119109.5
119442.4
119554.5
119640.8
119643.211
119643.8
119663.211
119663.8
119680.211
119680.8
119721.211
119721.8
119863.4
119869.5
119945.4
119968.5
120066.8
120067.212
120125.2
120125.4
120164.5
120625.3
121125.1
122203.4
122204.5
122205.4
122563.5
122803.8
122831.211
122831.8
122858.211
122858.8
122892.211
122892.8
122992.4
123100.5
123160.211
123160.8
123193.211
123193.8
123244.211
123244.8
123307.4
123545.5
123624.8
123625.212
123630.8
123684.2
123684.4
123743.5
124184.3
124684.1
126323.4
126440.5
126636.4
126773.5
126833.8
126931.4
127001.5
127121.211
127121.8
127131.211
127131.8
127165.211
127165.8
127233.4
127236.5
127238.4
127368.5
127370.4
127444.5
127502.8
127503.212
127511.8
127560.2
127560.4
127615.5
128060.3
128560.1
129900.4
130064.5
130264.4
130781.5
130990.8
131003.211
131003.8
131141.4
131144.5
131145.4
131225.5
131291.211
131291.8
131299.211
131299.8
131333.211
131333.8
131369.211
131369.8
131453.4
131517.5
131560.4
131563.5
131668.211
131668.8
131693.211
131693.8
131725.211
131725.8
132016.4
132029.5
132090.8
132091.212
132157.2
132157.4
132206.5
132657.3
133157.1
135812.4
135824.5
135834.4
135842.5
136054.8
136062.211
136062.8
136067.211
136067.8
136210.4
136327.5
136381.8
136382.212
136437.2
136437.4
136504.5
136937.3
137437.1
138600.4
138781.5
139548.8
139618.4
139696.5
139719.4
139723.5
139782.211
139782.8
139800.211
139800.8
139829.211
139829.8
140107.4
140132.5
140190.8
140191.212
140249.2
140249.4
140297.5
140749.3
141249.1
142308.4
142460.5
144213.8
144283.4
144464.5
144570.8
144571.212
144619.2
144619.4
144687.5
145119.3
145619.1
146899.4
147116.5
148540.4
148630.5
148706.8
148709.211
148709.8
148884.4
149095.5
149151.8
149152.212
149210.2
149210.4
149250.5
149710.3
150210.1
154330.4
154342.5
154349.4
154390.5
154670.4
154679.5
154685.4
154786.5
155007.4
155046.5
155172.8
155224.211
155224.8
155528.8
155529.212
155584.2
155584.4
155643.5
156084.3
156584.1
161518.4
161522.5
161523.4
161559.5
161691.8
161701.211
161701.8
161767.4
161802.5
161949.211
161949.8
162004.4
162041.5
162190.211
162190.8
162195.211
162195.8
162197.211
162197.8
162244.211
162244.8
162292.211
162292.8
162447.4
162529.5
162617.8
162618.212
162677.2
162677.4
162745.5
163177.3
163677.1
166860.4
167072.5
167145.8
167155.211
167155.8
167180.211
167180.8
167250.4
167308.5
167440.211
167440.8
167605.211
167605.8
167798.4
167819.5
167884.211
167884.8
167932.211
167932.8
167938.211
167938.8
167948.211
167948.8
167987.211
167987.8
168210.4
168276.5
168400.8
168401.212
168451.2
168451.4
168531.5
168951.3
169451.1
170605.4
170608.5
170616.4
171665.5
171868.8
171874.211
171874.8
171906.211
171906.8
171997.4
172067.5
172073.4
172077.5
172140.211
172140.8
172156.211
172156.8
172165.211
172165.8
172187.211
172187.8
172280.4
172406.5
172461.211
172461.8
172484.211
172484.8
172508.211
172508.8
172572.211
172572.8
172664.4
172774.5
172834.211
172834.8
172867.211
172867.8
172881.211
172881.8
172952.4
173065.5
173138.211
173138.8
173163.211
173163.8
173314.4
173329.5
173330.4
173381.5
173437.211
173437.8
173490.211
173490.8
173565.211
173565.8
173629.4
173728.5
173826.211
173826.8
173875.211
173875.8
173877.211
173877.8
173888.211
173888.8
173918.211
173918.8
174089.4
174093.5
174189.211
174189.8
174252.211
174252.8
174447.211
174447.8
174533.4
174646.5
174709.211
174709.8
174711.211
174711.8
174738.211
174738.8
174878.211
174878.8
174982.4
175318.5
175373.8
175374.212
175432.2
175432.4
175476.5
175932.3
180000.9
123456789
9
21
15
9
21
15
10
FI
2
2
10
48
31
11
21
31
6
2
1054
0
0
0
314159265
42
254
235
180000
314159265
0.1
435.8
470.211
470.8
531.4
541.5
604.211
604.8
643.211
643.8
704.211
704.8
817.211
817.8
832.211
832.8
894.4
913.5
1124.211
1124.8
1129.211
1129.8
1161.211
1161.8
1254.4
1299.5
1585.8
1586.212
1642.2
1642.4
1692.5
2142.3
2642.1
2792.4
2928.5
2995.8
3017.211
3017.8
3036.211
3036.8
3215.211
3215.8
3286.4
3361.5
3422.211
3422.8
3439.211
3439.8
3451.211
3451.8
3464.211
3464.8
3485.211
3485.8
3655.4
3783.5
3849.8
3850.212
3914.2
3914.4
3963.5
4414.3
4914.1
6642.8
6711.211
6711.8
6732.211
6732.8
6797.211
6797.8
7116.4
7182.5
7247.8
7248.212
7309.2
7309.4
7357.5
7809.3
8309.1
10770.4
10778.5
10882.8
10887.211
10887.8
10925.211
10925.8
10932.211
10932.8
11104.4
11203.5
11267.8
11268.212
11329.2
11329.4
11423.5
11489.4
11580.5
11829.3
12329.1
12671.4
13289.5
13358.8
13408.211
13408.8
13472.4
13586.5
13636.211
13636.8
13697.211
13697.8
13756.4
13932.5
13984.211
13984.8
13995.211
13995.8
14007.211
14007.8
14020.211
14020.8
14030.211
14030.8
14102.4
14267.5
14320.211
14320.8
14351.211
14351.8
14361.211
14361.8
14405.211
14405.8
14417.211
14417.8
14547.4
14724.5
14782.8
14783.212
14790.8
14850.2
14850.4
14879.5
15350.3
15850.1
16558.4
17042.5
17118.8
17164.211
17164.8
17175.211
17175.8
17328.4
17444.5
17500.8
17501.212
17511.8
17566.2
17566.4
17624.5
18066.3
18566.1
19593.4
20173.5
20243.8
20297.211
20297.8
20301.211
20301.8
20311.211
20311.8
20336.211
20336.8
20437.4
20452.5
20454.4
20457.5
20474.4
20573.5
20626.211
20626.8
20654.211
20654.8
20696.211
20696.8
20762.4
20845.5
20860.4
21024.5
21125.8
21126.212
21200.2
21200.4
21269.5
21700.3
22200.1
22768.4
23208.5
23481.4
23583.5
23728.8
23739.211
23739.8
23784.211
23784.8
23789.211
23789.8
23858.4
23965.5
24027.211
24027.8
24033.211
24033.8
24055.211
24055.8
24106.211
24106.8
24111.211
24111.8
24181.4
24305.5
24361.211
24361.8
24378.211
24378.8
24411.211
24411.8
24420.211
24420.8
24448.211
24448.8
24452.211
24452.8
24520.4
24692.5
24744.211
24744.8
24788.211
24788.8
24797.211
24797.8
24918.211
24918.8
24986.4
25188.5
25240.8
25241.212
25303.2
25303.4
25337.5
25803.3
26303.1
27363.4
27994.5
28238.8
28275.211
28275.8
28305.211
28305.8
28426.4
28531.5
28587.211
28587.8
28597.211
28597.8
28648.211
28648.8
28657.211
28657.8
28723.4
28918.5
28967.8
28968.212
28977.8
29030.2
29030.4
29068.5
29530.3
30030.1
30828.4
30895.5
31229.4
31345.5
31654.4
32277.5
32671.4
32917.5
32996.8
33139.4
33303.5
33368.8
33369.212
33428.2
33428.4
33512.5
33928.3
34428.1
35705.4
35708.5
35710.4
36084.5
36854.4
37082.5
37145.8
37190.211
37190.8
37206.211
37206.8
37280.4
37414.5
37548.8
37549.212
37618.2
37618.4
37685.5
37890.4
37940.5
38118.3
38452.4
38618.1
38865.5
39542.4
40077.5
40639.4
40704.5
40770.8
40866.211
40866.8
40920.4
41059.5
41106.211
41106.8
41144.211
41144.8
41197.211
41197.8
41403.4
41519.5
41521.4
41522.5
41576.8
41577.212
41634.2
41634.4
41679.5
42040.4
42113.5
42134.3
42634.1
43474.4
44691.5
44985.8
44996.211
44996.8
45033.211
45033.8
45236.4
45366.5
45417.8
45418.212
45481.2
45481.4
45588.5
45981.3
46481.1
47564.4
47715.5
47841.4
48108.5
48829.4
49056.5
49212.4
49439.5
49497.8
49519.211
49519.8
49553.211
49553.8
49557.211
49557.8
49725.4
49792.5
49849.211
49849.8
49873.211
49873.8
49881.211
49881.8
49940.211
49940.8
50002.4
50123.5
50186.211
50186.8
50215.211
50215.8
50234.211
50234.8
50276.211
50276.8
50291.211
50291.8
50496.4
50648.5
50745.8
50746.212
50808.2
50808.4
50874.5
51308.3
51350.4
51353.5
51357.4
51426.5
51672.4
51779.5
51808.1
52152.4
52527.5
52672.4
52788.5
52904.8
52909.211
52909.8
53083.211
53083.8
53154.4
53263.5
53319.211
53319.8
53328.211
53328.8
53339.211
53339.8
53372.211
53372.8
53451.4
53674.5
53771.8
53772.212
53846.2
53846.4
53847.5
53851.4
53903.5
54346.3
54846.1
55512.4
56046.5
56316.8
56326.211
56326.8
56333.211
56333.8
56368.211
56368.8
56418.211
56418.8
56492.4
56591.5
56646.211
56646.8
56717.211
56717.8
56766.211
56766.8
56802.211
56802.8
56872.4
57097.5
57151.8
57152.212
57208.2
57208.4
57260.5
57588.4
57673.5
57708.3
58206.4
58208.1
58660.5
58664.4
58666.5
58744.4
58852.5
58972.8
59017.211
59017.8
59023.211
59023.8
59086.4
59207.5
59269.211
59269.8
59337.211
59337.8
59450.4
59503.5
59504.4
59506.5
59524.4
59732.5
59800.8
59801.212
59858.2
59858.4
59925.5
60358.3
60858.1
61684.4
61687.5
61688.4
62468.5
62598.4
62700.5
62832.8
62837.211
62837.8
62855.211
62855.8
62871.211
62871.8
62887.211
62887.8
62955.4
63010.5
63100.4
63119.5
63223.8
63224.212
63288.2
63288.4
63348.5
63788.3
64288.1
65486.4
65618.5
66542.4
67109.5
67230.4
67347.5
67406.8
67460.211
67460.8
67532.4
67661.5
67727.211
67727.8
67763.211
67763.8
67788.211
67788.8
67798.211
67798.8
67863.4
68107.5
68198.8
68199.212
68202.8
68259.2
68259.4
68387.5
68759.3
69259.1
69400.4
69775.5
69888.8
69974.4
70076.5
70126.211
70126.8
70139.211
70139.8
70157.211
70157.8
70178.211
70178.8
70210.211
70210.8
70251.211
70251.8
70539.4
70688.5
70742.8
70743.212
70798.2
70798.4
70830.5
71298.3
71798.1
72868.4
72875.5
72878.4
73424.5
73611.4
73743.5
73809.8
73845.211
73845.8
73851.211
73851.8
73943.4
74093.5
74282.4
74474.5
74526.8
74527.212
74586.2
74586.4
74655.5
75086.3
75586.1
76679.4
76682.5
76688.4
77275.5
77513.4
77606.5
77678.8
77686.211
77686.8
77738.211
77738.8
77743.211
77743.8
77922.4
78033.5
78090.8
78091.212
78152.2
78152.4
78205.5
78652.3
79152.1
79817.4
80218.5
80697.4
81616.5
81789.8
81823.211
81823.8
81997.4
82060.5
82130.8
82131.212
82149.8
82152.8
82179.8
82186.8
82231.8
82287.2
82287.4
82348.5
82787.3
83287.1
84558.4
84877.5
85355.8
85487.4
85650.5
85757.8
85758.212
85814.2
85814.4
85871.5
86314.3
86814.1
88013.4
88329.5
88492.4
88692.5
88882.4
88986.5
89088.8
89183.4
89302.5
89392.8
89393.212
89463.2
89463.4
89511.5
89963.3
90463.1
91516.4
92116.5
93127.8
93213.4
93214.5
93215.4
93220.5
93224.4
93226.5
93228.4
93309.5
93416.211
93416.8
93495.4
93640.5
93693.211
93693.8
93723.211
93723.8
93752.211
93752.8
93762.211
93762.8
93827.4
93877.5
94050.4
94102.5
94154.8
94155.212
94219.2
94219.4
94283.5
94719.3
95219.1
96559.4
96895.5
97338.4
97339.5
97340.4
97681.5
97796.8
97851.211
97851.8
97918.4
98048.5
98102.211
98102.8
98150.211
98150.8
98242.4
98519.5
98606.8
98607.212
98667.2
98667.4
98750.5
99085.4
99167.3
99202.5
99667.1
101504.4
101610.5
101928.4
102476.5
103814.4
104023.5
104204.4
104319.5
104371.8
104435.211
104435.8
104551.4
104758.5
104907.4
104916.5
104963.4
105091.5
105184.8
105185.212
105263.2
105263.4
105327.5
105763.3
106263.1
107329.4
107612.5
107796.4
108002.5
111290.4
111444.5
111618.4
111736.5
111868.4
111925.5
111982.8
112043.211
112043.8
112049.211
112049.8
112133.4
112136.5
112137.4
112392.5
112460.8
112461.212
112531.2
112531.4
112613.5
113031.3
113531.1
114855.4
115199.5
118700.4
118704.5
118710.4
118773.5
121094.8
121283.4
121318.5
121449.8
121450.212
121522.2
121522.4
121612.5
122022.3
122522.1
123668.4
123775.5
123990.4
124083.5
124243.4
124556.5
126369.8
126406.211
126406.8
126410.211
126410.8
126511.4
126517.5
126518.4
126663.5
126735.8
126736.212
126746.8
126869.2
126869.4
126910.5
127369.3
127869.1
131620.8
131713.4
131869.5
131943.8
131944.212
132008.2
132008.4
132059.5
132508.3
133008.1
133353.4
133431.5
133746.4
134196.5
135163.4
135652.5
135793.4
136092.5
136168.8
136194.211
136194.8
136272.4
136400.5
136465.211
136465.8
136469.211
136469.8
136494.211
136494.8
136499.211
136499.8
136531.211
136531.8
136609.4
136768.5
136799.4
136881.5
136952.8
136953.212
137016.2
137016.4
137091.5
137483.4
137516.3
137550.5
138016.1
138187.4
138312.5
138799.4
139613.5
139779.4
139864.5
140058.8
140063.211
140063.8
140095.211
140095.8
140201.4
140360.5
140386.4
140400.5
140409.4
140457.5
140519.8
140520.212
140580.2
140580.4
140668.5
141080.3
141580.1
143453.4
143805.5
144621.4
144947.5
145062.8
145066.211
145066.8
145158.4
145234.5
145338.211
145338.8
145380.211
145380.8
145467.4
145621.5
145692.8
145693.212
145746.2
145746.4
145782.5
146246.3
146746.1
150716.4
150874.5
151020.4
151026.5
151027.4
151256.5
151336.8
151392.211
151392.8
151506.4
151640.5
151738.8
151739.212
151747.8
151800.2
151800.4
151842.5
152300.3
152800.1
155699.4
155701.5
155702.4
155898.5
156028.8
156133.4
156246.5
156331.8
156332.212
156392.2
156392.4
156423.5
156892.3
157392.1
158799.4
158804.5
158807.4
159509.5
159765.4
159895.5
160019.8
160062.211
160062.8
160072.211
160072.8
160157.4
160280.5
160357.211
160357.8
160440.4
160735.5
160808.8
160809.212
160873.2
160873.4
160976.5
161373.3
161849.4
161873.1
162500.5
162750.4
162983.5
163079.8
163126.211
163126.8
163201.4
163360.5
163434.8
163435.212
163496.2
163496.4
163552.5
163996.3
164496.1
169033.8
169092.211
169092.8
169161.4
169240.5
169251.4
169266.5
169326.4
169506.5
169557.4
169575.5
169648.8
169649.212
169712.2
169712.4
169774.5
170212.3
170712.1
170820.4
170982.5
171342.4
171597.5
171924.4
172202.5
172281.8
172391.4
172544.5
172601.8
172602.212
172669.2
172669.4
172724.5
173169.3
173669.1
176229.8
176233.211
176233.8
176343.4
176413.5
176435.4
176444.5
176453.4
176461.5
176462.4
176468.5
176474.4
176492.5
176585.8
176586.212
176654.2
176654.4
176664.5
176667.4
176705.5
177154.3
180000.9
123456789
9
22
15
9
22
15
10
FI
2
2
10
51
17
11
24
18
6
2
1254
0
0
0
314159265
45
336
249
180000
314159265
0.1
488.8
559.211
559.8
897.8
898.212
943.2
943.4
1011.5
1443.3
1943.1
2222.4
2424.5
2656.8
2686.211
2686.8
2734.4
2764.5
2834.211
2834.8
2844.211
2844.8
2866.211
2866.8
2887.211
2887.8
2942.4
3015.5
3061.211
3061.8
3106.211
3106.8
3157.211
3157.8
3247.211
3247.8
3282.211
3282.8
3287.211
3287.8
3345.4
3398.5
3507.211
3507.8
3574.211
3574.8
3591.211
3591.8
3653.4
3804.5
3865.211
3865.8
3895.211
3895.8
3908.211
3908.8
4170.4
4335.5
4384.8
4385.212
4396.8
4451.2
4451.4
4514.5
4951.3
5451.1
6390.4
6449.5
6499.8
6561.211
6561.8
6652.4
6740.5
6789.211
6789.8
6854.211
6854.8
6916.4
6918.5
6919.4
7037.5
7141.4
7261.5
7304.8
7305.212
7365.2
7365.4
7412.5
7865.3
8199.4
8248.5
8365.1
8478.4
8661.5
9064.4
9338.5
9429.8
9434.211
9434.8
9475.211
9475.8
9525.4
9556.5
9763.211
9763.8
9812.211
9812.8
9816.211
9816.8
9875.4
9907.5
9996.211
9996.8
10032.211
10032.8
10163.211
10163.8
10169.211
10169.8
10205.211
10205.8
10323.4
10403.5
10468.211
10468.8
10550.211
10550.8
11038.4
11055.5
11102.8
11103.212
11109.8
11159.2
11159.4
11189.5
11659.3
12159.1
12507.4
12841.5
12934.8
12978.211
12978.8
13103.4
13217.5
13267.211
13267.8
13307.211
13307.8
13316.211
13316.8
13324.211
13324.8
13469.4
13624.5
13663.4
13719.5
13764.8
13765.212
13818.2
13818.4
13863.5
14318.3
14818.1
15274.4
15275.5
15278.4
15666.5
15725.8
15737.211
15737.8
15766.211
15766.8
15771.211
15771.8
15817.211
15817.8
15861.4
15991.5
16085.211
16085.8
16148.4
16150.5
16151.4
16303.5
16353.211
16353.8
16377.211
16377.8
16617.4
16662.5
16711.8
16712.212
16779.2
16779.4
16813.5
17279.3
17779.1
18252.4
18258.5
18259.4
18266.5
18268.4
18491.5
18670.4
18832.5
18897.4
18923.5
18978.8
19179.4
19203.5
19261.211
19261.8
19331.211
19331.8
19338.211
19338.8
19574.4
19586.5
19642.8
19643.212
19702.2
19702.4
19972.5
20024.8
20108.4
20135.5
20137.4
20202.3
20223.5
20407.4
20427.5
20676.8
20702.1
20915.8
20921.211
20921.8
20929.211
20929.8
21000.211
21000.8
21275.211
21275.8
21359.4
21380.5
21658.8
21659.212
21713.2
21713.4
21936.5
21990.8
22205.4
22213.3
22241.5
22713.1
23074.8
23256.211
23256.8
23269.211
23269.8
23317.211
23317.8
23405.211
23405.8
23469.211
23469.8
23476.211
23476.8
23761.4
23777.5
23827.8
23828.212
23889.2
23889.4
23935.5
24389.3
24889.1
25357.4
25452.5
25534.4
25651.5
25849.8
26057.4
26079.5
26103.4
26114.5
26117.4
26201.5
26256.8
26257.212
26308.2
26308.4
26393.5
26808.3
27308.1
27711.4
28324.5
28390.8
28487.4
28513.5
28775.4
28809.5
28868.4
28877.5
28924.8
28925.212
28993.2
28993.4
28994.5
28995.4
29039.5
29493.3
29993.1
30405.4
30614.5
30752.4
30898.5
30950.8
31036.4
31180.5
31227.211
31227.8
31483.4
31487.5
31552.8
31553.212
31619.2
31619.4
31668.5
32119.3
32619.1
33283.4
33601.5
33664.8
33773.4
33927.5
33974.8
33975.212
34025.2
34025.4
34066.5
34525.3
35025.1
35570.4
36225.5
36335.8
36345.211
36345.8
36348.211
36348.8
36367.211
36367.8
36439.4
36611.5
36668.8
36669.212
36724.2
36724.4
36725.5
36728.4
36763.5
37224.3
37724.1
38644.4
38819.5
39005.4
39507.5
39621.8
39630.211
39630.8
39639.211
39639.8
39666.211
39666.8
39835.4
39856.5
39911.211
39911.8
39949.211
39949.8
39962.211
39962.8
40070.4
40244.5
40291.8
40292.212
40348.2
40348.4
40793.5
40848.3
40873.8
41088.4
41213.5
41275.8
41341.4
41348.1
41471.5
41524.8
41548.211
41548.8
41602.4
41767.5
41825.211
41825.8
41874.211
41874.8
42029.4
42066.5
42123.211
42123.8
42170.211
42170.8
42690.8
42691.212
42747.2
42747.4
42749.5
42750.4
42790.5
43247.3
43699.4
43701.5
43702.4
43747.1
43878.5
44034.4
44411.5
44867.8
44932.211
44932.8
45013.4
45059.5
45071.4
45084.5
45136.211
45136.8
45142.211
45142.8
45151.211
45151.8
45225.211
45225.8
45348.4
45364.5
45589.8
45590.212
45646.2
45646.4
45688.5
46146.3
46646.1
47225.4
47474.5
47604.8
48072.4
48074.5
48075.4
48099.5
48167.8
48168.212
48235.2
48235.4
48299.5
48735.3
49235.1
49976.4
50451.5
50576.4
50606.5
50673.8
51006.4
51017.5
51088.8
51089.212
51143.2
51143.4
51145.5
51146.4
51195.5
51643.3
52143.1
53195.4
53308.5
53470.4
53622.5
53830.4
54004.5
54067.8
54080.211
54080.8
54095.211
54095.8
54248.4
54265.5
54275.4
54286.5
54397.8
54398.212
54449.2
54449.4
54493.5
54949.3
55449.1
56488.4
56572.5
56707.4
56938.5
57579.8
57629.4
57696.5
57772.211
57772.8
57812.211
57812.8
57923.4
57972.5
58022.211
58022.8
58072.211
58072.8
58112.211
58112.8
58172.4
58274.5
58336.211
58336.8
58369.211
58369.8
58521.4
58672.5
58726.8
58727.212
58783.2
58783.4
58875.5
59283.3
59783.1
60555.4
60725.5
60984.4
61405.5
61463.8
61648.4
61654.5
61656.4
61659.5
61674.4
61690.5
61742.211
61742.8
61789.211
61789.8
61805.211
61805.8
62026.4
62047.5
62105.211
62105.8
62119.211
62119.8
62144.211
62144.8
62156.211
62156.8
62309.211
62309.8
62383.4
62571.5
62636.8
62637.212
62702.2
62702.4
62773.5
63202.3
63540.4
63702.1
63885.5
64000.4
64257.5
64350.8
64361.211
64361.8
64425.4
64529.5
64585.211
64585.8
64599.211
64599.8
64609.211
64609.8
64886.211
64886.8
64933.211
64933.8
64938.211
64938.8
65099.211
65099.8
65363.4
65432.5
65500.8
65501.212
65574.2
65574.4
65610.5
66074.3
66574.1
67456.4
67840.5
68004.8
68173.4
68257.5
68348.8
68349.212
68420.2
68420.4
68480.5
68920.3
69420.1
70271.4
70363.5
70705.4
70918.5
78756.4
78848.5
79715.8
79751.211
79751.8
79810.211
79810.8
79866.211
79866.8
80053.4
80269.5
80329.8
80330.212
80373.2
80373.4
80377.5
80378.4
80460.5
80873.3
81373.1
89499.4
89585.5
89650.8
89683.211
89683.8
89748.4
89849.5
89901.211
89901.8
89968.4
90055.5
90112.211
90112.8
90169.4
90314.5
90367.211
90367.8
90392.211
90392.8
90419.211
90419.8
90480.4
90589.5
90704.211
90704.8
90750.211
90750.8
90815.4
90904.5
91103.8
91104.212
91168.2
91168.4
91213.5
91668.3
92168.1
92945.4
93085.5
93552.4
94054.5
94229.4
94431.5
94495.8
94525.211
94525.8
94530.211
94530.8
94544.211
94544.8
94555.211
94555.8
94710.4
94742.5
94853.211
94853.8
95042.4
95050.5
95054.4
95055.5
95079.4
95125.5
95181.8
95182.212
95188.8
95237.2
95237.4
95317.5
95737.3
96046.4
96135.5
96237.1
96299.4
97238.5
97408.4
97410.5
97539.8
97545.211
97545.8
97626.4
97776.5
97824.211
97824.8
97892.211
97892.8
98136.4
98193.5
98245.8
98246.212
98307.2
98307.4
98339.5
98807.3
99307.1
100596.4
100715.5
100905.4
101276.5
101569.4
101594.5
101651.8
101656.211
101656.8
101686.211
101686.8
101764.4
101874.5
101930.211
101930.8
102027.211
102027.8
102139.4
102160.5
102180.4
102222.5
102286.211
102286.8
102294.211
102294.8
102346.211
102346.8
102431.4
102493.5
102562.211
102562.8
102617.211
102617.8
102628.211
102628.8
102729.4
102756.5
102765.4
102769.5
102904.211
102904.8
102945.211
102945.8
102962.211
102962.8
102965.211
102965.8
102991.211
102991.8
103274.211
103274.8
103277.211
103277.8
103283.211
103283.8
103394.4
103418.5
103423.4
103457.5
103510.211
103510.8
103521.211
103521.8
103559.211
103559.8
103651.211
103651.8
103849.211
103849.8
103893.211
103893.8
104002.4
104126.5
104180.211
104180.8
104311.4
104347.5
104444.211
104444.8
104455.211
104455.8
104472.211
104472.8
104580.211
104580.8
104624.211
104624.8
104639.211
104639.8
104994.8
104995.212
105062.2
105062.4
105114.5
105562.3
106062.1
107711.4
107863.5
108797.8
108859.211
108859.8
108866.211
108866.8
109151.211
109151.8
109176.211
109176.8
109419.211
109419.8
109540.4
109621.5
109677.211
109677.8
109751.211
109751.8
109764.211
109764.8
109793.211
109793.8
110018.4
110049.5
110106.8
110107.212
110161.2
110161.4
110231.5
110661.3
111161.1
119328.8
119429.4
119549.5
119670.8
119671.212
119733.2
119733.4
119791.5
120233.3
120733.1
121358.4
121775.5
122315.4
122404.5
122469.8
122515.211
122515.8
122680.4
122695.5
122809.211
122809.8
122939.4
123032.5
123083.211
123083.8
123105.211
123105.8
123294.4
123340.5
123397.211
123397.8
123454.211
123454.8
123672.4
123674.5
123766.8
123767.212
123817.2
123817.4
123884.5
124317.3
124817.1
126044.4
126341.5
126597.4
126599.5
126739.8
126744.211
126744.8
126813.4
126968.5
127023.211
127023.8
127085.211
127085.8
127146.211
127146.8
127236.4
127314.5
127367.211
127367.8
127372.211
127372.8
127445.211
127445.8
127482.211
127482.8
127521.211
127521.8
127546.211
127546.8
127674.4
127820.5
127886.8
127887.212
127942.2
127942.4
128048.5
128442.3
128942.1
129533.4
129917.5
130356.8
130473.211
130473.8
130532.4
130606.5
130676.211
130676.8
130738.211
130738.8
130760.211
130760.8
130764.211
130764.8
130784.211
130784.8
130873.211
130873.8
131006.4
131102.5
131164.211
131164.8
131179.211
131179.8
131213.211
131213.8
131247.211
131247.8
131427.4
131532.5
131551.4
131568.5
131622.8
131623.212
131676.2
131676.4
131731.5
132176.3
132676.1
134972.4
135102.5
135332.8
135341.211
135341.8
135510.4
135551.5
135654.8
135655.212
135711.2
135711.4
135774.5
136211.3
136711.1
139256.8
139311.211
139311.8
139509.4
139512.5
139516.4
139547.5
139732.4
139845.5
139904.8
139905.212
139968.2
139968.4
140117.5
140352.4
140468.3
140515.5
140968.1
141112.4
141489.5
141619.8
141667.211
141667.8
141747.211
141747.8
141843.4
141923.5
141973.211
141973.8
142007.211
142007.8
142025.211
142025.8
142075.211
142075.8
142161.4
142274.5
142386.8
142387.212
142437.2
142437.4
142479.5
142937.3
143437.1
145574.8
145646.211
145646.8
145699.211
145699.8
145861.4
145893.5
145963.211
145963.8
145980.211
145980.8
146034.211
146034.8
146082.211
146082.8
146150.4
146199.5
146309.211
146309.8
146381.211
146381.8
146435.211
146435.8
146449.211
146449.8
146644.4
146646.5
146774.8
146775.212
146836.2
146836.4
146919.5
147336.3
147836.1
149614.4
149669.5
150049.8
150064.211
150064.8
150068.211
150068.8
150080.211
150080.8
150127.211
150127.8
150277.4
150284.5
150305.4
150325.5
150431.8
150432.212
150482.2
150482.4
150520.5
150982.3
151482.1
154159.8
154345.4
154349.5
154354.4
154412.5
154416.4
154419.5
154474.8
154475.212
154523.2
154523.4
154612.5
155023.3
155523.1
156110.4
156374.5
156641.4
156706.5
156783.8
156801.211
156801.8
156819.211
156819.8
156824.211
156824.8
156830.211
156830.8
156848.211
156848.8
156967.4
157008.5
157066.211
157066.8
157074.211
157074.8
157078.211
157078.8
157085.211
157085.8
157132.211
157132.8
157176.211
157176.8
157233.211
157233.8
157390.211
157390.8
157395.211
157395.8
157463.4
157543.5
157602.211
157602.8
157622.211
157622.8
157681.211
157681.8
157765.211
157765.8
157951.211
157951.8
158072.4
158118.5
158122.4
158139.5
158196.211
158196.8
158217.211
158217.8
158234.211
158234.8
158297.211
158297.8
158321.211
158321.8
158440.211
158440.8
158653.4
158737.5
158795.8
158796.212
158854.2
158854.4
158896.5
159354.3
159854.1
160556.4
160559.5
160561.4
161050.5
161249.4
161297.5
161503.8
161514.211
161514.8
161606.4
161791.5
161842.8
161843.212
161848.8
161890.2
161890.4
161957.5
162390.3
162890.1
165160.4
165289.5
165862.8
166429.8
166430.212
166483.2
166483.4
166552.5
166983.3
167483.1
168842.4
168846.5
168848.4
169039.5
169540.4
169685.5
170183.4
170192.5
170204.4
170220.5
170223.4
170229.5
170236.4
170432.5
171509.4
171737.5
172256.4
172322.5
172387.8
172802.4
172920.5
172979.8
172980.212
173025.2
173025.4
173091.5
173525.3
174025.1
174967.4
175109.5
177370.8
177919.4
178079.5
178134.8
178135.212
178188.2
178188.4
178259.5
178688.3
180000.9
123456789
9
23
15
9
23
15
10
FI
2
2
10
49
00
11
22
00
6
2
1286
0
0
0
314159265
42
364
238
180000
314159265
0.1
673.4
700.5
752.8
795.211
795.8
879.4
904.5
1017.211
1017.8
1474.8
1475.212
1522.2
1522.4
1600.5
1865.4
2008.5
2022.3
2079.4
2235.5
2387.4
2442.5
2522.1
2583.4
2657.5
2731.8
2735.211
2735.8
2751.211
2751.8
2816.4
2952.5
3008.211
3008.8
3013.211
3013.8
3022.211
3022.8
3090.4
3251.5
3296.211
3296.8
3342.4
3465.5
3515.211
3515.8
3528.211
3528.8
3582.211
3582.8
3616.211
3616.8
3766.211
3766.8
3907.211
3907.8
4206.4
4215.5
4263.8
4264.212
4315.2
4315.4
4384.5
4815.3
5315.1
5959.4
6064.5
6120.8
6137.211
6137.8
6153.211
6153.8
6237.4
6238.5
6239.4
6344.5
6393.211
6393.8
6415.211
6415.8
6482.4
6581.5
6625.211
6625.8
6628.211
6628.8
6636.211
6636.8
6640.211
6640.8
6649.211
6649.8
6677.211
6677.8
6707.211
6707.8
6797.4
6869.5
6919.211
6919.8
6950.211
6950.8
6958.211
6958.8
7019.4
7114.5
7241.211
7241.8
7251.211
7251.8
7281.211
7281.8
7306.211
7306.8
7571.211
7571.8
7587.211
7587.8
7632.211
7632.8
7655.211
7655.8
7747.211
7747.8
7757.211
7757.8
7929.211
7929.8
7937.211
7937.8
7979.211
7979.8
8138.211
8138.8
8362.4
8416.5
8487.8
8488.212
8552.2
8552.4
8610.5
8880.4
8883.5
8890.4
8892.5
8894.4
9052.3
9446.5
9520.4
9552.1
9660.5
9716.8
9800.4
9912.5
10005.211
10005.8
10071.4
10222.5
10295.211
10295.8
10341.211
10341.8
10426.4
10594.5
10639.211
10639.8
10665.211
10665.8
10722.4
10889.5
10985.8
10986.212
11048.2
11048.4
11113.5
11548.3
12048.1
12665.4
13095.5
13243.8
13267.211
13267.8
13269.211
13269.8
13295.211
13295.8
13371.4
13461.5
13507.211
13507.8
13561.211
13561.8
13598.211
13598.8
13614.211
13614.8
13645.211
13645.8
13734.211
13734.8
13740.211
13740.8
13794.4
13911.5
13961.211
13961.8
13972.211
13972.8
14082.4
14184.5
14278.4
14386.5
14439.8
14440.212
14503.2
14503.4
14549.5
15003.3
15503.1
17259.4
17353.5
17798.4
17859.5
17943.8
17975.211
17975.8
18007.211
18007.8
18232.4
18234.5
18333.8
18334.212
18381.2
18381.4
18427.5
18881.3
19381.1
20072.4
20502.5
20658.8
20685.211
20685.8
20765.211
20765.8
20781.211
20781.8
20793.211
20793.8
20861.4
20938.5
20986.211
20986.8
20997.211
20997.8
21028.211
21028.8
21058.211
21058.8
21067.211
21067.8
21084.211
21084.8
21205.4
21209.5
21215.4
21289.5
21336.211
21336.8
21369.211
21369.8
21403.211
21403.8
21430.211
21430.8
21433.211
21433.8
21555.4
21672.5
21721.211
21721.8
21739.211
21739.8
21743.211
21743.8
21872.4
21875.5
21876.4
22011.5
22092.8
22093.212
22099.8
22138.2
22138.4
22178.5
22638.3
23138.1
24084.4
24088.5
24089.4
24284.5
24889.8
24895.211
24895.8
24929.211
24929.8
24935.211
24935.8
25006.4
25100.5
25151.211
25151.8
25169.211
25169.8
25172.211
25172.8
25176.211
25176.8
25180.211
25180.8
25217.211
25217.8
25237.211
25237.8
25302.4
25429.5
25477.211
25477.8
25508.211
25508.8
25526.211
25526.8
25592.4
25776.5
25822.211
25822.8
25831.211
25831.8
25859.211
25859.8
25866.211
25866.8
25871.211
25871.8
25876.211
25876.8
25959.4
26107.5
26166.211
26166.8
26216.4
26379.5
26437.211
26437.8
26442.211
26442.8
26470.211
26470.8
26476.211
26476.8
26535.4
26762.5
26854.8
26855.212
26900.2
26900.4
26961.5
27400.3
27852.4
27900.1
28486.5
28633.8
28715.211
28715.8
28853.4
28905.5
28952.211
28952.8
28973.211
28973.8
29001.211
29001.8
29140.4
29280.5
29324.8
29325.212
29377.2
29377.4
29420.5
29877.3
30377.1
31523.4
31525.5
31529.4
31804.5
31957.4
32058.5
32258.8
32261.211
32261.8
32286.211
32286.8
32297.211
32297.8
32370.4
32432.5
32517.211
32517.8
32610.4
32629.5
32697.4
32731.5
32776.211
32776.8
32823.211
32823.8
32861.211
32861.8
32948.4
33107.5
33162.8
33163.212
33216.2
33216.4
33267.5
33716.3
34216.1
35090.4
35288.5
35480.4
35533.5
35654.8
35695.211
35695.8
35764.4
35767.5
35768.4
35862.5
35948.211
35948.8
35980.211
35980.8
35984.211
35984.8
36039.4
36136.5
36185.211
36185.8
36227.211
36227.8
36280.211
36280.8
36348.4
36364.5
36425.211
36425.8
36461.211
36461.8
36475.211
36475.8
36490.211
36490.8
36498.211
36498.8
36504.211
36504.8
36549.211
36549.8
36898.4
36982.5
37024.4
37115.5
37174.8
37175.212
37216.2
37216.4
37218.5
37220.4
37273.5
37716.3
38216.1
38768.4
38884.5
39224.4
39227.5
39229.4
39357.5
39371.4
39873.5
40486.4
40636.5
40695.8
40798.4
40993.5
41043.8
41044.212
41094.2
41094.4
41192.5
41594.3
42094.1
44050.4
44218.5
45317.4
45513.5
45740.4
45861.5
45992.8
46031.211
46031.8
46263.4
46281.5
46339.8
46340.212
46350.8
46400.2
46400.4
46436.5
46900.3
47400.1
50755.8
50831.4
50933.5
50989.211
50989.8
51022.211
51022.8
51152.4
51246.5
51297.211
51297.8
51331.211
51331.8
51438.4
51578.5
51647.8
51648.212
51708.2
51708.4
51768.5
52208.3
52708.1
54642.4
54829.5
54959.8
55032.4
55136.5
55190.211
55190.8
55193.211
55193.8
55198.211
55198.8
55230.211
55230.8
55236.211
55236.8
55244.211
55244.8
55264.211
55264.8
55273.211
55273.8
55326.4
55453.5
55544.211
55544.8
55600.4
55712.5
55802.211
55802.8
55869.211
55869.8
55904.211
55904.8
56001.4
56235.5
56289.8
56290.212
56347.2
56347.4
56393.5
56847.3
57347.1
58469.4
58554.5
58878.4
59235.5
61435.8
61540.211
61540.8
61596.211
61596.8
61642.211
61642.8
61724.4
61794.5
61848.211
61848.8
61862.211
61862.8
61886.211
61886.8
62177.4
62233.5
62285.8
62286.212
62346.2
62346.4
62381.5
62846.3
63346.1
65406.4
65911.5
66377.4
66414.5
66468.8
66520.211
66520.8
66592.211
66592.8
66679.4
66803.5
66812.4
66822.5
66912.8
66913.212
66963.2
66963.4
67012.5
67463.3
67963.1
69428.4
69436.5
71232.8
71366.4
71617.5
71684.8
71685.212
71758.2
71758.4
71855.5
72258.3
72758.1
73422.4
73427.5
73432.4
73535.5
73654.4
74085.5
74340.4
74374.5
74459.8
74745.4
74810.5
74886.8
74887.212
74890.8
74948.2
74948.4
74986.5
75448.3
75948.1
76880.4
77227.5
77347.8
77372.211
77372.8
77563.4
77565.5
77627.211
77627.8
77689.211
77689.8
77695.211
77695.8
77768.211
77768.8
77838.4
77934.5
77987.211
77987.8
78010.211
78010.8
78109.4
78189.5
78298.211
78298.8
78343.211
78343.8
78450.4
78595.5
78658.8
78659.212
78721.2
78721.4
78882.5
79221.3
79721.1
80749.4
80838.5
80991.4
81333.5
82056.4
82171.5
82247.8
82286.211
82286.8
82318.211
82318.8
82405.4
82522.5
82596.211
82596.8
82633.211
82633.8
82638.211
82638.8
82679.211
82679.8
82740.4
82850.5
82901.211
82901.8
82908.211
82908.8
82929.211
82929.8
82935.211
82935.8
82969.211
82969.8
83049.4
83209.5
83262.211
83262.8
83276.211
83276.8
83281.211
83281.8
83310.211
83310.8
83355.211
83355.8
83419.4
83613.5
83661.8
83662.212
83711.2
83711.4
83771.5
84211.3
84711.1
85486.4
85643.5
86007.4
86365.5
87029.4
87154.5
88286.4
88382.5
88567.8
88611.211
88611.8
88859.4
88906.5
88958.8
88959.212
89014.2
89014.4
89079.5
89514.3
90014.1
91093.4
91327.5
92472.4
92699.5
92756.8
92871.4
92995.5
93047.211
93047.8
93061.211
93061.8
93066.211
93066.8
93139.211
93139.8
93151.211
93151.8
93216.4
93354.5
93417.211
93417.8
93431.211
93431.8
93439.211
93439.8
93465.211
93465.8
93488.211
93488.8
93560.4
93677.5
93813.8
93814.212
93867.2
93867.4
93919.5
94367.3
94652.4
94658.5
94659.4
94754.5
94867.1
95085.4
95241.5
95468.4
96196.5
96583.8
96609.211
96609.8
96661.211
96661.8
96728.4
96800.5
96929.211
96929.8
96971.211
96971.8
97063.4
97245.5
97299.8
97300.212
97351.2
97351.4
97513.5
97851.3
98351.1
98443.4
98718.5
98890.8
98919.211
98919.8
98935.211
98935.8
99011.211
99011.8
99113.4
99240.5
99293.211
99293.8
99314.211
99314.8
99347.211
99347.8
99400.4
99523.5
99618.211
99618.8
99627.211
99627.8
99638.211
99638.8
99659.211
99659.8
99676.211
99676.8
99683.211
99683.8
99751.4
99969.5
100058.8
100059.212
100106.2
100106.4
100109.5
100110.4
100221.5
100325.4
100444.5
100606.3
101106.1
101617.4
102211.5
102731.4
102980.5
103048.8
103104.211
103104.8
103117.211
103117.8
103180.4
103290.5
103340.211
103340.8
103359.211
103359.8
103397.211
103397.8
103482.4
103697.5
103752.8
103753.212
103802.2
103802.4
103843.5
104302.3
104802.1
105401.4
105485.5
105735.4
105739.5
105741.4
106139.5
106431.4
106622.5
106786.8
106817.211
106817.8
106822.211
106822.8
106887.4
107066.5
107308.8
107309.212
107369.2
107369.4
107416.5
107869.3
108369.1
109676.4
109678.5
109680.4
109895.5
109902.4
109922.5
110090.4
110147.5
110268.8
110339.4
110417.5
110729.4
110813.5
110910.8
110911.212
110973.2
110973.4
111023.5
111473.3
111973.1
113927.8
113935.211
113935.8
113991.211
113991.8
114076.4
114153.5
114210.211
114210.8
114246.211
114246.8
114249.211
114249.8
114344.4
114514.5
114630.8
114631.212
114679.2
114679.4
114716.5
115179.3
115679.1
117291.4
117352.5
117423.8
117452.211
117452.8
117603.4
117692.5
117804.8
117805.212
117861.2
117861.4
117892.5
118361.3
118861.1
122537.8
122636.4
122642.5
122781.211
122781.8
122820.211
122820.8
122884.4
122986.5
123035.211
123035.8
123065.211
123065.8
123083.211
123083.8
123144.4
123271.5
123329.211
123329.8
123343.211
123343.8
123374.211
123374.8
123469.4
123522.5
123572.211
123572.8
123575.211
123575.8
123603.211
123603.8
123657.211
123657.8
123721.4
123722.5
123724.4
123840.5
123890.211
123890.8
123905.211
123905.8
123925.211
123925.8
123946.211
123946.8
124182.211
124182.8
124619.8
124620.212
124671.2
124671.4
124673.5
124675.4
124709.5
125171.3
125671.1
126745.4
127074.5
128037.4
128355.5
128588.4
128669.5
128721.8
128791.211
128791.8
128794.211
128794.8
128845.211
128845.8
128910.4
129059.5
129114.211
129114.8
129140.211
129140.8
129293.211
129293.8
129384.4
129564.5
129795.4
129809.5
129811.4
129813.5
129816.4
129845.5
129905.8
129906.212
129964.2
129964.4
129995.5
130464.3
130964.1
134447.4
134472.5
134615.8
134787.4
134930.5
134983.8
134984.212
134990.8
135053.2
135053.4
135087.5
135553.3
136053.1
137634.4
137784.5
138177.4
138491.5
139433.8
139448.211
139448.8
139608.4
139612.5
139615.4
139616.5
139621.4
139657.5
139761.8
139762.212
139831.2
139831.4
140041.5
140331.3
140831.1
142429.4
142619.5
144266.8
144304.211
144304.8
144417.211
144417.8
144522.4
144598.5
144681.211
144681.8
144707.211
144707.8
144780.4
144871.5
144922.4
145000.5
145049.8
145050.212
145109.2
145109.4
145189.5
145609.3
145802.4
146109.1
146493.5
146590.8
146594.211
146594.8
146603.211
146603.8
146651.211
146651.8
146729.4
146734.5
146736.4
146805.5
146899.211
146899.8
146914.211
146914.8
146964.211
146964.8
147205.211
147205.8
147234.211
147234.8
147245.211
147245.8
147380.4
147457.5
147555.8
147556.212
147612.2
147612.4
147663.5
148112.3
148612.1
149684.4
150269.5
150933.8
150989.211
150989.8
150993.211
150993.8
151048.211
151048.8
151173.211
151173.8
151274.4
151279.5
151288.4
151340.5
151419.211
151419.8
151434.211
151434.8
151489.211
151489.8
151498.211
151498.8
151818.8
151819.212
151880.2
151880.4
151881.5
151891.4
151911.5
152380.3
152880.1
153718.4
153889.5
154667.4
154670.5
154679.4
154809.5
155610.8
155876.211
155876.8
155947.211
155947.8
156033.211
156033.8
156053.211
156053.8
156141.4
156207.5
156262.211
156262.8
156448.4
156471.5
156570.8
156571.212
156623.2
156623.4
156686.5
157123.3
157623.1
162057.8
162312.211
162312.8
162851.8
162852.212
162904.2
162904.4
162962.5
163404.3
163904.1
166612.4
166622.5
166635.4
166678.5
166743.8
166842.211
166842.8
166882.211
166882.8
166887.211
166887.8
167160.4
167166.5
167172.4
167217.5
167275.8
167276.212
167342.2
167342.4
167422.5
167842.3
168342.1
173316.8
173355.211
173355.8
173598.211
173598.8
174063.8
174064.212
174118.2
174118.4
174171.5
174618.3
175118.1
178441.8
178452.211
178452.8
178513.211
178513.8
178980.8
178981.212
179057.2
179057.4
179105.5
180000.9
123456789
9
24
15
9
24
15
10
FI
2
2
10
39
48
11
12
48
6
2
133
0
0
0
314159265
9
23
34
180000
314159265
0.1
1596.8
1768.211
1768.8
1963.4
1994.5
2322.8
2323.212
2386.2
2386.4
2441.5
2886.3
3386.1
7468.8
12845.4
12952.5
25686.8
25687.212
25766.2
25766.4
26069.5
26266.3
26766.1
27354.4
27476.5
28630.8
28753.4
28755.5
28760.4
28831.5
34827.4
34901.5
42490.8
42491.212
42504.8
42578.2
42578.4
42685.5
43078.3
43578.1
43828.4
44074.5
44155.8
55950.4
56026.5
58488.4
58633.5
62096.8
62097.212
62167.2
62167.4
62268.5
62667.3
63167.1
67192.8
68110.8
68111.212
68176.2
68176.4
68207.5
68209.4
68220.5
68676.3
69176.1
69279.8
81854.4
82044.5
85818.8
85819.212
85897.2
85897.4
85945.5
86397.3
86897.1
87272.4
87283.5
95197.8
97027.8
97028.212
102815.2
102815.4
102820.5
103315.3
103815.1
107362.8
107366.211
107366.8
115151.4
115371.5
116988.4
117067.5
118176.4
118250.5
123611.4
123612.5
123621.4
123680.5
126391.8
126392.212
126470.2
126470.4
126539.5
126970.3
127470.1
128928.4
128930.5
128931.4
128938.5
128940.4
128973.5
129012.4
129120.5
148056.8
153041.8
153042.212
153116.2
153116.4
153184.5
153616.3
154116.1
154960.4
155248.5
162422.8
162535.211
162535.8
162984.4
163106.5
166032.4
166212.5
177690.4
180000.9
123456789
9
25
15
9
25
15
10
FI
2
2
10
48
01
11
21
01
6
2
595
0
0
0
314159265
25
135
138
180000
314159265
0.1
430.8
468.211
468.8
585.211
585.8
626.211
626.8
658.211
658.8
763.4
818.5
866.211
866.8
899.211
899.8
994.4
1072.5
1168.211
1168.8
1254.4
1417.5
1464.211
1464.8
1478.211
1478.8
1495.211
1495.8
1562.4
1619.5
1669.211
1669.8
1692.211
1692.8
1729.211
1729.8
1734.211
1734.8
2238.8
2239.212
2292.2
2292.4
2340.5
2792.3
3292.1
4220.4
4224.5
4225.4
4232.5
4262.4
4430.5
4615.8
4731.4
4759.5
4826.211
4826.8
4869.211
4869.8
4876.211
4876.8
4940.4
5062.5
5124.211
5124.8
5134.211
5134.8
5196.4
5360.5
5662.8
5663.212
5729.2
5729.4
5852.5
6229.3
6729.1
8383.4
8392.5
8394.4
8682.5
8816.8
8820.211
8820.8
9135.4
9148.5
9150.4
9279.5
9326.8
9327.212
9376.2
9376.4
9457.5
9876.3
10376.1
11315.4
11546.5
11584.4
11634.5
11971.4
12059.5
12126.8
12134.211
12134.8
12160.211
12160.8
12206.211
12206.8
12351.4
12358.5
12455.211
12455.8
12462.211
12462.8
12733.211
12733.8
12746.211
12746.8
12884.4
12914.5
13005.211
13005.8
13010.211
13010.8
13311.8
13312.212
13367.2
13367.4
13369.5
13371.4
13445.5
13867.3
14367.1
14804.4
14946.5
15338.4
15760.5
15869.8
15879.211
15879.8
15982.4
16130.5
16189.8
16190.212
16235.2
16235.4
16237.5
16238.4
16274.5
16735.3
17235.1
18696.4
18697.5
18699.4
18701.5
18705.4
18760.5
19169.4
19222.5
19279.8
19285.211
19285.8
19316.211
19316.8
19515.4
19532.5
19582.4
19650.5
19697.8
19698.212
19749.2
19749.4
19868.5
20037.4
20039.5
20051.4
20099.5
20249.3
20749.1
22134.4
22146.5
22150.4
22289.5
23121.8
23153.211
23153.8
23215.4
23349.5
23412.211
23412.8
23455.211
23455.8
23694.211
23694.8
23714.211
23714.8
23745.211
23745.8
23751.211
23751.8
23993.4
24000.5
24050.211
24050.8
24060.211
24060.8
24094.211
24094.8
24258.4
24266.5
24283.4
24290.5
24367.211
24367.8
24672.8
24673.212
24731.2
24731.4
24767.5
25231.3
25731.1
27517.4
27537.5
27538.4
28015.5
28363.8
28368.211
28368.8
28548.4
28566.5
28635.211
28635.8
28660.211
28660.8
28779.4
28889.5
29025.8
29026.212
29031.8
29036.8
29079.2
29079.4
29118.5
29579.3
30079.1
31530.4
31793.5
31973.4
32095.5
33811.4
33995.5
34044.8
34156.4
34342.5
34390.8
34391.212
34441.2
34441.4
34478.5
34941.3
35441.1
36551.4
36707.5
37031.4
37366.5
37851.4
37912.5
38008.8
38060.211
38060.8
38138.4
38189.5
38345.211
38345.8
38358.211
38358.8
38422.4
38620.5
38672.8
38673.212
38735.2
38735.4
38778.5
39235.3
39735.1
42080.4
42188.5
42524.8
42582.211
42582.8
42620.211
42620.8
42661.211
42661.8
42741.4
42776.5
42832.211
42832.8
42874.211
42874.8
43278.8
43279.212
43349.2
43349.4
43372.5
43849.3
44349.1
47958.8
48191.211
48191.8
48237.211
48237.8
48427.4
48432.5
48527.211
48527.8
48530.211
48530.8
48815.211
48815.8
49207.4
49312.5
49376.8
49377.212
49435.2
49435.4
49471.5
49935.3
50435.1
53358.4
53367.5
53438.8
53457.211
53457.8
53509.211
53509.8
53518.211
53518.8
53779.211
53779.8
53790.211
53790.8
53795.211
53795.8
53823.211
53823.8
53974.4
53993.5
54003.4
54016.5
54097.211
54097.8
54124.211
54124.8
54214.4
54325.5
54374.211
54374.8
54396.211
54396.8
54480.211
54480.8
54486.211
54486.8
54567.211
54567.8
54716.4
54843.5
54905.8
54906.212
54966.2
54966.4
55020.5
55466.3
55966.1
56941.4
57112.5
57550.4
58123.5
58625.8
58928.4
59057.5
59126.8
59127.212
59130.8
59192.2
59192.4
59259.5
59692.3
60192.1
63336.4
63389.5
63398.4
63464.5
63471.4
63474.5
63539.8
63654.4
63877.5
63937.8
63938.212
63994.2
63994.4
64026.5
64494.3
64994.1
68005.8
68008.211
68008.8
68016.211
68016.8
68021.211
68021.8
68685.8
68686.212
68766.2
68766.4
68811.5
69266.3
69766.1
70023.4
70162.5
70865.4
71083.5
71659.4
71945.5
72023.8
72032.211
72032.8
72134.4
72287.5
72352.8
72353.212
72360.8
72410.2
72410.4
72453.5
72910.3
73410.1
74659.4
74661.5
74670.4
75510.5
75799.4
75891.5
75958.8
76001.211
76001.8
76080.4
76199.5
76265.4
76372.5
76437.8
76438.212
76492.2
76492.4
76523.5
76992.3
77492.1
79113.4
79833.5
80320.4
80480.5
80724.4
80992.5
81069.8
81196.4
81385.5
81438.8
81439.212
81494.2
81494.4
81570.5
81994.3
82494.1
84000.4
84136.5
84141.4
84623.5
85074.4
85309.5
87596.4
87816.5
88035.4
88036.5
88048.4
88181.5
88242.8
88519.4
88652.5
88717.8
88718.212
88778.2
88778.4
88818.5
89278.3
89778.1
90935.4
91284.5
93803.8
93820.211
93820.8
94028.4
94059.5
94123.8
94124.212
94183.2
94183.4
94393.5
94582.4
94683.3
94705.5
95183.1
96522.4
96730.5
97096.4
97476.5
98096.4
98335.5
99410.4
99697.5
101047.4
101093.5
101097.4
101292.5
101364.8
112446.8
112447.212
112557.2
112557.4
112665.5
113057.3
113557.1
113908.4
113978.5
115923.4
116107.5
116572.4
116700.5
116869.4
117008.5
117149.8
117155.211
117155.8
117172.211
117172.8
117254.4
117406.5
117565.8
117566.212
117634.2
117634.4
117722.5
118134.3
118634.1
119459.4
119563.5
131701.4
131769.5
134250.4
134288.5
148986.4
148992.5
148995.4
149190.5
153294.4
153350.5
154569.4
154596.5
167628.8
168610.8
168611.212
168683.2
168683.4
168749.5
169183.3
169683.1
169997.8
170080.4
170119.5
171392.4
171454.5
172697.4
172801.5
174532.8
174533.212
174602.2
174602.4
174715.5
175102.3
175602.1
178099.4
178279.5
179871.4
180000.9
123456789
9
26
15
9
26
15
10
FI
2
2
10
48
30
11
21
30
6
2
697
0
0
0
314159265
28
174
146
180000
314159265
0.1
470.8
484.211
484.8
1004.8
1005.212
1066.2
1066.4
1228.5
1566.3
2066.1
2838.4
3222.5
3288.8
3294.211
3294.8
3298.211
3298.8
3355.211
3355.8
3496.4
3581.5
3704.8
3705.212
3747.2
3747.4
3786.5
4247.3
4747.1
5827.4
6293.5
6406.8
6453.211
6453.8
6524.4
6670.5
6862.8
6863.212
6921.2
6921.4
7024.5
7421.3
7921.1
8868.4
9206.5
9460.4
9533.5
9648.8
9714.4
9836.5
9931.211
9931.8
9973.211
9973.8
10117.4
10227.5
10296.8
10297.212
10355.2
10355.4
10374.5
10400.4
10462.5
10855.3
11355.1
12988.8
13028.211
13028.8
13036.211
13036.8
13229.211
13229.8
13346.4
13423.5
13480.211
13480.8
13510.211
13510.8
13518.211
13518.8
13534.211
13534.8
13566.211
13566.8
13570.211
13570.8
13625.4
13684.5
13740.4
13787.5
13848.211
13848.8
13881.211
13881.8
13887.211
13887.8
13919.211
13919.8
14026.211
14026.8
14051.211
14051.8
14053.211
14053.8
14077.211
14077.8
14151.211
14151.8
14391.211
14391.8
14400.211
14400.8
14423.211
14423.8
14536.4
14539.5
14551.4
14628.5
14677.211
14677.8
14689.211
14689.8
14699.211
14699.8
14714.211
14714.8
14740.211
14740.8
14747.211
14747.8
14751.211
14751.8
14772.211
14772.8
15123.8
15124.212
15174.2
15174.4
15234.5
15674.3
16174.1
17341.4
17437.5
17653.8
17690.211
17690.8
17722.211
17722.8
17847.211
17847.8
17947.4
17948.5
17953.4
18069.5
18114.211
18114.8
18124.211
18124.8
18128.211
18128.8
18164.211
18164.8
18172.211
18172.8
18432.4
18462.5
18493.4
18562.5
18621.8
18622.212
18666.2
18666.4
18709.5
19166.3
19666.1
20673.4
21069.5
21229.8
21244.211
21244.8
21271.211
21271.8
21289.211
21289.8
21380.4
21494.5
21575.211
21575.8
21593.211
21593.8
21751.4
21861.5
21995.8
21996.212
22059.2
22059.4
22088.5
22559.3
23059.1
24399.4
24474.5
25064.4
25170.5
25282.4
25389.5
25450.8
25460.211
25460.8
25465.211
25465.8
25499.211
25499.8
25643.211
25643.8
25646.211
25646.8
25725.211
25725.8
25796.4
25914.5
26020.211
26020.8
26068.211
26068.8
26130.4
26248.5
26340.211
26340.8
26381.211
26381.8
26411.211
26411.8
26425.211
26425.8
26599.4
26606.5
26619.4
26710.5
26773.8
26774.212
26824.2
26824.4
26872.5
27324.3
27824.1
28738.4
29088.5
29179.4
29404.5
29834.4
30009.5
30151.4
30323.5
30377.8
30383.211
30383.8
30408.211
30408.8
30428.211
30428.8
30566.4
30570.5
30571.4
30754.5
30820.8
30821.212
30864.2
30864.4
30936.5
31364.3
31864.1
32843.4
33186.5
33220.4
33381.5
33637.4
33866.5
33944.8
33953.211
33953.8
33967.211
33967.8
33997.211
33997.8
34018.211
34018.8
34230.4
34315.5
34374.8
34375.212
34382.8
34430.2
34430.4
34503.5
34930.3
35430.1
36056.4
36259.5
36583.4
37160.5
37553.4
37664.5
37939.8
37990.211
37990.8
38052.211
38052.8
38068.211
38068.8
38656.4
38661.5
38724.8
38725.212
38740.8
38794.2
38794.4
38841.5
39294.3
39794.1
41451.4
41604.5
43469.4
43501.5
43585.8
43651.211
43651.8
43799.211
43799.8
43907.211
43907.8
44006.4
44090.5
44162.211
44162.8
44246.4
44353.5
44415.211
44415.8
44440.211
44440.8
44495.4
44705.5
44769.8
44770.212
44820.2
44820.4
44904.5
45320.3
45546.4
45659.5
45820.1
47270.4
47731.5
48510.8
48603.4
48701.5
48799.211
48799.8
48851.211
48851.8
48914.4
49043.5
49179.8
49180.212
49224.2
49224.4
49225.5
49227.4
49285.5
49724.3
50224.1
51851.4
51866.5
52254.4
52259.5
52263.4
52623.5
52734.4
52962.5
53232.8
53283.4
53426.5
53481.211
53481.8
53493.211
53493.8
53503.211
53503.8
53526.211
53526.8
53585.211
53585.8
53803.4
53969.5
54360.8
54361.212
54413.2
54413.4
54471.5
54913.3
55413.1
56828.4
57384.5
57857.4
58160.5
58405.8
58415.211
58415.8
58424.211
58424.8
58507.211
58507.8
58513.211
58513.8
58617.4
58752.5
58843.8
58844.212
58899.2
58899.4
58948.5
59399.3
59899.1
63093.4
63810.5
63892.8
63948.211
63948.8
63959.211
63959.8
64065.4
64167.5
64218.211
64218.8
64254.211
64254.8
64478.4
64515.5
64585.8
64586.212
64635.2
64635.4
64697.5
65135.3
65635.1
67099.4
67247.5
68450.8
68629.4
68699.5
68819.8
68820.212
68874.2
68874.4
68944.5
69374.3
69874.1
72797.4
72850.5
72910.8
72964.211
72964.8
73011.211
73011.8
73593.8
73594.212
73653.2
73653.4
73656.5
73657.4
73724.5
74153.3
74211.4
74331.5
74429.4
74541.5
74653.1
75405.4
75861.5
78476.8
78533.211
78533.8
78629.4
78701.5
78774.211
78774.8
78843.211
78843.8
78915.4
79007.5
79118.211
79118.8
79130.211
79130.8
79142.211
79142.8
79206.4
79353.5
79431.211
79431.8
79457.211
79457.8
79692.4
79875.5
79949.8
79950.212
79999.2
79999.4
80030.5
80499.3
80999.1
81991.4
82065.5
83644.4
83748.5
84069.8
84204.4
84332.5
84392.8
84393.212
84445.2
84445.4
84483.5
84945.3
85445.1
86530.4
86534.5
86538.4
86968.5
87201.4
87203.5
87270.4
87361.5
87448.8
87484.211
87484.8
87617.211
87617.8
87884.4
87959.5
88019.8
88020.212
88089.2
88089.4
88131.5
88589.3
89089.1
90426.4
90518.5
93533.8
93604.4
93684.5
93745.211
93745.8
93751.211
93751.8
93773.211
93773.8
93935.211
93935.8
93987.211
93987.8
94089.4
94199.5
94271.211
94271.8
94278.211
94278.8
94300.211
94300.8
94471.4
94555.5
94616.8
94617.212
94667.2
94667.4
94713.5
95167.3
95667.1
96989.4
96995.5
96996.4
96999.5
97003.4
97421.5
97883.4
98084.5
98995.4
99028.5
99099.8
99174.211
99174.8
99324.211
99324.8
99545.4
99643.5
99714.8
99715.212
99759.2
99759.4
99761.5
99764.4
99835.5
100259.3
100759.1
103262.4
103268.5
103269.4
103363.5
103790.4
103865.5
104538.4
104542.5
104543.4
105032.5
106516.4
106564.5
106593.4
106619.5
106746.8
106758.211
106758.8
106943.4
107041.5
107139.8
107140.212
107189.2
107189.4
107247.5
107689.3
108189.1
109173.4
109292.5
109398.4
109625.5
110094.4
110210.5
111124.8
111159.211
111159.8
111483.4
111491.5
111493.4
111514.5
111571.8
111572.212
111618.2
111618.4
111670.5
112118.3
112618.1
113504.4
113577.5
113777.4
113874.5
119871.8
119983.4
120020.5
120191.8
120192.212
120248.2
120248.4
120349.5
120748.3
121248.1
123396.4
123515.5
125796.4
125955.5
132842.8
141847.4
141987.5
153652.8
153653.212
153725.2
153725.4
153736.5
153758.4
153848.5
153850.4
153919.5
154225.3
154725.1
155711.4
155841.5
167776.8
172051.8
172052.212
172112.2
172112.4
172204.5
172612.3
173112.1
173734.4
180000.9
123456789
9
27
15
9
27
15
10
FI
2
2
10
50
36
11
23
36
6
2
857
0
0
0
314159265
40
186
203
180000
314159265
0.1
1.4
29.5
167.8
395.211
395.8
469.4
541.5
588.211
588.8
603.211
603.8
607.211
607.8
612.211
612.8
666.4
811.5
856.211
856.8
865.211
865.8
881.211
881.8
899.211
899.8
1000.4
1002.5
1238.8
1239.212
1287.2
1287.4
1333.5
1787.3
2287.1
2619.4
2885.5
2954.8
2977.211
2977.8
3052.4
3227.5
3480.8
3481.212
3540.2
3540.4
3616.5
4040.3
4540.1
4623.4
5018.5
5191.8
5196.211
5196.8
5220.211
5220.8
5295.4
5411.5
5491.211
5491.8
5518.211
5518.8
5524.211
5524.8
5550.211
5550.8
5872.8
5873.212
5922.2
5922.4
5958.5
6422.3
6922.1
7586.4
8103.5
8349.8
8502.4
8658.5
8771.8
8772.212
8813.2
8813.4
8858.5
9313.3
9813.1
10838.4
10845.5
10847.4
11123.5
11274.4
11382.5
11509.8
11586.4
11746.5
11806.211
11806.8
11813.211
11813.8
11846.211
11846.8
11897.4
12181.5
12233.8
12234.212
12279.2
12279.4
12337.5
12779.3
13279.1
13924.4
13925.5
13926.4
14287.5
14577.4
14634.5
14739.8
14742.211
14742.8
15406.4
15663.5
15749.8
15750.212
15799.2
15799.4
15861.5
16299.3
16764.4
16799.1
16845.5
17196.4
17354.5
17784.4
18006.5
18082.8
18108.211
18108.8
18160.4
18290.5
18350.211
18350.8
18357.211
18357.8
18376.211
18376.8
18427.4
18567.5
18573.4
18787.5
18851.8
18852.212
18897.2
18897.4
18940.5
19397.3
19897.1
21336.4
21479.5
21634.4
21917.5
22162.4
22172.5
22173.4
22222.5
22285.8
22307.211
22307.8
22311.211
22311.8
22323.211
22323.8
22335.211
22335.8
22393.4
22583.5
22859.8
22860.212
22908.2
22908.4
22942.5
23408.3
23908.1
24633.4
24754.5
24886.4
25547.5
25646.4
25787.5
25860.8
25890.211
25890.8
25945.4
26151.5
26253.4
26470.5
26538.8
26539.212
26590.2
26590.4
26653.5
27090.3
27590.1
28337.4
28953.5
29355.4
29565.5
29640.8
29673.211
29673.8
29680.211
29680.8
29740.4
29890.5
29980.211
29980.8
30159.4
30255.5
30391.8
30392.212
30439.2
30439.4
30509.5
30939.3
31439.1
32863.4
33013.5
33483.4
33861.5
33938.8
33965.211
33965.8
33970.211
33970.8
34019.4
34169.5
34252.211
34252.8
34255.211
34255.8
34312.4
34450.5
34580.8
34581.212
34626.2
34626.4
34660.5
35126.3
35626.1
36782.4
37547.5
37692.4
37808.5
37874.8
37933.211
37933.8
37991.4
38191.5
38255.8
38256.212
38296.2
38296.4
38359.5
38796.3
39296.1
40526.4
40696.5
40849.4
41480.5
41621.4
41773.5
41947.8
42051.4
42211.5
42271.8
42272.212
42318.2
42318.4
42374.5
42818.3
43161.4
43163.5
43164.4
43318.1
43602.5
43604.4
43606.5
43731.8
43738.211
43738.8
43743.211
43743.8
43754.211
43754.8
43789.211
43789.8
43848.4
44115.5
44213.4
44447.5
44504.8
44505.212
44558.2
44558.4
44592.5
45058.3
45558.1
46146.4
46261.5
47962.4
48307.5
48482.4
48691.5
49148.4
49186.5
49464.4
49652.5
49717.8
49722.211
49722.8
49773.4
50137.5
50207.8
50208.212
50255.2
50255.4
50290.5
50755.3
51255.1
52191.4
52447.5
52483.4
52710.5
52714.4
52725.5
54142.4
54389.5
54461.8
54503.211
54503.8
54576.4
54859.5
54920.8
54921.212
54974.2
54974.4
55042.5
55474.3
55974.1
58643.8
58761.4
58965.5
59063.8
59064.212
59111.2
59111.4
59179.5
59611.3
60111.1
62911.4
62917.5
62919.4
63009.5
63059.8
63158.4
63235.5
63288.211
63288.8
63326.211
63326.8
63329.211
63329.8
63397.211
63397.8
63402.211
63402.8
63427.211
63427.8
63551.4
63724.5
64050.4
64226.5
64280.8
64281.212
64332.2
64332.4
64407.5
64832.3
65111.4
65269.5
65332.1
65740.4
66226.5
66354.4
66642.5
66721.8
66753.211
66753.8
66836.4
67030.5
67206.8
67207.212
67250.2
67250.4
67319.5
67750.3
68250.1
69427.4
69433.5
69436.4
70518.5
70581.4
70771.5
70861.8
70888.211
70888.8
70945.4
71174.5
71241.8
71242.212
71247.8
71293.2
71293.4
71333.5
71793.3
72293.1
73490.4
74233.5
74419.4
74541.5
74672.4
74763.5
74878.8
74885.211
74885.8
74952.4
75016.5
75300.8
75301.212
75378.2
75378.4
75408.5
75878.3
76378.1
77256.4
77390.5
77770.4
78227.5
78339.4
78457.5
78586.8
78601.211
78601.8
78957.8
78958.212
79018.2
79018.4
79077.5
79271.4
79353.5
79518.3
79840.4
80018.1
81077.5
81616.4
82167.5
83345.4
83461.5
83591.8
83616.211
83616.8
83637.211
83637.8
83640.211
83640.8
83732.4
83792.5
83857.211
83857.8
83867.211
83867.8
83877.211
83877.8
83896.211
83896.8
83933.211
83933.8
83993.211
83993.8
84084.4
84265.5
84352.8
84353.212
84411.2
84411.4
84461.5
84911.3
85411.1
86220.4
86222.5
86225.4
86349.5
88766.4
88875.5
88960.8
89008.211
89008.8
89018.211
89018.8
89121.4
89208.5
89263.211
89263.8
89298.211
89298.8
89347.211
89347.8
89359.211
89359.8
89424.4
89559.5
89609.211
89609.8
89616.211
89616.8
89624.211
89624.8
89641.211
89641.8
89710.4
89952.5
90023.8
90024.212
90078.2
90078.4
90158.5
90442.4
90444.5
90451.4
90453.5
90456.4
90461.5
90463.4
90547.5
90578.3
91078.1
91433.4
92137.5
92896.8
92901.211
92901.8
92976.4
93101.5
93175.211
93175.8
93203.211
93203.8
93300.211
93300.8
93462.4
93528.5
93603.8
93604.212
93613.8
93666.2
93666.4
93723.5
94166.3
94666.1
98188.4
98379.5
98591.8
98686.4
98794.5
98851.211
98851.8
98856.211
98856.8
98870.211
98870.8
98884.211
98884.8
98893.211
98893.8
98948.211
98948.8
99029.4
99109.5
99309.8
99310.212
99360.2
99360.4
99462.5
99613.4
99860.3
100205.5
100360.1
100504.8
100818.4
100847.5
100922.8
100923.212
100979.2
100979.4
101022.5
101479.3
101979.1
106632.4
106738.5
106797.8
106849.211
106849.8
107063.4
107152.5
107153.4
107154.5
107266.8
107267.212
107319.2
107319.4
107393.5
107819.3
108319.1
110838.4
110998.5
111207.4
111289.5
111362.8
111409.211
111409.8
111414.211
111414.8
111477.211
111477.8
111701.4
111716.5
111725.4
111729.5
111827.8
111828.212
111886.2
111886.4
111960.5
112386.3
112886.1
112922.4
113190.5
113264.8
113309.211
113309.8
113317.211
113317.8
113339.211
113339.8
113409.4
113631.5
113690.8
113691.212
113764.2
113764.4
113816.5
114264.3
114764.1
114955.4
115042.5
115546.4
116079.5
116157.8
116168.211
116168.8
116194.211
116194.8
116276.4
116440.5
116539.8
116540.212
116597.2
116597.4
116653.5
117097.3
117597.1
120706.4
120875.5
120939.8
121021.211
121021.8
121083.4
121248.5
121362.8
121363.212
121415.2
121415.4
121488.5
121915.3
122415.1
126756.8
126767.211
126767.8
126867.4
126887.5
126967.211
126967.8
127027.211
127027.8
127229.4
127282.5
127370.8
127371.212
127426.2
127426.4
127495.5
127926.3
128426.1
131527.4
131753.5
131815.8
131838.211
131838.8
131903.211
131903.8
131968.4
132097.5
132181.211
132181.8
132210.211
132210.8
132456.4
132565.5
132761.8
132762.212
132811.2
132811.4
132872.5
133311.3
133811.1
134887.4
134895.5
134896.4
135354.5
135470.4
135711.5
136015.4
136196.5
136280.8
136335.4
136546.5
136657.8
136658.212
136703.2
136703.4
136774.5
137203.3
137703.1
139554.4
139707.5
139740.4
140225.5
140413.4
140473.5
140780.8
140980.4
141109.5
141164.8
141165.212
141219.2
141219.4
141297.5
141719.3
142219.1
143317.4
143320.5
143324.4
143539.5
145901.4
145978.5
146036.8
146093.211
146093.8
146421.4
146527.5
146670.8
146671.212
146731.2
146731.4
146769.5
147231.3
147731.1
151311.4
151473.5
152202.4
152214.5
152215.4
152321.5
152323.4
152485.5
152981.8
152988.211
152988.8
152998.211
152998.8
153205.4
153476.5
153584.8
153585.212
153591.8
153595.8
153641.2
153641.4
153694.5
154141.3
154641.1
155923.4
156195.5
156738.4
157362.5
157798.4
158217.5
158329.4
158335.5
158349.4
158358.5
158364.4
158369.5
158705.8
158939.4
159095.5
159100.4
159203.5
159337.4
159371.5
159436.8
159437.212
159496.2
159496.4
159561.5
159996.3
160496.1
163052.4
163168.5
163278.8
163347.4
163477.5
163512.4
163648.5
163725.8
163726.212
163773.2
163773.4
163992.5
164063.4
164091.5
164273.3
164773.1
165417.4
165502.5
169130.4
180000.9
123456789
9
28
15
9
28
15
10
FI
2
2
10
47
15
11
20
15
6
2
856
0
0
0
314159265
38
173
217
180000
314159265
0.1
278.8
339.4
420.5
469.211
469.8
537.4
759.5
813.8
814.212
864.2
864.4
902.5
1364.3
1864.1
2329.4
2358.5
2423.8
2472.211
2472.8
2490.211
2490.8
2549.4
2731.5
2796.8
2797.212
2846.2
2846.4
2848.5
2849.4
2892.5
3346.3
3846.1
4870.4
5051.5
5131.8
5147.211
5147.8
5155.211
5155.8
5171.211
5171.8
5174.211
5174.8
5229.211
5229.8
5406.4
5408.5
5409.4
5425.5
5451.4
5523.5
5602.8
5603.212
5654.2
5654.4
5743.5
6154.3
6654.1
9745.4
9770.5
9829.8
9856.211
9856.8
9882.211
9882.8
9928.211
9928.8
10064.211
10064.8
10068.211
10068.8
10165.4
10232.5
10302.4
10359.5
10408.8
10409.212
10460.2
10460.4
10543.5
10960.3
11460.1
12512.4
12778.5
12867.8
12874.211
12874.8
12904.211
12904.8
12917.211
12917.8
12995.4
13128.5
13194.211
13194.8
13204.211
13204.8
13230.211
13230.8
13286.4
13429.5
13520.4
13543.5
13594.8
13595.212
13642.2
13642.4
13684.5
14142.3
14642.1
15761.4
16221.5
16293.8
16341.211
16341.8
16346.211
16346.8
16401.4
16540.5
16580.4
16629.5
16714.8
16715.212
16767.2
16767.4
16828.5
17267.3
17767.1
18478.4
18553.5
19555.4
20285.5
20427.4
20489.5
20566.8
20586.211
20586.8
20601.211
20601.8
20604.211
20604.8
20666.4
20907.5
20980.8
20981.212
21024.2
21024.4
21069.5
21524.3
22024.1
23089.4
23209.5
23739.4
24123.5
24256.4
24388.5
24461.8
24497.211
24497.8
24535.211
24535.8
24602.4
24671.5
24769.4
24799.5
24861.8
24862.212
24906.2
24906.4
24944.5
25406.3
25906.1
27076.4
27547.5
27691.4
27855.5
27929.8
27949.211
27949.8
27967.211
27967.8
28044.4
28240.5
28242.4
28250.5
28340.8
28341.212
28387.2
28387.4
28432.5
28887.3
29387.1
30127.4
30483.5
30721.4
30929.5
30992.8
31043.211
31043.8
31060.211
31060.8
31135.4
31275.5
31327.211
31327.8
31345.211
31345.8
31384.211
31384.8
31438.4
31597.5
31651.211
31651.8
31660.211
31660.8
31668.211
31668.8
31850.4
32119.5
32183.8
32184.212
32236.2
32236.4
32267.5
32736.3
33236.1
34570.4
34889.5
34890.4
34999.5
35462.4
35595.5
35691.8
35699.211
35699.8
35736.211
35736.8
35841.4
35893.5
35961.211
35961.8
35971.211
35971.8
35983.211
35983.8
36008.211
36008.8
36059.211
36059.8
36114.4
36385.5
36529.8
36530.212
36577.2
36577.4
36642.5
37077.3
37577.1
39914.4
40255.5
40744.8
40854.4
40975.5
41025.211
41025.8
41035.211
41035.8
41044.211
41044.8
41077.211
41077.8
41144.4
41173.5
41291.4
41332.5
41391.8
41392.212
41439.2
41439.4
41492.5
41939.3
42439.1
42833.4
42933.5
43462.4
43765.5
44049.8
44083.211
44083.8
44216.4
44516.5
44574.8
44575.212
44631.2
44631.4
44676.5
45131.3
45631.1
46940.4
47157.5
47207.4
47525.5
47527.4
47718.5
47856.4
47963.5
48089.8
48125.211
48125.8
48176.211
48176.8
48250.4
48377.5
48480.8
48481.212
48534.2
48534.4
48537.5
48538.4
48599.5
49034.3
49534.1
51265.4
51684.5
51786.4
51897.5
51992.8
52021.211
52021.8
52047.211
52047.8
52071.211
52071.8
52149.4
52269.5
52395.8
52396.212
52454.2
52454.4
52543.5
52954.3
53454.1
53992.4
54865.5
55022.4
55305.5
55371.8
55385.211
55385.8
55392.211
55392.8
55408.211
55408.8
55419.211
55419.8
55591.4
55665.5
55722.8
55723.212
55726.8
55787.2
55787.4
55815.5
56287.3
56787.1
58152.4
58679.5
59122.4
59209.5
59252.4
59285.5
59287.4
59288.5
59293.4
59296.5
59298.4
59333.5
59400.8
59473.4
59702.5
59760.8
59761.212
59817.2
59817.4
59889.5
60317.3
60817.1
61801.4
62474.5
62678.4
62685.5
62688.4
62924.5
62974.4
63017.5
63101.8
63106.211
63106.8
63247.4
63338.5
63490.8
63491.212
63543.2
63543.4
63574.5
64043.3
64543.1
66091.4
66198.5
66393.4
66952.5
67166.4
67169.5
67515.8
67523.211
67523.8
67572.211
67572.8
67657.4
67841.5
67903.8
67904.212
67909.8
67964.2
67964.4
68036.5
68464.3
68964.1
70206.4
70560.5
71426.4
71430.5
71436.4
71718.5
72261.8
72268.211
72268.8
72457.4
72542.5
72613.8
72614.212
72664.2
72664.4
72726.5
73164.3
73664.1
75171.4
75486.5
77449.4
77570.5
77748.8
77758.211
77758.8
77769.211
77769.8
77954.211
77954.8
77974.211
77974.8
78044.4
78151.5
78210.211
78210.8
78238.211
78238.8
78321.4
78579.5
78687.8
78688.212
78742.2
78742.4
78834.5
78933.4
78980.5
79242.3
79742.1
84137.4
84163.5
84230.8
84455.4
84594.5
84646.8
84647.212
84697.2
84697.4
84758.5
85197.3
85697.1
89314.4
89520.5
89600.8
89631.211
89631.8
89683.211
89683.8
89792.4
89892.5
89983.211
89983.8
89985.211
89985.8
90002.211
90002.8
90014.211
90014.8
90026.211
90026.8
90295.211
90295.8
90325.211
90325.8
90380.211
90380.8
90445.4
90555.5
90684.8
90685.212
90740.2
90740.4
90807.5
91240.3
91740.1
94462.4
94463.5
94470.4
94845.5
94962.4
95027.5
95120.8
95128.211
95128.8
95153.211
95153.8
95264.4
95269.5
95360.4
95436.5
95494.8
95495.212
95551.2
95551.4
95603.5
96051.3
96551.1
97386.4
97543.5
97703.4
97878.5
98222.4
98556.5
98662.8
98786.4
98948.5
99013.8
99014.212
99069.2
99069.4
99126.5
99569.3
100069.1
101001.4
101482.5
101489.4
101539.5
101695.8
101890.4
102071.5
102137.8
102138.212
102184.2
102184.4
102315.5
102684.3
103184.1
104690.4
105105.5
105998.4
106218.5
106391.8
106411.211
106411.8
106435.211
106435.8
106505.4
106657.5
106774.8
106775.212
106842.2
106842.4
106909.5
107342.3
107842.1
108612.4
109444.5
109651.4
109872.5
109988.8
110002.211
110002.8
110018.211
110018.8
110089.4
110248.5
110320.8
110321.212
110323.8
110375.2
110375.4
110376.5
110378.4
110457.5
110747.4
110851.5
110875.3
111178.4
111315.5
111375.1
112377.4
112880.5
113019.4
113021.5
113030.4
113094.5
113205.8
113301.4
113532.5
113590.8
113591.212
113643.2
113643.4
113692.5
114143.3
114643.1
115840.4
115969.5
116221.4
116384.5
116747.4
117162.5
117329.4
117478.5
117686.4
117812.5
117869.8
117871.211
117871.8
117886.211
117886.8
117896.211
117896.8
117957.4
118281.5
118357.8
118358.212
118407.2
118407.4
118458.5
118907.3
119407.1
120575.4
120782.5
121045.4
121047.5
121048.4
121339.5
121844.4
122165.5
122338.4
122833.5
123118.4
123205.5
123320.8
123378.4
123531.5
123720.8
123721.212
123775.2
123775.4
123777.5
123778.4
123841.5
124275.3
124775.1
127119.4
127595.5
129573.4
129609.5
129919.8
130063.4
130184.5
130312.4
130388.5
130610.8
130611.212
130667.2
130667.4
130758.5
131167.3
131667.1
132888.4
132890.5
132899.4
132944.5
132953.4
132959.5
135001.4
135008.5
135010.4
135024.5
135543.4
135579.5
136112.4
136151.5
136264.4
136268.5
136346.8
136473.4
136475.5
136505.4
136538.5
136609.211
136609.8
136647.211
136647.8
136700.211
136700.8
136937.4
136961.5
136977.4
137053.5
137151.8
137152.212
137201.2
137201.4
137302.5
137701.3
138201.1
139647.4
139957.5
140318.4
140719.5
141120.4
141231.5
141340.8
141346.211
141346.8
141556.4
141582.5
141706.8
141707.212
141759.2
141759.4
141803.5
142259.3
142759.1
144128.4
144240.5
145157.4
145302.5
145762.4
145949.5
146406.4
146647.5
146703.8
146721.211
146721.8
146726.211
146726.8
146749.211
146749.8
146800.4
146967.5
147071.8
147072.212
147139.2
147139.4
147177.5
147639.3
148139.1
149005.4
149137.5
151710.4
151715.5
151718.4
151833.5
152839.4
152991.5
153000.4
153057.5
153125.8
153329.4
153418.5
153492.8
153493.212
153545.2
153545.4
153627.5
154045.3
154545.1
159248.4
159331.5
159549.4
159590.5
159685.4
159750.5
159812.8
159833.211
159833.8
159932.4
160128.5
160240.8
160241.212
160299.2
160299.4
160385.5
160799.3
161046.4
161134.5
161299.1
161626.4
161628.5
161629.4
161966.5
162739.4
162741.5
162744.4
162983.5
163228.4
163298.5
163648.8
163825.4
163897.5
163903.4
163933.5
164009.8
164010.212
164071.2
164071.4
164133.5
164571.3
165071.1
166236.4
166605.5
166957.4
167170.5
167689.4
167690.5
167696.4
167700.5
167733.4
167736.5
177307.4
180000.9
123456789
9
29
15
9
29
15
10
FI
2
2
10
47
50
11
20
50
6
2
865
0
0
0
314159265
37
182
213
180000
314159265
0.1
465.8
551.4
556.5
722.4
747.5
804.8
805.212
858.2
858.4
870.5
874.4
893.5
1358.3
1858.1
2445.4
2686.5
2841.8
2890.4
3010.5
3017.4
3073.5
3131.211
3131.8
3136.211
3136.8
3141.211
3141.8
3147.211
3147.8
3161.211
3161.8
3167.211
3167.8
3242.4
3250.5
3435.211
3435.8
3491.4
3580.5
3694.211
3694.8
3701.211
3701.8
3714.211
3714.8
4030.8
4031.212
4089.2
4089.4
4144.5
4589.3
5089.1
5443.4
5714.5
5809.8
5823.211
5823.8
5841.211
5841.8
5902.4
5921.5
6029.4
6177.5
6231.8
6232.212
6287.2
6287.4
6341.5
6787.3
7287.1
8029.4
8504.5
8735.8
9251.4
9454.5
10047.4
10116.5
10192.8
10193.212
10237.2
10237.4
10295.5
10737.3
11237.1
12049.4
12451.5
12649.4
13002.5
13131.4
13400.5
13457.8
13511.4
13737.5
13795.8
13796.212
13847.2
13847.4
13877.5
14347.3
14847.1
15492.4
15755.5
15884.4
16055.5
16507.4
16655.5
16807.8
16856.4
17041.5
17115.8
17116.212
17168.2
17168.4
17233.5
17668.3
18168.1
18854.4
19541.5
19760.4
19914.5
19997.8
20026.211
20026.8
20031.211
20031.8
20080.4
20322.5
20333.4
20383.5
20440.8
20441.212
20501.2
20501.4
20580.5
21001.3
21501.1
22252.4
22683.5
23409.4
23442.5
25264.4
25290.5
25351.8
25353.211
25353.8
25387.211
25387.8
25461.211
25461.8
25497.211
25497.8
25592.4
25607.5
25764.211
25764.8
25786.211
25786.8
25821.211
25821.8
25885.4
25989.5
26083.211
26083.8
26111.211
26111.8
26136.211
26136.8
26242.211
26242.8
26565.8
26566.212
26567.8
26618.2
26618.4
26684.5
27118.3
27618.1
27683.4
27920.5
28117.8
28127.211
28127.8
28168.211
28168.8
28281.4
28390.5
28449.211
28449.8
28466.211
28466.8
28529.4
28777.5
28848.8
28849.212
28897.2
28897.4
28930.5
29397.3
29897.1
30760.4
30929.5
31159.4
31366.5
31528.8
31638.4
31704.5
31756.4
31758.5
31856.8
31857.212
31903.2
31903.4
31941.5
32403.3
32903.1
33298.4
33370.5
33539.4
33715.5
34271.4
34474.5
35114.8
35217.4
35268.5
35330.211
35330.8
35332.211
35332.8
35371.211
35371.8
35384.211
35384.8
35583.211
35583.8
35610.211
35610.8
35760.4
35792.5
35849.211
35849.8
35862.211
35862.8
35940.4
36073.5
36141.211
36141.8
36145.211
36145.8
36162.211
36162.8
36234.4
36369.5
36468.8
36469.212
36521.2
36521.4
36558.5
37021.3
37521.1
38056.4
38133.5
38614.4
38971.5
39078.4
39204.5
39597.4
39744.5
39826.8
39846.211
39846.8
40042.4
40127.5
40176.8
40177.212
40226.2
40226.4
40270.5
40726.3
41226.1
42165.4
42433.5
42485.4
42775.5
42950.4
43008.5
43151.8
43233.4
43330.5
43455.8
43456.212
43509.2
43509.4
43570.5
44009.3
44136.4
44140.5
44141.4
44303.5
44463.4
44509.1
44957.5
45078.4
45363.5
45458.4
45738.5
45810.8
45837.211
45837.8
45896.4
46152.5
46211.8
46212.212
46260.2
46260.4
46302.5
46760.3
47260.1
48087.4
48318.5
48669.4
48964.5
49183.4
49324.5
49455.8
49514.4
49569.5
49608.4
49664.5
49727.211
49727.8
49765.211
49765.8
49816.4
50007.5
50106.8
50107.212
50147.2
50147.4
50189.5
50647.3
51147.1
51462.4
52285.5
52677.4
52838.5
53025.8
53270.4
53515.5
53609.8
53610.212
53662.2
53662.4
53725.5
54162.3
54662.1
55484.4
55951.5
57056.4
57076.5
57142.8
57173.211
57173.8
57184.211
57184.8
57345.4
57366.5
57428.211
57428.8
57468.211
57468.8
57545.4
57681.5
57778.8
57779.212
57832.2
57832.4
57912.5
58332.3
58832.1
58894.4
59040.5
59249.8
59310.4
59475.5
59548.211
59548.8
59563.211
59563.8
59577.211
59577.8
59584.211
59584.8
59639.4
59833.5
59909.8
59910.212
59950.2
59950.4
60018.5
60450.3
60950.1
63758.8
63766.211
63766.8
63835.211
63835.8
64046.4
64049.5
64202.8
64203.212
64274.2
64274.4
64321.5
64774.3
65274.1
66029.4
66266.5
66964.4
67378.5
67618.4
67620.5
67622.4
67654.5
67767.8
67806.211
67806.8
67930.4
67984.5
68059.211
68059.8
68088.211
68088.8
68143.4
68242.5
68352.211
68352.8
68365.211
68365.8
68374.211
68374.8
68395.211
68395.8
68455.4
68665.5
68754.8
68755.212
68799.2
68799.4
68873.5
69020.4
69082.5
69299.3
69799.1
73763.4
73915.5
74199.4
74257.5
74311.8
74378.4
74496.5
74551.4
74596.5
74644.8
74645.212
74692.2
74692.4
74798.5
75192.3
75661.4
75692.1
75923.5
76353.4
76385.5
76506.8
76643.4
76727.5
76831.8
76832.212
76880.2
76880.4
76910.5
77380.3
77880.1
78671.4
78757.5
79554.4
79694.5
79963.4
80295.5
80470.4
80557.5
80664.8
80682.211
80682.8
80736.211
80736.8
80875.4
80972.5
81109.4
81273.5
81334.8
81335.212
81383.2
81383.4
81446.5
81636.4
81720.5
81883.3
82383.1
82496.4
82787.5
82976.4
82982.5
82985.4
83148.5
83462.4
83567.5
83637.8
83738.4
83886.5
83941.8
83942.212
83986.2
83986.4
84056.5
84486.3
84986.1
85735.4
85925.5
86609.4
87366.5
87481.8
87584.4
87736.5
87824.8
87825.212
87875.2
87875.4
87955.5
88375.3
88875.1
89796.4
89798.5
89803.4
90043.5
90584.4
90739.5
90837.8
90845.211
90845.8
90849.211
90849.8
90867.211
90867.8
90966.4
91080.5
91138.211
91138.8
91157.211
91157.8
91168.211
91168.8
91190.211
91190.8
91245.4
91463.5
91533.8
91534.212
91579.2
91579.4
91615.5
92079.3
92579.1
92961.4
93051.5
93157.4
93521.5
93807.4
93892.5
94178.4
94189.5
94190.4
94421.5
94652.4
94762.5
94922.8
94950.211
94950.8
95003.4
95187.5
95245.211
95245.8
95252.211
95252.8
95265.211
95265.8
95273.211
95273.8
95280.211
95280.8
95343.4
95459.5
95566.4
95578.5
95637.8
95638.212
95693.2
95693.4
95758.5
95930.4
96013.5
96193.3
96512.4
96633.5
96693.1
96885.4
97265.5
97374.4
97599.5
97702.8
97965.4
98019.5
98078.8
98079.212
98133.2
98133.4
98168.5
98633.3
99133.1
100126.4
100436.5
101535.4
101854.5
102677.4
102690.5
102810.8
102831.211
102831.8
102896.4
102972.5
103042.211
103042.8
103091.211
103091.8
103144.4
103207.5
103290.211
103290.8
103297.211
103297.8
103319.211
103319.8
103397.4
103536.5
103607.211
103607.8
103630.211
103630.8
103662.211
103662.8
103669.211
103669.8
103809.4
103836.5
103853.4
103962.5
104037.8
104038.212
104088.2
104088.4
104130.5
104588.3
105088.1
105900.4
105961.5
106205.4
106576.5
107041.4
107541.5
107785.4
107878.5
107967.8
107981.211
107981.8
107986.211
107986.8
108013.211
108013.8
108076.4
108197.5
108310.211
108310.8
108313.211
108313.8
108368.4
108525.5
108582.211
108582.8
108607.211
108607.8
108727.4
108782.5
108853.4
108909.5
108982.8
108983.212
109035.2
109035.4
109086.5
109535.3
110035.1
110804.4
111287.5
111537.4
111696.5
111986.8
112094.4
112222.5
112289.8
112290.212
112340.2
112340.4
112372.5
112840.3
113340.1
113880.4
113999.5
114046.4
115198.5
115722.4
115749.5
116144.8
116169.211
116169.8
116194.211
116194.8
116283.4
116385.5
116500.8
116501.212
116552.2
116552.4
116589.5
117052.3
117552.1
118214.4
118657.5
118892.4
118948.5
118986.4
119043.5
119246.4
119557.5
120253.4
120320.5
123082.8
123294.211
123294.8
123453.4
123465.5
123530.211
123530.8
123563.211
123563.8
123581.211
123581.8
123699.211
123699.8
124316.4
124402.5
124468.8
124469.212
124522.2
124522.4
124571.5
125022.3
125522.1
126275.4
126720.5
127754.4
127765.5
127827.8
127874.211
127874.8
127951.4
127968.5
128085.211
128085.8
128160.211
128160.8
128164.211
128164.8
128314.211
128314.8
128519.4
128533.5
128749.8
128750.212
128809.2
128809.4
128879.5
129309.3
129566.4
129655.5
129809.1
129882.4
130113.5
130453.4
130731.5
131110.4
131269.5
131375.4
131548.5
131741.4
131742.5
131746.4
131926.5
131983.8
131984.211
131984.8
132010.211
132010.8
132072.4
132213.5
132320.8
132321.212
132374.2
132374.4
132402.5
132874.3
133374.1
134481.4
134599.5
145913.8
146233.8
146234.212
146293.2
146293.4
146375.5
146693.4
146769.5
146793.3
147293.1
148694.4
148789.5
154147.4
154185.5
158914.8
159029.4
159104.5
169387.8
169388.212
169467.2
169467.4
169508.5
169967.3
170467.1
171736.4
171865.5
179672.4
179819.5
180000.9
123456789
9
30
15
9
30
15
10
FI
2
2
10
48
00
11
21
00
6
2
1030
0
0
0
314159265
47
214
255
180000
314159265
0.1
230.8
555.8
556.212
609.2
609.4
652.5
1109.3
1609.1
2019.4
2050.5
2137.8
2164.211
2164.8
2366.4
2415.5
2468.8
2469.212
2539.2
2539.4
2576.5
3039.3
3539.1
4133.4
4232.5
4587.8
4599.211
4599.8
4653.4
4781.5
4832.211
4832.8
4853.211
4853.8
4907.4
5032.5
5094.211
5094.8
5107.211
5107.8
5157.4
5403.5
5527.8
5528.212
5585.2
5585.4
5614.5
6085.3
6585.1
6948.4
7065.5
7264.4
7274.5
7362.8
7427.211
7427.8
7570.4
7631.5
7704.211
7704.8
7717.211
7717.8
7783.4
7929.5
7981.211
7981.8
7991.211
7991.8
8028.211
8028.8
8036.211
8036.8
8087.4
8193.5
8294.211
8294.8
8302.211
8302.8
8316.211
8316.8
8321.211
8321.8
8343.211
8343.8
8638.4
8651.5
8704.8
8705.212
8758.2
8758.4
8850.5
8882.4
9008.5
9124.4
9171.5
9258.3
9448.4
9575.5
9608.4
9758.1
9792.5
9910.8
9960.4
10227.5
10281.8
10282.212
10288.8
10333.2
10333.4
10363.5
10833.3
11333.1
11768.4
11878.5
12421.8
12436.211
12436.8
12450.211
12450.8
12624.211
12624.8
12925.8
12926.212
12990.2
12990.4
13048.5
13490.3
13764.4
13768.5
13771.4
13990.1
14383.5
14587.8
14616.211
14616.8
14789.4
14857.5
14921.8
14922.212
14923.8
14975.2
14975.4
15024.5
15475.3
15975.1
16742.4
16988.5
17400.4
17621.5
18225.4
18350.5
18725.4
18822.5
18878.8
18882.211
18882.8
18894.211
18894.8
18897.211
18897.8
18918.211
18918.8
18926.211
18926.8
18933.211
18933.8
19054.4
19185.5
19251.8
19252.212
19305.2
19305.4
19388.5
19805.3
20305.1
20697.4
20754.5
20983.4
21339.5
21767.4
21923.5
22181.4
22208.5
22267.8
22297.211
22297.8
22361.4
22513.5
22566.211
22566.8
22591.211
22591.8
22642.4
22853.5
22924.8
22925.212
22972.2
22972.4
23038.5
23472.3
23972.1
24716.4
24800.5
27129.4
27361.5
27881.4
27989.5
29156.4
29265.5
29345.8
29381.211
29381.8
29404.211
29404.8
29409.211
29409.8
29419.211
29419.8
29485.211
29485.8
29488.211
29488.8
29557.4
29713.5
29810.8
29811.212
29817.8
29864.2
29864.4
29910.5
30364.3
30864.1
32188.4
32193.5
32197.4
32289.5
33312.4
33335.5
33645.4
33768.5
33827.8
33906.4
34112.5
34136.4
34187.5
34264.8
34265.212
34315.2
34315.4
34343.5
34815.3
35315.1
36188.4
36650.5
36665.4
36706.5
36707.4
36718.5
36722.4
36724.5
36729.4
36790.5
37043.4
37347.5
37483.8
37507.211
37507.8
37561.4
37726.5
37805.211
37805.8
37826.211
37826.8
37888.4
38045.5
38133.8
38134.212
38182.2
38182.4
38242.5
38682.3
39182.1
39377.4
39379.5
39385.4
39529.5
40303.4
40395.5
40452.8
40505.211
40505.8
40564.4
40680.5
40774.211
40774.8
40784.211
40784.8
40803.211
40803.8
40863.4
41068.5
41127.8
41128.212
41182.2
41182.4
41225.5
41682.3
42182.1
42337.4
42480.5
42726.4
43042.5
43566.4
43777.5
43972.4
44088.5
44197.8
44266.211
44266.8
44275.211
44275.8
44312.211
44312.8
44372.4
44543.5
44628.8
44629.212
44686.2
44686.4
44762.5
45186.3
45686.1
46998.4
47226.5
47229.4
47377.5
48045.4
48423.5
48556.8
48628.4
48764.5
48844.211
48844.8
48848.211
48848.8
48862.211
48862.8
48894.211
48894.8
48947.4
49195.5
49247.8
49248.212
49298.2
49298.4
49333.5
49798.3
50298.1
50848.4
50937.5
51768.4
52041.5
52648.4
53032.5
53110.8
53198.4
53328.5
53404.211
53404.8
53433.211
53433.8
53486.4
53612.5
53713.211
53713.8
53768.4
53947.5
54007.211
54007.8
54024.211
54024.8
54029.211
54029.8
54049.211
54049.8
54063.211
54063.8
54148.4
54329.5
54426.8
54427.212
54478.2
54478.4
54530.5
54978.3
55478.1
59414.4
59534.5
59594.8
59606.211
59606.8
59621.211
59621.8
59625.211
59625.8
59640.211
59640.8
59648.211
59648.8
59699.4
59901.5
59954.8
59955.212
60000.2
60000.4
60030.5
60500.3
61000.1
63268.4
63508.5
63727.4
63899.5
63980.8
63989.211
63989.8
64013.211
64013.8
64067.211
64067.8
64108.211
64108.8
64271.4
64424.5
64489.8
64490.212
64539.2
64539.4
64594.5
65039.3
65539.1
66426.4
67268.5
67384.4
67580.5
67653.8
67697.211
67697.8
67759.4
67906.5
68041.4
68223.5
68294.8
68295.212
68345.2
68345.4
68388.5
68845.3
69345.1
71468.4
71617.5
71742.8
71763.211
71763.8
71822.4
71911.5
72051.211
72051.8
72114.211
72114.8
72180.4
72434.5
72517.8
72518.212
72571.2
72571.4
72631.5
73071.3
73571.1
77036.4
77038.5
77044.4
77046.5
77054.4
77183.5
77285.8
77377.4
77511.5
77612.8
77613.212
77660.2
77660.4
77729.5
78160.3
78553.4
78645.5
78660.1
79045.4
79049.5
79051.4
79640.5
79765.8
79877.4
79973.5
80047.211
80047.8
80107.4
80283.5
80370.8
80371.212
80374.8
80426.2
80426.4
80488.5
80926.3
81426.1
84369.4
84478.5
84589.8
84603.211
84603.8
84687.4
84856.5
84915.8
84916.212
84968.2
84968.4
85017.5
85468.3
85968.1
88727.4
88975.5
88979.4
88985.5
89046.8
89143.4
89286.5
89348.8
89349.212
89356.8
89404.2
89404.4
89485.5
89904.3
90404.1
92894.4
93090.5
93261.4
93632.5
93783.8
93880.4
93991.5
94065.211
94065.8
94079.211
94079.8
94091.211
94091.8
94177.4
94300.5
94383.211
94383.8
94411.211
94411.8
94457.4
94607.5
94674.211
94674.8
94678.211
94678.8
94692.211
94692.8
94706.211
94706.8
94796.4
94955.5
95016.8
95017.212
95067.2
95067.4
95121.5
95567.3
96067.1
97343.4
97629.5
97698.8
97780.4
98026.5
98077.8
98078.212
98126.2
98126.4
98158.5
98626.3
99126.1
100123.4
100704.5
100806.4
100807.5
100808.4
101088.5
101263.4
101472.5
101553.8
101610.4
101807.5
101863.8
101864.212
101930.2
101930.4
101971.5
102430.3
102930.1
103883.4
103884.5
103893.4
104598.5
104652.4
104757.5
104868.8
104969.4
104988.5
105104.4
105128.5
105190.8
105191.212
105243.2
105243.4
105295.5
105743.3
106243.1
106695.4
107354.5
107392.4
107394.5
107397.4
107487.5
107552.8
107554.211
107554.8
107587.211
107587.8
107665.4
107800.5
107866.211
107866.8
107874.211
107874.8
107919.4
108055.5
108152.211
108152.8
108162.211
108162.8
108175.211
108175.8
108254.4
108328.5
108378.4
108419.5
108491.8
108492.212
108541.2
108541.4
108658.5
109041.3
109541.1
109743.4
109746.5
109751.4
110365.5
110486.4
110644.5
110748.8
110812.4
111055.5
111118.8
111119.212
111170.2
111170.4
111216.5
111670.3
112170.1
112793.4
113580.5
113581.4
113763.5
113866.8
113923.4
114225.5
114287.8
114288.212
114338.2
114338.4
114377.5
114838.3
115338.1
116260.4
117227.5
117597.4
117683.5
117759.8
117861.4
117973.5
117974.4
117976.5
118116.8
118117.212
118172.2
118172.4
118244.5
118672.3
119172.1
119896.4
120006.5
120181.4
120290.5
120406.4
121100.5
121269.4
121496.5
121685.8
121769.4
121936.5
122022.8
122023.212
122072.2
122072.4
122120.5
122572.3
123072.1
126219.4
126223.5
126227.4
126408.5
126532.8
126547.211
126547.8
126607.4
126751.5
126838.211
126838.8
126864.211
126864.8
126916.4
127111.5
127196.8
127197.212
127249.2
127249.4
127322.5
127749.3
128249.1
129917.4
130075.5
130454.4
130641.5
130703.8
130767.4
130881.5
130941.4
130968.5
131026.8
131027.212
131078.2
131078.4
131114.5
131578.3
132078.1
132649.4
132856.5
133140.4
133418.5
133579.4
133585.5
133586.4
133991.5
134171.8
134253.4
134385.5
134499.8
134500.212
134548.2
134548.4
134601.5
135048.3
135548.1
136228.4
136444.5
137565.4
137571.5
137574.4
137874.5
138022.8
138109.4
138228.5
138371.4
138469.5
138824.8
138825.212
138886.2
138886.4
138940.5
139386.3
139886.1
140544.4
140753.5
141397.4
141769.5
141937.4
142071.5
142126.8
142170.4
142325.5
142387.211
142387.8
142400.211
142400.8
142415.211
142415.8
142469.4
142669.5
142739.8
142740.212
142799.2
142799.4
142850.5
143299.3
143799.1
144205.4
144484.5
144780.4
145118.5
145175.4
145194.5
145289.8
145377.4
145517.5
145593.8
145594.212
145639.2
145639.4
145720.5
145725.4
145758.5
146139.3
146639.1
147579.4
147586.5
147595.4
147901.5
148247.4
148347.5
148474.8
148536.4
148678.5
148775.8
148776.212
148829.2
148829.4
148871.5
149329.3
149829.1
150425.4
150708.5
151532.4
151713.5
151849.8
151874.211
151874.8
151932.4
152086.5
152174.211
152174.8
152183.211
152183.8
152198.211
152198.8
152252.4
152329.5
152378.4
152436.5
152526.8
152527.212
152582.2
152582.4
152616.5
153082.3
153582.1
154085.4
154177.5
154302.4
154384.5
154498.4
154658.5
154817.4
155008.5
155083.4
155210.5
155420.4
155594.5
155691.8
155740.211
155740.8
155829.4
155946.5
156018.211
156018.8
156121.4
156293.5
156360.8
156361.212
156415.2
156415.4
156449.5
156915.3
157415.1
158660.4
158916.5
158944.4
159070.5
159164.8
159225.4
159348.5
159449.211
159449.8
159470.211
159470.8
159490.211
159490.8
159650.211
159650.8
159948.4
159961.5
160024.8
160025.212
160073.2
160073.4
160076.5
160078.4
160120.5
160573.3
161073.1
163785.4
163982.5
164079.8
164144.4
164256.5
164367.211
164367.8
164434.211
164434.8
164567.4
164589.5
164608.4
164639.5
164720.211
164720.8
164763.211
164763.8
165011.4
165107.5
165202.8
165203.212
165247.2
165247.4
165299.5
165747.3
166247.1
168009.4
168015.5
168022.4
168087.5
169128.4
169175.5
169231.8
169260.211
169260.8
169296.211
169296.8
169608.4
169628.5
169737.8
169738.212
169785.2
169785.4
169841.5
170285.3
170785.1
171445.4
171541.5
171718.4
172131.5
173158.8
173209.211
173209.8
173300.4
173408.5
173484.211
173484.8
173504.211
173504.8
173553.4
173650.5
173806.4
173959.5
174080.8
174081.212
174129.2
174129.4
174188.5
174629.3
175129.1
175922.4
175943.5
175944.4
176152.5
177968.4
178033.5
178139.8
178198.4
178359.5
178454.8
178455.212
178504.2
178504.4
178565.5
179004.3
180000.9
123456789
10
01
15
10
01
15
10
FI
2
2
10
49
13
11
22
13
6
2
327
0
0
0
314159265
19
63
82
180000
314159265
0.1
591.8
1167.8
1168.212
1178.8
1235.2
1235.4
1314.5
1735.3
2235.1
2888.4
3061.5
3231.8
3351.4
3361.5
3501.4
3516.5
3583.8
3584.212
3645.2
3645.4
3697.5
4145.3
4645.1
5343.4
5545.5
5548.4
5555.5
5571.4
5574.5
5576.4
5578.5
5812.8
5859.211
5859.8
6497.8
6498.212
6571.2
6571.4
6645.5
7071.3
7571.1
8110.4
8289.5
8482.4
8778.5
9428.8
9564.4
9693.5
9762.8
9763.212
9823.2
9823.4
9874.5
10323.3
10823.1
12018.4
12164.5
13978.4
14040.5
14162.8
14346.4
14406.5
14503.8
14504.212
14560.2
14560.4
14609.5
15060.3
15560.1
16870.4
17330.5
19322.4
19340.5
19703.8
19965.4
19977.5
20056.8
20057.212
20113.2
20113.4
20209.5
20613.3
21113.1
24252.8
24374.4
24491.5
24569.8
24570.212
24622.2
24622.4
24626.5
24627.4
24686.5
25122.3
25465.4
25468.5
25472.4
25622.1
25623.5
25934.4
26000.5
26193.8
26209.211
26209.8
26216.211
26216.8
26244.211
26244.8
26339.4
26448.5
26593.8
26594.212
26598.8
26648.2
26648.4
26696.5
27148.3
27648.1
29898.4
30000.5
30069.8
30377.8
30378.212
30451.2
30451.4
30478.5
30951.3
31451.1
35505.8
35521.211
35521.8
35560.211
35560.8
35595.211
35595.8
35632.211
35632.8
36181.8
36182.212
36194.8
36260.2
36260.4
36346.5
36760.3
37260.1
37880.4
37883.5
37885.4
37975.5
38460.4
38744.5
44739.4
44829.5
44954.8
44962.211
44962.8
44975.211
44975.8
45006.211
45006.8
45081.4
45211.5
45318.8
45319.212
45383.2
45383.4
45430.5
45883.3
46383.1
47634.4
47745.5
48893.4
49518.5
49739.4
49985.5
50240.4
50690.5
50760.8
50879.4
51006.5
51163.8
51164.212
51217.2
51217.4
51307.5
51717.3
52217.1
56010.8
57109.4
57114.5
57116.4
57393.5
57972.8
57973.212
58044.2
58044.4
58076.5
58078.4
58098.5
58544.3
59006.4
59044.1
59088.5
63214.4
63350.5
68404.8
82500.4
82573.5
104415.4
104479.5
104482.4
104500.5
104514.4
104581.5
112039.8
112040.212
112122.2
112122.4
112124.5
112137.4
112149.5
112161.4
112186.5
112224.4
112243.5
112622.3
113122.1
115061.8
115270.211
115270.8
115960.8
115961.212
116030.2
116030.4
116118.5
116530.3
117024.4
117030.1
117114.5
118042.4
118120.5
120047.4
120196.5
120284.4
120503.5
120890.4
121035.5
121466.4
121471.5
121474.4
121698.5
123419.4
123462.5
125195.4
125201.5
125204.4
125284.5
126982.8
128363.8
128364.212
128429.2
128429.4
128511.5
128929.3
129111.4
129181.5
129429.1
131474.8
132619.8
132620.212
135390.2
135390.4
135462.5
135890.3
136390.1
139554.8
139690.211
139690.8
139933.211
139933.8
140089.211
140089.8
140169.211
140169.8
140179.211
140179.8
140528.8
140529.212
140601.2
140601.4
140618.5
140619.4
140653.5
141101.3
141601.1
145571.4
145614.5
153505.8
156829.4
156868.5
158285.4
158288.5
158289.4
158333.5
172026.4
172062.5
176173.8
176174.212
176251.2
176251.4
176254.5
176255.4
176280.5
176751.3
177251.1
178935.8
179015.211
179015.8
179091.211
179091.8
179153.211
179153.8
179220.211
180000.9
123456789
10
02
15
10
02
15
10
FI
2
2
10
49
00
11
22
00
6
2
1418
0
0
0
314159265
50
348
316
180000
314159265
0.1
77.8
394.8
395.212
455.2
455.4
514.5
955.3
1455.1
1732.4
1813.5
1892.8
1959.211
1959.8
2181.4
2221.5
2272.8
2273.212
2336.2
2336.4
2399.5
2836.3
3336.1
4016.4
4249.5
4347.8
4358.211
4358.8
4373.211
4373.8
4424.4
4555.5
4641.211
4641.8
4692.4
4887.5
4970.8
4971.212
5017.2
5017.4
5085.5
5517.3
6017.1
6965.4
7051.5
7174.8
7185.211
7185.8
7190.211
7190.8
7202.211
7202.8
7255.4
7427.5
7477.211
7477.8
7521.4
7634.5
7743.211
7743.8
7763.211
7763.8
7785.211
7785.8
7788.211
7788.8
7806.211
7806.8
7949.4
7982.5
8093.4
8262.5
8320.8
8321.212
8365.2
8365.4
8420.5
8865.3
8927.4
9048.5
9135.4
9281.5
9365.1
9393.4
9396.5
9422.4
9529.5
9592.8
9621.211
9621.8
9762.4
9821.5
9913.211
9913.8
10060.4
10198.5
10254.8
10255.212
10302.2
10302.4
10366.5
10707.4
10780.5
10802.3
11302.1
11402.4
11474.5
12537.4
12784.5
12950.4
13006.5
13222.4
13333.5
13393.8
13531.4
13660.5
13720.8
13721.212
13778.2
13778.4
13820.5
14278.3
14778.1
15623.4
16033.5
16125.4
16175.5
16443.8
16508.4
16578.5
16594.4
16629.5
16711.211
16711.8
16781.4
16882.5
16940.4
17002.5
17052.8
17053.212
17108.2
17108.4
17145.5
17608.3
18108.1
18610.4
18911.5
19193.4
19681.5
19911.4
20014.5
20116.8
20140.211
20140.8
20255.4
20385.5
20504.8
20505.212
20561.2
20561.4
20590.5
21061.3
21561.1
22791.4
22896.5
23240.4
23429.5
23577.4
23760.5
23858.8
23860.211
23860.8
23935.4
24034.5
24276.4
24279.5
24280.4
24411.5
24463.8
24464.212
24512.2
24512.4
24557.5
25012.3
25512.1
28046.4
28166.5
28277.4
28337.5
28571.8
28644.4
28748.5
28833.211
28833.8
28850.211
28850.8
28924.4
28956.5
29003.4
29068.5
29182.4
29295.5
29364.8
29365.212
29413.2
29413.4
29414.5
29416.4
29463.5
29913.3
30413.1
32070.4
32239.5
32426.8
32430.211
32430.8
32436.211
32436.8
32501.4
32646.5
32778.4
32892.5
32902.4
32906.5
33057.8
33058.212
33064.8
33107.2
33107.4
33142.5
33607.3
34107.1
35017.4
35022.5
35029.4
35164.5
35796.4
35967.5
36200.4
36499.5
36782.4
36812.5
36818.4
37021.5
37151.4
37488.5
37556.8
37582.211
37582.8
37669.4
37706.5
37797.4
37817.5
37914.8
37915.212
37971.2
37971.4
38032.5
38471.3
38971.1
41041.4
41215.5
41297.8
41313.211
41313.8
41338.211
41338.8
41411.4
41500.5
41600.211
41600.8
41618.211
41618.8
41623.211
41623.8
41639.211
41639.8
41786.4
41844.5
41961.8
41962.212
41968.8
42014.2
42014.4
42066.5
42514.3
43014.1
45595.8
45690.4
45748.5
45814.211
45814.8
45835.211
45835.8
45847.211
45847.8
45925.4
46031.5
46146.211
46146.8
46161.211
46161.8
46215.4
46348.5
46427.211
46427.8
46431.211
46431.8
46482.4
46633.5
46705.211
46705.8
46712.211
46712.8
46766.4
46885.5
46972.211
46972.8
46991.211
46991.8
47021.211
47021.8
47087.4
47235.5
47342.8
47343.212
47398.2
47398.4
47435.5
47898.3
48398.1
48988.4
49006.5
49016.4
49031.5
49827.4
50031.5
50284.4
50358.5
50443.8
50464.211
50464.8
50472.211
50472.8
50591.4
50641.5
50716.211
50716.8
50776.4
50887.5
50979.211
50979.8
51017.211
51017.8
51144.4
51210.5
51270.211
51270.8
51286.211
51286.8
51299.211
51299.8
51329.211
51329.8
51387.211
51387.8
51533.4
51564.5
51571.4
51598.5
51670.211
51670.8
51685.211
51685.8
51709.211
51709.8
51741.211
51741.8
51829.211
51829.8
51998.4
52053.5
52112.211
52112.8
52132.211
52132.8
52146.211
52146.8
52223.4
52416.5
52475.8
52476.212
52526.2
52526.4
52590.5
53026.3
53526.1
55441.4
55615.5
55699.4
55817.5
56014.8
56018.211
56018.8
56203.4
56341.5
56406.8
56407.212
56460.2
56460.4
56501.5
56960.3
57460.1
58282.4
58592.5
59255.4
59516.5
59634.8
59678.211
59678.8
59748.4
59913.5
59999.8
60000.212
60048.2
60048.4
60128.5
60548.3
61048.1
61213.4
61581.5
61663.8
61676.211
61676.8
61784.4
61896.5
61904.4
61914.5
61923.4
61927.5
61995.8
61996.212
62051.2
62051.4
62090.5
62551.3
63051.1
63967.4
63969.5
63974.4
64289.5
64748.4
64749.5
64755.4
64998.5
65139.8
65154.211
65154.8
65210.211
65210.8
65225.211
65225.8
65287.4
65384.5
65502.211
65502.8
65517.211
65517.8
65524.211
65524.8
65529.211
65529.8
65602.4
65641.5
65791.211
65791.8
65841.4
65977.5
66097.8
66098.212
66155.2
66155.4
66233.5
66655.3
66698.4
66781.5
67149.4
67155.1
67235.5
67334.4
67510.5
68034.4
68490.5
68743.4
68990.5
69049.4
69188.5
69320.4
69349.5
69443.8
69452.211
69452.8
69476.211
69476.8
69561.4
69653.5
69770.211
69770.8
69819.4
70014.5
70086.8
70087.212
70140.2
70140.4
70176.5
70640.3
70771.4
70833.5
71140.1
71646.4
71741.5
72110.4
72495.5
72967.4
73673.5
73902.4
74097.5
74176.8
74187.211
74187.8
74200.211
74200.8
74209.211
74209.8
74218.211
74218.8
74289.4
74463.5
74516.211
74516.8
74529.211
74529.8
74545.211
74545.8
74604.4
74787.5
74858.8
74859.212
74867.8
74913.2
74913.4
75413.3
75500.5
75873.4
75913.1
75920.5
76026.8
76043.211
76043.8
76059.211
76059.8
76063.211
76063.8
76118.4
76227.5
76295.211
76295.8
76307.211
76307.8
76316.211
76316.8
76334.211
76334.8
76391.4
76534.5
76600.211
76600.8
76605.211
76605.8
76611.211
76611.8
76621.211
76621.8
76642.211
76642.8
76708.4
76895.5
76976.8
76977.212
76981.8
77031.2
77031.4
77068.5
77531.3
78031.1
79059.4
79161.5
80159.4
80161.5
80162.4
80239.5
80401.8
80439.211
80439.8
80511.4
80622.5
80704.211
80704.8
80713.211
80713.8
80724.211
80724.8
80733.211
80733.8
80782.211
80782.8
80857.4
80865.5
80901.4
80903.5
80904.4
80980.5
81177.8
81178.212
81255.2
81255.4
81300.5
81755.3
82255.1
83167.4
83169.5
83174.4
83517.5
83760.4
83911.5
84054.8
84137.4
84245.5
84337.211
84337.8
84363.211
84363.8
84384.211
84384.8
84403.211
84403.8
84482.4
84581.5
84666.211
84666.8
84673.211
84673.8
84677.211
84677.8
84689.211
84689.8
84694.211
84694.8
84712.211
84712.8
84772.4
84925.5
84998.211
84998.8
85021.211
85021.8
85045.211
85045.8
85100.4
85235.5
85325.211
85325.8
85335.211
85335.8
85337.211
85337.8
85344.211
85344.8
85358.211
85358.8
85380.211
85380.8
85394.211
85394.8
85605.4
85669.5
85733.8
85734.212
85793.2
85793.4
85835.5
86293.3
86793.1
89849.8
89952.4
90094.5
90299.8
90300.212
90362.2
90362.4
90424.5
90862.3
91362.1
92317.4
92428.5
92798.4
92804.5
92846.4
93181.5
93358.4
93487.5
93744.4
93860.5
93925.8
93945.211
93945.8
93983.211
93983.8
94037.4
94274.5
94330.8
94331.212
94336.8
94379.2
94379.4
94477.5
94879.3
95379.1
96091.4
97223.5
97359.4
97416.5
97501.8
97513.211
97513.8
97577.4
97753.5
97841.8
97842.212
97892.2
97892.4
97902.5
97910.4
98021.5
98392.3
98816.4
98892.1
99132.5
99254.4
99257.5
99260.4
99550.5
99671.8
99728.4
99868.5
99947.211
99947.8
99970.211
99970.8
100034.4
100154.5
100166.4
100170.5
100332.8
100333.212
100393.2
100393.4
100430.5
100893.3
101393.1
102263.4
102269.5
102275.4
102507.5
102977.4
103233.5
103375.4
103489.5
103575.8
103612.211
103612.8
103620.211
103620.8
103705.4
103848.5
103911.211
103911.8
103920.211
103920.8
103928.211
103928.8
103951.211
103951.8
104017.4
104135.5
104239.211
104239.8
104254.211
104254.8
104272.211
104272.8
104344.4
104485.5
104569.211
104569.8
104582.211
104582.8
104592.211
104592.8
104618.211
104618.8
104760.4
104859.5
104920.8
104921.212
104973.2
104973.4
105066.5
105103.4
105339.5
105404.4
105473.3
105543.5
105668.4
105698.5
105811.8
105903.8
105973.1
106167.4
106186.5
106250.8
106276.211
106276.8
106311.211
106311.8
106318.211
106318.8
106507.4
106532.5
106628.8
106629.212
106713.2
106713.4
106731.5
107213.3
107713.1
108067.4
108070.5
108071.4
108073.5
108078.4
108146.5
111170.4
111294.5
111364.8
111374.211
111374.8
111378.211
111378.8
111513.4
111544.5
111579.4
111666.5
111719.8
111720.212
111786.2
111786.4
111842.5
112286.3
112452.4
112631.5
112785.4
112786.1
113087.5
113166.8
113176.211
113176.8
113214.211
113214.8
113268.211
113268.8
113366.4
113479.5
113481.4
113484.5
113485.4
113554.5
113609.8
113610.212
113666.2
113666.4
113701.5
114166.3
114666.1
115223.4
115434.5
115890.4
116127.5
116183.4
116421.5
116515.8
116558.211
116558.8
116623.4
116698.5
116793.211
116793.8
116811.211
116811.8
116817.211
116817.8
116830.211
116830.8
116882.4
117043.5
117128.211
117128.8
117147.211
117147.8
117159.211
117159.8
117176.211
117176.8
117350.4
117449.5
117583.8
117584.212
117653.2
117653.4
117697.5
118153.3
118259.4
118261.5
118266.4
118653.1
118717.5
118781.8
118816.211
118816.8
118907.4
119073.5
119144.8
119145.212
119196.2
119196.4
119250.5
119696.3
120196.1
120356.4
120438.5
120741.4
120902.5
120928.4
121018.5
121208.4
121496.5
121734.4
122106.5
122367.4
122588.5
122647.8
122672.211
122672.8
122683.211
122683.8
122695.211
122695.8
122774.4
122897.5
122999.8
123000.212
123010.8
123016.8
123136.2
123136.4
123179.5
123636.3
124136.1
124806.4
124999.5
125004.4
125010.5
125168.4
125173.5
125174.4
125345.5
125444.8
125551.4
125700.5
125756.8
125757.212
125815.2
125815.4
125869.5
126315.3
126815.1
128442.8
128483.211
128483.8
128577.4
128719.5
128721.4
128787.5
128845.8
128846.212
128846.8
128907.2
128907.4
128972.5
129407.3
129907.1
130437.4
130439.5
130446.4
130607.5
130719.4
130727.5
130730.4
131157.5
131602.4
131837.5
131949.8
132006.211
132006.8
132207.4
132320.5
132369.8
132370.212
132433.2
132433.4
132440.5
132445.4
132493.5
132933.3
133433.1
134333.4
134339.5
134365.4
134623.5
134720.8
134736.211
134736.8
134841.4
134967.5
135040.8
135041.212
135101.2
135101.4
135142.5
135601.3
136101.1
137412.4
137690.5
137779.8
137795.211
137795.8
137817.211
137817.8
137884.4
138015.5
138117.211
138117.8
138134.211
138134.8
138148.211
138148.8
138175.211
138175.8
138288.4
138445.5
138510.8
138511.212
138565.2
138565.4
138598.5
139065.3
139565.1
141061.4
141065.5
141079.4
141227.5
141362.8
141372.211
141372.8
141394.211
141394.8
141472.4
141592.5
141651.211
141651.8
141665.211
141665.8
141679.211
141679.8
141693.211
141693.8
141795.4
141905.5
141960.211
141960.8
141964.211
141964.8
141970.211
141970.8
141981.211
141981.8
141998.211
141998.8
142009.211
142009.8
142041.211
142041.8
142051.211
142051.8
142058.211
142058.8
142218.4
142297.5
142356.211
142356.8
142374.211
142374.8
142380.211
142380.8
142390.211
142390.8
142406.211
142406.8
142432.211
142432.8
142603.211
142603.8
142694.4
142750.5
142827.211
142827.8
142843.211
142843.8
142850.211
142850.8
142863.211
142863.8
142887.211
142887.8
143201.4
143272.5
143275.4
143290.5
143349.8
143350.212
143354.8
143413.2
143413.4
143469.5
143913.3
144413.1
146499.8
146528.211
146528.8
146625.4
146628.5
146631.4
146698.5
146777.211
146777.8
146808.211
146808.8
146918.4
146987.5
147060.211
147060.8
147070.211
147070.8
147095.211
147095.8
147297.4
147395.5
147448.8
147449.212
147494.2
147494.4
147539.5
147994.3
148494.1
148961.4
149293.5
149354.4
149512.5
149658.8
149661.211
149661.8
149791.4
149866.5
149943.211
149943.8
149964.211
149964.8
149995.211
149995.8
150000.211
150000.8
150168.4
150215.5
150283.211
150283.8
150297.211
150297.8
150310.211
150310.8
150351.211
150351.8
150468.4
150472.5
150473.4
150528.5
150595.211
150595.8
150603.211
150603.8
150611.211
150611.8
150620.211
150620.8
150631.211
150631.8
150670.211
150670.8
150758.211
150758.8
150910.4
150912.5
150916.4
151042.5
151101.8
151102.212
151159.2
151159.4
151195.5
151659.3
152159.1
152483.4
152872.5
153155.4
153238.5
153544.4
153555.5
153561.4
153683.5
153763.8
153772.211
153772.8
153788.211
153788.8
153807.211
153807.8
153814.211
153814.8
153823.211
153823.8
153846.211
153846.8
153954.4
154105.5
154164.8
154165.212
154170.8
154225.2
154225.4
154275.5
154725.3
155225.1
155865.4
155873.5
155890.4
155894.5
155895.4
155898.5
155914.4
155916.5
155936.4
155949.5
159151.4
159192.5
159260.8
159467.211
159467.8
159516.211
159516.8
159566.211
159566.8
159572.211
159572.8
159581.211
159581.8
159606.211
159606.8
159819.4
159837.5
159894.211
159894.8
159906.211
159906.8
160195.211
160195.8
160206.211
160206.8
160399.4
160455.5
160519.8
160520.212
160523.8
160587.2
160587.4
160634.5
161087.3
161587.1
164554.4
164558.5
164567.4
164570.5
164571.4
164636.5
164693.8
164717.211
164717.8
164829.4
164831.5
164833.4
164932.5
165021.8
165022.212
165085.2
165085.4
165131.5
165585.3
166085.1
166451.4
166737.5
166740.4
166753.5
166830.4
166952.5
167138.4
167249.5
167251.4
167256.5
167344.4
167371.5
167430.8
167445.211
167445.8
167462.211
167462.8
167595.4
167680.5
167771.8
167772.212
167846.2
167846.4
167886.5
168346.3
168846.1
170708.4
170921.5
171069.4
171175.5
171299.8
171348.211
171348.8
171411.4
171493.5
171575.4
171631.5
171696.8
171697.212
171746.2
171746.4
171795.5
172246.3
172468.4
172470.5
172476.4
172746.1
172975.5
173078.8
173246.4
173397.5
173463.8
173464.212
173515.2
173515.4
173576.5
174015.3
174515.1
175181.4
175264.5
175292.4
175368.5
175593.4
175806.5
176025.4
176027.5
176031.4
176425.5
176540.8
176650.4
176702.5
176750.4
176821.5
176881.8
176882.212
176939.2
176939.4
177001.5
177439.3
180000.9
123456789
10
03
15
10
03
15
10
FI
2
2
10
48
44
11
21
44
6
2
1224
0
0
0
314159265
41
286
286
180000
314159265
0.1
119.8
552.8
553.212
607.2
607.4
664.5
1107.3
1607.1
1686.4
2281.5
2739.8
2796.4
2860.5
2924.211
2924.8
3088.4
3119.5
3168.211
3168.8
3180.211
3180.8
3193.211
3193.8
3368.4
3391.5
3441.211
3441.8
3463.211
3463.8
3689.4
3733.5
3780.211
3780.8
3798.211
3798.8
3804.211
3804.8
3883.4
4104.5
4159.211
4159.8
4163.211
4163.8
4169.211
4169.8
4186.211
4186.8
4238.4
4438.5
4538.211
4538.8
4561.211
4561.8
4609.4
4883.5
4950.211
4950.8
4968.211
4968.8
4975.211
4975.8
4991.211
4991.8
5007.211
5007.8
5029.211
5029.8
5173.4
5211.5
5262.211
5262.8
5266.211
5266.8
5280.211
5280.8
5288.211
5288.8
5295.211
5295.8
5308.211
5308.8
5337.211
5337.8
5458.4
5561.5
5648.211
5648.8
5671.211
5671.8
5829.211
5829.8
5869.211
5869.8
5874.211
5874.8
6047.4
6071.5
6446.4
6464.5
6523.8
6524.212
6587.2
6587.4
6640.5
7087.3
7587.1
8100.4
8200.5
8253.4
8796.5
8883.8
8998.4
9195.5
9299.8
9300.212
9354.2
9354.4
9416.5
9854.3
10354.1
10939.4
11598.5
11713.8
11768.4
11980.5
12081.211
12081.8
12085.211
12085.8
12110.211
12110.8
12200.4
12286.5
12405.211
12405.8
12435.211
12435.8
12443.211
12443.8
12601.4
12735.5
12793.211
12793.8
12798.211
12798.8
12812.211
12812.8
12831.211
12831.8
13063.4
13163.5
13213.211
13213.8
13221.211
13221.8
13231.211
13231.8
13241.211
13241.8
13264.211
13264.8
13416.4
13432.5
13550.4
13589.5
13664.211
13664.8
13693.211
13693.8
14008.211
14008.8
14066.4
14193.5
14247.211
14247.8
14274.211
14274.8
14278.211
14278.8
14333.4
14534.5
14600.211
14600.8
14607.211
14607.8
14622.211
14622.8
14651.211
14651.8
14840.4
14918.5
15094.8
15095.212
15154.2
15154.4
15206.5
15654.3
16154.1
16685.4
16918.5
17358.4
17583.5
17970.4
18030.5
18135.8
18239.4
18345.5
18448.4
18471.5
18530.211
18530.8
18540.211
18540.8
18544.211
18544.8
18553.211
18553.8
18772.4
18820.5
18873.211
18873.8
18879.211
18879.8
18883.211
18883.8
18889.211
18889.8
18912.211
18912.8
18931.211
18931.8
18940.211
18940.8
19253.4
19255.5
19344.8
19345.212
19394.2
19394.4
19437.5
19894.3
20394.1
20860.4
21152.5
21314.8
21339.211
21339.8
21517.4
21601.5
21691.211
21691.8
21741.211
21741.8
21934.4
21964.5
21984.4
22209.5
22264.8
22265.212
22267.8
22317.2
22317.4
22384.5
22817.3
22901.4
22978.5
23317.1
23818.4
23931.5
24259.4
24576.5
24670.4
24751.5
25055.4
25095.5
25230.8
25236.211
25236.8
25241.211
25241.8
25264.211
25264.8
25529.211
25529.8
25585.211
25585.8
25670.4
25697.5
25751.4
25812.5
25880.211
25880.8
25904.211
25904.8
25923.211
25923.8
26098.4
26217.5
26269.211
26269.8
26276.211
26276.8
26286.211
26286.8
26292.211
26292.8
26302.211
26302.8
26369.4
26458.5
26535.4
26631.5
26710.8
26711.212
26763.2
26763.4
26819.5
27263.3
27763.1
29173.4
29294.5
29523.4
29734.5
29811.4
30004.5
30121.8
30212.4
30273.5
30290.4
30457.5
30519.211
30519.8
30543.211
30543.8
30625.4
30642.5
30699.4
30873.5
30927.211
30927.8
30931.211
30931.8
30948.211
30948.8
30995.4
31152.5
31220.4
31322.5
31381.8
31382.212
31387.8
31432.2
31432.4
31469.5
31932.3
32033.4
32102.5
32432.1
32664.4
33331.5
33589.8
33624.211
33624.8
33770.4
33841.5
33951.211
33951.8
33987.211
33987.8
34371.211
34371.8
34525.4
34584.5
34662.211
34662.8
34701.211
34701.8
34925.4
34993.5
35156.8
35157.212
35246.2
35246.4
35286.5
35746.3
36246.1
41152.8
41416.4
41596.5
41657.8
41658.212
41712.2
41712.4
41754.5
42212.3
42712.1
44291.4
44373.5
44591.8
44668.4
44899.5
44960.211
44960.8
44986.211
44986.8
45053.4
45181.5
45203.4
45302.5
45471.4
45679.5
45769.8
45770.212
45817.2
45817.4
45818.5
45822.4
45880.5
46317.3
46817.1
47524.4
47821.5
48003.4
48008.5
48010.4
48150.5
48368.4
48573.5
48649.8
48654.211
48654.8
48714.4
48878.5
48999.4
49038.5
49096.8
49097.212
49143.2
49143.4
49183.5
49643.3
50143.1
50938.4
51069.5
51480.4
51883.5
52029.4
52177.5
52353.4
52434.5
52507.4
52541.5
52626.8
52689.4
52773.5
52859.4
52874.5
52958.211
52958.8
52970.211
52970.8
52993.211
52993.8
53195.4
53340.5
53429.8
53430.212
53483.2
53483.4
53530.5
53983.3
54483.1
55098.4
55745.5
56044.4
56190.5
56279.8
56300.211
56300.8
56374.4
56584.5
56666.211
56666.8
56692.211
56692.8
56761.4
57228.5
57305.8
57306.212
57367.2
57367.4
57420.5
57867.3
58367.1
60288.4
60519.5
60678.4
60680.5
60681.4
60805.5
60900.8
60966.4
61127.5
61129.4
61158.5
61245.211
61245.8
61306.4
61441.5
61524.4
61666.5
61746.8
61747.212
61801.2
61801.4
61838.5
62301.3
62801.1
63955.4
63957.5
63960.4
64326.5
64552.4
64554.5
64563.4
65013.5
65201.4
65453.5
65569.4
65823.5
65890.8
65912.211
65912.8
65975.4
66166.5
66234.211
66234.8
66252.211
66252.8
66302.4
66592.5
66675.8
66676.212
66728.2
66728.4
66783.5
67228.3
67728.1
68321.4
68429.5
68534.4
68655.5
68943.4
69261.5
69751.4
69947.5
70031.4
70304.5
70423.4
70514.5
70719.4
70877.5
70971.4
71048.5
71108.8
71129.211
71129.8
71135.211
71135.8
71142.211
71142.8
71168.211
71168.8
71413.4
71595.5
71680.8
71681.212
71725.2
71725.4
71727.5
71730.4
71891.5
72225.3
72725.1
75434.4
75551.5
75825.8
76042.4
76194.5
76288.8
76289.212
76334.2
76334.4
76368.5
76834.3
77334.1
80062.4
80150.5
80355.4
80695.5
80763.8
80822.4
81055.5
81133.211
81133.8
81153.211
81153.8
81178.211
81178.8
81256.4
81468.5
81539.211
81539.8
81562.211
81562.8
81609.211
81609.8
81841.4
81906.5
81968.211
81968.8
81990.211
81990.8
82005.211
82005.8
82106.4
82235.5
82237.4
82238.5
82304.211
82304.8
82358.4
82564.5
82645.211
82645.8
82705.4
82909.5
82977.211
82977.8
82988.211
82988.8
83013.211
83013.8
83035.211
83035.8
83138.211
83138.8
83293.4
83402.5
83536.211
83536.8
83596.4
83774.5
83840.211
83840.8
83865.211
83865.8
83879.211
83879.8
83888.211
83888.8
83913.211
83913.8
84124.4
84222.5
84283.211
84283.8
84321.211
84321.8
84326.211
84326.8
84337.211
84337.8
84471.211
84471.8
84584.211
84584.8
84691.211
84691.8
84897.4
84990.5
85057.211
85057.8
85063.211
85063.8
85086.211
85086.8
85106.211
85106.8
85453.4
85487.5
85497.4
85613.5
85680.8
85681.212
85745.2
85745.4
85792.5
86245.3
86745.1
86915.4
87346.5
87792.4
88135.5
88324.4
88327.5
88330.4
88593.5
88705.4
88839.5
88845.4
88891.5
88955.8
89023.4
89247.5
89307.211
89307.8
89318.211
89318.8
89447.4
89682.5
89736.8
89737.212
89800.2
89800.4
89803.5
89804.4
89874.5
90300.3
90800.1
92446.4
92928.5
93054.4
93213.5
93355.8
93370.211
93370.8
93512.4
93664.5
93771.8
93772.212
93830.2
93830.4
93877.5
94330.3
94830.1
97475.8
97570.4
97738.5
97851.4
97887.5
97992.8
97993.212
97995.8
98041.2
98041.4
98084.5
98541.3
99041.1
102139.4
102369.5
102501.8
102584.4
102755.5
102828.211
102828.8
102832.211
102832.8
102854.211
102854.8
102932.4
103080.5
103349.4
103351.5
103353.4
103414.5
103481.8
103482.212
103540.2
103540.4
103601.5
104040.3
104540.1
105017.4
105520.5
107239.4
107344.5
107543.8
107652.4
107739.5
107832.4
107840.5
107916.211
107916.8
107947.211
107947.8
108201.4
108281.5
108349.8
108350.212
108400.2
108400.4
108405.5
108406.4
108414.5
108415.4
108432.5
108900.3
109400.1
110465.4
111255.5
111487.4
111775.5
111885.8
111926.211
111926.8
112037.4
112194.5
112272.211
112272.8
112278.211
112278.8
112296.211
112296.8
112360.4
112578.5
112742.8
112743.212
112795.2
112795.4
112846.5
113295.3
113795.1
114712.4
114797.5
115081.4
115087.5
115089.4
115485.5
115846.4
115971.5
116180.8
116251.4
116451.5
116533.4
116607.5
116667.8
116668.212
116724.2
116724.4
116785.5
117224.3
117263.4
117317.5
117724.1
118772.4
118955.5
119337.4
119882.5
120100.4
120265.5
120480.4
120799.5
120999.8
121119.4
121122.5
121123.4
121127.5
121129.4
121138.5
121153.4
121516.5
121608.4
121671.5
121738.8
121739.212
121797.2
121797.4
121920.5
122297.3
122797.1
123242.4
123531.5
123715.4
124049.5
124736.4
124740.5
124741.4
125120.5
125674.4
125813.5
125924.8
125929.211
125929.8
125954.211
125954.8
126073.4
126283.5
126368.8
126369.212
126413.2
126413.4
126499.5
126913.3
127314.4
127316.5
127319.4
127396.5
127413.1
127819.4
128237.5
128424.4
128519.5
128627.8
128639.211
128639.8
128720.4
128860.5
128969.211
128969.8
128974.211
128974.8
128984.211
128984.8
129047.4
129257.5
129321.211
129321.8
129337.211
129337.8
129355.211
129355.8
129379.211
129379.8
129489.4
129496.5
129593.4
129698.5
129776.211
129776.8
129795.211
129795.8
129832.211
129832.8
130018.4
130204.5
130312.4
130550.5
130608.8
130609.212
130658.2
130658.4
130710.5
131158.3
131658.1
132837.4
132842.5
132849.4
133083.5
133426.4
133558.5
133637.4
133710.5
133777.8
133804.211
133804.8
133936.4
134066.5
134169.211
134169.8
134197.211
134197.8
134320.4
134478.5
134575.211
134575.8
134581.211
134581.8
134586.211
134586.8
134598.211
134598.8
134602.211
134602.8
134640.211
134640.8
134766.211
134766.8
134790.211
134790.8
134793.211
134793.8
134795.211
134795.8
134994.4
135155.5
135253.8
135254.212
135303.2
135303.4
135341.5
135803.3
136190.4
136273.5
136303.1
136729.4
137085.5
137855.4
138247.5
138385.8
138468.4
138616.5
138703.211
138703.8
138733.211
138733.8
138821.4
138823.5
138843.4
138976.5
139062.4
139095.5
139165.8
139166.212
139221.2
139221.4
139250.5
139721.3
139857.4
140108.5
140208.4
140221.1
140437.5
140710.4
140897.5
141025.8
141089.4
141352.5
141464.8
141465.212
141509.2
141509.4
141551.5
142009.3
142509.1
143228.4
143420.5
143509.4
144157.5
144470.4
144683.5
144926.4
145078.5
145144.4
145213.5
145285.8
145312.211
145312.8
145332.211
145332.8
145466.4
145467.5
145468.4
145624.5
145749.8
145750.212
145797.2
145797.4
145881.5
146297.3
146554.4
146675.5
146797.1
147068.4
147550.5
147731.4
148050.5
148152.8
148168.211
148168.8
148171.211
148171.8
148262.4
148411.5
148506.211
148506.8
148509.211
148509.8
148517.211
148517.8
148528.211
148528.8
148556.211
148556.8
148564.211
148564.8
148703.4
148799.5
149088.8
149089.212
149140.2
149140.4
149246.5
149640.3
149704.4
150140.1
150231.5
150310.8
150469.4
150652.5
150718.8
150719.212
150777.2
150777.4
150836.5
151277.3
151777.1
153891.8
153929.211
153929.8
154020.4
154121.5
154387.8
154388.212
154446.2
154446.4
154494.5
154946.3
155446.1
158054.4
158056.5
158057.4
158333.5
158521.4
158522.5
158526.4
158759.5
158847.8
158858.211
158858.8
159003.4
159097.5
159184.211
159184.8
159369.4
159489.5
159642.8
159643.212
159705.2
159705.4
159745.5
160205.3
160705.1
163823.8
164017.4
164120.5
164260.4
164370.5
164445.4
164478.5
164543.8
164544.212
164608.2
164608.4
164669.5
165108.3
165443.4
165608.1
165717.5
165901.4
166042.5
166189.8
166279.4
166486.5
166608.8
166609.212
166611.8
166667.2
166667.4
166711.5
167167.3
167667.1
169306.4
169336.5
169452.8
169611.211
169611.8
169788.4
169793.5
169800.4
169801.5
169804.4
169969.5
170050.8
170051.212
170110.2
170110.4
170147.5
170610.3
171110.1
173312.4
173318.5
173333.4
173336.5
173357.4
173362.5
173446.4
173472.5
173479.4
173534.5
173547.4
173549.5
175812.8
179225.8
179226.212
179287.2
179287.4
179293.5
179294.4
179374.5
180000.9
123456789
10
04
15
10
04
15
10
FI
2
2
10
53
40
11
26
39
6
2
1319
0
0
0
314159265
43
300
317
180000
314159265
0.1
1.4
51.5
498.8
550.4
618.5
662.211
662.8
1071.4
1161.5
1216.8
1217.212
1258.2
1258.4
1325.5
1758.3
2258.1
2324.4
2419.5
2518.4
2710.5
2814.8
2856.4
3149.5
3217.8
3218.212
3270.2
3270.4
3337.5
3770.3
4270.1
4366.4
4368.5
4369.4
4687.5
4837.8
4839.211
4839.8
4851.211
4851.8
4856.211
4856.8
4864.211
4864.8
4875.211
4875.8
4889.211
4889.8
5010.4
5140.5
5203.211
5203.8
5221.211
5221.8
5252.211
5252.8
5370.211
5370.8
5399.211
5399.8
5406.211
5406.8
5432.211
5432.8
5637.4
5814.5
5870.8
5871.212
5928.2
5928.4
5965.5
6428.3
6928.1
7275.4
7531.5
7639.8
7661.211
7661.8
7664.211
7664.8
7678.211
7678.8
7873.4
8000.5
8082.8
8083.212
8128.2
8128.4
8179.5
8628.3
8885.4
8990.5
9128.1
9332.4
9507.5
9803.4
10393.5
10521.4
10605.5
10607.4
10673.5
10814.8
10887.4
11026.5
11146.211
11146.8
11177.211
11177.8
11184.211
11184.8
11195.211
11195.8
11395.4
11567.5
11622.8
11623.212
11673.2
11673.4
11748.5
12173.3
12673.1
13046.4
13226.5
13699.4
13846.5
14060.4
14212.5
15106.4
15416.5
15590.4
15750.5
15893.4
16021.5
16184.8
16208.211
16208.8
16378.4
16501.5
16593.211
16593.8
16622.211
16622.8
16689.4
16857.5
16860.4
16862.5
16981.211
16981.8
16996.211
16996.8
17004.211
17004.8
17222.4
17404.5
17505.8
17506.212
17552.2
17552.4
17602.5
18052.3
18552.1
20021.4
20234.5
20316.8
20376.4
20551.5
20699.4
20835.5
20890.4
20944.5
21024.8
21025.212
21067.2
21067.4
21068.5
21071.4
21133.5
21567.3
22067.1
22538.4
22730.5
22801.4
22968.5
23023.8
23087.4
23272.5
23330.211
23330.8
23392.4
23673.5
23725.211
23725.8
23738.211
23738.8
23748.211
23748.8
23765.211
23765.8
23821.4
23901.5
23955.4
24045.5
24103.211
24103.8
24113.211
24113.8
24121.211
24121.8
24144.211
24144.8
24151.211
24151.8
24271.4
24437.5
24500.4
24632.5
24701.8
24702.212
24752.2
24752.4
24805.5
25252.3
25752.1
28101.4
28195.5
28276.8
28308.211
28308.8
28382.4
28605.5
28749.8
28750.212
28798.2
28798.4
28843.5
29298.3
29798.1
31015.4
31368.5
31456.4
31777.5
31948.4
32143.5
32211.8
32215.211
32215.8
32259.4
32466.5
32518.211
32518.8
32558.211
32558.8
32566.211
32566.8
32579.211
32579.8
32628.4
32775.5
32859.211
32859.8
32872.211
32872.8
32920.211
32920.8
33007.4
33190.5
33309.211
33309.8
33320.211
33320.8
33325.211
33325.8
33344.211
33344.8
33417.4
33539.5
33702.211
33702.8
33867.211
33867.8
34040.4
34243.5
34314.8
34315.212
34364.2
34364.4
34413.5
34864.3
35364.1
36761.8
36801.211
36801.8
36890.4
37001.5
37103.211
37103.8
37112.211
37112.8
37222.4
37224.5
37264.4
37438.5
37540.8
37541.212
37613.2
37613.4
37657.5
38113.3
38613.1
38914.4
38982.5
39554.4
40338.5
40526.4
40664.5
40778.8
40840.211
40840.8
40889.4
40890.5
40891.4
41031.5
41127.211
41127.8
41144.211
41144.8
41155.211
41155.8
41283.4
41428.5
41563.8
41564.212
41613.2
41613.4
41650.5
42113.3
42613.1
43339.4
43464.5
43612.4
43909.5
44354.4
44590.5
44594.4
44602.5
44604.4
44607.5
44658.4
44876.5
44962.4
45045.5
45160.4
45269.5
45279.4
45313.5
45381.8
45452.4
45631.5
45808.4
45887.5
45951.4
46036.5
46129.8
46130.212
46178.2
46178.4
46206.5
46678.3
47178.1
48930.4
49126.5
49211.4
49274.5
49479.4
49574.5
49639.4
49677.5
49778.4
49920.5
50004.8
50058.4
50198.5
50313.211
50313.8
50329.211
50329.8
50428.4
50526.5
50593.4
50659.5
50721.211
50721.8
50739.211
50739.8
50748.211
50748.8
50759.211
50759.8
50769.211
50769.8
50822.4
50999.5
51066.211
51066.8
51089.211
51089.8
51118.211
51118.8
51274.4
51293.5
51488.211
51488.8
51502.211
51502.8
51517.211
51517.8
51527.211
51527.8
51577.4
51744.5
51799.211
51799.8
51820.211
51820.8
51825.211
51825.8
51840.211
51840.8
51900.4
52104.5
52181.211
52181.8
52205.211
52205.8
52260.4
52455.5
52555.211
52555.8
52659.4
52681.5
52884.211
52884.8
52941.4
53155.5
53215.211
53215.8
53223.211
53223.8
53266.211
53266.8
53285.211
53285.8
53448.4
53633.5
53722.8
53723.212
53800.2
53800.4
53954.5
54300.3
54800.1
56820.4
56952.5
57182.4
57371.5
57454.8
57532.4
57546.5
57584.4
57666.5
57761.211
57761.8
57807.211
57807.8
57836.211
57836.8
57947.4
57972.5
58041.4
58097.5
58187.211
58187.8
58243.4
58378.5
58380.4
58381.5
58385.4
58457.5
58514.211
58514.8
58527.211
58527.8
58556.211
58556.8
58563.211
58563.8
58574.211
58574.8
58691.4
58901.5
58984.8
58985.212
58990.8
59038.2
59038.4
59074.5
59538.3
60038.1
60653.4
60803.5
61075.4
61535.5
62016.4
62116.5
62204.8
62231.211
62231.8
62457.4
62576.5
62638.8
62639.212
62692.2
62692.4
63017.5
63152.4
63192.3
63289.5
63415.4
63430.5
63498.8
63692.1
63881.8
63892.211
63892.8
63914.211
63914.8
63919.211
63919.8
64144.4
64204.5
64263.211
64263.8
64267.211
64267.8
64273.211
64273.8
64286.211
64286.8
64290.211
64290.8
64314.211
64314.8
64318.211
64318.8
64497.4
64645.5
64721.8
64722.212
64770.2
64770.4
64808.5
65270.3
65770.1
67657.8
67685.211
67685.8
67780.4
67946.5
68002.211
68002.8
68022.211
68022.8
68029.211
68029.8
68060.211
68060.8
68230.4
68332.5
68432.211
68432.8
68489.4
68720.5
68794.211
68794.8
68818.211
68818.8
68846.211
68846.8
68855.211
68855.8
68890.211
68890.8
69010.4
69171.5
69242.211
69242.8
69267.211
69267.8
69289.211
69289.8
69348.4
69502.5
69624.211
69624.8
69628.211
69628.8
69637.211
69637.8
69678.211
69678.8
69887.4
70044.5
70117.8
70118.212
70167.2
70167.4
70228.5
70667.3
71167.1
71805.4
71880.5
72106.4
72209.5
72356.4
72804.5
73067.4
73353.5
73455.8
73532.4
73630.5
73692.4
73701.5
73815.211
73815.8
73876.4
74117.5
74214.211
74214.8
74236.211
74236.8
74242.211
74242.8
74305.4
74425.5
74511.4
74595.5
74694.8
74695.212
74743.2
74743.4
74821.5
75243.3
75743.1
76544.4
76667.5
77688.4
77744.5
77815.8
77934.4
78112.5
78201.211
78201.8
78208.211
78208.8
78212.211
78212.8
78222.211
78222.8
78237.211
78237.8
78297.4
78433.5
78609.211
78609.8
78634.211
78634.8
78700.4
78985.5
79061.8
79062.212
79120.2
79120.4
79166.5
79620.3
80120.1
83445.4
83601.5
83751.8
83913.4
84045.5
84064.4
84138.5
84261.4
84436.5
84588.4
84713.5
84838.8
84839.212
84901.2
84901.4
84902.5
84903.4
84956.5
85401.3
85901.1
86749.4
87279.5
87478.4
87584.5
87690.8
87712.211
87712.8
87717.211
87717.8
87825.4
88011.5
88024.4
88099.5
88150.8
88151.212
88198.2
88198.4
88201.5
88203.4
88302.5
88698.3
89112.4
89120.5
89122.4
89198.1
89283.5
89427.8
89502.4
89785.5
89850.8
89851.212
89903.2
89903.4
89964.5
90403.3
90903.1
94503.4
94558.5
94618.8
94657.211
94657.8
94755.4
94907.5
94997.211
94997.8
95011.211
95011.8
95055.211
95055.8
95186.4
95259.5
95326.211
95326.8
95354.211
95354.8
95414.4
95641.5
95728.211
95728.8
95733.211
95733.8
95754.211
95754.8
95812.4
96012.5
96105.211
96105.8
96159.4
96421.5
96527.8
96528.212
96582.2
96582.4
96583.5
96585.4
96650.5
97082.3
97501.4
97582.1
97756.5
97884.4
98148.5
98254.8
98329.4
98491.5
98611.211
98611.8
98644.211
98644.8
98670.211
98670.8
98696.211
98696.8
98802.4
98951.5
99042.211
99042.8
99063.211
99063.8
99104.211
99104.8
99217.4
99491.5
99560.8
99561.212
99603.2
99603.4
99643.5
100103.3
100603.1
101208.4
101512.5
101658.8
101664.211
101664.8
101778.4
101896.5
101897.4
101898.5
102018.4
102050.5
102104.8
102105.212
102156.2
102156.4
102187.5
102656.3
103156.1
103665.4
103672.5
103673.4
103925.5
104352.4
104532.5
104753.4
104922.5
105036.8
105041.211
105041.8
105133.4
105256.5
105333.4
105362.5
105436.211
105436.8
105492.211
105492.8
105555.4
105845.5
105912.8
105913.212
105961.2
105961.4
106010.5
106461.3
106961.1
108610.4
108976.5
109157.4
109256.5
109290.4
109403.5
109407.4
109486.5
109588.8
109684.4
109836.5
109942.211
109942.8
109972.211
109972.8
110157.4
110246.5
110317.211
110317.8
110335.211
110335.8
110492.4
110615.5
110709.211
110709.8
110945.4
111000.5
111094.211
111094.8
111100.211
111100.8
111154.211
111154.8
111210.4
111386.5
111497.211
111497.8
111520.211
111520.8
111545.211
111545.8
111811.4
111962.5
112018.8
112019.212
112070.2
112070.4
112228.5
112374.4
112459.5
112570.3
112570.4
112664.5
113070.1
114167.4
114576.5
114908.4
115028.5
115148.8
115155.211
115155.8
115263.4
115493.5
115674.4
115830.5
115913.4
116061.5
116136.8
116137.212
116188.2
116188.4
116248.5
116688.3
117188.1
117762.4
118169.5
118234.4
118332.5
118578.4
118887.5
119033.4
119245.5
119246.4
119248.5
119443.4
119773.5
119876.8
119986.4
120174.5
120188.4
120240.5
120307.8
120308.212
120351.2
120351.4
120388.5
120851.3
121351.1
122650.4
123261.5
123541.4
123776.5
123872.8
123948.4
124110.5
124186.4
124266.5
124323.8
124324.212
124375.2
124375.4
124406.5
124875.3
125375.1
125726.4
125811.5
126024.4
126603.5
126738.4
126858.5
127028.8
127107.4
127241.5
127318.211
127318.8
127323.211
127323.8
127393.4
127603.5
127698.211
127698.8
127701.211
127701.8
127727.211
127727.8
127759.211
127759.8
127844.4
128007.5
128116.211
128116.8
128128.211
128128.8
128208.4
128464.5
128541.8
128542.212
128593.2
128593.4
128620.5
129093.3
129593.1
131949.4
132187.5
132243.8
132362.4
132515.5
132639.4
132724.5
132785.8
132786.212
132838.2
132838.4
132893.5
133338.3
133838.1
134413.4
134832.5
136500.4
136738.5
136867.8
136918.4
137124.5
137125.4
137127.5
137279.8
137280.212
137326.2
137326.4
137391.5
137826.3
138326.1
138844.4
139038.5
141692.8
141716.211
141716.8
141787.4
141963.5
142052.211
142052.8
142098.211
142098.8
142108.211
142108.8
142196.4
142429.5
142538.8
142539.212
142587.2
142587.4
142637.5
143087.3
143587.1
144105.4
144108.5
144113.4
144192.5
144295.4
144586.5
144626.4
145457.5
145544.4
145903.5
146016.4
146141.5
146218.8
146308.4
146447.5
146505.4
146599.5
146706.4
146931.5
147083.4
147329.5
147354.4
147402.5
147455.8
147456.212
147500.2
147500.4
147544.5
148000.3
148500.1
149468.4
149711.5
150016.4
150391.5
150594.4
150835.5
151039.4
151126.5
151352.4
151476.5
151549.4
151621.5
151696.8
151827.4
151852.5
151906.4
151955.5
152037.211
152037.8
152052.211
152052.8
152078.211
152078.8
152179.4
152324.5
152378.211
152378.8
152423.211
152423.8
152717.4
152801.5
152911.8
152912.212
152964.2
152964.4
153037.5
153464.3
153477.4
153481.5
153486.4
153659.5
153792.4
153883.5
153964.1
154071.8
154091.211
154091.8
154176.4
154270.5
154400.211
154400.8
154447.4
154670.5
154729.211
154729.8
154752.211
154752.8
154788.211
154788.8
154790.211
154790.8
154932.4
155330.5
155392.8
155393.212
155443.2
155443.4
155491.5
155943.3
156443.1
156782.4
156997.5
157822.4
158111.5
158479.8
158484.211
158484.8
158682.4
158720.5
158835.211
158835.8
159395.4
159490.5
159569.8
159570.212
159576.8
159626.2
159626.4
159628.5
159637.4
159715.5
160126.3
160626.1
162623.4
162869.5
163074.8
163083.211
163083.8
163157.4
163354.5
163457.211
163457.8
163463.211
163463.8
163472.211
163472.8
163581.4
163806.5
163870.211
163870.8
163906.211
163906.8
163916.211
163916.8
164089.4
164226.5
164245.4
164318.5
164398.8
164399.212
164443.2
164443.4
164480.5
164943.3
165443.1
165962.4
166072.5
166184.4
167045.5
167364.4
167369.5
167371.4
167848.5
168271.4
168461.5
168464.4
168467.5
168783.4
168913.5
168980.8
169012.211
169012.8
169015.211
169015.8
169053.211
169053.8
169127.211
169127.8
169243.4
169362.5
169430.211
169430.8
169473.211
169473.8
169500.211
169500.8
169669.211
169669.8
169816.4
170015.5
170105.8
170106.212
170159.2
170159.4
170197.5
170659.3
171159.1
171786.4
171893.5
172054.4
172392.5
172705.4
173191.5
173434.4
173644.5
173957.4
174043.5
174125.8
174173.4
174370.5
174450.211
174450.8
174495.211
174495.8
174899.4
174993.5
175050.4
175077.5
175199.8
175200.212
175250.2
175250.4
175338.5
175465.4
175536.5
175750.3
176092.4
176189.5
176250.1
176258.4
176487.5
176695.4
177003.5
177124.4
177515.5
177713.4
177909.5
177993.8
178138.4
178295.5
178304.4
178337.5
178598.4
178717.5
179129.4
179263.5
179345.8
179346.212
179390.2
179390.4
179520.5
180000.9
123456789
10
05
15
10
05
15
10
FI
2
2
10
52
37
11
25
37
6
2
1601
0
0
0
314159265
33
485
284
180000
314159265
0.1
151.8
161.211
161.8
849.8
850.212
905.2
905.4
975.5
1405.3
1614.4
1703.5
1862.4
1905.1
2037.5
2121.8
2151.211
2151.8
2263.4
2313.5
2373.211
2373.8
2398.211
2398.8
2436.211
2436.8
2835.211
2835.8
2838.211
2838.8
2906.4
3039.5
3110.211
3110.8
3134.211
3134.8
3152.211
3152.8
3160.211
3160.8
3174.211
3174.8
3203.211
3203.8
3416.4
3439.5
3488.211
3488.8
3517.211
3517.8
3529.211
3529.8
3693.211
3693.8
3851.4
3987.5
4038.211
4038.8
4058.211
4058.8
4067.211
4067.8
4082.211
4082.8
4121.211
4121.8
4304.4
4370.5
4442.211
4442.8
4450.211
4450.8
4461.211
4461.8
4493.211
4493.8
4883.211
4883.8
4893.211
4893.8
4958.4
5053.5
5107.211
5107.8
5137.211
5137.8
5149.211
5149.8
5173.211
5173.8
5222.211
5222.8
5230.211
5230.8
5400.4
5541.5
5602.211
5602.8
5621.211
5621.8
5630.211
5630.8
5676.4
5956.5
6004.211
6004.8
6022.211
6022.8
6036.211
6036.8
6043.211
6043.8
6219.4
6431.5
6533.211
6533.8
6544.211
6544.8
6558.211
6558.8
6576.211
6576.8
6643.4
6767.5
6968.211
6968.8
6984.211
6984.8
6992.211
6992.8
7029.211
7029.8
7035.211
7035.8
7290.4
7470.5
7521.211
7521.8
7538.211
7538.8
7547.211
7547.8
7560.211
7560.8
7568.211
7568.8
7589.211
7589.8
7668.211
7668.8
7710.211
7710.8
7900.4
8111.5
8160.211
8160.8
8178.211
8178.8
8211.211
8211.8
8220.211
8220.8
8249.211
8249.8
8306.4
8451.5
8550.211
8550.8
8562.211
8562.8
8573.211
8573.8
8581.211
8581.8
8602.211
8602.8
8634.211
8634.8
8666.211
8666.8
8802.211
8802.8
8901.4
9051.5
9184.211
9184.8
9192.211
9192.8
9200.211
9200.8
9204.211
9204.8
9224.211
9224.8
9246.211
9246.8
9271.211
9271.8
9393.211
9393.8
9975.8
9976.212
10063.2
10063.4
10116.5
10563.3
11063.1
11486.4
11637.5
11793.4
12015.5
12233.8
12241.211
12241.8
12255.211
12255.8
12298.211
12298.8
12657.211
12657.8
12743.4
12892.5
12944.211
12944.8
12956.211
12956.8
12966.211
12966.8
12973.211
12973.8
13002.211
13002.8
13058.211
13058.8
13181.211
13181.8
13196.211
13196.8
13622.4
13675.5
13738.8
13739.212
13792.2
13792.4
13866.5
14248.4
14292.3
14701.5
14792.1
15064.8
15372.4
15727.5
15783.8
15784.212
15836.2
15836.4
16030.5
16336.3
16626.4
16836.1
16948.5
17502.8
17593.4
17596.5
17609.4
17828.5
18413.8
18414.212
18478.2
18478.4
18541.5
18978.3
19478.1
20629.4
20714.5
20779.8
20918.211
20918.8
21088.4
21245.5
21331.211
21331.8
21366.211
21366.8
21471.4
21707.5
21786.211
21786.8
21860.4
22078.5
22181.211
22181.8
22189.211
22189.8
22203.211
22203.8
22208.211
22208.8
22230.211
22230.8
22314.4
22551.5
22624.211
22624.8
22658.211
22658.8
22692.211
22692.8
22839.4
23047.5
23105.211
23105.8
23130.211
23130.8
23144.211
23144.8
23158.211
23158.8
23210.211
23210.8
23349.4
23558.5
23611.211
23611.8
23638.211
23638.8
23671.4
23923.5
23971.4
24129.5
24201.4
24335.5
24392.8
24393.212
24438.2
24438.4
24508.5
24938.3
25438.1
25929.4
26427.5
26579.8
26641.4
27042.5
27150.8
27151.212
27205.2
27205.4
27241.5
27705.3
28205.1
28548.4
28889.5
29246.4
29396.5
29641.4
29803.5
29987.8
30048.4
30328.5
30505.4
30553.5
30611.8
30612.212
30665.2
30665.4
30726.5
31165.3
31665.1
31858.4
32196.5
33345.4
33430.5
33680.8
33688.211
33688.8
33878.4
33927.5
34311.4
34312.5
34315.4
34388.5
34447.8
34448.212
34449.8
34496.2
34496.4
34532.5
34996.3
35496.1
37541.8
37551.211
37551.8
37560.211
37560.8
37667.4
37860.5
37908.211
37908.8
37933.211
37933.8
37938.211
37938.8
37964.211
37964.8
37971.211
37971.8
38035.4
38270.5
38340.211
38340.8
38362.211
38362.8
38373.211
38373.8
38387.211
38387.8
38481.211
38481.8
38577.4
38747.5
38847.211
38847.8
38855.211
38855.8
38871.211
38871.8
38894.211
38894.8
38913.211
38913.8
39117.4
39246.5
39309.211
39309.8
39319.211
39319.8
39336.211
39336.8
39342.211
39342.8
39351.211
39351.8
39365.211
39365.8
39607.4
39725.5
39805.211
39805.8
39816.211
39816.8
39823.211
39823.8
39842.211
39842.8
40104.4
40211.5
40260.211
40260.8
40270.211
40270.8
40275.211
40275.8
40295.211
40295.8
40300.211
40300.8
40315.211
40315.8
40413.211
40413.8
40445.211
40445.8
40610.4
40752.5
40800.211
40800.8
40809.211
40809.8
40837.211
40837.8
40892.4
41158.5
41221.211
41221.8
41225.211
41225.8
41247.211
41247.8
41254.211
41254.8
41284.211
41284.8
41436.211
41436.8
41471.211
41471.8
41518.4
41684.5
41776.211
41776.8
41788.211
41788.8
41793.211
41793.8
41801.211
41801.8
41812.211
41812.8
41863.211
41863.8
41943.211
41943.8
42027.4
42030.5
42038.4
42250.5
42297.211
42297.8
42311.211
42311.8
42335.211
42335.8
42360.211
42360.8
42419.4
42724.5
42769.211
42769.8
42773.211
42773.8
42778.211
42778.8
42804.211
42804.8
42864.4
43090.5
43140.211
43140.8
43198.4
43404.5
43471.211
43471.8
43508.211
43508.8
43599.211
43599.8
43849.211
43849.8
43923.211
43923.8
43977.4
44023.5
44127.211
44127.8
44150.211
44150.8
44203.4
44211.5
44259.4
44346.5
44482.211
44482.8
44554.211
44554.8
44651.4
44795.5
44865.211
44865.8
44900.211
44900.8
44973.211
44973.8
45046.211
45046.8
45181.4
45183.5
45185.4
45291.5
45346.211
45346.8
45371.211
45371.8
45425.211
45425.8
45524.4
45588.5
45643.4
45655.5
45721.211
45721.8
45744.211
45744.8
45775.211
45775.8
45782.211
45782.8
45805.211
45805.8
45813.211
45813.8
45992.211
45992.8
46120.211
46120.8
46590.4
46600.5
46656.8
46657.212
46716.2
46716.4
46798.5
47216.3
47716.1
47838.4
47962.5
48382.4
48941.5
49500.8
49689.4
49691.5
49692.4
49695.5
49702.4
49978.5
50035.8
50036.212
50045.8
50120.2
50120.4
50162.5
50620.3
51120.1
52379.4
52385.5
52393.4
52523.5
52938.8
53135.4
53184.5
53277.211
53277.8
53388.4
53392.5
53393.4
53494.5
53573.211
53573.8
53586.211
53586.8
53593.211
53593.8
53616.211
53616.8
53746.4
53750.5
53751.4
53847.5
53952.211
53952.8
53984.211
53984.8
54034.4
54115.5
54170.4
54260.5
54309.211
54309.8
54336.211
54336.8
54340.211
54340.8
54358.211
54358.8
54367.211
54367.8
54394.211
54394.8
54450.4
54753.5
54847.211
54847.8
54896.4
55064.5
55206.211
55206.8
55260.4
55469.5
55538.211
55538.8
55552.211
55552.8
55567.211
55567.8
55616.211
55616.8
55749.4
55752.5
55753.4
55919.5
55920.4
55921.5
56007.211
56007.8
56011.211
56011.8
56024.211
56024.8
56039.211
56039.8
56122.211
56122.8
56383.211
56383.8
56386.211
56386.8
56431.4
56572.5
56687.211
56687.8
56690.211
56690.8
56731.211
56731.8
56736.211
56736.8
56797.211
56797.8
56849.211
56849.8
56996.4
57018.5
57085.211
57085.8
57089.211
57089.8
57120.211
57120.8
57163.211
57163.8
57478.211
57478.8
57547.211
57547.8
57712.211
57712.8
57823.4
57975.5
58047.211
58047.8
58066.211
58066.8
58081.211
58081.8
58109.211
58109.8
58356.211
58356.8
58373.211
58373.8
58405.211
58405.8
58681.211
58681.8
58688.211
58688.8
58743.211
58743.8
58794.211
58794.8
58868.211
58868.8
59285.211
59285.8
59430.211
59430.8
59479.211
59479.8
59524.211
59524.8
59679.4
59724.5
59773.211
59773.8
59790.211
59790.8
59865.211
59865.8
60414.8
60415.212
60480.2
60480.4
60526.5
60980.3
61480.1
61820.4
63120.5
63273.8
63408.4
63628.5
63630.4
63634.5
63692.211
63692.8
63703.211
63703.8
63983.4
63985.5
63987.4
64086.5
64138.211
64138.8
64169.211
64169.8
64226.4
64392.5
64473.211
64473.8
64500.211
64500.8
64504.211
64504.8
64552.211
64552.8
64713.4
64714.5
64715.4
64920.5
65017.211
65017.8
65045.211
65045.8
65242.4
65379.5
65453.211
65453.8
65484.211
65484.8
65663.4
66068.5
66121.8
66122.212
66169.2
66169.4
66208.5
66669.3
67169.1
67358.4
67768.5
68028.4
68577.5
68861.4
69087.5
69139.8
69150.211
69150.8
69229.4
69450.5
69553.211
69553.8
69600.4
69896.5
69970.211
69970.8
69982.211
69982.8
70270.211
70270.8
70415.4
70614.5
70668.211
70668.8
70696.211
70696.8
70887.4
71049.5
71187.4
71396.5
71461.4
71463.5
71465.4
71570.5
71631.8
71632.212
71642.8
71686.2
71686.4
71740.5
72186.3
72265.4
72686.1
72786.5
72967.4
73014.5
73069.8
73351.4
73615.5
73667.8
73668.212
73714.2
73714.4
73985.5
74214.3
74714.1
75448.4
75452.5
75454.4
75753.5
76257.4
76390.5
77783.4
77945.5
77996.8
78022.211
78022.8
78040.211
78040.8
78053.211
78053.8
78219.211
78219.8
78451.4
78590.5
78677.211
78677.8
78680.211
78680.8
78708.211
78708.8
78906.4
79050.5
79161.211
79161.8
79195.211
79195.8
79329.4
79498.5
79518.4
79544.5
79594.211
79594.8
79619.211
79619.8
79654.211
79654.8
79941.4
80014.5
80069.211
80069.8
80108.211
80108.8
80312.4
80526.5
80529.4
80585.5
80645.8
80646.212
80689.2
80689.4
80693.5
80694.4
80726.5
81189.3
81689.1
82434.4
82690.5
84677.4
84779.5
85015.4
85019.5
85031.4
85360.5
85537.4
85630.5
85682.8
85752.4
85960.5
85961.4
85997.5
86049.211
86049.8
86080.211
86080.8
86201.4
86301.5
86347.4
86480.5
86537.211
86537.8
86564.211
86564.8
86592.211
86592.8
86604.211
86604.8
86714.4
87034.5
87101.211
87101.8
87151.211
87151.8
87394.4
87606.5
87689.8
87690.212
87735.2
87735.4
87817.5
88235.3
88482.4
88689.5
88735.1
88887.4
89066.5
89144.8
89205.4
89292.5
89388.4
89457.5
89551.211
89551.8
89664.211
89664.8
89671.211
89671.8
89819.4
89980.5
90078.211
90078.8
90087.211
90087.8
90104.211
90104.8
90113.211
90113.8
90132.211
90132.8
90166.211
90166.8
90405.4
90409.5
90410.4
90537.5
90596.211
90596.8
90619.211
90619.8
90641.211
90641.8
90741.211
90741.8
90872.4
91407.5
91459.8
91460.212
91512.2
91512.4
91565.5
92012.3
92512.1
92943.4
93441.5
93638.4
93827.5
94176.8
94182.211
94182.8
94391.4
94598.5
94690.8
94691.212
94748.2
94748.4
94807.5
95248.3
95748.1
100005.4
100172.5
100290.8
100421.4
100628.5
100702.4
100992.5
101066.8
101067.212
101122.2
101122.4
101156.5
101622.3
102122.1
104596.4
104674.5
104949.4
105198.5
105403.4
105639.5
105739.8
105819.4
105959.5
106002.4
106138.5
106222.211
106222.8
106234.211
106234.8
106278.211
106278.8
106405.4
106596.5
106701.211
106701.8
106871.4
107049.5
107119.211
107119.8
107148.211
107148.8
107179.211
107179.8
107236.211
107236.8
107391.4
107680.5
107767.8
107768.212
107817.2
107817.4
107891.5
108080.4
108151.5
108317.3
108817.1
109136.4
109235.5
109976.4
110271.5
110673.4
111176.5
111424.4
111635.5
111707.8
111736.211
111736.8
111745.211
111745.8
111749.211
111749.8
111807.4
112006.5
112077.4
112159.5
112210.211
112210.8
112220.211
112220.8
112234.211
112234.8
112430.4
112749.5
112827.8
112828.212
112831.8
112880.2
112880.4
112882.5
112885.4
112943.5
113380.3
113880.1
114438.4
114552.5
114729.4
115089.5
115877.4
116456.5
116623.4
116919.5
117077.8
117170.211
117170.8
117233.4
117391.5
117507.211
117507.8
117528.211
117528.8
117559.211
117559.8
117733.4
117898.5
117994.211
117994.8
118011.211
118011.8
118015.211
118015.8
118071.4
118710.5
118885.4
119087.5
119142.4
119227.5
119319.8
119320.212
119364.2
119364.4
119414.5
119864.3
120215.4
120298.5
120364.1
120550.4
121219.5
121351.4
121371.5
121413.4
121512.5
121600.4
121870.5
122032.4
122358.5
122477.8
122555.4
122927.5
123006.8
123007.212
123212.2
123212.4
123283.5
123712.3
124212.1
124921.4
125558.5
126294.8
126316.211
126316.8
126406.4
126632.5
126707.211
126707.8
126731.211
126731.8
126835.4
126960.5
127015.4
127162.5
127234.8
127235.212
127278.2
127278.4
127320.5
127778.3
128278.1
130789.4
130946.5
131439.4
131452.5
131594.8
131644.211
131644.8
131948.211
131948.8
132120.4
132198.5
132310.211
132310.8
132334.211
132334.8
132389.211
132389.8
132670.4
132673.5
132677.4
132783.5
132842.4
132900.5
132952.8
132953.212
132996.2
132996.4
133033.5
133496.3
133996.1
136324.4
136331.5
136342.4
136422.5
137073.8
137117.211
137117.8
137120.211
137120.8
137196.4
137457.5
137548.211
137548.8
137583.211
137583.8
137600.211
137600.8
137666.4
137840.5
137946.211
137946.8
137951.211
137951.8
138000.4
138223.5
138280.211
138280.8
138305.211
138305.8
138379.211
138379.8
138386.211
138386.8
138605.4
138608.5
138610.4
138802.5
138945.4
139150.5
139244.8
139245.212
139290.2
139290.4
139328.5
139790.3
140290.1
140853.4
140945.5
141222.4
141581.5
143178.4
143306.5
143967.4
144132.5
144505.8
144717.211
144717.8
144777.4
144986.5
145083.211
145083.8
145127.4
145351.5
145436.211
145436.8
145444.211
145444.8
145476.211
145476.8
145482.211
145482.8
145615.4
145763.5
145833.4
145872.5
145955.211
145955.8
145960.211
145960.8
145983.211
145983.8
146204.4
146263.5
146375.211
146375.8
146393.211
146393.8
146481.211
146481.8
146753.211
146753.8
146794.211
146794.8
146876.4
147129.5
147185.211
147185.8
147235.211
147235.8
147271.211
147271.8
147451.4
147603.5
147710.211
147710.8
147746.211
147746.8
147760.211
147760.8
147777.211
147777.8
147844.4
148041.5
148154.211
148154.8
148178.211
148178.8
148216.211
148216.8
148244.211
148244.8
148357.4
148571.5
148681.211
148681.8
148738.4
148875.5
148979.211
148979.8
148981.211
148981.8
149040.211
149040.8
149071.211
149071.8
149255.4
149270.5
149333.211
149333.8
149444.211
149444.8
149523.4
149576.5
149651.211
149651.8
149706.211
149706.8
149744.211
149744.8
149764.211
149764.8
149910.211
149910.8
150024.4
150136.5
150191.211
150191.8
150275.211
150275.8
150331.211
150331.8
150424.211
150424.8
150795.4
150921.5
151033.8
151034.212
151073.2
151073.4
151150.5
151573.3
152073.1
153903.8
154045.211
154045.8
154100.4
154200.5
154318.211
154318.8
154368.211
154368.8
154379.211
154379.8
154385.211
154385.8
154756.4
154947.5
155005.8
155006.212
155045.2
155045.4
155047.5
155048.4
155085.5
155545.3
156045.1
159024.4
159451.5
159620.4
159862.5
159941.8
160056.211
160056.8
160131.4
160350.5
160438.211
160438.8
160481.4
160719.5
160833.211
160833.8
160890.4
161244.5
161315.211
161315.8
161322.211
161322.8
161347.211
161347.8
161549.4
161792.5
161793.4
161795.5
161900.4
161992.5
162049.8
162050.212
162104.2
162104.4
162163.5
162604.3
163104.1
165233.4
165425.5
165631.8
165986.4
166080.5
166175.8
166176.212
166185.8
166231.2
166231.4
166308.5
166731.3
167068.4
167181.5
167231.1
167239.4
167698.5
168067.4
168292.5
168381.8
168434.4
168622.5
168776.211
168776.8
168783.211
168783.8
168796.211
168796.8
168805.211
168805.8
168834.211
168834.8
168963.4
169195.5
169294.211
169294.8
169315.211
169315.8
169336.211
169336.8
169340.211
169340.8
169423.4
169580.5
169784.211
169784.8
170011.4
170139.5
170214.211
170214.8
170230.211
170230.8
170483.4
170776.5
170836.8
170837.212
170887.2
170887.4
170926.5
171387.3
171887.1
175373.4
175554.5
175648.8
175875.211
175875.8
176019.4
176021.5
176022.4
176103.5
176178.4
176286.5
176379.8
176380.212
176432.2
176432.4
176435.5
176437.4
176501.5
176932.3
177430.4
177432.1
177718.5
180000.9
123456789
10
06
15
10
06
15
10
FI
2
2
10
49
31
11
22
32
6
2
1705
0
0
0
314159265
30
517
306
180000
314159265
0.1
420.8
423.211
423.8
800.211
800.8
804.211
804.8
890.4
949.5
1000.211
1000.8
1300.211
1300.8
1308.211
1308.8
1337.211
1337.8
1349.211
1349.8
1584.4
1624.5
1672.211
1672.8
1681.211
1681.8
1710.211
1710.8
1716.211
1716.8
1733.211
1733.8
1774.211
1774.8
1919.211
1919.8
1925.211
1925.8
1927.211
1927.8
2057.4
2127.5
2203.211
2203.8
2212.211
2212.8
2225.211
2225.8
2240.211
2240.8
2626.4
2649.5
2701.211
2701.8
2723.211
2723.8
2744.211
2744.8
2763.211
2763.8
2778.211
2778.8
2868.211
2868.8
3018.4
3115.5
3169.211
3169.8
3180.211
3180.8
3193.211
3193.8
3202.211
3202.8
3216.211
3216.8
3227.211
3227.8
3623.211
3623.8
3666.211
3666.8
3722.211
3722.8
3767.211
3767.8
3977.4
4047.5
4097.211
4097.8
4135.211
4135.8
4159.211
4159.8
4190.211
4190.8
4582.211
4582.8
4611.211
4611.8
4630.211
4630.8
4639.211
4639.8
4661.211
4661.8
4665.211
4665.8
4684.211
4684.8
5136.211
5136.8
5171.211
5171.8
5181.211
5181.8
5328.4
5432.5
5482.211
5482.8
5572.211
5572.8
5586.211
5586.8
5623.211
5623.8
5985.211
5985.8
5989.211
5989.8
6094.4
6314.5
6402.211
6402.8
6411.211
6411.8
6419.211
6419.8
6438.211
6438.8
6447.211
6447.8
6475.211
6475.8
6487.211
6487.8
6696.4
6813.5
6865.211
6865.8
6888.211
6888.8
6893.211
6893.8
6941.4
7146.5
7229.211
7229.8
7281.4
7581.5
7633.211
7633.8
7833.4
7943.5
7988.211
7988.8
8009.211
8009.8
8031.211
8031.8
8038.211
8038.8
8072.211
8072.8
8142.211
8142.8
8468.211
8468.8
8494.211
8494.8
8501.211
8501.8
8515.211
8515.8
8645.4
9037.5
9130.8
9131.212
9190.2
9190.4
9252.5
9690.3
10190.1
10410.4
10905.5
10996.8
11015.211
11015.8
11043.211
11043.8
11204.4
11408.5
11488.211
11488.8
11541.211
11541.8
11547.211
11547.8
11555.211
11555.8
11574.211
11574.8
11782.4
11906.5
11976.4
12031.5
12091.8
12092.212
12139.2
12139.4
12227.5
12639.3
13139.1
13222.4
13508.5
13877.8
13921.211
13921.8
13942.211
13942.8
13948.211
13948.8
14311.211
14311.8
14425.4
14502.5
14627.211
14627.8
14630.211
14630.8
14663.211
14663.8
14693.211
14693.8
14756.211
14756.8
15049.211
15049.8
15124.4
15339.5
15408.211
15408.8
15437.211
15437.8
15456.211
15456.8
15491.211
15491.8
15506.211
15506.8
15662.4
15848.5
16021.8
16022.212
16068.2
16068.4
16200.5
16362.4
16506.5
16568.3
16813.4
16918.5
17006.4
17068.1
17822.5
18146.4
18355.5
18394.4
18451.5
18550.8
18554.211
18554.8
18568.211
18568.8
18577.211
18577.8
18729.4
18930.5
18948.4
18950.5
18953.4
18977.5
19064.211
19064.8
19101.211
19101.8
19209.4
19376.5
19512.211
19512.8
19530.211
19530.8
19564.211
19564.8
19583.211
19583.8
19676.4
19891.5
19895.4
19924.5
20011.211
20011.8
20056.211
20056.8
20195.4
20377.5
20482.211
20482.8
20507.211
20507.8
20511.211
20511.8
20552.211
20552.8
20605.211
20605.8
20648.211
20648.8
20924.4
21049.5
21106.211
21106.8
21150.211
21150.8
21193.211
21193.8
21244.211
21244.8
21300.4
21620.5
21678.211
21678.8
21723.211
21723.8
21756.211
21756.8
21761.211
21761.8
21823.4
22021.5
22129.211
22129.8
22148.211
22148.8
22179.211
22179.8
22207.211
22207.8
22315.4
22649.5
22698.211
22698.8
22728.211
22728.8
22749.211
22749.8
22814.211
22814.8
22892.211
22892.8
22935.211
22935.8
23204.4
23461.5
23513.8
23514.212
23558.2
23558.4
23622.5
24058.3
24558.1
24941.4
25627.5
25831.4
26060.5
26202.8
26209.211
26209.8
26240.211
26240.8
26248.211
26248.8
26249.211
26249.8
26387.4
26708.5
26821.8
26822.212
26867.2
26867.4
26905.5
27367.3
27867.1
28337.4
28551.5
28833.4
29139.5
29417.4
29623.5
29769.8
29774.211
29774.8
29815.211
29815.8
29889.211
29889.8
29954.4
30161.5
30238.211
30238.8
30274.211
30274.8
30282.211
30282.8
30329.211
30329.8
30429.4
30593.5
30701.211
30701.8
30706.211
30706.8
30739.211
30739.8
30756.211
30756.8
30819.4
31017.5
31019.4
31038.5
31130.211
31130.8
31205.211
31205.8
31214.211
31214.8
31280.4
31613.5
31669.211
31669.8
31693.211
31693.8
31709.211
31709.8
31771.4
31986.5
32094.211
32094.8
32103.211
32103.8
32112.211
32112.8
32130.211
32130.8
32135.211
32135.8
32200.4
32398.5
32524.211
32524.8
32553.211
32553.8
32561.211
32561.8
32573.211
32573.8
32645.211
32645.8
33131.211
33131.8
33186.211
33186.8
33268.4
33415.5
33473.211
33473.8
33479.211
33479.8
33500.211
33500.8
33570.4
33712.5
33777.4
33860.5
33907.211
33907.8
33944.211
33944.8
33982.211
33982.8
34014.211
34014.8
34158.4
34438.5
34541.8
34542.212
34589.2
34589.4
34626.5
35089.3
35589.1
36124.4
36576.5
37292.4
37443.5
38326.4
38453.5
38457.4
38465.5
38527.8
38531.211
38531.8
38689.4
38930.5
38987.211
38987.8
38995.211
38995.8
39001.211
39001.8
39011.211
39011.8
39014.211
39014.8
39074.4
39229.5
39285.4
39348.5
39408.211
39408.8
39413.211
39413.8
39445.211
39445.8
39533.211
39533.8
39632.211
39632.8
39734.4
39791.5
39834.4
39956.5
40043.211
40043.8
40048.211
40048.8
40064.211
40064.8
40120.211
40120.8
40126.211
40126.8
40157.211
40157.8
40246.4
40250.5
40252.4
40364.5
40413.4
40501.5
40506.4
40531.5
40622.211
40622.8
40660.211
40660.8
40769.4
40974.5
40975.4
41011.5
41105.211
41105.8
41137.211
41137.8
41192.4
41410.5
41467.4
41480.5
41535.211
41535.8
41569.211
41569.8
41625.211
41625.8
41664.211
41664.8
41684.211
41684.8
41699.211
41699.8
41747.4
41949.5
42039.211
42039.8
42055.211
42055.8
42087.211
42087.8
42127.211
42127.8
42181.211
42181.8
42220.211
42220.8
42609.4
42738.5
42817.8
42818.212
42875.2
42875.4
42911.5
43375.3
43875.1
44197.4
44592.5
46091.4
46196.5
46278.4
46328.5
46381.8
46410.211
46410.8
46415.211
46415.8
46422.211
46422.8
46461.211
46461.8
46484.211
46484.8
46551.4
46671.5
46735.4
46827.5
46899.211
46899.8
46925.211
46925.8
46957.211
46957.8
46980.211
46980.8
47008.211
47008.8
47079.211
47079.8
47159.211
47159.8
47268.4
47507.5
47519.4
47531.5
47585.211
47585.8
47614.211
47614.8
47625.211
47625.8
47645.211
47645.8
47676.211
47676.8
47782.4
47967.5
48080.211
48080.8
48083.211
48083.8
48136.211
48136.8
48201.4
48426.5
48491.211
48491.8
48496.211
48496.8
48500.211
48500.8
48515.211
48515.8
48521.211
48521.8
48587.211
48587.8
48674.4
49025.5
49172.8
49173.212
49218.2
49218.4
49283.5
49718.3
50218.1
50795.4
50974.5
51062.4
51351.5
51811.4
52063.5
52556.4
52560.5
52565.4
52849.5
52998.4
53059.5
53308.4
53443.5
53503.8
53549.211
53549.8
53554.211
53554.8
53597.211
53597.8
53664.4
53806.5
53919.4
53930.5
53988.211
53988.8
53998.211
53998.8
54033.211
54033.8
54099.4
54282.5
54410.211
54410.8
54441.211
54441.8
54585.4
54820.5
54821.4
54824.5
54826.4
54874.5
54934.211
54934.8
54957.211
54957.8
54968.211
54968.8
54994.211
54994.8
55023.211
55023.8
55048.211
55048.8
55052.211
55052.8
55068.211
55068.8
55074.211
55074.8
55155.4
55360.5
55438.4
55537.5
55592.8
55593.212
55642.2
55642.4
55680.5
56142.3
56642.1
58924.4
59063.5
59177.4
59369.5
59433.8
59475.211
59475.8
59497.211
59497.8
59504.211
59504.8
59510.211
59510.8
59551.211
59551.8
59685.4
59686.5
59726.4
59892.5
59978.211
59978.8
60003.211
60003.8
60094.4
60340.5
60430.211
60430.8
60696.4
60844.5
60940.8
60941.212
60997.2
60997.4
61060.5
61497.3
61997.1
62601.4
62921.5
64928.4
65020.5
67400.4
67483.5
67593.8
67596.211
67596.8
67619.211
67619.8
67691.211
67691.8
67829.4
68024.5
68199.8
68200.212
68249.2
68249.4
68295.5
68749.3
69249.1
70264.4
70397.5
70448.4
70591.5
71168.4
71187.5
71190.4
71215.5
71937.4
72372.5
72575.4
72777.5
72896.8
72929.211
72929.8
73045.4
73216.5
73520.4
73692.5
73750.8
73751.212
73797.2
73797.4
73798.5
73801.4
73851.5
74297.3
74797.1
75166.4
75282.5
75476.4
75664.5
78478.4
78613.5
78851.8
78855.211
78855.8
79007.4
79111.5
79317.211
79317.8
79358.211
79358.8
79392.211
79392.8
79502.4
79684.5
79787.211
79787.8
79822.211
79822.8
79900.4
80217.5
80227.4
80279.5
80372.8
80373.212
80415.2
80415.4
80483.5
80915.3
81415.1
84344.4
84478.5
84603.8
84629.211
84629.8
84682.211
84682.8
84838.4
84997.5
85064.211
85064.8
85101.211
85101.8
85183.211
85183.8
85382.4
85483.5
85486.4
85541.5
85623.211
85623.8
85635.211
85635.8
85645.211
85645.8
85652.211
85652.8
85666.211
85666.8
85821.4
86031.5
86130.211
86130.8
86162.211
86162.8
86475.4
86623.5
86720.8
86721.212
86778.2
86778.4
86833.5
87278.3
87778.1
88105.4
88538.5
88562.4
88985.5
89109.8
89191.4
89449.5
89509.211
89509.8
89580.211
89580.8
89640.4
89881.5
89994.211
89994.8
90064.4
90221.5
90297.4
90372.5
90457.211
90457.8
90498.211
90498.8
90529.211
90529.8
90676.4
90892.5
90988.211
90988.8
90999.211
90999.8
91007.211
91007.8
91163.4
91253.5
91317.4
91382.5
91477.211
91477.8
91486.211
91486.8
91541.4
91811.5
91898.211
91898.8
91906.211
91906.8
91926.211
91926.8
91943.211
91943.8
92023.4
92243.5
92378.211
92378.8
92426.211
92426.8
92432.211
92432.8
92525.4
92705.5
92781.4
92876.5
92938.8
92939.212
93000.2
93000.4
93002.5
93017.4
93049.5
93500.3
93825.4
94000.1
94412.5
94520.4
94535.5
94617.8
94751.4
95096.5
95322.4
95463.5
95527.4
95530.5
95531.4
95658.5
95834.8
95835.212
95908.2
95908.4
95957.5
96408.3
96908.1
97302.4
97932.5
98509.4
98959.5
98961.4
99267.5
99358.8
99401.211
99401.8
99475.4
99632.5
99694.4
99785.5
99902.8
99903.212
99909.8
99951.2
99951.4
99952.5
99954.4
99987.5
100451.3
100951.1
101113.4
101220.5
101295.4
101825.5
102152.4
102154.5
102156.4
102679.5
102804.8
102842.211
102842.8
102850.211
102850.8
102927.4
102929.5
102930.4
103147.5
103260.211
103260.8
103271.211
103271.8
103278.211
103278.8
103442.4
103445.5
103447.4
103587.5
103708.211
103708.8
103741.211
103741.8
103861.4
104072.5
104170.211
104170.8
104313.4
104433.5
104455.4
104458.5
104459.4
104622.5
104720.8
104721.212
104770.2
104770.4
104828.5
105270.3
105489.4
105575.5
105770.1
105918.4
106431.5
106574.4
106883.5
106955.8
106977.211
106977.8
106979.211
106979.8
107001.211
107001.8
107061.4
107257.5
107354.211
107354.8
107377.211
107377.8
107386.211
107386.8
107410.211
107410.8
107667.4
107791.5
107854.211
107854.8
107882.211
107882.8
107918.211
107918.8
107986.4
108199.5
108287.211
108287.8
108310.211
108310.8
108362.211
108362.8
108410.211
108410.8
108532.4
108690.5
108782.211
108782.8
108915.4
109124.5
109222.211
109222.8
109273.211
109273.8
109298.211
109298.8
109437.4
109649.5
109707.211
109707.8
109729.211
109729.8
109759.211
109759.8
109768.211
109768.8
109775.211
109775.8
109817.211
109817.8
109861.211
109861.8
110052.4
110251.5
110272.4
110315.5
110402.8
110403.212
110455.2
110455.4
110510.5
110955.3
111455.1
111666.4
111921.5
112414.4
112672.5
112900.8
113033.4
113214.5
113275.211
113275.8
113307.211
113307.8
113354.211
113354.8
113485.4
113684.5
113773.211
113773.8
113810.211
113810.8
113974.4
114035.5
114142.4
114239.5
114340.8
114341.212
114389.2
114389.4
114427.5
114889.3
115389.1
115766.4
115946.5
116469.8
116534.4
116746.5
116772.4
116802.5
116880.211
116880.8
116940.4
117269.5
117381.8
117382.212
117432.2
117432.4
117468.5
117932.3
118432.1
121019.4
121357.5
121465.8
121478.211
121478.8
121482.211
121482.8
121508.211
121508.8
121677.4
121856.5
121859.4
121904.5
121982.211
121982.8
122008.211
122008.8
122018.211
122018.8
122109.4
122348.5
122474.211
122474.8
122507.211
122507.8
122526.211
122526.8
122552.211
122552.8
122628.211
122628.8
122755.4
123032.5
123139.8
123140.212
123182.2
123182.4
123185.5
123187.4
123248.5
123682.3
123788.4
123892.5
124030.4
124182.1
124332.5
124515.4
124841.5
124937.8
124946.211
124946.8
125058.4
125228.5
125278.4
125451.5
125524.8
125525.212
125580.2
125580.4
125633.5
126080.3
126580.1
127148.4
127389.5
127631.4
127814.5
128217.4
128438.5
128819.4
128889.5
129039.8
129155.211
129155.8
129237.4
129333.5
129391.4
129527.5
129620.211
129620.8
129626.211
129626.8
129632.211
129632.8
129638.211
129638.8
129671.211
129671.8
129813.4
129866.5
129905.4
129986.5
130066.211
130066.8
130094.211
130094.8
130097.211
130097.8
130114.211
130114.8
130136.211
130136.8
130269.4
130299.5
130354.4
130364.5
130382.4
130531.5
130532.4
130577.5
130670.8
130671.212
130681.8
130729.2
130729.4
130777.5
131229.3
131729.1
132032.4
132499.5
133446.4
133901.5
134073.4
134413.5
134543.8
134623.4
134887.5
134976.211
134976.8
134990.211
134990.8
135009.211
135009.8
135078.4
135328.5
135388.211
135388.8
135423.211
135423.8
135457.211
135457.8
135493.211
135493.8
135535.211
135535.8
135635.211
135635.8
135755.4
135927.5
135946.4
135950.5
136054.211
136054.8
136092.211
136092.8
136147.4
136430.5
136512.211
136512.8
136558.211
136558.8
136630.4
136816.5
136933.211
136933.8
137143.211
137143.8
137358.4
137508.5
137622.211
137622.8
137655.211
137655.8
137716.4
137928.5
138019.211
138019.8
138046.211
138046.8
138122.4
138365.5
138453.211
138453.8
138460.211
138460.8
138474.211
138474.8
138521.211
138521.8
138741.4
138742.5
138743.4
138907.5
139018.211
139018.8
139042.211
139042.8
139046.211
139046.8
139097.4
139469.5
139518.211
139518.8
139561.211
139561.8
139710.4
139786.5
139961.211
139961.8
140003.211
140003.8
140071.211
140071.8
140222.4
140268.5
140376.211
140376.8
140538.211
140538.8
140785.4
140804.5
140906.211
140906.8
140912.211
140912.8
140917.211
140917.8
140964.4
140968.5
140970.4
141168.5
141259.211
141259.8
141289.211
141289.8
141333.211
141333.8
141473.211
141473.8
141824.4
141839.5
141911.211
141911.8
141946.211
141946.8
142010.211
142010.8
142280.4
142432.5
142523.8
142524.212
142529.8
142576.2
142576.4
142631.5
143076.3
143576.1
145940.4
146160.5
146657.4
146658.5
146661.4
146754.5
146892.4
147003.5
147181.8
147311.4
147559.5
147620.211
147620.8
147663.211
147663.8
147754.4
147905.5
147951.4
148155.5
148222.8
148223.212
148282.2
148282.4
148321.5
148782.3
149282.1
149724.4
149726.5
149734.4
149844.5
153109.4
153223.5
153365.4
153515.5
153653.4
153778.5
153859.8
153899.211
153899.8
153911.211
153911.8
153919.211
153919.8
153923.211
153923.8
154007.4
154109.5
154257.211
154257.8
154358.211
154358.8
154463.4
154606.5
154761.211
154761.8
154773.211
154773.8
154859.4
155135.5
155190.4
155269.5
155367.8
155368.212
155418.2
155418.4
155466.5
155918.3
156418.1
156872.4
157014.5
158770.4
158855.5
159036.8
159232.4
159400.5
159463.4
159541.5
159774.4
159941.5
160078.8
160079.212
160127.2
160127.4
160189.5
160627.3
161127.1
163960.4
164393.5
164471.8
164501.211
164501.8
164505.211
164505.8
164512.211
164512.8
164622.4
164892.5
164966.211
164966.8
164995.211
164995.8
165004.211
165004.8
165020.211
165020.8
165076.211
165076.8
165172.4
165322.5
165528.211
165528.8
165552.211
165552.8
165658.4
165887.5
165998.4
166047.5
166129.8
166130.212
166181.2
166181.4
166228.5
166681.3
167181.1
169135.4
169511.5
169659.8
169699.211
169699.8
169763.211
169763.8
169872.211
169872.8
169959.4
170189.5
170262.211
170262.8
170290.211
170290.8
170294.211
170294.8
170321.211
170321.8
170385.4
170600.5
170719.211
170719.8
170792.4
171036.5
171165.211
171165.8
171169.211
171169.8
171237.211
171237.8
171427.4
171513.5
171602.211
171602.8
171709.4
171891.5
171950.211
171950.8
172008.211
172008.8
172056.211
172056.8
172193.211
172193.8
172227.211
172227.8
172332.4
172509.5
172568.211
172568.8
172630.211
172630.8
172660.211
172660.8
172828.211
172828.8
172945.211
172945.8
173150.4
173237.5
173335.211
173335.8
173387.211
173387.8
173391.211
173391.8
173591.4
173761.5
173826.211
173826.8
173914.211
173914.8
174152.4
174357.5
174446.8
174447.212
174496.2
174496.4
174527.5
174996.3
175496.1
176277.4
176280.5
176283.4
176466.5
178232.4
178496.5
179335.4
179516.5
179652.8
179813.4
180000.9
123456789
10
07
15
10
07
15
10
FI
2
2
10
59
03
11
32
03
6
2
1307
0
0
0
314159265
34
349
271
180000
314159265
0.1
434.8
441.211
441.8
511.4
552.5
876.211
876.8
989.4
1024.5
1210.4
1248.5
1295.211
1295.8
1554.4
1722.5
1868.8
1869.212
1930.2
1930.4
1973.5
2430.3
2930.1
3280.4
3516.5
3639.8
3710.211
3710.8
3871.4
3966.5
3968.4
4001.5
4169.211
4169.8
4200.211
4200.8
4227.211
4227.8
4235.211
4235.8
4317.211
4317.8
4565.4
4826.5
4888.8
4889.212
4944.2
4944.4
5154.5
5444.3
5569.4
5944.1
6180.5
6282.8
6289.211
6289.8
6297.211
6297.8
6318.211
6318.8
6325.211
6325.8
6344.211
6344.8
6385.211
6385.8
6444.211
6444.8
6547.4
6771.5
6891.211
6891.8
6910.211
6910.8
6937.211
6937.8
6949.211
6949.8
6986.211
6986.8
7462.211
7462.8
7481.211
7481.8
7503.211
7503.8
7570.211
7570.8
7733.4
7905.5
7977.211
7977.8
8001.211
8001.8
8021.211
8021.8
8113.211
8113.8
8454.4
8524.5
8604.211
8604.8
8615.211
8615.8
8620.211
8620.8
8649.211
8649.8
8676.211
8676.8
8758.211
8758.8
8999.211
8999.8
9032.211
9032.8
9040.211
9040.8
9158.4
9481.5
9541.8
9542.212
9606.2
9606.4
9663.5
10106.3
10606.1
11031.4
11667.5
11883.4
11986.5
12075.8
12109.211
12109.8
12113.211
12113.8
12144.211
12144.8
12368.4
12811.5
12878.8
12879.212
12887.8
12934.2
12934.4
12987.5
13434.3
13934.1
14541.4
14934.5
15387.4
15617.5
16473.8
16625.4
16863.5
16920.211
16920.8
16924.211
16924.8
16930.211
16930.8
16955.211
16955.8
16970.211
16970.8
16993.211
16993.8
16997.211
16997.8
17152.4
17412.5
17514.8
17515.212
17568.2
17568.4
17621.5
18068.3
18568.1
20161.4
20546.5
20600.4
20819.5
20905.8
20943.211
20943.8
20947.211
20947.8
20960.211
20960.8
21020.4
21258.5
21371.211
21371.8
21389.211
21389.8
21433.211
21433.8
21494.4
21721.5
21794.4
21882.5
21950.8
21951.212
22010.2
22010.4
22068.5
22510.3
23010.1
23827.4
24742.5
25189.4
25514.5
25581.8
25607.211
25607.8
25719.4
26042.5
26170.8
26171.212
26222.2
26222.4
26296.5
26722.3
27222.1
28645.4
28914.5
29049.4
29240.5
29247.4
29378.5
29491.8
29559.211
29559.8
29643.4
29836.5
29929.4
29964.5
30016.211
30016.8
30051.211
30051.8
30081.211
30081.8
30102.211
30102.8
30198.4
30394.5
30455.4
30580.5
30661.8
30662.212
30708.2
30708.4
30775.5
31158.4
31208.3
31422.5
31556.4
31708.1
32042.5
32215.8
32227.211
32227.8
32248.211
32248.8
32296.4
32490.5
32547.4
32597.5
32654.211
32654.8
32700.4
32924.5
32983.211
32983.8
32994.211
32994.8
33001.211
33001.8
33021.211
33021.8
33052.211
33052.8
33108.4
33334.5
33462.211
33462.8
33483.211
33483.8
33531.211
33531.8
33690.4
33907.5
33997.211
33997.8
34009.211
34009.8
34032.211
34032.8
34069.211
34069.8
34241.4
34501.5
34557.211
34557.8
34597.211
34597.8
34825.4
35097.5
35170.8
35171.212
35205.8
35249.2
35249.4
35315.5
35749.3
36070.4
36249.1
36439.5
36623.4
38188.5
38192.4
39522.5
39707.4
39864.5
40648.4
41065.5
41134.8
41142.211
41142.8
41167.211
41167.8
41173.211
41173.8
41177.211
41177.8
41212.211
41212.8
41289.4
41382.5
41386.4
41388.5
41422.4
41605.5
41700.211
41700.8
41748.211
41748.8
41808.211
41808.8
41893.4
41952.5
42139.4
42176.5
42256.211
42256.8
42315.211
42315.8
42354.211
42354.8
42546.211
42546.8
42669.4
42760.5
42826.211
42826.8
42836.211
42836.8
42867.211
42867.8
42919.211
42919.8
42937.211
42937.8
42978.211
42978.8
43228.4
43252.5
43407.211
43407.8
43418.211
43418.8
43466.211
43466.8
43805.211
43805.8
43835.211
43835.8
43838.211
43838.8
43841.211
43841.8
43928.4
43984.5
44048.211
44048.8
44092.211
44092.8
44117.211
44117.8
44135.211
44135.8
44163.211
44163.8
44256.211
44256.8
44320.211
44320.8
44679.211
44679.8
44994.211
44994.8
45050.4
45157.5
45261.211
45261.8
45306.211
45306.8
45341.211
45341.8
45595.4
45619.5
45682.211
45682.8
45729.211
45729.8
45763.211
45763.8
45785.211
45785.8
45973.4
46026.5
46065.4
46073.5
46173.211
46173.8
46224.211
46224.8
46578.211
46578.8
46586.211
46586.8
46647.211
46647.8
46700.211
46700.8
47150.211
47150.8
47180.211
47180.8
47219.211
47219.8
47356.211
47356.8
47608.211
47608.8
47791.211
47791.8
48230.4
48536.5
48567.4
48657.5
48731.8
48732.212
48792.2
48792.4
48841.5
49292.3
49792.1
50664.4
50986.5
51916.4
52032.5
52124.8
52161.211
52161.8
52479.4
52733.5
52840.8
52841.212
52887.2
52887.4
52944.5
53387.3
53887.1
54253.4
54338.5
55079.4
55303.5
56476.4
56686.5
56687.4
56693.5
57219.8
57224.211
57224.8
57382.4
57576.5
57581.4
57645.5
57726.8
57727.212
57781.2
57781.4
57842.5
58281.3
58781.1
59632.4
59902.5
62551.4
62627.5
62793.8
62848.211
62848.8
62852.211
62852.8
62941.4
63161.5
63273.211
63273.8
63302.211
63302.8
63326.211
63326.8
63356.211
63356.8
63468.4
63696.5
63783.211
63783.8
63795.211
63795.8
63851.4
64108.5
64237.211
64237.8
64241.211
64241.8
64261.211
64261.8
64287.211
64287.8
64426.4
64633.5
64718.211
64718.8
64720.211
64720.8
64736.211
64736.8
64791.4
65059.5
65158.211
65158.8
65183.211
65183.8
65207.211
65207.8
65414.4
65502.5
65590.211
65590.8
65610.211
65610.8
65702.211
65702.8
65825.4
66089.5
66176.211
66176.8
66181.211
66181.8
66220.211
66220.8
66398.4
66585.5
66700.211
66700.8
66751.4
66910.5
66992.4
67017.5
67099.211
67099.8
67110.211
67110.8
67123.211
67123.8
67274.4
67451.5
67540.211
67540.8
67598.4
67903.5
67995.211
67995.8
68058.4
68254.5
68311.211
68311.8
68355.211
68355.8
68392.211
68392.8
68412.211
68412.8
68594.211
68594.8
68667.4
68685.5
69050.211
69050.8
69399.211
69399.8
69449.211
69449.8
69540.4
69755.5
69879.211
69879.8
69887.211
69887.8
69982.4
70174.5
70294.211
70294.8
70461.4
70566.5
70637.211
70637.8
70704.211
70704.8
70860.4
71017.5
71108.211
71108.8
71171.4
71311.5
71346.4
71457.5
71510.211
71510.8
71559.4
71892.5
71992.4
72207.5
72366.8
72367.212
72438.2
72438.4
72481.5
72938.3
73438.1
73929.4
74275.5
74414.4
74467.5
74550.8
74633.211
74633.8
74760.4
75020.5
75084.4
75156.5
75211.8
75212.212
75267.2
75267.4
75310.5
75767.3
76267.1
76933.4
77240.5
78084.4
78086.5
78087.4
78467.5
78901.4
79029.5
79101.8
79259.4
79560.5
79632.4
79779.5
79840.8
79841.212
79895.2
79895.4
79897.5
79898.4
79968.5
80395.3
80895.1
81341.4
81576.5
82268.4
82692.5
82785.8
82877.4
83065.5
83122.4
83125.5
83126.4
83215.5
83307.8
83308.212
83355.2
83355.4
83410.5
83855.3
84355.1
86285.4
86468.5
87722.8
87816.4
88056.5
88111.4
88117.5
88119.4
88325.5
88397.8
88398.212
88457.2
88457.4
88517.5
88957.3
89457.1
92030.4
92441.5
92927.4
93023.5
93182.8
93279.4
93596.5
93667.211
93667.8
93760.4
93953.5
94012.4
94103.5
94247.8
94248.212
94306.2
94306.4
94344.5
94806.3
95306.1
99078.4
99313.5
99450.8
99507.4
99771.5
99866.211
99866.8
99868.211
99868.8
99970.4
100121.5
100169.4
100283.5
100365.211
100365.8
100453.4
100784.5
100867.8
100868.212
100871.8
100909.2
100909.4
100960.5
101371.4
101409.3
101474.5
101760.4
101909.1
102352.5
102457.8
102562.4
102883.5
102943.211
102943.8
102972.211
102972.8
102984.211
102984.8
103042.4
103372.5
103477.211
103477.8
103503.211
103503.8
103526.211
103526.8
103594.4
103888.5
103934.4
103974.5
104072.8
104073.212
104121.2
104121.4
104168.5
104621.3
104725.4
104796.5
105121.1
105431.4
106538.5
106644.8
106681.211
106681.8
106690.211
106690.8
106783.4
106784.5
106789.4
107013.5
107078.211
107078.8
107109.211
107109.8
107154.4
107457.5
107594.211
107594.8
107599.211
107599.8
107612.211
107612.8
107638.211
107638.8
107748.4
107970.5
108102.211
108102.8
108111.211
108111.8
108151.211
108151.8
108270.4
108453.5
108519.4
108610.5
108672.8
108673.212
108726.2
108726.4
108777.5
109226.3
109726.1
110532.4
111100.5
111324.4
111464.5
111576.8
111610.211
111610.8
111666.211
111666.8
111671.211
111671.8
111745.4
112012.5
112101.211
112101.8
112141.211
112141.8
112203.4
112431.5
112524.211
112524.8
112526.211
112526.8
112560.211
112560.8
112561.211
112561.8
112637.4
113000.5
113076.4
113079.5
113081.4
113217.5
113271.8
113272.212
113318.2
113318.4
113322.5
113323.4
113383.5
113818.3
114099.4
114282.5
114318.1
114520.8
114527.211
114527.8
114560.211
114560.8
114827.4
114838.5
114927.4
114995.5
115077.8
115078.212
115130.2
115130.4
115181.5
115630.3
116130.1
116881.4
117018.5
118054.4
118176.5
118278.8
118291.211
118291.8
118320.211
118320.8
118335.211
118335.8
118411.4
118553.5
118793.211
118793.8
118893.4
119051.5
119098.4
119126.5
119292.211
119292.8
119588.4
119671.5
119744.211
119744.8
119775.211
119775.8
119845.4
120070.5
120181.211
120181.8
120203.211
120203.8
120223.211
120223.8
120385.4
120468.5
120482.4
120519.5
120620.211
120620.8
120702.211
120702.8
120709.211
120709.8
121024.4
121103.5
121199.211
121199.8
121202.211
121202.8
121218.211
121218.8
121348.4
121365.5
121455.211
121455.8
121487.211
121487.8
121492.211
121492.8
121500.211
121500.8
121543.211
121543.8
122031.211
122031.8
122061.211
122061.8
122068.211
122068.8
122089.211
122089.8
122094.211
122094.8
122155.211
122155.8
122364.211
122364.8
122428.211
122428.8
122638.4
122656.5
122720.211
122720.8
122758.211
122758.8
122863.211
122863.8
123097.4
123117.5
123237.211
123237.8
123314.211
123314.8
123422.4
123574.5
123668.211
123668.8
123760.4
123997.5
124055.211
124055.8
124108.211
124108.8
124323.4
124479.5
124562.211
124562.8
124645.4
124649.5
124681.4
124707.5
124717.4
124949.5
125055.211
125055.8
125334.4
125386.5
125443.211
125443.8
125487.211
125487.8
125518.211
125518.8
125934.4
125937.5
125938.4
125952.5
126020.8
126021.212
126079.2
126079.4
126138.5
126579.3
127079.1
127820.4
127972.5
128173.4
128354.5
129507.4
129782.5
129891.4
129960.5
130030.8
130067.211
130067.8
130167.4
130395.5
130529.211
130529.8
130603.4
131015.5
131073.8
131074.212
131123.2
131123.4
131174.5
131623.3
132123.1
136409.8
136505.4
136746.5
136812.4
136863.5
136921.8
136922.212
136976.2
136976.4
137078.5
137236.4
137300.5
137476.3
137873.4
137880.5
137883.4
137976.1
138115.5
138599.4
138724.5
139598.8
139726.4
139727.5
139728.4
140104.5
140122.4
140219.5
140309.8
140310.212
140355.2
140355.4
140357.5
140360.4
140431.5
140855.3
141146.4
141355.1
141462.5
141980.4
142234.5
142598.4
142680.5
142747.8
142800.4
143057.5
143163.211
143163.8
143260.4
143423.5
143494.4
143665.5
143721.8
143722.212
143724.8
143774.2
143774.4
143805.5
144274.3
144774.1
145296.4
145417.5
146104.4
146119.5
146122.4
146284.5
147339.4
147667.5
147762.8
147798.211
147798.8
147915.4
148125.5
148183.211
148183.8
148214.211
148214.8
148286.4
148596.5
148680.211
148680.8
148708.211
148708.8
148726.211
148726.8
148919.211
148919.8
148930.211
148930.8
149025.4
149253.5
149302.4
149369.5
149436.8
149437.212
149478.2
149478.4
149520.5
149978.3
150478.1
154303.4
154466.5
154669.8
154699.211
154699.8
154702.211
154702.8
154884.4
155036.5
155169.211
155169.8
155362.4
155505.5
155592.4
155594.5
155597.4
155633.5
155694.8
155695.212
155746.2
155746.4
155803.5
156246.3
156746.1
157100.4
157287.5
160195.4
160415.5
160519.4
161016.5
161135.8
161226.4
161469.5
161522.4
161647.5
161717.8
161718.212
161766.2
161766.4
161847.5
162266.3
162766.1
163831.4
163833.5
163837.4
164111.5
164264.8
164279.211
164279.8
164281.211
164281.8
164287.211
164287.8
164300.211
164300.8
164421.4
164693.5
164795.211
164795.8
164801.211
164801.8
164813.211
164813.8
164862.211
164862.8
164943.4
165156.5
165356.4
165681.5
165762.4
165850.5
165928.8
165929.212
165984.2
165984.4
166072.5
166484.3
166984.1
169730.4
169732.5
169733.4
169917.5
170200.4
170339.5
170542.4
170829.5
170929.8
171037.4
171251.5
171407.211
171407.8
171412.211
171412.8
171445.211
171445.8
171558.4
171741.5
171810.4
171901.5
171967.8
171968.212
172018.2
172018.4
172126.5
172242.4
172304.5
172491.4
172518.3
172664.5
172688.4
172837.5
173018.1
173369.4
174046.5
174048.4
174053.5
174136.4
174301.5
174311.4
174320.5
174328.4
174435.5
174539.4
174578.5
174995.4
175085.5
175552.8
175631.4
176168.5
176234.8
176235.212
176282.2
176282.4
176340.5
176782.3
180000.9
123456789
10
08
15
10
08
15
10
FI
2
2
10
47
04
11
20
04
6
2
863
0
0
0
314159265
28
212
190
180000
314159265
0.1
187.8
490.211
490.8
581.4
642.5
704.211
704.8
733.211
733.8
739.211
739.8
1282.8
1283.212
1344.2
1344.4
1394.5
1844.3
2344.1
2615.4
2968.5
3049.8
3060.211
3060.8
3070.211
3070.8
3307.4
3427.5
3495.211
3495.8
3503.211
3503.8
3514.211
3514.8
3519.211
3519.8
3544.211
3544.8
3560.211
3560.8
3588.211
3588.8
3893.4
3911.5
3973.211
3973.8
4004.211
4004.8
4021.211
4021.8
4039.211
4039.8
4204.4
4463.5
4779.8
4780.212
4834.2
4834.4
4892.5
5334.3
5834.1
6642.4
6837.5
7197.4
7695.5
7807.8
7812.211
7812.8
7851.211
7851.8
7939.4
7967.5
8306.211
8306.8
8336.211
8336.8
8443.211
8443.8
8447.211
8447.8
8641.4
8643.5
8645.4
8686.5
8833.4
8842.5
8931.211
8931.8
8956.211
8956.8
9045.211
9045.8
9422.211
9422.8
9477.211
9477.8
9816.4
9977.5
10037.8
10038.212
10081.2
10081.4
10127.5
10581.3
11081.1
11696.4
12351.5
12629.8
12772.4
13056.5
13148.8
13149.212
13198.2
13198.4
13211.5
13218.4
13236.5
13698.3
14198.1
15070.4
15488.5
16401.8
16483.4
16652.5
16750.211
16750.8
16936.4
17163.5
17279.8
17280.212
17325.2
17325.4
17390.5
17825.3
18325.1
18672.4
18839.5
21000.8
21112.4
21464.5
21522.8
21523.212
21571.2
21571.4
21650.5
22071.3
22571.1
22826.4
23026.5
23373.4
23537.5
23755.8
23813.211
23813.8
23880.4
24143.5
24144.4
24185.5
24259.211
24259.8
24289.211
24289.8
24295.211
24295.8
24310.211
24310.8
24365.4
24555.5
24738.211
24738.8
24746.211
24746.8
24777.211
24777.8
24840.4
25199.5
25273.211
25273.8
25306.211
25306.8
25382.211
25382.8
25459.4
25675.5
25754.4
25856.5
25949.8
25950.212
25998.2
25998.4
26051.5
26498.3
26998.1
27481.4
27678.5
28110.4
28355.5
28570.4
28686.5
28755.4
28802.5
28890.8
28930.211
28930.8
28937.211
28937.8
29087.4
29350.5
29452.8
29453.212
29499.2
29499.4
29552.5
29999.3
30499.1
34359.8
34488.4
34556.5
34704.211
34704.8
34707.211
34707.8
34743.211
34743.8
34782.211
34782.8
35021.4
35189.5
35282.211
35282.8
35294.211
35294.8
35325.211
35325.8
35330.211
35330.8
35367.211
35367.8
35553.4
35752.5
35846.211
35846.8
35850.211
35850.8
35909.4
36035.5
36091.4
36093.5
36096.4
36222.5
36335.211
36335.8
36385.4
36658.5
36788.211
36788.8
36852.4
37132.5
37271.211
37271.8
37298.211
37298.8
37303.211
37303.8
37329.211
37329.8
37600.4
37645.5
37705.211
37705.8
37738.211
37738.8
37793.211
37793.8
37964.4
38198.5
38290.211
38290.8
38326.211
38326.8
38862.4
38893.5
39041.8
39042.212
39104.2
39104.4
39150.5
39604.3
40104.1
40616.4
40704.5
40712.4
41038.5
41723.4
41785.5
41893.4
41897.5
41907.4
41925.5
41987.8
42022.211
42022.8
42027.211
42027.8
42074.211
42074.8
42140.4
42486.5
42590.8
42591.212
42639.2
42639.4
42689.5
43139.3
43639.1
44330.4
44416.5
46595.4
47028.5
47148.8
47152.211
47152.8
47397.4
47588.5
47693.8
47694.212
47754.2
47754.4
47758.5
47759.4
47818.5
48254.3
48754.1
51502.4
51734.5
51913.8
51916.211
51916.8
52015.4
52198.5
52256.211
52256.8
52291.211
52291.8
52321.211
52321.8
52427.4
52637.5
52751.211
52751.8
52763.211
52763.8
52793.211
52793.8
54438.4
54491.5
54550.8
54551.212
54613.2
54613.4
54713.5
55113.3
55613.1
56792.4
57066.5
58970.4
59096.5
59183.8
59219.211
59219.8
59269.4
59365.5
59545.211
59545.8
59550.211
59550.8
59570.211
59570.8
59577.211
59577.8
59697.211
59697.8
59701.211
59701.8
59856.4
60026.5
60165.211
60165.8
60272.4
60273.5
60278.4
60574.5
60651.4
60723.5
60803.8
60804.212
60854.2
60854.4
60857.5
60858.4
60897.5
61354.3
61854.1
65448.4
65559.5
65744.8
65818.211
65818.8
65935.4
65986.5
66254.211
66254.8
66257.211
66257.8
66271.211
66271.8
66443.4
66605.5
66674.4
66707.5
66799.8
66800.212
66858.2
66858.4
66938.5
67358.3
67858.1
68392.4
68552.5
70931.4
71580.5
71733.8
71976.4
72249.5
72368.8
72369.212
72421.2
72421.4
72484.5
72921.3
73421.1
75235.4
75395.5
76101.4
76625.5
76898.4
77038.5
77156.8
77163.211
77163.8
77205.211
77205.8
77628.4
77878.5
77950.8
77951.212
78006.2
78006.4
78065.5
78506.3
79006.1
80101.4
80390.5
83608.4
83622.5
83625.4
83899.5
84033.8
84222.4
84333.5
84610.8
84611.212
84681.2
84681.4
84712.5
85181.3
85512.4
85602.5
85681.1
85948.4
86094.5
86703.4
87002.5
87689.4
87912.5
89125.4
89373.5
89662.8
89704.211
89704.8
89709.211
89709.8
89836.4
89991.5
90095.211
90095.8
90102.211
90102.8
90125.211
90125.8
90137.211
90137.8
90172.211
90172.8
90175.211
90175.8
90183.211
90183.8
90426.4
90462.5
90574.211
90574.8
90609.211
90609.8
90656.211
90656.8
90699.211
90699.8
90873.4
91075.5
91180.211
91180.8
91308.4
91539.5
91725.8
91726.212
91783.2
91783.4
91834.5
92283.3
92783.1
93783.4
93950.5
94185.4
94538.5
95465.4
95782.5
99561.4
99608.5
101528.8
101540.211
101540.8
101577.211
101577.8
101841.4
101954.5
102028.211
102028.8
102076.211
102076.8
102080.211
102080.8
102128.211
102128.8
102151.211
102151.8
102392.4
102495.5
102606.211
102606.8
102618.211
102618.8
103239.4
103285.5
103345.8
103346.212
103409.2
103409.4
103473.5
103909.3
104409.1
105379.4
105493.5
111462.4
111546.5
111620.4
111694.5
111793.8
111822.211
111822.8
111867.211
111867.8
111883.211
111883.8
111967.4
112027.5
112173.4
112207.5
112297.211
112297.8
112311.211
112311.8
112342.211
112342.8
112351.211
112351.8
112356.211
112356.8
112387.211
112387.8
112391.211
112391.8
112745.4
112862.5
112933.8
112934.212
112987.2
112987.4
113058.5
113487.3
113987.1
117480.8
117528.211
117528.8
117654.4
117788.5
117911.211
117911.8
117980.211
117980.8
117991.211
117991.8
118161.4
118347.5
118368.4
118427.5
118490.211
118490.8
118530.211
118530.8
118566.211
118566.8
118582.211
118582.8
118596.211
118596.8
118602.211
118602.8
118766.4
118966.5
119029.4
119082.5
119172.8
119173.212
119219.2
119219.4
119257.5
119719.3
120219.1
122870.4
123318.5
123862.4
124050.5
124175.4
124214.5
124330.8
124334.211
124334.8
124385.211
124385.8
124472.4
124476.5
124477.4
124636.5
124703.4
124757.5
124824.211
124824.8
124852.211
124852.8
125068.4
125255.5
125409.8
125410.212
125477.2
125477.4
125537.5
125977.3
126477.1
130638.4
130881.5
131140.4
131329.5
131808.8
131815.211
131815.8
131961.4
132165.5
132352.4
132473.5
132533.4
132620.5
132695.4
132792.5
132854.8
132855.212
132910.2
132910.4
132947.5
133410.3
133910.1
137882.4
138080.5
139015.4
139167.5
140092.4
140256.5
140419.8
140445.211
140445.8
140496.211
140496.8
140640.4
140732.5
140842.4
140887.5
140989.211
140989.8
141012.211
141012.8
141227.4
141358.5
141456.211
141456.8
141492.211
141492.8
141497.211
141497.8
141507.211
141507.8
141752.4
141883.5
141945.4
142028.5
142115.8
142116.212
142164.2
142164.4
142208.5
142664.3
143164.1
144394.4
144468.5
145291.4
145297.5
145301.4
145728.5
147794.4
148051.5
148740.4
148967.5
149451.4
149527.5
149603.4
149608.5
149609.4
149774.5
149886.8
149896.211
149896.8
149916.211
149916.8
149923.211
149923.8
149928.211
149928.8
149978.211
149978.8
149982.211
149982.8
150188.4
150366.5
150466.211
150466.8
150498.211
150498.8
151013.4
151146.5
151210.8
151211.212
151265.2
151265.4
151299.5
151765.3
152265.1
152823.4
152951.5
153082.4
153642.5
156269.4
156523.5
156634.8
156679.211
156679.8
156692.211
156692.8
156882.4
157129.5
157248.4
157390.5
157452.8
157453.212
157510.2
157510.4
157592.5
157716.4
157787.5
158008.4
158010.3
158131.5
158510.1
158835.4
160373.5
160711.4
161125.5
161181.4
161452.5
161631.8
161751.4
161882.5
161957.4
162079.5
162220.4
162253.5
162321.8
162322.212
162379.2
162379.4
162444.5
162879.3
163379.1
163696.4
163790.5
164315.4
164757.5
165831.4
166079.5
167037.4
167207.5
173056.4
173087.5
173532.8
173536.211
173536.8
174266.4
174333.5
174425.8
174426.212
174509.2
174509.4
174642.5
175009.3
175509.1
175566.4
175813.5
176719.4
176812.5
177130.4
177563.5
179026.4
180000.9
123456789
10
09
15
10
09
15
10
FI
2
2
10
48
01
11
21
01
6
2
1094
0
0
0
314159265
29
271
246
180000
314159265
0.1
9.8
421.211
421.8
487.4
567.5
618.211
618.8
746.4
821.5
992.4
1002.5
1006.4
1043.5
1093.211
1093.8
1119.211
1119.8
1165.211
1165.8
1229.4
1450.5
1700.8
1701.212
1747.2
1747.4
1786.5
2247.3
2747.1
3241.4
3634.5
3772.8
3893.211
3893.8
3912.211
3912.8
3925.211
3925.8
4155.4
4264.5
4340.211
4340.8
4346.211
4346.8
4350.211
4350.8
4383.211
4383.8
4523.211
4523.8
4744.4
4830.5
4913.211
4913.8
4919.211
4919.8
4925.211
4925.8
4939.211
4939.8
4942.211
4942.8
5067.4
5250.5
5333.4
5396.5
5473.8
5474.212
5524.2
5524.4
5621.5
5967.4
6024.3
6330.5
6412.4
6524.1
6568.5
6693.4
6804.5
6860.8
6882.211
6882.8
6893.211
6893.8
6925.211
6925.8
6979.211
6979.8
7171.4
7409.5
7496.8
7497.212
7546.2
7546.4
7585.5
8046.3
8546.1
9126.4
9408.5
10426.4
10569.5
10573.4
10624.5
10754.8
10945.4
11088.5
11222.211
11222.8
11227.211
11227.8
11236.211
11236.8
11245.211
11245.8
11435.4
11639.5
11647.4
11668.5
11760.8
11761.212
11809.2
11809.4
11843.5
12309.3
12809.1
16065.8
16210.4
16465.5
16559.211
16559.8
16561.211
16561.8
16592.211
16592.8
16599.211
16599.8
16718.4
17052.5
17108.8
17109.212
17152.2
17152.4
17192.5
17652.3
18152.1
18825.4
19359.5
19711.4
20327.5
20504.4
20603.5
20722.8
20738.211
20738.8
20791.4
21050.5
21122.211
21122.8
21147.211
21147.8
21156.211
21156.8
21180.211
21180.8
21185.211
21185.8
21193.211
21193.8
21258.4
21478.5
21575.4
21579.5
21655.211
21655.8
21666.211
21666.8
21674.211
21674.8
21687.211
21687.8
21725.211
21725.8
21745.211
21745.8
21804.4
21963.5
21996.4
22141.5
22225.211
22225.8
22257.211
22257.8
22286.211
22286.8
22302.211
22302.8
22341.211
22341.8
22471.4
22472.5
22511.4
22615.5
22732.211
22732.8
22750.211
22750.8
22757.211
22757.8
22765.211
22765.8
22776.211
22776.8
22834.211
22834.8
22985.4
23156.5
23241.211
23241.8
23261.211
23261.8
23312.211
23312.8
23375.4
23569.5
23631.4
23704.5
23801.211
23801.8
23852.211
23852.8
23921.4
24202.5
24286.211
24286.8
24302.211
24302.8
24327.211
24327.8
24333.211
24333.8
24355.211
24355.8
24474.4
24698.5
24753.211
24753.8
24793.211
24793.8
24801.211
24801.8
24825.211
24825.8
24953.4
25113.5
25171.4
25402.5
25458.8
25459.212
25507.2
25507.4
25510.5
25511.4
25570.5
26007.3
26507.1
27595.4
27600.5
27601.4
28058.5
28711.4
28904.5
31811.4
31971.5
32028.4
32071.5
32131.8
32152.211
32152.8
32219.4
32324.5
32434.211
32434.8
32447.211
32447.8
32456.211
32456.8
32505.211
32505.8
32600.211
32600.8
32609.211
32609.8
32838.4
33024.5
33125.8
33126.212
33174.2
33174.4
33218.5
33674.3
34174.1
35307.4
35315.5
35319.4
35546.5
35855.4
36193.5
36335.8
36346.211
36346.8
36391.211
36391.8
36463.211
36463.8
36616.4
36620.5
36625.4
36629.5
36656.4
36709.5
36793.211
36793.8
36797.211
36797.8
36832.211
36832.8
36863.211
36863.8
36866.211
36866.8
36886.211
36886.8
36902.211
36902.8
36932.211
36932.8
37141.4
37414.5
37499.8
37500.212
37551.2
37551.4
37594.5
38051.3
38551.1
39117.4
39339.5
40150.4
40541.5
41265.4
41381.5
41592.8
41598.211
41598.8
41637.211
41637.8
41925.4
41994.5
42114.211
42114.8
42203.211
42203.8
42282.4
42459.5
42511.4
42615.5
42702.211
42702.8
42778.211
42778.8
42785.211
42785.8
42826.211
42826.8
42857.211
42857.8
43009.4
43011.5
43013.4
43242.5
43325.211
43325.8
43362.211
43362.8
43384.211
43384.8
43882.4
44063.5
44120.8
44121.212
44182.2
44182.4
44239.5
44682.3
45182.1
45736.4
45738.5
45746.4
46037.5
47191.4
47866.5
48060.8
48179.4
48362.5
48424.4
48460.5
48521.211
48521.8
48536.211
48536.8
48563.211
48563.8
48596.211
48596.8
48779.4
48952.5
48982.4
49042.5
49111.8
49112.212
49116.8
49164.2
49164.4
49216.5
49664.3
50164.1
52484.4
52548.5
52646.4
52763.5
52996.8
53021.211
53021.8
53053.211
53053.8
53173.4
53354.5
53392.4
53399.5
53400.4
53403.5
53499.211
53499.8
53505.211
53505.8
53534.211
53534.8
53675.4
53940.5
53993.211
53993.8
54002.211
54002.8
54007.211
54007.8
54027.211
54027.8
54033.211
54033.8
54056.211
54056.8
54084.211
54084.8
54145.4
54282.5
54350.4
54408.5
54470.211
54470.8
54497.211
54497.8
54508.211
54508.8
54527.211
54527.8
54547.211
54547.8
54585.211
54585.8
54758.4
54912.5
54997.211
54997.8
55012.211
55012.8
55043.211
55043.8
55117.211
55117.8
55247.4
55477.5
55567.211
55567.8
55583.211
55583.8
55594.211
55594.8
55608.211
55608.8
55678.4
55887.5
55981.4
55984.5
55985.4
55998.5
56096.211
56096.8
56170.211
56170.8
56174.211
56174.8
56294.211
56294.8
56472.4
56523.5
56603.211
56603.8
56637.211
56637.8
57092.4
57214.5
57382.8
57383.212
57441.2
57441.4
57481.5
57941.3
58441.1
58577.4
58667.5
59027.4
59482.5
60226.4
60336.5
61387.4
61471.5
61578.8
61622.211
61622.8
61696.4
61745.5
61828.4
61832.5
61833.4
61995.5
62055.211
62055.8
62085.211
62085.8
62144.211
62144.8
62251.4
62482.5
62494.4
62546.5
62624.211
62624.8
62651.211
62651.8
62709.211
62709.8
62768.4
63064.5
63146.4
63170.5
63271.8
63272.212
63326.2
63326.4
63383.5
63826.3
63964.4
64034.5
64163.4
64228.5
64326.1
64634.4
64742.5
64848.4
65487.5
65781.4
66249.5
66426.8
66567.4
66965.5
67025.8
67026.212
67099.2
67099.4
67262.5
67599.3
68099.1
69221.4
69224.5
69227.4
69435.5
69699.4
69952.5
71518.4
71739.5
71883.8
71922.211
71922.8
71926.211
71926.8
71945.211
71945.8
71964.211
71964.8
72081.4
72222.5
72411.211
72411.8
72454.211
72454.8
72484.211
72484.8
72643.4
72820.5
72841.4
72922.5
72988.8
72989.212
73041.2
73041.4
73075.5
73541.3
74041.1
74751.4
75176.5
78868.4
78939.5
79375.4
79553.5
79701.8
79747.211
79747.8
79885.4
80138.5
80225.211
80225.8
80246.211
80246.8
80269.211
80269.8
80310.211
80310.8
80405.4
80533.5
80599.4
80688.5
80772.211
80772.8
80814.211
80814.8
80826.211
80826.8
80854.211
80854.8
81035.4
81218.5
81286.211
81286.8
81319.211
81319.8
81325.211
81325.8
81360.211
81360.8
81529.4
81741.5
81892.8
81893.212
81956.2
81956.4
81991.5
82456.3
82956.1
83764.4
83769.5
83773.4
83961.5
87749.4
87909.5
87968.8
88002.211
88002.8
88049.211
88049.8
88168.4
88290.5
88369.4
88461.5
88523.211
88523.8
88544.211
88544.8
88605.211
88605.8
88694.4
88853.5
88916.4
89065.5
89120.8
89121.212
89176.2
89176.4
89243.5
89676.3
89887.4
89969.5
90148.4
90176.1
90237.5
90937.4
91414.5
93772.4
93981.5
94130.8
94194.211
94194.8
94302.4
94472.5
94524.4
94670.5
94771.8
94772.212
94822.2
94822.4
94876.5
95322.3
95822.1
96518.4
96588.5
97028.4
97239.5
98964.4
99247.5
99379.4
99705.5
99881.8
99928.211
99928.8
100080.4
100293.5
100379.211
100379.8
100429.211
100429.8
100505.4
100761.5
100837.211
100837.8
100849.211
100849.8
100888.211
100888.8
101070.4
101197.5
101208.4
101351.5
101432.8
101433.212
101484.2
101484.4
101537.5
101984.3
102484.1
104296.4
104301.5
104302.4
104383.5
104470.4
104671.5
104859.4
105071.5
105660.4
105741.5
105924.8
105969.211
105969.8
106007.211
106007.8
106013.211
106013.8
106312.4
106404.5
106514.8
106515.212
106565.2
106565.4
106568.5
106569.4
106626.5
107065.3
107565.1
108251.4
108522.5
112003.4
112025.5
112032.4
112106.5
112417.4
112419.5
112424.4
112479.5
113310.4
113379.5
113675.4
113678.5
113740.4
113858.5
113969.8
114012.211
114012.8
114215.4
114298.5
114374.4
114409.5
114506.211
114506.8
114540.211
114540.8
114569.211
114569.8
114589.211
114589.8
114732.4
114903.5
114927.4
114980.5
115065.211
115065.8
115178.4
115360.5
115452.4
115514.5
115577.8
115578.212
115635.2
115635.4
115677.5
116135.3
116635.1
119940.4
120045.5
120425.8
120517.211
120517.8
120653.4
120820.5
120893.4
120919.5
121002.211
121002.8
121011.211
121011.8
121043.211
121043.8
121106.211
121106.8
121111.211
121111.8
121223.4
121385.5
121438.4
121481.5
121690.8
121691.212
121749.2
121749.4
121789.5
122249.3
122749.1
129080.4
129081.5
129084.4
129095.5
129234.8
129311.211
129311.8
129360.211
129360.8
129556.4
129651.5
129678.4
129687.5
129688.4
129700.5
129716.4
129821.5
129891.8
129892.212
129950.2
129950.4
130024.5
130450.3
130950.1
137473.4
137477.5
137479.4
137636.5
138114.4
138177.5
138260.8
138314.211
138314.8
138466.4
138614.5
138629.4
138731.5
138786.211
138786.8
138793.211
138793.8
138819.211
138819.8
138877.211
138877.8
139138.4
139277.5
139377.211
139377.8
139447.211
139447.8
139556.4
139765.5
139810.4
139862.5
139954.8
139955.212
140011.2
140011.4
140065.5
140511.3
141011.1
141632.4
141785.5
141989.4
142388.5
143390.4
143546.5
144301.4
144447.5
144690.4
144760.5
145035.8
145231.4
145428.5
145528.211
145528.8
145536.211
145536.8
145618.4
145790.5
145956.211
145956.8
146010.211
146010.8
146048.211
146048.8
146149.211
146149.8
146276.4
146549.5
146676.8
146677.212
146726.2
146726.4
146729.5
146730.4
146796.5
147226.3
147726.1
148450.4
148459.5
148460.4
148718.5
149339.4
149630.5
150528.4
150587.5
150980.4
151113.5
151331.4
151580.5
151671.8
151678.211
151678.8
151696.211
151696.8
151719.211
151719.8
151813.4
152118.5
152223.8
152224.212
152271.2
152271.4
152275.5
152276.4
152327.5
152771.3
153271.1
158347.4
158351.5
158354.4
158515.5
159224.8
159230.211
159230.8
159353.211
159353.8
159474.4
159578.5
159681.4
159695.5
159696.4
159843.5
159951.8
159952.212
160000.2
160000.4
160046.5
160500.3
160877.4
160881.5
160882.4
160948.5
161000.1
161398.4
161685.5
162115.4
162215.5
163964.4
164258.5
164435.4
164659.5
164841.4
164931.5
165053.8
165101.211
165101.8
165175.4
165341.5
165398.4
165496.5
165612.8
165613.212
165665.2
165665.4
165668.5
165669.4
165705.5
166165.3
166665.1
167470.4
167559.5
169606.4
170086.5
170631.4
170705.5
170792.4
170861.5
170958.8
171023.211
171023.8
171032.211
171032.8
171116.211
171116.8
171280.4
171445.5
171511.4
171574.5
171676.8
171677.212
171740.2
171740.4
171768.5
172240.3
172740.1
176344.4
176448.5
176730.8
177275.8
177276.212
177330.2
177330.4
177370.5
177830.3
180000.9
123456789
10
10
15
10
10
15
10
FI
2
2
10
48
30
11
21
30
6
2
556
0
0
0
314159265
13
139
125
180000
314159265
0.1
442.8
1140.8
1141.212
1194.2
1194.4
1338.5
1559.4
1694.3
1705.5
2194.1
2678.8
2788.211
2788.8
3001.4
3014.5
3469.4
3479.5
3554.8
3555.212
3616.2
3616.4
3745.5
4116.3
4616.1
4648.4
4725.5
5398.4
5504.5
5913.4
6280.5
6479.4
6603.5
6766.8
6770.211
6770.8
6795.211
6795.8
6801.211
6801.8
6812.211
6812.8
6985.4
7239.5
7336.211
7336.8
7343.211
7343.8
7349.211
7349.8
7361.211
7361.8
7402.211
7402.8
7658.4
7735.5
8232.4
8436.5
8529.4
8660.5
8727.8
8728.212
8786.2
8786.4
8788.5
8796.4
8827.5
9286.3
9786.1
10663.4
10869.5
14041.4
14228.5
14391.4
14621.5
14726.4
14730.5
14732.4
14808.5
14916.8
14928.211
14928.8
15018.4
15217.5
15218.4
15344.5
15428.211
15428.8
15433.211
15433.8
15448.211
15448.8
15455.211
15455.8
15506.211
15506.8
15568.4
15736.5
15909.211
15909.8
15916.211
15916.8
15944.211
15944.8
15948.211
15948.8
15994.211
15994.8
16210.4
16353.5
16509.211
16509.8
16671.4
16753.5
16921.211
16921.8
16934.211
16934.8
16978.211
16978.8
17007.211
17007.8
17085.211
17085.8
17207.4
17477.5
17581.211
17581.8
17620.211
17620.8
17713.4
17715.5
17723.4
17982.5
18035.211
18035.8
18075.211
18075.8
18078.211
18078.8
18103.211
18103.8
18128.211
18128.8
18951.4
19001.5
19114.8
19115.212
19163.2
19163.4
19213.5
19663.3
20163.1
20896.4
21006.5
21223.4
21436.5
21954.4
22368.5
22607.4
23031.5
23252.4
23341.5
23541.8
23545.211
23545.8
23579.211
23579.8
23610.211
23610.8
23625.211
23625.8
23710.4
23948.5
24042.211
24042.8
24065.211
24065.8
24072.211
24072.8
24076.211
24076.8
24104.211
24104.8
24129.211
24129.8
24310.4
24560.5
24621.211
24621.8
24647.211
24647.8
24691.211
24691.8
24695.211
24695.8
24710.211
24710.8
24864.4
25058.5
25215.211
25215.8
25281.4
25594.5
25698.211
25698.8
25710.211
25710.8
25722.211
25722.8
25730.211
25730.8
25815.211
25815.8
25969.4
26112.5
26175.4
26204.5
26270.211
26270.8
26312.211
26312.8
26350.211
26350.8
26589.4
26652.5
26675.4
26801.5
26894.211
26894.8
26937.211
26937.8
27000.4
27001.5
27005.4
27123.5
27308.211
27308.8
27341.211
27341.8
27348.211
27348.8
27576.4
27602.5
27707.211
27707.8
27742.211
27742.8
27770.211
27770.8
27774.211
27774.8
27963.211
27963.8
28137.4
28354.5
28412.211
28412.8
28449.211
28449.8
28527.211
28527.8
29092.4
29255.5
29350.8
29351.212
29412.2
29412.4
29639.5
29912.3
30412.1
30963.4
31229.5
31359.4
31704.5
33040.4
33441.5
33559.8
33563.211
33563.8
33653.4
33855.5
34003.211
34003.8
34012.211
34012.8
34051.211
34051.8
34054.211
34054.8
34084.211
34084.8
34228.4
34412.5
34456.4
34550.5
34650.211
34650.8
34692.211
34692.8
34924.4
34989.5
35184.211
35184.8
35188.211
35188.8
35228.211
35228.8
35271.211
35271.8
35590.4
35592.5
35593.4
35678.5
35789.211
35789.8
35795.211
35795.8
35808.211
35808.8
36578.4
36580.5
36582.4
37469.5
37614.8
37615.212
37670.2
37670.4
37747.5
38170.3
38670.1
44918.4
45114.5
45393.4
45651.5
45759.8
45765.211
45765.8
45819.211
45819.8
45940.211
45940.8
46051.4
46165.5
46286.211
46286.8
46304.211
46304.8
46559.4
46739.5
46831.211
46831.8
46878.211
46878.8
46910.211
46910.8
47270.4
47467.5
47579.8
47580.212
47630.2
47630.4
47665.5
48130.3
48630.1
49970.4
50237.5
53052.4
53095.5
53189.8
53203.211
53203.8
53362.4
53484.5
53537.4
53676.5
53745.211
53745.8
53777.211
53777.8
54151.4
54272.5
54385.8
54386.212
54432.2
54432.4
54435.5
54437.4
54489.5
54932.3
55432.1
56836.4
56949.5
57171.4
57301.5
57581.4
58033.5
59502.4
59778.5
62659.4
62943.5
63281.8
63456.4
63513.5
63748.211
63748.8
63834.211
63834.8
63990.4
64302.5
64405.211
64405.8
64409.211
64409.8
64416.211
64416.8
64787.4
64944.5
65112.8
65113.212
65161.2
65161.4
65229.5
65661.3
66161.1
67077.4
67293.5
68208.4
68490.5
71727.8
72099.4
72146.5
72237.211
72237.8
72248.211
72248.8
72283.211
72283.8
72288.211
72288.8
72338.211
72338.8
72345.211
72345.8
72795.4
72827.5
72946.8
72947.212
73002.2
73002.4
73073.5
73502.3
74002.1
75001.4
75201.5
75962.4
75964.5
75972.4
76353.5
80691.4
80813.5
80953.8
80963.211
80963.8
81350.4
81412.5
81444.4
81445.5
81450.4
81458.5
81463.4
81465.5
81573.8
81574.212
81634.2
81634.4
81693.5
82134.3
82634.1
84018.4
84022.5
84023.4
84348.5
87400.4
87404.5
87405.4
87496.5
87623.4
87628.5
87633.4
87729.5
88813.8
90455.8
90456.212
90522.2
90522.4
90699.5
90863.4
90871.5
90872.4
90954.5
91022.3
91522.1
92459.4
92528.5
96702.4
96770.5
132573.4
132671.5
137957.4
138070.5
140193.4
140250.5
155817.4
155933.5
157888.4
157960.5
162459.8
162464.211
162464.8
168278.4
168282.5
168284.4
168385.5
170300.4
170439.5
170684.4
171000.5
171008.4
171010.5
171234.4
171430.5
172566.4
172638.5
172882.4
172992.5
173273.8
173274.212
173343.2
173343.4
173364.5
173365.4
173578.5
173843.3
174343.1
176584.4
176720.5
177040.4
177630.5
178507.8
179000.211
179000.8
179032.211
180000.9
123456789
10
11
15
10
11
15
10
FI
2
2
10
47
54
11
20
54
6
2
1402
0
0
0
314159265
25
359
316
180000
314159265
0.1
537.4
610.5
949.4
1041.5
1130.8
1288.4
1455.5
1461.4
1550.5
1606.211
1606.8
1642.211
1642.8
1655.211
1655.8
1692.211
1692.8
1854.4
2000.5
2179.4
2205.5
2312.8
2313.212
2367.2
2367.4
2430.5
2867.3
3367.1
3885.4
4006.5
4265.4
4441.5
4525.4
4538.5
4627.8
4722.4
4944.5
5006.4
5029.5
5136.211
5136.8
5169.211
5169.8
5266.211
5266.8
5288.211
5288.8
5516.4
5654.5
5709.4
5763.5
5853.211
5853.8
5892.211
5892.8
5939.211
5939.8
6318.4
6333.5
6422.211
6422.8
6463.211
6463.8
6467.211
6467.8
6796.4
6887.5
6958.211
6958.8
6982.211
6982.8
7001.211
7001.8
7074.211
7074.8
7347.4
7436.5
7486.211
7486.8
7513.211
7513.8
7537.211
7537.8
7540.211
7540.8
7591.211
7591.8
7747.4
7971.5
8068.211
8068.8
8075.211
8075.8
8089.211
8089.8
8548.211
8548.8
8575.211
8575.8
8579.211
8579.8
8589.211
8589.8
8717.4
9059.5
9110.211
9110.8
9114.211
9114.8
9162.211
9162.8
9204.211
9204.8
9411.211
9411.8
9859.4
9871.5
9915.4
9976.5
10062.8
10063.212
10108.2
10108.4
10207.5
10584.4
10608.3
11108.1
11320.5
11420.8
11526.4
11931.5
11995.211
11995.8
12018.211
12018.8
12078.211
12078.8
12083.211
12083.8
12126.211
12126.8
12271.4
12481.5
12494.4
12549.5
12625.211
12625.8
12643.211
12643.8
12687.211
12687.8
12718.211
12718.8
12966.4
13294.5
13383.8
13384.212
13431.2
13431.4
13636.5
13931.3
14431.1
15125.4
15824.5
18170.4
18430.5
18525.8
18667.4
18919.5
18966.211
18966.8
19017.211
19017.8
19025.211
19025.8
19126.4
19407.5
19424.4
19465.5
19582.211
19582.8
19626.211
19626.8
19761.4
19929.5
20215.211
20215.8
20250.211
20250.8
20437.4
20646.5
20674.4
20709.5
20799.211
20799.8
20829.211
20829.8
20890.211
20890.8
21031.4
21344.5
21424.211
21424.8
21428.211
21428.8
21484.4
21867.5
21920.211
21920.8
21952.211
21952.8
21956.211
21956.8
22043.4
22293.5
22297.4
22356.5
22439.211
22439.8
22443.211
22443.8
22464.211
22464.8
22524.4
22857.5
23137.8
23138.212
23189.2
23189.4
23276.5
23689.3
24184.4
24189.1
24189.5
24192.4
24281.5
24441.4
25404.5
25511.8
25516.211
25516.8
25580.4
25584.5
25588.4
26125.5
26181.8
26182.212
26233.2
26233.4
26389.5
26733.3
26998.4
27233.1
27947.5
28018.8
28053.211
28053.8
28061.211
28061.8
28123.4
28481.5
28592.211
28592.8
28656.4
28833.5
28922.4
28959.5
29062.211
29062.8
29088.211
29088.8
29203.4
29593.5
29686.211
29686.8
29799.4
30105.5
30108.4
30110.5
30112.4
30146.5
30241.211
30241.8
30258.211
30258.8
30320.4
30541.5
30598.4
30710.5
30836.211
30836.8
30841.211
30841.8
30884.211
30884.8
30970.4
31295.5
31405.211
31405.8
31431.211
31431.8
31467.211
31467.8
31634.4
31841.5
31950.4
32191.5
32255.8
32256.212
32310.2
32310.4
32391.5
32394.4
32458.5
32810.3
33310.1
34200.4
34411.5
35026.4
35056.5
35057.4
35214.5
35235.4
35237.5
35490.4
35689.5
35904.4
35951.5
36357.8
36424.4
36765.5
36925.4
37342.5
37400.8
37401.212
37447.2
37447.4
37504.5
37947.3
38447.1
41418.4
41560.5
41563.4
41572.5
41626.4
41638.5
41647.4
41755.5
41991.4
42367.5
42459.4
42492.5
42582.8
42705.4
42827.5
42876.4
43121.5
43199.8
43200.212
43246.2
43246.4
43308.5
43746.3
44246.1
45894.4
46089.5
47664.8
47772.4
47984.5
48080.211
48080.8
48139.4
48259.5
48333.4
48401.5
48484.211
48484.8
48511.211
48511.8
48521.211
48521.8
48574.4
48857.5
48952.211
48952.8
48966.211
48966.8
48997.211
48997.8
49187.4
49390.5
49474.211
49474.8
49498.211
49498.8
49545.211
49545.8
49597.4
49686.5
49709.4
49962.5
50089.211
50089.8
50103.211
50103.8
50294.4
50445.5
50562.211
50562.8
50602.4
50834.5
50889.211
50889.8
50931.211
50931.8
50944.211
50944.8
50972.211
50972.8
50984.211
50984.8
51054.4
51281.5
51375.211
51375.8
51380.211
51380.8
51476.4
51641.5
51698.4
51761.5
51850.211
51850.8
51877.211
51877.8
51918.211
51918.8
51923.211
51923.8
52140.4
52251.5
52304.211
52304.8
52343.211
52343.8
52410.211
52410.8
52450.211
52450.8
52476.211
52476.8
52825.4
52859.5
52951.211
52951.8
52961.211
52961.8
53017.211
53017.8
53115.4
53365.5
53466.211
53466.8
53528.4
53817.5
53897.211
53897.8
53961.4
54071.5
54106.4
54291.5
54341.211
54341.8
54380.211
54380.8
54697.4
54863.5
54927.211
54927.8
54998.211
54998.8
55003.211
55003.8
55008.211
55008.8
55075.4
55140.5
55180.4
55446.5
55496.211
55496.8
55521.211
55521.8
55599.4
55635.5
55749.4
55835.5
55980.211
55980.8
56059.4
56483.5
56551.211
56551.8
56591.211
56591.8
56656.4
56978.5
57058.211
57058.8
57100.211
57100.8
57125.211
57125.8
57360.4
57591.5
57594.4
57656.5
57709.211
57709.8
57758.4
58066.5
58148.211
58148.8
58185.211
58185.8
58257.4
58586.5
58641.211
58641.8
58678.211
58678.8
58684.211
58684.8
58718.211
58718.8
58793.4
59089.5
59117.4
59224.5
59314.211
59314.8
59520.4
59523.5
59527.4
59733.5
59783.211
59783.8
59812.211
59812.8
59849.211
59849.8
59917.4
60223.5
60278.211
60278.8
60334.211
60334.8
60388.4
60619.5
60725.211
60725.8
60757.211
60757.8
60825.211
60825.8
60889.211
60889.8
61081.4
61108.5
61168.4
61352.5
61407.211
61407.8
61452.211
61452.8
61506.211
61506.8
61635.4
61843.5
61945.211
61945.8
62363.4
62414.5
62471.211
62471.8
62480.211
62480.8
62491.211
62491.8
62823.4
62925.5
62980.211
62980.8
63019.211
63019.8
63026.211
63026.8
63060.211
63060.8
63372.211
63372.8
63532.4
63909.5
63959.211
63959.8
63995.211
63995.8
64000.211
64000.8
64019.211
64019.8
64095.4
64254.5
64318.4
64396.5
64480.211
64480.8
64488.211
64488.8
64695.4
64812.5
64871.211
64871.8
64893.211
64893.8
64986.211
64986.8
65092.4
65297.5
65303.4
65354.5
65446.211
65446.8
65473.211
65473.8
65531.4
65771.5
65892.4
65988.5
66044.211
66044.8
66080.211
66080.8
66137.4
66360.5
66432.4
66541.5
66597.211
66597.8
66625.211
66625.8
66634.211
66634.8
66638.211
66638.8
66984.4
67151.5
67192.4
67338.5
67394.8
67395.212
67451.2
67451.4
67507.5
67951.3
68451.1
69583.4
69864.5
70155.4
70448.5
71053.4
71319.5
71602.4
71845.5
72355.4
72573.5
72576.4
72739.5
72740.4
72742.5
72754.4
73040.5
73116.4
73272.5
73366.8
73412.211
73412.8
73529.4
73898.5
73991.4
74020.5
74088.8
74089.212
74140.2
74140.4
74143.5
74145.4
74202.5
74640.3
75140.1
76025.4
76035.5
76038.4
76269.5
76272.4
76647.5
78579.4
78859.5
78972.4
79093.5
79285.8
79294.211
79294.8
79373.4
79474.5
79495.4
79498.5
79549.4
79552.5
79553.4
79691.5
79979.4
80140.5
80196.4
80296.5
80384.8
80385.212
80447.2
80447.4
80455.5
80467.4
80518.5
80947.3
81447.1
86153.4
86257.5
86321.8
86332.211
86332.8
86372.211
86372.8
86455.4
86663.5
86776.211
86776.8
86828.211
86828.8
86944.4
87056.5
87111.4
87177.5
87232.211
87232.8
87263.211
87263.8
87272.211
87272.8
87294.211
87294.8
87396.4
87695.5
87825.211
87825.8
87849.211
87849.8
87925.4
88180.5
88243.211
88243.8
88271.211
88271.8
88278.211
88278.8
88311.211
88311.8
88316.211
88316.8
88516.4
88812.5
88866.211
88866.8
88936.211
88936.8
88995.4
89191.5
89257.4
89349.5
89457.211
89457.8
89471.211
89471.8
89478.211
89478.8
89702.4
89895.5
89992.211
89992.8
90022.211
90022.8
90215.4
90418.5
90521.211
90521.8
90570.211
90570.8
90641.4
90920.5
91091.4
91354.5
91433.8
91434.212
91481.2
91481.4
91599.5
91981.3
92228.4
92481.1
92650.5
92938.4
93107.5
93146.4
93877.5
94042.4
94331.5
94477.8
94523.211
94523.8
94618.4
95031.5
95098.211
95098.8
95101.211
95101.8
95183.4
95581.5
95693.211
95693.8
95714.211
95714.8
95723.211
95723.8
95728.211
95728.8
95989.4
96201.5
96318.211
96318.8
96327.211
96327.8
96359.211
96359.8
96364.211
96364.8
96420.4
96622.5
96736.211
96736.8
96760.211
96760.8
96787.211
96787.8
96913.4
97147.5
97271.211
97271.8
97327.4
97688.5
97801.211
97801.8
97936.4
98239.5
98312.4
98373.5
98441.8
98442.212
98491.2
98491.4
98544.5
98991.3
99491.1
100042.4
100693.5
102159.4
102692.5
102798.4
103010.5
103110.8
103119.211
103119.8
103616.211
103616.8
103691.4
103865.5
103932.4
103991.5
104053.211
104053.8
104058.211
104058.8
104063.211
104063.8
104071.211
104071.8
104099.211
104099.8
104104.211
104104.8
104239.4
104473.5
104580.211
104580.8
104584.211
104584.8
104787.4
105011.5
105090.4
105252.5
105389.8
105390.212
105442.2
105442.4
105490.5
105942.3
106442.1
109940.4
110221.5
110283.4
110418.5
110575.8
110708.4
110911.5
111050.211
111050.8
111053.211
111053.8
111058.211
111058.8
111083.211
111083.8
111087.211
111087.8
111123.211
111123.8
111128.211
111128.8
111284.4
111286.5
111288.4
111423.5
111475.4
111590.5
111654.211
111654.8
111685.211
111685.8
111701.211
111701.8
112131.4
112195.5
112283.211
112283.8
112442.4
112760.5
112849.211
112849.8
112897.211
112897.8
112952.4
113317.5
113405.211
113405.8
113414.211
113414.8
113434.211
113434.8
113499.211
113499.8
113667.4
113811.5
113873.4
114008.5
114064.211
114064.8
114133.211
114133.8
114465.4
114468.5
114470.4
114733.5
114842.8
114843.212
114894.2
114894.4
114934.5
115394.3
115894.1
119477.4
119726.5
119831.4
119961.5
120019.4
120257.5
120444.4
120726.5
120807.4
120839.5
120922.8
120997.211
120997.8
121102.4
121330.5
121360.4
121440.5
121599.4
121806.5
121865.4
121931.5
122026.8
122027.212
122078.2
122078.4
122196.5
122578.3
123078.1
123444.4
123533.5
123677.4
124282.5
124446.4
124642.5
124773.8
125060.4
125166.5
125190.4
125265.5
125368.211
125368.8
125505.4
125923.5
125981.8
125982.212
126038.2
126038.4
126111.5
126538.3
127038.1
127488.4
127559.5
127886.4
128488.5
128498.4
128504.5
130540.4
131076.5
131103.4
131371.5
131420.4
131498.5
131648.8
131651.211
131651.8
131744.4
131860.5
131900.4
131984.5
132092.211
132092.8
132104.211
132104.8
132107.211
132107.8
132135.211
132135.8
132139.211
132139.8
132152.211
132152.8
132170.211
132170.8
132267.4
132556.5
132579.4
132587.5
132588.4
132590.5
132675.211
132675.8
132699.211
132699.8
132735.211
132735.8
132850.4
133026.5
133114.4
133196.5
133252.211
133252.8
133288.211
133288.8
133328.211
133328.8
133548.4
133762.5
133810.4
133956.5
134116.8
134117.212
134169.2
134169.4
134202.5
134669.3
135169.1
135948.4
136258.5
137862.4
138091.5
138788.4
138980.5
139094.8
139227.4
139503.5
139596.211
139596.8
139603.211
139603.8
139646.211
139646.8
139712.4
140106.5
140174.211
140174.8
140223.211
140223.8
140289.4
140655.5
140717.211
140717.8
140748.211
140748.8
140775.211
140775.8
140794.211
140794.8
140795.211
140795.8
140974.4
141290.5
141362.211
141362.8
141400.211
141400.8
141428.211
141428.8
141442.211
141442.8
141654.4
141792.5
141947.211
141947.8
142098.4
142362.5
142420.211
142420.8
142467.211
142467.8
142499.211
142499.8
142595.4
142790.5
142926.211
142926.8
143026.211
143026.8
143209.4
143381.5
143694.4
144050.5
144111.8
144112.212
144185.2
144185.4
144263.5
144685.3
145185.1
145972.4
146065.5
147769.4
148240.5
148381.4
148508.5
148513.4
148611.5
148612.4
148666.5
148916.4
149095.5
149155.8
149196.211
149196.8
149336.4
149510.5
149533.4
149535.5
149536.4
149694.5
149749.4
149848.5
149915.8
149916.212
149977.2
149977.4
150061.5
150477.3
150977.1
154251.4
154348.5
154443.4
154529.5
154691.8
154854.4
154963.5
155075.211
155075.8
155120.211
155120.8
155254.4
155367.5
155479.211
155479.8
155503.211
155503.8
155519.211
155519.8
155524.211
155524.8
155690.4
155796.5
155798.4
155847.5
155904.211
155904.8
155942.211
155942.8
155946.211
155946.8
155950.211
155950.8
155959.211
155959.8
155960.211
155960.8
155968.211
155968.8
156374.4
156423.5
156483.211
156483.8
156496.211
156496.8
156602.211
156602.8
156795.4
156797.5
156798.4
156889.5
156896.4
156961.5
157015.211
157015.8
157100.211
157100.8
157318.4
157638.5
157857.4
158056.5
158182.8
158183.212
158249.2
158249.4
158275.5
158749.3
159249.1
162314.4
162504.5
162606.8
162811.4
162963.5
163191.4
163513.5
163583.8
163584.212
163652.2
163652.4
163720.5
164152.3
164652.1
165437.4
165992.5
166869.4
167211.5
167658.4
167720.5
167723.4
167726.5
167772.4
167775.5
167831.4
168269.5
168375.4
168508.5
168663.4
168896.5
168930.4
168976.5
169084.8
169117.211
169117.8
169121.211
169121.8
169245.4
169505.5
169601.211
169601.8
169639.211
169639.8
169883.4
170187.5
170286.8
170287.212
170336.2
170336.4
170463.5
170836.3
171295.4
171336.1
171510.5
171863.8
171872.211
171872.8
172085.4
172150.5
172267.211
172267.8
172525.4
172616.5
172635.4
172701.5
172793.4
172884.5
172937.8
172938.212
172997.2
172997.4
173097.5
173209.4
173281.5
173497.3
173894.4
173908.5
173910.4
173997.1
174702.5
175812.4
175820.5
175824.4
176123.5
176278.8
176352.211
176352.8
176439.4
176590.5
176685.4
176781.5
176844.211
176844.8
176902.211
176902.8
176981.211
176981.8
177119.4
177324.5
177339.4
177368.5
177503.211
177503.8
177562.211
177562.8
177681.4
178017.5
178043.4
178088.5
178178.8
178179.212
178227.2
178227.4
178269.5
178727.3
179227.1
180000.9
123456789
10
12
15
10
12
15
10
FI
2
2
10
49
30
11
22
30
6
2
941
0
0
0
314159265
26
207
237
180000
314159265
0.1
1.4
34.5
44.4
49.5
312.8
316.211
316.8
524.4
576.5
638.211
638.8
879.4
1029.5
1442.8
1443.212
1523.2
1523.4
1604.5
2023.3
2523.1
3244.4
3560.5
3756.8
3764.211
3764.8
4045.4
4120.5
4298.211
4298.8
4305.211
4305.8
4319.211
4319.8
4670.4
4840.5
4917.4
4983.5
5038.8
5039.212
5114.2
5114.4
5162.5
5614.3
6114.1
7469.4
7689.5
8292.4
8460.5
8601.8
8646.211
8646.8
8746.4
8903.5
9040.4
9078.5
9129.211
9129.8
9154.211
9154.8
9171.211
9171.8
9195.211
9195.8
9252.211
9252.8
9514.4
9768.5
9783.4
9871.5
9955.8
9956.212
10004.2
10004.4
10006.5
10007.4
10085.5
10504.3
11004.1
13505.4
13640.5
13847.4
14001.5
14093.4
14360.5
14506.8
14642.4
14787.5
14842.4
14971.5
15130.4
15296.5
15438.8
15439.212
15494.2
15494.4
15581.5
15994.3
16494.1
19667.4
19746.5
19873.8
19877.211
19877.8
19879.211
19879.8
19915.211
19915.8
19961.211
19961.8
20057.4
20186.5
20258.4
20391.5
20509.211
20509.8
20517.211
20517.8
20522.211
20522.8
20585.211
20585.8
20744.4
20945.5
21094.211
21094.8
21114.211
21114.8
21411.4
21538.5
21614.4
21682.5
21774.8
21775.212
21835.2
21835.4
21881.5
22335.3
22835.1
26832.4
27205.5
27298.8
27360.211
27360.8
27478.4
27661.5
27763.4
27799.5
27852.211
27852.8
27913.211
27913.8
27915.211
27915.8
28004.211
28004.8
28167.4
28415.5
28562.211
28562.8
28593.211
28593.8
28802.4
29106.5
29107.4
29109.5
29236.8
29237.212
29282.2
29282.4
29285.5
29287.4
29326.5
29782.3
30282.1
33087.4
33408.5
33472.4
33475.5
33477.4
33542.5
33609.8
33662.211
33662.8
33664.211
33664.8
33708.211
33708.8
34061.4
34264.5
34417.8
34418.212
34481.2
34481.4
34485.5
34486.4
34565.5
34981.3
35481.1
37150.4
37414.5
38526.4
38532.5
38536.4
38981.5
39246.4
39757.5
39981.8
40040.211
40040.8
40046.211
40046.8
40068.211
40068.8
40179.4
40284.5
40355.4
40433.5
40527.211
40527.8
40568.211
40568.8
40653.211
40653.8
40796.4
40979.5
41138.211
41138.8
41142.211
41142.8
41174.211
41174.8
41190.211
41190.8
41419.4
41685.5
41786.211
41786.8
41791.211
41791.8
41821.211
41821.8
41824.211
41824.8
41857.211
41857.8
42091.4
42325.5
42327.4
42343.5
42450.211
42450.8
42482.211
42482.8
42773.4
43080.5
43168.8
43169.212
43231.2
43231.4
43304.5
43731.3
44231.1
49868.4
50207.5
50446.8
50451.211
50451.8
50456.211
50456.8
50555.4
50771.5
50925.4
51308.5
51365.8
51366.212
51418.2
51418.4
51464.5
51918.3
52418.1
53838.4
54106.5
54232.4
54518.5
55270.4
55663.5
55838.8
56002.4
56212.5
56320.4
56390.5
56455.8
56456.212
56535.2
56535.4
56537.5
56538.4
56605.5
57035.3
57535.1
58841.4
58971.5
61813.4
62179.5
62188.4
62335.5
62570.4
62713.5
62959.4
63047.5
63162.8
63198.211
63198.8
63438.4
63513.5
63723.211
63723.8
63790.211
63790.8
64021.4
64269.5
64303.4
64363.5
64430.8
64431.212
64485.2
64485.4
64599.5
64886.4
64985.3
65347.5
65485.1
65668.4
65754.5
65816.8
65849.211
65849.8
65870.211
65870.8
66042.211
66042.8
66047.211
66047.8
66229.4
66429.5
66578.211
66578.8
66602.211
66602.8
66639.211
66639.8
66669.211
66669.8
67317.8
67318.212
67386.2
67386.4
67454.5
67886.3
68386.1
69754.4
69880.5
70800.4
70812.5
70841.4
70844.5
70937.4
71062.5
71296.8
71301.211
71301.8
71305.211
71305.8
71569.4
71644.5
71671.4
71681.5
71782.4
71842.5
71897.211
71897.8
71935.211
71935.8
71937.211
71937.8
72031.211
72031.8
72238.4
72577.5
72692.8
72693.212
72750.2
72750.4
72809.5
73250.3
73750.1
78292.4
78632.5
78815.8
78900.211
78900.8
79008.4
79091.5
79175.4
79217.5
79361.211
79361.8
79607.4
79745.5
79811.4
79865.5
79957.211
79957.8
79961.211
79961.8
79991.211
79991.8
79996.211
79996.8
80260.4
80462.5
80516.4
80558.5
80650.8
80651.212
80708.2
80708.4
80757.5
81208.3
81708.1
82956.4
82961.5
82964.4
83365.5
84721.4
84861.5
85802.4
86065.5
86228.8
86286.211
86286.8
86383.4
86591.5
86690.211
86690.8
86724.211
86724.8
86739.211
86739.8
86743.211
86743.8
86849.4
87246.5
87358.8
87359.212
87412.2
87412.4
87482.5
87912.3
88412.1
89291.4
89409.5
89799.4
90339.5
91363.4
92245.5
92357.4
92577.5
92730.8
92964.4
93040.5
93142.211
93142.8
93145.211
93145.8
93189.211
93189.8
93226.211
93226.8
93426.4
93554.5
93756.211
93756.8
93799.211
93799.8
93828.211
93828.8
93946.4
94152.5
94331.211
94331.8
94340.211
94340.8
94613.4
94867.5
94970.8
94971.212
95022.2
95022.4
95060.5
95063.4
95091.5
95522.3
96022.1
96800.4
96803.5
96806.4
97079.5
100314.8
100366.211
100366.8
100371.211
100371.8
100379.211
100379.8
100410.211
100410.8
100553.4
100670.5
100746.4
100902.5
100957.4
101067.5
101199.8
101200.212
101249.2
101249.4
101252.5
101272.4
101396.5
101749.3
102249.1
103718.4
103798.5
106074.4
106165.5
107161.4
107361.5
108018.4
108119.5
108278.4
108402.5
108607.8
108697.4
109015.5
109125.4
109203.5
109262.8
109263.212
109316.2
109316.4
109399.5
109816.3
110316.1
110388.4
110395.5
110398.4
110512.5
110915.4
111230.5
112822.4
113102.5
113110.4
113139.5
113246.4
113254.5
113257.4
113853.5
114046.4
114176.5
114281.8
114294.211
114294.8
114334.211
114334.8
114350.211
114350.8
114471.4
114681.5
114754.211
114754.8
114846.4
115066.5
115261.4
115263.5
115270.4
115385.5
115404.4
115407.5
115532.4
115565.5
115623.8
115624.212
115683.2
115683.4
115771.5
116183.3
116683.1
118212.4
118325.5
118492.4
118698.5
119222.4
119679.5
120372.8
120590.4
120637.5
120746.211
120746.8
120752.211
120752.8
120839.211
120839.8
120843.211
120843.8
121101.4
121191.5
121326.211
121326.8
121606.4
121615.5
121641.4
121852.5
122012.8
122013.212
122065.2
122065.4
122271.5
122565.3
123065.1
124911.4
125513.5
126403.4
126595.5
126651.4
126840.5
127129.4
127132.5
127134.4
127325.5
127392.4
127432.5
127699.4
127768.5
127839.4
127961.5
128024.8
128063.211
128063.8
128067.211
128067.8
128255.4
128333.5
128438.4
128535.5
128595.211
128595.8
128636.211
128636.8
128820.4
129023.5
129127.211
129127.8
129186.211
129186.8
129190.211
129190.8
129266.211
129266.8
129451.4
129599.5
129658.4
129748.5
129920.8
129921.212
129977.2
129977.4
130054.5
130477.3
130977.1
132161.4
132554.5
133587.4
133820.5
134514.4
134649.5
134877.4
135103.5
135390.4
135577.5
135612.4
135672.5
135770.8
135893.211
135893.8
135897.211
135897.8
135986.4
136184.5
136239.4
136289.5
136479.4
136633.5
136693.4
136796.5
136908.8
136909.212
136971.2
136971.4
137006.5
137471.3
137971.1
139309.4
139738.5
139774.4
139775.5
139776.4
140344.5
142370.4
142646.5
142707.4
142781.5
142874.8
142886.211
142886.8
142910.211
142910.8
142967.211
142967.8
143187.4
143282.5
143331.4
143477.5
143575.8
143576.212
143627.2
143627.4
143675.5
144127.3
144627.1
145694.4
145696.5
145702.4
145872.5
146102.4
146395.5
146404.4
146975.5
147937.4
148083.5
148337.4
148458.5
148686.4
148790.5
148945.8
149072.4
149073.5
149074.4
149197.5
149292.4
149372.5
149434.211
149434.8
149471.211
149471.8
149475.211
149475.8
149516.211
149516.8
150026.4
150086.5
150152.8
150153.212
150211.2
150211.4
150259.5
150711.3
151211.1
152673.4
153339.5
154599.4
154868.5
154980.8
155216.4
155422.5
155450.4
155538.5
155595.8
155596.212
155642.2
155642.4
155644.5
155648.4
155706.5
156142.3
156642.1
161740.4
161853.5
162490.4
162622.5
162719.8
163309.211
163309.8
163315.211
163315.8
163319.211
163319.8
163406.211
163406.8
163701.4
163791.5
163929.211
163929.8
163955.211
163955.8
163970.211
163970.8
164215.4
164306.5
164384.4
164386.5
164538.211
164538.8
164572.211
164572.8
164790.4
164994.5
165119.211
165119.8
165124.211
165124.8
165166.211
165166.8
165223.211
165223.8
165415.4
165464.5
165468.4
165558.5
165709.211
165709.8
165714.211
165714.8
165785.4
165951.5
166012.4
166072.5
166179.211
166179.8
166291.211
166291.8
166296.211
166296.8
166494.4
166605.5
166714.4
166787.5
166896.211
166896.8
166966.211
166966.8
167153.211
167153.8
167261.4
167415.5
167438.4
167528.5
167587.211
167587.8
167628.211
167628.8
167688.4
167899.5
167959.4
167990.5
168047.211
168047.8
168123.211
168123.8
168470.4
168529.5
168590.211
168590.8
168648.211
168648.8
168993.4
169026.5
169220.211
169220.8
169470.4
169489.5
169606.211
169606.8
169935.4
170047.5
170150.211
170150.8
170154.211
170154.8
170164.211
170164.8
170196.211
170196.8
171044.4
171127.5
171488.4
171568.5
172315.4
172492.5
172566.8
172567.212
172573.8
172631.2
172631.4
172698.5
173131.3
173631.1
174413.4
174553.5
174565.4
174695.5
178273.4
178461.5
178626.4
178772.5
179142.4
179258.5
179352.4
179387.5
179447.8
179490.211
179490.8
179494.211
179494.8
179740.4
179874.5
179953.4
180000.9
123456789
10
13
15
10
13
15
10
FI
2
2
10
52
13
11
25
13
6
2
845
0
0
0
314159265
25
137
259
180000
314159265
0.1
334.8
418.4
476.5
559.4
610.5
660.211
660.8
690.211
690.8
1275.211
1275.8
1526.211
1526.8
2358.4
2361.5
2362.4
2698.5
2751.8
2752.212
2804.2
2804.4
2843.5
3304.3
3804.1
4372.4
4679.5
5098.4
5268.5
5365.8
5394.211
5394.8
5419.211
5419.8
5896.211
5896.8
5956.211
5956.8
5961.211
5961.8
6101.4
6368.5
6470.211
6470.8
6490.211
6490.8
6665.4
6914.5
7026.211
7026.8
7048.211
7048.8
7417.4
7517.5
7572.211
7572.8
7618.211
7618.8
7638.211
7638.8
8121.4
8215.5
8793.4
8969.5
9028.8
9029.212
9079.2
9079.4
9144.5
9579.3
10079.1
10642.4
10723.5
11090.4
11479.5
11959.4
12019.5
12032.4
12294.5
12502.4
12755.5
12842.4
12998.5
13099.8
13224.4
13662.5
13717.8
13718.212
13763.2
13763.4
13797.5
14263.3
14763.1
15422.4
15851.5
16138.4
16354.5
16967.4
17221.5
17325.8
17651.4
17996.5
18105.8
18106.212
18155.2
18155.4
18227.5
18655.3
19155.1
19791.4
20195.5
21693.4
21953.5
22102.4
22245.5
22442.4
22585.5
22639.4
22710.5
22796.8
22801.211
22801.8
23116.4
23225.5
23244.4
23303.5
23405.8
23406.212
23449.2
23449.4
23520.5
23949.3
24449.1
25409.4
25636.5
27199.4
27558.5
27567.4
27578.5
27599.4
27668.5
27873.4
28086.5
28097.4
28163.5
28260.8
28397.4
28487.5
28643.4
28836.5
29012.4
29256.5
29513.8
29514.212
29563.2
29563.4
29617.5
30063.3
30563.1
32179.4
32335.5
33410.4
33478.5
33573.8
33784.4
34019.5
34022.4
34047.5
34135.211
34135.8
34174.211
34174.8
34415.4
34566.5
34594.4
34643.5
34754.211
34754.8
34799.211
34799.8
34974.4
35107.5
35155.4
35190.5
35288.211
35288.8
35612.4
35718.5
35800.4
35880.5
36019.8
36020.212
36061.2
36061.4
36137.5
36561.3
37061.1
38281.4
38424.5
38650.4
38842.5
38857.4
38859.5
38999.8
39917.4
40040.5
40095.4
40306.5
40450.4
40588.5
40668.4
40713.5
40816.8
40817.212
40859.2
40859.4
40925.5
41359.3
41859.1
43467.4
43695.5
44079.4
44300.5
44595.4
44751.5
44917.4
45037.5
45340.4
45564.5
45569.4
45592.5
45836.4
45957.5
46039.4
46090.5
46174.8
46226.211
46226.8
46233.211
46233.8
46482.4
46592.5
46683.211
46683.8
47026.4
47332.5
47481.8
47482.212
47527.2
47527.4
47576.5
48027.3
48527.1
49572.4
49689.5
50016.4
50159.5
50160.4
50169.5
50176.4
50465.5
51372.4
51480.5
51666.8
51810.4
51878.5
51942.4
51989.5
52258.4
52524.5
52642.8
52643.212
52692.2
52692.4
52763.5
53192.3
53692.1
53705.4
53707.5
53708.4
53714.5
53725.4
53731.5
53739.4
53907.5
56462.4
56582.5
56986.8
57121.4
57327.5
57404.4
57433.5
57765.8
57766.212
57818.2
57818.4
57886.5
58318.3
58818.1
63811.4
63912.5
64243.4
64245.5
64247.4
64513.5
64620.8
64625.211
64625.8
64695.211
64695.8
64940.4
64987.5
65002.4
65044.5
65148.211
65148.8
65272.4
65385.5
65445.4
65489.5
65627.211
65627.8
66064.4
66145.5
66209.211
66209.8
66286.211
66286.8
66317.211
66317.8
66492.4
66722.5
66756.4
66818.5
66915.211
66915.8
66944.211
66944.8
66981.211
66981.8
66985.211
66985.8
67037.4
67274.5
67375.211
67375.8
67411.211
67411.8
67755.211
67755.8
67898.4
68068.5
68080.4
68173.5
68278.211
68278.8
68319.211
68319.8
68328.211
68328.8
68339.211
68339.8
68412.4
68414.5
68415.4
68628.5
68691.4
68757.5
68853.211
68853.8
69124.211
69124.8
69128.211
69128.8
69308.4
69437.5
69443.4
69489.5
69588.211
69588.8
69733.4
69979.5
70068.4
70200.5
70843.4
71242.5
71440.4
71443.5
71445.4
71766.5
71874.8
71875.212
71920.2
71920.4
71959.5
72420.3
72920.1
77189.4
77458.5
77679.4
77757.5
78250.4
78292.5
78647.4
78709.5
78836.4
78919.5
79055.8
79155.211
79155.8
79272.4
79390.5
79467.4
79516.5
79648.211
79648.8
79655.211
79655.8
79754.4
80007.5
80046.4
80094.5
80203.211
80203.8
80255.211
80255.8
80277.211
80277.8
80430.4
80747.5
80959.4
81151.5
81336.4
81437.5
81565.8
81566.212
81616.2
81616.4
81669.5
82116.3
82616.1
83427.4
83619.5
86978.4
86984.5
86985.4
87624.5
88676.4
88870.5
88983.4
89180.5
89388.4
89583.5
89657.4
89751.5
89850.8
89876.211
89876.8
89967.4
90239.5
90276.4
90320.5
90420.211
90420.8
90493.211
90493.8
90634.4
90778.5
90819.4
90847.5
90957.211
90957.8
90963.211
90963.8
91175.4
91307.5
91427.211
91427.8
91471.211
91471.8
92005.4
92097.5
92205.8
92206.212
92258.2
92258.4
92309.5
92758.3
93258.1
93547.4
93752.5
95519.4
95527.5
95530.4
95586.5
95613.4
95827.5
98122.4
98530.5
98554.4
98580.5
98743.4
98896.5
99103.4
99228.5
99317.4
99488.5
99748.4
100037.5
100210.8
100371.4
100627.5
100631.4
100664.5
100765.211
100765.8
100773.211
100773.8
101023.4
101264.5
101397.8
101398.212
101444.2
101444.4
101496.5
101944.3
102444.1
105609.4
105855.5
107485.4
107757.5
108045.4
108113.5
108187.4
108189.5
108191.4
108197.5
108198.4
108204.5
108231.4
108256.5
108337.4
108370.5
108466.8
108504.211
108504.8
108564.4
108777.5
108881.4
108924.5
109021.211
109021.8
109030.211
109030.8
109034.211
109034.8
109112.211
109112.8
109205.4
109483.5
109562.4
109629.5
109722.8
109723.212
109776.2
109776.4
109825.5
110276.3
110776.1
111454.4
111697.5
113851.4
114201.5
114550.4
114832.5
115150.4
115338.5
115671.4
115763.5
115846.4
115886.5
115997.8
116031.211
116031.8
116084.211
116084.8
116086.211
116086.8
116294.4
116362.5
116378.4
116434.5
116518.4
116532.5
116538.4
116636.5
116778.8
116779.212
116824.2
116824.4
116826.5
116827.4
116971.5
117076.4
117211.5
117324.3
117824.1
119203.4
119330.5
119856.4
119939.5
121412.4
121648.5
121657.4
121906.5
122642.4
122800.5
123011.4
123056.5
123344.4
123433.5
123536.4
123537.5
123538.4
123558.5
123678.8
123889.4
124030.5
124106.4
124149.5
124330.8
124331.212
124375.2
124375.4
124455.5
124875.3
125375.1
132112.4
132279.5
132624.4
132740.5
132741.4
132832.5
133342.8
133454.4
133456.5
133457.4
133586.5
133804.211
133804.8
134095.4
134208.5
134302.4
134350.5
134636.8
134637.212
134693.2
134693.4
134773.5
135193.3
135693.1
136698.4
137052.5
137772.4
138078.5
139746.4
139962.5
140070.8
140295.4
140572.5
140674.8
140675.212
140719.2
140719.4
140804.5
141219.3
141627.4
141700.5
141719.1
143821.4
143958.5
143960.4
143974.5
143992.4
144142.5
144669.4
144787.5
145243.4
145432.5
145823.4
145956.5
146056.4
146094.5
146189.8
146818.4
146984.5
147520.8
147521.212
147565.2
147565.4
147573.5
147577.4
147629.5
148065.3
148565.1
151221.4
151330.5
153129.4
153221.5
153297.8
153358.211
153358.8
153515.4
153786.5
153848.211
153848.8
153859.211
153859.8
153863.211
153863.8
153889.211
153889.8
153909.211
153909.8
153998.4
154271.5
154387.4
154509.5
154765.4
154913.5
154982.4
155125.5
155196.8
155197.212
155254.2
155254.4
155320.5
155754.3
156254.1
156986.4
156988.5
156995.4
157136.5
157321.4
157757.5
159789.4
159894.5
160614.4
160736.5
161049.4
161179.5
161262.4
161354.5
161458.8
161461.211
161461.8
161687.4
161860.5
161942.4
161972.5
162076.8
162077.212
162131.2
162131.4
162176.5
162631.3
163131.1
164127.4
164432.5
167595.4
167858.5
167956.4
168099.5
168207.8
168288.4
168460.5
168538.4
168626.5
168724.211
168724.8
168729.211
168729.8
168786.211
168786.8
169009.4
169171.5
169373.211
169373.8
169639.4
169798.5
169871.4
169931.5
169985.8
169986.212
170042.2
170042.4
170083.5
170283.4
170336.5
170542.3
171042.1
172309.4
172315.5
172320.4
172408.5
173064.4
173066.5
173077.4
173090.5
173123.4
173181.5
174682.4
174843.5
175052.4
175133.5
175786.4
175895.5
175977.8
175989.211
175989.8
176047.211
176047.8
176101.211
176101.8
176465.4
176498.5
176661.211
176661.8
176999.211
176999.8
177206.4
177295.5
177543.4
177701.5
177808.8
177809.212
177855.2
177855.4
177857.5
177860.4
177941.5
178355.3
180000.9
123456789
10
14
15
10
14
15
10
FI
2
2
10
48
00
11
21
00
6
2
1045
0
0
0
314159265
24
240
258
180000
314159265
0.1
751.4
809.5
1124.8
1207.4
1301.5
1361.211
1361.8
1562.4
1598.5
1741.4
1790.5
1848.211
1848.8
1882.211
1882.8
1953.211
1953.8
2195.4
2254.5
2415.4
2453.5
2562.8
2563.212
2616.2
2616.4
2666.5
3116.3
3616.1
3932.4
4249.5
4336.8
4375.211
4375.8
4402.211
4402.8
4469.4
4691.5
5004.8
5005.212
5055.2
5055.4
5057.5
5058.4
5118.5
5119.4
5196.5
5555.3
6055.1
6711.4
6836.5
7702.4
7704.5
7706.4
7908.5
8127.4
8357.5
8461.8
8488.211
8488.8
8496.211
8496.8
8515.211
8515.8
8598.4
8844.5
9112.211
9112.8
9135.211
9135.8
9147.211
9147.8
9180.211
9180.8
9662.4
9685.5
9773.211
9773.8
9778.211
9778.8
9811.211
9811.8
9836.211
9836.8
9843.211
9843.8
9858.211
9858.8
10112.4
10296.5
10374.211
10374.8
10379.211
10379.8
10404.211
10404.8
10440.211
10440.8
10442.211
10442.8
10447.211
10447.8
10476.211
10476.8
10493.211
10493.8
10664.4
10666.5
10667.4
10881.5
10960.4
11011.5
11099.8
11100.212
11143.2
11143.4
11198.5
11643.3
12143.1
16559.4
16620.5
16841.4
16952.5
17031.4
17090.5
17491.4
17674.5
17722.4
17723.5
17725.4
17774.5
17863.8
17914.211
17914.8
17949.211
17949.8
17975.211
17975.8
18010.211
18010.8
18173.4
18175.5
18176.4
18331.5
18458.211
18458.8
18521.211
18521.8
18568.211
18568.8
18673.4
18973.5
19082.211
19082.8
19144.211
19144.8
19312.4
19643.5
19735.211
19735.8
19792.211
19792.8
20023.4
20376.5
20382.4
20445.5
20531.8
20532.212
20583.2
20583.4
20644.5
21083.3
21583.1
21999.4
22371.5
22682.4
23034.5
23286.4
23587.5
23688.8
23796.4
23975.5
24087.4
24159.5
24246.211
24246.8
24321.4
24651.5
24811.211
24811.8
24910.211
24910.8
25032.4
25427.5
25548.8
25549.212
25592.2
25592.4
25642.5
26092.3
26592.1
26742.4
26796.5
27062.4
27534.5
27539.4
27622.5
27625.4
27651.5
27654.4
27655.5
27659.4
27677.5
27690.4
28050.5
28222.4
28352.5
28469.8
28608.4
28859.5
28973.211
28973.8
29042.4
29269.5
29358.4
29414.5
29509.211
29509.8
29522.211
29522.8
29541.211
29541.8
29568.211
29568.8
29631.4
29632.5
29637.4
29898.5
29982.4
30149.5
30238.8
30239.212
30279.2
30279.4
30354.5
30461.4
30466.5
30467.4
30576.5
30779.3
31054.4
31242.5
31279.1
31435.4
31629.5
31632.4
31878.5
32048.4
32367.5
32521.8
32600.4
33047.5
33140.8
33141.212
33186.2
33186.4
33253.5
33686.3
34186.1
34722.4
34942.5
34948.4
34951.5
35186.4
35531.5
36551.4
36732.5
38403.4
38741.5
39005.4
39257.5
39552.4
39664.5
39914.4
39962.5
40059.8
40092.211
40092.8
40098.211
40098.8
40190.4
40348.5
40404.4
40569.5
40655.211
40655.8
40688.211
40688.8
40692.211
40692.8
40750.4
40751.5
40752.4
40886.5
41021.4
41103.5
41210.211
41210.8
41248.211
41248.8
41266.211
41266.8
41340.4
41341.5
41343.4
41589.5
41686.211
41686.8
41721.211
41721.8
41726.211
41726.8
41766.211
41766.8
41812.211
41812.8
41936.4
41963.5
42057.4
42106.5
42198.211
42198.8
42233.211
42233.8
42237.211
42237.8
42242.211
42242.8
42396.4
42397.5
42399.4
42681.5
42779.211
42779.8
42796.211
42796.8
42852.211
42852.8
42934.4
42938.5
42940.4
43218.5
43315.211
43315.8
43319.211
43319.8
43359.211
43359.8
43528.4
43771.5
43772.4
43901.5
43984.8
43985.212
44027.2
44027.4
44068.5
44527.3
44922.4
44926.5
44929.4
45027.1
45229.5
45665.4
45764.5
46377.4
46418.5
46483.8
46530.211
46530.8
46816.211
46816.8
47058.211
47058.8
47106.211
47106.8
47383.211
47383.8
47564.4
47573.5
47808.211
47808.8
47871.4
47972.5
48104.211
48104.8
48148.211
48148.8
48154.211
48154.8
48360.211
48360.8
48409.211
48409.8
49346.4
49415.5
50915.4
51136.5
51317.4
51353.5
53069.4
53180.5
54108.4
54201.5
54258.4
54549.5
54659.8
54660.212
54711.2
54711.4
54756.5
55211.3
55711.1
62291.4
62608.5
64284.4
64289.5
64299.4
64857.5
65372.4
65545.5
65711.8
65957.4
66187.5
66314.8
66315.212
66370.2
66370.4
66444.5
66870.3
67370.1
67847.4
67849.5
67851.4
67933.5
68204.4
68299.5
69066.4
69254.5
71986.4
71989.5
71992.4
72311.5
72612.4
72985.5
73616.4
73619.5
73620.4
73969.5
74070.8
74095.211
74095.8
74100.211
74100.8
74145.211
74145.8
74307.4
74475.5
74576.4
74652.5
74730.211
74730.8
74754.211
74754.8
74774.211
74774.8
74855.211
74855.8
75190.4
75496.5
75654.4
75657.5
75661.4
75938.5
76041.8
76042.212
76087.2
76087.4
76160.5
76587.3
77087.1
81723.4
82086.5
82679.4
82826.5
83010.8
83062.211
83062.8
83275.4
83565.5
83677.4
83923.5
84026.8
84027.212
84075.2
84075.4
84121.5
84575.3
85075.1
87719.4
87903.5
88106.8
88161.211
88161.8
88343.4
88452.5
88511.4
88599.5
88742.4
88964.5
89148.8
89149.212
89192.2
89192.4
89272.5
89476.4
89546.5
89692.3
89931.4
89939.5
89941.4
90011.5
90192.1
90509.4
90576.5
90801.4
91087.5
91657.4
91836.5
92004.8
92009.211
92009.8
92050.211
92050.8
92114.211
92114.8
92265.4
92344.5
92530.211
92530.8
92603.211
92603.8
92637.211
92637.8
92641.211
92641.8
92643.211
92643.8
92822.4
93051.5
93130.211
93130.8
93179.211
93179.8
93215.211
93215.8
93219.211
93219.8
93278.211
93278.8
93463.4
93718.5
93821.211
93821.8
93858.211
93858.8
93886.211
93886.8
93901.211
93901.8
94114.4
94293.5
94382.4
94416.5
94569.8
94570.212
94621.2
94621.4
94660.5
95121.3
95621.1
103958.4
104052.5
104493.4
104687.5
104838.8
104960.211
104960.8
104964.211
104964.8
104969.211
104969.8
105142.4
105311.5
105436.211
105436.8
105441.211
105441.8
105480.211
105480.8
105484.211
105484.8
105568.211
105568.8
106220.4
106330.5
106658.8
106659.212
106714.2
106714.4
106757.5
107214.3
107714.1
112432.4
112712.5
112978.4
113117.5
113278.8
113498.4
113694.5
113850.211
113850.8
113893.211
113893.8
113898.211
113898.8
113919.211
113919.8
113924.211
113924.8
113957.211
113957.8
114135.4
114355.5
114455.211
114455.8
114485.211
114485.8
114520.211
114520.8
114532.211
114532.8
114744.4
114994.5
115153.8
115154.212
115199.2
115199.4
115201.5
115202.4
115373.5
115699.3
115993.4
115995.5
116000.4
116114.5
116160.4
116199.1
116246.5
116522.4
116650.5
116857.4
116937.5
117112.8
117462.211
117462.8
117473.211
117473.8
117550.4
117552.5
117556.4
117559.5
117560.4
117592.5
117597.4
117624.5
117748.211
117748.8
117761.211
117761.8
117917.4
118120.5
118220.211
118220.8
118263.211
118263.8
118280.211
118280.8
118340.211
118340.8
118482.4
118750.5
118850.211
118850.8
118882.211
118882.8
118913.211
118913.8
119081.211
119081.8
119244.4
119399.5
119408.4
119443.5
119546.211
119546.8
119557.211
119557.8
119600.211
119600.8
119743.211
119743.8
119825.4
119943.5
120085.211
120085.8
120136.211
120136.8
120183.211
120183.8
120426.211
120426.8
120620.4
120875.5
120949.211
120949.8
120999.211
120999.8
121042.211
121042.8
121251.4
121482.5
121483.4
121484.5
121600.211
121600.8
121609.211
121609.8
121653.211
121653.8
121901.4
122149.5
122265.8
122266.212
122315.2
122315.4
122399.5
122631.4
122736.5
122815.3
122981.4
123306.5
123315.1
123510.4
123765.5
123886.8
123944.211
123944.8
123947.211
123947.8
124062.4
124190.5
124192.4
124245.5
124329.211
124329.8
124653.4
124887.5
124962.8
124963.212
125012.2
125012.4
125080.5
125512.3
126012.1
129712.4
130002.5
130222.4
130591.5
131075.4
131122.5
131336.8
131345.211
131345.8
131570.4
131716.5
131891.211
131891.8
131944.211
131944.8
131947.211
131947.8
132166.4
132394.5
132395.4
132438.5
132632.8
132633.212
132679.2
132679.4
132746.5
133179.3
133679.1
137003.4
137151.5
137307.4
137390.5
137629.8
137796.4
137983.5
137985.4
137988.5
137992.4
138048.5
138153.211
138153.8
138157.211
138157.8
138525.4
138754.5
139145.4
139146.5
139149.4
139361.5
139407.4
139493.5
139702.4
139911.5
139994.4
140042.5
140164.8
140165.212
140209.2
140209.4
140306.5
140709.3
141209.1
141695.4
141801.5
142056.4
142509.5
145585.4
145817.5
145826.4
145882.5
145941.8
145953.211
145953.8
146012.211
146012.8
146326.4
146426.5
146600.211
146600.8
146731.4
146887.5
146991.4
147062.5
147170.211
147170.8
147203.211
147203.8
147245.211
147245.8
147445.4
147668.5
147669.4
147704.5
147801.211
147801.8
147805.211
147805.8
147910.4
148352.5
148494.8
148495.212
148540.2
148540.4
148612.5
149040.3
149540.1
150194.4
150322.5
152604.4
152700.5
153223.4
153424.5
153851.8
153993.4
154326.5
154449.211
154449.8
154486.211
154486.8
154558.211
154558.8
154711.4
154974.5
155079.211
155079.8
155172.211
155172.8
155179.211
155179.8
155347.4
155521.5
155594.4
155675.5
155753.211
155753.8
155796.211
155796.8
155853.211
155853.8
155898.211
155898.8
156054.4
156300.5
156786.4
157027.5
157157.8
157158.212
157201.2
157201.4
157276.5
157701.3
158201.1
158795.4
159126.5
160436.4
160582.5
161923.8
162320.4
162346.5
162369.4
162396.5
162420.4
162423.5
162426.4
162427.5
162428.4
162430.5
162436.4
162617.5
162743.4
162764.5
162832.8
162833.212
162888.2
162888.4
162983.5
163388.3
163435.4
163505.5
163888.1
165206.4
165208.5
165216.4
165288.5
165293.4
165348.5
168468.4
168563.5
168575.4
168579.5
169065.4
169083.5
169415.4
169557.5
169675.8
169894.4
169975.5
169979.4
169983.5
169985.4
170029.5
170079.4
170120.5
170225.211
170225.8
170278.211
170278.8
170424.4
170734.5
170885.8
170886.212
170962.2
170962.4
171016.5
171462.3
171962.1
172741.4
172922.5
177183.4
177309.5
177732.4
177763.5
177773.4
177910.5
178130.8
178237.4
178239.5
178242.4
178392.5
178494.211
178494.8
178498.211
178498.8
179001.211
179001.8
179008.211
179008.8
179012.211
179012.8
179024.211
179024.8
179030.211
179030.8
179087.211
179087.8
179104.211
179104.8
179333.4
179435.5
179469.4
179522.5
179630.211
179630.8
179646.211
179646.8
179677.211
179677.8
180000.9
123456789
10
15
15
10
15
15
10
FI
2
2
10
50
52
11
23
52
6
2
1475
0
0
0
314159265
24
392
320
180000
314159265
0.1
268.8
428.4
518.5
570.211
570.8
616.211
616.8
648.211
648.8
774.4
903.5
1003.211
1003.8
1010.211
1010.8
1067.211
1067.8
1530.211
1530.8
1545.211
1545.8
1573.211
1573.8
1639.211
1639.8
1703.4
1784.5
1873.211
1873.8
1910.211
1910.8
1913.211
1913.8
1942.211
1942.8
2061.211
2061.8
2187.211
2187.8
2361.4
2461.5
2510.211
2510.8
2524.211
2524.8
2550.211
2550.8
2556.211
2556.8
2577.211
2577.8
2589.211
2589.8
2646.211
2646.8
2653.211
2653.8
2837.4
2953.5
3030.4
3166.5
3274.8
3275.212
3323.2
3323.4
3365.5
3823.3
4323.1
4642.4
4727.5
4979.4
5363.5
5364.4
5374.5
5376.4
5414.5
5623.4
5624.5
5626.4
5764.5
5838.4
5888.5
5978.8
6011.211
6011.8
6043.211
6043.8
6066.211
6066.8
6194.4
6391.5
6469.211
6469.8
6501.211
6501.8
6507.211
6507.8
6522.211
6522.8
6538.211
6538.8
6570.211
6570.8
6655.4
6814.5
6866.4
6918.5
7054.211
7054.8
7073.211
7073.8
7090.211
7090.8
7267.4
7509.5
7635.211
7635.8
7642.211
7642.8
7680.211
7680.8
7720.211
7720.8
7861.4
8104.5
8199.211
8199.8
8251.211
8251.8
8335.4
8594.5
8649.211
8649.8
8719.4
8984.5
9096.211
9096.8
9103.211
9103.8
9219.211
9219.8
9276.211
9276.8
9529.4
9707.5
9812.211
9812.8
9837.211
9837.8
9853.211
9853.8
9950.4
10274.5
10331.211
10331.8
10392.4
10727.5
10837.211
10837.8
10840.211
10840.8
10866.211
10866.8
10870.211
10870.8
10920.211
10920.8
11059.4
11363.5
11456.211
11456.8
11539.211
11539.8
11552.211
11552.8
11567.211
11567.8
11818.4
11957.5
12015.211
12015.8
12053.211
12053.8
12063.211
12063.8
12095.211
12095.8
12808.4
12972.5
12975.4
13007.5
13009.4
13081.5
13138.8
13139.212
13208.2
13208.4
13260.5
13708.3
13964.4
14047.5
14208.1
14344.4
14514.5
14717.4
15272.5
15368.4
15449.5
15450.4
15499.5
15558.8
15604.211
15604.8
15716.4
15929.5
15942.4
15949.5
16062.211
16062.8
16067.211
16067.8
16093.211
16093.8
16099.211
16099.8
16118.211
16118.8
16145.211
16145.8
16264.4
16280.5
16282.4
16287.5
16299.4
16543.5
16546.4
16571.5
16661.211
16661.8
16670.211
16670.8
16702.211
16702.8
16733.211
16733.8
16878.4
17242.5
17301.211
17301.8
17337.211
17337.8
17341.211
17341.8
17376.211
17376.8
17405.211
17405.8
17551.4
17806.5
17916.211
17916.8
17921.211
17921.8
17950.211
17950.8
17955.211
17955.8
17975.211
17975.8
17978.211
17978.8
18105.4
18315.5
18446.211
18446.8
18497.211
18497.8
18796.4
18942.5
18998.211
18998.8
19007.211
19007.8
19032.211
19032.8
19076.211
19076.8
19083.211
19083.8
19096.211
19096.8
19212.4
19578.5
19667.211
19667.8
19693.211
19693.8
19898.4
20140.5
20230.211
20230.8
20236.211
20236.8
20263.211
20263.8
20307.211
20307.8
20553.4
20738.5
20800.211
20800.8
20838.211
20838.8
20899.4
21183.5
21256.211
21256.8
21371.211
21371.8
21550.4
21712.5
21845.211
21845.8
21882.211
21882.8
21899.211
21899.8
21937.211
21937.8
22307.4
22513.5
22565.8
22566.212
22635.2
22635.4
22736.5
23135.3
23273.4
23504.5
23635.1
24419.4
24531.5
25990.4
26131.5
26735.4
26835.5
27094.4
27319.5
27325.4
27351.5
27446.8
27489.211
27489.8
27628.4
27630.5
27644.4
27909.5
28005.211
28005.8
28012.211
28012.8
28085.4
28382.5
28496.211
28496.8
28522.211
28522.8
28528.211
28528.8
28573.211
28573.8
28697.4
29003.5
29130.4
29425.5
29603.4
29879.5
29983.8
29984.212
30029.2
30029.4
30068.5
30529.3
31029.1
31485.4
31594.5
32069.4
32079.5
32082.4
32545.5
33265.4
33461.5
33732.4
33976.5
34044.8
34049.211
34049.8
34052.211
34052.8
34055.211
34055.8
34071.211
34071.8
34080.211
34080.8
34138.211
34138.8
34289.4
34682.5
34777.8
34778.212
34826.2
34826.4
34857.5
35326.3
35826.1
36215.4
36495.5
36675.4
36679.5
36695.4
36832.5
37265.4
37615.5
37875.4
38175.5
38294.8
38487.4
38760.5
38852.211
38852.8
38896.211
38896.8
38924.211
38924.8
38939.211
38939.8
39039.4
39042.5
39043.4
39302.5
39392.211
39392.8
39437.211
39437.8
39451.211
39451.8
39457.211
39457.8
39671.4
39768.5
39769.4
39772.5
39835.4
40024.5
40026.4
40109.5
40196.8
40197.212
40242.2
40242.4
40304.5
40742.3
41242.1
41780.4
42206.5
42372.4
42828.5
42948.4
43040.5
43106.8
43138.211
43138.8
43143.211
43143.8
43149.211
43149.8
43252.4
43511.5
43572.4
43623.5
43682.211
43682.8
43726.211
43726.8
43772.211
43772.8
43901.4
44079.5
44129.4
44214.5
44304.211
44304.8
44337.211
44337.8
44342.211
44342.8
44399.211
44399.8
44549.4
44849.5
44929.211
44929.8
44940.211
44940.8
44941.211
44941.8
44963.211
44963.8
44982.211
44982.8
45012.211
45012.8
45217.4
45457.5
45586.211
45586.8
45650.211
45650.8
45675.211
45675.8
45784.4
46029.5
46098.211
46098.8
46232.4
46379.5
46440.4
46540.5
46637.211
46637.8
46772.4
47072.5
47155.211
47155.8
47170.211
47170.8
47178.211
47178.8
47201.211
47201.8
47226.211
47226.8
47390.4
47605.5
47676.4
47740.5
47826.211
47826.8
47839.211
47839.8
47876.211
47876.8
47957.4
48250.5
48396.211
48396.8
48479.4
48731.5
48797.4
48856.5
48963.211
48963.8
49017.211
49017.8
49205.4
49309.5
49412.211
49412.8
49435.211
49435.8
49480.211
49480.8
49614.4
49897.5
49952.211
49952.8
49983.211
49983.8
49996.211
49996.8
50164.4
50379.5
50482.211
50482.8
50634.4
50972.5
51124.4
51126.5
51128.4
51394.5
51512.8
51513.212
51560.2
51560.4
51619.5
52060.3
52560.1
52968.4
52978.5
52980.4
53104.5
53607.4
53856.5
54325.4
54326.5
54328.4
54442.5
54609.8
54676.4
54942.5
55049.211
55049.8
55094.211
55094.8
55161.4
55363.5
55421.4
55507.5
55598.211
55598.8
55602.211
55602.8
55629.211
55629.8
55715.211
55715.8
56140.4
56198.5
56199.4
56201.5
56228.4
56332.5
56413.8
56414.212
56460.2
56460.4
56517.5
56960.3
57460.1
57949.4
58082.5
58085.4
58270.5
58729.4
58837.5
59391.4
59781.5
59899.8
59903.211
59903.8
59940.211
59940.8
60053.4
60221.5
60272.4
60316.5
60403.211
60403.8
60407.211
60407.8
60463.211
60463.8
60659.4
60881.5
60970.211
60970.8
60973.211
60973.8
61021.211
61021.8
61039.211
61039.8
61181.4
61453.5
61545.211
61545.8
61585.211
61585.8
61630.211
61630.8
61742.4
61799.5
61924.4
62023.5
62080.211
62080.8
62110.211
62110.8
62149.211
62149.8
62441.4
62557.5
62648.211
62648.8
62924.4
63079.5
63178.211
63178.8
63214.211
63214.8
63305.4
63555.5
63879.4
64065.5
64123.8
64124.212
64170.2
64170.4
64237.5
64670.3
65170.1
65755.4
66115.5
66615.4
66711.5
66969.4
67303.5
67361.4
67456.5
67808.4
68094.5
68193.8
68197.211
68197.8
68248.211
68248.8
68440.4
68731.5
68837.211
68837.8
68845.211
68845.8
68880.211
68880.8
69072.4
69315.5
69416.211
69416.8
69421.211
69421.8
69461.211
69461.8
69605.4
69608.5
69609.4
69830.5
69982.211
69982.8
70070.4
70072.5
70075.4
70369.5
70507.211
70507.8
70531.211
70531.8
70738.4
70850.5
70948.211
70948.8
70955.211
70955.8
71052.211
71052.8
71154.211
71154.8
71268.4
71279.5
71362.4
71365.5
71366.4
71505.5
71595.211
71595.8
71631.211
71631.8
71816.4
71973.5
72034.211
72034.8
72063.211
72063.8
72162.211
72162.8
72390.4
72447.5
72541.211
72541.8
72548.211
72548.8
72552.211
72552.8
72616.211
72616.8
72621.211
72621.8
72755.4
72764.5
72780.4
72781.5
72783.4
72863.5
72931.211
72931.8
72984.211
72984.8
73295.4
73362.5
73420.211
73420.8
73453.211
73453.8
73527.4
73694.5
73776.211
73776.8
73804.211
73804.8
73869.211
73869.8
74107.4
74282.5
74287.4
74372.5
74426.211
74426.8
74483.211
74483.8
74550.4
74973.5
75098.8
75099.212
75148.2
75148.4
75192.5
75648.3
76148.1
76539.4
76548.5
76549.4
76810.5
78092.4
78160.5
78473.4
78661.5
78771.8
78967.4
79107.5
79110.4
79170.5
79271.211
79271.8
79279.211
79279.8
79286.211
79286.8
79321.211
79321.8
79344.211
79344.8
79350.211
79350.8
79357.211
79357.8
79554.4
79816.5
79910.211
79910.8
79922.211
79922.8
80148.4
80280.5
80384.211
80384.8
80433.211
80433.8
80438.211
80438.8
80518.211
80518.8
80690.4
80783.5
80878.211
80878.8
80947.211
80947.8
81162.4
81330.5
81424.211
81424.8
81638.4
81668.5
81757.4
81812.5
81884.211
81884.8
81969.211
81969.8
81980.211
81980.8
82040.4
82241.5
82584.4
82660.5
82725.8
82726.212
82780.2
82780.4
82853.5
83280.3
83780.1
84115.4
84124.5
84131.4
84196.5
84640.4
84840.5
84983.4
85285.5
86716.4
86856.5
87830.4
88036.5
88183.8
88307.4
88568.5
88619.4
88675.5
88738.211
88738.8
88778.211
88778.8
88788.211
88788.8
88805.211
88805.8
88923.4
89142.5
89251.211
89251.8
89435.4
89587.5
89656.4
89711.5
89712.4
89716.5
89808.211
89808.8
89811.211
89811.8
89836.211
89836.8
90043.4
90281.5
90282.4
90285.5
90519.4
90522.5
90524.4
90741.5
90840.8
90841.212
90884.2
90884.4
90948.5
91384.3
91884.1
92432.4
92560.5
93103.4
93325.5
94639.8
94736.4
95006.5
95126.211
95126.8
95206.211
95206.8
95341.4
95730.5
95823.8
95824.212
95869.2
95869.4
95920.5
96369.3
96869.1
97681.4
97684.5
97690.4
98310.5
101874.4
101962.5
102347.4
102620.5
102877.4
102947.5
103089.4
103162.5
103274.8
103455.4
103456.5
103480.4
103633.5
103893.4
104157.5
104178.4
104206.5
104345.8
104346.212
104389.2
104389.4
104440.5
104889.3
105389.1
106070.4
106490.5
107729.4
107866.5
107953.4
107996.5
108114.8
108252.4
108362.5
108506.211
108506.8
108612.4
108615.5
108617.4
108751.5
108858.211
108858.8
108863.211
108863.8
108891.211
108891.8
108895.211
108895.8
109013.4
109311.5
109317.4
109332.5
109487.211
109487.8
109505.211
109505.8
109516.211
109516.8
109679.4
109869.5
109945.4
109994.5
110096.211
110096.8
110103.211
110103.8
110179.211
110179.8
110376.4
110528.5
110624.211
110624.8
110870.4
111074.5
111169.211
111169.8
111271.4
111453.5
111460.4
111497.5
111662.211
111662.8
111704.211
111704.8
111874.4
112136.5
112196.211
112196.8
112280.211
112280.8
112455.4
112574.5
112632.211
112632.8
112722.4
112727.5
112729.4
112918.5
113027.211
113027.8
113068.211
113068.8
113109.211
113109.8
113160.211
113160.8
113342.4
113411.5
113558.211
113558.8
113619.211
113619.8
113622.211
113622.8
114112.4
114209.5
114381.8
114382.212
114435.2
114435.4
114498.5
114935.3
115422.4
115435.1
115489.5
115595.4
115684.5
116197.4
116448.5
116623.4
116625.5
116627.4
116962.5
117028.4
117751.5
118928.4
119211.5
119505.4
119665.5
119763.4
119807.5
119866.8
119882.211
119882.8
119924.211
119924.8
120047.211
120047.8
120173.4
120380.5
120477.211
120477.8
120485.211
120485.8
120531.211
120531.8
120647.4
120648.5
120651.4
120714.5
120826.4
120858.5
121014.211
121014.8
121019.211
121019.8
121072.211
121072.8
121221.211
121221.8
121567.211
121567.8
121644.211
121644.8
121725.4
121817.5
121840.4
121926.5
122022.211
122022.8
122058.211
122058.8
122143.211
122143.8
122829.8
122830.212
122883.2
122883.4
122955.5
123383.3
123883.1
124841.4
125031.5
125307.4
125674.5
125699.4
125985.5
127173.4
127459.5
127747.4
127951.5
128022.8
128055.211
128055.8
128266.4
128370.5
128425.4
128529.5
128654.211
128654.8
128728.4
129098.5
129483.4
129696.5
129793.8
129794.212
129841.2
129841.4
129881.5
130341.3
130841.1
131409.4
131529.5
131768.4
132236.5
133671.4
133747.5
133876.8
133919.211
133919.8
133923.211
133923.8
134204.4
134207.5
134208.4
134276.5
134341.211
134341.8
134453.211
134453.8
134565.4
134783.5
134916.211
134916.8
135153.4
135209.5
135273.211
135273.8
135308.211
135308.8
135395.211
135395.8
135571.4
135574.5
135576.4
135577.5
135581.4
135699.5
135813.211
135813.8
135883.211
135883.8
135895.211
135895.8
135945.211
135945.8
136149.4
136315.5
136441.4
136605.5
137071.4
137149.5
137207.8
137208.212
137283.2
137283.4
137340.5
137783.3
138283.1
139007.4
139014.5
139016.4
139150.5
140020.4
140224.5
140289.4
140340.5
140413.8
140471.211
140471.8
140676.4
140765.5
140829.211
140829.8
140832.211
140832.8
140876.211
140876.8
140915.211
140915.8
140920.211
140920.8
141069.4
141180.5
141256.4
141275.5
141368.211
141368.8
141406.211
141406.8
141852.211
141852.8
141857.211
141857.8
141943.211
141943.8
141947.211
141947.8
142265.4
142323.5
142387.211
142387.8
142428.211
142428.8
142431.211
142431.8
142464.211
142464.8
142527.211
142527.8
142685.211
142685.8
142843.4
142957.5
143020.211
143020.8
143054.211
143054.8
143140.211
143140.8
143247.211
143247.8
143249.211
143249.8
143465.4
143495.5
143604.211
143604.8
143640.211
143640.8
143883.4
144075.5
144229.211
144229.8
144297.4
144393.5
144405.4
144529.5
144683.211
144683.8
145068.4
145109.5
145166.211
145166.8
145248.211
145248.8
145484.4
145523.5
145586.211
145586.8
145637.211
145637.8
145995.4
146195.5
146271.8
146272.212
146322.2
146322.4
146379.5
146822.3
147322.1
147705.4
147787.5
149413.4
149609.5
149819.4
149842.5
149865.4
149914.5
151103.4
151213.5
151434.4
151566.5
151649.4
151695.5
151750.8
151755.211
151755.8
151994.4
152058.5
152186.4
152238.5
152292.211
152292.8
152343.211
152343.8
152632.4
152636.5
152637.4
152714.5
152733.4
152771.5
153141.8
153142.212
153190.2
153190.4
153242.5
153690.3
154190.1
156414.4
156612.5
156749.4
156795.5
157639.8
157778.4
157796.5
158443.4
158459.5
159223.4
159250.5
159317.8
159318.212
159369.2
159369.4
159483.5
159869.3
160369.1
161099.4
161393.5
162936.4
162980.5
167146.4
167172.5
167241.8
167675.4
167726.5
167946.8
167947.212
168014.2
168014.4
168066.5
168514.3
169014.1
169713.4
169715.5
169721.4
169784.5
170979.8
171686.4
171805.5
171938.8
171939.212
171989.2
171989.4
172029.5
172489.3
172989.1
175481.8
175711.211
175711.8
175811.4
176047.5
176251.4
176333.5
176404.8
176405.212
176452.2
176452.4
176527.5
176952.3
180000.9
123456789
10
16
15
10
16
15
10
FI
2
2
10
49
30
11
22
30
6
2
1081
0
0
0
314159265
27
269
244
180000
314159265
0.1
290.8
294.211
294.8
377.4
436.5
485.211
485.8
501.211
501.8
530.211
530.8
852.211
852.8
1335.211
1335.8
1342.211
1342.8
1352.211
1352.8
1569.4
1658.5
1735.211
1735.8
1754.211
1754.8
1758.211
1758.8
1796.211
1796.8
2061.4
2071.5
2098.4
2157.5
2388.211
2388.8
2653.4
2801.5
2805.4
2831.5
2891.211
2891.8
2989.211
2989.8
2995.211
2995.8
3149.4
3393.5
3510.211
3510.8
3581.211
3581.8
3732.4
3905.5
3910.4
3944.5
4043.211
4043.8
4092.211
4092.8
4101.211
4101.8
4410.4
4454.5
4579.211
4579.8
4817.4
5155.5
5272.8
5273.212
5317.2
5317.4
5425.5
5817.3
6317.1
6777.4
6977.5
6981.4
7273.5
7438.8
7670.4
8061.5
8112.8
8113.212
8164.2
8164.4
8245.5
8664.3
9164.1
9550.4
9762.5
9993.4
10302.5
10377.8
10411.211
10411.8
10417.211
10417.8
10454.211
10454.8
10494.211
10494.8
10631.4
10899.5
10987.211
10987.8
11037.211
11037.8
11077.211
11077.8
11110.211
11110.8
11114.211
11114.8
11183.211
11183.8
11303.4
11580.5
11644.211
11644.8
11649.211
11649.8
11670.211
11670.8
11699.211
11699.8
11702.211
11702.8
11710.211
11710.8
11725.211
11725.8
11893.4
12258.5
12329.8
12330.212
12371.2
12371.4
12437.5
12766.4
12773.5
12778.4
12781.5
12786.4
12871.3
13253.5
13268.4
13371.1
13470.5
13537.8
13555.211
13555.8
13559.211
13559.8
13585.211
13585.8
13627.211
13627.8
13633.211
13633.8
13667.211
13667.8
13670.211
13670.8
13682.211
13682.8
13954.211
13954.8
14119.4
14121.5
14122.4
14377.5
14479.211
14479.8
14511.211
14511.8
14521.211
14521.8
14536.211
14536.8
14747.4
15122.5
15198.8
15199.212
15242.2
15242.4
15287.5
15742.3
16242.1
16682.4
17076.5
17077.4
17104.5
17111.4
17134.5
17137.4
17562.5
17699.4
17882.5
18559.8
18667.4
18902.5
19003.211
19003.8
19006.211
19006.8
19063.211
19063.8
19227.4
19486.5
19605.211
19605.8
19610.211
19610.8
19649.211
19649.8
19652.211
19652.8
19672.211
19672.8
19838.4
20144.5
20239.211
20239.8
20264.211
20264.8
20299.211
20299.8
20303.211
20303.8
20332.211
20332.8
20350.211
20350.8
20502.4
20755.5
20767.4
20798.5
20892.211
20892.8
20900.211
20900.8
20942.211
20942.8
21092.4
21399.5
21506.4
21563.5
21620.8
21621.212
21656.8
21705.2
21705.4
21818.5
21897.4
22205.3
22361.5
22509.4
22675.5
22705.1
22804.8
22856.211
22856.8
22888.211
22888.8
22972.4
22975.5
23010.4
23295.5
23371.211
23371.8
23376.211
23376.8
23409.211
23409.8
23508.211
23508.8
23513.211
23513.8
23793.4
24047.5
24139.8
24140.212
24188.2
24188.4
24250.5
24688.3
25188.1
27042.4
27234.5
27333.8
27377.211
27377.8
27381.211
27381.8
27511.4
27676.5
27683.4
27809.5
27907.211
27907.8
27936.211
27936.8
27972.211
27972.8
27975.211
27975.8
28133.4
28260.5
28335.4
28368.5
28466.211
28466.8
28499.211
28499.8
28549.211
28549.8
28752.4
28896.5
28906.4
28978.5
29073.211
29073.8
29106.211
29106.8
29112.211
29112.8
29145.211
29145.8
29170.211
29170.8
29178.211
29178.8
29350.211
29350.8
29482.4
29774.5
29787.4
29845.5
29900.211
29900.8
29947.211
29947.8
29951.211
29951.8
30006.211
30006.8
30068.4
30269.5
30357.4
30429.5
30513.211
30513.8
30533.211
30533.8
30593.211
30593.8
30791.4
31118.5
31129.4
31131.5
31138.4
31176.5
31277.8
31278.212
31321.2
31321.4
31387.5
31821.3
32321.1
32686.4
33267.5
35709.4
35878.5
36034.4
36119.5
36371.4
36374.5
36376.4
36620.5
36683.8
36721.211
36721.8
36764.211
36764.8
36790.211
36790.8
36793.211
36793.8
36900.4
37037.5
37091.4
37132.5
37237.211
37237.8
37270.211
37270.8
37283.211
37283.8
37456.4
37582.5
37585.4
37661.5
37748.4
37770.5
37861.211
37861.8
37867.211
37867.8
37908.211
37908.8
37972.211
37972.8
38188.4
38329.5
38462.211
38462.8
38499.211
38499.8
38554.211
38554.8
38745.4
38749.5
38750.4
38813.5
38921.211
38921.8
38964.211
38964.8
38979.211
38979.8
38986.211
38986.8
39010.211
39010.8
39169.4
39524.5
39605.211
39605.8
39743.211
39743.8
39874.4
40241.5
40362.8
40363.212
40406.2
40406.4
40450.5
40906.3
41406.1
42362.4
42366.5
42372.4
42634.5
44489.4
44603.5
44831.4
45166.5
45229.4
45354.5
45542.8
45676.4
45898.5
45983.4
46088.5
46163.8
46164.212
46210.2
46210.4
46256.5
46710.3
47210.1
50539.4
50814.5
57867.4
58340.5
60145.4
60565.5
60710.8
60866.4
61195.5
61477.8
61478.212
61529.2
61529.4
61619.5
62029.3
62529.1
63464.4
63473.5
63475.4
63575.5
64061.4
64267.5
64805.4
65156.5
65269.8
65273.211
65273.8
65754.4
65950.5
65971.4
65974.5
65975.4
65984.5
65985.4
66057.5
66058.4
66149.5
66241.8
66242.212
66286.2
66286.4
66361.5
66786.3
67286.1
67983.4
68107.5
68153.4
68317.5
68549.4
68552.5
68581.4
68590.5
68624.4
68965.5
70250.4
70667.5
70776.8
70834.211
70834.8
70899.211
70899.8
70912.211
70912.8
71084.4
71259.5
71425.211
71425.8
71479.211
71479.8
71520.211
71520.8
71609.4
71952.5
72104.211
72104.8
72144.211
72144.8
72152.211
72152.8
72190.211
72190.8
72195.211
72195.8
72252.211
72252.8
72385.4
72648.5
72821.211
72821.8
73011.4
73326.5
73442.8
73443.212
73488.2
73488.4
73534.5
73988.3
74488.1
77981.4
78330.5
78561.4
78790.5
79236.4
79239.5
79242.4
79554.5
79566.4
79581.5
79764.8
79770.211
79770.8
79811.211
79811.8
80351.211
80351.8
80434.4
80579.5
80686.211
80686.8
80735.211
80735.8
80770.211
80770.8
80980.4
81057.5
81151.211
81151.8
81181.211
81181.8
81246.211
81246.8
81260.211
81260.8
81305.211
81305.8
81394.4
81396.5
81398.4
81655.5
81881.211
81881.8
81950.211
81950.8
81958.211
81958.8
82289.211
82289.8
82348.211
82348.8
82352.211
82352.8
82394.211
82394.8
82560.211
82560.8
82697.4
82910.5
83013.211
83013.8
83065.211
83065.8
83338.4
83678.5
83777.8
83778.212
83835.2
83835.4
83958.5
84081.4
84152.5
84335.3
84835.1
85982.4
86295.5
88652.4
88735.5
88747.4
89016.5
89131.8
90015.4
90252.5
90461.4
90564.5
90624.4
90745.5
90832.8
90833.212
90883.2
90883.4
90938.5
91383.3
91772.4
91873.5
91883.1
92119.4
92229.5
92415.4
92498.5
92849.4
93611.5
94582.4
94855.5
96654.8
96657.211
96657.8
96843.4
97262.5
97364.8
97365.212
97411.2
97411.4
97465.5
97911.3
98411.1
99460.4
99668.5
101131.4
101403.5
102563.4
102726.5
102915.8
102949.211
102949.8
102954.211
102954.8
103017.211
103017.8
103399.4
103522.5
103526.4
103530.5
103635.8
103636.212
103684.2
103684.4
103687.5
103690.4
103720.5
104184.3
104684.1
106838.4
107430.5
107663.8
107719.211
107719.8
107932.4
108026.5
108032.4
108054.5
108165.211
108165.8
108193.211
108193.8
108213.211
108213.8
108218.211
108218.8
108270.211
108270.8
108405.4
108594.5
108595.4
108598.5
108599.4
108601.5
108686.211
108686.8
108691.211
108691.8
108737.211
108737.8
108741.211
108741.8
108777.211
108777.8
108808.211
108808.8
108846.211
108846.8
109039.4
109269.5
109452.8
109453.212
109498.2
109498.4
109501.5
109504.4
109691.5
109783.4
109998.3
110409.5
110498.1
110531.4
110580.5
111023.4
111279.5
111419.8
111488.4
111616.5
111617.4
111638.5
111755.211
111755.8
111800.211
111800.8
112048.4
112317.5
112318.4
112338.5
112435.8
112436.212
112496.2
112496.4
112547.5
112996.3
113496.1
115078.4
115203.5
115973.4
116113.5
117044.4
117182.5
117368.8
117402.211
117402.8
117513.4
117690.5
117794.4
117796.5
117797.4
117838.5
117943.211
117943.8
117948.211
117948.8
118009.211
118009.8
118101.4
118304.5
118403.4
118493.5
118646.8
118647.212
118694.2
118694.4
118695.5
118699.4
118794.5
119142.4
119194.3
119694.1
120226.5
120403.8
120518.211
120518.8
120617.4
120753.5
121119.4
121241.5
121465.8
121466.212
121521.2
121521.4
121553.5
122021.3
122521.1
123133.4
123236.5
123603.4
123847.5
125989.4
126273.5
127338.4
127519.5
127806.4
127968.5
128128.8
128546.211
128546.8
128962.4
129010.5
129146.211
129146.8
129259.211
129259.8
129542.4
129832.5
130009.8
130010.212
130060.2
130060.4
130115.5
130560.3
131060.1
131790.4
131815.5
131817.4
132032.5
134439.4
134573.5
135383.8
135595.4
135845.5
135925.211
135925.8
136045.211
136045.8
136571.4
136578.5
136583.4
136927.5
136957.4
136962.5
137038.4
137302.5
137367.4
137679.5
137752.8
137753.212
137803.2
137803.4
137877.5
138303.3
138725.4
138803.1
139093.5
139885.4
139889.5
139893.4
140335.5
140766.4
140953.5
141074.8
141097.211
141097.8
141107.211
141107.8
141301.4
141523.5
141646.211
141646.8
141650.211
141650.8
141765.211
141765.8
141865.211
141865.8
142312.4
142414.5
142521.8
142522.212
142571.2
142571.4
142629.5
143071.3
143571.1
144616.4
144961.5
145151.8
145322.4
145447.5
145668.211
145668.8
145678.211
145678.8
145794.211
145794.8
145880.211
145880.8
146181.4
146340.5
146498.8
146499.212
146548.2
146548.4
146620.5
147048.3
147548.1
150310.4
150486.5
151054.4
151172.5
151666.4
151818.5
151943.8
151966.211
151966.8
151970.211
151970.8
151989.211
151989.8
152014.211
152014.8
152019.211
152019.8
152196.4
152291.5
152373.4
152471.5
152560.211
152560.8
152631.211
152631.8
152647.211
152647.8
152755.211
152755.8
152852.4
153100.5
153555.4
153667.5
153854.4
153887.5
154034.8
154035.212
154090.2
154090.4
154168.5
154590.3
155090.1
157527.4
157536.5
157543.4
157645.5
158819.4
159081.5
159398.4
159629.5
159638.4
159665.5
159769.8
159824.4
159826.5
159827.4
159829.5
159830.4
159982.5
160145.211
160145.8
160149.211
160149.8
160184.211
160184.8
160310.211
160310.8
160316.211
160316.8
160471.4
160475.5
160476.4
160750.5
160751.4
160754.5
160857.211
160857.8
160927.211
160927.8
161019.4
161024.5
161027.4
161455.5
161755.8
161756.212
161808.2
161808.4
161809.5
161810.4
161873.5
162308.3
162808.1
164015.4
164020.5
164027.4
164136.5
164142.4
164144.5
167579.4
167619.5
168539.4
168871.5
171242.4
171490.5
172782.4
173272.5
176320.4
176443.5
176646.8
176877.4
177109.5
177175.211
177175.8
177341.211
177341.8
177408.211
177408.8
177822.4
177886.5
177993.211
177993.8
178725.4
178893.5
179015.8
179016.212
179069.2
179069.4
179172.5
180000.9
123456789
10
17
15
10
17
15
10
FI
2
2
10
50
03
11
23
03
6
2
883
0
0
0
314159265
28
201
211
180000
314159265
0.1
696.8
700.211
700.8
792.4
909.5
1365.8
1366.212
1421.2
1421.4
1460.5
1921.3
2421.1
2700.4
3037.5
3215.4
3400.5
3501.8
3528.211
3528.8
3533.211
3533.8
3566.211
3566.8
3697.4
3857.5
4013.211
4013.8
4199.211
4199.8
4295.4
4519.5
4626.211
4626.8
4646.211
4646.8
4679.211
4679.8
4715.211
4715.8
4885.4
5226.5
5229.4
5299.5
5392.8
5393.212
5442.2
5442.4
5487.5
5942.3
6442.1
6865.4
7381.5
7611.4
7882.5
8020.8
8158.4
8325.5
8580.211
8580.8
8603.211
8603.8
8791.4
9104.5
9119.4
9199.5
9284.8
9285.212
9331.2
9331.4
9421.5
9831.3
10331.1
10532.4
10624.5
11190.4
11406.5
12369.4
12680.5
13433.4
13556.5
13805.4
13806.5
13808.4
13984.5
14090.8
14118.211
14118.8
14237.4
14434.5
14685.4
14770.5
14853.4
14930.5
15024.8
15025.212
15077.2
15077.4
15146.5
15577.3
16077.1
19743.4
19874.5
20003.8
20055.211
20055.8
20147.4
20246.5
20335.4
20415.5
20572.211
20572.8
20577.211
20577.8
20722.4
21084.5
21175.211
21175.8
21180.211
21180.8
21206.211
21206.8
21237.211
21237.8
21299.211
21299.8
21312.211
21312.8
21348.211
21348.8
21391.211
21391.8
21444.211
21444.8
21744.4
22126.5
22216.8
22217.212
22261.2
22261.4
22347.5
22761.3
23261.1
25232.4
25407.5
25748.4
25982.5
26119.8
26137.211
26137.8
26160.211
26160.8
26187.211
26187.8
26260.4
26591.5
26652.4
26763.5
26876.8
26877.212
26926.2
26926.4
26990.5
27426.3
27926.1
31717.4
31885.5
31960.8
32009.211
32009.8
32016.211
32016.8
32066.211
32066.8
32150.4
32389.5
32512.211
32512.8
32518.211
32518.8
32572.211
32572.8
32575.211
32575.8
32599.211
32599.8
32628.211
32628.8
32715.4
32885.5
32986.211
32986.8
32991.211
32991.8
33038.211
33038.8
33059.211
33059.8
33071.211
33071.8
33125.211
33125.8
33159.211
33159.8
33165.211
33165.8
33296.4
33419.5
33485.4
33548.5
33661.211
33661.8
33695.211
33695.8
33736.211
33736.8
33780.211
33780.8
34085.211
34085.8
34168.4
34199.5
34315.211
34315.8
34350.211
34350.8
34956.8
34957.212
35014.2
35014.4
35123.5
35514.3
36014.1
36614.4
37034.5
38132.8
38223.4
38550.5
39026.4
39175.5
39184.4
39224.5
39233.4
39316.5
39517.8
39518.212
39560.2
39560.4
39562.5
39565.4
39631.5
40060.3
40560.1
40951.4
41249.5
42301.4
42566.5
42736.8
42870.4
43187.5
43336.211
43336.8
43360.211
43360.8
43518.211
43518.8
43523.211
43523.8
43585.211
43585.8
43735.4
43738.5
43740.4
44022.5
44108.4
44191.5
44297.8
44298.212
44343.2
44343.4
44441.5
44843.3
45343.1
46488.4
47090.5
49086.4
49095.5
49096.4
49209.5
49564.4
49836.5
49950.8
50220.4
50403.5
50493.211
50493.8
50537.211
50537.8
50557.211
50557.8
50561.211
50561.8
50652.211
50652.8
50836.4
51103.5
51199.211
51199.8
51244.211
51244.8
51414.4
51604.5
51768.211
51768.8
51839.211
51839.8
51879.211
51879.8
52044.211
52044.8
52234.4
52409.5
52509.211
52509.8
52573.211
52573.8
52659.211
52659.8
52870.4
53083.5
53085.4
53090.5
53249.211
53249.8
53279.211
53279.8
53388.4
53732.5
53741.4
53775.5
53899.8
53900.212
53943.2
53943.4
54017.5
54443.3
54943.1
55772.4
55929.5
56002.4
56020.5
56023.4
56101.5
56307.4
56942.5
58972.4
59348.5
59630.8
59718.4
59997.5
60115.211
60115.8
60149.211
60149.8
60181.211
60181.8
60302.4
60484.5
60485.4
60677.5
60779.211
60779.8
60812.211
60812.8
60817.211
60817.8
60843.211
60843.8
61007.4
61319.5
61686.4
61957.5
62126.8
62127.212
62170.2
62170.4
62261.5
62670.3
62701.4
62883.5
63133.4
63170.1
63359.5
63684.4
63813.5
63969.4
64341.5
64419.8
64448.211
64448.8
64468.211
64468.8
64490.211
64490.8
64523.211
64523.8
64765.4
65109.5
65119.4
65140.5
65141.4
65209.5
65333.8
65334.212
65379.2
65379.4
65457.5
65879.3
66379.1
67210.4
67217.5
67218.4
67563.5
69746.4
69873.5
70381.4
70557.5
70602.4
70976.5
71113.8
71320.4
71475.5
71485.4
71591.5
71725.8
71726.212
71775.2
71775.4
71812.5
72275.3
72775.1
73630.4
73751.5
73936.4
74077.5
77104.4
77301.5
77460.4
77641.5
77772.8
77968.4
78183.5
78286.4
78324.5
78423.8
78424.212
78469.2
78469.4
78522.5
78792.4
78879.5
78969.3
79235.4
79355.5
79469.1
79483.4
79772.5
80050.4
80753.5
81786.8
82011.4
82399.5
82498.8
82499.212
82551.2
82551.4
82607.5
83051.3
83551.1
86961.4
87121.5
87239.8
87304.211
87304.8
87474.4
87671.5
87808.211
87808.8
87894.211
87894.8
88126.4
88384.5
88578.8
88579.212
88623.2
88623.4
88679.5
89123.3
89623.1
90125.4
90511.5
91085.4
91418.5
92323.4
92522.5
92659.8
92947.4
93082.5
93198.211
93198.8
93211.211
93211.8
93216.211
93216.8
93234.211
93234.8
93271.211
93271.8
93310.211
93310.8
93459.4
93629.5
93731.211
93731.8
93773.211
93773.8
93785.211
93785.8
93876.211
93876.8
94029.4
94322.5
94432.211
94432.8
94510.211
94510.8
94738.4
94955.5
95121.8
95122.212
95172.2
95172.4
95224.5
95672.3
96172.1
97050.4
97142.5
102429.4
102572.5
103360.4
103455.5
103523.8
103762.4
103915.5
104174.8
104175.212
104227.2
104227.4
104276.5
104727.3
104734.4
104846.5
105227.1
105525.4
105663.5
106380.4
107032.5
108366.8
108440.4
108707.5
108889.4
109105.5
109642.4
109831.5
110027.8
110028.212
110073.2
110073.4
110124.5
110573.3
111073.1
111701.4
111794.5
111978.4
112384.5
115447.4
115557.5
115875.4
115984.5
116176.8
116380.4
116571.5
116661.211
116661.8
116705.211
116705.8
116813.211
116813.8
117062.4
117064.5
117065.4
117225.5
117367.211
117367.8
117371.211
117371.8
117973.4
118009.5
118091.4
118145.5
118319.8
118320.212
118367.2
118367.4
118415.5
118867.3
119367.1
123966.4
124163.5
124287.8
124420.4
124636.5
124637.4
124639.5
124642.4
124718.5
124780.211
124780.8
124827.211
124827.8
124875.211
124875.8
125005.4
125222.5
125296.4
125384.5
125957.4
126094.5
126336.8
126337.212
126382.2
126382.4
126384.5
126386.4
126430.5
126882.3
127382.1
131348.8
131515.4
131649.5
132116.4
132174.5
132288.8
132289.212
132342.2
132342.4
132363.5
132365.4
132384.5
132842.3
133342.1
135742.4
135873.5
136317.4
136438.5
137138.4
137271.5
137370.8
137716.211
137716.8
137760.211
137760.8
137766.211
137766.8
138150.4
138279.5
138523.8
138524.212
138574.2
138574.4
138635.5
139074.3
139574.1
140278.4
140286.5
140290.4
140429.5
142265.4
142392.5
143184.4
143410.5
143783.4
143898.5
144178.8
144300.4
144492.5
144604.211
144604.8
144644.211
144644.8
144680.211
144680.8
144715.211
144715.8
144776.211
144776.8
144959.4
145173.5
145317.211
145317.8
145368.211
145368.8
145753.4
145791.5
145798.4
145943.5
146144.8
146145.212
146193.2
146193.4
146303.5
146315.4
146693.3
146851.5
147103.4
147178.5
147193.1
147288.8
147349.211
147349.8
147613.211
147613.8
147835.4
147889.5
148001.211
148001.8
148170.211
148170.8
148416.211
148416.8
148460.211
148460.8
148823.4
148838.5
149546.4
149577.5
149671.8
149672.212
149732.2
149732.4
149821.5
150232.3
150732.1
151849.4
152192.5
156200.4
156529.5
156611.4
156744.5
156870.8
157036.4
157173.5
157201.4
157276.5
157390.211
157390.8
157426.211
157426.8
157665.4
157830.5
157985.211
157985.8
158046.211
158046.8
158049.211
158049.8
158091.211
158091.8
158122.211
158122.8
158130.211
158130.8
158990.4
159049.5
159165.8
159166.212
159213.2
159213.4
159279.5
159713.3
160213.1
161368.4
161842.5
162759.4
162959.5
164030.4
164038.5
164052.4
164157.5
164844.4
164852.5
164855.4
164860.5
165297.4
165430.5
165537.8
165598.211
165598.8
165950.4
165987.5
166086.211
166086.8
166194.211
166194.8
166526.4
166592.5
166686.211
166686.8
166809.211
166809.8
167177.4
167215.5
167545.4
167724.5
167727.4
167760.5
167970.8
167971.212
168019.2
168019.4
168183.5
168519.3
169019.1
170020.4
170194.5
170308.4
170780.5
172866.4
172930.5
174005.8
174014.211
174014.8
174025.211
174025.8
174256.4
174399.5
174511.211
174511.8
174640.211
174640.8
174738.4
174819.5
174903.4
174926.5
175064.211
175064.8
175129.211
175129.8
175132.211
175132.8
175495.4
175559.5
175732.211
175732.8
175735.211
175735.8
176106.4
176260.5
176353.8
176354.212
176402.2
176402.4
176403.5
176407.4
176463.5
176902.3
177402.1
177844.4
177936.5
178132.4
180000.9
123456789
10
18
15
10
18
15
10
FI
2
2
10
49
00
11
22
00
6
2
793
0
0
0
314159265
27
152
216
180000
314159265
0.1
474.4
569.5
731.8
1301.4
1595.5
1911.4
2222.5
2378.8
2379.212
2425.2
2425.4
2492.5
2925.3
3425.1
3730.4
4409.5
4543.4
4626.5
4744.8
4798.4
5066.5
5170.211
5170.8
5203.211
5203.8
5229.211
5229.8
5238.211
5238.8
6278.4
6518.5
6901.4
7145.5
7174.4
7239.5
7340.8
7341.212
7391.2
7391.4
7430.5
7891.3
8391.1
8610.4
9250.5
9425.8
9823.211
9823.8
10048.4
10108.5
10216.211
10216.8
10342.211
10342.8
10359.211
10359.8
10520.4
10748.5
10920.211
10920.8
10922.211
10922.8
10929.211
10929.8
10951.211
10951.8
11229.4
11439.5
11532.211
11532.8
11566.211
11566.8
11598.211
11598.8
11625.211
11625.8
11640.211
11640.8
11836.4
12050.5
12205.211
12205.8
12221.211
12221.8
12256.211
12256.8
12262.211
12262.8
12662.4
12775.5
13158.4
13396.5
13483.8
13484.212
13528.2
13528.4
13530.5
13531.4
13587.5
14028.3
14528.1
14789.4
14910.5
14991.4
15354.5
16423.4
16586.5
16988.4
17244.5
17246.4
17312.5
17418.8
17553.4
17787.5
17860.4
17944.5
18034.8
18035.212
18077.2
18077.4
18127.5
18577.3
19077.1
20630.4
20859.5
22993.4
22996.5
22998.4
23302.5
23541.4
23544.5
23547.4
23552.5
23555.4
23560.5
23561.4
23807.5
23901.8
23941.211
23941.8
23973.211
23973.8
24136.4
24440.5
24567.211
24567.8
24609.211
24609.8
24642.211
24642.8
24730.4
25016.5
25114.211
25114.8
25143.211
25143.8
25147.211
25147.8
25166.211
25166.8
25206.211
25206.8
25272.4
25679.5
25837.8
25838.212
25883.2
25883.4
25924.5
26383.3
26883.1
27423.4
27566.5
29143.4
29275.5
29553.8
29567.211
29567.8
29575.211
29575.8
29581.211
29581.8
30167.4
30254.5
30355.8
30356.212
30400.2
30400.4
30507.5
30900.3
31400.1
33894.4
34100.5
34206.8
34217.211
34217.8
34249.211
34249.8
34341.4
34519.5
34524.4
34538.5
35152.4
35463.5
36091.4
36136.5
36362.4
36632.5
36813.8
36814.212
36861.2
36861.4
36907.5
37361.3
37861.1
38555.4
38696.5
38982.4
39417.5
41704.4
42020.5
42130.8
42351.4
42490.5
42518.4
42614.5
42867.8
42868.212
42921.2
42921.4
42983.5
43421.3
43921.1
44540.4
44640.5
45149.4
45511.5
46219.4
46683.5
46824.4
47006.5
47205.8
47414.4
47637.5
47667.4
47718.5
47826.8
47827.212
47873.2
47873.4
47934.5
48348.4
48373.3
48433.5
48519.4
48612.5
48873.1
50518.4
51476.5
51778.4
51898.5
53722.4
53800.5
53984.8
54243.4
54406.5
54695.8
54696.212
54747.2
54747.4
54819.5
55247.3
55747.1
56388.4
56588.5
56939.4
57483.5
60140.4
60631.5
62346.4
62430.5
62560.8
62747.4
62910.5
63100.211
63100.8
63151.211
63151.8
63428.4
63575.5
63722.211
63722.8
63749.211
63749.8
63825.211
63825.8
63898.211
63898.8
64056.4
64246.5
64348.211
64348.8
64412.211
64412.8
64451.211
64451.8
64520.211
64520.8
64529.211
64529.8
64568.211
64568.8
64576.211
64576.8
65052.4
65223.5
65440.8
65441.212
65486.2
65486.4
65554.5
65986.3
66486.1
67249.4
67410.5
73908.4
74074.5
74220.8
74342.4
74514.5
74621.211
74621.8
74631.211
74631.8
74993.4
75142.5
75553.4
75809.5
75904.8
75905.212
75952.2
75952.4
75993.5
76452.3
76952.1
77715.4
77894.5
79586.4
79891.5
79893.4
80070.5
80663.4
80763.5
80930.8
81114.4
81581.5
81779.8
81780.212
81832.2
81832.4
81877.5
82332.3
82832.1
83478.4
83638.5
84828.4
84831.5
84908.4
84988.5
86939.4
86998.5
90209.4
90282.5
90595.4
90677.5
91070.4
91171.5
91648.4
91717.5
92301.4
92584.5
92669.8
92703.211
92703.8
93070.4
93073.5
93074.4
93261.5
93403.4
93648.5
93794.8
93795.212
93844.2
93844.4
93902.5
94344.3
94844.1
95435.4
95769.5
96745.4
96836.5
98150.4
98318.5
98472.4
98637.5
98790.8
98922.4
99080.5
99095.4
99127.5
99252.211
99252.8
99282.211
99282.8
99379.4
99493.5
99543.4
99579.5
99602.4
99653.5
99765.211
99765.8
99808.211
99808.8
99850.211
99850.8
99860.211
99860.8
99864.211
99864.8
100038.4
100198.5
100253.4
100302.5
100895.4
101054.5
101159.8
101160.212
101204.2
101204.4
101256.5
101704.3
102204.1
105372.4
105548.5
105756.4
105993.5
106049.4
106211.5
106385.4
106575.5
106648.4
106670.5
106735.4
106745.5
106850.8
106854.211
106854.8
107185.4
107383.5
107547.4
107904.5
107981.8
107982.212
108028.2
108028.4
108036.5
108041.4
108116.5
108528.3
109028.1
114722.4
114854.5
114876.4
114878.5
115473.4
115974.5
116138.8
116165.211
116165.8
116181.211
116181.8
116191.211
116191.8
116196.211
116196.8
116201.211
116201.8
116324.4
116493.5
116511.4
116552.5
116657.211
116657.8
116903.4
117124.5
117287.8
117288.212
117339.2
117339.4
117408.5
117839.3
118339.1
118926.4
119885.5
120089.4
120182.5
120766.4
121038.5
121047.4
121140.5
121248.8
121396.4
121614.5
122005.4
122140.5
122413.8
122414.212
122463.2
122463.4
122512.5
122963.3
123463.1
124096.4
124103.5
124109.4
124419.5
126961.4
127254.5
127705.4
127890.5
127951.4
127957.5
128079.4
128180.5
128529.4
128695.5
128759.4
128779.5
128930.8
129057.211
129057.8
129071.211
129071.8
129074.211
129074.8
129097.211
129097.8
129349.4
129588.5
129737.8
129738.212
129784.2
129784.4
129826.5
130284.3
130784.1
132019.4
132025.5
132027.4
132264.5
133392.4
133521.5
134001.4
134162.5
134355.8
134477.4
134560.5
134618.4
134661.5
134779.211
134779.8
134785.211
134785.8
135143.4
135199.5
135498.8
135499.212
135547.2
135547.4
135597.5
136047.3
136547.1
139986.4
140118.5
140563.4
140664.5
140929.4
141128.5
141550.4
141682.5
141794.8
141903.211
141903.8
142462.4
142550.5
142556.4
142603.5
142666.8
142667.212
142718.2
142718.4
142787.5
143057.4
143112.5
143218.3
143718.1
145627.4
145628.5
145630.4
145769.5
146313.4
146501.5
146502.4
146591.5
146702.8
146711.211
146711.8
146783.211
146783.8
146791.211
146791.8
146969.4
147153.5
147334.211
147334.8
147825.4
147945.5
147946.4
147948.5
147957.4
147993.5
148101.8
148102.212
148152.2
148152.4
148237.5
148652.3
149152.1
149476.4
149828.5
152026.4
152214.5
152519.4
152697.5
152807.8
152848.211
152848.8
152851.211
152851.8
153117.4
153353.5
153538.8
153539.212
153588.2
153588.4
153620.5
154088.3
154588.1
155146.4
155551.5
156060.4
156359.5
156593.4
156701.5
156955.4
157211.5
157273.4
157355.5
157374.4
157444.5
157508.8
157515.211
157515.8
157542.211
157542.8
157568.211
157568.8
157790.4
157975.5
158031.4
158035.5
158154.211
158154.8
158181.211
158181.8
158224.211
158224.8
158231.211
158231.8
159119.4
159172.5
159280.8
159281.212
159331.2
159331.4
159391.5
159831.3
160331.1
162675.4
162797.5
163250.4
163494.5
163743.4
163973.5
164151.8
164243.211
164243.8
164247.211
164247.8
164252.211
164252.8
164438.4
164543.5
164671.211
164671.8
164823.211
164823.8
164826.211
164826.8
165095.4
165241.5
165360.211
165360.8
165443.211
165443.8
165465.211
165465.8
165686.4
165737.5
165986.211
165986.8
166382.4
166445.5
166607.8
166608.212
166650.2
166650.4
167072.5
167150.3
167248.4
167260.5
167650.1
168484.4
168486.5
168543.4
168663.5
168760.4
168819.5
168900.8
169063.4
169233.5
169298.4
169349.5
169473.211
169473.8
169505.211
169505.8
169808.4
169897.5
170565.4
170762.5
170880.8
170881.212
170936.2
170936.4
171034.5
171436.3
171936.1
173590.4
173816.5
174767.8
174861.4
175095.5
175388.4
175391.5
175394.4
175581.5
175850.4
175960.5
176033.8
176034.212
176081.2
176081.4
176163.5
176581.3
177081.1
177815.4
178117.5
178722.4
180000.9
123456789
10
19
15
10
19
15
10
FI
2
2
10
47
15
11
20
15
6
2
1006
0
0
0
314159265
27
240
237
180000
314159265
0.1
762.8
884.4
1016.5
1068.211
1068.8
1082.211
1082.8
1086.211
1086.8
1118.211
1118.8
1122.211
1122.8
1435.4
1571.5
1720.211
1720.8
1783.211
1783.8
2175.4
2262.5
2459.8
2460.212
2461.8
2504.2
2504.4
2572.5
3004.3
3504.1
3887.4
3889.5
3890.4
4012.5
4153.8
4235.4
4656.5
4750.211
4750.8
4788.211
4788.8
5119.4
5336.5
5470.8
5471.212
5512.2
5512.4
5579.5
6012.3
6512.1
7102.4
7741.5
8344.4
8514.5
8969.4
9388.5
9514.8
9624.4
9996.5
10161.8
10162.212
10208.2
10208.4
10288.5
10708.3
11208.1
11594.4
11596.5
11597.4
11792.5
12132.4
12321.5
12474.8
12644.4
12787.5
12933.4
12936.5
13063.211
13063.8
13075.211
13075.8
13095.211
13095.8
13125.211
13125.8
13317.4
13483.5
13492.4
13678.5
13768.8
13769.212
13812.2
13812.4
13887.5
14265.4
14312.3
14338.5
14812.1
15693.4
16306.5
17101.4
17410.5
17658.4
18009.5
18546.4
18722.5
18858.8
18862.211
18862.8
18939.211
18939.8
19215.4
19525.5
19672.8
19673.212
19715.2
19715.4
20048.5
20154.4
20215.3
20284.5
20529.8
20572.8
20577.8
20614.8
20715.1
21254.4
21422.5
21536.8
21606.211
21606.8
21764.211
21764.8
21828.211
21828.8
21993.4
22179.5
22416.211
22416.8
22448.211
22448.8
22873.4
23175.5
23280.8
23281.212
23327.2
23327.4
23377.5
23827.3
24327.1
24735.4
25309.5
25500.4
25759.5
26165.4
26343.5
26506.8
26800.211
26800.8
26880.4
27126.5
27224.211
27224.8
27281.211
27281.8
27341.211
27341.8
27365.211
27365.8
27525.4
27840.5
27965.211
27965.8
28054.211
28054.8
28375.4
28611.5
28745.8
28746.212
28787.2
28787.4
28789.5
28792.4
28831.5
29287.3
29787.1
30309.4
30537.5
30952.4
31091.5
32987.4
33120.5
33202.8
33215.211
33215.8
33243.211
33243.8
33247.211
33247.8
33253.211
33253.8
33410.4
33635.5
33651.4
33705.5
33879.8
33880.212
33921.2
33921.4
34421.3
34687.5
34857.4
34921.1
34989.5
35053.8
35090.211
35090.8
35119.211
35119.8
35397.4
35497.5
35588.211
35588.8
35641.211
35641.8
35670.211
35670.8
35703.211
35703.8
35709.211
35709.8
35748.211
35748.8
35753.211
35753.8
35841.4
36192.5
36297.211
36297.8
36352.211
36352.8
36358.211
36358.8
36385.211
36385.8
36661.4
36668.5
36670.4
37030.5
37164.8
37165.212
37207.2
37207.4
37262.5
37707.3
38207.1
39148.4
39296.5
39638.4
39870.5
40522.4
40603.5
40619.4
40623.5
40648.4
40676.5
40692.4
40699.5
41288.4
41289.5
41294.4
41296.5
41334.4
41425.5
41778.4
42223.5
42642.4
42812.5
42819.4
42968.5
43070.8
43399.4
43420.5
43429.4
43432.5
43451.4
43721.5
43842.8
43843.212
43885.2
43885.4
43918.5
44385.3
44885.1
45761.4
45911.5
46970.4
47423.5
47707.4
48037.5
48152.8
48197.211
48197.8
48231.211
48231.8
48340.4
48607.5
48713.211
48713.8
48822.211
48822.8
49000.4
49281.5
49389.211
49389.8
49446.211
49446.8
49449.211
49449.8
49470.211
49470.8
49521.211
49521.8
49563.211
49563.8
49649.4
49856.5
50216.8
50217.212
50264.2
50264.4
50311.5
50764.3
51264.1
52954.4
53109.5
53339.4
53685.5
54461.4
54788.5
54895.8
55406.4
55491.5
56066.4
56169.5
56233.8
56234.212
56284.2
56284.4
56370.5
56784.3
57284.1
57832.4
58049.5
60667.4
60814.5
61165.4
61785.5
62326.4
62525.5
62762.8
62893.4
63113.5
63310.211
63310.8
63312.211
63312.8
63336.211
63336.8
63389.211
63389.8
63655.4
63939.5
63945.4
63947.5
64083.8
64084.212
64138.2
64138.4
64182.5
64638.3
65138.1
68696.4
69232.5
69954.4
70072.5
70320.4
70585.5
70725.8
70732.211
70732.8
70773.211
70773.8
70786.211
70786.8
70855.211
70855.8
70903.211
70903.8
70982.4
71217.5
71398.211
71398.8
71402.211
71402.8
71441.211
71441.8
71468.211
71468.8
71552.211
71552.8
71573.211
71573.8
71705.211
71705.8
71714.211
71714.8
71739.211
71739.8
71782.211
71782.8
71955.4
72199.5
72324.211
72324.8
72381.211
72381.8
72514.211
72514.8
72753.4
72845.5
72935.211
72935.8
72939.211
72939.8
72954.211
72954.8
72975.211
72975.8
73015.211
73015.8
73054.211
73054.8
73077.211
73077.8
73392.4
73544.5
73646.211
73646.8
73740.211
73740.8
73782.211
73782.8
73813.211
73813.8
73880.4
74188.5
74222.4
74250.5
74309.211
74309.8
74325.211
74325.8
74374.211
74374.8
74378.211
74378.8
74406.211
74406.8
74412.211
74412.8
74418.211
74418.8
74426.211
74426.8
74465.211
74465.8
74467.211
74467.8
74487.211
74487.8
74514.211
74514.8
74862.4
75098.5
75175.8
75176.212
75224.2
75224.4
75285.5
75724.3
76224.1
82008.4
82127.5
82323.4
82474.5
82541.4
82669.5
82779.8
82836.211
82836.8
82842.211
82842.8
82847.211
82847.8
82936.211
82936.8
83012.4
83214.5
83301.211
83301.8
83302.211
83302.8
83437.211
83437.8
83709.4
83920.5
84099.8
84100.212
84149.2
84149.4
84150.5
84152.4
84205.5
84649.3
85149.1
87584.4
87690.5
88120.4
88306.5
88334.4
88436.5
88514.8
88572.211
88572.8
88704.4
88824.5
88856.4
88857.5
88860.4
88925.5
89028.211
89028.8
89057.211
89057.8
89110.211
89110.8
89117.211
89117.8
89357.4
89520.5
89536.4
89604.5
89703.211
89703.8
89741.211
89741.8
89793.211
89793.8
89839.211
89839.8
90091.4
90238.5
90240.4
90257.5
90378.211
90378.8
90402.211
90402.8
90407.211
90407.8
90596.4
90742.5
90920.211
90920.8
90996.211
90996.8
91001.211
91001.8
91068.211
91068.8
91287.4
91534.5
91642.211
91642.8
91695.211
91695.8
91700.211
91700.8
91731.211
91731.8
91896.4
92045.5
92224.211
92224.8
92488.211
92488.8
92574.4
92779.5
93045.211
93045.8
93356.4
93410.5
93416.4
93480.5
93633.211
93633.8
93714.211
93714.8
93951.4
94142.5
94231.211
94231.8
94265.211
94265.8
94355.4
94581.5
94736.211
94736.8
94777.211
94777.8
95049.4
95122.5
95265.211
95265.8
95328.211
95328.8
95573.4
95886.5
95933.4
95955.5
96017.8
96018.212
96074.2
96074.4
96186.5
96574.3
96690.4
97074.1
97089.5
97239.8
97446.4
97905.5
98187.4
98465.5
98792.4
99026.5
99140.4
99316.5
99719.4
99957.5
100018.8
100019.212
100063.2
100063.4
100065.5
100067.4
100148.5
100563.3
100891.4
101063.1
101088.5
101990.4
101995.5
101998.4
102159.5
102266.8
102270.211
102270.8
102277.211
102277.8
102285.211
102285.8
102554.211
102554.8
102707.4
103058.5
103060.4
103061.5
103065.4
103080.5
103089.4
103140.5
103338.4
103542.5
103545.4
103547.5
103593.4
103595.5
103596.4
103697.5
103802.8
103803.212
103849.2
103849.4
103929.5
104349.3
104549.4
104849.1
105026.5
106439.4
106729.5
106883.4
107316.5
107800.4
108146.5
108280.8
108289.211
108289.8
108427.4
108691.5
108796.211
108796.8
108835.211
108835.8
108865.211
108865.8
108934.211
108934.8
109072.4
109418.5
109472.4
109558.5
109668.8
109669.212
109712.2
109712.4
110042.5
110192.4
110212.3
110277.5
110373.4
110521.5
110712.1
110956.8
110959.211
110959.8
110967.211
110967.8
110970.211
110970.8
111077.4
111407.5
111543.211
111543.8
111621.211
111621.8
111796.4
112022.5
112227.8
112228.212
112278.2
112278.4
112326.5
112778.3
113278.1
114225.4
114610.5
122168.8
122304.4
122615.5
122963.4
123254.5
123706.4
123916.5
124016.8
124017.212
124069.2
124069.4
124141.5
124569.3
125069.1
125767.4
125836.5
126235.4
126322.5
126659.4
126866.5
127918.4
128262.5
129193.4
129204.5
129212.4
129434.5
130565.4
130675.5
130956.4
131038.5
131053.4
131158.5
131442.4
131655.5
131776.8
132025.4
132189.5
132541.8
132542.212
132591.2
132591.4
132661.5
133091.3
133591.1
134421.4
134668.5
138298.4
138757.5
138866.4
138920.5
139215.4
139374.5
139449.4
139484.5
139652.8
139656.211
139656.8
139846.4
140153.5
140575.4
140727.5
140771.4
140800.5
140935.8
140936.212
140982.2
140982.4
141035.5
141482.3
141982.1
142777.4
143040.5
148006.4
148012.5
148014.4
148321.5
148597.4
148665.5
148742.4
148825.5
148921.8
148955.211
148955.8
148958.211
148958.8
149347.4
149360.5
149458.211
149458.8
149495.211
149495.8
149500.211
149500.8
149504.211
149504.8
149539.211
149539.8
149602.211
149602.8
149621.211
149621.8
149676.211
149676.8
149717.211
149717.8
149930.4
150044.5
150224.211
150224.8
150264.211
150264.8
150274.211
150274.8
150279.211
150279.8
150349.211
150349.8
150455.4
150555.5
150606.4
150653.5
150787.211
150787.8
150894.211
150894.8
151150.4
151260.5
151269.4
151340.5
151479.211
151479.8
151558.211
151558.8
151814.211
151814.8
151918.211
151918.8
152022.4
152251.5
152479.211
152479.8
152568.211
152568.8
152765.4
152959.5
153186.8
153187.212
153235.2
153235.4
153276.5
153735.3
154235.1
154896.4
154898.5
154903.4
155165.5
155170.4
155171.5
155184.4
155194.5
155220.4
155519.5
155659.4
155770.5
157176.4
157192.5
157193.4
157375.5
157782.8
157942.4
157946.5
157952.4
158125.5
158386.4
158391.5
158398.4
158715.5
159204.8
159205.212
159254.2
159254.4
159301.5
159754.3
160206.4
160254.1
160281.5
160805.4
160965.5
161066.4
161169.5
161300.4
162621.5
162901.4
163340.5
163480.4
163969.5
164508.8
164699.4
165030.5
165259.8
165260.212
165311.2
165311.4
165382.5
165811.3
166311.1
166796.4
167007.5
167174.4
167543.5
170758.4
170997.5
171345.4
171766.5
172017.4
172131.5
172208.4
172292.5
172369.4
172521.5
172640.8
172680.211
172680.8
172852.4
173092.5
173212.211
173212.8
173345.211
173345.8
173570.4
173721.5
173868.211
173868.8
173980.211
173980.8
174391.4
174558.5
174767.8
174768.212
174818.2
174818.4
174880.5
175318.3
175818.1
178556.4
180000.9
123456789
10
20
15
10
20
15
10
FI
2
2
10
51
39
11
24
38
6
2
906
0
0
0
314159265
25
220
207
180000
314159265
0.1
726.8
789.4
873.5
925.211
925.8
1123.4
1177.5
1472.211
1472.8
1685.4
1861.5
1915.211
1915.8
2075.4
2204.5
2205.4
2232.5
2334.211
2334.8
2408.211
2408.8
2469.211
2469.8
2891.4
2910.5
3046.211
3046.8
3300.4
3371.5
3485.211
3485.8
3539.211
3539.8
3617.211
3617.8
3895.211
3895.8
3983.4
4246.5
4373.211
4373.8
4407.211
4407.8
4504.4
4515.5
4517.4
4858.5
5014.8
5015.212
5062.2
5062.4
5133.5
5562.3
5674.4
5680.5
5681.4
5734.5
6062.1
6889.4
7057.5
7149.4
7259.5
7523.4
7728.5
7879.4
7909.5
8091.8
8384.4
8572.5
8806.8
8807.212
8850.2
8850.4
8851.5
8852.4
8919.5
9350.3
9850.1
10132.4
10459.5
10664.4
10812.5
10979.8
11245.211
11245.8
11449.4
11568.5
11698.211
11698.8
11740.211
11740.8
11745.211
11745.8
11751.211
11751.8
11773.211
11773.8
11815.211
11815.8
11824.211
11824.8
11835.211
11835.8
11877.211
11877.8
12128.4
12358.5
12451.211
12451.8
12517.211
12517.8
12520.211
12520.8
12544.211
12544.8
12570.211
12570.8
12769.211
12769.8
12842.4
12847.5
12848.4
13067.5
13145.4
13239.5
13243.4
13262.5
13381.8
13382.212
13424.2
13424.4
13479.5
13924.3
14424.1
14645.4
14916.5
16665.4
17253.5
17548.4
17884.5
18053.8
18091.211
18091.8
18299.4
18565.5
18661.211
18661.8
18792.211
18792.8
18797.211
18797.8
18899.4
19117.5
19235.211
19235.8
19275.211
19275.8
19286.211
19286.8
19307.211
19307.8
19322.211
19322.8
19331.211
19331.8
19472.211
19472.8
19744.4
19898.5
20063.4
20253.5
20368.8
20369.212
20411.2
20411.4
20461.5
20911.3
21411.1
22952.4
23409.5
23606.4
23787.5
23940.8
24006.4
24219.5
24371.211
24371.8
24379.211
24379.8
24478.211
24478.8
24667.211
24667.8
24933.211
24933.8
25155.4
25412.5
25507.211
25507.8
25550.211
25550.8
25555.211
25555.8
25593.211
25593.8
25635.211
25635.8
25664.211
25664.8
25692.211
25692.8
25967.4
26084.5
26172.211
26172.8
26256.211
26256.8
26281.211
26281.8
26317.211
26317.8
26501.4
26765.5
26849.211
26849.8
26872.211
26872.8
26900.211
26900.8
26915.211
26915.8
26985.211
26985.8
26995.211
26995.8
27065.211
27065.8
27247.4
27460.5
27558.211
27558.8
27562.211
27562.8
27625.211
27625.8
27646.211
27646.8
27735.4
28068.5
28339.8
28340.212
28385.2
28385.4
28422.5
28885.3
29385.1
30703.4
30914.5
31519.4
31520.5
31521.4
31847.5
31963.8
32078.4
32322.5
32443.211
32443.8
32556.211
32556.8
32776.4
32987.5
33098.211
33098.8
33155.211
33155.8
33160.211
33160.8
33185.211
33185.8
33190.211
33190.8
33210.211
33210.8
33242.211
33242.8
33380.4
33665.5
33774.211
33774.8
33840.211
33840.8
33848.211
33848.8
33893.211
33893.8
33972.4
34234.5
34240.4
34288.5
34413.211
34413.8
34452.211
34452.8
34474.211
34474.8
34500.211
34500.8
34569.211
34569.8
34756.211
34756.8
34920.4
35115.5
35218.211
35218.8
35268.211
35268.8
35272.211
35272.8
35300.211
35300.8
35325.211
35325.8
35407.4
35886.5
36010.8
36011.212
36054.2
36054.4
36093.5
36554.3
37054.1
37617.4
38112.5
38294.4
38557.5
39701.4
39990.5
40309.4
40487.5
40554.8
40590.211
40590.8
40594.211
40594.8
40622.211
40622.8
40660.211
40660.8
40743.211
40743.8
41008.211
41008.8
41048.211
41048.8
41057.211
41057.8
41144.4
41458.5
41465.4
41498.5
41508.4
41535.5
41593.211
41593.8
41678.211
41678.8
41723.211
41723.8
42065.4
42067.5
42072.4
42405.5
42534.8
42535.212
42577.2
42577.4
42590.5
42591.4
42612.5
43077.3
43577.1
43705.4
44089.5
44093.4
44113.5
44802.4
45038.5
46458.4
46569.5
46987.4
47185.5
47508.4
47790.5
48149.4
48278.5
48814.4
49235.5
49393.4
49590.5
49707.8
49743.211
49743.8
49782.211
49782.8
49789.211
49789.8
49822.211
49822.8
50124.4
50125.5
50127.4
50233.5
50460.8
50461.212
50511.2
50511.4
50512.5
50513.4
50551.5
51011.3
51511.1
54449.8
54827.211
54827.8
54857.211
54857.8
55038.4
55243.5
55302.211
55302.8
55364.211
55364.8
55370.211
55370.8
55375.211
55375.8
55409.211
55409.8
55738.4
55740.5
55741.4
55912.5
56034.8
56035.212
56085.2
56085.4
56132.5
56585.3
57085.1
57632.4
57641.5
57644.4
57835.5
61294.4
61715.5
61716.4
61718.5
61912.8
61924.211
61924.8
61948.211
61948.8
62098.4
62409.5
62641.8
62642.212
62689.2
62689.4
62732.5
63189.3
63689.1
64362.4
64763.5
66621.4
66955.5
67557.4
67662.5
68526.4
68668.5
69177.4
69302.5
69476.8
69545.211
69545.8
69549.211
69549.8
69667.211
69667.8
70013.211
70013.8
70625.4
70894.5
71018.8
71019.212
71062.2
71062.4
71128.5
71562.3
72062.1
72567.4
72648.5
73245.4
73571.5
74826.4
74979.5
76202.4
76486.5
76684.4
76686.5
76690.4
76889.5
76898.4
76993.5
77268.4
77481.5
77765.8
77818.211
77818.8
77904.4
78211.5
78357.211
78357.8
78361.211
78361.8
78410.211
78410.8
78527.4
78966.5
79103.4
79286.5
79392.4
79501.5
79646.4
79874.5
80110.8
80111.212
80162.2
80162.4
80194.5
80662.3
81162.1
81757.4
82094.5
84190.4
84537.5
84671.8
84709.211
84709.8
85293.4
85775.5
85941.8
85942.212
85991.2
85991.4
85993.5
85995.4
86058.5
86491.3
86991.1
92226.4
92556.5
92673.4
92786.5
93131.4
93333.5
93746.4
93749.5
93754.4
93904.5
94039.8
94140.211
94140.8
94374.4
94376.5
94379.4
94381.5
94382.4
94571.5
94586.4
94705.5
94853.8
94854.212
94897.2
94897.4
94898.5
94901.4
94961.5
95397.3
95897.1
96542.4
96543.5
96545.4
96546.5
96547.4
97023.5
99373.8
99451.4
99680.5
99990.8
99991.212
100046.2
100046.4
100085.5
100546.3
101046.1
101586.4
101831.5
103581.4
103608.5
103611.4
103615.5
103617.4
103666.5
103668.4
103670.5
104419.4
104501.5
105146.4
105147.5
105148.4
105154.5
105183.4
105200.5
105535.4
105592.5
106661.8
106733.4
106940.5
107706.8
107707.212
107759.2
107759.4
107827.5
108259.3
108759.1
110300.4
110742.5
110956.4
111163.5
111307.8
111482.4
111694.5
111826.211
111826.8
111829.211
111829.8
111865.211
111865.8
111870.211
111870.8
111901.211
111901.8
111906.211
111906.8
111945.211
111945.8
111987.211
111987.8
112155.211
112155.8
112181.211
112181.8
112510.4
112816.5
112933.8
112934.212
112981.2
112981.4
113017.5
113481.3
113981.1
115624.4
117059.5
117337.8
117523.4
117998.5
118154.8
118155.212
118232.2
118232.4
118240.5
118249.4
118262.5
118266.4
118268.5
118272.4
118292.5
118732.3
119232.1
120956.4
121172.5
123585.4
123652.5
123764.8
123925.4
124192.5
124358.211
124358.8
124744.4
124747.5
124749.4
124831.5
124936.211
124936.8
124968.211
124968.8
125043.211
125043.8
125073.211
125073.8
125078.211
125078.8
125522.4
125548.5
126288.4
126385.5
126493.8
126494.212
126547.2
126547.4
126585.5
127047.3
127547.1
131044.8
131147.4
131197.5
131271.211
131271.8
131274.211
131274.8
131343.211
131343.8
131434.4
131542.5
131647.211
131647.8
131712.211
131712.8
131781.211
131781.8
132030.4
132129.5
132585.4
132745.5
132853.8
132854.212
132910.2
132910.4
132981.5
133410.3
133910.1
138534.4
138592.5
139079.4
139269.5
139270.4
139274.5
139389.8
139397.211
139397.8
139400.211
139400.8
139595.4
139726.5
139937.211
139937.8
139980.211
139980.8
140000.211
140000.8
140008.211
140008.8
140348.4
140545.5
140687.8
140688.212
140742.2
140742.4
140810.5
141242.3
141742.1
144722.4
144937.5
144954.4
145010.5
145207.8
145214.211
145214.8
145401.4
145628.5
145784.211
145784.8
145786.211
145786.8
145816.211
145816.8
145860.211
145860.8
146807.4
146876.5
147261.4
147265.5
147267.4
147403.5
147555.8
147556.212
147602.2
147602.4
147641.5
148102.3
148602.1
151944.4
152414.5
152726.4
152876.5
153174.4
153475.5
153666.8
153843.211
153843.8
154305.211
154305.8
154922.4
154985.5
155091.8
155092.212
155149.2
155149.4
155207.5
155649.3
156149.1
161440.4
161536.5
161879.4
161968.5
162206.8
162682.4
162856.5
163565.4
163729.5
163888.8
163889.212
163944.2
163944.4
163980.5
164444.3
164944.1
165639.4
165646.5
165647.4
166043.5
172705.4
172791.5
173125.4
173264.5
173325.4
173352.5
173353.4
173355.5
173634.8
173953.4
174181.5
174497.8
174498.212
174551.2
174551.4
174650.5
175051.3
175289.4
175414.5
175551.1
175666.4
175925.5
177227.4
177666.5
177804.8
177813.211
177813.8
177960.4
178208.5
178285.4
178321.5
178388.211
178388.8
178409.211
178409.8
178416.211
178416.8
178444.211
178444.8
178536.211
178536.8
178621.211
178621.8
178748.4
178990.5
179128.211
179128.8
179243.211
179243.8
179549.4
180000.9
123456789
10
21
15
10
21
15
10
FI
2
2
10
49
31
11
22
31
6
2
1119
0
0
0
314159265
27
278
253
180000
314159265
0.1
471.8
637.211
637.8
841.4
1082.5
1219.211
1219.8
1222.211
1222.8
1256.211
1256.8
1553.4
1756.5
1851.211
1851.8
1873.211
1873.8
1897.211
1897.8
1906.211
1906.8
1935.211
1935.8
1963.211
1963.8
1992.211
1992.8
2311.4
2460.5
2565.211
2565.8
2618.211
2618.8
2646.211
2646.8
2656.211
2656.8
2663.211
2663.8
2769.211
2769.8
2944.4
3159.5
3250.211
3250.8
3280.211
3280.8
3285.211
3285.8
3323.211
3323.8
3335.211
3335.8
3373.211
3373.8
3503.211
3503.8
3662.4
3914.5
3998.211
3998.8
4031.211
4031.8
4066.211
4066.8
4121.211
4121.8
4161.211
4161.8
4183.211
4183.8
4399.211
4399.8
4478.4
4696.5
4757.211
4757.8
4871.211
4871.8
4906.211
4906.8
5548.4
5638.5
5748.8
5749.212
5796.2
5796.4
5855.5
6296.3
6796.1
7226.4
7687.5
7845.8
7962.4
8233.5
8329.211
8329.8
8339.211
8339.8
8367.211
8367.8
8395.211
8395.8
8440.211
8440.8
8546.4
8817.5
9048.8
9049.212
9090.2
9090.4
9152.5
9590.3
10090.1
10211.4
10836.5
11004.8
11008.211
11008.8
11139.4
11284.5
11374.4
11376.5
11377.4
11438.5
11623.8
11624.212
11673.2
11673.4
11724.5
12173.3
12673.1
12798.4
14164.5
14420.4
14792.5
14794.4
14800.5
14802.4
14808.5
15025.8
15089.4
15194.5
15377.211
15377.8
15413.211
15413.8
15416.211
15416.8
15490.211
15490.8
15517.211
15517.8
15652.4
15929.5
16091.211
16091.8
16120.211
16120.8
16167.211
16167.8
16332.4
16518.5
16662.211
16662.8
16683.211
16683.8
16928.4
17228.5
17326.8
17327.212
17370.2
17370.4
17418.5
17870.3
18370.1
22226.4
22578.5
22752.8
22756.211
22756.8
22914.4
23174.5
23577.4
23841.5
23946.8
23947.212
23992.2
23992.4
24102.5
24492.3
24536.4
24685.5
24933.4
24992.1
25020.5
25326.4
25574.5
26221.4
26308.5
26587.4
26939.5
27085.8
27116.211
27116.8
27211.4
27486.5
27709.211
27709.8
27901.4
28026.5
28276.211
28276.8
28306.211
28306.8
28315.211
28315.8
28485.4
28752.5
28939.8
28940.212
28984.2
28984.4
29027.5
29484.3
29984.1
30268.4
30424.5
33387.4
33481.5
33829.4
33973.5
34127.8
34140.211
34140.8
34183.211
34183.8
34504.4
34719.5
34926.8
34927.212
34981.2
34981.4
35015.5
35481.3
35981.1
37397.4
37401.5
37432.4
37668.5
38218.8
38363.4
38547.5
38736.211
38736.8
38747.211
38747.8
38765.211
38765.8
38787.211
38787.8
38849.211
38849.8
38931.4
39085.5
39310.211
39310.8
39369.211
39369.8
39374.211
39374.8
39429.211
39429.8
39445.211
39445.8
39635.4
39804.5
39914.211
39914.8
39921.211
39921.8
39945.211
39945.8
40025.211
40025.8
40056.211
40056.8
40090.211
40090.8
40218.4
40375.5
40488.211
40488.8
40525.211
40525.8
40529.211
40529.8
40536.211
40536.8
40544.211
40544.8
40576.211
40576.8
40597.211
40597.8
40644.211
40644.8
40813.211
40813.8
40882.211
40882.8
40966.4
41150.5
41387.211
41387.8
41690.4
41865.5
42007.8
42008.212
42059.2
42059.4
42098.5
42559.3
43059.1
43253.4
44288.5
45002.4
45175.5
45312.8
45457.4
45630.5
45816.211
45816.8
45829.211
45829.8
45914.211
45914.8
46008.4
46176.5
46274.211
46274.8
46381.211
46381.8
46405.211
46405.8
46427.211
46427.8
46500.4
46700.5
46806.211
46806.8
46811.211
46811.8
46813.211
46813.8
46850.211
46850.8
46921.211
46921.8
46962.211
46962.8
47038.4
47158.5
47463.4
47494.5
47599.8
47600.212
47650.2
47650.4
47700.5
48150.3
48650.1
48928.4
49024.5
49052.4
49125.5
49324.4
50047.5
53138.4
53302.5
53691.4
53792.5
53985.8
54010.211
54010.8
54059.211
54059.8
54064.211
54064.8
54371.211
54371.8
54408.211
54408.8
54436.211
54436.8
54587.4
54589.5
54590.4
54744.5
54745.4
54850.5
55000.211
55000.8
55004.211
55004.8
55064.211
55064.8
55147.4
55408.5
55608.211
55608.8
55641.211
55641.8
55786.4
55788.5
55789.4
55966.5
56140.211
56140.8
56202.211
56202.8
56291.211
56291.8
56359.4
56522.5
56741.211
56741.8
56771.211
56771.8
56779.211
56779.8
57026.4
57226.5
57387.8
57388.212
57431.2
57431.4
57493.5
57931.3
58431.1
58574.4
59515.5
59687.4
59812.5
59908.8
60029.4
60186.5
60195.4
60197.5
60199.4
60273.5
60591.4
60806.5
60897.8
60898.212
60937.2
60937.4
60997.5
61437.3
61937.1
62245.4
62335.5
62765.4
63268.5
63699.4
63932.5
64646.4
64951.5
65216.4
65374.5
65490.8
65744.4
65878.5
65923.4
65927.5
65928.4
66049.5
66111.8
66112.212
66159.2
66159.4
66198.5
66659.3
67159.1
68099.4
68488.5
71622.4
71674.5
71753.8
71911.4
71996.5
72199.211
72199.8
72209.211
72209.8
72302.4
72449.5
72731.211
72731.8
72838.4
72916.5
72980.4
73048.5
73236.211
73236.8
73273.211
73273.8
73283.211
73283.8
73546.4
73658.5
74134.4
74263.5
74408.8
74409.212
74452.2
74452.4
74455.5
74456.4
74511.5
74952.3
75452.1
76456.4
76706.5
80807.8
80820.211
80820.8
80823.211
80823.8
80991.4
80992.5
80993.4
81328.5
81462.8
81463.212
81518.2
81518.4
81552.5
82018.3
82518.1
86834.4
86998.5
87218.4
87363.5
87510.8
87515.211
87515.8
87566.211
87566.8
87679.4
87681.5
87687.4
87771.5
87861.4
87892.5
88371.4
88536.5
88983.4
89129.5
89305.8
89306.212
89349.2
89349.4
89383.5
89849.3
90349.1
92869.4
93108.5
93398.4
93596.5
94098.4
94330.5
94500.8
94532.211
94532.8
94583.211
94583.8
94684.4
94864.5
95059.211
95059.8
95116.211
95116.8
95428.4
95497.5
95802.4
96001.5
96114.8
96115.212
96162.2
96162.4
96216.5
96662.3
97162.1
98471.4
98642.5
98785.8
98905.4
99104.5
99260.211
99260.8
99266.211
99266.8
99376.4
99494.5
99566.4
99614.5
99738.4
99939.5
100170.8
100171.212
100222.2
100222.4
100271.5
100722.3
101222.1
101752.4
102066.5
102266.8
102270.211
102270.8
102559.4
102701.5
102841.211
102841.8
102853.211
102853.8
102862.211
102862.8
102872.211
102872.8
102927.211
102927.8
103089.4
103222.5
103317.4
103351.5
103440.211
103440.8
103445.211
103445.8
103452.211
103452.8
103478.211
103478.8
103487.211
103487.8
103615.211
103615.8
103813.4
103921.5
104063.211
104063.8
104097.211
104097.8
104105.211
104105.8
104148.211
104148.8
104229.4
104479.5
104544.211
104544.8
104645.211
104645.8
104666.211
104666.8
104734.211
104734.8
104815.4
104997.5
105123.211
105123.8
105127.211
105127.8
105163.211
105163.8
105185.211
105185.8
105187.211
105187.8
105370.4
105550.5
105717.211
105717.8
105724.211
105724.8
105753.211
105753.8
105787.211
105787.8
105822.211
105822.8
105907.4
106161.5
106262.211
106262.8
106315.211
106315.8
106341.211
106341.8
106346.211
106346.8
106543.211
106543.8
106641.4
106786.5
106852.4
106916.5
106999.211
106999.8
107060.211
107060.8
107064.211
107064.8
107121.211
107121.8
107260.4
107418.5
107524.4
107593.5
107701.211
107701.8
107788.211
107788.8
108002.4
108144.5
108394.4
108601.5
108698.8
108699.212
108743.2
108743.4
108780.5
109243.3
109743.1
110456.4
110710.5
111924.4
111957.5
112438.4
112896.5
112982.8
113088.4
113230.5
113282.4
113402.5
113507.211
113507.8
113533.211
113533.8
113544.211
113544.8
113733.4
113883.5
114020.211
114020.8
114042.211
114042.8
114159.4
114162.5
114297.4
114369.5
114428.211
114428.8
114467.211
114467.8
114501.211
114501.8
114549.211
114549.8
114712.4
114898.5
114901.4
114937.5
115066.211
115066.8
115094.211
115094.8
115332.4
115375.5
115483.4
115501.5
115670.211
115670.8
115695.211
115695.8
115869.4
116071.5
116319.8
116320.212
116370.2
116370.4
116437.5
116870.3
117005.4
117370.1
118661.5
118703.4
118972.5
119124.4
119621.5
119623.4
120079.5
121531.4
121939.5
122066.8
122069.211
122069.8
122201.4
122398.5
122541.211
122541.8
122546.211
122546.8
122612.211
122612.8
122715.4
122975.5
123147.211
123147.8
123193.211
123193.8
123377.4
123638.5
123740.211
123740.8
123769.211
123769.8
123843.211
123843.8
123905.4
124125.5
124241.211
124241.8
124317.211
124317.8
124348.211
124348.8
124672.4
124891.5
124902.4
124915.5
125033.8
125034.212
125079.2
125079.4
125118.5
125579.3
126079.1
126637.4
127444.5
127540.4
127655.5
127660.4
127695.5
127871.4
128323.5
128329.4
128335.5
128338.4
128345.5
128352.4
128364.5
128376.4
128478.5
128514.4
128762.5
128764.4
128782.5
130213.4
130460.5
130710.4
130888.5
130964.4
131027.5
131219.8
131307.4
131508.5
131717.211
131717.8
131846.211
131846.8
132205.4
132387.5
132553.8
132554.212
132603.2
132603.4
132684.5
132856.4
132937.5
133103.3
133468.4
133560.5
133603.1
133775.4
133881.5
134185.4
134497.5
135752.4
135829.5
136127.4
136190.5
136470.4
136548.5
136927.4
137153.5
137264.8
137337.211
137337.8
137477.4
137630.5
137814.211
137814.8
137819.211
137819.8
137877.211
137877.8
138136.4
138261.5
138422.211
138422.8
138723.4
138931.5
139056.8
139057.212
139110.2
139110.4
139149.5
139610.3
140110.1
140814.4
141321.5
142049.4
142231.5
143314.4
143833.5
144153.4
144241.5
144309.8
144512.4
144712.5
144908.211
144908.8
145093.4
145095.5
145097.4
145173.5
145366.211
145366.8
145429.211
145429.8
145436.211
145436.8
145477.211
145477.8
145743.4
145937.5
146024.211
146024.8
146130.211
146130.8
146153.211
146153.8
146236.211
146236.8
146241.211
146241.8
146577.4
146663.5
146894.8
146895.212
146945.2
146945.4
147084.5
147103.4
147169.5
147445.3
147945.1
148877.4
149044.5
149729.4
149943.5
151396.4
151611.5
151762.8
151932.211
151932.8
152100.4
152101.5
152107.4
152333.5
152531.211
152531.8
152537.211
152537.8
152655.4
152839.5
153147.8
153148.212
153200.2
153200.4
153255.5
153700.3
154200.1
154862.4
154865.5
154866.4
155085.5
159473.4
159747.5
159819.8
159828.211
159828.8
159880.211
159880.8
160121.4
160226.5
160715.4
160843.5
160949.8
160950.212
161001.2
161001.4
161040.5
161501.3
162001.1
162665.4
162751.5
163149.4
163350.5
164555.4
164745.5
165353.4
165595.5
165710.8
165748.211
165748.8
165982.4
166078.5
166311.211
166311.8
166363.211
166363.8
166594.211
166594.8
166798.4
166908.5
167063.211
167063.8
167380.4
167553.5
167736.8
167737.212
167787.2
167787.4
167836.5
168133.4
168240.5
168287.3
168616.4
168621.5
168625.4
168737.5
168787.1
168973.4
169011.5
169022.4
169112.5
169400.4
169759.5
170375.4
171259.5
171326.4
171764.5
171771.4
171869.5
171894.4
171898.5
171907.4
171909.5
171910.4
172315.5
172531.8
172652.4
172849.5
173332.4
173487.5
173699.8
173700.212
173747.2
173747.4
173809.5
174247.3
174747.1
175621.4
176045.5
176210.4
176502.5
176601.4
177013.5
177066.4
177089.5
177340.4
177907.5
178334.4
178431.5
178652.4
178654.5
178655.4
178788.5
179132.4
179298.5
179720.4
180000.9
123456789
10
22
15
10
22
15
10
FI
2
2
10
52
51
11
25
51
6
2
777
0
0
0
314159265
21
197
169
180000
314159265
0.1
810.8
966.4
1453.5
1508.8
1509.212
1565.2
1565.4
1634.5
2065.3
2565.1
2933.4
3184.5
3643.4
3735.5
4249.8
4255.211
4255.8
4261.211
4261.8
4325.4
4416.5
4533.211
4533.8
4560.211
4560.8
4568.211
4568.8
4690.211
4690.8
4886.4
4951.5
5168.211
5168.8
5213.211
5213.8
5224.211
5224.8
5230.211
5230.8
5345.211
5345.8
5632.4
5828.5
5958.8
5959.212
6005.2
6005.4
6082.5
6505.3
7005.1
7299.4
7491.5
7706.4
7912.5
8212.4
8620.5
8771.8
8828.4
9101.5
9340.211
9340.8
9389.211
9389.8
9418.211
9418.8
9441.211
9441.8
9715.4
9961.5
10141.8
10142.212
10188.2
10188.4
10218.5
10688.3
11188.1
11565.4
11648.5
11720.4
11918.5
12082.4
12254.5
12650.4
12991.5
13189.4
13190.5
13191.4
13518.5
13673.4
14013.5
14309.8
14313.211
14313.8
14340.211
14340.8
14572.4
14934.5
15030.8
15031.212
15075.2
15075.4
15120.5
15575.3
16075.1
16110.4
16639.5
16779.8
16840.4
17036.5
17146.4
17261.5
17364.211
17364.8
17396.211
17396.8
17431.211
17431.8
17436.211
17436.8
17448.211
17448.8
17475.211
17475.8
17480.211
17480.8
17496.211
17496.8
17577.4
17686.5
17803.4
17939.5
18056.211
18056.8
18063.211
18063.8
18080.211
18080.8
18104.211
18104.8
18176.211
18176.8
18232.211
18232.8
18397.4
18602.5
18739.211
18739.8
18746.211
18746.8
18805.211
18805.8
18809.211
18809.8
18893.211
18893.8
18915.211
18915.8
18923.211
18923.8
19002.4
19287.5
19451.4
19502.5
19572.8
19573.212
19621.2
19621.4
19681.5
19836.4
20121.3
20195.5
20621.1
22198.4
22358.5
23343.8
23425.4
23733.5
23886.211
23886.8
23904.211
23904.8
23935.211
23935.8
24126.4
24307.5
24429.211
24429.8
24459.211
24459.8
24488.211
24488.8
24525.211
24525.8
24537.211
24537.8
24702.211
24702.8
24760.211
24760.8
24981.4
25078.5
25082.4
25107.5
25250.211
25250.8
25261.211
25261.8
25279.211
25279.8
25284.211
25284.8
25324.211
25324.8
25381.211
25381.8
25442.211
25442.8
25547.4
25748.5
25947.211
25947.8
25981.211
25981.8
25996.211
25996.8
26004.211
26004.8
26037.211
26037.8
26040.211
26040.8
26102.211
26102.8
26334.211
26334.8
26570.4
26685.5
26818.211
26818.8
26860.211
26860.8
26895.211
26895.8
27096.4
27262.5
27405.211
27405.8
27435.211
27435.8
27469.211
27469.8
27885.4
27904.5
28014.211
28014.8
28084.211
28084.8
28152.211
28152.8
28227.4
28342.5
28453.211
28453.8
28496.211
28496.8
28505.211
28505.8
28533.211
28533.8
28537.211
28537.8
28571.211
28571.8
28579.211
28579.8
28591.211
28591.8
28997.4
29177.5
29327.8
29328.212
29372.2
29372.4
29439.5
29872.3
30372.1
30848.4
31282.5
32123.4
32327.5
32526.4
32611.5
34617.4
34805.5
35019.4
35476.5
35567.4
35760.5
36037.4
36295.5
36430.8
36460.211
36460.8
36492.211
36492.8
36528.211
36528.8
36698.4
36922.5
37125.211
37125.8
37167.211
37167.8
37430.4
37488.5
37644.211
37644.8
37703.211
37703.8
37920.4
38070.5
38344.8
38345.212
38388.2
38388.4
38473.5
38888.3
39388.1
39838.4
39943.5
40109.4
40248.5
40311.4
40536.5
41493.4
41736.5
42468.4
42655.5
43073.4
43226.5
43514.4
43578.5
43786.4
43790.5
43792.4
43909.5
44058.8
44106.211
44106.8
44255.4
44511.5
44779.8
44780.212
44831.2
44831.4
44889.5
45331.3
45535.4
45612.5
45831.1
46346.4
46353.5
46356.4
46738.5
47500.4
47728.5
48055.4
48147.5
48350.8
48400.211
48400.8
48404.211
48404.8
48805.211
48805.8
48827.211
48827.8
48899.4
49024.5
49294.211
49294.8
49329.211
49329.8
49522.4
49667.5
49671.4
49674.5
49863.211
49863.8
49889.211
49889.8
49896.211
49896.8
49927.211
49927.8
49966.211
49966.8
50164.4
50361.5
50542.211
50542.8
50582.211
50582.8
50651.211
50651.8
50703.211
50703.8
50804.4
50939.5
51093.211
51093.8
51144.4
51316.5
51610.211
51610.8
51662.211
51662.8
51935.4
51983.5
52093.211
52093.8
52163.211
52163.8
52169.211
52169.8
52172.211
52172.8
52214.211
52214.8
52218.211
52218.8
52506.4
52534.5
52727.211
52727.8
53095.211
53095.8
53129.211
53129.8
53398.4
53634.5
54215.4
54371.5
54482.8
54483.212
54526.2
54526.4
54580.5
54918.4
55002.5
55026.3
55526.1
55716.4
55718.5
55724.4
55854.5
57260.4
57423.5
57847.4
58001.5
58146.8
58217.211
58217.8
58412.4
58607.5
58799.211
58799.8
58863.211
58863.8
59187.4
59278.5
59430.211
59430.8
59471.211
59471.8
59707.4
59803.5
59889.211
59889.8
59967.211
59967.8
59973.211
59973.8
60002.211
60002.8
60008.211
60008.8
60035.211
60035.8
60055.211
60055.8
60285.211
60285.8
60436.4
60692.5
60828.211
60828.8
61408.4
61613.5
61716.8
61717.212
61764.2
61764.4
61828.5
62264.3
62764.1
63579.4
64020.5
64740.4
64829.5
65127.4
65294.5
65870.4
66171.5
66334.8
66361.211
66361.8
66546.4
66550.5
66552.4
66717.5
66979.8
66980.212
67029.2
67029.4
67120.5
67304.4
67389.5
67529.3
68029.1
70282.4
70284.5
70287.4
70454.5
70898.4
70947.5
71540.4
71703.5
71934.4
72065.5
72254.4
72364.5
74042.8
74500.4
74611.5
74720.8
74721.212
74781.2
74781.4
74787.5
74789.4
74806.5
75281.3
75781.1
76478.4
76481.5
76484.4
76833.5
77857.4
78010.5
80952.4
81180.5
82018.4
82080.5
82342.8
82382.211
82382.8
82387.211
82387.8
82669.4
82851.5
82992.8
82993.212
83051.2
83051.4
83112.5
83551.3
84051.1
84700.4
84706.5
84712.4
84813.5
85455.4
86072.5
87337.4
87634.5
87821.8
88191.4
88227.5
88377.211
88377.8
88382.211
88382.8
88509.211
88509.8
88554.211
88554.8
88558.211
88558.8
89496.4
89657.5
89839.8
89840.212
89909.2
89909.4
89966.5
90409.3
90909.1
91609.4
91777.5
92084.4
92280.5
93926.4
94117.5
94885.4
95145.5
95333.8
95631.4
95754.5
95765.4
95792.5
95994.8
95995.212
96039.2
96039.4
96118.5
96539.3
97039.1
97894.4
98164.5
98174.4
98177.5
99511.4
99827.5
101091.4
101131.5
102294.4
102388.5
102530.8
102744.4
102989.5
103052.211
103052.8
103092.211
103092.8
103127.211
103127.8
103171.211
103171.8
103464.4
103579.5
103766.211
103766.8
103804.211
103804.8
103874.211
103874.8
103889.211
103889.8
103904.211
103904.8
104098.211
104098.8
104309.4
104522.5
104721.8
104722.212
104784.2
104784.4
104835.5
105284.3
105784.1
106332.4
106445.5
106508.4
106598.5
107074.4
107621.5
110787.4
110993.5
112186.4
112266.5
112499.8
112773.4
112804.5
112922.211
112922.8
112927.211
112927.8
113006.211
113006.8
113125.211
113125.8
113322.4
113518.5
113783.8
113784.212
113834.2
113834.4
113898.5
114334.3
114834.1
119400.4
119515.5
120406.8
120673.4
120907.5
121304.8
121305.212
121367.2
121367.4
121430.5
121867.3
122367.1
123048.4
123263.5
126897.4
127305.5
127673.4
127850.5
128110.8
128142.211
128142.8
128821.4
129011.5
129189.8
129190.212
129239.2
129239.4
129599.5
129739.3
130239.1
134484.4
134615.5
134960.4
135153.5
135809.4
135888.5
136103.8
136161.211
136161.8
136167.211
136167.8
136926.4
137055.5
137289.8
137290.212
137346.2
137346.4
137386.5
137846.3
138346.1
140180.4
140412.5
141291.4
141491.5
141701.8
141963.4
142056.5
142171.211
142171.8
142515.4
142624.5
142803.8
142804.212
142852.2
142852.4
142921.5
143352.3
143852.1
170900.4
171093.5
174706.4
180000.9
123456789
10
23
15
10
23
15
10
FI
2
2
10
47
30
11
20
30
6
2
863
0
0
0
314159265
24
206
201
180000
314159265
0.1
316.4
363.5
415.4
468.5
522.8
788.4
839.5
980.211
980.8
1103.4
1240.5
1462.211
1462.8
1510.211
1510.8
1542.211
1542.8
1592.211
1592.8
1652.211
1652.8
2054.4
2079.5
2193.211
2193.8
2209.211
2209.8
2238.211
2238.8
2263.211
2263.8
2339.211
2339.8
2381.211
2381.8
2564.4
2636.5
2725.211
2725.8
2795.211
2795.8
2806.211
2806.8
2868.211
2868.8
2871.211
2871.8
2889.211
2889.8
3274.4
3420.5
3575.8
3576.212
3621.2
3621.4
3688.5
4121.3
4602.4
4621.1
4778.5
4875.4
5180.5
5279.8
5809.211
5809.8
5928.4
6063.5
6247.211
6247.8
6253.211
6253.8
6279.211
6279.8
6284.211
6284.8
6312.211
6312.8
6317.211
6317.8
6335.211
6335.8
6382.211
6382.8
6670.4
6824.5
6943.211
6943.8
6954.211
6954.8
6992.211
6992.8
7001.211
7001.8
7025.211
7025.8
7046.211
7046.8
7175.4
7405.5
7578.211
7578.8
7646.211
7646.8
7666.211
7666.8
7787.4
8061.5
8180.211
8180.8
8200.211
8200.8
8225.211
8225.8
8247.211
8247.8
8290.211
8290.8
8395.4
8609.5
8698.4
8743.5
8882.211
8882.8
8912.211
8912.8
8943.211
8943.8
8948.211
8948.8
9098.4
9347.5
9481.211
9481.8
9511.211
9511.8
9546.211
9546.8
9824.4
9997.5
10122.211
10122.8
10132.211
10132.8
10187.211
10187.8
10240.211
10240.8
10252.211
10252.8
10467.4
10659.5
10715.211
10715.8
10775.211
10775.8
10800.211
10800.8
10806.211
10806.8
10828.211
10828.8
11001.4
11291.5
11533.8
11534.212
11580.2
11580.4
11584.5
11585.4
11621.5
12080.3
12580.1
12670.4
12790.5
12880.4
13089.5
13296.4
13465.5
13480.4
13624.5
14184.4
14304.5
14644.8
14711.4
14840.5
15112.4
15143.5
15224.211
15224.8
15265.211
15265.8
15310.211
15310.8
15333.211
15333.8
15398.4
15675.5
15801.211
15801.8
15825.211
15825.8
15829.211
15829.8
15884.211
15884.8
15894.211
15894.8
15900.211
15900.8
15935.211
15935.8
16042.4
16045.5
16049.4
16250.5
16412.211
16412.8
16417.211
16417.8
16431.211
16431.8
16537.4
16695.5
16731.4
16760.5
16763.4
16769.5
16783.4
16785.5
16814.4
16819.5
16884.211
16884.8
16916.211
16916.8
16928.211
16928.8
16936.211
16936.8
17306.211
17306.8
17399.211
17399.8
17422.211
17422.8
17633.4
17821.5
17896.211
17896.8
17951.211
17951.8
17979.211
17979.8
17983.211
17983.8
18008.211
18008.8
18010.211
18010.8
18045.211
18045.8
18047.211
18047.8
18133.4
18136.5
18137.4
18272.5
18288.4
18348.5
18503.211
18503.8
18510.211
18510.8
18549.211
18549.8
18633.4
18890.5
18984.211
18984.8
19017.211
19017.8
19022.211
19022.8
19367.4
19401.5
19422.4
19450.5
19546.211
19546.8
19606.211
19606.8
19619.211
19619.8
19659.211
19659.8
19831.4
19956.5
19958.4
19985.5
20077.211
20077.8
20114.211
20114.8
20153.211
20153.8
20170.211
20170.8
20172.211
20172.8
20285.4
20438.5
20535.4
20547.5
20555.4
20596.5
20722.211
20722.8
20728.211
20728.8
20756.211
20756.8
20761.211
20761.8
20800.211
20800.8
20952.4
20983.5
20997.4
21130.5
21258.211
21258.8
21281.211
21281.8
21311.211
21311.8
21566.4
21569.5
21570.4
21633.5
21778.211
21778.8
21809.211
21809.8
21820.211
21820.8
23862.4
24044.5
24294.4
24357.5
24714.4
24761.5
24920.8
24921.212
24963.2
24963.4
25028.5
25224.4
25306.5
25463.3
25708.4
25710.5
25712.4
25783.5
25963.1
26043.4
26252.5
26554.4
26624.5
27194.4
27349.5
27455.8
27463.211
27463.8
27482.211
27482.8
27573.4
27597.5
27637.4
27741.5
28089.4
28214.5
28314.8
28315.212
28359.2
28359.4
28444.5
28859.3
29359.1
29558.4
29648.5
29933.4
30043.5
32264.4
32335.5
32637.4
32686.5
33047.8
33151.4
33255.5
33370.211
33370.8
33410.211
33410.8
33748.211
33748.8
33817.211
33817.8
34280.4
34357.5
34457.8
34458.212
34503.2
34503.4
34505.5
34507.4
34575.5
34906.4
34981.5
35003.3
35165.4
35254.5
35355.4
35433.5
35503.1
35565.4
36167.5
38441.4
38728.5
38747.4
38876.5
39704.4
39805.5
40636.4
40638.5
40639.4
40719.5
41527.4
41572.5
41621.8
41724.211
41724.8
41730.211
41730.8
41812.211
41812.8
42619.4
42621.5
42622.4
42683.5
42776.8
42777.212
42820.2
42820.4
42876.5
43320.3
43820.1
43904.4
46205.5
46248.4
46376.5
48011.4
48085.5
48513.4
48525.5
48669.8
48926.211
48926.8
48964.211
48964.8
48968.211
48968.8
49283.4
49360.5
49515.211
49515.8
49813.4
49900.5
50070.211
50070.8
50096.211
50096.8
50374.4
50503.5
50695.211
50695.8
50764.211
50764.8
51045.4
51154.5
51213.211
51213.8
51567.4
51647.5
51737.211
51737.8
52695.4
52837.5
53276.4
53313.5
53676.4
53724.5
53773.8
53774.212
53819.2
53819.4
53892.5
54319.3
54819.1
54916.4
55195.5
61885.4
61983.5
62358.4
62417.5
62474.8
62858.4
62918.5
63021.211
63021.8
63265.4
63304.5
63523.211
63523.8
63697.4
63743.5
63933.211
63933.8
64094.4
64188.5
64351.211
64351.8
64483.4
64529.5
65427.8
65428.212
65471.2
65471.4
65558.5
65795.4
65887.5
65971.3
66166.4
66418.5
66471.1
68246.4
68334.5
68414.8
72344.4
72360.5
72550.4
72631.5
73717.8
73718.212
73722.8
73767.2
73767.4
73829.5
74267.3
74767.1
74865.4
74868.5
74870.4
74945.5
75250.4
75412.5
75567.8
75659.4
75799.5
75938.211
75938.8
76090.4
76098.5
76272.211
76272.8
76374.211
76374.8
83888.4
83968.5
84238.4
84341.5
84343.4
84345.5
84451.8
84452.212
84495.2
84495.4
84498.5
84500.4
84549.5
84995.3
85495.1
85723.4
85848.5
85912.8
86206.4
86277.5
86879.4
86923.5
86987.8
86988.212
86989.8
87029.2
87029.4
87127.5
87471.4
87524.5
87529.3
87581.4
87773.5
88029.1
89520.8
89568.4
89612.5
90321.8
90322.212
90366.2
90366.4
90424.5
90727.4
90804.5
90866.3
90900.4
91230.5
91366.1
91609.4
91736.5
91800.8
92229.4
92231.5
92233.4
92290.5
92737.4
92861.5
93238.4
93354.5
93450.8
93451.212
93495.2
93495.4
93552.5
93995.3
94441.4
94495.1
94522.5
94691.4
95030.5
96704.4
96774.5
96821.8
96869.4
96927.5
96991.211
96991.8
98036.4
98056.5
98363.8
98364.212
98434.2
98434.4
98481.5
98934.3
99434.1
99494.4
99501.5
99502.4
99602.5
99683.4
100048.5
100294.8
100414.4
100562.5
100669.211
100669.8
101296.8
101297.212
101341.2
101341.4
101403.5
101841.3
102341.1
102420.4
102485.5
102626.4
102952.5
103874.4
103895.5
105548.8
105561.211
105561.8
105576.211
105576.8
105580.211
105580.8
111703.8
111704.212
111755.2
111755.4
111790.5
112255.3
112257.4
112308.5
112755.1
113616.4
113692.5
113743.8
114112.4
114147.5
114251.211
114251.8
114254.211
114254.8
114282.211
114282.8
114606.4
114731.5
115252.4
115293.5
115454.8
115455.212
115501.2
115501.4
115564.5
116001.3
116501.1
116507.4
116701.5
116722.4
116730.5
116736.4
116797.5
116961.4
117154.5
126959.8
127055.4
127106.5
127220.211
127220.8
127507.4
127525.5
127537.4
127581.5
128794.4
128806.5
128857.8
128858.212
128898.2
128898.4
128933.5
129398.3
129868.4
129898.1
129951.5
130201.4
130209.5
130211.4
130410.5
137015.4
137070.5
137793.4
137795.5
137797.4
137813.5
137932.8
138110.4
138112.5
146121.4
146185.5
146555.8
146556.212
146623.2
146623.4
146688.5
147123.3
147623.1
147686.4
147838.5
147972.4
148075.5
148425.4
148505.5
148855.8
148859.211
148859.8
148898.211
148898.8
148904.211
148904.8
149010.4
149098.5
149152.211
149152.8
149218.211
149218.8
149689.4
149766.5
149924.4
150021.5
150305.8
150306.212
150347.2
150347.4
150414.5
150843.4
150847.3
151154.5
151347.1
151414.4
151670.5
152042.8
152172.4
152281.5
152599.4
152649.5
153324.8
153325.212
153377.2
153377.4
153429.5
153877.3
154255.4
154377.1
154664.5
154884.8
154888.211
154888.8
154895.211
154895.8
156527.8
156528.212
156592.2
156592.4
156602.5
156607.4
156647.5
157092.3
157592.1
157937.4
157942.5
157943.4
158080.5
158154.8
158544.211
158544.8
159235.8
159236.212
159293.2
159293.4
159397.5
159793.3
160293.1
160938.4
161026.5
171461.8
178092.8
178093.212
178139.2
178139.4
178166.5
178639.3
180000.9
123456789
10
24
15
10
24
15
10
FI
2
2
10
48
00
11
21
00
6
2
1533
0
0
0
314159265
27
460
281
180000
314159265
0.1
231.8
506.4
534.5
766.4
938.5
1070.8
1071.212
1144.2
1144.4
1157.5
1160.4
1181.5
1644.3
2144.1
2265.4
2415.5
2491.8
2523.211
2523.8
2602.211
2602.8
2673.4
3086.5
3221.8
3222.212
3270.2
3270.4
3353.5
3770.3
4270.1
4504.4
4507.5
4508.4
4794.5
4983.8
5213.4
5411.5
5655.8
5656.212
5658.8
5709.2
5709.4
5844.5
6209.3
6334.4
6709.1
6861.5
6960.8
6997.211
6997.8
7027.211
7027.8
7049.211
7049.8
7205.211
7205.8
7359.4
7484.5
7571.211
7571.8
7593.211
7593.8
7615.211
7615.8
7627.211
7627.8
7645.211
7645.8
7673.211
7673.8
7695.211
7695.8
7815.211
7815.8
7821.211
7821.8
7826.211
7826.8
7857.211
7857.8
8063.4
8217.5
8312.211
8312.8
8363.211
8363.8
8377.211
8377.8
8389.211
8389.8
8405.211
8405.8
8455.211
8455.8
8491.211
8491.8
8516.211
8516.8
8637.4
8864.5
9018.211
9018.8
9185.211
9185.8
9219.211
9219.8
9348.4
9577.5
9710.211
9710.8
9736.211
9736.8
9774.211
9774.8
9807.211
9807.8
9811.211
9811.8
9828.211
9828.8
9829.211
9829.8
10138.211
10138.8
10246.4
10433.5
10497.211
10497.8
10522.211
10522.8
10575.211
10575.8
10592.211
10592.8
10613.211
10613.8
10643.211
10643.8
10684.211
10684.8
10956.211
10956.8
10960.211
10960.8
10985.211
10985.8
11093.4
11357.5
11410.211
11410.8
11464.4
11670.5
11761.211
11761.8
11794.211
11794.8
11806.211
11806.8
11808.211
11808.8
11844.211
11844.8
11863.211
11863.8
12023.4
12382.5
12482.8
12483.212
12530.2
12530.4
12578.5
13030.3
13530.1
15058.4
15061.5
15063.4
15065.5
15067.4
15182.5
15314.8
17500.4
17690.5
17826.8
17827.212
17881.2
17881.4
17952.5
18381.3
18478.4
18595.5
18881.1
18886.4
19230.5
20499.8
20550.211
20550.8
20554.211
20554.8
20712.211
20712.8
20815.211
20815.8
20973.4
21115.5
21279.211
21279.8
21283.211
21283.8
21303.211
21303.8
21307.211
21307.8
21339.211
21339.8
21504.4
21678.5
21817.211
21817.8
21838.211
21838.8
21910.211
21910.8
21945.211
21945.8
22115.4
22293.5
22435.4
22684.5
22821.8
22822.212
22873.2
22873.4
22920.5
23373.3
23873.1
26430.8
26513.211
26513.8
26704.4
26806.5
26922.211
26922.8
26929.211
26929.8
26984.211
26984.8
26995.211
26995.8
26999.211
26999.8
27165.4
27440.5
27591.4
27848.5
27951.8
27952.212
28001.2
28001.4
28075.5
28233.4
28339.5
28436.4
28501.3
28521.5
28609.4
28706.5
28806.4
28809.5
28812.4
29001.1
29250.5
29387.8
29560.4
29665.5
29825.211
29825.8
30004.211
30004.8
30103.4
30324.5
30477.211
30477.8
30502.211
30502.8
30529.211
30529.8
30707.4
30896.5
30990.211
30990.8
31051.211
31051.8
31087.211
31087.8
31109.211
31109.8
31135.211
31135.8
31265.4
31454.5
31650.211
31650.8
31691.211
31691.8
31711.211
31711.8
31725.211
31725.8
31887.4
32001.5
32104.211
32104.8
32132.211
32132.8
32156.211
32156.8
32178.211
32178.8
32214.211
32214.8
32377.4
32611.5
32625.4
32644.5
32791.211
32791.8
32836.211
32836.8
33044.4
33215.5
33445.8
33446.212
33493.2
33493.4
33582.5
33993.3
34493.1
35041.4
35284.5
35939.4
36239.5
36484.4
36743.5
36835.8
36877.211
36877.8
36941.4
37161.5
37313.211
37313.8
37371.4
37685.5
37830.4
38002.5
38162.8
38163.212
38230.2
38230.4
38362.5
38434.4
38436.5
38438.4
38503.5
38730.3
39230.1
40002.4
40517.5
41129.4
41384.5
43086.4
43255.5
43519.4
44024.5
44090.8
44155.4
44494.5
44574.4
44633.5
44696.8
44697.212
44754.2
44754.4
44783.5
45254.3
45754.1
46226.4
46322.5
46454.4
46537.5
46669.4
46861.5
48416.4
48573.5
48822.8
48968.4
48970.5
48971.4
49159.5
49491.8
49492.212
49543.2
49543.4
49590.5
50043.3
50543.1
50848.4
50914.5
51253.4
51679.5
53196.8
53387.4
53524.5
53598.211
53598.8
53626.211
53626.8
53633.211
53633.8
53660.211
53660.8
53665.211
53665.8
53862.211
53862.8
53897.211
53897.8
54028.4
54279.5
54438.211
54438.8
54465.211
54465.8
54510.211
54510.8
54527.211
54527.8
54609.211
54609.8
54803.4
54870.5
55031.211
55031.8
55144.211
55144.8
55150.211
55150.8
55179.211
55179.8
55309.4
55490.5
55491.4
55537.5
55657.211
55657.8
55690.211
55690.8
55720.211
55720.8
55741.211
55741.8
55768.211
55768.8
55804.211
55804.8
55918.4
56091.5
56200.211
56200.8
56318.211
56318.8
56466.4
56590.5
56816.211
56816.8
56832.211
56832.8
56835.211
56835.8
56870.211
56870.8
57016.4
57222.5
57402.211
57402.8
57665.211
57665.8
57750.211
57750.8
57837.211
57837.8
57939.4
58076.5
58371.211
58371.8
58599.211
58599.8
58656.211
58656.8
58881.4
59014.5
59146.211
59146.8
59377.4
59463.5
59605.4
59723.5
59890.8
59891.212
59934.2
59934.4
60110.5
60434.3
60934.1
62570.4
62573.5
62577.4
62686.5
63340.8
63379.211
63379.8
63456.4
63458.5
63461.4
63644.5
63829.211
63829.8
63863.211
63863.8
63866.211
63866.8
64043.4
64237.5
64347.211
64347.8
64429.211
64429.8
64601.4
64779.5
64920.211
64920.8
64960.211
64960.8
65042.211
65042.8
65172.4
65407.5
65534.211
65534.8
65755.4
66038.5
66225.4
66387.5
66531.8
66532.212
66583.2
66583.4
66621.5
67083.3
67583.1
68497.4
68980.5
69322.4
69446.5
69661.8
69884.4
70040.5
70119.211
70119.8
70184.211
70184.8
70228.211
70228.8
70233.211
70233.8
70355.4
70560.5
70699.211
70699.8
70704.211
70704.8
70771.4
70956.5
71172.211
71172.8
71210.211
71210.8
71215.211
71215.8
71283.211
71283.8
71456.4
71663.5
71760.211
71760.8
71785.211
71785.8
71793.211
71793.8
71812.211
71812.8
72081.4
72355.5
72420.8
72421.212
72468.2
72468.4
72499.5
72968.3
73468.1
74147.4
74151.5
74154.4
74675.5
75373.4
75761.5
75866.4
75932.5
76162.4
76370.5
76651.4
76821.5
77044.8
77201.4
77279.5
77366.211
77366.8
77401.211
77401.8
77407.211
77407.8
77489.211
77489.8
77695.211
77695.8
77855.4
77926.5
78028.211
78028.8
78049.211
78049.8
78084.211
78084.8
78114.211
78114.8
78125.211
78125.8
78163.211
78163.8
78169.211
78169.8
78190.211
78190.8
78368.4
78533.5
78660.211
78660.8
78770.211
78770.8
79327.4
79383.5
79483.8
79484.212
79539.2
79539.4
79576.5
80039.3
80539.1
81301.4
81483.5
81755.4
81760.5
81771.4
81788.5
82355.4
82551.5
82746.4
82748.5
82753.4
82819.5
82947.8
83037.211
83037.8
83187.4
83269.5
83351.211
83351.8
83383.211
83383.8
83388.211
83388.8
83520.4
83691.5
83806.211
83806.8
83814.211
83814.8
83849.211
83849.8
83860.211
83860.8
83982.4
83986.5
83987.4
84164.5
84240.4
84249.5
84478.8
84479.212
84536.2
84536.4
84607.5
85036.3
85186.4
85252.5
85536.1
85825.4
85979.5
86293.4
86302.5
86304.4
86462.5
87235.4
87239.5
87241.4
87364.5
90598.4
90644.5
90946.4
91070.5
91464.4
91537.5
92003.4
92088.5
92089.4
92091.5
92256.8
92391.211
92391.8
92565.4
92683.5
92898.211
92898.8
92904.211
92904.8
92964.211
92964.8
93039.211
93039.8
93219.4
93307.5
93481.211
93481.8
93503.211
93503.8
93665.4
93840.5
93940.211
93940.8
94286.4
94415.5
94567.8
94568.212
94618.2
94618.4
94657.5
95118.3
95618.1
97800.4
97873.5
98183.4
98286.5
98592.4
98722.5
98789.4
98869.5
99258.4
99402.5
99535.8
99566.211
99566.8
99598.211
99598.8
99636.211
99636.8
99657.211
99657.8
99921.4
100105.5
100237.211
100237.8
100335.211
100335.8
100399.211
100399.8
100400.211
100400.8
100511.4
100724.5
100794.211
100794.8
100846.211
100846.8
100871.211
100871.8
101209.4
101520.5
101579.8
101580.212
101641.2
101641.4
101887.5
102141.3
102224.4
102373.5
102450.8
102481.8
102561.8
102641.1
102740.4
102810.5
102925.8
102952.211
102952.8
103155.4
103329.5
103430.211
103430.8
103516.211
103516.8
103676.4
103695.5
103825.4
103946.5
104067.211
104067.8
104351.4
104480.5
104572.211
104572.8
104684.211
104684.8
104713.211
104713.8
104938.4
105115.5
105250.211
105250.8
105254.211
105254.8
105284.211
105284.8
105314.211
105314.8
105438.4
105648.5
105799.211
105799.8
105816.211
105816.8
105825.211
105825.8
105853.211
105853.8
105990.4
106139.5
106284.211
106284.8
106420.211
106420.8
106475.211
106475.8
106566.211
106566.8
106691.4
106850.5
106948.211
106948.8
107036.211
107036.8
107244.211
107244.8
107388.4
107476.5
107805.4
108042.5
108111.8
108112.212
108196.2
108196.4
108227.5
108696.3
109196.1
109642.4
109827.5
110992.4
111201.5
111360.4
111438.5
111498.8
111642.211
111642.8
111782.4
111960.5
112127.211
112127.8
112236.4
112427.5
112564.211
112564.8
112596.211
112596.8
112628.211
112628.8
112645.211
112645.8
112821.4
112863.5
113088.211
113088.8
113118.211
113118.8
113144.211
113144.8
113220.211
113220.8
113226.211
113226.8
113235.211
113235.8
113365.4
113515.5
113611.211
113611.8
113614.211
113614.8
113618.211
113618.8
113628.211
113628.8
113634.211
113634.8
113641.211
113641.8
113648.211
113648.8
113657.211
113657.8
113679.211
113679.8
113722.211
113722.8
113727.211
113727.8
113942.4
114068.5
114128.211
114128.8
114137.211
114137.8
114147.211
114147.8
114192.211
114192.8
114321.211
114321.8
114516.4
114686.5
114747.211
114747.8
114781.211
114781.8
114883.211
114883.8
115222.4
115304.5
115409.211
115409.8
115414.211
115414.8
115437.211
115437.8
115441.211
115441.8
115561.211
115561.8
115677.4
115738.5
115746.4
115801.5
115865.211
115865.8
115888.211
115888.8
115957.211
115957.8
116208.4
116263.5
116367.211
116367.8
116403.211
116403.8
116468.211
116468.8
116655.4
116743.5
116840.211
116840.8
116845.211
116845.8
116877.211
116877.8
116925.211
116925.8
116934.211
116934.8
116958.211
116958.8
117087.4
117264.5
117333.211
117333.8
117367.211
117367.8
117381.211
117381.8
117405.211
117405.8
117599.4
117785.5
117845.211
117845.8
117861.211
117861.8
117865.211
117865.8
117920.211
117920.8
118095.4
118253.5
118373.4
118427.5
118483.211
118483.8
118511.211
118511.8
118514.211
118514.8
118553.211
118553.8
118560.211
118560.8
118585.211
118585.8
118619.211
118619.8
118797.4
118893.5
118990.211
118990.8
119007.211
119007.8
119184.4
119275.5
119386.211
119386.8
119469.4
119626.5
119809.4
119836.5
119900.211
119900.8
119946.211
119946.8
120276.4
120357.5
120429.211
120429.8
120498.211
120498.8
120725.4
120991.5
121068.4
121099.5
121157.8
121158.212
121232.2
121232.4
121295.5
121732.3
122232.1
122757.4
123956.5
125220.4
125323.5
125427.4
125467.5
125484.4
125490.5
125528.4
125542.5
126539.8
126648.4
126795.5
126858.4
127012.5
127178.8
127179.212
127238.2
127238.4
127267.5
127738.3
128238.1
128646.4
128649.5
128653.4
128737.5
128818.4
129508.5
129509.4
129699.5
134325.4
134602.5
134822.8
134912.4
135153.5
135271.211
135271.8
135436.4
135688.5
135792.211
135792.8
135815.211
135815.8
135832.211
135832.8
135864.211
135864.8
135993.4
136091.5
136136.4
136345.5
136408.211
136408.8
136446.211
136446.8
136499.211
136499.8
136506.211
136506.8
136520.211
136520.8
136557.211
136557.8
136762.4
137110.5
137141.4
137216.5
137281.8
137282.212
137333.2
137333.4
137385.5
137833.3
138333.1
138685.4
139238.5
141337.4
141561.5
141942.4
142489.5
142570.8
142615.211
142615.8
142632.211
142632.8
142873.4
143234.5
143303.8
143304.212
143358.2
143358.4
143432.5
143858.3
144358.1
144913.4
144919.5
144920.4
145199.5
147313.4
147438.5
147554.8
147604.211
147604.8
147784.4
148009.5
148142.211
148142.8
148144.211
148144.8
148192.211
148192.8
148214.211
148214.8
148361.4
148532.5
148673.211
148673.8
148731.211
148731.8
149044.211
149044.8
149049.211
149049.8
149144.4
149147.5
149149.4
149266.5
149376.211
149376.8
149464.211
149464.8
149637.211
149637.8
149801.4
149890.5
149952.211
149952.8
150027.211
150027.8
150031.211
150031.8
150057.211
150057.8
150091.211
150091.8
150313.4
150406.5
150407.4
150448.5
150509.211
150509.8
150582.211
150582.8
150602.211
150602.8
150678.211
150678.8
150683.211
150683.8
150847.4
151042.5
151150.211
151150.8
151177.211
151177.8
151200.211
151200.8
151203.211
151203.8
151560.4
151774.5
151875.8
151876.212
151932.2
151932.4
151965.5
152432.3
152932.1
153315.4
153318.5
153323.4
153532.5
155102.8
155247.4
155430.5
155559.211
155559.8
155593.211
155593.8
155623.211
155623.8
155633.211
155633.8
155758.4
156146.5
156218.211
156218.8
156227.211
156227.8
156312.211
156312.8
156317.211
156317.8
156476.4
156667.5
156794.211
156794.8
156814.211
156814.8
156849.211
156849.8
156892.211
156892.8
156900.211
156900.8
157074.4
157246.5
157250.4
157271.5
157409.211
157409.8
157413.211
157413.8
157426.211
157426.8
157544.4
157868.5
158054.8
158055.212
158108.2
158108.4
158171.5
158599.4
158608.3
158882.5
158943.4
159108.1
159233.5
159237.4
159250.5
159263.4
159265.5
159269.4
159439.5
160314.4
160797.5
160928.4
161158.5
161532.4
161845.5
161996.8
162213.4
162450.5
162667.8
162668.212
162724.2
162724.4
162835.5
163224.3
163379.4
163451.5
163510.4
163653.5
163693.4
163724.1
164917.5
165175.4
165477.5
165651.8
165742.4
165949.5
166074.211
166074.8
166108.211
166108.8
166132.211
166132.8
166319.4
166574.5
166673.211
166673.8
166714.211
166714.8
166775.4
167030.5
167119.211
167119.8
167155.211
167155.8
167237.211
167237.8
167491.4
167695.5
168146.4
168318.5
168410.8
168411.212
168467.2
168467.4
168527.5
168967.3
169467.1
170173.4
170392.5
171127.4
171293.5
171678.4
171771.5
171835.4
171886.5
172012.8
172035.211
172035.8
172039.211
172039.8
172257.4
172359.5
172502.211
172502.8
172508.211
172508.8
172518.211
172518.8
172532.211
172532.8
172568.211
172568.8
172572.211
172572.8
172725.4
172920.5
173031.211
173031.8
173079.211
173079.8
173085.211
173085.8
173100.211
173100.8
173104.211
173104.8
173124.211
173124.8
173135.211
173135.8
173150.211
173150.8
173295.4
173451.5
173578.211
173578.8
173645.211
173645.8
173649.211
173649.8
173919.4
174079.5
174156.211
174156.8
174185.211
174185.8
174216.211
174216.8
174275.211
174275.8
174283.211
174283.8
174350.211
174350.8
174356.211
174356.8
174533.211
174533.8
174664.4
174783.5
174907.211
174907.8
174917.211
174917.8
174967.211
174967.8
175158.4
175368.5
175498.211
175498.8
175534.211
175534.8
175653.211
175653.8
175806.4
176153.5
176221.211
176221.8
176346.4
176658.5
176758.211
176758.8
176772.211
176772.8
176839.211
176839.8
177000.4
177193.5
177216.4
177239.5
177338.211
177338.8
177357.211
177357.8
177383.211
177383.8
177395.211
177395.8
177732.4
177862.5
177975.211
177975.8
178292.4
178423.5
178530.211
178530.8
178557.211
178557.8
178693.211
178693.8
178707.211
178707.8
178839.211
178839.8
178978.4
179164.5
179222.211
179222.8
179379.4
179591.5
179706.211
179706.8
179878.4
179880.5
180000.9
123456789
10
25
15
10
25
15
10
FI
2
2
10
47
31
11
20
31
6
2
1397
0
0
0
314159265
26
434
238
180000
314159265
0.1
695.4
841.5
919.8
923.211
923.8
946.211
946.8
964.211
964.8
992.211
992.8
1018.211
1018.8
1033.211
1033.8
1543.211
1543.8
1563.211
1563.8
1606.211
1606.8
1883.4
1997.5
2083.211
2083.8
2105.211
2105.8
2127.211
2127.8
2145.211
2145.8
2185.211
2185.8
2341.4
2512.5
2595.211
2595.8
2632.211
2632.8
2657.211
2657.8
2661.211
2661.8
2673.211
2673.8
2731.211
2731.8
2738.211
2738.8
2885.4
3083.5
3085.4
3087.5
3088.4
3120.5
3248.211
3248.8
3252.211
3252.8
3264.211
3264.8
3287.211
3287.8
3313.211
3313.8
3325.211
3325.8
3336.211
3336.8
3337.211
3337.8
3356.211
3356.8
3512.4
3760.5
3860.211
3860.8
3882.211
3882.8
3899.211
3899.8
3908.211
3908.8
3951.211
3951.8
3995.211
3995.8
4163.4
4371.5
4478.211
4478.8
4481.211
4481.8
4512.211
4512.8
4535.211
4535.8
4729.4
4949.5
5071.211
5071.8
5132.211
5132.8
5158.211
5158.8
5486.4
5526.5
5652.211
5652.8
5660.211
5660.8
5680.211
5680.8
5712.211
5712.8
5905.4
6137.5
6300.211
6300.8
6305.211
6305.8
6323.211
6323.8
6357.211
6357.8
6530.4
6852.5
6986.8
6987.212
7034.2
7034.4
7117.5
7534.3
8034.1
8369.4
8626.5
8803.4
8852.5
8982.8
9127.4
9277.5
9411.211
9411.8
9440.211
9440.8
9445.211
9445.8
9470.211
9470.8
9488.211
9488.8
9644.4
10033.5
10119.8
10120.212
10170.2
10170.4
10203.5
10670.3
11170.1
11346.4
11773.5
11783.4
11786.5
11787.4
11978.5
13468.4
13579.5
14391.4
14574.5
14752.8
14788.211
14788.8
14793.211
14793.8
14965.4
15120.5
15362.211
15362.8
15380.211
15380.8
15410.211
15410.8
15569.4
15737.5
15882.211
15882.8
15936.211
15936.8
15942.211
15942.8
15971.211
15971.8
16184.211
16184.8
16193.211
16193.8
16213.211
16213.8
16224.211
16224.8
16237.211
16237.8
16451.4
16605.5
16691.211
16691.8
16729.211
16729.8
16924.211
16924.8
16958.211
16958.8
16995.211
16995.8
17096.4
17303.5
17421.211
17421.8
17446.211
17446.8
17462.211
17462.8
17495.211
17495.8
17546.211
17546.8
17564.211
17564.8
17799.4
17995.5
18174.8
18175.212
18222.2
18222.4
18283.5
18722.3
19222.1
20996.8
21055.211
21055.8
21064.211
21064.8
21103.211
21103.8
21178.4
21358.5
21481.211
21481.8
21487.211
21487.8
21512.211
21512.8
21543.211
21543.8
21558.211
21558.8
21581.211
21581.8
21722.4
21818.5
21940.211
21940.8
21956.211
21956.8
21988.211
21988.8
22013.211
22013.8
22065.211
22065.8
22263.4
22451.5
22612.211
22612.8
22636.211
22636.8
22796.4
23030.5
23032.4
23097.5
23159.211
23159.8
23194.211
23194.8
23202.211
23202.8
23263.211
23263.8
23329.211
23329.8
23592.211
23592.8
23665.211
23665.8
23681.211
23681.8
23754.4
23892.5
24066.211
24066.8
24119.211
24119.8
24227.211
24227.8
24415.4
24590.5
24675.211
24675.8
24680.211
24680.8
24687.211
24687.8
24693.211
24693.8
24737.211
24737.8
24765.211
24765.8
24827.211
24827.8
24882.211
24882.8
25045.211
25045.8
25047.211
25047.8
25236.4
25536.5
25671.8
25672.212
25725.2
25725.4
25762.5
26225.3
26725.1
26949.4
26952.5
26954.4
27129.5
27656.4
28068.5
29511.4
29613.5
30091.8
30210.4
30533.5
30670.211
30670.8
30825.4
31040.5
31134.211
31134.8
31163.211
31163.8
31169.211
31169.8
31202.211
31202.8
31232.211
31232.8
31248.211
31248.8
31277.211
31277.8
31282.211
31282.8
31299.211
31299.8
31429.4
31608.5
31717.211
31717.8
31725.211
31725.8
31745.211
31745.8
31750.211
31750.8
31753.211
31753.8
31779.211
31779.8
31818.211
31818.8
31844.211
31844.8
32017.4
32134.5
32311.211
32311.8
32344.211
32344.8
32350.211
32350.8
32384.211
32384.8
32528.4
32708.5
32904.211
32904.8
32918.211
32918.8
33181.4
33379.5
33454.211
33454.8
33486.211
33486.8
33513.211
33513.8
33613.211
33613.8
33661.211
33661.8
33838.4
34069.5
34190.211
34190.8
34212.211
34212.8
34215.211
34215.8
34235.211
34235.8
34270.211
34270.8
34331.211
34331.8
34533.4
34775.5
34842.211
34842.8
34869.211
34869.8
34898.211
34898.8
34934.211
34934.8
34938.211
34938.8
34941.211
34941.8
34987.211
34987.8
35080.4
35267.5
35393.4
35451.5
35522.211
35522.8
35524.211
35524.8
35574.211
35574.8
35579.211
35579.8
35613.211
35613.8
35642.211
35642.8
35669.211
35669.8
35908.4
36117.5
36251.211
36251.8
36256.211
36256.8
36276.211
36276.8
36346.211
36346.8
36376.211
36376.8
36561.4
36773.5
36891.211
36891.8
36960.211
36960.8
36964.211
36964.8
37014.211
37014.8
37088.4
37317.5
37416.211
37416.8
37441.211
37441.8
37474.211
37474.8
37535.211
37535.8
37570.211
37570.8
37572.211
37572.8
37740.4
37994.5
38054.211
38054.8
38096.211
38096.8
38108.211
38108.8
38131.211
38131.8
38159.211
38159.8
38181.211
38181.8
38209.211
38209.8
38359.4
38566.5
38656.211
38656.8
38695.211
38695.8
38723.211
38723.8
38730.211
38730.8
38734.211
38734.8
38751.211
38751.8
39024.4
39161.5
39243.211
39243.8
39246.211
39246.8
39286.211
39286.8
39307.211
39307.8
39311.211
39311.8
39370.211
39370.8
39374.211
39374.8
39488.4
39703.5
39867.211
39867.8
39894.211
39894.8
39927.211
39927.8
39943.211
39943.8
40075.4
40258.5
40386.211
40386.8
40404.211
40404.8
40412.211
40412.8
40585.4
40793.5
40859.211
40859.8
40887.211
40887.8
40922.211
40922.8
41007.4
41301.5
41522.4
41548.5
41608.8
41609.212
41672.2
41672.4
41731.5
42081.4
42172.3
42190.5
42510.4
42672.1
43022.5
44481.4
44589.5
45054.4
45142.5
45229.8
45244.211
45244.8
45249.211
45249.8
45278.211
45278.8
45306.211
45306.8
45378.211
45378.8
45429.211
45429.8
45553.4
45743.5
45836.211
45836.8
45866.211
45866.8
45874.211
45874.8
45890.211
45890.8
45898.211
45898.8
45948.211
45948.8
46102.4
46256.5
46340.211
46340.8
46416.211
46416.8
46439.211
46439.8
46461.211
46461.8
46622.4
46624.5
46634.4
46875.5
47022.211
47022.8
47049.211
47049.8
47055.211
47055.8
47081.211
47081.8
47130.211
47130.8
47212.4
47423.5
47426.4
47441.5
47599.211
47599.8
47616.211
47616.8
47691.211
47691.8
47920.4
48000.5
48104.211
48104.8
48142.211
48142.8
48172.211
48172.8
48238.211
48238.8
48457.4
48522.5
48620.211
48620.8
48624.211
48624.8
48649.211
48649.8
48682.211
48682.8
48705.211
48705.8
48752.211
48752.8
48793.211
48793.8
48982.4
49111.5
49114.4
49117.5
49188.211
49188.8
49218.211
49218.8
49248.211
49248.8
49251.211
49251.8
49255.211
49255.8
49274.211
49274.8
49591.4
49633.5
49763.211
49763.8
49825.4
50092.5
50369.8
50370.212
50370.8
50421.2
50421.4
50476.5
50921.3
51046.4
51118.5
51200.4
51421.1
51514.5
53967.4
54033.5
54215.8
54297.4
54385.5
54588.211
54588.8
54597.211
54597.8
54615.211
54615.8
54697.4
55023.5
55123.211
55123.8
55160.211
55160.8
55192.211
55192.8
55222.211
55222.8
55259.211
55259.8
55294.211
55294.8
56768.8
56769.212
56828.2
56828.4
56907.5
57328.3
57828.1
58552.4
58745.5
62501.4
62660.5
63160.4
63355.5
63426.8
63462.211
63462.8
63499.211
63499.8
63542.211
63542.8
63573.211
63573.8
63622.211
63622.8
63908.4
63911.5
63913.4
64094.5
64272.8
64273.212
64326.2
64326.4
64359.5
64826.3
65326.1
67820.8
68106.4
68375.5
68698.4
68701.5
68703.4
68856.5
69041.8
69042.212
69115.2
69115.4
69175.5
69615.3
70115.1
70919.4
71245.5
74306.4
74348.5
74351.4
74449.5
74516.8
74592.211
74592.8
74629.211
74629.8
74666.211
74666.8
74686.211
74686.8
74711.211
74711.8
74863.4
74994.5
75149.211
75149.8
75208.211
75208.8
75257.211
75257.8
75301.211
75301.8
75323.211
75323.8
75328.211
75328.8
75538.4
75758.5
75914.211
75914.8
75944.211
75944.8
75988.211
75988.8
76034.211
76034.8
76041.211
76041.8
76057.211
76057.8
76181.4
76423.5
76500.211
76500.8
76585.211
76585.8
76601.211
76601.8
76646.211
76646.8
76746.211
76746.8
76862.4
77089.5
77375.8
77376.212
77436.2
77436.4
77574.5
77936.3
78436.1
78951.4
79809.5
81575.4
81999.5
82000.4
82002.5
82776.4
82993.5
83123.8
83126.211
83126.8
83237.211
83237.8
83279.211
83279.8
83695.4
83773.5
83909.8
83910.212
83969.2
83969.4
84049.5
84467.4
84469.3
84545.5
84764.4
84844.5
84969.1
84995.4
85098.5
85127.4
85666.5
85672.4
85675.5
85676.4
85784.5
86564.4
86674.5
86859.8
86957.4
87138.5
87426.211
87426.8
87440.211
87440.8
87486.211
87486.8
87498.211
87498.8
87534.211
87534.8
87620.4
87811.5
87964.211
87964.8
87968.211
87968.8
88039.211
88039.8
88102.211
88102.8
88108.211
88108.8
88352.4
88443.5
88704.211
88704.8
88706.211
88706.8
88748.211
88748.8
88770.211
88770.8
89358.4
89446.5
89659.8
89660.212
89719.2
89719.4
89767.5
90219.3
90719.1
96464.4
96668.5
96886.4
97141.5
97355.8
97403.211
97403.8
97453.211
97453.8
97487.211
97487.8
97716.4
97925.5
98104.8
98105.212
98164.2
98164.4
98209.5
98560.4
98564.5
98565.4
98664.3
98665.5
99001.4
99069.5
99164.1
99398.4
99556.5
99800.4
99802.5
99804.4
99919.5
100559.8
100740.4
101055.5
101321.8
101322.212
101388.2
101388.4
101517.5
101888.3
102388.1
103292.4
103496.5
103782.4
104503.5
107146.4
107275.5
107480.4
107749.5
107752.4
107755.5
108163.4
108362.5
108490.8
108504.211
108504.8
108573.211
108573.8
108846.4
108996.5
109079.211
109079.8
109157.211
109157.8
109277.211
109277.8
109284.211
109284.8
109497.4
109498.5
109500.4
109754.5
109756.4
109781.5
109942.8
109943.212
109999.2
109999.4
110044.5
110499.3
110999.1
111558.4
111647.5
112935.4
113531.5
113721.8
113747.211
113747.8
113750.211
113750.8
114152.4
114311.5
114382.8
114383.212
114450.2
114450.4
114484.5
114950.3
115450.1
116289.4
116387.5
116765.4
118160.5
118458.4
118750.5
119141.4
119438.5
119701.8
119711.211
119711.8
119942.4
120210.5
120404.8
120405.212
120468.2
120468.4
120547.5
120968.3
121468.1
122178.4
122185.5
122186.4
122608.5
125852.4
126546.5
126657.4
126802.5
127190.4
127413.5
127607.8
127612.211
127612.8
127909.4
128083.5
128235.8
128236.212
128292.2
128292.4
128361.5
128792.3
129292.1
130151.4
130321.5
130659.4
130667.5
130669.4
131178.5
132921.4
133152.5
133457.8
133608.4
133843.5
134031.211
134031.8
134100.211
134100.8
134514.4
134692.5
134824.8
134825.212
134896.2
134896.4
134961.5
135203.4
135264.5
135396.3
135442.4
135615.5
135895.4
135896.1
136213.5
136554.4
137123.5
137288.4
137513.5
137641.8
137651.211
137651.8
138025.4
138112.5
138220.211
138220.8
138232.211
138232.8
138304.211
138304.8
138665.4
138729.5
138802.211
138802.8
138845.211
138845.8
138850.211
138850.8
138880.211
138880.8
138962.211
138962.8
139413.4
139459.5
139628.8
139629.212
139693.2
139693.4
139703.5
139706.4
139726.5
140193.3
140693.1
141218.4
141349.5
141516.4
141812.5
143630.4
143723.5
144435.8
144587.4
144768.5
144929.211
144929.8
144989.211
144989.8
145182.4
145393.5
145639.8
145640.212
145707.2
145707.4
145750.5
146207.3
146707.1
147335.4
147509.5
147881.4
148560.5
150196.4
150760.5
151084.4
151368.5
151744.4
151982.5
152036.4
152125.5
152286.8
152312.211
152312.8
152335.211
152335.8
152345.211
152345.8
152450.4
152736.5
152847.211
152847.8
152937.211
152937.8
153048.211
153048.8
153097.211
153097.8
153131.211
153131.8
153187.211
153187.8
153343.4
153421.5
153520.211
153520.8
153583.211
153583.8
153618.211
153618.8
153620.211
153620.8
153667.211
153667.8
153839.4
154050.5
154139.4
154148.5
154149.4
154150.5
154179.4
154244.5
154344.8
154345.212
154404.2
154404.4
154470.5
154813.4
154877.5
154904.3
155084.4
155182.5
155404.1
155606.4
156175.5
156641.4
156896.5
156959.4
156986.5
157319.4
157629.5
157803.8
157819.211
157819.8
157821.211
157821.8
158021.4
158253.5
158451.8
158452.212
158513.2
158513.4
158942.5
159013.3
159073.4
159169.5
159513.1
159856.4
160036.5
160133.8
160170.211
160170.8
160277.211
160277.8
160436.4
160653.5
160758.211
160758.8
160856.211
160856.8
161015.4
161146.5
161211.4
161213.5
161214.4
161356.5
161460.8
161461.212
161519.2
161519.4
161549.5
162019.3
162519.1
163225.4
163361.5
163483.4
163486.5
163492.4
164266.5
166192.4
166333.5
166533.8
166667.4
166895.5
167081.211
167081.8
167337.4
167416.5
167758.4
167898.5
167970.4
167993.5
168323.4
168496.5
168645.8
168646.212
168708.2
168708.4
168759.5
169044.4
169108.5
169208.3
169708.1
170673.4
170755.5
170851.4
171362.5
173314.4
173418.5
173635.4
173830.5
174144.4
174401.5
174467.4
174523.5
174769.8
174774.211
174774.8
174778.211
174778.8
174787.211
174787.8
174831.211
174831.8
175056.4
175138.5
175345.211
175345.8
175372.211
175372.8
175608.4
175805.5
175919.211
175919.8
175958.211
175958.8
175985.211
175985.8
176004.211
176004.8
176055.211
176055.8
176248.211
176248.8
176253.211
176253.8
176431.4
176511.5
176667.211
176667.8
176680.211
176680.8
176711.211
176711.8
176761.211
176761.8
176769.211
176769.8
176784.211
176784.8
177156.4
177212.5
177347.211
177347.8
177351.211
177351.8
177379.211
177379.8
177444.211
177444.8
177534.211
177534.8
177898.211
177898.8
178021.4
178160.5
178251.211
178251.8
178317.211
178317.8
179008.4
179045.5
179107.8
179108.212
179174.2
179174.4
179384.5
180000.9
123456789
10
26
15
10
26
15
10
FI
2
2
10
47
01
11
20
01
6
2
1195
0
0
0
314159265
26
361
210
180000
314159265
0.1
152.8
538.211
538.8
784.4
786.5
791.4
895.5
960.211
960.8
1001.211
1001.8
1034.211
1034.8
1091.211
1091.8
1103.211
1103.8
1249.4
1459.5
1562.211
1562.8
1708.211
1708.8
1743.211
1743.8
1754.211
1754.8
1793.211
1793.8
1944.211
1944.8
1947.211
1947.8
1984.211
1984.8
1999.211
1999.8
2003.211
2003.8
2016.211
2016.8
2063.211
2063.8
2265.4
2404.5
2527.211
2527.8
2550.211
2550.8
2566.211
2566.8
2592.211
2592.8
2607.211
2607.8
2655.211
2655.8
2692.211
2692.8
3129.4
3229.5
3325.8
3326.212
3378.2
3378.4
3451.5
3644.4
3646.5
3648.4
3780.5
3878.3
3990.4
4378.1
4522.5
4683.8
4696.211
4696.8
5166.4
5316.5
5396.8
5397.212
5450.2
5450.4
5519.5
5950.3
6450.1
6556.4
6969.5
7089.4
7304.5
7427.8
7438.211
7438.8
7451.211
7451.8
7624.4
8085.5
8147.4
8205.5
8326.8
8327.212
8379.2
8379.4
8456.5
8879.3
9379.1
9650.4
9861.5
11009.4
11254.5
11328.4
11432.5
11586.8
11621.211
11621.8
11644.211
11644.8
11648.211
11648.8
11655.211
11655.8
11849.4
12050.5
12221.211
12221.8
12251.211
12251.8
12303.211
12303.8
12306.211
12306.8
12320.211
12320.8
12385.211
12385.8
12589.4
12914.5
13044.8
13045.212
13101.2
13101.4
13180.5
13601.3
14101.1
14387.4
14551.5
17829.4
18120.5
18123.4
18125.5
18127.4
18131.5
18345.8
18490.4
18699.5
18875.211
18875.8
18906.211
18906.8
18955.211
18955.8
19001.211
19001.8
19067.211
19067.8
19225.4
19411.5
19526.211
19526.8
19551.211
19551.8
19595.211
19595.8
19629.211
19629.8
19645.211
19645.8
19655.211
19655.8
19817.4
20025.5
20144.211
20144.8
20167.211
20167.8
20180.211
20180.8
20191.211
20191.8
20196.211
20196.8
20211.211
20211.8
20239.211
20239.8
20252.211
20252.8
20274.211
20274.8
20558.4
20635.5
20837.211
20837.8
20877.211
20877.8
21049.4
21251.5
21405.211
21405.8
21479.211
21479.8
21508.211
21508.8
21586.211
21586.8
21821.4
21967.5
22081.211
22081.8
22105.211
22105.8
22109.211
22109.8
22126.211
22126.8
22135.211
22135.8
22166.211
22166.8
22326.4
22464.5
22566.211
22566.8
22590.211
22590.8
22605.211
22605.8
22640.211
22640.8
22659.211
22659.8
22853.211
22853.8
23012.4
23202.5
23334.211
23334.8
23367.211
23367.8
23386.211
23386.8
23401.211
23401.8
23600.4
23825.5
23903.211
23903.8
23927.211
23927.8
23930.211
23930.8
23953.211
23953.8
24019.211
24019.8
24041.211
24041.8
24433.4
24592.5
24703.8
24704.212
24752.2
24752.4
24812.5
25252.3
25752.1
25777.4
25856.5
26174.4
26857.5
27774.4
28001.5
28112.8
28146.211
28146.8
28211.4
28410.5
28493.4
28594.5
28759.8
28760.212
28819.2
28819.4
28876.5
29319.3
29819.1
30244.4
30957.5
32417.4
32534.5
32708.4
32763.5
32997.8
33011.211
33011.8
33013.211
33013.8
33046.211
33046.8
33050.211
33050.8
33261.4
33383.5
33519.211
33519.8
33542.211
33542.8
33570.211
33570.8
33587.211
33587.8
33610.211
33610.8
33672.211
33672.8
33679.211
33679.8
33706.211
33706.8
33938.211
33938.8
34024.211
34024.8
34088.4
34267.5
34420.211
34420.8
34445.211
34445.8
34460.211
34460.8
34488.211
34488.8
34504.211
34504.8
34515.211
34515.8
34518.211
34518.8
34708.4
34785.5
34942.211
34942.8
34963.211
34963.8
35009.211
35009.8
35033.211
35033.8
35051.211
35051.8
35244.4
35391.5
35552.211
35552.8
35559.211
35559.8
35576.211
35576.8
35624.211
35624.8
35672.211
35672.8
35963.211
35963.8
36143.4
36145.5
36147.4
36291.5
36378.211
36378.8
36408.211
36408.8
36420.211
36420.8
36439.211
36439.8
36454.211
36454.8
36493.211
36493.8
36801.4
36803.5
36804.4
37024.5
37164.8
37165.212
37214.2
37214.4
37290.5
37714.3
38214.1
38708.4
39047.5
40883.8
40995.4
41307.5
41450.4
41511.5
41699.8
41700.212
41758.2
41758.4
41817.5
42258.3
42758.1
46516.4
46799.5
47387.4
47460.5
47928.4
47932.5
47968.4
48118.5
48282.8
48287.211
48287.8
48395.211
48395.8
48405.211
48405.8
48685.211
48685.8
48708.211
48708.8
48724.211
48724.8
48738.211
48738.8
48935.4
49025.5
49182.211
49182.8
49236.211
49236.8
49316.211
49316.8
49655.4
49717.5
49871.211
49871.8
49906.211
49906.8
49943.211
49943.8
49956.211
49956.8
50146.4
50334.5
50493.211
50493.8
50563.211
50563.8
50594.211
50594.8
50596.211
50596.8
50644.211
50644.8
50931.4
51038.5
51272.8
51273.212
51325.2
51325.4
51380.5
51825.3
52325.1
52594.4
52601.5
52607.4
52829.5
56234.4
56400.5
56979.4
57103.5
57163.4
57249.5
57321.8
57379.211
57379.8
57382.211
57382.8
57453.211
57453.8
57475.211
57475.8
57777.4
57863.5
57988.211
57988.8
58061.211
58061.8
58067.211
58067.8
58089.211
58089.8
58400.211
58400.8
58621.211
58621.8
58675.211
58675.8
58952.4
59125.5
59212.211
59212.8
59227.211
59227.8
59231.211
59231.8
59239.211
59239.8
59319.211
59319.8
59373.211
59373.8
59380.211
59380.8
59853.4
60041.5
60199.8
60200.212
60263.2
60263.4
60334.5
60763.3
60956.4
60961.5
60965.4
61263.1
61290.5
63515.4
63880.5
64124.4
64392.5
64540.8
64544.211
64544.8
64694.4
64947.5
65049.4
65093.5
65216.8
65217.212
65276.2
65276.4
65408.5
65468.4
65776.3
65885.5
65930.4
66259.5
66276.1
66381.4
66475.5
66605.8
66613.211
66613.8
66652.211
66652.8
66690.211
66690.8
66702.211
66702.8
67060.4
67101.5
67235.211
67235.8
67249.211
67249.8
67275.211
67275.8
67376.211
67376.8
67625.4
67786.5
67977.8
67978.212
68038.2
68038.4
68180.5
68335.4
68538.3
68780.5
68901.4
69038.1
69563.5
69710.8
69737.211
69737.8
69784.211
69784.8
69836.211
69836.8
69843.211
69843.8
69959.4
70095.5
70181.4
70192.5
70305.211
70305.8
70485.211
70485.8
70664.4
70856.5
71083.211
71083.8
71099.211
71099.8
71140.211
71140.8
71360.4
71591.5
71733.211
71733.8
71749.211
71749.8
71757.211
71757.8
71773.211
71773.8
71837.211
71837.8
71897.211
71897.8
72172.4
72350.5
72540.8
72541.212
72594.2
72594.4
72624.5
73094.3
73594.1
73832.4
73836.5
73841.4
73950.5
76314.4
76588.5
77002.4
77188.5
77327.8
77330.211
77330.8
77360.211
77360.8
77363.211
77363.8
77393.211
77393.8
77571.4
77796.5
77938.4
78161.5
78338.8
78339.212
78393.2
78393.4
78433.5
78893.3
79393.1
79834.4
79922.5
80381.4
80834.5
82279.4
82282.5
82288.4
82356.5
84277.4
84417.5
84698.4
84968.5
85164.8
85207.211
85207.8
85218.211
85218.8
85426.4
85515.5
85711.211
85711.8
85713.211
85713.8
85719.211
85719.8
85740.211
85740.8
85743.211
85743.8
85769.211
85769.8
85778.211
85778.8
85933.211
85933.8
86184.4
86185.5
86188.4
86237.5
86345.211
86345.8
86402.211
86402.8
86442.211
86442.8
86487.211
86487.8
86492.211
86492.8
86532.211
86532.8
86780.4
86843.5
87016.211
87016.8
87134.211
87134.8
87475.4
87547.5
87743.8
87744.212
87816.2
87816.4
87939.5
88316.3
88816.1
89396.4
89593.5
91757.4
91893.5
91978.8
92034.211
92034.8
92045.211
92045.8
92281.4
92407.5
92608.211
92608.8
92635.211
92635.8
92866.4
93044.5
93201.211
93201.8
93220.211
93220.8
93235.211
93235.8
93274.211
93274.8
93291.211
93291.8
93325.211
93325.8
93490.4
93731.5
93962.8
93963.212
94017.2
94017.4
94050.5
94517.3
95017.1
95342.4
95437.5
95942.4
96479.5
99863.4
99865.5
99881.4
99923.5
99925.4
100126.5
100283.8
100508.211
100508.8
100882.4
100885.5
100889.4
101144.5
101287.8
101288.212
101352.2
101352.4
101412.5
101852.3
102352.1
104978.8
104982.211
104982.8
105127.4
105313.5
105429.211
105429.8
105435.211
105435.8
105502.211
105502.8
105649.211
105649.8
105957.4
106006.5
106240.211
106240.8
106246.211
106246.8
106314.211
106314.8
106318.211
106318.8
106350.211
106350.8
106639.4
106721.5
106931.211
106931.8
106966.211
106966.8
107239.4
107387.5
107514.211
107514.8
107529.211
107529.8
107558.211
107558.8
107599.211
107599.8
107625.211
107625.8
107675.211
107675.8
107992.4
108216.5
108385.8
108386.212
108439.2
108439.4
108476.5
108939.3
109439.1
109857.4
109861.5
109864.4
110303.5
113559.4
113815.5
114121.4
114408.5
114538.8
114606.211
114606.8
114662.211
114662.8
114669.211
114669.8
114810.4
115060.5
115234.211
115234.8
115275.211
115275.8
115285.211
115285.8
115293.211
115293.8
115302.211
115302.8
115466.4
115685.5
115818.211
115818.8
115835.211
115835.8
115862.211
115862.8
115970.211
115970.8
116198.4
116377.5
116587.8
116588.212
116652.2
116652.4
116707.5
117152.3
117652.1
118019.4
118482.5
122614.4
122833.5
122963.8
123066.211
123066.8
123235.4
123439.5
123678.8
123679.212
123746.2
123746.4
123803.5
124246.3
124746.1
125566.4
125741.5
128585.4
128765.5
128854.8
128897.211
128897.8
128939.211
128939.8
128951.211
128951.8
128964.211
128964.8
129001.211
129001.8
129295.4
129389.5
129482.211
129482.8
129527.211
129527.8
129592.211
129592.8
130105.4
130282.5
130394.8
130395.212
130454.2
130454.4
130470.5
130474.4
130511.5
130954.3
131454.1
131787.4
131899.5
132008.4
132246.5
135439.4
135743.5
135896.8
135918.211
135918.8
135921.211
135921.8
135977.211
135977.8
136011.211
136011.8
136068.211
136068.8
136192.4
136373.5
136498.211
136498.8
136541.211
136541.8
136543.211
136543.8
136651.211
136651.8
136711.211
136711.8
136898.4
137136.5
137324.8
137325.212
137393.2
137393.4
137457.5
137893.3
138393.1
138923.4
139172.5
141993.4
142143.5
142425.8
142522.4
142713.5
142775.4
142820.5
142913.211
142913.8
142970.211
142970.8
142977.211
142977.8
143028.211
143028.8
143273.4
143451.5
143610.211
143610.8
143629.211
143629.8
143673.211
143673.8
143715.211
143715.8
143740.211
143740.8
143747.211
143747.8
143867.4
144094.5
144271.4
144291.5
144443.8
144444.212
144504.2
144504.4
144569.5
145004.3
145504.1
146193.4
146197.5
146198.4
146611.5
152378.4
152651.5
154175.4
154271.5
154515.8
154632.4
154634.5
154636.4
154844.5
155105.211
155105.8
155320.4
155471.5
155833.8
155834.212
155894.2
155894.4
155976.5
156067.4
156115.5
156330.4
156334.5
156336.4
156387.5
156394.3
156773.4
156894.1
156948.5
159117.8
159253.4
159489.5
159677.211
159677.8
159755.211
159755.8
159826.211
159826.8
159978.4
160166.5
160324.211
160324.8
160358.211
160358.8
160434.211
160434.8
160440.211
160440.8
160449.211
160449.8
160734.4
160831.5
160964.211
160964.8
161032.211
161032.8
161057.211
161057.8
161589.4
161662.5
161731.4
161764.5
161855.8
161856.212
161912.2
161912.4
161983.5
162412.3
162418.4
162422.5
162424.4
162482.5
162785.4
162912.1
163059.5
166391.4
166393.5
166395.4
166524.5
166864.4
167025.5
167026.4
167029.5
167033.4
167039.5
167205.8
167283.211
167283.8
167485.4
167603.5
167808.211
167808.8
167851.211
167851.8
167856.211
167856.8
168065.4
168158.5
168304.211
168304.8
168334.211
168334.8
168338.211
168338.8
168385.211
168385.8
168425.211
168425.8
168429.211
168429.8
168504.211
168504.8
168545.211
168545.8
168813.4
168838.5
168987.211
168987.8
169018.211
169018.8
169085.211
169085.8
169116.211
169116.8
169121.211
169121.8
169359.4
169363.5
169365.4
169433.5
169631.211
169631.8
170090.4
170237.5
170792.4
170989.5
171112.8
171113.212
171170.2
171170.4
171224.5
171670.3
172170.1
172552.4
172742.5
173124.4
173350.5
175517.4
175523.5
175526.4
175677.5
179133.4
179418.5
179419.4
179478.5
179680.8
180000.9
123456789
10
27
15
10
27
15
10
FI
2
2
10
47
26
11
20
26
6
2
1165
0
0
0
314159265
33
338
210
180000
314159265
0.1
549.4
688.5
778.8
980.4
1065.5
1154.211
1154.8
1227.211
1227.8
1817.211
1817.8
1865.211
1865.8
1883.211
1883.8
1902.211
1902.8
2062.4
2191.5
2327.211
2327.8
2352.211
2352.8
2545.4
2669.5
2733.211
2733.8
2855.211
2855.8
3172.4
3185.5
3206.4
3246.5
3329.211
3329.8
3357.211
3357.8
3421.211
3421.8
3603.4
3808.5
4013.211
4013.8
4019.211
4019.8
4098.211
4098.8
4104.211
4104.8
4140.211
4140.8
4157.211
4157.8
4560.4
4583.5
4770.8
4771.212
4827.2
4827.4
4884.5
5327.3
5827.1
6185.4
6359.5
6445.4
6602.5
6757.8
6918.4
7083.5
7246.211
7246.8
7266.211
7266.8
7280.211
7280.8
7493.4
7648.5
7865.211
7865.8
7882.211
7882.8
7906.211
7906.8
7953.211
7953.8
8137.4
8202.5
8328.4
8471.5
8604.8
8605.212
8658.2
8658.4
8748.5
8819.4
8869.5
9039.4
9158.3
9494.5
9658.1
9953.8
10139.4
10371.5
10474.211
10474.8
10492.211
10492.8
10513.211
10513.8
10545.211
10545.8
10575.211
10575.8
10907.4
10973.5
11089.4
11217.5
11432.8
11433.212
11484.2
11484.4
11564.5
11984.3
12484.1
12744.4
13258.5
15795.4
16237.5
16300.8
16337.211
16337.8
16360.211
16360.8
16364.211
16364.8
16381.211
16381.8
16383.211
16383.8
16424.211
16424.8
16545.4
16785.5
17014.211
17014.8
17036.211
17036.8
17042.211
17042.8
17059.211
17059.8
17240.4
17346.5
17515.211
17515.8
17537.211
17537.8
17561.211
17561.8
17642.211
17642.8
17850.4
18033.5
18324.8
18325.212
18377.2
18377.4
18442.5
18877.3
19377.1
19595.4
19711.5
20839.4
20978.5
21145.8
21167.211
21167.8
21415.4
21730.5
21956.8
21957.212
22007.2
22007.4
22059.5
22507.3
23007.1
23243.4
23682.5
24070.4
24253.5
24452.8
24474.211
24474.8
24498.211
24498.8
24555.211
24555.8
25712.4
25806.5
25955.8
25956.212
26007.2
26007.4
26042.5
26507.3
27007.1
27093.4
27373.5
29572.4
29733.5
29861.8
29906.211
29906.8
29910.211
29910.8
30775.4
30843.5
31097.8
31098.212
31158.2
31158.4
31208.5
31658.3
32158.1
33924.8
33932.211
33932.8
33939.211
33939.8
33988.211
33988.8
34001.211
34001.8
34431.4
34563.5
34677.8
34678.212
34727.2
34727.4
34781.5
35227.3
35727.1
39168.8
39214.211
39214.8
39465.4
39734.5
39854.8
39855.212
39915.2
39915.4
39951.5
40415.3
40915.1
41350.4
41895.5
41920.4
42094.5
47256.4
47260.5
47263.4
47401.5
47797.4
48079.5
48275.8
48280.211
48280.8
48430.4
48592.5
48687.211
48687.8
48845.211
48845.8
49014.211
49014.8
49178.4
49308.5
49521.211
49521.8
49605.211
49605.8
49614.211
49614.8
49659.211
49659.8
49883.4
50017.5
50078.211
50078.8
50180.211
50180.8
50253.211
50253.8
50412.4
50595.5
50840.211
50840.8
50967.211
50967.8
50976.211
50976.8
51127.4
51397.5
51468.211
51468.8
51511.211
51511.8
51529.211
51529.8
51537.211
51537.8
51562.211
51562.8
51597.211
51597.8
51614.211
51614.8
51720.211
51720.8
51936.4
52038.5
52111.211
52111.8
52191.211
52191.8
52193.211
52193.8
52224.211
52224.8
52245.211
52245.8
52503.4
52617.5
52757.211
52757.8
52795.211
52795.8
52862.211
52862.8
52884.211
52884.8
53107.4
53268.5
53334.211
53334.8
53364.211
53364.8
53384.211
53384.8
53388.211
53388.8
53406.211
53406.8
53438.211
53438.8
53444.211
53444.8
53476.211
53476.8
53651.4
53797.5
53961.4
53972.5
54121.8
54122.212
54175.2
54175.4
54249.5
54675.3
55175.1
55584.4
55768.5
56203.4
56533.5
59294.4
59503.5
59586.8
59840.4
59937.5
60136.211
60136.8
60174.211
60174.8
60518.4
60572.5
60674.211
60674.8
60739.211
60739.8
60806.211
60806.8
61237.4
61325.5
61444.8
61445.212
61504.2
61504.4
61569.5
62004.3
62193.4
62244.5
62504.1
62605.4
62780.5
63102.4
63242.5
63382.8
63388.211
63388.8
63620.4
63800.5
63928.211
63928.8
63953.211
63953.8
63973.211
63973.8
63980.211
63980.8
64194.4
64384.5
64558.211
64558.8
64604.211
64604.8
64649.211
64649.8
64892.4
65034.5
65138.211
65138.8
65142.211
65142.8
65163.211
65163.8
65187.211
65187.8
65199.211
65199.8
65215.211
65215.8
65240.211
65240.8
65242.211
65242.8
65278.211
65278.8
65574.4
65668.5
65828.211
65828.8
65834.211
65834.8
65876.211
65876.8
65899.211
65899.8
66229.4
66380.5
66381.4
66383.5
66520.8
66521.212
66583.2
66583.4
66632.5
67083.3
67583.1
67876.4
67978.5
70277.8
70383.4
70574.5
70717.211
70717.8
70723.211
70723.8
70745.211
70745.8
70751.211
70751.8
70966.4
71148.5
71259.211
71259.8
71313.211
71313.8
71316.211
71316.8
71395.211
71395.8
71439.211
71439.8
71443.211
71443.8
71637.4
71837.5
71991.211
71991.8
72016.211
72016.8
72021.211
72021.8
72038.211
72038.8
72112.211
72112.8
72143.211
72143.8
72633.4
72635.5
72642.4
72738.5
72901.8
72902.212
72954.2
72954.4
72983.5
73454.3
73954.1
74131.4
74482.5
78443.4
78611.5
78822.8
79019.4
79022.5
79031.4
79193.5
79369.211
79369.8
79396.211
79396.8
79397.211
79397.8
79414.211
79414.8
79420.211
79420.8
79614.4
79741.5
79984.211
79984.8
80003.211
80003.8
80061.211
80061.8
80139.211
80139.8
80348.4
80433.5
80563.211
80563.8
80590.211
80590.8
80595.211
80595.8
80623.211
80623.8
80659.211
80659.8
80682.211
80682.8
80913.4
81166.5
81306.8
81307.212
81364.2
81364.4
81410.5
81864.3
82364.1
82769.4
82949.5
83321.4
83803.5
84096.8
84268.4
84516.5
84642.211
84642.8
84646.211
84646.8
84673.211
84673.8
84680.211
84680.8
84706.211
84706.8
84716.211
84716.8
84861.4
85115.5
85228.211
85228.8
85232.211
85232.8
85255.211
85255.8
85290.211
85290.8
85346.211
85346.8
85351.211
85351.8
85513.4
85808.5
85884.211
85884.8
85947.211
85947.8
85992.211
85992.8
85999.211
85999.8
86022.211
86022.8
86081.211
86081.8
86423.4
86463.5
86616.211
86616.8
86635.211
86635.8
86896.4
87023.5
87217.211
87217.8
87303.211
87303.8
87473.4
87707.5
87813.211
87813.8
87821.211
87821.8
87862.211
87862.8
88202.4
88342.5
88471.8
88472.212
88524.2
88524.4
88570.5
89024.3
89524.1
89715.4
89718.5
89719.4
89831.5
91690.4
91729.5
91875.8
92008.4
92282.5
92386.211
92386.8
92420.211
92420.8
92433.211
92433.8
92439.211
92439.8
92453.211
92453.8
92456.211
92456.8
92695.4
92907.5
93103.8
93104.212
93168.2
93168.4
93215.5
93668.3
94168.1
94549.4
94674.5
94754.4
94936.5
95412.4
95431.5
96466.4
96711.5
96930.8
97183.4
97306.5
97565.8
97566.212
97629.2
97629.4
97667.5
98129.3
98629.1
98910.4
99012.5
99539.4
100390.5
102658.4
102964.5
103145.8
103167.211
103167.8
103371.4
103755.5
103918.8
103919.212
103974.2
103974.4
103976.5
103978.4
104023.5
104474.3
104974.1
105496.4
105667.5
107143.8
107344.4
107570.5
107654.4
107824.5
107941.8
107942.212
108005.2
108005.4
108051.5
108505.3
109005.1
113711.4
113940.5
114100.8
114329.4
114332.5
114336.4
114395.5
114576.211
114576.8
114633.211
114633.8
114763.211
114763.8
114931.4
114983.5
115176.211
115176.8
115199.211
115199.8
115297.211
115297.8
115450.4
115555.5
115725.211
115725.8
115778.211
115778.8
115916.211
115916.8
116083.4
116200.5
116329.211
116329.8
116343.211
116343.8
116349.211
116349.8
116355.211
116355.8
116664.4
116770.5
117041.8
117042.212
117096.2
117096.4
117151.5
117596.3
118096.1
118499.4
118884.5
120002.4
120168.5
120264.8
120267.211
120267.8
120326.211
120326.8
120328.211
120328.8
120388.211
120388.8
120448.211
120448.8
120762.4
120800.5
121031.211
121031.8
121218.4
121248.5
121405.211
121405.8
121803.4
121958.5
122067.8
122068.212
122126.2
122126.4
122161.5
122626.3
122659.4
122736.5
123126.1
124031.4
124425.5
126031.4
126252.5
126317.8
126587.4
126840.5
127010.8
127011.212
127069.2
127069.4
127114.5
127569.3
128069.1
128627.4
128706.5
128822.4
128979.5
130602.4
130660.5
130843.8
131064.4
131195.5
131361.211
131361.8
131366.211
131366.8
131368.211
131368.8
131432.211
131432.8
131473.211
131473.8
131491.211
131491.8
131754.4
131849.5
131976.211
131976.8
132007.211
132007.8
132038.211
132038.8
132053.211
132053.8
132235.4
132317.5
132450.211
132450.8
132470.211
132470.8
132500.211
132500.8
132534.211
132534.8
132569.211
132569.8
132819.4
132940.5
133102.211
133102.8
133132.211
133132.8
133139.211
133139.8
133207.211
133207.8
133491.211
133491.8
133634.4
133769.5
133939.211
133939.8
134044.211
134044.8
134239.4
134365.5
134481.211
134481.8
134508.211
134508.8
134583.211
134583.8
134602.211
134602.8
134785.4
134966.5
135063.211
135063.8
135089.211
135089.8
135093.211
135093.8
135152.211
135152.8
135293.211
135293.8
135551.4
135610.5
135715.211
135715.8
135790.211
135790.8
135796.211
135796.8
135814.211
135814.8
135833.211
135833.8
135836.211
135836.8
135845.211
135845.8
135854.211
135854.8
135998.4
136111.5
136300.211
136300.8
136320.211
136320.8
136659.4
136671.5
136680.4
136726.5
136837.211
136837.8
136906.211
136906.8
136939.211
136939.8
137176.4
137355.5
137543.8
137544.212
137605.2
137605.4
137638.5
138105.3
138605.1
138806.4
138809.5
138812.4
139057.5
140909.4
141012.5
141117.8
141423.4
141476.5
141802.8
141803.212
141855.2
141855.4
141934.5
142355.3
142549.4
142855.1
142899.5
143078.8
143380.4
143495.5
143637.211
143637.8
143679.211
143679.8
143700.211
143700.8
143858.211
143858.8
144031.4
144134.5
144380.211
144380.8
144699.4
144851.5
145057.8
145058.212
145110.2
145110.4
145167.5
145610.3
146110.1
146474.4
146792.5
147134.4
147245.5
147441.8
147794.4
147976.5
148092.8
148093.212
148154.2
148154.4
148156.5
148158.4
148238.5
148654.3
149154.1
149601.4
149861.5
153338.4
153447.5
153567.8
153617.211
153617.8
153821.4
153927.5
154125.211
154125.8
154166.211
154166.8
154206.211
154206.8
154235.211
154235.8
154720.4
154842.5
155050.8
155051.212
155116.2
155116.4
155174.5
155616.3
156116.1
156691.4
156699.5
156700.4
156918.5
159886.4
160129.5
160342.8
160348.211
160348.8
160535.4
160767.5
160870.211
160870.8
160878.211
160878.8
161124.4
161298.5
161516.8
161517.212
161586.2
161586.4
161657.5
161979.4
161982.5
161987.4
162086.3
162390.5
162570.4
162586.1
162735.5
162867.8
162891.211
162891.8
162936.211
162936.8
163240.4
163452.5
163629.8
163630.212
163681.2
163681.4
163757.5
163986.4
163989.5
163993.4
164181.3
164681.1
164733.5
164843.4
165002.5
165161.8
165417.4
165631.5
165742.211
165742.8
165781.211
165781.8
165811.211
165811.8
165987.4
166218.5
166493.4
166818.5
166931.8
166932.212
166986.2
166986.4
167035.5
167486.3
167986.1
168528.4
169081.5
169424.4
169547.5
169888.4
169890.5
169891.4
170103.5
170299.8
170384.211
170384.8
170509.4
170616.5
170842.211
170842.8
170867.211
170867.8
171069.4
171230.5
171383.211
171383.8
171387.211
171387.8
171431.211
171431.8
171686.4
171932.5
172177.8
172178.212
172231.2
172231.4
172309.5
172731.3
173231.1
173664.4
173919.5
174494.8
174585.4
174918.5
175141.8
175142.212
175196.2
175196.4
175242.5
175696.3
176196.1
177496.8
177798.4
178078.5
178145.8
178146.212
178226.2
178226.4
178298.5
178726.3
180000.9
123456789
10
28
15
10
28
15
10
FI
2
2
10
47
00
11
20
00
6
2
1241
0
0
0
314159265
30
356
235
180000
314159265
0.1
685.4
699.5
949.4
1145.5
1208.8
1271.211
1271.8
1275.211
1275.8
1297.211
1297.8
1315.211
1315.8
1332.211
1332.8
1364.211
1364.8
1400.211
1400.8
1752.4
1755.5
1758.4
1860.5
2013.8
2014.212
2069.2
2069.4
2151.5
2569.3
3042.4
3069.1
3343.5
3650.8
3915.4
4110.5
4275.8
4276.212
4322.2
4322.4
4324.5
4325.4
4396.5
4685.4
4788.5
4822.3
4879.4
5034.5
5120.4
5322.1
5324.5
5535.4
5620.5
5746.8
5756.211
5756.8
5774.211
5774.8
5779.211
5779.8
7031.4
7167.5
7291.8
7292.212
7344.2
7344.4
7474.5
7844.3
8173.4
8271.5
8344.1
8495.4
8671.5
9461.4
9472.5
9473.4
9474.5
9479.4
9529.5
9750.4
9860.5
9992.8
9995.211
9995.8
10111.211
10111.8
10442.4
10545.5
10696.211
10696.8
10728.211
10728.8
10760.211
10760.8
10793.211
10793.8
10797.211
10797.8
10837.211
10837.8
10841.211
10841.8
10878.211
10878.8
11299.211
11299.8
11320.211
11320.8
11368.211
11368.8
11374.211
11374.8
11528.4
11630.5
11890.211
11890.8
11954.211
11954.8
11958.211
11958.8
12233.4
12410.5
12512.211
12512.8
12538.211
12538.8
12628.211
12628.8
12685.211
12685.8
12836.4
12999.5
13125.211
13125.8
13153.211
13153.8
13225.211
13225.8
13266.211
13266.8
13422.4
13638.5
13789.211
13789.8
13792.211
13792.8
13806.211
13806.8
13878.211
13878.8
14066.4
14207.5
14359.211
14359.8
14389.211
14389.8
14417.211
14417.8
14597.4
14701.5
15092.4
15152.5
15297.8
15298.212
15340.2
15340.4
15387.5
15840.3
16332.4
16340.1
16640.5
16977.4
17327.5
17631.4
17922.5
18310.4
18481.5
18743.8
18747.211
18747.8
18772.211
18772.8
18788.211
18788.8
18795.211
18795.8
18969.4
19088.5
19258.211
19258.8
19274.211
19274.8
19280.211
19280.8
19299.211
19299.8
19305.211
19305.8
19312.211
19312.8
19340.211
19340.8
19527.4
19840.5
19976.8
19977.212
20018.2
20018.4
20518.3
20556.5
20754.8
20797.8
20810.8
21018.1
21122.4
21238.5
21417.8
21440.211
21440.8
21446.211
21446.8
21823.4
22025.5
22206.8
22207.212
22258.2
22258.4
22318.5
22758.3
23258.1
23713.4
23999.5
25672.4
25764.5
25906.8
25939.211
25939.8
26019.211
26019.8
26181.4
26381.5
26574.211
26574.8
26598.211
26598.8
26632.211
26632.8
26848.4
27075.5
27183.211
27183.8
27189.211
27189.8
27191.211
27191.8
27255.211
27255.8
27276.211
27276.8
27308.211
27308.8
27336.211
27336.8
27467.4
27725.5
27851.211
27851.8
27939.211
27939.8
28015.4
28261.5
28489.211
28489.8
28544.211
28544.8
28627.211
28627.8
28886.4
29112.5
29229.8
29230.212
29278.2
29278.4
29279.5
29281.4
29421.5
29778.3
30278.1
30760.4
31088.5
33498.8
33825.211
33825.8
33903.211
33903.8
33908.211
33908.8
33915.211
33915.8
34122.4
34317.5
34647.8
34648.212
34701.2
34701.4
34757.5
35179.4
35180.5
35183.4
35201.3
35253.5
35701.1
35840.4
36377.5
38678.4
38903.5
39040.8
39079.211
39079.8
39120.211
39120.8
39123.211
39123.8
39315.4
39502.5
39651.211
39651.8
39697.211
39697.8
39717.211
39717.8
39880.4
40102.5
40219.211
40219.8
40269.211
40269.8
40298.211
40298.8
40336.211
40336.8
40425.4
40630.5
40743.211
40743.8
40771.211
40771.8
40777.211
40777.8
40795.211
40795.8
40801.211
40801.8
40866.211
40866.8
40872.211
40872.8
40910.211
40910.8
40985.211
40985.8
41165.4
41272.5
41345.4
41380.5
41590.8
41591.212
41641.2
41641.4
41705.5
41919.4
42005.5
42141.3
42545.4
42641.1
43067.5
43181.8
43194.211
43194.8
43505.4
43608.5
43746.211
43746.8
44067.4
44237.5
44370.8
44371.212
44424.2
44424.4
44484.5
44924.3
45424.1
47749.8
48078.4
48332.5
48478.8
48479.212
48536.2
48536.4
48578.5
49036.3
49536.1
52635.4
52640.5
53014.4
53196.5
53301.8
53370.211
53370.8
53574.4
53751.5
54171.8
54172.212
54221.2
54221.4
54278.5
54721.3
55221.1
55859.4
55960.5
56631.4
56918.5
56938.4
57175.5
57261.8
57488.4
57691.5
57867.8
57868.212
57916.2
57916.4
57977.5
58416.3
58916.1
61027.4
61654.5
61830.8
61833.211
61833.8
61987.4
62122.5
62391.211
62391.8
62426.211
62426.8
62590.4
62593.5
62594.4
62752.5
62929.211
62929.8
62945.211
62945.8
62965.211
62965.8
63015.211
63015.8
63110.4
63348.5
63543.211
63543.8
63560.211
63560.8
63615.211
63615.8
63814.4
63921.5
64054.4
64057.5
64059.4
64135.5
64343.8
64344.212
64397.2
64397.4
64449.5
64897.3
65397.1
67742.4
68004.5
68399.4
68499.5
68612.8
68616.211
68616.8
68682.211
68682.8
68730.211
68730.8
68734.211
68734.8
68971.4
69113.5
69331.211
69331.8
69559.4
69687.5
69955.8
69956.212
70007.2
70007.4
70091.5
70507.3
71007.1
71922.4
72314.5
73769.4
73906.5
74378.4
74507.5
74619.8
74742.211
74742.8
75197.4
75246.5
75340.211
75340.8
75454.211
75454.8
75521.211
75521.8
76137.8
76138.212
76191.2
76191.4
76253.5
76691.3
77039.4
77140.5
77191.1
77506.4
77713.5
79293.4
79403.5
79622.8
79834.4
80000.5
80181.211
80181.8
80413.4
80683.5
80845.8
80846.212
80896.2
80896.4
81249.5
81396.3
81669.8
81880.4
81896.1
81958.5
82098.8
82132.211
82132.8
82239.211
82239.8
82753.211
82753.8
82781.211
82781.8
82821.211
82821.8
83099.4
83179.5
83486.4
83697.5
83812.8
83813.212
83861.2
83861.4
83863.5
83866.4
83938.5
84361.3
84571.4
84652.5
84861.1
84944.4
85040.5
85204.4
85777.5
85946.4
86268.5
86539.4
86739.5
86740.4
86741.5
86937.8
86942.211
86942.8
87116.4
87309.5
87491.211
87491.8
87542.211
87542.8
87584.211
87584.8
87856.4
87919.5
88051.211
88051.8
88076.211
88076.8
88273.4
88331.5
88425.211
88425.8
88430.211
88430.8
88492.211
88492.8
88525.211
88525.8
88558.211
88558.8
88563.211
88563.8
88851.4
88945.5
89126.211
89126.8
89139.211
89139.8
89407.4
89690.5
89792.8
89793.212
89841.2
89841.4
89883.5
90341.3
90364.4
90440.5
90841.1
91148.4
91453.5
96088.8
96141.211
96141.8
96260.4
96414.5
96584.211
96584.8
96818.4
96957.5
97293.8
97294.212
97349.2
97349.4
97419.5
97849.3
98349.1
100469.4
100558.5
100870.4
101113.5
101223.8
101272.211
101272.8
101672.4
101815.5
101943.8
101944.212
101993.2
101993.4
102030.5
102493.3
102993.1
105074.8
105245.4
105424.5
105635.211
105635.8
105665.211
105665.8
105824.4
106011.5
106162.211
106162.8
106188.211
106188.8
106199.211
106199.8
106390.4
106482.5
106650.211
106650.8
106709.211
106709.8
106733.211
106733.8
106798.211
106798.8
107068.4
107188.5
107342.211
107342.8
107388.211
107388.8
107393.211
107393.8
107419.211
107419.8
107451.211
107451.8
107455.211
107455.8
107960.4
108061.5
108182.8
108183.212
108233.2
108233.4
108309.5
108733.3
109233.1
110601.4
110807.5
111106.4
111268.5
111392.8
111440.211
111440.8
111475.211
111475.8
111686.4
111748.5
111821.4
111902.5
112045.211
112045.8
112061.211
112061.8
112258.4
112357.5
112364.4
112439.5
112592.211
112592.8
112661.4
112835.5
112959.211
112959.8
113001.211
113001.8
113026.211
113026.8
113056.211
113056.8
113061.211
113061.8
113099.211
113099.8
113123.211
113123.8
113164.211
113164.8
113361.4
113399.5
113463.4
113533.5
113641.211
113641.8
113680.211
113680.8
113706.211
113706.8
113772.211
113772.8
113874.4
114041.5
114274.211
114274.8
114779.4
114849.5
114959.8
114960.212
115012.2
115012.4
115176.5
115512.3
116012.1
116708.4
116860.5
119536.4
119757.5
119962.8
119997.211
119997.8
120168.4
120234.5
120506.211
120506.8
120508.211
120508.8
120725.4
120890.5
121031.211
121031.8
121080.211
121080.8
121111.211
121111.8
121118.211
121118.8
121334.4
121431.5
121784.4
121928.5
122152.8
122153.212
122199.2
122199.4
122268.5
122566.4
122643.5
122699.3
123199.1
124127.4
124304.5
124308.4
124887.5
127755.4
127981.5
128278.4
128284.5
128287.4
128476.5
128616.8
128723.211
128723.8
128728.211
128728.8
128772.211
128772.8
128948.4
129061.5
129064.4
129066.5
129097.4
129103.5
129104.4
129125.5
129291.211
129291.8
129328.211
129328.8
129408.211
129408.8
129815.4
129906.5
129992.211
129992.8
130094.4
130362.5
130539.211
130539.8
130697.211
130697.8
130999.211
130999.8
131106.4
131234.5
131395.211
131395.8
131600.211
131600.8
131771.4
131921.5
132089.211
132089.8
132114.211
132114.8
132219.4
132473.5
132683.211
132683.8
132689.211
132689.8
132879.4
132966.5
133134.4
133152.5
133265.211
133265.8
133324.211
133324.8
133397.211
133397.8
133704.4
133742.5
133809.211
133809.8
133862.211
133862.8
133896.211
133896.8
134067.4
134069.5
134070.4
134346.5
134473.211
134473.8
134528.211
134528.8
134707.4
134895.5
135043.211
135043.8
135048.211
135048.8
135078.211
135078.8
135286.4
135477.5
135617.211
135617.8
135632.211
135632.8
135652.211
135652.8
135886.4
135941.5
136073.211
136073.8
136203.4
136435.5
136593.211
136593.8
136665.211
136665.8
136891.4
137066.5
137264.211
137264.8
137386.4
137582.5
137781.211
137781.8
137786.211
137786.8
138024.4
138213.5
138283.211
138283.8
138329.211
138329.8
138337.211
138337.8
138355.211
138355.8
138375.211
138375.8
138382.211
138382.8
138456.4
138659.5
138818.211
138818.8
138918.211
138918.8
139141.4
139294.5
139403.211
139403.8
139447.211
139447.8
139522.211
139522.8
139676.4
139913.5
139976.211
139976.8
140012.211
140012.8
140039.211
140039.8
140051.211
140051.8
140081.211
140081.8
140100.211
140100.8
140132.211
140132.8
140303.4
140416.5
140548.211
140548.8
140774.4
140962.5
141020.211
141020.8
141057.211
141057.8
141060.211
141060.8
141189.4
141395.5
141500.4
141560.5
141649.211
141649.8
141955.211
141955.8
142006.211
142006.8
142015.211
142015.8
142035.211
142035.8
142070.211
142070.8
142084.211
142084.8
142323.4
142513.5
142622.211
142622.8
142658.211
142658.8
142684.211
142684.8
142696.211
142696.8
142807.4
143088.5
143229.4
143254.5
143370.8
143371.212
143416.2
143416.4
143463.5
143916.3
144416.1
145174.4
145366.5
146661.4
146857.5
147196.4
147338.5
147415.4
147533.5
147715.8
147754.211
147754.8
147759.211
147759.8
147822.211
147822.8
147918.4
148052.5
148724.4
148840.5
149190.4
149339.5
149587.8
149588.212
149650.2
149650.4
149707.5
150150.3
150650.1
156250.4
156346.5
156593.4
156701.5
156872.8
156998.211
156998.8
157122.4
157189.5
157286.4
157350.5
157421.211
157421.8
157495.4
157588.5
157709.4
157757.5
157869.211
157869.8
157900.211
157900.8
157932.211
157932.8
157967.211
157967.8
158049.211
158049.8
158339.4
158407.5
158478.4
158550.5
158629.211
158629.8
158676.211
158676.8
158717.211
158717.8
158763.211
158763.8
158837.211
158837.8
159042.4
159168.5
159263.211
159263.8
159303.211
159303.8
159362.211
159362.8
159394.211
159394.8
159443.211
159443.8
159553.211
159553.8
159701.4
159906.5
160096.211
160096.8
160103.211
160103.8
160106.211
160106.8
160123.211
160123.8
160177.211
160177.8
160501.4
160737.5
160826.8
160827.212
160881.2
160881.4
160917.5
161381.3
161881.1
162176.4
162245.5
162453.4
162802.5
167293.4
167661.5
167866.4
167895.5
167939.4
168039.5
168384.4
168468.5
168576.4
168663.5
168955.4
169346.5
169426.8
169495.211
169495.8
169499.211
169499.8
169534.211
169534.8
169538.211
169538.8
169584.211
169584.8
169591.211
169591.8
169596.211
169596.8
169700.4
169900.5
170166.211
170166.8
170206.211
170206.8
170490.4
170695.5
170824.8
170825.212
170878.2
170878.4
171008.5
171378.3
171474.4
171878.1
171927.5
173416.4
173736.5
173843.8
173938.4
174128.5
174205.4
174282.5
174353.211
174353.8
174435.211
174435.8
174464.211
174464.8
174616.4
174928.5
175081.8
175082.212
175135.2
175135.4
175415.5
175557.4
175593.5
175635.3
176135.1
176354.4
176407.5
176512.8
176521.211
176521.8
176667.211
176667.8
176932.4
176990.5
177232.211
177232.8
177437.4
177622.5
177748.211
177748.8
177872.211
177872.8
178246.4
178490.5
178717.8
178718.212
178772.2
178772.4
178809.5
179272.3
180000.9
123456789
10
29
15
10
29
15
10
FI
2
2
10
51
49
11
24
49
6
2
816
0
0
0
314159265
27
230
150
180000
314159265
0.1
1020.4
1124.5
1437.4
1626.5
1702.8
1782.211
1782.8
1789.211
1789.8
1802.211
1802.8
1829.211
1829.8
1837.211
1837.8
1894.211
1894.8
1898.211
1898.8
2762.8
2763.212
2825.2
2825.4
2904.5
3325.3
3825.1
5863.4
6284.5
6409.8
6468.211
6468.8
6496.211
6496.8
6500.211
6500.8
6605.211
6605.8
6880.4
6977.5
7072.211
7072.8
7105.211
7105.8
7148.211
7148.8
7186.211
7186.8
7218.211
7218.8
7277.211
7277.8
7302.211
7302.8
7326.211
7326.8
7552.4
7712.5
7825.211
7825.8
7867.211
7867.8
7934.211
7934.8
7938.211
7938.8
7965.211
7965.8
8002.211
8002.8
8289.4
8410.5
8580.211
8580.8
8689.211
8689.8
8696.211
8696.8
8732.211
8732.8
8756.211
8756.8
9077.4
9235.5
9514.8
9515.212
9565.2
9565.4
9605.5
10065.3
10565.1
10767.4
10940.5
13039.8
13312.4
13682.5
13866.8
13867.212
13922.2
13922.4
13923.5
13929.4
13981.5
14422.3
14922.1
15326.4
15751.5
19713.4
19715.5
19719.4
19871.5
19954.8
19957.211
19957.8
19964.211
19964.8
20001.211
20001.8
20048.211
20048.8
20136.211
20136.8
20373.4
20465.5
20577.211
20577.8
20597.211
20597.8
20602.211
20602.8
20633.211
20633.8
20660.211
20660.8
20669.211
20669.8
20703.211
20703.8
20712.211
20712.8
20762.211
20762.8
20808.211
20808.8
21035.4
21042.5
21058.4
21159.5
21310.211
21310.8
21422.211
21422.8
21463.211
21463.8
21494.211
21494.8
21498.211
21498.8
21717.4
21719.5
21720.4
21878.5
22564.4
22567.5
22569.4
22729.5
22969.4
23137.5
23314.8
23315.212
23380.2
23380.4
23423.5
23880.3
24380.1
26662.4
26665.5
26670.4
27786.5
27955.8
28002.211
28002.8
28131.4
28274.5
28400.211
28400.8
28442.211
28442.8
28477.211
28477.8
28506.211
28506.8
28540.211
28540.8
28768.4
28962.5
29138.211
29138.8
29174.211
29174.8
29265.211
29265.8
29269.211
29269.8
29305.211
29305.8
30221.8
30222.212
30289.2
30289.4
30408.5
30585.4
30789.3
30791.5
31289.1
32386.4
33027.5
33934.4
34101.5
36830.4
36989.5
37199.8
37329.211
37329.8
37569.4
37696.5
37798.211
37798.8
37804.211
37804.8
37877.211
37877.8
37896.211
37896.8
37918.211
37918.8
37924.211
37924.8
37954.211
37954.8
37957.211
37957.8
37977.211
37977.8
37981.211
37981.8
38044.211
38044.8
38050.211
38050.8
38252.4
38371.5
38654.8
38655.212
38717.2
38717.4
38761.5
39165.4
39217.3
39608.5
39717.1
40352.4
40476.5
40686.8
40766.211
40766.8
40809.211
40809.8
40847.211
40847.8
40871.211
40871.8
41071.4
41176.5
41357.211
41357.8
41389.211
41389.8
41454.211
41454.8
41497.211
41497.8
41533.211
41533.8
41794.4
41797.5
41802.4
41908.5
42099.211
42099.8
42503.4
42588.5
42735.8
42736.212
42799.2
42799.4
42843.5
43299.3
43799.1
46617.4
46821.5
46956.8
46961.211
46961.8
47021.211
47021.8
47092.211
47092.8
47116.211
47116.8
47151.211
47151.8
47406.4
47470.5
47577.211
47577.8
47763.211
47763.8
47973.4
48097.5
48295.211
48295.8
48310.211
48310.8
48334.211
48334.8
48338.211
48338.8
48343.211
48343.8
48613.4
48683.5
48797.211
48797.8
48854.211
48854.8
48860.211
48860.8
48864.211
48864.8
48905.211
48905.8
49292.4
49407.5
49562.8
49563.212
49624.2
49624.4
49658.5
50124.3
50624.1
52003.4
52099.5
53004.4
53159.5
53270.8
53275.211
53275.8
53458.211
53458.8
53479.211
53479.8
53675.4
53834.5
54215.8
54216.212
54269.2
54269.4
54270.5
54275.4
54308.5
54769.3
55269.1
55769.4
55866.5
56487.4
57656.5
57889.8
57892.211
57892.8
57995.211
57995.8
58007.211
58007.8
58130.4
58132.5
58134.4
58285.5
58411.211
58411.8
58510.211
58510.8
58744.4
58946.5
59200.8
59201.212
59260.2
59260.4
59313.5
59760.3
60260.1
61202.4
61204.5
61207.4
61643.5
63991.8
64139.4
64245.5
64317.211
64317.8
64365.211
64365.8
64782.4
64832.5
64990.8
64991.212
65054.2
65054.4
65100.5
65554.3
66054.1
68909.8
68913.211
68913.8
68919.211
68919.8
69008.211
69008.8
69244.4
69348.5
69578.211
69578.8
69618.211
69618.8
69684.211
69684.8
69715.211
69715.8
69844.211
69844.8
70111.4
70248.5
70470.8
70471.212
70534.2
70534.4
70619.5
70819.4
71034.3
71218.5
71534.1
71711.8
71951.4
72041.5
72285.211
72285.8
72444.211
72444.8
72641.4
72733.5
72837.211
72837.8
72920.211
72920.8
72951.211
72951.8
73076.211
73076.8
73289.4
73482.5
73585.211
73585.8
73590.211
73590.8
73650.211
73650.8
73694.211
73694.8
73715.211
73715.8
73751.211
73751.8
73764.211
73764.8
74053.4
74106.5
74416.8
74417.212
74473.2
74473.4
74475.5
74476.4
74514.5
74973.3
75473.1
76878.8
76881.211
76881.8
77287.211
77287.8
77341.211
77341.8
77450.4
77767.5
77882.211
77882.8
77889.211
77889.8
77978.211
77978.8
78027.211
78027.8
78031.211
78031.8
78202.4
78365.5
78572.211
78572.8
78599.211
78599.8
78645.211
78645.8
78862.4
78973.5
79217.211
79217.8
79340.4
79554.5
79671.4
79684.5
79824.8
79825.212
79874.2
79874.4
79927.5
80374.3
80583.4
80778.5
80874.1
81456.4
81777.5
81995.8
82027.211
82027.8
82376.4
82486.5
82612.4
82673.5
82871.8
82872.212
82928.2
82928.4
82984.5
83279.4
83428.3
83928.1
84073.5
84504.8
84923.4
85341.5
85561.8
85562.212
85625.2
85625.4
85770.5
86125.3
86625.1
87407.4
87418.5
87445.4
87882.5
88288.4
88456.5
88745.8
88767.211
88767.8
88798.211
88798.8
88930.4
89190.5
89579.4
89585.5
89631.4
89765.5
89927.8
89928.212
89991.2
89991.4
90104.5
90491.3
90985.4
90991.1
91071.5
92136.4
92292.5
92753.4
92772.5
92778.4
92828.5
92939.8
93369.4
93440.5
93644.8
93645.212
93703.2
93703.4
93760.5
94203.3
94703.1
95144.4
95378.5
100033.8
100274.211
100274.8
101863.4
101969.5
102038.8
102039.212
102099.2
102099.4
102165.5
102599.3
103099.1
103619.4
103959.5
103974.4
104218.5
104681.4
104725.5
105114.8
105151.211
105151.8
105155.211
105155.8
105201.211
105201.8
105237.211
105237.8
105464.4
105511.5
106643.8
106644.212
106693.2
106693.4
106774.5
106901.4
106949.5
107193.3
107305.4
107560.5
107567.4
107648.5
107693.1
109835.4
109913.5
109980.8
110574.4
110694.5
110840.8
110841.212
110894.2
110894.4
110945.5
111394.3
111894.1
115371.4
115431.5
115490.8
115580.211
115580.8
115640.211
115640.8
115964.4
116036.5
116207.211
116207.8
116336.211
116336.8
116565.4
116566.5
116567.4
116733.5
116792.211
116792.8
116831.211
116831.8
116977.211
116977.8
117024.211
117024.8
117092.211
117092.8
117426.4
117482.5
117688.211
117688.8
117693.211
117693.8
117742.211
117742.8
117795.211
117795.8
117997.4
118075.5
118734.4
118856.5
119389.4
119402.5
119897.4
120404.5
120468.8
120469.212
120521.2
120521.4
120656.5
120832.4
120833.5
120834.4
120901.5
121021.3
121521.1
122321.4
122324.5
122326.4
122329.5
122333.4
122685.5
123270.4
123683.5
123820.8
123926.4
123930.5
123931.4
124009.5
124349.4
124544.5
124922.4
124958.5
125188.8
125189.212
125240.2
125240.4
125307.5
125549.4
125675.5
125740.3
126096.4
126240.1
126346.5
126378.4
126475.5
128979.8
129229.4
129267.5
129368.211
129368.8
129371.211
129371.8
129385.211
129385.8
129394.211
129394.8
129462.211
129462.8
129478.211
129478.8
129486.211
129486.8
138152.8
138153.212
138197.2
138197.4
138254.5
138697.3
139197.1
140014.4
140327.5
140398.4
140521.5
140708.4
140967.5
141115.8
142509.8
142510.212
142565.2
142565.4
142633.5
143065.3
143565.1
146006.4
146075.5
147055.8
148455.8
148456.212
148502.2
148502.4
148552.5
149002.3
149502.1
158041.8
158053.211
158053.8
158540.211
158540.8
158546.211
158546.8
176680.8
176681.212
176733.2
176733.4
176766.5
177233.3
177733.1
180000.9
123456789
