7
08
15
7
08
15
11
FI
2
3
11
36
36
12
06
36
6
2
172
0
0
0
314159265
15
6
56
180000
314159265
0.1
1777.2
1777.4
1891.5
2777.3
5460.8
5461.8
5597.8
5598.8
9748.4
10067.5
11400.1
17622.2
17622.4
17803.5
18077.4
18579.5
18622.3
18779.4
18927.5
22274.4
22306.5
25138.8
25139.8
26805.4
26838.5
27162.4
27316.5
33484.1
34084.2
34084.4
34157.5
35084.3
38687.1
53033.8
53034.8
62649.2
62649.4
62747.5
62751.4
62757.5
62770.4
62824.5
63649.3
64382.1
65202.2
65202.4
65213.5
65258.4
65343.5
66202.3
67169.4
67500.1
67502.2
67514.5
68327.4
68347.5
68352.4
68358.5
68482.4
68502.3
68690.5
70445.1
76334.8
76335.8
76947.2
76947.4
76987.5
77947.3
78851.4
78853.5
79134.4
79197.5
79492.4
79516.5
82686.1
84980.2
84980.4
85005.5
85980.3
92248.1
101740.2
101740.4
101751.5
101760.4
101772.5
101776.4
101836.5
102283.4
102301.5
102390.4
102392.5
102403.4
102542.5
102573.4
102740.3
102971.5
102972.1
105855.2
105855.4
105856.5
105862.4
105865.5
106397.4
106547.5
106831.4
106855.3
107392.5
107407.4
107416.5
109551.1
117760.2
117760.4
117837.5
117994.4
117998.5
118000.4
118342.5
118738.4
118741.5
118760.3
118814.4
119110.5
122363.1
126055.2
126055.4
126180.5
126245.4
126315.5
126317.4
126321.5
126436.4
126468.5
126557.4
126957.5
126959.4
127007.5
127055.3
127878.4
128263.5
132020.4
132290.5
133323.1
151495.2
151495.4
151534.5
151723.4
152106.5
152112.4
152114.5
152495.3
153228.1
163026.2
163026.4
163272.5
163596.8
163597.8
164026.3
166960.4
167081.5
167088.4
167465.5
172649.1
177012.2
177012.4
177193.5
177843.4
177931.5
178012.3
180000.9
123456789
7
09
15
7
09
15
11
FI
2
3
10
49
22
11
19
22
6
2
133
0
0
0
314159265
16
1
39
180000
314159265
0.1
12736.2
12736.4
12738.5
12830.4
12920.5
13736.3
15415.4
15566.5
15620.4
15622.5
15626.4
15679.1
15681.2
15691.5
15972.4
15989.5
16681.3
17172.4
17173.5
17236.4
17616.5
17979.1
31385.2
31385.4
31575.5
32385.3
35081.1
40733.2
40733.4
40761.5
41100.8
41101.8
41733.3
45045.4
45231.5
46472.1
52555.2
52555.4
52557.5
52693.4
52835.5
53555.3
59739.4
59904.5
62178.1
68296.2
68296.4
68336.5
69296.3
84158.1
85013.2
85013.4
85288.5
85289.4
85291.5
86013.3
86245.1
89577.2
89577.4
89642.5
90577.3
96845.1
99816.2
99816.4
99936.5
100816.3
104419.1
121415.2
121415.4
121588.5
122415.3
123148.1
128355.2
128355.4
128360.5
128381.4
128704.5
129355.3
130287.4
130325.5
132958.1
134267.2
134267.4
134280.5
135267.3
137445.4
137493.5
137963.1
145232.2
145232.4
145270.5
145979.6
145980.7
146232.3
152500.1
159278.2
159278.4
159475.5
160278.3
164647.4
164774.5
168302.4
168626.5
168901.1
171145.2
171145.4
171149.5
171157.4
171277.5
171284.4
171290.5
171560.4
171563.5
171679.4
171828.5
172113.4
172145.3
172380.5
172843.4
173021.5
173030.4
173137.5
173176.4
173180.5
173818.4
174088.1
174090.2
174105.5
175090.3
180000.9
123456789
7
10
15
7
10
15
11
FI
2
3
10
45
46
11
15
46
6
2
155
0
0
0
314159265
15
0
54
180000
314159265
0.1
1487.2
1487.4
1493.5
1549.4
1664.5
2487.3
4129.1
7094.2
7094.4
7253.5
8094.3
10237.1
12910.2
12910.4
13044.5
13910.3
15198.4
15300.5
16640.1
21565.2
21565.4
21633.5
22565.3
24180.4
24241.5
26884.1
41233.2
41233.4
41236.5
41239.4
41242.5
41254.4
41306.5
42233.3
47741.1
49397.2
49397.4
49417.5
49508.4
49657.5
50397.3
57736.1
68787.2
68787.4
69052.5
69787.3
81978.1
86680.2
86680.4
86726.5
86734.4
86773.5
86782.4
86786.5
86795.4
86807.5
86808.4
86947.5
86953.4
87043.5
87044.4
87047.5
87050.4
87053.5
87055.4
87069.5
87071.4
87072.5
87073.4
87096.5
87118.4
87305.5
87680.3
88883.1
95644.2
95644.4
95840.5
95983.4
96048.5
96158.4
96296.5
96421.4
96422.5
96424.4
96441.5
96446.4
96522.5
96644.3
100078.1
113246.2
113246.4
113477.5
114246.3
119754.1
119938.2
119938.4
120370.5
120908.4
120938.3
121128.5
122083.4
122124.5
122219.4
122367.5
122540.4
122721.5
123431.4
123581.5
123589.4
123626.5
123630.4
123899.5
123907.4
124395.5
125257.1
136348.2
136348.4
136415.5
137348.3
138364.4
138370.5
138372.4
138417.5
138433.4
138441.5
138595.4
138622.5
139491.1
148293.2
148293.4
148362.5
148391.4
148594.5
149293.3
150496.1
155102.2
155102.4
155120.5
155122.4
155254.5
156102.3
163441.1
172103.2
172103.4
172318.5
172715.4
172836.5
173103.3
173879.4
173888.5
173889.4
180000.9
123456789
7
11
15
7
11
15
11
FI
2
3
10
56
53
11
26
53
6
2
156
0
0
0
314159265
13
0
57
180000
314159265
0.1
3624.2
3624.4
3678.5
4624.3
4859.4
4889.5
5049.4
5159.5
5200.4
5307.5
11963.1
13536.2
13536.4
13540.5
13561.4
13636.5
14536.3
14896.4
14898.5
14903.4
14992.5
17150.4
17276.5
19456.4
19496.5
26727.1
27571.2
27571.4
27582.5
27588.4
27598.5
27604.4
27674.5
28571.3
29602.4
29621.5
29800.4
29802.5
29803.4
29879.5
30714.1
31001.2
31001.4
31047.5
31048.4
31105.5
32001.3
35435.1
52102.2
52102.4
52151.5
52382.4
52670.5
53102.3
54744.1
67886.2
67886.4
67918.5
68107.4
68220.5
68886.3
71616.1
73005.2
73005.4
73150.5
74005.3
79513.1
87893.2
87893.4
87920.5
88893.3
90096.1
124019.2
124019.4
124100.5
124106.4
124107.5
124124.4
124133.5
124140.4
124219.5
124802.4
124908.5
125019.3
128234.4
128238.5
128559.4
128955.5
129338.1
131297.2
131297.4
131303.5
131309.4
131343.5
131426.4
131484.5
132297.3
132426.4
132649.5
132650.4
132654.5
132657.4
132662.5
132703.4
133010.5
133038.4
133246.5
133249.4
133251.5
133280.4
133384.5
133775.4
133914.5
133939.1
147491.2
147491.4
147495.5
147498.4
147511.5
147584.4
147628.5
148491.3
151221.1
158377.2
158377.4
158380.5
158392.4
158496.5
158502.4
158673.5
159377.3
161093.4
161098.5
161099.4
161103.5
161108.4
161123.5
162811.1
171634.2
171634.4
171652.5
171656.4
171823.5
171866.4
171884.5
171888.4
172249.5
172634.3
173408.4
173470.5
173481.4
173723.5
180000.9
123456789
7
12
15
7
12
15
11
FI
2
3
10
46
22
11
16
22
6
2
152
0
0
0
314159265
16
0
51
180000
314159265
0.1
1015.2
1015.4
1023.5
1038.4
1079.5
2015.3
6072.4
6110.5
6120.4
6125.5
6171.4
6334.1
6336.2
6338.5
6486.4
6514.5
6515.4
6585.5
7221.4
7259.5
7336.3
7859.4
7899.5
12844.1
14601.2
14601.4
14669.5
14720.4
14801.5
14824.4
14826.5
15601.3
17652.4
17663.5
17664.4
17730.5
21869.4
21883.5
21893.4
22159.5
22940.1
25278.2
25278.4
25392.5
26278.3
29712.1
34920.2
34920.4
34929.5
34934.4
35043.5
35920.3
42971.4
43030.5
48111.1
55936.2
55936.4
55938.5
55949.4
55957.5
55962.4
56119.5
56936.3
56963.4
57046.5
57067.4
57784.5
58099.4
58139.1
58141.2
58152.5
58293.4
58479.5
58520.4
58536.5
58537.4
58539.5
58712.4
58717.5
59141.3
60783.1
62112.2
62112.4
62301.5
63112.3
65255.1
92605.2
92605.4
92750.5
93605.3
96335.1
98024.2
98024.4
98139.5
99024.3
102458.1
104127.2
104127.4
104211.5
104222.4
104357.5
105127.3
105610.4
105851.5
109446.1
122246.2
122246.4
122247.5
122248.4
122339.5
123246.3
125389.1
134003.2
134003.4
134089.5
135003.3
137733.1
140645.2
140645.4
140654.5
140720.4
140923.5
141645.3
147153.1
160467.2
160467.4
160487.5
161012.4
161363.5
161467.3
161499.4
161707.5
161715.4
161721.5
161722.4
161831.5
168806.1
172130.2
172130.4
172137.5
172145.4
172517.5
173130.3
178782.4
178865.5
178874.4
178879.5
178881.4
180000.9
123456789
7
13
15
7
13
15
11
FI
2
3
10
51
34
11
21
34
6
2
249
0
0
0
314159265
21
0
91
180000
314159265
0.1
1.4
2.2
17.5
85.4
89.5
109.4
217.5
1002.3
3378.4
3415.5
3429.4
3662.5
3672.4
3675.5
3763.4
4286.5
6510.1
6594.2
6594.4
6636.5
7594.3
9294.4
9304.5
11295.4
11599.5
11752.4
11874.5
11913.1
12024.2
12024.4
12099.5
13024.3
18097.4
18101.5
18114.4
18214.5
18509.4
18513.5
20363.1
20653.2
20653.4
20722.5
21653.3
29347.4
29489.5
29583.4
29743.5
33844.1
34558.2
34558.4
34562.5
34569.4
34589.5
34599.4
34624.5
34661.4
34728.5
35558.3
37200.1
37566.2
37566.4
37617.5
38566.3
39804.4
39882.5
39889.4
40174.5
40709.1
40836.2
40836.4
40887.5
41836.3
43039.1
43577.2
43577.4
43624.5
43628.4
43666.5
43741.4
43743.5
43745.4
43883.5
44577.3
48011.1
49944.2
49944.4
50243.5
50301.4
50308.5
50360.4
50458.5
50551.4
50581.5
50944.3
53499.4
53508.5
53531.4
53652.5
53674.1
53809.2
53809.4
53932.5
54016.4
54022.5
54035.4
54075.5
54809.3
59128.1
65873.2
65873.4
65880.5
65883.4
66013.5
66039.4
66096.5
66873.3
69603.1
74544.2
74544.4
74560.5
75544.3
78978.1
83285.2
83285.4
83322.5
83333.4
83386.5
83400.4
83403.5
83587.4
83596.5
83671.4
83682.5
83685.4
83760.5
84285.3
86428.1
92143.2
92143.4
92145.5
92149.4
92165.5
92178.4
92221.5
93143.3
93600.4
93601.5
93616.4
93691.5
94101.4
94187.5
94785.1
97397.2
97397.4
97409.5
97411.4
97416.5
97437.4
97480.5
97513.4
97638.5
98397.3
102130.4
102198.5
102658.4
102670.5
102672.4
102796.5
105353.4
105469.5
105472.4
105548.5
105736.1
107751.2
107751.4
107756.5
107761.4
107780.5
107782.4
107906.5
107907.4
107949.5
108751.3
109954.1
131035.2
131035.4
131259.5
131579.4
131711.5
132035.3
132126.4
132233.5
132245.4
132439.5
132545.4
132606.5
144226.1
147038.2
147038.4
147053.5
147090.4
147194.5
148038.3
151231.4
151321.5
151365.4
151385.5
151391.4
151559.5
151568.4
151956.5
152516.4
152567.5
152616.4
152675.5
152895.4
153431.5
153546.1
153682.2
153682.4
153807.5
154682.3
162021.1
162542.2
162542.4
162545.5
162574.4
162749.5
162845.4
162930.5
163542.3
175733.1
175897.2
175897.4
175906.5
175910.4
176015.5
176897.3
179627.1
179834.2
179834.4
179835.5
179837.4
179840.5
179841.4
180000.9
123456789
7
14
15
7
14
15
11
FI
2
3
10
40
09
11
10
09
6
2
273
0
0
0
314159265
22
0
102
180000
314159265
0.1
454.2
454.4
458.5
462.4
475.5
476.4
562.5
1454.3
4118.4
4121.5
4448.4
4841.5
5418.4
5638.5
7484.4
7579.5
7641.4
7923.5
8029.4
8156.5
9948.4
10204.5
10278.4
10630.5
10633.4
10637.5
10640.4
10648.5
10679.4
11004.5
11242.4
11249.5
13645.1
13814.2
13814.4
13823.5
13825.4
13952.5
14814.3
15808.4
16170.5
16188.4
16192.5
17544.1
18458.2
18458.4
18498.5
19458.3
20402.4
20428.5
20682.4
20691.5
21100.1
21409.2
21409.4
21533.5
22409.3
23817.4
23821.5
23837.4
24024.5
24552.1
25592.2
25592.4
25639.5
26592.3
26879.4
26918.5
27015.4
27103.5
27773.4
27776.5
27786.4
27813.5
28010.4
28021.5
28029.4
28334.5
28761.4
28768.5
28785.4
28855.5
30582.4
30644.5
30783.4
30788.5
30802.4
30807.5
30911.1
30982.2
30982.4
31082.5
31982.3
32945.4
33057.5
33130.4
33335.5
35491.4
35540.5
37490.1
37733.2
37733.4
37752.5
37797.4
37824.5
37906.4
37930.5
37943.4
37947.5
37959.4
37967.5
37980.4
38032.5
38733.3
39936.1
40099.2
40099.4
40105.5
40106.4
40177.5
41099.3
43170.4
43205.5
48438.1
48966.2
48966.4
49080.5
49332.4
49433.5
49966.3
53007.4
53021.5
53095.4
53132.5
53400.1
53616.2
53616.4
53635.5
53674.4
53697.5
53700.4
53714.5
53742.4
53762.5
53763.4
53855.5
53960.4
54016.5
54616.3
60850.4
60871.5
62378.4
62379.5
62389.4
62408.5
66807.1
66915.2
66915.4
66953.5
66956.4
66967.5
66978.4
67004.5
67026.4
67112.5
67120.4
67132.5
67137.4
67259.5
67803.4
67808.5
67915.3
69599.4
69651.5
69933.4
70017.5
75254.1
76408.2
76408.4
76415.5
77408.3
81727.1
95816.2
95816.4
95832.5
95833.4
95869.5
95883.4
95908.5
96816.3
98959.1
107010.2
107010.4
107028.5
107030.4
107039.5
107059.4
107064.5
107068.4
107172.5
108010.3
111444.1
111643.2
111643.4
111664.5
111667.4
111718.5
112643.3
114285.1
118002.2
118002.4
118059.5
119002.3
120205.1
120338.2
120338.4
120341.5
120348.4
120483.5
121338.3
124068.1
124206.2
124206.4
124216.5
124219.4
124365.5
125206.3
130714.1
131766.2
131766.4
131944.5
132766.3
134909.1
143598.2
143598.4
143732.5
144598.3
150106.1
155462.2
155462.4
155466.5
155468.4
155473.5
155478.4
155582.5
155702.4
155708.5
155739.4
155848.5
155931.4
155952.5
155980.4
156125.5
156462.3
157665.1
165769.2
165769.4
165773.5
165779.4
165819.5
166446.4
166451.5
166454.4
166608.5
166769.3
175196.4
175302.5
175359.4
175414.5
180000.9
123456789
7
15
15
7
15
15
11
FI
2
3
10
48
35
11
18
35
6
2
412
0
0
0
314159265
19
0
175
180000
314159265
0.1
1.4
2.2
15.5
60.4
63.5
76.4
85.5
89.4
161.5
268.4
363.5
629.4
631.5
636.4
640.5
646.4
1002.3
1177.5
1365.4
1468.5
1536.4
1542.5
1543.4
1676.5
1874.4
2091.5
2274.4
2396.5
2409.4
2459.5
2529.4
2661.5
3908.4
3928.5
4007.4
4147.5
4233.4
4546.5
4549.4
4595.5
4599.4
4686.5
4729.4
4795.5
4799.4
4803.5
6510.1
7380.2
7380.4
7392.5
7396.4
7513.5
8349.4
8380.3
8409.5
8422.4
8426.5
8459.4
8471.5
8476.4
8550.5
8849.4
8856.5
8900.4
8927.5
8938.4
8941.5
8942.4
8948.5
9016.4
9144.5
9243.4
9306.5
9432.4
9511.5
9621.4
9638.5
9643.4
9750.5
9882.4
9916.5
10971.4
11177.5
11231.4
11236.5
11268.4
11360.5
11422.4
11524.5
11587.4
11593.5
11598.4
11632.5
13998.4
13999.5
14103.4
14121.5
14131.4
14162.5
14226.4
14336.5
14348.4
15396.5
15532.4
15666.5
15719.1
15770.2
15770.4
15862.5
16770.3
18178.4
18326.5
19003.4
19096.5
19127.4
19329.5
19442.4
19640.5
19968.4
20135.5
20204.1
20448.2
20448.4
20503.5
21391.4
21409.5
21411.4
21448.3
21564.5
21682.4
21832.5
22651.1
23121.2
23121.4
23182.5
24121.3
24781.4
24784.5
24804.4
24928.5
25433.4
25434.5
25442.4
25548.5
25763.1
25860.2
25860.4
25924.5
26860.3
28990.4
29003.1
29003.5
29074.2
29074.4
29086.5
29090.4
29155.5
29944.4
29948.5
30025.4
30071.5
30074.3
32158.4
32160.5
32167.4
32218.5
32347.4
32350.5
32554.4
32559.5
32579.4
32701.5
33433.4
33443.5
33445.4
33463.5
34338.4
34363.5
34427.4
34439.5
34443.4
34457.5
34636.4
34801.5
34853.4
34900.5
38870.4
38874.5
38917.4
38918.5
38921.4
38944.5
38952.4
38956.5
39074.4
39150.5
39827.4
39899.5
40010.4
40038.5
40184.4
40193.5
40206.4
40224.5
40262.4
40447.5
40577.4
40584.5
40586.4
40589.5
40590.4
40824.5
40883.4
40942.5
41063.4
41163.5
41205.4
41248.5
41344.4
41444.5
41511.4
41632.5
41647.4
41672.5
41926.4
41937.5
41946.4
41949.5
41962.4
41988.5
42054.4
42065.5
42090.4
42250.5
42265.1
42318.2
42318.4
42380.5
43318.3
43989.4
43990.5
43996.4
44016.5
44017.4
44146.5
44420.4
44439.5
44521.4
44523.5
44547.4
44787.5
44869.4
44946.5
45087.4
45217.5
45441.4
45445.5
45446.4
45453.5
45518.4
45605.5
45891.4
45996.5
46048.1
46193.2
46193.4
46212.5
46255.4
46342.5
47193.3
48960.4
48963.5
48983.4
48987.5
49087.4
49261.5
49337.4
49408.5
49411.4
49422.5
49459.4
49461.5
49470.4
49474.5
49477.4
49484.5
49512.4
49527.5
49550.4
49555.5
49566.4
49594.5
49606.4
49698.5
49811.4
49988.5
51431.4
51453.5
51459.4
51475.5
51479.4
51512.1
51514.2
51515.5
51618.4
51743.5
52514.3
56584.4
56594.5
56629.4
56711.5
56833.1
62032.2
62032.4
62036.5
62094.4
62217.5
63032.3
66329.4
66349.5
66357.4
66359.5
70371.1
70534.2
70534.4
70609.5
71534.3
72737.1
77116.2
77116.4
77129.5
77169.4
77171.5
78116.3
80846.1
81136.2
81136.4
81145.5
81148.4
81219.5
82136.3
86549.4
86565.5
86570.4
86652.5
87644.1
117923.2
117923.4
117931.5
117936.4
118077.5
118078.4
118122.5
118614.4
118681.5
118923.3
123557.4
123561.5
123698.4
123840.5
127728.4
127831.5
131114.1
134181.2
134181.4
134210.5
134229.4
134312.5
135181.3
137324.1
137447.2
137447.4
137461.5
137475.4
137543.5
138447.3
140089.1
149679.2
149679.4
149926.5
150081.4
150119.5
150208.4
150316.5
150679.3
152980.4
152987.5
152995.4
153009.5
153012.4
153059.5
153070.4
153209.5
153229.4
153250.5
153256.4
153303.5
153304.4
153313.5
153316.4
153318.5
154113.1
155805.2
155805.4
155896.5
156805.3
158008.1
164494.6
180000.9
123456789
7
16
15
7
16
15
11
FI
2
3
10
43
17
11
13
17
6
2
603
0
0
0
314159265
23
0
266
180000
314159265
0.1
74.2
74.4
196.5
1074.3
1325.4
1338.5
1536.4
1543.5
1544.4
1586.5
1757.4
1760.5
2030.4
2034.5
2196.4
2211.5
2277.1
2355.2
2355.4
2358.5
2364.4
2431.5
3015.4
3022.5
3056.4
3058.5
3079.4
3135.5
3355.3
3769.4
3776.5
3784.4
3805.5
3815.4
3981.5
4179.4
4185.5
4190.4
4282.5
4664.4
4665.5
4669.4
4675.5
4784.4
4786.5
4788.4
4794.5
4799.4
4839.5
5135.4
5140.5
5166.4
5209.5
5405.4
5456.5
5498.1
5568.2
5568.4
5620.5
6314.4
6327.5
6335.4
6535.5
6568.3
6645.4
6663.5
6672.4
6723.5
6907.4
6922.5
6942.4
6974.5
6988.4
7065.5
7205.4
7226.5
7284.4
7312.5
7440.4
7486.5
7698.4
7736.5
7951.4
7953.5
7974.4
7980.5
8372.4
8437.5
8547.4
8570.5
8578.4
8595.5
8607.4
8637.5
8749.4
8849.5
9335.4
9710.5
9902.4
9911.5
9915.4
9975.5
10002.1
10080.2
10080.4
10146.5
11033.4
11072.5
11080.3
11255.4
11275.5
11613.4
11683.5
11814.4
11828.5
11831.4
11857.5
11977.4
11998.5
12572.4
12601.5
12923.4
12970.5
13124.4
13196.5
13282.4
13383.5
13437.4
13461.5
13467.4
13478.5
13536.4
13542.5
13547.4
13578.5
13616.4
13668.5
13750.4
13774.5
13901.4
13990.5
13991.4
14006.5
14007.4
14010.5
14217.4
14226.5
15399.1
15500.2
15500.4
15555.5
16142.4
16219.5
16500.3
16758.4
16772.5
16863.4
16868.5
16889.4
17030.5
17147.4
17196.5
17317.4
17361.5
17445.4
17453.5
17456.4
17520.5
18115.4
18122.5
18127.4
18131.5
18390.4
18400.5
18403.4
18452.5
18460.4
18547.5
18624.4
18784.5
18879.4
18883.5
18884.4
18899.5
19073.4
19104.5
19269.4
19294.5
20110.4
20121.5
21681.4
21692.5
21715.4
21786.5
21915.4
21957.5
22170.4
22196.5
22789.4
22850.5
23004.4
23023.5
23055.4
23068.5
23097.4
23113.5
23118.4
23161.5
23459.4
23463.5
23468.4
23487.5
23616.4
23787.5
23839.1
23924.2
23924.4
23927.5
23929.4
23931.5
23932.4
23988.5
24924.3
24953.4
25063.5
25440.4
25453.5
25460.4
25468.5
25482.4
25607.5
25736.4
25767.5
25857.4
25874.5
25886.4
25908.5
26044.4
26165.5
26302.4
26318.5
26427.4
26429.5
26439.4
26459.5
27026.4
27052.5
27165.4
27182.5
27264.4
27298.5
27312.4
27471.5
27657.4
27696.5
28058.4
28067.5
28171.4
28187.5
28360.4
28443.5
28649.4
28691.5
28782.4
28935.5
28988.4
29007.5
29099.4
29117.5
29122.4
29228.5
29329.4
29334.5
29387.4
29390.5
29424.4
29474.5
29504.4
29554.5
29670.4
29694.5
29786.4
29834.5
29974.4
29978.5
29989.4
30064.5
30376.4
30387.5
30412.4
30420.5
30425.4
30445.5
30520.4
30544.5
30769.4
30827.5
30900.4
30928.5
30931.4
31057.5
31217.4
31221.5
31223.4
31418.5
31613.4
31624.5
31635.4
31674.5
31704.4
31807.5
31967.4
32109.5
32110.4
32113.5
32231.4
32263.5
32301.4
32320.5
32323.4
32339.5
32885.4
33025.5
33117.4
33126.5
33160.4
33250.5
33302.4
33315.5
33322.4
33397.5
33492.4
33494.5
33495.4
33640.5
33959.4
33978.5
35815.4
35820.5
35821.4
35824.5
35861.4
35892.5
35904.4
36003.5
36322.4
36336.5
36358.4
36416.5
37115.1
38034.2
38034.4
38081.5
38188.4
38265.5
39034.3
40042.4
40080.5
40676.1
40705.2
40705.4
40709.5
40746.4
40752.5
40764.4
40813.5
41705.3
42771.4
42772.5
42776.4
42804.5
46419.4
46421.5
46450.4
46453.5
46458.4
46483.5
46559.4
46569.5
46574.4
46623.5
46717.4
46757.5
46826.4
46857.5
46922.4
46967.5
47210.4
47212.5
47213.1
47279.2
47279.4
47382.5
48279.3
50210.4
50213.5
50215.4
50246.5
50250.4
50267.5
51009.1
51096.2
51096.4
51110.5
51127.4
51129.5
51143.4
51153.5
51162.4
51224.5
52096.3
55202.4
55213.5
55295.4
55296.5
59435.1
59512.2
59512.4
59525.5
59537.4
59574.5
60512.3
62592.4
62593.5
62596.4
62611.5
62647.4
62659.5
62666.4
62670.5
62872.4
62877.5
66230.4
66263.5
66438.4
66523.5
66716.4
66718.5
66720.4
66746.5
66877.4
66880.5
66883.4
66916.5
67042.4
67105.5
67294.4
67305.5
67316.4
67323.5
67331.4
67348.5
68573.4
68584.5
68764.4
68773.5
68882.4
68920.5
68921.4
68945.5
69092.4
69155.5
69641.4
69644.5
69646.4
69680.5
69682.4
69714.5
69890.4
69908.5
69912.4
69926.5
69948.4
69990.5
69992.4
70029.5
70248.4
70286.5
70460.4
70532.5
71323.4
71364.5
71835.4
71848.5
71861.4
71875.5
72703.1
73458.2
73458.4
73463.5
73520.4
73530.5
73533.4
73545.5
73550.4
73609.5
74458.3
76601.1
76672.2
76672.4
76686.5
76710.4
76751.5
77672.3
79314.1
79400.2
79400.4
79402.5
79467.4
79514.5
80400.3
81603.1
81709.2
81709.4
81715.5
81716.4
81718.5
81724.4
81744.5
81825.4
81841.5
81855.4
81936.5
82709.3
86143.1
89946.2
89946.4
90038.5
90946.3
95265.1
96909.2
96909.4
96921.5
97909.3
103417.1
126485.2
126485.4
126558.5
127485.3
130215.1
132761.2
132761.4
132875.5
133761.3
135904.1
151390.2
151390.4
151393.5
151394.4
151416.5
152390.3
152777.4
152947.5
155824.1
155911.2
155911.4
155912.5
155915.4
155945.5
155949.4
156008.5
156911.3
158172.4
158229.5
158241.4
158251.5
161230.1
168016.2
168016.4
168020.5
168251.4
168311.5
168513.4
168515.5
169016.3
169220.4
169223.5
169236.4
169245.5
173039.4
173138.5
173144.4
173147.5
173150.4
173161.5
173162.4
173166.5
173174.4
173178.5
173181.4
173184.5
173185.4
173281.5
173343.4
173491.5
176355.1
177290.2
177290.4
177345.5
180000.9
123456789
7
17
15
7
17
15
11
FI
2
3
13
04
25
18
07
25
6
2
2609
0
0
0
314159265
60
0
1065
1800000
314159265
0.1
1.4
89.5
122.4
141.5
144.4
262.5
269.4
275.5
296.4
302.5
1997.4
1998.5
2003.4
2054.5
2129.4
2154.5
2251.4
2282.5
2285.4
2295.5
4337.4
4398.5
4410.4
4562.5
4625.4
4932.5
6197.4
6288.5
6334.4
6356.5
6431.4
6532.5
6600.4
6668.5
6785.4
6803.5
6808.4
6921.5
7004.4
7028.5
7030.4
7042.5
7663.4
7918.5
7978.4
8019.5
8055.4
8197.5
8199.4
8202.5
8272.4
8331.5
9614.4
9622.5
9628.4
9648.5
9664.4
9732.5
10295.4
10313.5
10396.4
10915.5
11061.4
11149.5
14007.4
14010.5
14012.4
14047.5
14162.4
14226.5
14263.4
14336.5
15400.4
15402.5
15419.4
15610.5
15662.4
15673.5
15678.4
15738.5
15824.4
16004.5
17355.4
17713.5
17763.4
17876.5
18014.4
18086.5
18173.4
18215.5
18254.4
18315.5
19085.4
19164.5
19198.4
19216.5
19223.4
19348.5
19555.4
19702.5
19762.4
19985.5
20067.4
20202.5
20279.4
20403.5
20624.4
21680.5
21718.4
21914.5
21980.4
22039.5
22073.4
22091.5
22097.4
22206.5
22250.4
22328.5
22375.4
22544.5
22564.4
22668.5
22697.4
22980.5
23015.4
23109.5
23132.4
23275.5
23685.4
23802.5
24658.4
24663.5
24705.4
24783.5
24886.4
24893.5
24894.4
24899.5
24900.4
24903.5
25043.4
25074.5
25115.4
25131.5
25136.4
25145.5
25188.4
25213.5
25294.4
25388.5
26576.4
26858.5
26859.4
26861.5
26895.4
27002.5
27022.4
27024.5
27025.4
27081.5
28293.4
28313.5
28315.4
28317.5
28366.4
28373.5
28375.4
28389.5
28391.4
28398.5
28433.4
28744.5
29690.4
29755.5
29850.4
29941.5
30107.4
30111.5
30115.4
30136.5
30255.4
30279.5
30357.4
30422.5
30512.4
30685.5
30774.4
30779.5
30781.4
30791.5
30803.4
30845.5
32615.4
32637.5
32761.4
32825.5
33575.4
33583.5
33607.4
33625.5
33666.4
33675.5
34132.4
34417.5
34424.4
34484.5
34512.4
34580.5
34709.4
34781.5
34841.4
34862.5
34897.4
34915.5
36578.4
36589.5
36593.4
36859.5
36999.4
37056.5
37200.4
37306.5
37352.4
37388.5
37426.4
37427.5
37431.4
37539.5
39762.4
39790.5
39792.4
39880.5
39932.4
39936.5
40255.4
40263.5
40276.4
40278.5
40293.4
40304.5
40891.4
41264.5
41300.4
41373.5
41375.4
41431.5
41526.4
41683.5
42676.4
42698.5
42724.4
42728.5
42732.4
42841.5
42918.4
42921.5
42922.4
42970.5
43113.4
43119.5
43120.4
43196.5
44423.4
45169.5
45356.4
45479.5
45550.4
45551.5
45555.4
45583.5
45602.4
45617.5
45646.4
45676.5
45854.4
45867.5
47807.4
47861.5
47969.4
48038.5
48129.4
48272.5
48950.4
49236.5
49806.4
49813.5
50566.4
50585.5
50641.4
50718.5
51182.4
51186.5
51192.4
51210.5
52372.4
52392.5
52394.4
52401.5
52403.4
52432.5
52448.4
52493.5
52627.4
52628.5
52637.4
52649.5
52675.4
52748.5
52784.4
52814.5
52850.4
52852.5
52858.4
52880.5
52898.4
52943.5
52982.4
52988.5
53026.4
53056.5
53281.4
53556.5
53656.4
53744.5
54018.4
54082.5
54192.4
54236.5
54295.4
54301.5
54307.4
54313.5
54363.4
54464.5
54708.4
54730.5
54767.4
54899.5
55173.4
55759.5
55787.4
55813.5
55827.4
55989.5
56072.4
56152.5
56915.4
56930.5
59209.4
59231.5
60044.4
60057.5
60068.4
60145.5
60443.4
60465.5
60497.4
60668.5
63461.4
63662.5
63750.4
63948.5
64041.4
64126.5
64243.4
64321.5
64420.4
64504.5
66563.4
66586.5
66626.4
66637.5
66654.4
66757.5
66845.4
66905.5
67051.4
67199.5
67293.4
67310.5
67316.4
67410.5
69467.4
69487.5
72508.4
72560.5
73858.4
73928.5
74106.4
74353.5
77519.4
77559.5
78563.4
78645.5
78767.4
78770.5
78773.4
78874.5
79136.4
79261.5
79391.4
80334.5
80488.4
80527.5
80556.4
80559.5
80561.4
80953.5
81209.4
81375.5
82538.4
82560.5
82601.4
82655.5
83691.4
83699.5
83707.4
84083.5
84226.4
84773.5
84833.4
85062.5
85194.4
85311.5
85429.4
85430.5
85432.4
85434.5
85481.4
85502.5
85537.4
85544.5
85573.4
85609.5
85719.4
85722.5
85741.4
85895.5
86035.4
86054.5
86055.4
86088.5
86091.4
86094.5
86101.4
86113.5
86117.4
86121.5
86129.4
86220.5
86302.4
86323.5
86566.4
86570.5
86574.4
86664.5
86717.4
86724.5
86741.4
86815.5
86923.4
86985.5
87077.4
87098.5
87820.4
87826.5
87833.4
88551.5
88581.4
88631.5
88653.4
88919.5
88964.4
88974.5
89049.4
89151.5
89317.4
89699.5
89779.4
89814.5
89827.4
89830.5
89840.4
89856.5
89884.4
89964.5
90068.4
90166.5
90738.4
90895.5
90970.4
91007.5
91322.4
91497.5
91546.4
91642.5
92753.4
92765.5
92809.4
92822.5
97113.4
97118.5
100034.4
100038.5
100039.4
100048.5
100060.4
100064.5
100077.4
100083.5
100097.4
100175.5
101835.4
102186.5
102243.4
102269.5
102277.4
102325.5
102615.4
102660.5
105143.4
105223.5
105445.4
105609.5
105610.4
105634.5
107556.4
107621.5
107645.4
107742.5
108023.4
108163.5
108333.4
108337.5
108338.4
108345.5
108365.4
108389.5
108411.4
108511.5
108632.4
108743.5
108830.4
108834.5
108890.4
109014.5
109120.4
109317.5
109369.4
109372.5
109374.4
109387.5
109445.4
109448.5
109509.4
109645.5
112681.4
112691.5
115049.4
115182.5
115371.4
115464.5
115642.4
115733.5
115843.4
115920.5
115922.4
115939.5
116191.4
116212.5
116576.4
116578.5
117454.4
117872.5
118064.4
118290.5
120590.4
120624.5
120684.4
122093.5
122150.4
122324.5
122432.4
122465.5
122495.4
122499.5
122501.4
123601.5
123739.4
123911.5
123949.4
124077.5
124106.4
124151.5
124156.4
124157.5
124162.4
124172.5
124173.4
124601.5
124912.4
125067.5
125147.4
125172.5
127207.4
127275.5
127287.4
127436.5
127502.4
127518.5
127524.4
128277.5
135827.4
135879.5
136217.4
136420.5
136502.4
136505.5
136531.4
136573.5
141945.4
141986.5
142311.4
142422.5
143644.4
143669.5
143785.4
143831.5
143834.4
143836.5
144552.4
144555.5
144557.4
144571.5
146426.6
146427.212
146427.7
146945.2
146945.4
146955.5
146958.4
147002.5
147006.4
147069.5
147445.3
148017.4
148107.5
148269.4
148271.5
148273.4
148282.5
148379.4
148494.5
148671.4
148764.5
148898.4
148941.5
149030.4
149052.5
149058.4
149069.5
149072.4
149232.5
149470.4
149554.5
149770.4
149839.5
149886.4
149890.5
149894.4
149895.5
150025.4
150100.5
150163.4
150248.5
150340.4
150418.5
150533.4
150572.5
150643.4
150701.5
151387.4
151430.5
151544.4
151552.5
151557.4
151635.5
151692.4
151719.5
151808.4
151980.5
152053.4
152077.5
152184.1
152817.4
152819.5
152821.4
152861.5
153307.4
153315.5
153318.4
153321.5
153328.4
153405.5
153428.4
153478.5
153480.4
153485.5
153583.4
153593.5
154083.4
154109.5
154245.4
154366.5
154444.4
154476.5
154520.4
154533.5
154539.4
154611.5
154643.4
154929.5
155023.4
155085.5
155135.4
155213.5
155318.4
155388.5
155836.4
155837.5
155839.4
155935.5
156022.4
156143.5
156195.4
156196.5
156197.4
156280.5
156342.4
156375.5
156445.4
156530.5
156583.4
156617.5
156655.4
156658.5
156681.4
156701.5
156750.4
156818.5
157912.4
157928.5
159271.4
159349.5
159600.4
159700.5
159735.4
159872.5
159944.4
160065.5
160127.4
160228.5
160276.4
160411.5
160538.4
160578.5
161432.4
161642.5
161658.4
161664.5
161667.4
161776.5
161810.4
161823.5
161824.4
161827.5
161849.4
162015.5
162056.4
162072.5
162076.4
162077.5
162108.4
162237.5
162488.4
162595.5
162952.4
163048.5
163082.4
163203.5
163206.4
163209.5
163258.4
163281.5
163384.4
163444.5
163533.4
163710.5
163760.4
163787.5
164152.4
164173.5
164177.4
164182.5
164189.4
164342.5
167078.4
167099.5
167204.4
167272.5
167780.4
167795.5
168273.4
168374.5
168466.4
168536.5
170241.4
170397.5
170634.4
170646.5
173084.4
173092.5
173283.4
173451.5
173540.4
173543.5
173544.4
173552.5
173789.4
173836.5
175363.4
175366.5
175379.4
175402.5
175442.4
175809.5
175971.4
176015.5
176069.4
176095.5
176181.4
176183.5
176185.4
176266.5
176309.4
176380.5
176432.4
176533.5
176769.4
177046.5
177354.4
177439.5
178360.4
178550.5
182897.4
182903.5
182928.4
183023.5
183250.4
183252.5
183257.4
183279.5
183690.4
183692.5
183696.4
183767.5
185448.4
185470.5
185483.4
185562.5
186710.4
186875.5
187663.4
187666.5
187667.4
187743.5
187868.4
187989.5
188063.4
188112.5
188400.4
188429.5
189240.4
189302.5
194423.4
194427.5
194428.4
194439.5
194461.4
194462.5
194468.4
194501.5
194674.4
194847.5
195026.4
195120.5
196790.4
196853.5
196928.4
196947.5
197862.4
197994.5
198054.4
198059.5
199255.4
199284.5
199389.4
199398.5
199399.4
199400.5
199401.4
199513.5
199568.4
199631.5
199742.4
199897.5
200005.4
200013.5
203644.4
203670.5
204023.4
204045.5
204046.4
204138.5
208170.4
208317.5
208435.4
208473.5
208587.4
208756.5
209864.4
209874.5
210120.4
210129.5
210163.4
210278.5
213803.4
213883.5
213892.4
214087.5
214092.4
214173.5
216343.4
216443.5
216780.4
216840.5
216920.4
216922.5
216925.4
217307.5
221515.4
221599.5
222710.4
222733.5
223392.4
223403.5
223411.4
223445.5
223470.4
223531.5
223608.4
223688.5
226335.4
226643.5
227591.4
227715.5
227717.4
227808.5
233282.4
233495.5
233670.4
233742.5
235324.4
235354.5
237307.4
237469.5
237806.4
238046.5
240028.4
240051.5
240070.4
240108.5
240114.4
240190.5
240347.4
240381.5
240718.4
240720.5
241267.4
241433.5
241623.4
241801.5
241842.4
241871.5
241873.4
242001.5
242095.4
242207.5
243024.4
243033.5
243040.4
243089.5
243158.4
243246.5
243293.4
243373.5
243375.4
243404.5
244102.4
244116.5
244117.4
244274.5
244300.4
244386.5
248136.4
248198.5
248401.4
248472.5
248561.4
248589.5
249170.4
249442.5
251049.4
251161.5
251372.4
251450.5
254559.4
254781.5
255759.4
255879.5
258316.4
258423.5
260204.4
260442.5
260547.4
260684.5
261079.4
261161.5
261212.4
261267.5
265176.4
265346.5
265457.4
265537.5
266450.6
266451.212
266451.7
266722.2
266722.4
266786.5
267222.3
267651.4
267678.5
267686.4
267705.5
268591.4
268598.5
268607.4
268747.5
268779.4
268780.5
268786.4
268855.5
268921.4
269023.5
269127.4
269137.5
269268.4
269287.5
269616.4
269672.5
269779.4
269810.5
270111.4
270128.5
270212.4
270346.5
270442.4
270505.5
270825.1
271354.4
271431.5
271446.4
271610.5
272186.4
272188.5
272549.4
272566.5
272569.4
272572.5
272596.4
272671.5
272768.4
272771.5
272805.4
272900.5
272983.4
273106.5
273136.4
273161.5
273229.4
273246.5
273266.4
273432.5
275878.4
275997.5
276333.4
276386.5
276398.4
276400.5
276402.4
276439.5
276722.4
276825.5
279003.4
279087.5
279199.4
279277.5
279493.4
279585.5
282150.4
282228.5
282455.4
282526.5
284707.4
284814.5
284878.4
284973.5
290224.4
290234.5
290251.4
290341.5
290677.4
290771.5
292982.4
293038.5
293249.4
293302.5
296365.4
296369.5
299813.4
299851.5
299913.4
299918.5
299927.4
299967.5
305611.4
305737.5
307127.4
307136.5
307138.4
307262.5
307399.4
307590.5
311759.4
311893.5
312275.4
312445.5
312509.4
312593.5
317468.4
317563.5
317606.4
317616.5
319734.4
319871.5
319873.4
319956.5
321492.4
321497.5
327289.4
327469.5
327571.4
327638.5
328488.4
328493.5
328495.4
328713.5
328861.4
329097.5
329193.4
329353.5
332338.4
332527.5
332529.4
332545.5
334246.4
334386.5
337273.4
337362.5
337835.4
337881.5
338592.4
338601.5
338627.4
338638.5
338647.4
338991.5
341684.4
341829.5
342854.4
342921.5
345925.4
346105.5
350483.4
350714.5
351965.4
352099.5
357243.4
357379.5
357636.4
357724.5
363199.4
363233.5
363248.4
363275.5
363301.4
363355.5
363357.4
363420.5
363422.4
363433.5
363741.4
363836.5
363985.4
364056.5
364145.4
364219.5
372206.4
372287.5
372980.4
373119.5
373336.4
373444.5
374346.6
374347.212
374347.7
374914.2
374914.4
374998.5
375414.3
375646.1
375693.4
375822.5
375844.4
375850.5
375866.4
375886.5
376162.4
376276.5
376542.4
376561.5
376760.4
376886.5
378183.4
378210.5
378214.4
378572.5
379286.4
379305.5
379310.4
379412.5
379486.4
379529.5
380854.4
380873.5
381339.4
381346.5
381348.4
382129.5
382196.4
382199.5
382220.4
382315.5
382658.4
382667.5
382668.4
382754.5
382756.4
382758.5
382767.4
382769.5
382772.4
382809.5
383627.4
383637.5
383642.4
383657.5
383665.4
383705.5
386258.4
386261.5
386265.4
386313.5
388891.4
389010.5
389512.4
389751.5
389760.4
389841.5
389899.4
390136.5
390213.4
390283.5
394114.4
394210.5
394434.4
394720.5
399057.6
399058.212
399058.7
399148.2
399148.4
399236.5
399648.3
400008.4
400213.5
400215.4
400492.5
400509.4
400511.5
400545.4
400561.5
400608.4
400685.5
400946.4
401045.5
401123.4
401260.5
401354.4
401480.5
402049.4
402054.5
402057.4
402092.5
402333.4
402377.5
402534.4
402615.5
402632.4
402657.5
403266.4
403359.5
403406.4
403439.5
403515.4
403614.5
403639.4
403646.5
403649.4
403666.5
403730.4
403763.5
403858.4
403860.5
403863.4
403882.5
404085.4
404274.5
406722.4
406724.5
406826.4
406949.5
407008.4
407068.5
408144.6
408145.7
408271.1
410444.4
410445.5
410464.4
410483.5
411776.4
411792.5
412850.4
412857.5
412864.4
412867.5
413168.6
413169.212
413169.7
413253.2
413253.4
413348.5
413753.3
414158.4
414163.5
414180.4
414213.5
414426.4
414471.5
414792.4
414830.5
415009.4
415112.5
415543.4
415560.5
415579.4
415580.5
415583.4
415596.5
415602.4
415646.5
416034.4
416040.5
416077.4
416079.5
416109.4
416147.5
416154.4
416242.5
416673.4
416675.5
416677.4
416679.5
416683.4
416686.5
416702.4
416831.5
416869.4
416950.5
417473.4
417607.5
418379.4
418391.5
418806.4
418969.5
419005.4
419055.5
419589.4
419831.5
419892.4
419899.5
419929.4
420114.5
420179.4
420180.5
420182.4
420195.5
420226.4
420299.5
421565.4
421581.5
422624.4
422784.5
422893.4
422995.5
423048.4
423169.5
424903.4
424975.5
425017.4
425105.5
425177.4
425238.5
425290.4
425354.5
426166.4
426287.5
426713.4
426740.5
426926.4
426968.5
427202.6
427203.7
427518.4
427581.5
428615.1
428741.4
428779.5
429694.4
429701.5
429717.4
429751.5
429883.4
429940.5
433445.4
433446.5
433453.4
433580.5
433707.4
433769.5
434104.4
434114.5
434130.4
434136.5
434137.4
434139.5
434149.4
434169.5
435842.6
435843.212
435843.7
436109.2
436109.4
436169.5
436609.3
437012.4
437181.5
437342.1
437609.4
437616.5
437617.4
437711.5
437777.4
437781.5
437782.4
437796.5
438767.4
438771.5
438776.4
438787.5
438794.4
438804.5
440560.4
440565.5
440582.4
440667.5
442473.4
442476.5
442482.4
442645.5
442675.4
442691.5
442694.4
442758.5
443250.4
443254.5
443257.4
443393.5
443829.4
443833.5
443834.4
443926.5
444009.4
444011.5
444012.4
444076.5
445671.4
445932.5
445981.4
446136.5
446751.4
446785.5
449021.4
449285.5
450571.6
450572.212
450572.7
451082.2
451082.4
451086.5
451089.4
451117.5
451121.4
451187.5
451582.3
452275.4
452276.5
452277.4
452358.5
452437.4
452660.5
453500.4
453507.5
453515.4
453524.5
453525.1
458288.6
458289.212
458289.7
458641.2
458641.4
458686.5
459141.3
459516.4
459558.5
459596.4
459810.5
460439.1
460530.4
460614.5
463710.6
463711.212
463711.7
463933.2
463933.4
463965.5
464433.3
464937.4
465160.5
465394.4
465415.5
465429.4
465482.5
467166.4
467273.5
468967.4
469045.5
469052.4
469149.5
470701.1
471012.6
471013.212
471013.7
471123.2
471123.4
471157.5
471623.3
472477.4
472484.5
474319.1
474476.4
474495.5
476722.4
476739.5
477093.6
477094.212
477094.7
477406.6
477407.7
477434.6
477435.7
477581.2
477581.4
477643.5
478081.3
478280.4
478294.5
478303.4
478364.5
478956.4
478991.5
479008.4
479251.5
479379.1
479883.4
479904.5
480611.6
480612.212
480612.7
480837.2
480837.4
480888.5
481337.3
481496.4
481507.5
481508.4
481603.5
482120.4
482121.5
482128.4
482327.5
483215.4
483218.5
483219.4
483252.5
483970.4
484033.1
484052.5
485423.4
485434.5
491333.6
491334.212
491334.7
491514.2
491514.4
491564.5
492014.3
492543.4
492560.5
492570.4
492747.1
492850.5
493134.4
493186.5
498678.6
498679.212
498679.7
499092.2
499092.4
499150.5
499592.3
499958.4
499964.5
499978.4
499980.5
499992.4
500010.5
500116.4
500185.5
500243.4
500512.5
500640.4
500647.5
502103.4
502147.5
502776.6
502777.7
503649.6
503650.7
504021.4
504173.5
504331.1
505592.6
505593.212
505593.7
505721.2
505721.4
505749.5
506221.3
506677.4
506685.5
506698.4
506947.5
507031.4
507084.5
507932.4
507938.5
508090.4
508315.5
509195.4
509235.5
509310.4
509315.5
509323.4
509391.5
509787.4
510085.5
510837.4
510868.5
510873.4
510940.5
510942.4
510958.5
510991.4
511164.5
511178.4
511186.5
511215.4
511225.5
511229.4
511231.5
511239.4
511317.5
511318.4
511498.5
511568.4
511616.5
512021.4
512041.5
512051.4
512098.5
512489.1
513509.6
513510.212
513510.7
513644.2
513644.4
513659.5
513671.4
513752.5
514144.3
514765.4
514776.5
514811.4
514820.5
517543.6
517544.7
517638.4
517684.5
517849.4
517997.5
518008.4
518028.5
519489.4
519578.5
520766.4
520771.5
521177.6
521178.7
522031.4
522044.5
522077.4
522095.5
522767.1
522827.4
522830.5
524401.6
524402.212
524402.7
524475.2
524475.4
524478.5
524494.4
524532.5
524975.3
525281.4
525310.5
525328.4
525339.5
525516.4
525689.5
525868.4
525908.5
526635.4
526641.5
526655.4
526657.5
528010.4
528204.5
528290.4
528326.5
528345.4
528442.5
530767.6
530768.7
532241.6
532242.7
532934.4
533165.5
533259.4
533385.5
533814.4
533872.5
534436.6
534437.7
535724.4
535741.5
535747.4
535786.5
536327.4
536343.5
537279.4
537328.5
537343.4
537475.5
537480.4
537486.5
537487.4
537503.5
539837.1
539868.4
539909.5
539911.4
539930.5
542617.4
542619.5
542648.4
542650.5
542651.4
542807.5
543865.6
543866.212
543866.7
543967.2
543967.4
543980.5
543986.4
544113.5
544467.3
548070.1
548134.4
548152.5
550837.6
550838.212
550838.7
550882.6
550883.7
550955.2
550955.4
551053.5
551455.3
553398.1
555296.4
555300.5
555323.4
555341.5
555348.4
555403.5
555427.4
555515.5
556983.6
556984.212
556984.7
557069.2
557069.4
557105.5
557569.3
557801.1
562020.4
562026.5
562118.4
562132.5
562141.4
562317.5
563721.6
563722.212
563722.7
563807.2
563807.4
563816.5
563820.4
563859.5
564307.3
564824.4
564915.5
565230.4
565240.5
565255.4
565266.5
565268.4
565518.5
565629.4
565692.5
566648.4
566654.5
566656.4
566720.5
567003.1
569244.6
569245.212
569245.7
569475.2
569475.4
569477.5
569490.4
569566.5
569975.3
574714.1
578015.6
578016.212
578016.7
578223.2
578223.4
578307.5
578723.3
579056.4
579067.5
579068.4
579089.5
579093.4
579148.5
579175.4
579330.5
579339.4
579342.5
579777.4
579846.5
582528.4
582529.5
582543.4
582625.5
584991.1
586127.6
586128.212
586128.7
586216.2
586216.4
586265.5
586716.3
595339.1
601521.6
601522.212
601522.7
601610.2
601610.4
601652.5
602110.3
603408.1
605643.6
605644.212
605644.7
605914.2
605914.4
605952.5
606414.3
606646.1
608428.4
608707.5
610491.6
610492.212
610492.7
610595.2
610595.4
610677.5
611095.3
613038.1
614229.6
614230.212
614230.7
614320.2
614320.4
614373.5
614820.3
615656.4
615723.5
616438.4
616465.5
616484.4
616487.5
616511.4
616776.5
618423.1
620577.6
620578.212
620578.7
620588.6
620589.7
620705.2
620705.4
620751.5
621205.3
622120.4
622217.5
622346.4
622645.5
626559.4
626570.5
626577.4
626603.5
626606.4
626856.5
632673.4
632676.5
632758.4
632928.5
634157.4
634547.5
636067.1
637443.6
637444.212
637444.7
637542.2
637542.4
637591.5
638042.3
638775.1
643613.6
643614.212
643614.7
643692.2
643692.4
643695.5
643701.4
643779.5
644192.3
644925.1
645063.4
645066.5
645068.4
645188.5
653203.4
653307.5
654834.4
655139.5
655550.6
655551.212
655551.7
655634.2
655634.4
655656.5
655659.4
655769.5
656134.3
659737.1
661742.4
661813.5
661825.4
661826.5
661835.4
662062.5
662069.4
662079.5
662092.4
662139.5
663466.4
663570.5
664364.6
664365.212
664365.7
664489.2
664489.4
664497.5
664503.4
664567.5
664989.3
666094.4
666102.5
666118.4
666193.5
666198.4
666205.5
666213.4
666915.5
666932.1
666951.4
667098.5
667100.4
667102.5
667787.6
667788.212
667788.7
667883.2
667883.4
667928.5
668383.3
668615.1
669153.4
669158.5
669173.4
669227.5
669289.4
669812.5
671427.6
671428.212
671428.7
671692.2
671692.4
671723.5
672192.3
672812.4
672816.5
672826.4
672849.5
672850.4
672852.5
672854.4
672927.5
673294.4
673295.5
673310.4
673783.5
674330.4
674335.5
674343.4
674681.5
674888.1
675092.4
675101.5
676159.4
676160.5
676166.4
676175.5
676176.4
676385.5
676388.4
676505.5
677547.6
677548.212
677548.7
677654.2
677654.4
677734.5
678154.3
679116.4
679132.5
679137.4
679140.5
679480.4
679482.5
679483.4
679712.5
683994.4
684127.5
684178.4
684193.5
684422.1
685937.4
685942.5
685948.4
686069.5
689071.6
689072.212
689072.7
689153.2
689153.4
689234.5
689653.3
689832.4
689947.5
694392.1
699613.4
699621.5
699628.4
699662.5
708860.6
708861.212
708861.7
709019.2
709019.4
709118.5
709519.3
718142.1
719722.4
719929.5
723148.6
723149.212
723149.7
723250.2
723250.4
723351.5
723750.3
725048.1
740557.6
740558.212
740558.7
740880.6
740881.7
741404.2
741404.4
741493.5
741904.3
742869.4
743078.5
743193.4
743293.5
754383.4
754393.5
754399.4
754403.5
756766.1
758505.6
758506.212
758506.7
758654.2
758654.4
758740.5
759154.3
765422.1
778922.6
778923.212
778923.7
778987.2
778987.4
779052.5
779487.3
788110.1
792726.6
792727.212
792727.7
793031.2
793031.4
793037.5
793094.4
793195.5
793260.4
793278.5
793531.3
793968.6
793969.7
795474.1
796720.6
796721.212
796721.7
796761.6
796762.7
823967.6
823968.7
824291.6
824292.7
843371.6
843372.7
844648.6
844649.7
845386.6
845387.7
845856.6
845857.7
846042.6
846043.7
846135.6
846136.7
846195.6
846196.7
847057.6
847058.7
847183.6
847184.7
847401.6
847402.7
847409.6
847410.7
847594.2
847594.4
847653.5
848094.3
849111.4
849121.5
849130.4
849132.5
849135.4
849139.5
851697.1
852157.6
852158.212
852158.7
854274.2
854274.4
854280.5
854399.4
854470.5
854774.3
857133.4
857154.5
857156.4
857203.5
869636.1
873032.6
873033.212
873033.7
888772.6
888773.7
889080.6
889081.7
889191.6
889192.7
889507.6
889508.7
889519.6
889520.7
889725.6
889726.7
890302.2
890302.4
890443.5
890530.4
890558.5
890566.4
890739.5
890802.3
892100.1
893959.6
893960.212
893960.7
894354.2
894354.4
894430.5
894854.3
895935.4
896059.5
896651.4
896713.5
897550.1
904030.6
904031.212
904031.7
924488.6
924489.7
924663.6
924664.7
924672.6
924673.7
924692.6
924693.7
924836.6
924837.7
924977.6
924978.7
925048.6
925049.7
925180.6
925181.7
931250.6
931251.7
931255.6
931256.7
931356.6
931357.7
949523.2
949523.4
949531.5
950023.3
950255.1
952538.6
952539.212
952539.7
971032.2
971032.4
971066.5
971114.4
971211.5
971532.3
973420.4
973705.5
973707.4
973714.5
973716.4
973723.5
973725.4
973731.5
973735.4
973741.5
973895.4
973932.5
973938.4
974014.5
974607.4
974665.5
976271.1
992462.4
992508.5
992536.4
992565.5
992578.4
992601.5
992608.4
992619.5
992623.4
992777.5
1044667.4
1044879.5
1046384.6
1046385.212
1046385.7
1046532.2
1046532.4
1046621.5
1047032.3
1047765.1
1095428.6
1095429.212
1095429.7
1095736.2
1095736.4
1095877.5
1096236.3
1100975.1
1108533.6
1108534.212
1108534.7
1108544.6
1108545.7
1109373.6
1109374.7
1109390.6
1109391.7
1109486.6
1109487.7
1109552.6
1109553.7
1123868.2
1123868.4
1123869.5
1124368.3
1129762.4
1129867.5
1130636.1
1133880.6
1133881.212
1133881.7
1134333.6
1134334.7
1134531.6
1134532.7
1186877.2
1186877.4
1186906.5
1187185.4
1187377.3
1187455.5
1191575.4
1191713.5
1194786.4
1194797.5
1194808.4
1194897.5
1196000.1
1197543.4
1197586.5
1198399.6
1198400.212
1198400.7
1228287.2
1228287.4
1228327.5
1228466.4
1228527.5
1228787.3
1243649.1
1284320.4
1284327.5
1284328.4
1284358.5
1284388.4
1284480.5
1287261.4
1287266.5
1287282.4
1287382.5
1287959.4
1288115.5
1355672.4
1355761.5
1360676.4
1360825.5
1372609.4
1372658.5
1372683.4
1372840.5
1400462.6
1400463.212
1400463.7
1407746.6
1407747.7
1407777.6
1407778.7
1437144.2
1437144.4
1437163.5
1437255.4
1437272.5
1437287.4
1437290.5
1437291.4
1437362.5
1437644.3
1437876.1
1439588.4
1439593.5
1451725.4
1451729.5
1451732.4
1451867.5
1520840.4
1520945.5
1521902.6
1521903.212
1521903.7
1535651.2
1535651.4
1535655.5
1535658.4
1535739.5
1535750.4
1535762.5
1535818.4
1535831.5
1536151.3
1537449.1
1551519.6
1551520.212
1551520.7
1551667.2
1551667.4
1551778.5
1552167.3
1554863.1
1567760.6
1567761.212
1567761.7
1567860.2
1567860.4
1567902.5
1568303.4
1568360.3
1568573.5
1569093.1
1570880.6
1570881.212
1570881.7
1581082.6
1581083.7
1582578.2
1582578.4
1582584.5
1582585.4
1582593.5
1582615.4
1582617.5
1582745.4
1582820.5
1582821.4
1582844.5
1583078.3
1585021.1
1587679.6
1587680.212
1587680.7
1587748.6
1587749.7
1587895.6
1587896.7
1588381.2
1588381.4
1588465.5
1588881.3
1590002.4
1590077.5
1591659.4
1591675.5
1591676.4
1591840.5
1592484.1
1592716.4
1592735.5
1592788.4
1592901.5
1594378.4
1594495.5
1594578.4
1594673.5
1657228.4
1657275.5
1754846.4
1800000.9
123456789
7
18
15
7
18
15
11
FI
2
3
10
47
00
11
20
00
6
2
449
0
0
0
314159265
33
0
107
180000
314159265
0.1
26.4
257.5
876.4
879.5
881.4
917.5
3854.4
3941.5
5686.6
5687.212
5687.7
5896.2
5896.4
5949.5
6396.3
6852.4
6896.1
6959.5
8209.4
8212.5
8221.4
8235.5
8236.4
8244.5
8263.4
8276.5
8277.4
8439.5
10927.6
10928.212
10928.7
11089.2
11089.4
11125.5
11589.3
12089.1
14022.4
14228.5
16216.6
16217.212
16217.7
16450.2
16450.4
16482.5
16950.3
17219.4
17334.5
17450.1
18810.6
18811.212
18811.7
18930.6
18931.7
19014.2
19014.4
19099.5
19514.3
19735.4
19993.5
20014.1
20979.4
20980.5
21689.6
21690.212
21690.7
21826.2
21826.4
21886.5
22326.3
22526.4
22652.5
22772.4
22826.1
23011.5
23329.4
23524.5
23528.4
23831.5
24698.6
24699.212
24699.7
24868.2
24868.4
24973.5
25368.3
25475.4
25483.5
25496.4
25839.5
25868.1
26063.4
26317.5
29257.6
29258.212
29258.7
29269.6
29270.7
29289.6
29290.7
29443.2
29443.4
29485.5
29943.3
30142.4
30365.5
30443.1
30574.4
30618.5
31728.6
31729.212
31729.7
31900.6
31901.7
32180.2
32180.4
32242.5
32680.3
33048.4
33051.5
33058.4
33180.1
33407.5
34726.6
34727.212
34727.7
34893.2
34893.4
34899.5
34903.4
34939.5
35393.3
35893.1
38297.4
38306.5
38316.4
38421.5
40136.4
40143.5
41592.4
41613.5
41618.4
41925.5
43425.6
43426.212
43426.7
43565.2
43565.4
43692.5
44065.3
44527.4
44538.5
44545.4
44548.5
44558.4
44565.1
44584.5
44736.4
44785.5
44814.4
44906.5
46630.6
46631.212
46631.7
46799.2
46799.4
46850.5
47299.3
47774.4
47799.1
47799.5
48854.6
48855.212
48855.7
48863.6
48864.7
49062.6
49063.7
49224.6
49225.7
49316.6
49317.7
49574.2
49574.4
49641.5
50074.3
50574.1
51529.4
51549.5
51848.4
51919.5
54901.6
54902.212
54902.7
54909.6
54910.7
55024.2
55024.4
55103.5
55524.3
55833.4
55843.5
55851.4
56024.1
56353.5
56485.4
56647.5
56840.4
57020.5
57477.6
57478.212
57478.7
57488.6
57489.7
57766.2
57766.4
57806.5
58266.3
58330.4
58654.5
58766.1
59416.6
59417.212
59417.7
59422.6
59423.7
59554.2
59554.4
59645.5
60054.3
60554.1
60653.4
60658.5
60664.4
60805.5
60913.4
61232.5
61256.4
61515.5
62060.6
62061.212
62061.7
62067.6
62068.7
62224.2
62224.4
62323.5
62724.3
63224.1
63316.4
63471.5
63854.4
63863.5
63882.4
64136.5
64898.6
64899.212
64899.7
64907.6
64908.7
65011.2
65011.4
65098.5
65511.3
65776.4
65781.5
65797.4
65939.5
66011.1
67612.6
67613.212
67613.7
67623.6
67624.7
67846.2
67846.4
67914.5
68346.3
68634.4
68846.1
68926.5
69154.4
69263.5
69569.6
69570.212
69570.7
69580.6
69581.7
69738.2
69738.4
69822.5
70238.3
70563.4
70575.5
70576.4
70582.5
70599.4
70604.5
70616.4
70619.5
70624.4
70633.5
70738.1
71392.4
71592.5
72461.6
72462.212
72462.7
72471.6
72472.7
72791.2
72791.4
72862.5
73137.4
73231.5
73291.3
73702.4
73791.1
73884.5
76380.6
76381.212
76381.7
76504.2
76504.4
76514.5
76517.4
76581.5
77004.3
77504.1
79922.6
79923.212
79923.7
79932.6
79933.7
80057.2
80057.4
80093.5
80557.3
81057.1
83690.6
83691.212
83691.7
83919.2
83919.4
84018.5
84419.3
84919.1
87236.6
87237.212
87237.7
87408.2
87408.4
87444.5
87908.3
88408.1
90605.6
90606.212
90606.7
90748.2
90748.4
90785.5
91248.3
91748.1
94279.6
94280.212
94280.7
94381.2
94381.4
94432.5
94881.3
95381.1
103179.4
103220.5
103316.4
103410.5
103466.4
103483.5
122859.4
122881.5
123071.6
123072.212
123072.7
123161.2
123161.4
123217.5
123661.3
124161.1
126600.6
126601.212
126601.7
126727.2
126727.4
126771.5
127227.3
127727.1
131110.6
131111.212
131111.7
131229.2
131229.4
131294.5
131729.3
132229.1
150200.4
150410.5
150981.6
150982.212
150982.7
151083.2
151083.4
151095.5
151112.4
151151.5
151583.3
151802.4
152083.1
152111.5
152194.4
152198.5
152201.4
152243.5
152454.6
152455.212
152455.7
152560.2
152560.4
152567.5
152575.4
152656.5
153060.3
153560.1
155065.6
155066.212
155066.7
155171.2
155171.4
155218.5
155671.3
156171.1
174768.6
174769.212
174769.7
174888.2
174888.4
174939.5
175388.3
180000.9
123456789
7
19
15
7
19
15
11
FI
2
3
10
46
54
11
19
54
6
2
335
0
0
0
314159265
29
0
78
180000
314159265
0.1
2656.4
2786.5
3770.6
3771.212
3771.7
3876.2
3876.4
3928.5
4376.3
4853.4
4876.1
5547.5
5570.4
6347.5
6485.4
6929.5
7054.4
7242.5
9441.6
9442.212
9442.7
9527.2
9527.4
9559.5
10027.3
10289.4
10316.5
10527.1
11004.6
11005.212
11005.7
11102.2
11102.4
11117.5
11122.4
11167.5
11602.3
12102.1
12828.6
12829.212
12829.7
12915.2
12915.4
12919.5
12922.4
12943.5
13415.3
13915.1
14096.4
14115.5
14539.6
14540.212
14540.7
14635.2
14635.4
14693.5
15135.3
15341.4
15350.5
15354.4
15440.5
15564.4
15567.5
15571.4
15635.1
15832.5
16206.6
16207.212
16207.7
16216.6
16217.7
16320.2
16320.4
16332.5
16333.4
16468.5
16820.3
17059.4
17215.5
17320.1
17710.6
17711.212
17711.7
17814.2
17814.4
17862.5
18314.3
18388.4
18470.5
18814.1
18939.4
19356.5
19471.6
19472.212
19472.7
19580.2
19580.4
19667.5
20080.3
20580.1
20806.6
20807.212
20807.7
20884.2
20884.4
20885.5
20887.4
20891.5
20897.4
20967.5
21384.3
21884.1
22375.6
22376.212
22376.7
22456.2
22456.4
22509.5
22956.3
23188.4
23194.5
23205.4
23291.5
23456.1
23475.4
23589.5
23943.6
23944.212
23944.7
24052.2
24052.4
24105.5
24552.3
25052.1
25163.4
25372.5
25595.6
25596.212
25596.7
25715.2
25715.4
25750.5
26215.3
26715.1
26954.6
26955.212
26955.7
27057.2
27057.4
27148.5
27557.3
28057.1
28066.6
28067.212
28067.7
28204.2
28204.4
28262.5
28704.3
29204.1
29699.6
29700.212
29700.7
29790.2
29790.4
29860.5
30290.3
30790.1
31195.6
31196.212
31196.7
31300.2
31300.4
31332.5
31800.3
32017.4
32300.1
32364.5
32958.6
32959.212
32959.7
33066.2
33066.4
33108.5
33566.3
34066.1
34439.6
34440.212
34440.7
34526.2
34526.4
34566.5
35026.3
35526.1
35770.6
35771.212
35771.7
35873.2
35873.4
35879.5
35887.4
35922.5
36373.3
36873.1
37434.6
37435.212
37435.7
37540.2
37540.4
37576.5
38040.3
38540.1
38763.6
38764.212
38764.7
38869.2
38869.4
38942.5
39369.3
39869.1
40135.6
40136.212
40136.7
40243.2
40243.4
40325.5
40743.3
41243.1
41323.4
41325.5
41328.4
41330.5
41334.4
41558.5
43733.4
43866.5
43868.4
43879.5
55643.6
55644.212
55644.7
55748.2
55748.4
55843.5
56248.3
56748.1
57882.4
57886.5
57905.4
57906.5
58116.6
58117.212
58117.7
58208.2
58208.4
58250.5
58708.3
59041.4
59125.5
59208.1
59322.4
59567.5
101827.6
101828.212
101828.7
101895.2
101895.4
101974.5
102395.3
102717.4
102807.5
102895.1
103852.4
103861.5
103865.4
104130.5
104778.6
104779.212
104779.7
104868.2
104868.4
104914.5
105368.3
105868.1
106681.4
107006.5
107012.4
107016.5
107027.4
107129.5
107503.4
107510.5
107514.4
107521.5
107523.4
107674.5
108452.6
108453.212
108453.7
108546.2
108546.4
108612.5
109046.3
109546.1
110161.6
110162.212
110162.7
110233.2
110233.4
110289.5
110733.3
111233.1
111378.4
111383.5
111394.4
111454.5
111797.4
111975.5
121508.6
121509.212
121509.7
121590.2
121590.4
121641.5
122090.3
122590.1
156967.4
157240.5
162337.4
162354.5
162360.4
180000.9
123456789
7
20
15
7
20
15
11
FI
2
3
10
48
22
11
21
22
6
2
687
0
0
0
314159265
60
0
149
180000
314159265
0.1
800.6
801.212
801.7
863.2
863.4
867.5
872.4
1056.5
1191.4
1208.5
1210.4
1215.5
1219.4
1245.5
1363.3
1863.1
1970.4
2293.5
2775.4
2969.5
4582.6
4583.212
4583.7
4657.2
4657.4
4706.5
5157.3
5407.4
5410.5
5443.4
5534.5
5657.1
6388.6
6389.212
6389.7
6507.2
6507.4
6582.5
7007.3
7031.4
7153.5
7294.4
7507.1
7940.5
8044.6
8045.212
8045.7
8122.2
8122.4
8201.5
8622.3
8831.4
9034.5
9122.1
9130.6
9131.212
9131.7
9204.2
9204.4
9208.5
9214.4
9277.5
9704.3
9768.4
9776.5
9832.4
9967.5
10204.1
10315.6
10316.212
10316.7
10426.2
10426.4
10470.5
10926.3
11404.6
11405.7
11426.1
11497.4
11503.5
11504.4
11726.5
11802.6
11803.212
11803.7
11899.2
11899.4
11935.5
12399.3
12772.6
12773.7
12899.1
12960.6
12961.212
12961.7
13075.2
13075.4
13141.5
13575.3
13895.6
13896.7
14075.1
14115.6
14116.212
14116.7
14212.2
14212.4
14275.5
14712.3
14889.6
14890.7
14976.6
14977.7
15139.4
15171.5
15212.1
15237.6
15238.212
15238.7
15332.2
15332.4
15384.5
15790.4
15794.5
15795.4
15803.5
15804.4
15832.3
15910.5
16099.4
16103.5
16105.4
16299.5
16315.4
16332.1
16367.5
16455.6
16456.212
16456.7
16565.2
16565.4
16627.5
17065.3
17189.4
17195.5
17203.4
17214.5
17215.4
17232.5
17388.4
17530.5
17565.1
17624.6
17625.212
17625.7
17745.2
17745.4
17803.5
18245.3
18745.1
18822.6
18823.212
18823.7
18916.2
18916.4
19004.5
19416.3
19916.1
19972.6
19973.212
19973.7
20075.2
20075.4
20109.5
20575.3
20995.6
20996.7
21051.6
21052.7
21075.1
21208.6
21209.212
21209.7
21288.2
21288.4
21383.5
21788.3
22288.1
22415.6
22416.212
22416.7
22499.2
22499.4
22538.5
22999.3
23499.1
23559.6
23560.212
23560.7
23652.2
23652.4
23732.5
24152.3
24652.1
24819.6
24820.212
24820.7
24892.2
24892.4
24898.5
24913.4
24978.5
25392.3
25881.6
25882.7
25892.1
26095.6
26096.212
26096.7
26202.2
26202.4
26244.5
26451.4
26518.5
26702.3
27202.1
27309.4
27321.5
27437.6
27438.212
27438.7
27448.6
27449.7
27547.2
27547.4
27585.5
28047.3
28393.6
28394.7
28460.6
28461.7
28544.6
28545.7
28547.1
28822.6
28823.212
28823.7
28999.2
28999.4
29087.5
29499.3
29918.6
29919.7
29999.1
30009.6
30010.212
30010.7
30093.2
30093.4
30107.5
30138.4
30140.5
30141.4
30188.5
30593.3
31093.1
31365.6
31366.212
31366.7
31454.2
31454.4
31508.5
31954.3
32097.4
32102.5
32145.4
32146.5
32148.4
32279.5
32454.1
35369.6
35370.212
35370.7
35451.2
35451.4
35505.5
35951.3
36451.1
36785.6
36786.212
36786.7
36858.2
36858.4
36860.5
36861.4
36900.5
37358.3
37858.1
38055.6
38056.212
38056.7
38130.2
38130.4
38176.5
38630.3
39130.1
39266.6
39267.212
39267.7
39367.2
39367.4
39399.5
39867.3
40367.1
40629.6
40630.212
40630.7
40719.2
40719.4
40772.5
41219.3
41719.1
42075.6
42076.212
42076.7
42158.2
42158.4
42203.5
42658.3
42840.4
42852.5
42857.4
42858.5
42861.4
42869.5
42877.4
42883.5
42900.4
43018.5
43158.1
43443.4
43622.5
43867.6
43868.212
43868.7
43973.2
43973.4
44011.5
44473.3
44973.1
45219.4
45304.5
45389.6
45390.212
45390.7
45499.2
45499.4
45527.5
45999.3
46499.1
46795.6
46796.212
46796.7
46900.2
46900.4
46946.5
47400.3
47900.1
48105.6
48106.212
48106.7
48207.2
48207.4
48252.5
48460.4
48550.5
48707.3
49207.1
49657.4
49669.5
49679.4
49681.5
49713.4
49946.5
49974.4
50160.5
50273.4
50478.5
50856.4
51041.5
51104.4
51538.5
51572.4
51613.5
51719.6
51720.212
51720.7
51836.2
51836.4
51907.5
52301.4
52318.5
52324.4
52336.3
52387.5
52836.1
56279.4
56287.5
56355.4
56360.5
56375.4
56385.5
56404.4
56521.5
57313.6
57314.212
57314.7
57403.2
57403.4
57463.5
57903.3
58153.4
58162.5
58170.4
58381.5
58403.1
59046.6
59047.212
59047.7
59139.2
59139.4
59174.5
59639.3
60139.1
60368.6
60369.212
60369.7
60470.2
60470.4
60546.5
60970.3
61470.1
61938.6
61939.212
61939.7
62034.2
62034.4
62109.5
62534.3
63034.1
63764.6
63765.212
63765.7
63856.2
63856.4
63897.5
64356.3
64856.1
65431.6
65432.212
65432.7
65531.2
65531.4
65585.5
66031.3
66531.1
67648.6
67649.212
67649.7
67732.2
67732.4
67769.5
68232.3
68732.1
69231.6
69232.212
69232.7
69315.2
69315.4
69400.5
69815.3
70315.1
70834.6
70835.212
70835.7
70917.2
70917.4
70952.5
71417.3
71917.1
72774.6
72775.212
72775.7
72856.2
72856.4
72894.5
73356.3
73802.4
73856.1
73878.5
74121.4
74169.5
74512.4
74530.5
74539.4
74547.5
74555.4
74700.5
76244.6
76245.212
76245.7
76333.2
76333.4
76388.5
76833.3
77333.1
83245.6
83246.212
83246.7
83339.2
83339.4
83348.5
83349.4
83424.5
83839.3
84339.1
85062.6
85063.212
85063.7
85145.2
85145.4
85216.5
85645.3
86145.1
87398.6
87399.212
87399.7
87485.2
87485.4
87516.5
87985.3
88485.1
89538.4
89720.5
89892.6
89893.212
89893.7
89957.2
89957.4
89993.5
90457.3
90957.1
91832.6
91833.212
91833.7
91906.2
91906.4
91919.5
91921.4
91987.5
92406.3
92906.1
93575.6
93576.212
93576.7
93657.2
93657.4
93673.5
93679.4
93750.5
94157.3
94432.4
94515.5
94657.1
94784.4
94882.5
95012.6
95013.212
95013.7
95098.2
95098.4
95206.5
95598.3
96098.1
98205.6
98206.212
98206.7
98304.2
98304.4
98369.5
98804.3
99304.1
109492.4
109499.5
109506.4
109623.5
120001.6
120002.212
120002.7
120114.2
120114.4
120116.5
120121.4
120144.5
120614.3
121114.1
122599.6
122600.212
122600.7
122668.2
122668.4
122705.5
122711.4
122815.5
123168.3
123373.4
123466.5
123668.1
125582.6
125583.212
125583.7
125656.2
125656.4
125693.5
126156.3
126656.1
126831.4
126842.5
126844.4
126850.5
126852.4
126923.5
127270.4
127291.5
127295.4
127306.5
128698.6
128699.212
128699.7
128806.2
128806.4
128834.5
129306.3
129806.1
149469.4
149720.5
149895.6
149896.212
149896.7
149985.2
149985.4
150020.5
150485.3
150985.1
151846.4
151848.5
151849.4
151884.5
151992.6
151993.212
151993.7
152057.2
152057.4
152060.5
152062.4
152133.5
152557.3
153057.1
153157.4
153167.5
153170.4
153277.5
153811.4
154055.5
154438.4
154523.5
154654.6
154655.212
154655.7
154724.2
154724.4
154809.5
155224.3
180000.9
123456789
7
21
15
7
21
15
11
FI
2
3
10
48
33
11
21
33
6
2
413
0
0
0
314159265
36
0
97
180000
314159265
0.1
633.6
634.212
634.7
727.2
727.4
817.5
1227.3
1727.1
2140.6
2141.212
2141.7
2225.2
2225.4
2309.5
2725.3
3225.1
3477.6
3478.212
3478.7
3549.2
3549.4
3613.5
4049.3
4549.1
4738.6
4739.212
4739.7
4807.2
4807.4
4809.5
4812.4
4889.5
5307.3
5807.1
6050.6
6051.212
6051.7
6125.2
6125.4
6128.5
6131.4
6224.5
6625.3
7125.1
7439.6
7440.212
7440.7
7526.2
7526.4
7546.5
7570.4
7623.5
8026.3
8526.1
9108.6
9109.212
9109.7
9192.2
9192.4
9196.5
9199.4
9279.5
9692.3
10192.1
10937.6
10938.212
10938.7
11013.2
11013.4
11024.5
11027.4
11031.5
11032.4
11083.5
11513.3
12013.1
12452.6
12453.212
12453.7
12535.2
12535.4
12570.5
13035.3
13535.1
13905.4
13909.5
13913.4
13980.5
15178.6
15179.212
15179.7
15258.2
15258.4
15317.5
15758.3
16258.1
17949.6
17950.212
17950.7
18042.2
18042.4
18112.5
18542.3
19042.1
19861.6
19862.212
19862.7
19933.2
19933.4
19972.5
20433.3
20933.1
21780.6
21781.212
21781.7
21858.2
21858.4
21914.5
21955.4
22012.5
22358.3
22858.1
24319.6
24320.212
24320.7
24386.2
24386.4
24392.5
24406.4
24478.5
24886.3
25386.1
26778.6
26779.212
26779.7
26856.2
26856.4
26892.5
27356.3
27856.1
28383.4
28401.5
28408.4
28419.5
28421.4
28481.5
33767.6
33768.212
33768.7
33842.2
33842.4
33847.5
33848.4
34324.5
34342.3
34842.1
36400.4
36410.5
36420.4
36562.5
36737.6
36738.212
36738.7
36814.2
36814.4
36855.5
37314.3
37814.1
37871.4
37878.5
37884.4
37915.5
37917.4
38041.5
39219.6
39220.212
39220.7
39289.2
39289.4
39292.5
39296.4
39299.5
39303.4
39380.5
39789.3
40289.1
41945.6
41946.212
41946.7
42008.2
42008.4
42050.5
42508.3
43008.1
44664.6
44665.212
44665.7
44734.2
44734.4
44847.5
45234.3
45734.1
47272.6
47273.212
47273.7
47374.2
47374.4
47413.5
47874.3
48374.1
57329.4
57661.5
58510.4
58787.5
64047.4
64123.5
64349.6
64350.212
64350.7
64418.2
64418.4
64420.5
64426.4
64600.5
64642.4
64682.5
64918.3
65418.1
76811.6
76812.212
76812.7
76890.2
76890.4
76944.5
76964.4
77064.5
77390.3
77890.1
80073.6
80074.212
80074.7
80163.2
80163.4
80220.5
80224.4
80235.5
80251.4
80298.5
80663.3
81163.1
82390.6
82391.212
82391.7
82462.2
82462.4
82519.5
82962.3
83462.1
83612.4
83620.5
83625.4
83635.5
83646.4
83750.5
84456.4
84468.5
84547.4
85164.5
86076.6
86077.212
86077.7
86148.2
86148.4
86165.5
86174.4
86227.5
86648.3
87148.1
87634.4
87822.5
87954.4
88109.5
88666.4
88672.5
88694.4
88698.5
88700.4
89052.5
99319.6
99320.212
99320.7
99405.2
99405.4
99454.5
99905.3
100405.1
101514.4
101529.5
101535.4
101578.5
101608.4
101616.5
101905.6
101906.212
101906.7
101956.2
101956.4
102027.5
102456.3
102956.1
103629.4
103717.5
104254.4
104404.5
105234.6
105235.212
105235.7
105310.2
105310.4
105327.5
105345.4
105426.5
105810.3
106310.1
108652.6
108653.212
108653.7
108720.2
108720.4
108745.5
108762.4
108816.5
109220.3
109720.1
123279.6
123280.212
123280.7
123352.2
123352.4
123420.5
123852.3
124352.1
124776.4
124891.5
126234.6
126235.212
126235.7
126315.2
126315.4
126368.5
126815.3
127315.1
128072.4
128075.5
128078.4
128089.5
128114.4
128118.5
128130.4
128316.5
128341.4
128426.5
140890.6
140891.212
140891.7
141001.2
141001.4
141012.5
141013.4
141067.5
141501.3
142001.1
142707.4
142708.5
142709.4
143073.5
143429.6
143430.212
143430.7
143539.2
143539.4
143600.5
144039.3
144539.1
145410.6
145411.212
145411.7
145488.2
145488.4
145501.5
145513.4
145520.5
145523.4
145571.5
145988.3
146488.1
165190.6
165191.212
165191.7
165271.2
165271.4
165293.5
165314.4
165411.5
165771.3
166271.1
167349.4
167353.5
167366.4
180000.9
123456789
7
22
15
7
22
15
11
FI
2
3
10
52
54
11
25
54
6
2
323
0
0
0
314159265
29
0
68
180000
314159265
0.1
967.6
968.212
968.7
1020.2
1020.4
1095.5
1520.3
2020.1
2207.6
2208.212
2208.7
2275.2
2275.4
2335.5
2775.3
3081.6
3082.7
3174.6
3175.7
3275.1
3276.4
3536.5
3633.6
3634.212
3634.7
3714.2
3714.4
3773.5
4214.3
4703.6
4704.7
4714.1
5012.6
5013.212
5013.7
5079.2
5079.4
5082.5
5092.4
5136.5
5579.3
6079.1
6189.6
6190.212
6190.7
6246.2
6246.4
6310.5
6746.3
7246.1
7313.6
7314.212
7314.7
7381.2
7381.4
7468.5
7881.3
8381.1
8566.6
8567.212
8567.7
8629.2
8629.4
8794.5
9129.3
9629.1
9758.6
9759.212
9759.7
9846.2
9846.4
9902.5
10346.3
10846.1
11204.6
11205.212
11205.7
11302.2
11302.4
11398.5
11802.3
12302.1
12481.4
12495.5
12502.4
12617.5
12818.4
13034.5
13199.6
13200.212
13200.7
13259.2
13259.4
13310.5
13759.3
14259.1
14735.6
14736.212
14736.7
14807.2
14807.4
14842.5
15307.3
15807.1
15900.6
15901.212
15901.7
15968.2
15968.4
16006.5
16468.3
16968.1
17350.4
17359.5
17447.6
17448.212
17448.7
17534.2
17534.4
17587.5
18034.3
18534.1
18675.4
18734.5
19214.4
19291.5
19403.6
19404.212
19404.7
19480.2
19480.4
19511.5
19980.3
20480.1
21413.6
21414.212
21414.7
21517.2
21517.4
21590.5
22017.3
22517.1
23160.6
23161.212
23161.7
23248.2
23248.4
23286.5
23748.3
24248.1
25015.6
25016.212
25016.7
25086.2
25086.4
25136.5
25586.3
26086.1
26992.6
26993.212
26993.7
27083.2
27083.4
27142.5
27583.3
28083.1
29174.6
29175.212
29175.7
29273.2
29273.4
29328.5
29773.3
30273.1
30894.4
30896.5
30901.4
31008.5
31119.6
31120.212
31120.7
31186.2
31186.4
31257.5
31686.3
32186.1
32629.4
32702.5
33373.4
33878.5
34060.6
34061.212
34061.7
34132.2
34132.4
34180.5
34632.3
35132.1
35345.4
35350.5
35359.4
35607.5
36387.4
36923.5
37538.6
37539.212
37539.7
37609.2
37609.4
37625.5
37628.4
37679.5
38109.3
38609.1
39354.4
39358.5
39363.4
39700.5
39761.4
39848.5
39976.6
39977.212
39977.7
40050.2
40050.4
40144.5
40550.3
41050.1
46232.6
46233.212
46233.7
46289.2
46289.4
46303.5
46308.4
46382.5
46789.3
47289.1
59252.6
59253.212
59253.7
59313.2
59313.4
59392.5
59398.4
59523.5
59813.3
60208.4
60313.1
60347.5
70170.4
70263.5
78831.4
78847.5
79140.6
79141.212
79141.7
79201.2
79201.4
79227.5
79701.3
80201.1
82327.4
82411.5
82620.6
82621.212
82621.7
94128.6
94129.7
94257.6
94258.7
94538.2
94538.4
94561.5
94563.4
94608.5
95038.3
95538.1
101021.4
101102.5
101773.4
101874.5
102324.4
102422.5
104408.4
104990.5
133646.4
133864.5
134117.6
134118.212
134118.7
134160.2
134160.4
134234.5
134385.4
134393.5
134395.4
134400.5
134419.4
134425.5
134436.4
134559.5
134660.3
135160.1
136007.4
136025.5
136054.4
136136.5
137723.6
137724.212
137724.7
137791.2
137791.4
137793.5
137795.4
137888.5
138291.3
138791.1
168765.4
180000.9
123456789
7
23
15
7
23
15
11
FI
2
3
10
45
48
11
18
48
6
2
381
0
0
0
314159265
32
0
88
180000
314159265
0.1
33.6
34.212
34.7
79.2
79.4
80.5
97.4
553.5
579.3
1079.1
1868.4
1909.5
1991.6
1992.212
1992.7
2044.2
2044.4
2055.5
2077.4
2114.5
2544.3
2580.4
2684.5
3044.1
3133.4
3140.5
3151.4
3435.5
3464.4
3538.5
3628.6
3629.212
3629.7
3705.2
3705.4
3783.5
4205.3
4705.1
4717.6
4718.212
4718.7
4780.2
4780.4
4817.5
5280.3
5769.6
5770.7
5780.1
5845.4
6047.5
6147.6
6148.212
6148.7
6221.2
6221.4
6224.5
6225.4
6293.5
6420.4
6486.5
6573.4
6721.3
6757.5
7100.4
7217.5
7221.1
7302.6
7303.212
7303.7
7360.2
7360.4
7361.5
7363.4
7369.5
7372.4
7415.5
7860.3
8138.6
8139.7
8231.6
8232.7
8360.1
8728.6
8729.212
8729.7
8797.2
8797.4
8836.5
9297.3
9447.4
9693.5
9797.1
9868.4
9869.5
9870.4
10006.5
10103.6
10104.212
10104.7
10183.2
10183.4
10224.5
10683.3
11183.1
11187.6
11188.212
11188.7
11248.2
11248.4
11288.5
11748.3
12248.1
12631.6
12632.212
12632.7
12687.2
12687.4
12752.5
13187.3
13687.1
13878.6
13879.212
13879.7
13941.2
13941.4
13975.5
14441.3
14941.1
15060.6
15061.212
15061.7
15125.2
15125.4
15199.5
15466.4
15577.5
15625.3
16125.1
16765.6
16766.212
16766.7
16824.2
16824.4
16926.5
17324.3
17824.1
17982.6
17983.212
17983.7
18067.2
18067.4
18138.5
18567.3
19067.1
19274.4
19278.5
19282.4
19411.5
19525.6
19526.212
19526.7
19585.2
19585.4
19593.5
19597.4
19603.5
19604.4
19643.5
20085.3
20585.1
20934.6
20935.212
20935.7
20991.2
20991.4
21109.5
21491.3
21956.6
21957.7
21991.1
22011.6
22012.212
22012.7
22067.2
22067.4
22114.5
22567.3
22923.4
23005.5
23067.1
23803.4
23815.5
23822.4
24166.5
25809.6
25810.212
25810.7
25872.2
25872.4
25948.5
26372.3
26872.1
27119.6
27120.212
27120.7
27173.2
27173.4
27268.5
27673.3
27726.4
27780.5
28173.1
28788.6
28789.212
28789.7
28842.2
28842.4
28900.5
29342.3
29478.4
29530.5
29842.1
30528.4
30827.5
30948.6
30949.212
30949.7
31009.2
31009.4
31076.5
31509.3
32009.1
32333.6
32334.212
32334.7
32404.2
32404.4
32438.5
32904.3
33404.1
33605.4
33818.5
34537.6
34538.212
34538.7
34594.2
34594.4
34672.5
35094.3
35594.1
36157.6
36158.212
36158.7
36225.2
36225.4
36314.5
36498.4
36502.5
36507.4
36571.5
36725.3
37225.1
37836.4
37852.5
37853.4
38004.5
38105.6
38106.212
38106.7
38162.2
38162.4
38237.5
38547.4
38627.5
38662.3
39162.1
39897.6
39898.212
39898.7
39985.2
39985.4
39988.5
39993.4
40090.5
40485.3
40985.1
42055.6
42056.212
42056.7
42139.2
42139.4
42233.5
42639.3
43139.1
44539.6
44540.212
44540.7
44623.2
44623.4
44702.5
45123.3
45623.1
52395.4
52622.5
52861.4
53134.5
73781.6
73782.212
73782.7
73889.2
73889.4
73971.5
73972.4
74076.5
74389.3
74889.1
79287.4
79342.5
79377.4
79499.5
83644.4
83680.5
90689.4
90998.5
91470.6
91471.212
91471.7
91761.2
91761.4
91855.5
92261.3
92761.1
96466.4
96516.5
96755.6
96756.212
96756.7
96969.6
96970.7
100447.2
100447.4
100560.5
100947.3
101447.1
101812.4
101941.5
113811.4
113817.5
113850.4
113970.5
116842.4
116970.5
129283.4
129351.5
130485.4
130595.5
132971.4
133051.5
154298.4
154452.5
167904.4
167907.5
167912.4
168094.5
168152.4
168449.5
168745.4
169184.5
170316.4
170671.5
172410.6
172411.212
172411.7
172470.2
172470.4
172564.5
172970.3
180000.9
123456789
7
24
15
7
24
15
11
FI
2
3
10
49
04
11
22
04
6
2
373
0
0
0
314159265
34
0
82
180000
314159265
0.1
1.6
2.212
2.7
57.2
57.4
59.5
85.4
132.5
557.3
1057.1
1402.6
1403.212
1403.7
1460.2
1460.4
1579.5
1960.3
2460.1
2573.6
2574.212
2574.7
2642.2
2642.4
2644.5
2646.4
2687.5
3142.3
3300.4
3470.5
3642.1
3707.4
3738.5
3746.4
3840.5
3974.6
3975.212
3975.7
4033.2
4033.4
4075.5
4533.3
5033.1
5236.6
5237.212
5237.7
5298.2
5298.4
5357.5
5798.3
6298.1
6433.6
6434.212
6434.7
6493.2
6493.4
6569.5
6993.3
7493.1
7878.6
7879.212
7879.7
7969.2
7969.4
7977.5
7980.4
7981.5
7982.4
8029.5
8469.3
8969.1
9078.4
9080.5
9093.4
9300.5
10037.6
10038.212
10038.7
10100.2
10100.4
10172.5
10600.3
11100.1
13582.6
13583.212
13583.7
13655.2
13655.4
13697.5
14155.3
14655.1
15238.6
15239.212
15239.7
15291.2
15291.4
15376.5
15791.3
16291.1
17030.6
17031.212
17031.7
17115.2
17115.4
17163.5
17615.3
18115.1
19041.6
19042.212
19042.7
19124.2
19124.4
19126.5
19127.4
19195.5
19624.3
20124.1
20746.6
20747.212
20747.7
20808.2
20808.4
20821.5
20825.4
20859.5
21308.3
21808.1
22471.4
22633.5
23819.6
23820.212
23820.7
23880.2
23880.4
23883.5
23885.4
23933.5
24380.3
24880.1
25837.4
25846.5
25847.4
25851.5
25854.4
25986.5
26111.6
26112.212
26112.7
26183.2
26183.4
26230.5
26683.3
27183.1
28521.6
28522.212
28522.7
28622.2
28622.4
28661.5
29122.3
29622.1
30853.6
30854.212
30854.7
30945.2
30945.4
30983.5
31445.3
31945.1
33239.6
33240.212
33240.7
33312.2
33312.4
33416.5
33812.3
34312.1
36703.4
36779.5
37001.4
37004.5
37006.4
37133.5
37288.6
37289.212
37289.7
37501.2
37501.4
37549.5
38001.3
38501.1
39353.6
39354.212
39354.7
39416.2
39416.4
39506.5
39916.3
40416.1
41503.6
41504.212
41504.7
41565.2
41565.4
41623.5
42065.3
42565.1
44278.6
44279.212
44279.7
44341.2
44341.4
44437.5
44841.3
45341.1
50683.6
50684.212
50684.7
50803.2
50803.4
50816.5
50822.4
50868.5
51303.3
51803.1
57985.4
58638.5
58639.4
58649.5
64864.4
64866.5
64882.4
64935.5
65672.6
65673.212
65673.7
65761.2
65761.4
65864.5
66261.3
66761.1
74539.6
74540.212
74540.7
74638.2
74638.4
74715.5
75045.4
75058.5
75064.4
75067.5
75071.4
75122.5
75138.3
75638.1
79867.4
79953.5
95275.6
95276.212
95276.7
95340.2
95340.4
95344.5
95349.4
95482.5
95840.3
96340.1
103565.6
103566.212
103566.7
103636.2
103636.4
103740.5
104136.3
104636.1
105735.4
105765.5
105789.4
106022.5
106131.4
106342.5
111766.4
112224.5
112653.4
113084.5
115160.4
115454.5
115772.6
115773.212
115773.7
115869.2
115869.4
115947.5
116369.3
116869.1
117793.4
117795.5
117796.4
117893.5
118292.4
118296.5
118298.4
118380.5
129557.4
129641.5
131326.6
131327.212
131327.7
131393.2
131393.4
131441.5
131893.3
132393.1
133534.6
133535.212
133535.7
133608.2
133608.4
133657.5
134108.3
134608.1
141968.6
141969.212
141969.7
142043.2
142043.4
142096.5
142543.3
143043.1
147707.6
147708.212
147708.7
147777.2
147777.4
147852.5
148277.3
148777.1
158441.4
158788.5
159020.6
159021.212
159021.7
159367.6
159368.7
160728.2
160728.4
160825.5
161228.3
161728.1
170067.4
170214.5
170319.4
170343.5
173526.4
173530.5
173542.4
173575.5
173583.4
173584.5
173586.4
173630.5
176777.4
177415.5
177584.6
177585.212
177585.7
177670.2
177670.4
177738.5
178170.3
180000.9
123456789
7
25
15
7
25
15
11
FI
2
3
10
54
09
11
27
09
6
2
331
0
0
0
314159265
29
0
73
180000
314159265
0.1
503.6
504.212
504.7
553.2
553.4
610.5
1053.3
1461.6
1462.7
1551.4
1553.1
1598.5
1599.4
1605.5
1613.4
1672.5
1773.6
1774.212
1774.7
1819.2
1819.4
1886.5
2319.3
2819.1
3131.6
3132.212
3132.7
3185.2
3185.4
3307.5
3685.3
4185.1
4634.6
4635.212
4635.7
4694.2
4694.4
4785.5
4787.4
4793.5
4811.4
4857.5
5194.3
5694.1
6132.6
6133.212
6133.7
6186.2
6186.4
6233.5
6686.3
7186.1
7416.4
7422.5
7430.4
7499.5
8641.6
8642.212
8642.7
8713.2
8713.4
8797.5
9213.3
9713.1
10376.4
10412.5
10416.4
10592.5
10960.6
10961.212
10961.7
11036.2
11036.4
11105.5
11536.3
12036.1
12518.4
12524.5
12531.4
13155.5
13285.6
13286.212
13286.7
13357.2
13357.4
13411.5
13857.3
14357.1
15412.6
15413.212
15413.7
15473.2
15473.4
15536.5
15973.3
16473.1
17039.4
17045.5
17060.4
17175.5
17466.6
17467.212
17467.7
17529.2
17529.4
17581.5
18029.3
18529.1
19405.4
19407.5
21610.6
21611.212
21611.7
21684.2
21684.4
21689.5
21695.4
21762.5
22184.3
22684.1
22764.4
22824.5
23469.6
23470.212
23470.7
23554.6
23555.7
23628.2
23628.4
23664.5
24128.3
24628.1
25850.6
25851.212
25851.7
25910.2
25910.4
25944.5
26410.3
26910.1
28911.6
28912.212
28912.7
28998.2
28998.4
29041.5
29498.3
29998.1
33777.6
33778.212
33778.7
33848.2
33848.4
33876.5
33879.4
33962.5
34348.3
34848.1
35705.6
35706.212
35706.7
35791.2
35791.4
35881.5
36291.3
36791.1
38552.6
38553.212
38553.7
38628.2
38628.4
38700.5
39128.3
39628.1
43618.6
43619.212
43619.7
43693.2
43693.4
43694.5
43712.4
43734.5
44193.3
44693.1
48430.6
48431.212
48431.7
48519.2
48519.4
48523.5
48536.4
48595.5
49019.3
49519.1
62395.6
62396.212
62396.7
62543.2
62543.4
62600.5
63043.3
63543.1
64588.4
64605.5
64619.4
64702.5
80821.6
80822.212
80822.7
80908.2
80908.4
80960.5
81408.3
81908.1
84774.4
84778.5
84789.4
84793.5
84841.4
84898.5
85924.4
86082.5
86254.4
86283.5
86811.6
86812.212
86812.7
86904.6
86905.7
87048.2
87048.4
87118.5
87548.3
88048.1
88378.4
88912.5
89018.6
89019.212
89019.7
89079.2
89079.4
89130.5
89579.3
90079.1
90944.6
90945.212
90945.7
91000.2
91000.4
91012.5
91013.4
91052.5
91500.3
91630.4
91704.5
92000.1
93378.4
93657.5
94004.6
94005.212
94005.7
94054.2
94054.4
94057.5
94059.4
94125.5
94554.3
95054.1
101763.6
101764.212
101764.7
101832.2
101832.4
101922.5
102332.3
102832.1
110317.4
110325.5
110328.4
110400.5
110727.4
111378.5
120848.4
120862.5
120921.4
121037.5
121939.6
121940.212
121940.7
121947.6
121948.7
124813.2
124813.4
124881.5
124945.4
125033.5
125313.3
125813.1
126601.4
126615.5
126635.4
126724.5
154482.6
154483.212
154483.7
154532.2
154532.4
154539.5
154543.4
154628.5
155032.3
155532.1
157660.4
157798.5
168695.4
168792.5
169074.6
169075.212
169075.7
169130.2
169130.4
169138.5
169630.3
170130.1
173396.4
173398.5
173407.4
180000.9
123456789
7
26
15
7
26
15
11
FI
2
3
10
47
01
11
20
01
6
2
321
0
0
0
314159265
27
1
76
180000
314159265
0.1
134.6
135.212
135.7
224.2
224.4
227.5
241.4
269.5
724.3
1224.1
1740.4
1759.5
1777.4
1825.5
1950.6
1951.212
1951.7
2035.2
2035.4
2062.5
2535.3
3035.1
3226.6
3227.212
3227.7
3308.2
3308.4
3361.5
3526.4
3599.5
3808.3
4308.1
4784.4
5084.5
5278.6
5279.212
5279.7
5335.2
5335.4
5336.5
5339.4
5359.5
5361.4
5582.5
5835.3
6335.1
6897.6
6898.212
6898.7
6997.2
6997.4
6999.5
7000.4
7049.5
7497.3
7907.4
7909.5
7928.4
7935.5
7938.4
7980.5
7997.1
8817.6
8818.212
8818.7
8898.2
8898.4
8902.5
8906.4
8947.5
9398.3
9898.1
10566.6
10567.212
10567.7
10651.2
10651.4
10684.5
10686.4
10687.5
11151.3
11651.1
12448.6
12449.212
12449.7
12546.2
12546.4
12573.5
13046.3
13546.1
14179.6
14180.212
14180.7
14247.2
14247.4
14318.5
14747.3
15247.1
16415.6
16416.212
16416.7
16498.2
16498.4
16543.5
16998.3
17498.1
18543.6
18544.212
18544.7
18606.2
18606.4
18698.5
18841.4
18844.5
18845.4
18846.5
18849.4
18852.5
18865.4
18942.5
19106.3
19606.1
20543.6
20544.212
20544.7
20590.2
20590.4
20667.5
21090.3
21590.1
22238.4
22253.5
22278.4
22362.5
22583.6
22584.212
22584.7
22653.2
22653.4
22720.5
22887.4
22980.5
23153.3
23653.1
24552.4
24907.5
25068.6
25069.212
25069.7
25129.2
25129.4
25189.5
25206.4
25209.5
25218.4
25249.5
25629.3
26129.1
26863.6
26864.212
26864.7
26928.2
26928.4
26968.5
27428.3
27928.1
28605.6
28606.212
28606.7
28679.2
28679.4
28717.5
29179.3
29679.1
32447.6
32448.212
32448.7
32531.2
32531.4
32533.5
32539.4
32559.5
33031.3
33531.1
35820.6
35821.212
35821.7
35896.2
35896.4
35955.5
36396.3
36462.4
36523.5
36896.1
38772.6
38773.212
38773.7
38838.2
38838.4
38845.5
38854.4
38885.5
39338.3
39656.4
39715.5
39838.1
41308.6
41309.212
41309.7
41391.2
41391.4
41413.5
41414.4
41485.5
41891.3
42391.1
44329.6
44330.212
44330.7
44417.2
44417.4
44514.5
44540.4
44646.5
44917.3
45417.1
50697.6
50698.212
50698.7
50772.2
50772.4
50779.5
50785.4
50829.5
51272.3
51772.1
62528.4
62580.5
62584.4
62592.5
64227.4
64431.5
64580.6
64581.212
64581.7
64639.2
64639.4
64757.5
65139.3
65639.1
74939.6
74940.212
74940.7
76637.2
76637.4
76783.5
77137.3
77637.1
79097.4
79107.5
79110.4
79178.5
88408.4
88553.5
88570.4
88585.5
88586.4
88604.5
88605.4
88608.5
88625.4
88628.5
88630.4
88699.5
88819.4
88936.5
94834.4
94932.5
100973.6
100974.212
100974.7
101031.2
101031.4
101120.5
101531.3
102031.1
102385.4
102440.5
102701.6
102702.212
102702.7
102706.6
102707.7
103909.2
103909.4
104014.5
104409.3
104909.1
106058.6
106059.212
106059.7
106741.8
106742.8
107492.2
107492.4
107548.5
107992.3
108492.1
127617.4
127741.5
127760.4
127861.5
129100.4
129181.5
130610.4
130672.5
130688.4
180000.9
123456789
7
27
15
7
27
15
11
FI
2
3
10
46
44
11
19
44
6
2
494
0
0
0
314159265
40
0
118
180000
314159265
0.1
548.6
549.212
549.7
606.2
606.4
671.5
1106.3
1606.1
1696.6
1697.212
1697.7
1765.2
1765.4
1767.5
1772.4
1825.5
2265.3
2765.1
2946.6
2947.212
2947.7
2993.2
2993.4
3045.5
3493.3
3946.6
3947.7
3993.1
3999.4
4041.5
4046.4
4079.5
4083.4
4092.5
4219.6
4220.212
4220.7
4285.2
4285.4
4291.5
4298.4
4484.5
4785.3
5285.1
5768.6
5769.212
5769.7
5829.2
5829.4
5830.5
5831.4
5901.5
5903.4
5965.5
6329.3
6829.1
7122.6
7123.212
7123.7
7183.2
7183.4
7224.5
7683.3
8183.1
8489.4
8741.5
8845.6
8846.212
8846.7
8917.2
8917.4
8920.5
8925.4
9066.5
9417.3
9555.4
9646.5
9851.4
9917.1
9944.5
10263.4
10608.5
10758.6
10759.212
10759.7
10820.2
10820.4
10916.5
11320.3
11820.1
12271.6
12272.212
12272.7
12326.2
12326.4
12384.5
12826.3
13326.1
13718.6
13719.212
13719.7
13790.2
13790.4
13838.5
14271.4
14273.5
14277.4
14283.5
14285.4
14290.3
14339.5
14790.1
15578.4
15579.5
15587.4
15685.5
15774.6
15775.212
15775.7
15809.6
15810.7
15881.2
15881.4
15893.5
15903.4
15906.5
15909.4
15961.5
16381.3
16686.4
16689.5
16691.4
16881.1
17083.5
17085.4
17197.5
17342.6
17343.212
17343.7
17391.2
17391.4
17440.5
17891.3
18391.1
18492.4
18582.5
19184.6
19185.212
19185.7
19252.2
19252.4
19286.5
19752.3
20252.1
20822.6
20823.212
20823.7
20885.2
20885.4
20887.5
20891.4
20946.5
21385.3
21885.1
22550.4
22551.5
22561.4
22879.5
23105.6
23106.212
23106.7
23172.2
23172.4
23204.5
23672.3
24172.1
24565.4
24571.5
24580.4
24665.5
25770.6
25771.212
25771.7
25884.2
25884.4
25929.5
26384.3
26712.6
26713.7
26818.6
26819.7
26884.1
26887.4
26891.5
26922.4
27051.5
27059.4
27349.5
27379.4
27500.5
27680.6
27681.212
27681.7
27749.2
27749.4
27818.5
28102.4
28198.5
28249.3
28749.1
29521.6
29522.212
29522.7
29590.2
29590.4
29645.5
30090.3
30590.1
31420.6
31421.212
31421.7
31469.2
31469.4
31553.5
31969.3
32469.1
33566.6
33567.212
33567.7
33631.2
33631.4
33715.5
34131.3
34631.1
34762.4
34768.5
34771.4
34859.5
36534.4
36923.5
37163.6
37164.212
37164.7
37233.2
37233.4
37300.5
37733.3
38233.1
41547.6
41548.212
41548.7
41651.2
41651.4
41655.5
41656.4
41742.5
42151.3
42373.4
42435.5
42651.1
44776.6
44777.212
44777.7
44849.2
44849.4
44894.5
45349.3
45849.1
47249.4
47459.5
47754.6
47755.212
47755.7
47806.2
47806.4
47853.5
48306.3
48806.1
54934.6
54935.212
54935.7
55028.2
55028.4
55073.5
55528.3
55633.4
55635.5
55643.4
55732.5
56028.1
71798.4
72060.5
72596.6
72597.212
72597.7
72667.2
72667.4
72729.5
73167.3
73667.1
74259.4
74277.5
74289.4
74479.5
74619.6
74620.212
74620.7
74675.2
74675.4
74728.5
75175.3
75675.1
76550.6
76551.212
76551.7
76602.2
76602.4
76682.5
77102.3
77602.1
77907.4
78028.5
78383.4
78386.5
78393.4
78454.5
78467.4
78833.5
79554.6
79555.212
79555.7
79610.2
79610.4
79669.5
80037.4
80041.5
80049.4
80110.3
80232.5
80274.4
80610.1
80776.5
82743.4
82771.5
82789.4
82866.5
82871.4
82886.5
82891.4
83156.5
85394.4
85562.5
85577.4
85608.5
85634.4
85745.5
89818.6
89819.212
89819.7
89824.6
89825.7
89871.2
89871.4
89902.5
90371.3
90623.4
90716.5
90871.1
100480.6
100481.212
100481.7
100814.2
100814.4
100921.5
101314.3
101814.1
120455.4
120704.5
120886.6
120887.212
120887.7
120944.2
120944.4
121000.5
121004.4
121054.5
121444.3
121944.1
123062.4
123100.5
123180.6
123181.212
123181.7
123231.2
123231.4
123314.5
123731.3
124231.1
124853.6
124854.212
124854.7
124910.2
124910.4
124912.5
124917.4
125007.5
125410.3
125910.1
126447.6
126448.212
126448.7
126513.2
126513.4
126545.5
127013.3
127513.1
128077.4
128277.5
128791.6
128792.212
128792.7
128850.2
128850.4
128855.5
128857.4
128858.5
128863.4
128935.5
129350.3
129850.1
130806.6
130807.212
130807.7
130866.2
130866.4
130912.5
131366.3
131866.1
135915.6
135916.212
135916.7
135992.2
135992.4
136162.5
136180.4
136196.5
136282.4
136302.5
136309.4
136313.5
136319.4
136370.5
136407.4
136483.5
136492.3
136992.1
147918.6
147919.212
147919.7
147969.2
147969.4
147998.5
148469.3
148969.1
149363.4
149368.5
149371.4
149467.5
156322.4
156397.5
163122.4
163127.5
163133.4
163170.5
163286.6
163287.212
163287.7
163293.6
163294.7
164218.2
164218.4
164220.5
164224.4
164309.5
164718.3
165218.1
173539.4
173903.5
175394.6
175395.212
180000.9
123456789
7
28
15
7
28
15
11
FI
2
3
10
38
19
11
11
19
6
2
313
0
0
0
314159265
21
0
81
180000
314159265
0.1
840.6
841.212
841.7
917.2
917.4
920.5
924.4
966.5
1417.3
1917.1
2240.4
2529.5
2560.4
2589.5
2618.4
2624.5
2724.6
2725.212
2725.7
2791.2
2791.4
2928.5
3291.3
3791.1
4525.6
4526.212
4526.7
4590.2
4590.4
4638.5
5090.3
5215.4
5225.5
5228.4
5347.5
5590.1
6721.6
6722.212
6722.7
6815.2
6815.4
6817.5
6824.4
6916.5
7315.3
7815.1
9771.6
9772.212
9772.7
9843.2
9843.4
9846.5
9849.4
9929.5
10343.3
10843.1
11318.4
11328.5
11332.4
11422.5
12235.6
12236.212
12236.7
12289.2
12289.4
12340.5
12789.3
13289.1
14114.4
14209.5
14899.4
15043.5
16456.6
16457.212
16457.7
16518.2
16518.4
16659.5
17018.3
17518.1
18226.4
18336.5
18488.6
18489.212
18489.7
18551.2
18551.4
18555.5
18556.4
18560.5
18563.4
18602.5
19051.3
19551.1
21354.6
21355.212
21355.7
21409.2
21409.4
21476.5
21909.3
22409.1
29058.4
29250.5
29300.4
29318.5
29319.4
29517.5
30152.6
30153.212
30153.7
30205.2
30205.4
30214.5
30215.4
30232.5
30233.4
30269.5
30275.4
30283.5
30291.4
30342.5
30705.3
31205.1
36574.6
36575.212
36575.7
36645.2
36645.4
36659.5
36718.4
36827.5
36912.4
36965.5
37145.3
37645.1
40129.4
40213.5
46683.6
46684.212
46684.7
49525.2
49525.4
49580.5
49581.4
49714.5
50025.3
50525.1
51525.4
51564.5
51668.6
51669.212
51669.7
56622.6
56623.7
57362.2
57362.4
57400.5
57422.4
57432.5
57436.4
57516.5
57862.3
58362.1
58774.4
58862.5
67453.4
67471.5
67654.6
67655.212
67655.7
67896.6
67897.7
67914.6
67915.7
68061.6
68062.7
74123.2
74123.4
74124.5
74132.4
74142.5
74190.4
74284.5
74623.3
75123.1
75842.4
75954.5
76192.6
76193.212
76193.7
77311.2
77311.4
77344.5
77418.4
77459.5
77811.3
78311.1
78437.6
78438.212
78438.7
86767.2
86767.4
86934.5
87267.3
87767.1
90278.4
90307.5
90470.6
90471.212
90471.7
90856.6
90857.7
90869.6
90870.7
90932.6
90933.7
100068.2
100068.4
100074.5
100076.4
100080.5
100087.4
100311.5
100568.3
101068.1
103389.4
103456.5
103470.4
103756.5
104852.4
105039.5
106512.6
106513.212
106513.7
111005.2
111005.4
111014.5
111020.4
111102.5
111432.4
111505.3
111634.5
112005.1
115637.6
115638.212
115638.7
115720.6
115721.7
115789.6
115790.7
116015.6
116016.7
120303.2
120303.4
120312.5
120315.4
120331.5
120337.4
120340.5
120803.3
121303.1
122520.4
122524.5
122556.4
122629.5
126299.4
126310.5
131054.4
131062.5
131063.4
131092.5
139766.4
139847.5
139859.4
139898.5
147344.6
147345.212
147345.7
149345.6
149346.7
151481.2
151481.4
151547.5
151981.3
152481.1
152843.4
152885.5
153021.6
153022.212
153022.7
154593.2
154593.4
154595.5
154597.4
154615.5
155093.3
155593.1
157661.4
157665.5
157709.4
157845.5
159670.4
159737.5
159900.4
160061.5
162331.4
162418.5
162480.4
180000.9
123456789
7
29
15
7
29
15
11
FI
2
3
10
43
54
11
16
54
6
2
439
0
0
0
314159265
35
1
108
180000
314159265
0.1
337.6
338.212
338.7
414.2
414.4
428.5
435.4
486.5
914.3
1250.6
1251.7
1414.1
1422.6
1423.212
1423.7
1484.2
1484.4
1569.5
1984.3
2484.1
2783.6
2784.212
2784.7
2832.2
2832.4
2833.5
2836.4
2947.5
3332.3
3832.1
4097.6
4098.212
4098.7
4168.2
4168.4
4231.5
4668.3
5168.1
5619.6
5620.212
5620.7
5679.2
5679.4
5760.5
6179.3
6679.1
7071.4
7078.5
7082.4
7173.5
7365.4
7626.5
7704.6
7705.212
7705.7
7754.2
7754.4
7800.5
8254.3
8746.4
8754.1
8818.5
9731.6
9732.212
9732.7
9785.2
9785.4
9877.5
10285.3
10785.1
10933.4
11201.5
11538.6
11539.212
11539.7
11609.2
11609.4
11611.5
11613.4
11679.5
12109.3
12609.1
13335.6
13336.212
13336.7
13382.2
13382.4
13475.5
13882.3
14382.1
16197.6
16198.212
16198.7
16252.2
16252.4
16344.5
16578.4
16657.5
16661.4
16671.5
16752.3
17002.6
17003.7
17047.6
17048.7
17091.6
17092.7
17252.1
17906.6
17907.212
17907.7
17972.2
17972.4
18051.5
18472.3
18972.1
19384.6
19385.212
19385.7
19435.2
19435.4
19492.5
19935.3
20435.1
21050.6
21051.212
21051.7
21096.2
21096.4
21172.5
21596.3
22096.1
22884.6
22885.212
22885.7
22938.2
22938.4
22950.5
22952.4
22955.5
22964.4
22966.5
22968.4
22973.5
22977.4
23015.5
23438.3
23938.1
24860.6
24861.212
24861.7
24910.2
24910.4
24914.5
24931.4
24969.5
25410.3
25910.1
26203.4
26238.5
26243.4
26313.5
26985.4
27228.5
27643.6
27644.212
27644.7
27696.2
27696.4
27776.5
28196.3
28696.1
29362.6
29363.212
29363.7
29430.2
29430.4
29463.5
29930.3
30430.1
31309.6
31310.212
31310.7
31368.2
31368.4
31370.5
31373.4
31446.5
31868.3
32368.1
32660.4
32662.5
32673.4
32676.5
32679.4
32774.5
33303.6
33304.212
33304.7
33383.2
33383.4
33456.5
33883.3
34383.1
40224.6
40225.212
40225.7
40294.2
40294.4
40374.5
40794.3
41294.1
41720.4
41762.5
42497.4
42551.5
45436.4
45448.5
45460.4
45470.5
45477.4
45486.5
45501.4
45565.5
46998.4
47100.5
47113.4
47172.5
47727.4
47741.5
47860.4
47880.5
47885.4
48244.5
50121.4
50429.5
52582.4
52902.5
53455.6
53456.212
53456.7
54649.2
54649.4
54653.5
54655.4
54657.5
54667.4
54730.5
54810.4
54880.5
55149.3
55649.1
58035.6
58036.212
58036.7
58094.2
58094.4
58101.5
58151.4
58154.5
58157.4
58237.5
58594.3
59094.1
59539.4
59542.5
59544.4
59623.5
60962.4
61161.5
70976.6
70977.212
70977.7
71028.2
71028.4
71160.5
71177.4
71215.5
71225.4
71232.5
71237.4
71281.5
71528.3
72028.1
75911.6
75912.212
75912.7
75980.2
75980.4
76034.5
76480.3
76980.1
77565.4
77631.5
79265.6
79266.212
79266.7
79319.2
79319.4
79406.5
79819.3
80319.1
81248.4
81261.5
81266.4
81294.5
81308.4
81318.5
81401.6
81402.212
81402.7
81452.2
81452.4
81454.5
81456.4
81585.5
81952.3
82207.4
82208.5
82227.4
82229.5
82243.4
82318.5
82452.1
91530.4
91631.5
91882.6
91883.212
91883.7
92011.2
92011.4
92212.5
92511.3
93011.1
105764.6
105765.212
105765.7
105836.2
105836.4
105906.5
106336.3
106836.1
107784.4
107794.5
107803.4
107819.5
107838.4
107845.5
107863.4
107916.5
108020.6
108021.212
108021.7
108079.2
108079.4
108147.5
108579.3
109079.1
109777.4
109911.5
110482.6
110483.212
110483.7
110532.2
110532.4
110614.5
111032.3
111532.1
112441.4
112451.5
112455.4
112484.5
112495.4
112612.5
112620.4
112626.5
112866.6
112867.212
112867.7
112921.2
112921.4
113013.5
113421.3
113921.1
114110.4
114544.5
114821.6
114822.212
114822.7
114877.2
114877.4
114955.5
115377.3
115545.4
115551.5
115877.1
120161.4
120163.5
120167.4
120232.5
141093.6
141094.212
141094.7
148373.8
148374.8
159457.2
159457.4
159493.5
159957.3
160457.1
160634.6
160635.212
160635.7
160794.2
160794.4
160901.5
161294.3
161794.1
167423.4
167426.5
167431.4
167436.5
167440.4
167507.5
167529.4
167606.5
173983.4
174165.5
174586.6
174587.212
174587.7
175434.2
175434.4
175518.5
175934.3
180000.9
123456789
7
30
15
7
30
15
11
FI
2
3
10
45
35
11
18
35
6
2
367
0
0
0
314159265
26
1
96
180000
314159265
0.1
337.4
348.5
416.6
417.212
417.7
476.2
476.4
526.5
531.4
619.5
976.3
1476.1
1510.6
1511.212
1511.7
1601.2
1601.4
1682.5
2101.3
2601.1
2906.6
2907.212
2907.7
2954.2
2954.4
3011.5
3454.3
3954.1
4424.6
4425.212
4425.7
4478.2
4478.4
4498.5
4505.4
4510.5
4514.4
4622.5
4978.3
5478.1
6067.6
6068.212
6068.7
6129.2
6129.4
6183.5
6629.3
7129.1
7569.6
7570.212
7570.7
7635.2
7635.4
7673.5
8135.3
8635.1
8673.4
8807.5
9357.6
9358.212
9358.7
9430.2
9430.4
9511.5
9930.3
10430.1
11270.6
11271.212
11271.7
11322.2
11322.4
11325.5
11327.4
11410.5
11822.3
11970.4
12094.5
12322.1
14176.6
14177.212
14177.7
14247.2
14247.4
14294.5
14747.3
15247.1
15479.4
15554.5
16587.4
16602.5
16629.4
16672.5
16756.6
16757.212
16757.7
16815.2
16815.4
16882.5
16886.4
16946.5
17315.3
17815.1
18644.6
18645.212
18645.7
18827.2
18827.4
18902.5
19327.3
19827.1
20735.6
20736.212
20736.7
20789.2
20789.4
20791.5
20800.4
20855.5
21289.3
21789.1
22336.4
22431.5
22755.4
22771.5
22774.4
22839.5
22927.6
22928.212
22928.7
23003.2
23003.4
23126.5
23503.3
24003.1
28660.4
28892.5
28995.4
29393.5
32476.4
32485.5
32549.4
32629.5
34802.4
35104.5
43417.6
43418.212
43418.7
43530.2
43530.4
43532.5
43562.4
43587.5
44030.3
44530.1
45586.6
45587.212
45587.7
45632.6
45633.7
46597.2
46597.4
46768.5
47097.3
47597.1
49907.4
49916.5
49940.4
49942.5
49945.4
50045.5
60750.4
60797.5
60808.4
60814.5
60815.4
60856.5
60864.4
60951.5
63606.4
63672.5
65026.4
65067.5
72518.8
72519.8
76492.6
76493.212
76493.7
76736.2
76736.4
76757.5
76762.4
76775.5
77236.3
77736.1
80238.6
80239.212
80239.7
80254.6
80255.7
80385.2
80385.4
80390.5
80393.4
80514.5
80532.4
80620.5
80885.3
81385.1
85799.6
85800.212
85800.7
86000.2
86000.4
86037.5
86500.3
87000.1
87725.4
87781.5
90433.6
90434.212
90434.7
90645.6
90646.7
90697.6
90698.7
90736.6
90737.7
91907.2
91907.4
91963.5
92407.3
92907.1
95650.4
95918.5
101157.4
101297.5
101315.4
101400.5
104794.4
104797.5
104798.4
104842.5
104844.4
104845.5
109249.4
109362.5
110901.4
110951.5
113147.6
113148.212
113148.7
113304.2
113304.4
113306.5
113310.4
113404.5
113804.3
114304.1
116449.4
116495.5
121264.4
121427.5
121447.4
121452.5
121487.4
121539.5
123027.4
123083.5
131060.4
131064.5
131068.4
131147.5
132277.6
132278.212
132278.7
132436.2
132436.4
132481.5
132936.3
133436.1
134416.6
134417.212
134417.7
134583.2
134583.4
134675.5
135083.3
135583.1
136778.4
136911.5
137056.6
137057.212
137057.7
137294.6
137295.7
137828.6
137829.7
137927.2
137927.4
137934.5
137936.4
137956.5
138002.4
138004.5
138010.4
138126.5
138427.3
138927.1
139265.4
139454.5
140672.4
140680.5
140691.4
140792.5
142922.4
143187.5
143279.4
143413.5
143431.4
143480.5
148289.4
148375.5
148563.4
148593.5
148629.4
148687.5
150174.4
150243.5
151647.4
151652.5
151661.4
151685.5
151712.4
151806.5
163603.4
163800.5
164582.6
164583.212
164583.7
164653.2
164653.4
164656.5
164665.4
164695.5
165153.3
165653.1
166538.6
166539.212
166539.7
166594.2
166594.4
166614.5
166617.4
166648.5
167094.3
167594.1
168824.6
168825.212
168825.7
168927.2
168927.4
169000.5
169427.3
180000.9
123456789
7
31
15
7
31
15
11
FI
2
3
10
47
07
11
20
07
6
2
767
0
0
0
314159265
65
1
173
180000
314159265
0.1
871.6
872.212
872.7
928.2
928.4
1044.5
1428.3
1728.6
1729.7
1783.4
1799.5
1812.4
1823.5
1834.4
1842.5
1843.4
1895.5
1928.1
1984.6
1985.212
1985.7
2032.2
2032.4
2088.5
2532.3
2805.6
2806.7
2960.6
2961.7
3032.1
3163.6
3164.212
3164.7
3246.2
3246.4
3296.5
3746.3
4004.6
4005.7
4080.4
4083.5
4084.4
4089.5
4117.4
4127.5
4194.6
4195.7
4246.1
4273.6
4274.212
4274.7
4339.2
4339.4
4408.5
4839.3
4925.6
4926.7
5014.4
5019.5
5059.4
5067.5
5073.4
5074.5
5081.4
5125.5
5202.6
5203.7
5311.6
5312.7
5339.1
5486.6
5487.212
5487.7
5577.2
5577.4
5621.5
6077.3
6443.4
6449.5
6450.4
6480.5
6508.4
6574.5
6577.1
6742.4
6811.5
6826.4
6831.5
6904.6
6905.212
6905.7
6956.2
6956.4
7048.5
7160.4
7164.5
7167.4
7226.5
7456.3
7956.1
8336.6
8337.212
8337.7
8383.2
8383.4
8441.5
8883.3
9207.4
9213.5
9227.4
9303.5
9383.1
10032.6
10033.212
10033.7
10093.2
10093.4
10148.5
10593.3
11093.1
11550.6
11551.212
11551.7
11602.2
11602.4
11604.5
11605.4
11654.5
12102.3
12602.1
12664.4
12777.5
13326.6
13327.212
13327.7
13396.2
13396.4
13434.5
13896.3
14396.1
14964.6
14965.212
14965.7
15022.2
15022.4
15071.5
15522.3
16022.1
16474.4
16477.5
16487.4
16530.5
16535.4
16567.5
16673.6
16674.212
16674.7
16726.2
16726.4
16865.5
17226.3
17726.1
18212.6
18213.212
18213.7
18274.2
18274.4
18367.5
18774.3
19274.1
20737.6
20738.212
20738.7
20816.2
20816.4
20935.5
21316.3
21816.1
22261.6
22262.212
22262.7
22329.2
22329.4
22404.5
22829.3
23329.1
24058.6
24059.212
24059.7
24124.2
24124.4
24184.5
24624.3
25124.1
25876.6
25877.212
25877.7
25950.2
25950.4
25982.5
26450.3
26950.1
26977.4
26980.5
26984.4
26989.5
27011.4
27090.5
27425.6
27426.212
27426.7
27492.2
27492.4
27583.5
27992.3
28492.1
29161.6
29162.212
29162.7
29211.2
29211.4
29266.5
29711.3
30211.1
31527.6
31528.212
31528.7
31625.2
31625.4
31665.5
32125.3
32625.1
33618.6
33619.212
33619.7
33698.2
33698.4
33730.5
34198.3
34698.1
34787.4
34868.5
35174.4
35630.5
35711.4
35785.5
35809.4
35811.5
35812.4
35831.5
35833.4
35890.5
36004.6
36005.212
36005.7
36067.2
36067.4
36132.5
36567.3
37067.1
37367.4
37455.5
37617.4
37623.5
37643.4
37714.5
37734.4
37948.5
38229.4
38232.5
38415.6
38416.212
38416.7
38501.2
38501.4
38547.5
39001.3
39501.1
39817.4
39821.5
39832.4
40321.5
40359.4
40467.5
40615.6
40616.212
40616.7
40677.2
40677.4
40739.5
41177.3
41677.1
42925.6
42926.212
42926.7
43006.2
43006.4
43039.5
43506.3
44006.1
44199.4
44276.5
44841.6
44842.212
44842.7
44931.2
44931.4
44996.5
45082.4
45175.5
45431.3
45931.1
46634.6
46635.212
46635.7
46699.2
46699.4
46745.5
47199.3
47699.1
48992.6
48993.212
48993.7
49115.6
49116.7
49191.2
49191.4
49259.5
49691.3
50191.1
51057.6
51058.212
51058.7
51123.2
51123.4
51161.5
51623.3
52123.1
52522.4
52530.5
52534.4
52595.5
53592.6
53593.212
53593.7
53622.6
53623.7
53716.2
53716.4
53820.5
53823.4
53826.5
53836.4
53841.5
53845.4
53891.5
54216.3
54716.1
55674.6
55675.212
55675.7
55729.2
55729.4
55750.5
55754.4
55780.5
55806.4
55840.5
55857.4
55883.5
56057.6
56058.7
56229.3
56729.1
57933.6
57934.212
57934.7
58003.2
58003.4
58025.5
58037.4
58102.5
58503.3
59003.1
59690.6
59691.212
59691.7
59735.2
59735.4
59740.5
59767.4
59773.5
59781.4
59811.5
60235.3
60735.1
62030.4
62136.5
62208.6
62209.212
62209.7
62258.2
62258.4
62343.5
62758.3
63258.1
64065.6
64066.212
64066.7
64121.2
64121.4
64170.5
64621.3
64772.4
64776.5
64786.4
64855.5
65121.1
66187.6
66188.212
66188.7
66235.2
66235.4
66244.5
66246.4
66305.5
66735.3
67235.1
67641.4
67890.5
68482.6
68483.212
68483.7
68541.2
68541.4
68648.5
69041.3
69541.1
69954.4
70053.5
80092.4
80216.5
83322.6
83323.212
83323.7
83382.2
83382.4
83445.5
83882.3
84382.1
84794.6
84795.212
84795.7
84841.2
84841.4
84846.5
84856.4
84892.5
85341.3
85841.1
86269.6
86270.212
86270.7
86323.2
86323.4
86393.5
86823.3
87323.1
87845.6
87846.212
87846.7
87928.2
87928.4
87930.5
87931.4
87936.5
87939.4
88021.5
88428.3
88928.1
88937.4
88940.5
88942.4
89071.5
89461.4
89867.5
89992.6
89993.212
89993.7
90049.2
90049.4
90132.5
90549.3
91049.1
91945.4
92109.5
92116.4
92152.5
92249.6
92250.212
92250.7
92302.2
92302.4
92314.5
92326.4
92344.5
92356.4
92380.5
92392.4
92663.5
92802.3
93302.1
94253.6
94254.212
94254.7
94313.2
94313.4
94413.5
94813.3
95313.1
95879.4
95883.5
95981.6
95982.212
95982.7
96035.2
96035.4
96080.5
96535.3
97035.1
97401.6
97402.212
97402.7
97468.2
97468.4
97525.5
97968.3
98468.1
98934.6
98935.212
98935.7
98986.2
98986.4
99059.5
99486.3
99986.1
100463.6
100464.212
100464.7
100535.2
100535.4
100568.5
101035.3
101535.1
102103.6
102104.212
102104.7
102152.2
102152.4
102209.5
102652.3
103152.1
103584.6
103585.212
103585.7
103649.2
103649.4
103694.5
104149.3
104649.1
105424.4
105426.5
105513.6
105514.212
105514.7
105568.2
105568.4
105605.5
106068.3
106568.1
118542.6
118543.212
118543.7
118666.2
118666.4
118738.5
119166.3
119666.1
121205.8
121206.8
121498.6
121499.212
121499.7
121607.2
121607.4
121643.5
122107.3
122607.1
124883.4
124907.5
124917.4
124922.5
124938.4
124978.5
127180.6
127181.212
127181.7
127228.2
127228.4
127321.5
127728.3
128228.1
128592.6
128593.212
128593.7
128638.2
128638.4
128727.5
128761.4
128766.5
128808.4
128907.5
128939.4
129008.5
129009.4
129011.5
129110.6
129111.7
129138.3
129165.6
129166.7
129504.4
129638.1
129668.5
130223.6
130224.212
130224.7
130278.2
130278.4
130375.5
130778.3
131217.4
131227.5
131236.4
131278.1
131672.5
131696.4
131806.5
131812.4
131813.5
131816.4
131970.5
141068.6
141069.212
141069.7
141128.2
141128.4
141179.5
141628.3
141667.4
141784.5
142128.1
142131.4
142149.5
142153.4
142280.5
142346.4
142465.5
142585.6
142586.212
142586.7
142635.2
142635.4
142725.5
143135.3
143635.1
144148.6
144149.212
144149.7
144196.2
144196.4
144211.5
144212.4
144216.5
144218.4
144315.5
144696.3
145196.1
145757.6
145758.212
145758.7
145839.2
145839.4
145845.5
145855.4
145892.5
146339.3
146839.1
147114.6
147115.212
147115.7
147170.2
147170.4
147271.5
147670.3
148170.1
154329.4
154567.5
154919.6
154920.212
154920.7
155054.2
155054.4
155107.5
155163.4
155247.5
155554.3
156054.1
158954.6
158955.212
158955.7
159460.2
159460.4
159489.5
159494.4
159636.5
159960.3
160460.1
161832.6
161833.212
161833.7
162398.2
162398.4
162451.5
162524.4
162659.5
162898.3
163398.1
164399.4
164437.5
164451.4
164569.5
164680.6
164681.212
164681.7
169260.2
169260.4
169319.5
169760.3
170260.1
172026.4
172095.5
173053.4
173064.5
173077.4
173142.5
173409.4
173535.5
173557.4
173566.5
173569.4
173620.5
174759.4
180000.9
123456789
8
01
15
8
01
15
11
FI
2
3
10
43
00
11
16
00
6
2
421
0
0
0
314159265
35
1
103
180000
314159265
0.1
583.6
584.212
584.7
631.2
631.4
698.5
1131.3
1631.1
1736.6
1737.212
1737.7
1795.2
1795.4
1922.5
2295.3
2795.1
3064.6
3065.212
3065.7
3135.2
3135.4
3230.5
3635.3
4135.1
4274.6
4275.212
4275.7
4328.2
4328.4
4355.5
4357.4
4380.5
4828.3
5328.1
5435.4
5436.5
5442.4
5613.5
5723.6
5724.212
5724.7
5775.2
5775.4
5820.5
6275.3
6603.4
6604.5
6605.4
6638.5
6639.4
6718.5
6775.1
7400.6
7401.212
7401.7
7450.2
7450.4
7530.5
7950.3
8450.1
9141.6
9142.212
9142.7
9215.2
9215.4
9218.5
9240.4
9309.5
9634.4
9715.3
9940.5
10215.1
13253.6
13254.212
13254.7
13331.2
13331.4
13379.5
13831.3
14331.1
14634.4
14645.5
14651.4
14652.5
14658.4
14996.5
15013.4
15018.5
15120.6
15121.212
15121.7
15166.2
15166.4
15207.5
15666.3
16166.1
16896.6
16897.212
16897.7
16944.2
16944.4
17034.5
17444.3
17944.1
18222.4
18363.5
19604.6
19605.212
19605.7
19665.2
19665.4
19740.5
20165.3
20665.1
21510.4
21513.5
21936.6
21937.212
21937.7
22004.2
22004.4
22051.5
22504.3
23004.1
23493.6
23494.212
23494.7
23541.2
23541.4
23580.5
24041.3
24541.1
25079.6
25080.212
25080.7
25129.2
25129.4
25220.5
25629.3
26129.1
26541.4
26605.5
28026.6
28027.212
28027.7
28104.2
28104.4
28191.5
28604.3
29104.1
29945.6
29946.212
29946.7
30016.2
30016.4
30107.5
30516.3
31016.1
32396.6
32397.212
32397.7
32494.2
32494.4
32611.5
32994.3
33494.1
34673.6
34674.212
34674.7
34727.2
34727.4
34729.5
34735.4
34804.5
35227.3
35727.1
37191.4
37194.5
37226.4
37229.5
37232.4
37491.5
37631.6
37632.212
37632.7
37689.2
37689.4
37778.5
38189.3
38689.1
45859.6
45860.212
45860.7
45937.2
45937.4
46032.5
46437.3
46937.1
47155.4
47266.5
48064.6
48065.212
48065.7
48148.2
48148.4
48212.5
48648.3
49148.1
54274.6
54275.212
54275.7
54329.2
54329.4
54331.5
54339.4
54402.5
54829.3
55329.1
55977.4
56082.5
56402.4
56410.5
56418.4
56697.5
56900.6
56901.212
56901.7
56967.2
56967.4
56970.5
56972.4
56975.5
56979.4
57071.5
57389.4
57458.5
57467.3
57967.1
58915.4
59117.5
59452.4
59503.5
59509.4
59672.5
67135.6
67136.212
67136.7
67201.2
67201.4
67277.5
67282.4
67309.5
67701.3
68201.1
71200.6
71201.212
71201.7
71331.2
71331.4
71381.5
71503.4
71534.5
71831.3
72331.1
73822.8
73823.8
74297.4
74303.5
74304.4
74329.5
74431.4
74432.5
74433.4
74498.5
84759.4
84783.5
92980.6
92981.212
92981.7
93055.2
93055.4
93070.5
93115.4
93123.5
93148.4
93174.5
93555.3
93963.4
93966.5
93968.4
94002.5
94027.4
94055.1
94154.5
102141.6
102142.212
102142.7
102218.2
102218.4
102299.5
102302.4
102343.5
102718.3
103218.1
107954.4
108022.5
109504.6
109505.212
109505.7
109563.2
109563.4
109608.5
110063.3
110563.1
111398.6
111399.212
111399.7
111446.2
111446.4
111538.5
111946.3
112446.1
112788.4
112862.5
113224.6
113225.212
113225.7
113279.2
113279.4
113387.5
113779.3
114279.1
115441.6
115442.212
115442.7
115524.2
115524.4
115571.5
116024.3
116524.1
118287.6
118288.212
118288.7
118359.2
118359.4
118380.5
118381.4
118385.5
118388.4
118479.5
118859.3
119359.1
140309.4
140475.5
140555.4
140691.5
149137.4
149517.5
154282.6
154283.212
154283.7
155851.2
155851.4
155854.5
155859.4
155944.5
156015.4
156091.5
156351.3
156477.4
156486.5
156487.4
156490.5
156495.4
156561.5
156579.4
156655.5
156851.1
157446.6
157447.212
157447.7
157492.2
157492.4
157535.5
157992.3
158492.1
158639.4
158892.5
159208.4
159210.5
159215.4
159222.5
159223.4
159243.5
159253.4
159504.5
160080.6
160081.212
160081.7
160134.2
160134.4
160223.5
160467.4
160469.5
160476.4
160529.5
160634.3
161134.1
161532.4
161535.5
161540.4
161546.5
161547.4
161573.5
161590.4
161808.5
176585.4
180000.9
123456789
8
02
15
8
02
15
11
FI
2
3
10
44
42
11
17
43
6
2
431
0
0
0
314159265
38
0
97
180000
314159265
0.1
1005.6
1006.212
1006.7
1048.2
1048.4
1058.5
1060.4
1104.5
1548.3
1767.6
1768.7
1812.6
1813.7
2048.1
2059.6
2060.212
2060.7
2146.2
2146.4
2182.5
2433.4
2512.5
2646.3
3146.1
3418.6
3419.212
3419.7
3473.2
3473.4
3527.5
3973.3
4473.1
4606.6
4607.212
4607.7
4667.2
4667.4
4792.5
5167.3
5667.1
6059.6
6060.212
6060.7
6131.2
6131.4
6191.5
6631.3
7131.1
7550.6
7551.212
7551.7
7608.2
7608.4
7658.5
8108.3
8608.1
8854.6
8855.212
8855.7
8912.2
8912.4
8953.5
9412.3
9912.1
10307.6
10308.212
10308.7
10360.2
10360.4
10458.5
10860.3
11360.1
11807.6
11808.212
11808.7
11879.2
11879.4
11930.5
12379.3
12879.1
13453.4
13524.5
13889.6
13890.212
13890.7
13946.2
13946.4
14021.5
14446.3
14946.1
15825.6
15826.212
15826.7
15927.2
15927.4
15982.5
16427.3
16927.1
17243.4
17248.5
17259.4
17326.5
17725.4
17735.5
17742.4
17753.5
17761.4
17771.5
17789.4
17938.5
18325.4
18328.5
18334.4
18373.5
18382.4
18570.5
20403.6
20404.212
20404.7
20448.2
20448.4
20449.5
20461.4
20560.5
20564.4
20567.5
20572.4
20674.5
20948.3
21448.1
22473.4
22478.5
22522.4
22606.5
22874.4
22875.5
22884.4
22910.5
22911.4
22914.5
22916.4
23027.5
23167.6
23168.212
23168.7
23217.2
23217.4
23284.5
23717.3
24217.1
25074.6
25075.212
25075.7
25110.2
25110.4
25180.5
25610.3
26110.1
26815.6
26816.212
26816.7
26866.2
26866.4
26962.5
27366.3
27866.1
28379.4
28380.5
28393.4
28635.5
28898.4
29518.5
29556.4
29632.5
30262.6
30263.212
30263.7
30351.2
30351.4
30395.5
30851.3
31351.1
31719.4
31787.5
33010.4
33191.5
33485.6
33486.212
33486.7
33641.2
33641.4
33766.5
34141.3
34641.1
38373.6
38374.212
38374.7
38439.2
38439.4
38484.5
38939.3
39439.1
40020.6
40021.212
40021.7
40072.2
40072.4
40124.5
40572.3
41072.1
41699.6
41700.212
41700.7
41750.2
41750.4
41785.5
42250.3
42750.1
43597.6
43598.212
43598.7
43681.2
43681.4
43721.5
44181.3
44681.1
45848.6
45849.212
45849.7
45921.2
45921.4
46010.5
46421.3
46921.1
47619.4
47750.5
48086.6
48087.212
48087.7
48139.2
48139.4
48153.5
48157.4
48243.5
48639.3
49139.1
54646.6
54647.212
54647.7
54706.2
54706.4
54786.5
54790.4
54795.5
54796.4
54803.5
54812.4
54911.5
55206.3
55706.1
71882.4
71978.5
72293.4
72305.5
75632.6
75633.212
75633.7
75686.2
75686.4
75755.5
75949.4
76046.5
76186.3
76686.1
82652.6
82653.212
82653.7
82726.2
82726.4
82772.5
83226.3
83726.1
84171.6
84172.212
84172.7
84224.2
84224.4
84308.5
84724.3
85224.1
87778.6
87779.212
87779.7
87900.2
87900.4
87958.5
88051.4
88056.5
88057.4
88081.5
88086.4
88147.5
88400.3
88900.1
89103.4
89152.5
91837.4
91840.5
91860.4
91937.5
93379.4
93535.5
93826.6
93827.212
93827.7
93892.2
93892.4
93960.5
94392.3
94892.1
104579.6
104580.212
104580.7
104640.2
104640.4
104695.5
105140.3
105640.1
107382.6
107383.212
107383.7
107437.2
107437.4
107528.5
107937.3
108437.1
116893.4
117305.5
120855.4
121209.5
121362.4
121437.5
121542.6
121543.212
121543.7
121600.2
121600.4
121689.5
121731.4
121778.5
122100.3
122600.1
127330.6
127331.212
127331.7
127360.6
127361.7
127412.2
127412.4
127478.5
127912.3
128412.1
129581.6
129582.212
129582.7
129635.2
129635.4
129640.5
129641.4
129643.5
129651.4
129758.5
130135.3
130635.1
134800.6
134801.212
134801.7
134854.2
134854.4
134855.5
134860.4
134932.5
135354.3
135854.1
140107.6
140108.212
140108.7
140154.2
140154.4
140244.5
140654.3
141154.1
142875.4
143018.5
153229.6
153230.212
153230.7
153353.2
153353.4
153476.5
153493.4
153536.5
153853.3
154353.1
163206.4
163215.5
163223.4
163426.5
163452.4
163470.5
163535.4
163642.5
164832.4
164906.5
166789.4
166865.5
171627.6
171628.212
171628.7
171671.2
171671.4
171751.5
171781.4
171813.5
172171.3
172671.1
177335.4
180000.9
123456789
8
03
15
8
03
15
11
FI
2
3
10
45
00
11
18
00
6
2
445
0
0
0
314159265
42
3
90
180000
314159265
0.1
663.4
671.5
751.6
752.212
752.7
807.2
807.4
843.5
858.4
942.5
1307.3
1692.6
1693.7
1779.6
1780.7
1807.1
2072.6
2073.212
2073.7
2157.2
2157.4
2213.5
2657.3
3157.1
3291.6
3292.212
3292.7
3340.2
3340.4
3342.5
3351.4
3439.5
3840.3
4340.1
4363.6
4364.212
4364.7
4426.2
4426.4
4431.5
4439.4
4497.5
4926.3
5426.1
5582.4
5694.5
6210.6
6211.212
6211.7
6259.2
6259.4
6306.5
6759.3
7259.1
7946.6
7947.212
7947.7
8007.2
8007.4
8089.5
8507.3
9007.1
9584.6
9585.212
9585.7
9657.2
9657.4
9721.5
10157.3
10657.1
11340.6
11341.212
11341.7
11412.2
11412.4
11415.5
11417.4
11458.5
11912.3
12412.1
13989.4
14085.5
14473.6
14474.212
14474.7
14522.2
14522.4
14581.5
15022.3
15522.1
15965.6
15966.212
15966.7
16017.2
16017.4
16076.5
16517.3
17017.1
17871.4
18162.5
18166.4
18178.5
18265.6
18266.212
18266.7
18308.2
18308.4
18411.5
18808.3
19308.1
20140.6
20141.212
20141.7
20201.2
20201.4
20233.5
20701.3
21201.1
22159.4
22176.5
22293.6
22294.212
22294.7
22361.2
22361.4
22419.5
22861.3
23361.1
24664.6
24665.212
24665.7
24746.2
24746.4
24782.5
25246.3
25746.1
26832.6
26833.212
26833.7
26911.2
26911.4
26986.5
27411.3
27911.1
31042.6
31043.212
31043.7
31117.2
31117.4
31122.5
31136.4
31211.5
31617.3
32117.1
33488.6
33489.212
33489.7
33553.2
33553.4
33557.5
33567.4
33638.5
33642.4
33680.5
34053.3
34553.1
35278.6
35279.212
35279.7
35329.2
35329.4
35340.5
35350.4
35385.5
35829.3
36329.1
36672.4
36747.5
39064.6
39065.212
39065.7
39123.2
39123.4
39166.5
39623.3
40123.1
42509.6
42510.212
42510.7
42569.2
42569.4
42572.5
42576.4
42658.5
43069.3
43569.1
44677.6
44678.212
44678.7
44755.2
44755.4
44789.5
45255.3
45755.1
47123.6
47124.212
47124.7
47218.2
47218.4
47250.5
47718.3
48218.1
49393.6
49394.212
49394.7
49476.2
49476.4
49534.5
49976.3
50476.1
52993.6
52994.212
52994.7
53099.2
53099.4
53151.5
53599.3
53964.4
54099.1
54133.5
55664.6
55665.212
55665.7
55715.2
55715.4
55720.5
55730.4
55828.5
56215.3
56715.1
60501.4
60504.5
60740.6
60741.212
60741.7
60793.2
60793.4
60844.5
61293.3
61793.1
63418.6
63419.212
63419.7
63467.2
63467.4
63525.5
63967.3
64467.1
65834.6
65835.212
65835.7
66080.2
66080.4
66143.5
66580.3
66858.4
66872.5
66910.4
66979.5
67080.1
73140.6
73141.212
73141.7
73354.2
73354.4
73417.5
73854.3
74354.1
81340.6
81341.212
81341.7
81416.2
81416.4
81428.5
81430.4
81477.5
81916.3
82416.1
83355.6
83356.212
83356.7
83399.2
83399.4
83567.5
83899.3
84399.1
86714.4
86723.5
86731.4
86781.5
87037.4
87041.5
87054.4
87251.5
87412.6
87413.212
87413.7
87465.2
87465.4
87519.5
87965.3
88465.1
88926.4
89118.5
89773.6
89774.212
89774.7
89827.2
89827.4
89945.5
90327.3
90827.1
91623.4
91805.5
92367.6
92368.212
92368.7
92422.2
92422.4
92424.5
92435.4
92510.5
92922.3
93422.1
95968.6
95969.212
95969.7
96021.2
96021.4
96104.5
96521.3
97021.1
98977.6
98978.212
98978.7
99028.2
99028.4
99032.5
99056.4
99104.5
99528.3
100028.1
109497.6
109498.212
109498.7
109543.2
109543.4
109636.5
110043.3
110543.1
126192.6
126193.212
126193.7
126307.2
126307.4
126399.5
126807.3
127307.1
128080.4
128136.5
130966.4
131260.5
131473.6
131474.212
131474.7
131552.2
131552.4
131598.5
131632.4
131703.5
132052.3
132552.1
133087.4
133088.5
133090.4
133118.5
133122.4
133217.5
136569.4
136605.5
147106.8
147107.8
151486.8
151487.8
151606.8
151607.8
153542.4
153677.5
154129.6
154130.212
154130.7
154265.2
154265.4
154303.5
154765.3
154791.4
154865.5
155265.1
156736.6
156737.212
156737.7
156792.2
156792.4
156877.5
156899.4
156994.5
157292.3
157622.4
157728.5
157758.4
157792.1
157807.5
161602.4
161679.5
169021.4
169168.5
169178.4
169196.5
170266.4
170305.5
170311.4
170386.5
171937.4
172344.5
176772.6
176773.212
176773.7
178875.2
178875.4
178905.5
179375.3
180000.9
123456789
8
04
15
8
04
15
11
FI
2
3
10
51
49
11
24
49
6
2
346
0
0
0
314159265
26
1
87
180000
314159265
0.1
502.6
503.212
503.7
545.2
545.4
620.5
1045.3
1545.1
2175.6
2176.212
2176.7
2218.2
2218.4
2271.5
2718.3
3218.1
3849.6
3850.212
3850.7
3894.2
3894.4
3947.5
4394.3
4894.1
5471.6
5472.212
5472.7
5520.2
5520.4
5527.5
5533.4
5584.5
6020.3
6520.1
7132.6
7133.212
7133.7
7196.2
7196.4
7212.5
7215.4
7302.5
7696.3
7783.4
7800.5
7806.4
7890.5
8097.4
8196.1
8232.5
9897.4
9899.5
10013.6
10014.212
10014.7
10064.2
10064.4
10124.5
10564.3
11064.1
11624.6
11625.212
11625.7
11672.2
11672.4
11685.5
11692.4
11744.5
12172.3
12672.1
13395.6
13396.212
13396.7
13464.2
13464.4
13515.5
13964.3
14464.1
15389.6
15390.212
15390.7
15438.2
15438.4
15494.5
15938.3
16438.1
16914.4
16975.5
17796.6
17797.212
17797.7
18100.2
18100.4
18155.5
18600.3
19100.1
19546.4
19653.5
20833.6
20834.212
20834.7
20965.2
20965.4
21065.5
21465.3
21965.1
28930.6
28931.212
28931.7
28948.6
28949.7
29008.2
29008.4
29100.5
29508.3
30008.1
32130.6
32131.212
32131.7
32182.2
32182.4
32274.5
32682.3
33182.1
34058.4
34115.5
34432.4
34440.5
34442.4
34449.5
34460.4
34462.5
34470.4
34562.5
34678.6
34679.212
34679.7
34728.2
34728.4
34731.5
34733.4
34734.5
34737.4
34739.5
34745.4
34844.5
35228.3
35728.1
37608.4
37610.5
37611.4
37677.5
38614.4
38637.5
38646.4
38878.5
39262.4
39284.5
39292.4
39370.5
39375.4
39403.5
39406.4
39471.5
39712.6
39713.212
39713.7
39773.2
39773.4
39778.5
39779.4
39857.5
40273.3
40773.1
46417.6
46418.212
46418.7
46561.2
46561.4
46664.5
47061.3
47561.1
63278.4
63469.5
63762.4
64028.5
64450.6
64451.212
64451.7
64507.2
64507.4
64616.5
65007.3
65507.1
66447.6
66448.212
66448.7
66507.2
66507.4
66512.5
66518.4
66566.5
67007.3
67507.1
71521.6
71522.212
71522.7
71587.2
71587.4
71643.5
72087.3
72587.1
72905.4
73030.5
74529.4
74834.5
74863.4
75100.5
75310.6
75311.212
75311.7
75363.2
75363.4
75442.5
75863.3
76363.1
77955.6
77956.212
77956.7
78008.2
78008.4
78093.5
78110.4
78170.5
78508.3
78708.4
78782.5
79008.1
90502.6
90503.212
90503.7
90511.6
90512.7
90573.6
90574.7
91951.2
91951.4
91954.5
91958.4
92082.5
92451.3
92951.1
93922.6
93923.212
93923.7
94083.2
94083.4
94125.5
94583.3
95083.1
96097.4
96099.5
96102.4
96143.5
97621.4
97658.5
99965.4
100266.5
100524.6
100525.212
100525.7
102640.2
102640.4
102736.5
103140.3
103640.1
104864.4
104880.5
108637.4
108817.5
113587.4
113697.5
117232.6
117233.212
117233.7
120013.8
120014.8
120226.2
120226.4
120227.5
120229.4
120267.5
120726.3
121226.1
123024.4
123188.5
123190.4
123206.5
126016.4
126158.5
127618.4
127622.5
127640.4
127775.5
128982.4
129052.5
133379.4
133440.5
145570.4
145629.5
147082.4
147111.5
151181.4
151215.5
151302.4
151305.5
158789.4
158838.5
159307.6
159308.212
159308.7
159390.6
159391.7
164490.2
164490.4
164521.5
164525.4
164609.5
164990.3
165490.1
167123.4
167303.5
167500.4
167606.5
169571.4
169619.5
169638.4
169698.5
169701.4
169725.5
171226.6
171227.212
180000.9
123456789
8
05
15
8
05
15
11
FI
2
3
10
45
17
11
18
17
6
2
330
0
0
0
314159265
25
0
78
180000
314159265
0.1
242.6
243.212
243.7
332.2
332.4
344.5
349.4
412.5
832.3
1265.4
1288.5
1299.4
1313.5
1332.1
1400.6
1401.212
1401.7
1450.2
1450.4
1516.5
1800.4
1807.5
1809.4
1882.5
1950.3
2450.1
2814.6
2815.212
2815.7
2872.2
2872.4
2933.5
3372.3
3872.1
4642.6
4643.212
4643.7
4699.2
4699.4
4704.5
4708.4
4756.5
5199.3
5699.1
5997.6
5998.212
5998.7
6045.2
6045.4
6048.5
6050.4
6086.5
6545.3
7045.1
7777.6
7778.212
7778.7
7834.2
7834.4
7840.5
7856.4
7887.5
8334.3
8834.1
10152.6
10153.212
10153.7
10239.2
10239.4
10278.5
10739.3
11239.1
14166.6
14167.212
14167.7
14273.2
14273.4
14326.5
14773.3
15273.1
19089.6
19090.212
19090.7
19215.2
19215.4
19217.5
19218.4
19219.5
19223.4
19282.5
19715.3
20215.1
20708.4
20808.5
20980.6
20981.212
20981.7
21029.2
21029.4
21048.5
21054.4
21096.5
21529.3
22029.1
22734.4
22748.5
22772.4
22775.5
22776.4
22811.5
23213.6
23214.212
23214.7
23260.2
23260.4
23264.5
23270.4
23316.5
23760.3
24260.1
24437.4
24599.5
25490.4
25818.5
26175.6
26176.212
26176.7
26350.2
26350.4
26381.5
26850.3
27350.1
28753.4
28791.5
28794.4
28889.5
29050.6
29051.212
29051.7
30176.2
30176.4
30179.5
30185.4
30285.5
30296.4
30298.5
30304.4
30312.5
30676.3
31176.1
31762.4
31987.5
31988.4
32003.5
32177.6
32178.212
32178.7
32248.2
32248.4
32257.5
32259.4
32334.5
32748.3
33248.1
34050.6
34051.212
34051.7
34275.2
34275.4
34343.5
34775.3
35275.1
42659.6
42660.212
42660.7
43009.2
43009.4
43096.5
43509.3
44009.1
46459.4
46510.5
56528.4
56641.5
68297.4
68321.5
68330.4
68418.5
68453.4
68457.5
68916.6
68917.212
68917.7
79365.2
79365.4
79406.5
79411.4
79518.5
79865.3
80365.1
81691.4
81818.5
83418.4
83575.5
85731.6
85732.212
85732.7
85832.6
85833.7
85954.6
85955.7
95440.2
95440.4
95443.5
95444.4
95465.5
95940.3
96440.1
96465.4
96530.5
98607.4
98663.5
99275.6
99276.212
99276.7
101539.2
101539.4
101567.5
101575.4
101598.5
101625.4
101739.5
102039.3
102539.1
105051.6
105052.212
105052.7
105060.6
105061.7
107783.2
107783.4
107810.5
107880.4
107942.5
108283.3
108783.1
110805.6
110806.212
110806.7
110813.6
110814.7
115311.2
115311.4
115332.5
115335.4
115403.5
115405.4
115418.5
115456.4
115481.5
115811.3
116311.1
117934.6
117935.212
117935.7
121666.2
121666.4
121779.5
122166.3
122666.1
122949.6
122950.212
122950.7
123067.6
123068.7
128666.2
128666.4
128785.5
129166.3
129666.1
132138.4
132214.5
143857.4
143916.5
147892.4
147930.5
149044.4
149081.5
149083.4
149232.5
151476.6
151477.212
151477.7
151493.6
151494.7
156962.2
156962.4
157062.5
157462.3
157962.1
159064.4
159133.5
159270.6
159271.212
159271.7
159293.6
159294.7
160334.2
160334.4
160541.5
160548.4
160586.5
160834.3
160845.4
161134.5
161334.1
164630.4
164721.5
168749.4
168870.5
169062.6
169063.212
169063.7
169079.6
169080.7
169362.6
180000.9
123456789
8
06
15
8
06
15
11
FI
2
3
10
47
39
11
20
39
6
2
406
0
0
0
314159265
25
0
120
180000
314159265
0.1
426.6
427.212
427.7
487.2
487.4
489.5
501.4
557.5
987.3
1390.6
1391.7
1440.4
1450.5
1463.4
1482.5
1487.1
1493.4
1499.5
1505.4
1540.5
1554.4
1557.5
1633.6
1634.212
1634.7
1717.2
1717.4
1780.5
2217.3
2717.1
2834.6
2835.212
2835.7
2882.2
2882.4
2888.5
2904.4
3013.5
3382.3
3563.4
3653.5
3882.1
4097.6
4098.212
4098.7
4165.2
4165.4
4280.5
4665.3
5165.1
6077.6
6078.212
6078.7
6151.2
6151.4
6196.5
6651.3
7151.1
8742.6
8743.212
8743.7
8829.2
8829.4
8887.5
9329.3
9829.1
12020.6
12021.212
12021.7
12102.2
12102.4
12111.5
12118.4
12198.5
12602.3
13102.1
13759.4
13811.5
14528.4
14584.5
14587.4
14588.5
14593.4
14645.5
14648.4
14679.5
14694.4
14713.5
14795.6
14796.212
14796.7
14850.2
14850.4
14857.5
14861.4
14917.5
15350.3
15850.1
16482.4
16571.5
17606.6
17607.212
17607.7
17663.2
17663.4
17729.5
17756.4
17784.5
18163.3
18663.1
20348.6
20349.212
20349.7
20419.2
20419.4
20430.5
20433.4
20435.5
20446.4
20533.5
20919.3
21419.1
23298.4
23300.5
23313.4
23384.5
24639.6
24640.212
24640.7
24718.2
24718.4
24739.5
24753.4
24764.5
24772.4
24800.5
25218.3
25718.1
27215.6
27216.212
27216.7
27321.2
27321.4
27408.5
27821.3
28321.1
28556.4
28567.5
28618.4
28665.5
32174.6
32175.212
32175.7
32249.2
32249.4
32331.5
32749.3
33249.1
33834.4
33842.5
33866.4
34111.5
35197.6
35198.212
35198.7
35369.2
35369.4
35421.5
35869.3
36369.1
41605.6
41606.212
41606.7
41702.2
41702.4
41806.5
41809.4
41821.5
41825.4
41828.5
41832.4
41867.5
42081.4
42148.5
42202.3
42213.4
42323.5
42702.1
43001.4
43013.5
43027.4
43065.5
43257.6
43258.212
43258.7
43325.2
43325.4
43442.5
43825.3
44325.1
45509.4
45516.5
45523.4
45546.5
45563.4
45565.5
45576.4
45650.5
45685.4
45783.5
45901.4
46004.5
57955.4
57980.5
57984.4
58078.5
59878.4
60212.5
60709.6
60710.212
60710.7
63672.2
63672.4
63673.5
63675.4
63677.5
63689.4
63786.5
64172.3
64672.1
68363.4
68530.5
71426.4
71480.5
72804.4
72901.5
75817.4
75901.5
75996.6
75997.212
75997.7
77577.2
77577.4
77614.5
77628.4
77687.5
78077.3
78473.4
78577.1
78601.5
78608.4
78698.5
83071.4
83477.5
90281.6
90282.212
90282.7
90425.2
90425.4
90430.5
90431.4
90434.5
90435.4
90494.5
90509.4
90539.5
90925.3
91425.1
91484.4
91559.5
91573.4
91611.5
91632.4
91690.5
92201.4
92328.5
92576.6
92577.212
92577.7
92605.6
92606.7
95416.2
95416.4
95420.5
95421.4
95445.5
95450.4
95614.5
95916.3
96416.1
98192.4
98550.5
99588.4
99744.5
99994.6
99995.212
99995.7
102051.2
102051.4
102154.5
102551.3
103051.1
111438.4
111650.5
111675.4
111720.5
116237.4
116388.5
125624.4
125698.5
130769.4
130771.5
130773.4
130924.5
131135.6
131136.212
131136.7
131424.2
131424.4
131556.5
131924.3
132424.1
132445.4
132499.5
132701.6
132702.212
132702.7
132728.6
132729.7
133877.2
133877.4
133949.5
134377.3
134799.4
134877.1
134891.5
137760.4
137838.5
140965.4
140975.5
140977.4
140989.5
140998.4
141040.5
141057.4
141248.5
143987.4
144086.5
144258.6
144259.212
144259.7
145554.6
145555.7
146550.2
146550.4
146555.5
146565.4
146649.5
146659.4
146669.5
146689.4
146834.5
147050.3
147550.1
149160.4
149358.5
149584.6
149585.212
149585.7
149835.6
149836.7
151003.2
151003.4
151025.5
151029.4
151070.5
151080.4
151263.5
151334.4
151379.5
151381.4
151404.5
151419.4
151494.5
151503.3
152003.1
153925.4
154131.5
157809.4
158135.5
162112.4
162300.5
163510.4
163516.5
163520.4
163692.5
168971.4
169054.5
170442.4
170683.5
170932.6
170933.212
180000.9
123456789
8
07
15
8
07
15
11
FI
2
3
10
49
46
11
22
46
6
2
385
0
0
0
314159265
26
0
111
180000
314159265
0.1
407.6
408.212
408.7
452.2
452.4
545.5
952.3
1452.1
1559.6
1560.212
1560.7
1634.2
1634.4
1712.5
2134.3
2634.1
3121.6
3122.212
3122.7
3169.2
3169.4
3235.5
3669.3
4169.1
4743.6
4744.212
4744.7
4834.2
4834.4
4900.5
5334.3
5343.4
5403.5
5834.1
6937.4
7008.5
7826.6
7827.212
7827.7
7879.2
7879.4
7885.5
7902.4
7941.5
8379.3
8879.1
10388.4
10468.5
10703.4
10858.5
11711.6
11712.212
11712.7
11782.2
11782.4
11819.5
12282.3
12782.1
14130.4
14150.5
14153.4
14348.5
14593.6
14594.212
14594.7
14644.2
14644.4
14787.5
15144.3
15644.1
16495.4
16845.5
16969.6
16970.212
16970.7
17030.2
17030.4
17033.5
17039.4
17088.5
17530.3
18030.1
21061.6
21062.212
21062.7
21145.2
21145.4
21213.5
21645.3
22145.1
23056.4
23077.5
23146.4
23270.5
23885.6
23886.212
23886.7
23971.2
23971.4
24040.5
24471.3
24971.1
25205.4
25207.5
25210.4
25294.5
27718.6
27719.212
27719.7
27789.2
27789.4
27792.5
27806.4
27841.5
28289.3
28789.1
31789.4
31794.5
31795.4
31798.5
31802.4
31882.5
32910.4
32918.5
32921.4
33016.5
34360.4
34362.5
34372.4
34374.5
34378.4
34586.5
34619.4
34700.5
34841.6
34842.212
34842.7
34887.2
34887.4
34958.5
35387.3
35887.1
42680.6
42681.212
42681.7
42761.2
42761.4
42832.5
43261.3
43761.1
44537.4
44633.5
45357.4
45361.5
45362.4
45455.5
45461.4
45478.5
45591.6
45592.212
45592.7
45648.2
45648.4
45651.5
45653.4
45742.5
46148.3
46648.1
52748.6
52749.212
52749.7
52940.2
52940.4
53032.5
53440.3
53940.1
56703.4
56718.5
56733.4
56783.5
56799.4
56877.5
59869.6
59870.212
59870.7
59964.2
59964.4
60050.5
60464.3
60964.1
67909.4
68013.5
68228.6
68229.212
68229.7
68302.2
68302.4
68340.5
68351.4
68397.5
68802.3
69302.1
69352.4
69363.5
69381.4
69495.5
73331.6
73332.212
73332.7
76105.2
76105.4
76194.5
76605.3
77105.1
81643.6
81644.212
81644.7
82666.2
82666.4
82674.5
82677.4
82700.5
82720.4
82758.5
83166.3
83666.1
83802.4
83832.5
83847.4
83864.5
85891.4
85897.5
85903.4
85937.5
89719.4
89816.5
103944.4
103982.5
104451.6
104452.212
104452.7
106706.2
106706.4
106764.5
107206.3
107706.1
108343.4
108353.5
108363.4
108452.5
114043.4
114047.5
114051.4
114079.5
115211.6
115212.212
115212.7
115285.2
115285.4
115291.5
115301.4
115331.5
115785.3
116200.4
116285.1
116317.5
131213.4
131426.5
131686.6
131687.212
131687.7
131844.2
131844.4
131957.5
132344.3
132844.1
134138.4
134144.5
134147.4
134150.5
134152.4
134331.5
136610.4
136913.5
138835.4
138883.5
139001.6
139002.212
139002.7
139967.2
139967.4
140011.5
140024.4
140049.5
140055.4
140059.5
140467.3
140967.1
140987.4
141035.5
141051.4
141052.5
141053.4
141117.5
141400.6
141401.212
141401.7
143288.2
143288.4
143396.5
143788.3
144288.1
145568.4
145721.5
146288.4
146293.5
146295.4
146305.5
146308.4
146314.5
146318.4
146442.5
147950.4
148066.5
152387.4
152536.5
154479.6
154480.212
154480.7
158628.6
158629.7
158649.6
158650.7
164169.2
164169.4
164189.5
164201.4
164224.5
164225.4
164227.5
164228.4
164232.5
164234.4
164235.5
164237.4
164294.5
164669.3
165169.1
166512.4
166592.5
167862.4
167881.5
167891.4
167907.5
169544.4
169595.5
174262.4
174490.5
174521.4
174529.5
174539.4
174743.5
174763.4
175061.5
175088.4
175116.5
175298.6
175299.212
175299.7
175470.2
175470.4
175540.5
175970.3
176443.4
176470.1
176557.5
176758.4
176978.5
178585.4
178647.5
178656.4
180000.9
123456789
8
08
15
8
08
15
11
FI
2
3
10
50
02
11
23
02
6
2
419
0
0
0
314159265
32
0
107
180000
314159265
0.1
1.4
167.5
484.6
485.212
485.7
540.2
540.4
546.5
553.4
638.5
1040.3
1493.4
1540.1
1595.5
1955.4
2099.5
2271.6
2272.212
2272.7
2338.2
2338.4
2377.5
2838.3
3338.1
3659.6
3660.212
3660.7
3753.2
3753.4
3803.5
4253.3
4753.1
5095.6
5096.212
5096.7
5160.2
5160.4
5235.5
5620.4
5660.3
5810.5
5833.4
5834.5
5835.4
5837.5
5838.4
5867.5
5883.4
5892.5
5988.6
5989.7
6003.6
6004.7
6160.1
6246.6
6247.212
6247.7
6325.2
6325.4
6327.5
6344.4
6421.5
6825.3
7325.1
7713.6
7714.212
7714.7
7779.2
7779.4
7852.5
7863.4
7897.5
8279.3
8779.1
9899.6
9900.212
9900.7
9967.2
9967.4
9984.5
9997.4
10109.5
10467.3
10967.1
11410.6
11411.212
11411.7
11491.2
11491.4
11500.5
11507.4
11573.5
11991.3
12491.1
13271.6
13272.212
13272.7
13305.6
13306.7
13361.2
13361.4
13395.5
13861.3
14361.1
15162.6
15163.212
15163.7
15251.2
15251.4
15301.5
15751.3
16251.1
16928.4
17089.5
17558.6
17559.212
17559.7
17612.2
17612.4
17615.5
17640.4
17664.5
18112.3
18612.1
21158.6
21159.212
21159.7
21287.2
21287.4
21350.5
21787.3
21873.4
21943.5
22287.1
23746.6
23747.212
23747.7
23840.2
23840.4
23901.5
24340.3
24840.1
25823.4
25939.5
26040.6
26041.212
26041.7
26112.2
26112.4
26182.5
26612.3
27112.1
28500.6
28501.212
28501.7
28591.2
28591.4
28597.5
28607.4
28643.5
29091.3
29591.1
30572.6
30573.212
30573.7
30658.2
30658.4
30683.5
31158.3
31658.1
33765.6
33766.212
33766.7
33830.2
33830.4
33834.5
33844.4
33907.5
33914.4
33983.5
34330.3
34830.1
36670.4
36858.5
36877.4
36889.5
36966.6
36967.212
36967.7
37022.2
37022.4
37087.5
37522.3
38022.1
38385.4
38494.5
39186.6
39187.212
39187.7
39235.2
39235.4
39238.5
39247.4
39289.5
39735.3
40235.1
40812.4
40887.5
41145.4
41153.5
41154.4
41156.5
41160.4
41279.5
41694.4
41746.5
42389.6
42390.212
42390.7
42461.2
42461.4
42516.5
42961.3
43461.1
45155.6
45156.212
45156.7
45210.2
45210.4
45214.5
45223.4
45279.5
45292.4
45363.5
45710.3
46210.1
52160.6
52161.212
52161.7
52242.2
52242.4
52519.5
52742.3
53242.1
55672.6
55673.212
55673.7
55776.2
55776.4
55829.5
56276.3
56776.1
57208.4
57292.5
57481.4
57518.5
60617.6
60618.212
60618.7
63523.2
63523.4
63526.5
63532.4
63546.5
63547.4
63550.5
63555.4
63704.5
63756.4
63759.5
63761.4
63796.5
64023.3
64523.1
65252.4
65345.5
71120.4
71304.5
71582.4
71614.5
71618.4
71698.5
74268.4
74392.5
87811.6
87812.212
87812.7
87913.2
87913.4
87916.5
88413.3
88913.1
89322.4
89396.5
93683.6
93684.212
93684.7
93898.2
93898.4
93902.5
94398.3
94898.1
103730.4
103747.5
103777.4
103860.5
104087.6
104088.212
104088.7
104409.6
104410.7
104784.2
104784.4
104859.5
105284.3
105784.1
106433.4
106515.5
124512.6
124513.212
124513.7
124866.6
124867.7
125485.2
125485.4
125560.5
125985.3
126485.1
131306.6
131307.212
131307.7
131973.2
131973.4
131981.5
131996.4
132132.5
132473.3
132973.1
133777.4
133816.5
133830.4
133881.5
134935.4
135056.5
135292.6
135293.212
135293.7
135880.2
135880.4
135995.5
136380.3
136880.1
137312.4
137321.5
137322.4
137354.5
137361.4
137410.5
142867.4
142879.5
142882.4
142937.5
142939.4
142942.5
142946.4
143012.5
149245.4
149469.5
152999.4
153391.5
158021.4
158069.5
158075.4
158265.5
158303.4
158329.5
158330.4
158444.5
158998.4
159308.5
159401.4
159516.5
161355.6
161356.212
161356.7
167480.2
167480.4
167730.5
167980.3
168364.4
168480.1
168487.5
169448.4
169679.5
171299.4
171379.5
171420.4
171472.5
171479.4
171487.5
172239.6
172240.212
172240.7
172812.2
172812.4
172832.5
172836.4
172980.5
173312.3
173812.1
175060.4
175062.5
175077.4
175157.5
175360.4
180000.9
123456789
8
09
15
8
09
15
11
FI
2
3
10
50
18
11
23
18
6
2
472
0
0
0
314159265
43
1
100
180000
314159265
0.1
928.6
929.212
929.7
1016.2
1016.4
1087.5
1516.3
1864.4
1866.5
1869.4
1873.5
1876.4
2016.1
2149.5
2254.6
2255.212
2255.7
2326.2
2326.4
2392.5
2721.4
2800.5
2826.3
3326.1
3454.6
3455.212
3455.7
3504.2
3504.4
3872.5
4004.3
4504.1
6221.6
6222.212
6222.7
6282.2
6282.4
6322.5
6782.3
7282.1
7643.6
7644.212
7644.7
7703.2
7703.4
7739.5
8203.3
8703.1
8964.4
9119.5
9261.6
9262.212
9262.7
9320.2
9320.4
9360.5
9820.3
10320.1
10423.4
10560.5
10651.6
10652.212
10652.7
10710.2
10710.4
10807.5
11210.3
11710.1
13773.6
13774.212
13774.7
13842.2
13842.4
13933.5
14342.3
14842.1
15705.4
15712.5
15720.4
15728.5
15744.4
15847.5
15928.6
15929.212
15929.7
15979.2
15979.4
15981.5
15984.4
16113.5
16479.3
16979.1
18665.6
18666.212
18666.7
18742.2
18742.4
18785.5
19242.3
19742.1
20680.4
20780.5
20872.6
20873.212
20873.7
20941.2
20941.4
21101.5
21441.3
21941.1
22887.4
23369.5
23839.6
23840.212
23840.7
23916.2
23916.4
23955.5
23968.4
24013.5
24416.3
24916.1
26210.4
26271.5
27365.6
27366.212
27366.7
27418.2
27418.4
27467.5
27918.3
28418.1
29378.6
29379.212
29379.7
29431.2
29431.4
29570.5
29931.3
30431.1
30997.4
31127.5
31907.4
31913.5
31931.4
32016.5
32217.6
32218.212
32218.7
32273.2
32273.4
32359.5
32773.3
33273.1
36275.6
36276.212
36276.7
36347.2
36347.4
36422.5
36847.3
37347.1
38034.6
38035.212
38035.7
38089.2
38089.4
38094.5
38096.4
38098.5
38101.4
38166.5
38589.3
39089.1
40623.6
40624.212
40624.7
40830.2
40830.4
40911.5
41330.3
41830.1
44602.6
44603.212
44603.7
44660.2
44660.4
44663.5
44665.4
44704.5
45160.3
45660.1
46516.6
46517.212
46517.7
46570.2
46570.4
46633.5
46980.4
47070.3
47077.5
47570.1
51055.6
51056.212
51056.7
51130.2
51130.4
51188.5
51630.3
52130.1
53390.4
53769.5
53773.4
53884.5
54627.4
54862.5
55804.4
56031.5
56283.6
56284.212
56284.7
56352.2
56352.4
56415.5
56852.3
57352.1
57707.4
57810.5
58148.4
58170.5
58178.4
58293.5
58435.6
58436.212
58436.7
58486.2
58486.4
58490.5
58499.4
58583.5
58986.3
59486.1
62813.6
62814.212
62814.7
62860.2
62860.4
62974.5
63360.3
63860.1
67819.6
67820.212
67820.7
67893.2
67893.4
68078.5
68393.3
68746.4
68847.5
68893.1
69026.4
69109.5
69704.4
70260.5
70883.6
70884.212
70884.7
70936.2
70936.4
70941.5
70948.4
71002.5
71436.3
71936.1
79680.6
79681.212
79681.7
79768.2
79768.4
79829.5
80268.3
80768.1
81770.6
81771.212
81771.7
81838.2
81838.4
81904.5
82338.3
82838.1
83602.4
83607.5
83722.6
83723.212
83723.7
83798.2
83798.4
83837.5
84298.3
84798.1
86863.6
86864.212
86864.7
86931.2
86931.4
86978.5
87431.3
87931.1
95491.6
95492.212
95492.7
95546.2
95546.4
95624.5
96046.3
96546.1
97688.6
97689.212
97689.7
97774.2
97774.4
97855.5
98274.3
98774.1
100947.6
100948.212
100948.7
101013.2
101013.4
101065.5
101069.4
101070.5
101073.4
101110.5
101513.3
102013.1
109295.6
109296.212
109296.7
109408.2
109408.4
109443.5
109520.4
109574.5
109908.3
109983.4
110125.5
110408.1
112960.6
112961.212
112961.7
113012.2
113012.4
113041.5
113043.4
113049.5
113061.4
113096.5
113512.3
113951.4
113963.5
113976.4
114012.1
114026.5
114030.4
114063.5
115281.4
115322.5
115335.4
115358.5
115379.4
115454.5
131634.6
131635.212
131635.7
131903.2
131903.4
131951.5
132403.3
132903.1
137395.6
137396.212
137396.7
137672.6
137673.7
137740.6
137741.7
138357.2
138357.4
138418.5
138857.3
139357.1
140055.4
140129.5
141513.4
141616.5
142181.6
142182.212
142182.7
142337.2
142337.4
142389.5
142837.3
143065.4
143085.5
143089.4
143159.5
143337.1
143858.6
143859.212
143859.7
144164.6
144165.7
144475.6
144476.7
145209.2
145209.4
145285.5
145709.3
146209.1
147132.4
147186.5
147793.6
147794.212
147794.7
149899.2
149899.4
149928.5
150118.4
150141.5
150399.3
150899.1
153577.4
153692.5
156984.4
157112.5
158372.4
158729.5
161759.6
161760.212
161760.7
161833.6
161834.7
162095.2
162095.4
162178.5
162595.3
163095.1
163407.4
163522.5
168192.4
168286.5
168398.6
168399.212
168399.7
171792.2
171792.4
171890.5
172292.3
172792.1
176661.6
176662.212
176662.7
177129.8
177130.8
179076.2
179076.4
179228.5
180000.9
123456789
8
10
15
8
10
15
11
FI
2
3
10
49
37
11
22
37
6
2
463
0
0
0
314159265
43
0
95
180000
314159265
0.1
201.6
202.212
202.7
254.2
254.4
345.5
754.3
1170.6
1171.7
1254.1
1397.6
1398.212
1398.7
1449.2
1449.4
1518.5
1949.3
2415.6
2416.7
2449.1
2616.6
2617.212
2617.7
2636.6
2637.7
2698.2
2698.4
2727.5
3198.3
3420.4
3500.5
3692.4
3698.1
3721.5
3734.4
3835.5
3914.6
3915.212
3915.7
3976.2
3976.4
4024.5
4476.3
4976.1
5079.6
5080.212
5080.7
5150.2
5150.4
5180.5
5650.3
5864.4
6150.1
6351.5
6366.4
6377.5
6485.6
6486.212
6486.7
6559.2
6559.4
6596.5
7059.3
7559.1
7896.6
7897.212
7897.7
7962.2
7962.4
8081.5
8462.3
8962.1
9495.6
9496.212
9496.7
9583.2
9583.4
9651.5
10083.3
10583.1
11557.6
11558.212
11558.7
11656.2
11656.4
11692.5
12156.3
12656.1
13679.6
13680.212
13680.7
13763.2
13763.4
13767.5
13812.4
13871.5
14263.3
14763.1
15478.6
15479.212
15479.7
15552.2
15552.4
15616.5
16052.3
16552.1
18699.6
18700.212
18700.7
18757.2
18757.4
18759.5
18768.4
18849.5
19257.3
19757.1
20668.6
20669.212
20669.7
20730.2
20730.4
20779.5
21230.3
21730.1
22535.6
22536.212
22536.7
22590.2
22590.4
22598.5
22605.4
22656.5
23090.3
23590.1
24349.6
24350.212
24350.7
24402.2
24402.4
24491.5
24902.3
25402.1
25940.4
26032.5
26693.6
26694.212
26694.7
26762.2
26762.4
26794.5
27262.3
27762.1
28329.4
28574.5
28586.4
28601.5
28740.6
28741.212
28741.7
28790.2
28790.4
28799.5
28803.4
28881.5
29290.3
29790.1
30429.6
30430.212
30430.7
30489.2
30489.4
30583.5
30989.3
31316.4
31319.5
31326.4
31328.5
31331.4
31407.5
31489.1
33073.6
33074.212
33074.7
33148.2
33148.4
33173.5
33648.3
34148.1
35399.6
35400.212
35400.7
35474.2
35474.4
35547.5
35974.3
36474.1
37649.4
37747.5
38184.6
38185.212
38185.7
38238.2
38238.4
38298.5
38738.3
39238.1
39664.6
39665.212
39665.7
39741.2
39741.4
39822.5
40241.3
40741.1
43606.6
43607.212
43607.7
43682.2
43682.4
43755.5
44182.3
44682.1
45112.4
45160.5
45163.4
45262.5
47029.4
47035.5
47048.4
47109.5
47182.6
47183.212
47183.7
47236.2
47236.4
47260.5
47271.4
47341.5
47736.3
48236.1
49445.6
49446.212
49446.7
49499.2
49499.4
49502.5
49525.4
49609.5
49999.3
50499.1
51773.6
51774.212
51774.7
51867.2
51867.4
51895.5
52367.3
52867.1
56024.6
56025.212
56025.7
56107.2
56107.4
56162.5
56607.3
56946.4
57012.5
57107.1
58267.6
58268.212
58268.7
58327.2
58327.4
58379.5
58827.3
59327.1
60353.4
60369.5
60386.4
60555.5
60558.4
60678.5
60807.6
60808.212
60808.7
60862.2
60862.4
60879.5
60884.4
60914.5
61362.3
61862.1
63470.6
63471.212
63471.7
63549.2
63549.4
63614.5
64049.3
64549.1
71786.6
71787.212
71787.7
71834.2
71834.4
71950.5
72334.3
72418.4
72426.5
72434.4
72507.5
72834.1
88965.4
88970.5
88971.4
89651.5
89896.6
89897.212
89897.7
89979.2
89979.4
90043.5
90479.3
90979.1
92828.6
92829.212
92829.7
92881.2
92881.4
92951.5
93381.3
93881.1
94688.6
94689.212
94689.7
94739.2
94739.4
94793.5
95239.3
95739.1
101147.4
101182.5
102756.6
102757.212
102757.7
103074.6
103075.7
103170.6
103171.7
103234.2
103234.4
103269.5
103284.4
103339.5
103734.3
104234.1
105085.4
105102.5
105111.4
105115.5
105148.4
105264.5
113932.4
114006.5
124117.6
124118.212
124118.7
124363.6
124364.7
125764.2
125764.4
125873.5
126264.3
126764.1
127171.4
127216.5
127287.4
127463.5
129368.4
129370.5
129372.4
129445.5
131140.6
131141.212
131141.7
131201.2
131201.4
131205.5
131215.4
131283.5
131701.3
132201.1
134701.6
134702.212
134702.7
136083.2
136083.4
136185.5
136583.3
137083.1
140940.4
141043.5
142017.4
142062.5
142140.6
142141.212
142141.7
142189.2
142189.4
142276.5
142689.3
143189.1
144492.6
144493.212
144493.7
144547.2
144547.4
144650.5
145047.3
145547.1
148936.4
149146.5
149149.4
149152.5
149583.6
149584.212
149584.7
149649.2
149649.4
149651.5
149663.4
149787.5
150149.3
150649.1
154838.6
154839.212
154839.7
155784.2
155784.4
155855.5
156284.3
156754.4
156784.1
156801.5
158681.4
158782.5
162902.6
162903.212
162903.7
162971.2
162971.4
163099.5
163471.3
163971.1
164674.4
164845.5
164956.4
165014.5
165029.4
180000.9
123456789
8
11
15
8
11
15
11
FI
2
3
10
54
25
11
27
25
6
2
489
0
0
0
314159265
42
1
111
180000
314159265
0.1
424.6
425.212
425.7
468.2
468.4
524.5
528.4
531.5
533.4
580.5
968.3
1468.1
1558.4
1570.5
1661.6
1662.212
1662.7
1711.2
1711.4
1768.5
2211.3
2711.1
3192.6
3193.212
3193.7
3248.2
3248.4
3385.5
3748.3
4248.1
4453.6
4454.212
4454.7
4504.2
4504.4
4519.5
4523.4
4581.5
5004.3
5504.1
5917.6
5918.212
5918.7
5972.2
5972.4
6018.5
6472.3
6972.1
7171.4
7193.5
7353.4
7400.5
7409.4
7447.5
7531.6
7532.212
7532.7
7593.2
7593.4
7633.5
8093.3
8593.1
8792.4
8828.5
8833.4
8926.5
9291.6
9292.212
9292.7
9344.2
9344.4
9398.5
9844.3
10344.1
10997.6
10998.212
10998.7
11056.2
11056.4
11111.5
11402.4
11492.5
11556.3
12056.1
14216.6
14217.212
14217.7
14315.2
14315.4
14405.5
14815.3
15315.1
16076.6
16077.212
16077.7
16128.2
16128.4
16133.5
16141.4
16180.5
16628.3
17128.1
17922.6
17923.212
17923.7
17976.2
17976.4
17980.5
17981.4
17985.5
17987.4
17992.5
17993.4
18015.5
18476.3
18976.1
19860.4
19863.5
19896.4
19919.5
20143.6
20144.212
20144.7
20238.2
20238.4
20275.5
20738.3
21238.1
22035.6
22036.212
22036.7
22089.2
22089.4
22145.5
22589.3
23089.1
24002.4
24009.5
24036.4
24118.5
24575.6
24576.212
24576.7
24653.2
24653.4
24681.5
25153.3
25653.1
26483.6
26484.212
26484.7
26551.2
26551.4
26591.5
27051.3
27551.1
28355.6
28356.212
28356.7
28420.2
28420.4
28523.5
28920.3
29420.1
30511.4
30521.5
30528.4
30583.5
30656.6
30657.212
30657.7
30739.2
30739.4
30813.5
31239.3
31739.1
32725.6
32726.212
32726.7
32797.2
32797.4
32832.5
33297.3
33797.1
34781.4
34896.5
35188.6
35189.212
35189.7
35254.2
35254.4
35311.5
35754.3
36254.1
37206.4
37262.5
38124.6
38125.212
38125.7
38199.2
38199.4
38276.5
38699.3
39199.1
40626.6
40627.212
40627.7
40692.2
40692.4
40700.5
40703.4
40750.5
41192.3
41692.1
43462.6
43463.212
43463.7
43546.2
43546.4
43582.5
44046.3
44546.1
46274.4
46311.5
46328.4
46402.5
46779.6
46780.212
46780.7
46835.2
46835.4
46968.5
47335.3
47835.1
49081.6
49082.212
49082.7
49143.2
49143.4
49145.5
49152.4
49224.5
49643.3
50143.1
54400.4
54636.5
54955.6
54956.212
54956.7
55010.2
55010.4
55102.5
55510.3
56010.1
57158.6
57159.212
57159.7
57212.2
57212.4
57213.5
57216.4
57218.5
57224.4
57254.5
57712.3
58212.1
58925.6
58926.212
58926.7
59000.2
59000.4
59078.5
59500.3
60000.1
61559.6
61560.212
61560.7
61612.2
61612.4
61619.5
61626.4
61701.5
62112.3
62612.1
65179.6
65180.212
65180.7
65313.6
65314.7
65475.2
65475.4
65480.5
65488.4
65552.5
65975.3
66475.1
69086.6
69087.212
69087.7
69146.2
69146.4
69149.5
69153.4
69194.5
69646.3
70146.1
70617.4
70914.5
71095.6
71096.212
71096.7
71148.2
71148.4
71209.5
71648.3
72148.1
74318.6
74319.212
74319.7
74401.2
74401.4
74466.5
74901.3
75401.1
80659.6
80660.212
80660.7
80721.2
80721.4
80876.5
81221.3
81721.1
86007.6
86008.212
86008.7
86060.2
86060.4
86061.5
86065.4
86069.5
86073.4
86151.5
86560.3
87060.1
89608.6
89609.212
89609.7
89699.2
89699.4
89711.5
89713.4
89764.5
90199.3
90699.1
93672.4
93828.5
94413.6
94414.212
94414.7
94471.2
94471.4
94522.5
94547.4
94572.5
94971.3
95471.1
105301.4
105525.5
105792.6
105793.212
105793.7
105837.2
105837.4
105848.5
105852.4
105853.5
105860.4
105975.5
106027.4
106119.5
106337.3
106837.1
107162.4
107250.5
108940.4
108957.5
108961.4
109146.5
110831.4
111138.5
116053.4
116101.5
119395.8
119396.8
120667.4
120822.5
121008.6
121009.212
121009.7
121309.2
121309.4
121427.5
121809.3
122309.1
122485.4
122493.5
122521.4
122603.5
123513.4
123573.5
123587.4
123668.5
128559.4
128960.5
129629.4
129773.5
130479.6
130480.212
130480.7
132588.2
132588.4
132626.5
133088.3
133588.1
137761.4
137763.5
137771.4
137821.5
143497.6
143498.212
143498.7
143517.6
143518.7
143859.2
143859.4
143940.5
143955.4
143987.5
144359.3
144859.1
146304.4
146580.5
149556.4
149564.5
150130.4
150358.5
151096.6
151097.212
151097.7
151137.6
151138.7
151182.2
151182.4
151185.5
151197.4
151247.5
151682.3
152182.1
152903.4
153008.5
155135.6
155136.212
155136.7
159666.6
159667.7
159727.6
159728.7
159818.2
159818.4
159932.5
160318.3
160818.1
161410.4
161587.5
164068.4
164221.5
164243.4
164384.5
167968.4
168064.5
170998.4
171101.5
178953.4
178963.5
178966.4
180000.9
123456789
8
12
15
8
12
15
11
FI
2
3
10
49
19
11
22
19
6
2
505
0
0
0
314159265
51
0
95
180000
314159265
0.1
229.6
230.212
230.7
273.2
273.4
346.5
773.3
1230.6
1231.7
1247.6
1248.7
1261.6
1262.7
1273.1
1423.6
1424.212
1424.7
1469.2
1469.4
1473.5
1476.4
1519.5
1969.3
2469.1
2677.6
2678.212
2678.7
2729.2
2729.4
2772.5
3229.3
3729.1
4020.6
4021.212
4021.7
4078.2
4078.4
4155.5
4578.3
5078.1
5582.6
5583.212
5583.7
5647.2
5647.4
5687.5
6147.3
6647.1
6661.4
6753.5
7704.4
7710.5
7727.4
7819.5
7912.6
7913.212
7913.7
7965.2
7965.4
8027.5
8213.4
8233.5
8241.4
8359.5
8465.3
8965.1
9732.6
9733.212
9733.7
9778.2
9778.4
9819.5
10278.3
10778.1
11722.6
11723.212
11723.7
11777.2
11777.4
11787.5
11789.4
11812.5
12277.3
12777.1
13176.4
13193.5
13200.4
13269.5
14193.6
14194.212
14194.7
14243.2
14243.4
14249.5
14250.4
14331.5
14743.3
15243.1
16072.6
16073.212
16073.7
16130.2
16130.4
16198.5
16630.3
17130.1
18678.6
18679.212
18679.7
18749.2
18749.4
18813.5
19249.3
19749.1
20846.6
20847.212
20847.7
20901.2
20901.4
20904.5
20924.4
20978.5
21401.3
21901.1
23454.6
23455.212
23455.7
23508.2
23508.4
23510.5
23511.4
23512.5
23515.4
23559.5
24008.3
24508.1
25949.6
25950.212
25950.7
26000.2
26000.4
26012.5
26019.4
26052.5
26500.3
27000.1
28873.6
28874.212
28874.7
28936.2
28936.4
28983.5
29436.3
29936.1
31170.4
31394.5
31745.4
31931.5
32321.6
32322.212
32322.7
32394.2
32394.4
32469.5
32481.4
32489.5
32894.3
33394.1
37753.6
37754.212
37754.7
37819.2
37819.4
37872.5
38319.3
38819.1
41306.6
41307.212
41307.7
41385.2
41385.4
41478.5
41885.3
42058.4
42061.5
42079.4
42173.5
42385.1
45601.4
45609.5
45690.6
45691.212
45691.7
45736.2
45736.4
45744.5
45749.4
45790.5
46236.3
46736.1
49367.6
49368.212
49368.7
49439.2
49439.4
49516.5
49939.3
50439.1
51487.6
51488.212
51488.7
51569.2
51569.4
51610.5
52069.3
52569.1
56613.6
56614.212
56614.7
56694.2
56694.4
56794.5
57194.3
57694.1
60933.6
60934.212
60934.7
61045.2
61045.4
61058.5
61068.4
61117.5
61545.3
62045.1
65332.6
65333.212
65333.7
65396.2
65396.4
65398.5
65413.4
65446.5
65896.3
66396.1
68076.4
68150.5
68973.6
68974.212
68974.7
69058.2
69058.4
69092.5
69558.3
70058.1
74051.6
74052.212
74052.7
74124.2
74124.4
74169.5
74624.3
75124.1
76169.6
76170.212
76170.7
76245.2
76245.4
76287.5
76745.3
77245.1
77311.4
77313.5
77315.4
77318.5
77321.4
77392.5
80662.6
80663.212
80663.7
80718.2
80718.4
80755.5
81218.3
81718.1
85354.6
85355.212
85355.7
85410.2
85410.4
85412.5
85421.4
85457.5
85910.3
86410.1
89197.6
89198.212
89198.7
89286.2
89286.4
89321.5
89786.3
90286.1
101579.4
101586.5
101599.4
101665.5
101669.4
101684.5
101769.6
101770.212
101770.7
101822.2
101822.4
101862.5
102322.3
102822.1
104011.6
104012.212
104012.7
104080.2
104080.4
104157.5
104580.3
105080.1
107780.6
107781.212
107781.7
107836.2
107836.4
107959.5
108336.3
108836.1
109177.4
109183.5
109199.4
109282.5
111404.6
111405.212
111405.7
111452.2
111452.4
111597.5
111952.3
112452.1
114727.4
114818.5
115256.6
115257.212
115257.7
115313.2
115313.4
115314.5
115319.4
115377.5
115813.3
116313.1
118445.6
118446.212
118446.7
118592.2
118592.4
118653.5
119092.3
119592.1
120955.6
120956.212
120956.7
121028.2
121028.4
121093.5
121528.3
122028.1
124029.4
124115.5
124681.4
125045.5
125337.6
125338.212
125338.7
125385.2
125385.4
125474.5
125885.3
126385.1
128770.6
128771.212
128771.7
128841.2
128841.4
129091.5
129341.3
129841.1
131895.4
132049.5
133169.6
133170.212
133170.7
133216.2
133216.4
133314.5
133716.3
134216.1
135042.4
135136.5
135774.6
135775.212
135775.7
135843.2
135843.4
135934.5
136343.3
136843.1
141984.6
141985.212
141985.7
142057.2
142057.4
142096.5
142557.3
143057.1
144486.4
144494.5
144501.4
144552.5
146206.6
146207.212
146207.7
146262.2
146262.4
146381.5
146762.3
147262.1
149729.6
149730.212
149730.7
149780.2
149780.4
149784.5
149809.4
149841.5
150280.3
150780.1
152261.6
152262.212
152262.7
152320.2
152320.4
152384.5
152820.3
153320.1
153745.6
153746.212
153746.7
153797.2
153797.4
153841.5
154297.3
154797.1
156511.6
156512.212
156512.7
156582.2
156582.4
156612.5
157082.3
157582.1
160388.6
160389.212
160389.7
160443.2
160443.4
160446.5
160459.4
160565.5
160943.3
161443.1
163031.6
163032.212
163032.7
163103.2
163103.4
163140.5
163603.3
164103.1
165605.6
165606.212
165606.7
165659.2
165659.4
165705.5
165717.4
165770.5
166159.3
166659.1
174178.6
174179.212
174179.7
174969.2
174969.4
175060.5
175469.3
180000.9
123456789
8
13
15
8
13
15
11
FI
2
3
10
47
53
11
20
53
6
2
469
0
0
0
314159265
43
0
103
180000
314159265
0.1
418.6
419.212
419.7
460.2
460.4
519.5
960.3
1269.4
1319.5
1323.4
1374.5
1460.1
1720.6
1721.212
1721.7
1771.2
1771.4
1775.5
1783.4
1873.5
2271.3
2771.1
2850.4
2862.5
2969.6
2970.212
2970.7
3023.2
3023.4
3086.5
3523.3
4023.1
4059.6
4060.212
4060.7
4131.2
4131.4
4193.5
4631.3
5131.1
5727.6
5728.212
5728.7
5776.2
5776.4
5783.5
5791.4
5852.5
6276.3
6776.1
7127.6
7128.212
7128.7
7192.2
7192.4
7327.5
7692.3
8192.1
8544.6
8545.212
8545.7
8607.2
8607.4
8654.5
9107.3
9607.1
9942.4
9949.5
9959.4
10019.5
10026.4
10048.5
10147.6
10148.212
10148.7
10205.2
10205.4
10261.5
10649.4
10655.5
10656.4
10705.3
10713.5
11205.1
12209.4
12263.5
12364.6
12365.212
12365.7
12420.2
12420.4
12460.5
12920.3
13420.1
13858.4
13890.5
13897.4
14123.5
14250.4
14257.5
14267.4
14489.5
14591.6
14592.212
14592.7
14638.2
14638.4
14732.5
15138.3
15638.1
16032.4
16233.5
16713.4
16719.5
16726.4
16751.5
16820.6
16821.212
16821.7
16873.2
16873.4
16919.5
17373.3
17873.1
18607.6
18608.212
18608.7
18662.2
18662.4
18715.5
19162.3
19662.1
21053.6
21054.212
21054.7
21111.2
21111.4
21114.5
21121.4
21135.5
21138.4
21197.5
21611.3
22111.1
23041.6
23042.212
23042.7
23122.2
23122.4
23198.5
23622.3
24122.1
24622.4
24659.5
24687.4
24773.5
25749.6
25750.212
25750.7
25832.2
25832.4
25899.5
26332.3
26832.1
28604.6
28605.212
28605.7
28660.2
28660.4
28663.5
28667.4
28721.5
29160.3
29660.1
32895.4
32973.5
34192.6
34193.212
34193.7
34267.2
34267.4
34277.5
34282.4
34340.5
34767.3
35267.1
36681.6
36682.212
36682.7
36734.2
36734.4
36739.5
36745.4
36801.5
37234.3
37734.1
40466.4
40521.5
40685.6
40686.212
40686.7
40738.2
40738.4
40744.5
40753.4
40872.5
41238.3
41738.1
44676.4
44678.5
44765.6
44766.212
44766.7
44813.2
44813.4
44860.5
45313.3
45813.1
47459.6
47460.212
47460.7
47514.2
47514.4
47519.5
47525.4
47572.5
47586.4
47622.5
48014.3
48514.1
50874.6
50875.212
50875.7
50937.2
50937.4
50984.5
51437.3
51937.1
56951.6
56952.212
56952.7
57023.2
57023.4
57109.5
57523.3
58023.1
60013.4
60020.5
60029.4
60055.5
60144.6
60145.212
60145.7
60191.2
60191.4
60254.5
60691.3
61191.1
63087.6
63088.212
63088.7
63160.2
63160.4
63206.5
63234.4
63277.5
63660.3
64160.1
67187.6
67188.212
67188.7
67244.2
67244.4
67312.5
67744.3
68244.1
69855.6
69856.212
69856.7
69952.2
69952.4
69995.5
70013.4
70084.5
70452.3
70952.1
72785.6
72786.212
72786.7
72855.2
72855.4
72874.5
72890.4
72952.5
73355.3
73656.4
73660.5
73667.4
73673.5
73676.4
73731.5
73855.1
76705.6
76706.212
76706.7
76766.2
76766.4
76809.5
77266.3
77766.1
77926.4
77999.5
80154.6
80155.212
80155.7
80220.2
80220.4
80261.5
80720.3
81220.1
83295.6
83296.212
83296.7
83364.2
83364.4
83445.5
83864.3
84364.1
88745.6
88746.212
88746.7
88803.2
88803.4
88808.5
88817.4
88898.5
89303.3
89803.1
90913.4
91031.5
91481.6
91482.212
91482.7
91528.2
91528.4
91592.5
92028.3
92528.1
93530.4
93537.5
93690.6
93691.212
93691.7
93765.2
93765.4
93809.5
94265.3
94765.1
97683.6
97684.212
97684.7
97740.2
97740.4
97743.5
97758.4
97852.5
98240.3
98740.1
100200.6
100201.212
100201.7
100264.2
100264.4
100346.5
100764.3
101264.1
103328.6
103329.212
103329.7
103384.2
103384.4
103395.5
103405.4
103440.5
103884.3
104384.1
105607.6
105608.212
105608.7
105661.2
105661.4
105666.5
105667.4
105759.5
106161.3
106661.1
109114.6
109115.212
109115.7
109163.2
109163.4
109170.5
109171.4
109245.5
109663.3
110163.1
112327.6
112328.212
112328.7
112390.2
112390.4
112437.5
112890.3
113390.1
119669.4
120003.5
120186.6
120187.212
120187.7
120237.2
120237.4
120241.5
120247.4
120404.5
120439.4
120575.5
120737.3
121237.1
123525.6
123526.212
123526.7
123570.2
123570.4
123627.5
123633.4
123756.5
124070.3
124341.4
124353.5
124397.4
124570.1
124590.5
147651.4
147655.5
147657.4
147753.5
148620.4
148629.5
148782.4
148808.5
150403.6
150404.212
150404.7
150458.6
150459.7
150580.2
150580.4
150628.5
151080.3
151580.1
161550.4
161621.5
161798.4
161867.5
163798.4
180000.9
123456789
8
14
15
8
14
15
11
FI
2
3
10
49
30
11
22
30
6
2
493
0
0
0
314159265
43
0
110
180000
314159265
0.1
86.6
87.212
87.7
152.2
152.4
155.5
161.4
222.5
652.3
1152.1
1172.6
1173.212
1173.7
1227.6
1228.7
1308.2
1308.4
1413.5
1808.3
2308.1
2335.4
2571.5
2646.6
2647.212
2647.7
2698.2
2698.4
2786.5
3198.3
3698.1
4167.4
4205.5
4239.4
4288.5
4398.6
4399.212
4399.7
4454.2
4454.4
4465.5
4475.4
4516.5
4954.3
5454.1
5756.6
5757.212
5757.7
5813.2
5813.4
5817.5
5825.4
5858.5
6313.3
6813.1
7217.6
7218.212
7218.7
7349.2
7349.4
7358.5
7359.4
7401.5
7849.3
8349.1
9237.4
9300.5
9845.6
9846.212
9846.7
9902.2
9902.4
9904.5
9906.4
9951.5
10402.3
10902.1
11462.6
11463.212
11463.7
11532.2
11532.4
11635.5
12032.3
12532.1
14550.6
14551.212
14551.7
14624.2
14624.4
14643.5
14659.4
14742.5
15124.3
15624.1
17788.6
17789.212
17789.7
17860.2
17860.4
17953.5
18360.3
18860.1
19016.6
19017.212
19017.7
19071.2
19071.4
19130.5
19571.3
20071.1
23758.6
23759.212
23759.7
23833.2
23833.4
23883.5
24333.3
24833.1
26582.6
26583.212
26583.7
26675.2
26675.4
26743.5
27175.3
27675.1
30546.6
30547.212
30547.7
30618.2
30618.4
30620.5
30640.4
30717.5
31118.3
31618.1
34478.4
34527.5
35438.4
35447.5
35453.4
35504.5
35516.4
35548.5
35717.4
35785.5
35858.6
35859.212
35859.7
35924.2
35924.4
36025.5
36424.3
36924.1
39778.6
39779.212
39779.7
39851.2
39851.4
39903.5
40351.3
40851.1
44517.6
44518.212
44518.7
44589.2
44589.4
44638.5
45089.3
45589.1
47145.4
47153.5
47161.4
47163.5
47165.4
47178.5
47183.4
47273.5
48978.6
48979.212
48979.7
49038.2
49038.4
49040.5
49050.4
49104.5
49466.4
49470.5
49472.4
49538.3
49553.5
50038.1
53138.6
53139.212
53139.7
53213.2
53213.4
53250.5
53713.3
54213.1
57517.6
57518.212
57518.7
57572.2
57572.4
57619.5
58072.3
58572.1
61661.6
61662.212
61662.7
61724.2
61724.4
61793.5
62224.3
62724.1
66308.6
66309.212
66309.7
66450.6
66451.7
66562.2
66562.4
66563.5
66564.4
66568.5
66569.4
66570.5
66571.4
66623.5
67062.3
67562.1
71169.6
71170.212
71170.7
71227.2
71227.4
71272.5
71727.3
72227.1
72748.4
72829.5
74990.6
74991.212
74991.7
75043.2
75043.4
75047.5
75048.4
75134.5
75543.3
76043.1
77419.4
77499.5
77837.4
77839.5
77852.4
77853.5
77856.4
78179.5
80245.4
80295.5
80470.4
80617.5
80634.4
80728.5
80903.6
80904.212
80904.7
80951.2
80951.4
81008.5
81451.3
81951.1
83857.4
83945.5
85749.6
85750.212
85750.7
85804.2
85804.4
85897.5
85899.4
85909.5
85914.4
85969.5
86304.3
86804.1
89746.6
89747.212
89747.7
89801.2
89801.4
89805.5
89816.4
89874.5
90301.3
90801.1
94417.4
94623.5
94723.6
94724.212
94724.7
94771.2
94771.4
94889.5
95271.3
95420.4
95511.5
95771.1
98825.6
98826.212
98826.7
98883.2
98883.4
98992.5
99383.3
99883.1
105401.4
105837.5
106027.6
106028.212
106028.7
106081.2
106081.4
106194.5
106581.3
107081.1
108916.6
108917.212
108917.7
108973.2
108973.4
109059.5
109473.3
109973.1
113578.4
113695.5
113860.6
113861.212
113861.7
113909.2
113909.4
114008.5
114243.4
114377.5
114409.3
114909.1
121079.6
121080.212
121080.7
121221.6
121222.7
121375.2
121375.4
121419.5
121875.3
122375.1
122729.4
122821.5
125633.6
125634.212
125634.7
125701.2
125701.4
125825.5
126201.3
126701.1
130821.6
130822.212
130822.7
131063.2
131063.4
131166.5
131563.3
132063.1
134663.6
134664.212
134664.7
134741.2
134741.4
134856.5
134878.4
134956.5
135002.4
135162.5
135241.3
135741.1
135886.4
135976.5
141299.6
141300.212
141300.7
141324.6
141325.7
141385.2
141385.4
141479.5
141885.3
142385.1
143975.6
143976.212
143976.7
144071.2
144071.4
144085.5
144086.4
144126.5
144571.3
145071.1
147330.4
147338.5
147345.4
147367.5
147515.6
147516.212
147516.7
147591.2
147591.4
147787.5
147864.4
147921.5
148091.3
148227.4
148381.5
148591.1
148836.4
148943.5
152536.4
152614.5
152714.6
152715.212
152715.7
152765.2
152765.4
152979.5
153226.4
153265.3
153341.5
153448.4
153499.5
153765.1
157610.4
157631.5
159610.4
159663.5
166829.6
166830.212
166830.7
166896.2
166896.4
166925.5
166987.4
167164.5
167396.3
167727.4
167863.5
167896.1
167967.4
168021.5
168995.4
169074.5
169456.6
169457.212
169457.7
169471.6
169472.7
169641.6
169642.7
170474.2
170474.4
170529.5
170542.4
170592.5
170974.3
171474.1
173129.4
173134.5
173158.4
173319.5
173506.6
173507.212
173507.7
173549.2
173549.4
173648.5
174049.3
174549.1
175325.4
180000.9
123456789
8
15
15
8
15
15
11
FI
2
3
10
48
00
11
21
00
6
2
450
0
0
0
314159265
45
0
85
180000
314159265
0.1
92.6
93.212
93.7
146.2
146.4
152.5
165.4
226.5
646.3
1146.1
1652.6
1653.212
1653.7
1729.2
1729.4
1796.5
2229.3
2729.1
3072.6
3073.212
3073.7
3122.2
3122.4
3163.5
3622.3
4122.1
4764.6
4765.212
4765.7
4813.2
4813.4
4888.5
4891.4
4950.5
5313.3
5813.1
6880.6
6881.212
6881.7
6956.2
6956.4
6964.5
6971.4
6973.5
6976.4
6985.5
6992.4
7067.5
7187.4
7353.5
7456.3
7956.1
8290.6
8291.212
8291.7
8376.2
8376.4
8543.5
8876.3
9376.1
10415.6
10416.212
10416.7
10474.2
10474.4
10476.5
10495.4
10580.5
10974.3
11474.1
12679.4
12730.5
13420.6
13421.212
13421.7
13490.2
13490.4
13540.5
13990.3
14490.1
15845.6
15846.212
15846.7
15904.2
15904.4
15957.5
16404.3
16904.1
18537.6
18538.212
18538.7
18596.2
18596.4
18604.5
18616.4
18711.5
19096.3
19596.1
22716.6
22717.212
22717.7
22778.2
22778.4
22814.5
22825.4
22836.5
22848.4
22906.5
23278.3
23778.1
26974.6
26975.212
26975.7
27048.2
27048.4
27049.5
27054.4
27136.5
27548.3
28048.1
30844.6
30845.212
30845.7
30931.2
30931.4
30972.5
31431.3
31931.1
34472.6
34473.212
34473.7
34554.2
34554.4
34555.5
34565.4
34613.5
35054.3
35554.1
37846.6
37847.212
37847.7
37914.2
37914.4
38022.5
38414.3
38914.1
42104.6
42105.212
42105.7
42171.2
42171.4
42275.5
42671.3
43171.1
46989.6
46990.212
46990.7
47041.2
47041.4
47051.5
47061.4
47106.5
47541.3
48041.1
51603.6
51604.212
51604.7
51676.2
51676.4
51735.5
52176.3
52676.1
54931.6
54932.212
54932.7
54974.2
54974.4
54984.5
54995.4
55075.5
55474.3
55974.1
58648.6
58649.212
58649.7
58694.2
58694.4
58698.5
58711.4
58755.5
59194.3
59694.1
62891.6
62892.212
62892.7
62942.2
62942.4
62947.5
62953.4
63017.5
63442.3
63942.1
66295.6
66296.212
66296.7
66361.2
66361.4
66411.5
66861.3
67361.1
70209.6
70210.212
70210.7
70278.2
70278.4
70382.5
70778.3
71278.1
73986.6
73987.212
73987.7
74067.2
74067.4
74071.5
74072.4
74134.5
74567.3
75067.1
78632.6
78633.212
78633.7
78696.2
78696.4
78702.5
78706.4
78816.5
79196.3
79696.1
82427.6
82428.212
82428.7
82497.2
82497.4
82531.5
82997.3
83497.1
85547.6
85548.212
85548.7
85622.2
85622.4
85679.5
86122.3
86622.1
87992.4
88116.5
89047.6
89048.212
89048.7
89115.2
89115.4
89166.5
89615.3
90115.1
92875.6
92876.212
92876.7
92931.2
92931.4
93044.5
93431.3
93931.1
96547.4
96549.5
96555.4
96563.5
96576.4
96633.5
96713.6
96714.212
96714.7
96764.2
96764.4
96850.5
97264.3
97764.1
101108.6
101109.212
101109.7
101169.2
101169.4
101259.5
101669.3
102169.1
103512.6
103513.212
103513.7
103574.2
103574.4
103667.5
103679.4
103745.5
104074.3
104574.1
107236.6
107237.212
107237.7
107293.2
107293.4
107382.5
107793.3
108293.1
110056.4
110121.5
114852.6
114853.212
114853.7
114962.2
114962.4
115057.5
115462.3
115962.1
118676.6
118677.212
118677.7
118740.2
118740.4
118851.5
119240.3
119740.1
124386.6
124387.212
124387.7
124452.2
124452.4
124530.5
124952.3
125452.1
129031.4
129077.5
132017.6
132018.212
132018.7
132086.2
132086.4
132087.5
132100.4
132180.5
132586.3
133086.1
133414.6
133415.212
133415.7
133466.2
133466.4
133555.5
133966.3
134466.1
136993.6
136994.212
136994.7
137045.2
137045.4
137107.5
137545.3
137707.4
137769.5
138045.1
142099.6
142100.212
142100.7
143377.2
143377.4
143444.5
143877.3
144046.4
144155.5
144377.1
149420.6
149421.212
149421.7
149541.6
149542.7
150957.2
150957.4
151029.5
151457.3
151957.1
155175.6
155176.212
155176.7
155821.2
155821.4
155914.5
156321.3
156821.1
160317.6
160318.212
160318.7
161003.2
161003.4
161142.5
161231.4
161282.5
161503.3
162003.1
169994.4
170127.5
170561.6
170562.212
170562.7
170655.6
170656.7
170778.2
170778.4
170850.5
170857.4
170937.5
170959.4
170964.5
171278.3
171778.1
173303.4
173645.5
173824.6
173825.212
173825.7
173930.2
173930.4
174071.5
174430.3
174930.1
174975.4
175067.5
175084.4
175242.5
175830.4
175959.5
176415.4
176526.5
176583.4
176658.5
177627.4
177826.5
178502.6
178503.212
180000.9
123456789
8
16
15
8
16
15
11
FI
2
3
10
57
07
11
30
07
6
2
267
0
0
0
314159265
20
0
69
180000
314159265
0.1
155.6
156.212
156.7
232.2
232.4
305.5
732.3
1232.1
2168.6
2169.212
2169.7
2225.2
2225.4
2228.5
2230.4
2233.5
2255.4
2320.5
2725.3
3225.1
3256.4
3359.5
4169.6
4170.212
4170.7
4291.6
4292.7
4369.2
4369.4
4444.5
4869.3
5369.1
8269.6
8270.212
8270.7
8411.2
8411.4
8470.5
8476.4
8577.5
8911.3
9411.1
14098.6
14099.212
14099.7
14182.2
14182.4
14256.5
14682.3
15182.1
18173.6
18174.212
18174.7
18237.2
18237.4
18320.5
18737.3
19237.1
24334.6
24335.212
24335.7
24390.2
24390.4
24396.5
24429.4
24529.5
24890.3
25390.1
30542.6
30543.212
30543.7
30751.2
30751.4
30862.5
31251.3
31751.1
32003.4
32013.5
32029.4
32102.5
39939.6
39940.212
39940.7
39995.2
39995.4
40003.5
40037.4
40091.5
40382.4
40393.5
40414.4
40495.3
40511.5
40995.1
46399.6
46400.212
46400.7
46666.2
46666.4
46670.5
46674.4
46829.5
47166.3
47244.4
47293.5
47666.1
52093.4
52113.5
52125.4
52181.5
52212.4
52290.5
53492.4
53629.5
56630.4
56740.5
59986.6
59987.212
59987.7
60061.2
60061.4
60122.5
60130.4
60242.5
60554.4
60561.3
60562.5
60588.4
60639.5
60646.4
60731.5
61061.1
66832.6
66833.212
66833.7
66870.6
66871.7
66960.2
66960.4
66962.5
66966.4
67019.5
67020.4
67151.5
67343.4
67440.5
67460.3
67960.1
70507.6
70508.212
70508.7
70563.2
70563.4
70609.5
70610.4
70652.5
70972.4
70975.5
70978.4
71054.5
71063.3
71563.1
78938.6
78939.212
78939.7
79636.2
79636.4
79760.5
80136.3
80233.4
80234.5
80259.4
80391.5
80461.4
80534.5
80636.1
92687.6
92688.212
92688.7
92765.2
92765.4
92876.5
93265.3
93765.1
108215.6
108216.212
108216.7
108441.6
108442.7
108779.2
108779.4
108781.5
108787.4
108876.5
109279.3
109779.1
110371.4
110478.5
121244.4
121460.5
122696.4
122700.5
122712.4
122887.5
125848.4
125932.5
126216.6
126217.212
126217.7
126676.2
126676.4
126766.5
127176.3
127676.1
135081.4
135092.5
136366.4
136369.5
136372.4
136382.5
142827.6
142828.212
142828.7
143806.2
143806.4
143808.5
143819.4
143958.5
144306.3
144806.1
148580.4
148685.5
153443.6
153444.212
153444.7
155714.2
155714.4
155825.5
156214.3
156378.4
156486.5
156714.1
167974.6
167975.212
167975.7
168993.2
168993.4
169007.5
169493.3
169993.1
170538.4
170540.5
170544.4
170551.5
173079.4
173081.5
173085.4
173089.5
173095.4
173097.5
173168.4
173233.5
173412.4
180000.9
123456789
8
17
15
8
17
15
11
FI
2
3
10
47
00
11
20
00
6
2
419
0
0
0
314159265
32
0
106
180000
314159265
0.1
344.6
345.212
345.7
398.2
398.4
399.5
411.4
482.5
898.3
1398.1
1418.6
1419.212
1419.7
1469.6
1470.7
1528.2
1528.4
1573.5
2028.3
2528.1
2715.6
2716.212
2716.7
2793.2
2793.4
2832.5
3293.3
3793.1
4139.6
4140.212
4140.7
4204.2
4204.4
4260.5
4704.3
5204.1
5658.6
5659.212
5659.7
5729.2
5729.4
5731.5
5754.4
5778.5
6229.3
6729.1
7375.4
7381.5
7405.4
7490.5
8687.6
8688.212
8688.7
8767.2
8767.4
8783.5
8793.4
8884.5
9267.3
9767.1
11367.6
11368.212
11368.7
11435.2
11435.4
11471.5
11935.3
12294.4
12298.5
12305.4
12387.5
12435.1
13677.6
13678.212
13678.7
13738.2
13738.4
13819.5
14238.3
14738.1
17309.6
17310.212
17310.7
17390.2
17390.4
17496.5
17890.3
18390.1
21058.6
21059.212
21059.7
21133.2
21133.4
21221.5
21633.3
22133.1
25091.6
25092.212
25092.7
25160.2
25160.4
25238.5
25660.3
26160.1
30143.4
30145.5
31208.6
31209.212
31209.7
31300.2
31300.4
31352.5
31800.3
32300.1
35806.4
35921.5
37921.6
37922.212
37922.7
37993.2
37993.4
38067.5
38493.3
38993.1
42003.6
42004.212
42004.7
42114.2
42114.4
42117.5
42119.4
42198.5
42614.3
43114.1
51530.6
51531.212
51531.7
51593.2
51593.4
51595.5
51599.4
51602.5
51610.4
51644.5
51648.4
51718.5
51857.4
52017.5
52093.3
52593.1
56447.6
56448.212
56448.7
56530.2
56530.4
56532.5
56533.4
56534.5
56548.4
56555.5
56562.4
56591.5
56932.4
56989.5
57030.3
57530.1
61728.6
61729.212
61729.7
62089.2
62089.4
62231.5
62589.3
63089.1
63212.4
63313.5
63317.4
63320.5
63408.4
63505.5
73738.6
73739.212
73739.7
73890.2
73890.4
73899.5
73911.4
73939.5
73949.4
73989.5
74372.4
74390.3
74498.5
74890.1
81205.4
81228.5
81375.4
81396.5
81731.4
81754.5
82332.6
82333.212
82333.7
82930.2
82930.4
83015.5
83430.3
83930.1
90159.6
90160.212
90160.7
90316.6
90317.7
91620.2
91620.4
91625.5
91653.4
91655.5
91657.4
91660.5
91666.4
91725.5
92120.3
92620.1
97288.6
97289.212
97289.7
97390.6
97391.7
97470.2
97470.4
97473.5
97476.4
97538.5
97560.4
97586.5
97588.4
97589.5
97590.4
97625.5
97970.3
98079.4
98104.5
98107.4
98109.5
98112.4
98169.5
98470.1
103287.6
103288.212
103288.7
103394.2
103394.4
103509.5
103894.3
104394.1
115112.6
115113.212
115113.7
115150.6
115151.7
115247.2
115247.4
115304.5
115323.4
115383.5
115747.3
116247.1
119411.6
119412.212
119412.7
119607.2
119607.4
119615.5
119667.4
119786.5
120107.3
120607.1
120813.4
120886.5
124462.6
124463.212
124463.7
124535.2
124535.4
124540.5
124541.4
124629.5
124933.4
124934.5
124949.4
124998.5
125035.3
125535.1
131065.6
131066.212
131066.7
131075.6
131076.7
131945.2
131945.4
132102.5
132163.4
132290.5
132445.3
132945.1
135309.4
135316.5
135322.4
135465.5
143227.6
143228.212
143228.7
143607.2
143607.4
143674.5
144006.4
144010.5
144013.4
144107.3
144126.5
144607.1
151789.6
151790.212
151790.7
151830.6
151831.7
152914.2
152914.4
152934.5
152975.4
153016.5
153226.4
153259.5
153414.3
153914.1
154293.4
154420.5
154425.4
154531.5
156525.6
156526.212
156526.7
156724.2
156724.4
156746.5
156760.4
156910.5
156932.4
157052.5
157105.4
157140.5
157143.4
157224.3
157232.5
157724.1
161198.4
161210.5
161212.4
161217.5
161219.4
161309.5
164151.4
164485.5
165505.4
165514.5
165553.4
165738.5
165896.6
165897.212
165897.7
166242.2
166242.4
166356.5
166742.3
167242.1
167492.4
167500.5
167568.4
167581.5
167610.4
167640.5
169226.6
169227.212
169227.7
169406.2
169406.4
169539.5
169906.3
170406.1
173003.6
173004.212
173004.7
173067.2
173067.4
173069.5
173072.4
173073.5
173081.4
173483.5
173505.4
173567.3
173708.5
174067.1
177768.4
177842.5
177881.4
177998.5
178043.4
178124.5
178145.4
178171.5
178944.4
178954.5
178978.4
180000.9
123456789
8
18
15
8
18
15
11
FI
2
3
10
51
55
11
24
54
6
2
388
0
0
0
314159265
34
0
86
180000
314159265
0.1
401.6
402.212
402.7
452.2
452.4
456.5
462.4
509.5
952.3
1452.1
1533.6
1534.212
1534.7
1620.2
1620.4
1659.5
2120.3
2620.1
3047.6
3048.212
3048.7
3126.2
3126.4
3159.5
3626.3
4126.1
5048.6
5049.212
5049.7
5130.2
5130.4
5158.5
5630.3
6130.1
7061.6
7062.212
7062.7
7129.2
7129.4
7229.5
7629.3
8129.1
9318.4
9325.5
9333.4
9619.5
9743.6
9744.212
9744.7
9829.2
9829.4
9894.5
10329.3
10829.1
11143.4
11216.5
11879.6
11880.212
11880.7
11927.2
11927.4
12029.5
12427.3
12927.1
14873.4
14874.5
14882.4
14895.5
15170.6
15171.212
15171.7
15258.2
15258.4
15260.5
15271.4
15369.5
15758.3
16258.1
21282.6
21283.212
21283.7
21356.2
21356.4
21428.5
21856.3
22356.1
25336.6
25337.212
25337.7
25399.2
25399.4
25501.5
25899.3
26399.1
28352.6
28353.212
28353.7
28440.2
28440.4
28496.5
28756.4
28758.5
28766.4
28767.5
28778.4
28790.5
28791.4
28940.3
28991.5
29440.1
29923.6
29924.212
29924.7
29934.6
29935.7
29995.2
29995.4
30047.5
30495.3
30995.1
32896.6
32897.212
32897.7
32952.2
32952.4
33018.5
33452.3
33952.1
36253.6
36254.212
36254.7
36337.2
36337.4
36376.5
36837.3
37337.1
40697.6
40698.212
40698.7
40755.2
40755.4
40810.5
41255.3
41755.1
45165.6
45166.212
45166.7
45220.2
45220.4
45222.5
45240.4
45287.5
45720.3
46220.1
51426.6
51427.212
51427.7
51491.2
51491.4
51605.5
51991.3
52491.1
53752.4
53876.5
54725.6
54726.212
54726.7
54796.2
54796.4
54800.5
54816.4
54904.5
55296.3
55796.1
59067.6
59068.212
59068.7
59121.2
59121.4
59128.5
59133.4
59456.5
59621.3
60121.1
61567.4
61656.5
61677.4
61725.5
62910.6
62911.212
62911.7
62960.2
62960.4
62964.5
62974.4
63036.5
63460.3
63960.1
68569.6
68570.212
68570.7
68707.2
68707.4
68774.5
68857.4
68921.5
69207.3
69707.1
73038.6
73039.212
73039.7
73088.2
73088.4
73168.5
73170.4
73171.5
73179.4
73565.5
73588.3
73832.4
73968.5
74088.1
74518.4
74719.5
74814.4
74926.5
75044.6
75045.212
75045.7
75122.2
75122.4
75214.5
75622.3
76122.1
77729.4
77731.5
77740.4
77778.5
77792.4
77827.5
77931.6
77932.212
77932.7
77989.2
77989.4
78067.5
78489.3
78989.1
81878.6
81879.212
81879.7
81930.2
81930.4
82018.5
82030.4
82102.5
82430.3
82930.1
85231.4
85250.5
85281.4
85423.5
85527.4
85849.5
86361.4
86583.5
86876.6
86877.212
86877.7
87485.2
87485.4
87531.5
87536.4
87624.5
87985.3
88485.1
91156.6
91157.212
91157.7
91296.2
91296.4
91484.5
91796.3
91845.4
92028.5
92296.1
96970.6
96971.212
96971.7
97184.2
97184.4
97245.5
97684.3
98184.1
99156.4
99182.5
99327.4
99469.5
107691.4
108019.5
109328.4
109614.5
113499.6
113500.212
113500.7
113505.6
113506.7
114909.2
114909.4
115052.5
115409.3
115909.1
116514.4
116683.5
122134.6
122135.212
122135.7
122210.6
122211.7
124661.2
124661.4
124729.5
124769.4
124810.5
125161.3
125228.4
125259.5
125282.4
125357.5
125661.1
137063.6
137064.212
137064.7
138337.2
138337.4
138359.5
138450.4
138558.5
138837.3
139337.1
141159.6
141160.212
141160.7
142624.2
142624.4
142730.5
142798.4
142906.5
143124.3
143274.4
143529.5
143549.4
143595.5
143624.1
147917.4
148124.5
148175.4
148214.5
149619.4
149751.5
149768.4
149784.5
149905.4
149960.5
150071.6
150072.212
150072.7
152059.2
152059.4
152129.5
152559.3
153059.1
155584.6
155585.212
155585.7
158393.2
158393.4
158470.5
158893.3
159249.4
159268.5
159393.1
178949.6
178950.212
180000.9
123456789
8
19
15
8
19
15
11
FI
2
3
10
51
37
11
24
37
6
2
517
0
0
0
314159265
50
0
100
180000
314159265
0.1
540.6
541.212
541.7
597.2
597.4
616.5
619.4
701.5
1097.3
1597.1
1670.6
1671.212
1671.7
1752.2
1752.4
1831.5
2252.3
2752.1
3349.6
3350.212
3350.7
3424.2
3424.4
3490.5
3924.3
4424.1
5541.6
5542.212
5542.7
5638.2
5638.4
5676.5
6138.3
6638.1
8772.6
8773.212
8773.7
8832.2
8832.4
8901.5
9332.3
9832.1
12669.6
12670.212
12670.7
12753.2
12753.4
12838.5
13253.3
13753.1
16552.6
16553.212
16553.7
16618.2
16618.4
16694.5
17118.3
17618.1
20108.6
20109.212
20109.7
20177.2
20177.4
20269.5
20677.3
21177.1
23256.6
23257.212
23257.7
23320.2
23320.4
23371.5
23820.3
24320.1
26979.6
26980.212
26980.7
27059.2
27059.4
27062.5
27071.4
27073.5
27079.4
27140.5
27559.3
28059.1
31159.4
31258.5
31878.6
31879.212
31879.7
31942.2
31942.4
31987.5
32442.3
32942.1
34230.6
34231.212
34231.7
34300.2
34300.4
34368.5
34800.3
35300.1
37880.6
37881.212
37881.7
37949.2
37949.4
38006.5
38449.3
38949.1
41639.6
41640.212
41640.7
41753.2
41753.4
41804.5
42253.3
42753.1
49313.6
49314.212
49314.7
49371.2
49371.4
49435.5
49871.3
50371.1
54039.6
54040.212
54040.7
54116.2
54116.4
54148.5
54616.3
55116.1
57662.6
57663.212
57663.7
57736.2
57736.4
57744.5
57747.4
57774.5
58236.3
58736.1
62532.6
62533.212
62533.7
62583.2
62583.4
62584.5
62611.4
62613.5
62616.4
62618.5
62622.4
62825.5
62854.4
62921.5
63083.3
63583.1
67325.6
67326.212
67326.7
67449.2
67449.4
67487.5
67949.3
68449.1
70762.6
70763.212
70763.7
70851.2
70851.4
70901.5
71351.3
71851.1
75014.6
75015.212
75015.7
75111.2
75111.4
75164.5
75461.4
75538.5
75608.4
75611.3
75780.5
76041.6
76042.7
76111.1
76832.6
76833.212
76833.7
76968.2
76968.4
77367.5
77468.3
77968.1
80764.6
80765.212
80765.7
80836.2
80836.4
80881.5
81336.3
81836.1
83225.4
83230.5
83240.4
83383.5
83474.6
83475.212
83475.7
83529.2
83529.4
83587.5
84029.3
84529.1
86899.6
86900.212
86900.7
86970.2
86970.4
87151.5
87470.3
87970.1
89063.6
89064.212
89064.7
89124.2
89124.4
89131.5
89135.4
89186.5
89624.3
90124.1
92502.6
92503.212
92503.7
92589.2
92589.4
92671.5
93089.3
93589.1
98242.6
98243.212
98243.7
98408.2
98408.4
98471.5
98908.3
99408.1
104056.6
104057.212
104057.7
104136.2
104136.4
104276.5
104636.3
105136.1
112184.6
112185.212
112185.7
112283.6
112284.7
112421.2
112421.4
112556.5
112921.3
113421.1
113836.6
113837.212
113837.7
113892.2
113892.4
113902.5
113903.4
113931.5
113947.4
113952.5
113961.4
114027.5
114126.4
114275.5
114392.3
114568.4
114598.5
114892.1
115000.6
115001.212
115001.7
115065.2
115065.4
115131.5
115140.4
115164.5
115173.4
115199.5
115315.6
115316.7
115565.3
115856.4
115868.5
115871.4
115938.5
116065.1
119279.6
119280.212
119280.7
119334.2
119334.4
119340.5
119343.4
119421.5
119605.4
119614.5
119619.4
119621.5
119623.4
119678.5
119739.4
119742.5
119825.4
119834.3
120018.5
120182.4
120265.5
120334.1
120628.6
120629.212
120629.7
120724.2
120724.4
120810.5
120818.4
120872.5
121087.4
121165.5
121224.3
121724.1
121843.6
121844.212
121844.7
121896.2
121896.4
122021.5
122396.3
122896.1
125551.6
125552.212
125552.7
125625.2
125625.4
125720.5
126125.3
126142.6
126143.7
126245.6
126246.7
126374.4
126427.5
126625.1
126933.6
126934.212
126934.7
126984.2
126984.4
127184.5
127410.4
127484.3
127502.5
127984.1
133988.6
133989.212
133989.7
134348.2
134348.4
134420.5
134848.3
134951.6
134952.7
135348.1
135565.6
135566.212
135566.7
135644.2
135644.4
135799.5
136144.3
136644.1
139669.6
139670.212
139670.7
139728.2
139728.4
139750.5
139751.4
139753.5
139755.4
139836.5
140228.3
140728.1
144952.6
144953.212
144953.7
145125.2
145125.4
145243.5
145625.3
146125.1
149233.6
149234.212
149234.7
149436.2
149436.4
149535.5
149936.3
150436.1
153123.6
153124.212
153124.7
153298.2
153298.4
153349.5
153459.4
153547.5
153551.4
153553.5
153798.3
154298.1
154567.6
154568.212
154568.7
154644.6
154645.7
154752.2
154752.4
154809.5
155252.3
155752.1
161807.4
161959.5
162115.6
162116.212
162116.7
162282.2
162282.4
162288.5
162293.4
162362.5
162782.3
163282.1
164872.4
165005.5
165258.6
165259.212
165259.7
165306.2
165306.4
165368.5
165806.3
166306.1
168608.6
168609.212
168609.7
168668.2
168668.4
168788.5
169168.3
169377.4
169668.1
169789.5
169957.6
169958.212
169958.7
170005.2
170005.4
170111.5
170216.4
170217.5
170231.4
170233.5
170235.4
170247.5
170261.4
170505.3
170819.5
170879.4
170914.5
170967.4
171005.1
171069.5
174293.6
174294.212
174294.7
174347.2
174347.4
174348.5
174353.4
174412.5
174847.3
175347.1
176650.4
177028.5
177124.6
177125.212
177125.7
177201.2
177201.4
177295.5
177701.3
180000.9
123456789
8
20
15
8
20
15
11
FI
2
3
10
51
20
11
24
20
6
2
441
0
0
0
314159265
41
0
93
180000
314159265
0.1
543.6
544.212
544.7
604.2
604.4
659.5
1104.3
1604.1
2026.6
2027.212
2027.7
2096.2
2096.4
2132.5
2596.3
3084.4
3096.1
3131.5
3877.6
3878.212
3878.7
3932.2
3932.4
3990.5
4204.4
4209.5
4215.4
4283.5
4432.3
4932.1
5925.6
5926.212
5926.7
5994.2
5994.4
6036.5
6494.3
6796.4
6805.5
6811.4
6818.5
6824.4
6909.5
6994.1
7332.4
7391.5
8545.6
8546.212
8546.7
8612.2
8612.4
8696.5
9112.3
9612.1
11140.6
11141.212
11141.7
11186.2
11186.4
11257.5
11686.3
12186.1
13623.4
13630.5
13636.4
13637.5
13645.4
13648.5
13653.4
13888.5
14947.6
14948.212
14948.7
15001.2
15001.4
15007.5
15012.4
15091.5
15497.4
15501.3
15547.5
16001.1
18496.6
18497.212
18497.7
18551.2
18551.4
18554.5
18562.4
18673.5
19051.3
19551.1
21636.6
21637.212
21637.7
21719.2
21719.4
21754.5
22219.3
22719.1
25423.4
25495.5
26341.6
26342.212
26342.7
26422.2
26422.4
26490.5
26922.3
27422.1
31687.4
31726.5
31824.6
31825.212
31825.7
31886.2
31886.4
31930.5
32386.3
32886.1
35909.6
35910.212
35910.7
35992.2
35992.4
36037.5
36492.3
36992.1
40451.6
40452.212
40452.7
40526.2
40526.4
40533.5
40553.4
40568.5
40574.4
40629.5
41026.3
41526.1
47474.6
47475.212
47475.7
47568.2
47568.4
47634.5
48068.3
48568.1
53667.6
53668.212
53668.7
53785.2
53785.4
53862.5
54285.3
54785.1
58194.6
58195.212
58195.7
58265.2
58265.4
58343.5
58765.3
59265.1
62650.6
62651.212
62651.7
62705.2
62705.4
62707.5
62719.4
62723.5
62728.4
62815.5
63205.3
63705.1
70847.4
70856.5
71211.6
71212.212
71212.7
71337.2
71337.4
71358.5
71837.3
72337.1
77833.6
77834.212
77834.7
77893.2
77893.4
77923.5
77950.4
78393.3
78397.5
78408.4
78446.5
78528.4
78716.5
78893.1
79187.4
79194.5
79214.4
79311.5
79391.4
79589.5
79714.6
79715.212
79715.7
79788.2
79788.4
79840.5
80288.3
80788.1
85226.6
85227.212
85227.7
85243.6
85244.7
85315.2
85315.4
85380.5
85815.3
86315.1
90943.6
90944.212
90944.7
91023.2
91023.4
91024.5
91025.4
91060.5
91523.3
92023.1
95688.6
95689.212
95689.7
95964.2
95964.4
96009.5
96464.3
96964.1
98243.6
98244.212
98244.7
98320.2
98320.4
98369.5
98446.4
98732.5
98820.3
99108.4
99276.5
99320.1
99426.6
99427.212
99427.7
99502.2
99502.4
99520.5
99523.4
99549.5
100002.3
100502.1
105040.6
105041.212
105041.7
105284.2
105284.4
105347.5
105784.3
106284.1
108993.6
108994.212
108994.7
109077.2
109077.4
109141.5
109577.3
110077.1
113231.6
113232.212
113232.7
113392.2
113392.4
113394.5
113410.4
113432.5
113435.4
113516.5
113892.3
114392.1
117526.6
117527.212
117527.7
117608.2
117608.4
117686.5
118108.3
118608.1
121960.6
121961.212
121961.7
122030.2
122030.4
122089.5
122530.3
123030.1
128714.6
128715.212
128715.7
129491.2
129491.4
129497.5
129498.4
129587.5
129991.3
130491.1
135609.4
135806.5
136279.4
136574.5
140038.6
140039.212
140039.7
140124.2
140124.4
140193.5
140624.3
141124.1
144961.4
145097.5
145186.4
145588.5
145744.6
145745.212
145745.7
145789.2
145789.4
145803.5
145841.4
146043.5
146056.4
146247.5
146289.3
146329.4
146370.5
146789.1
146947.4
147046.5
147099.4
147184.5
147274.6
147275.212
147275.7
147326.2
147326.4
147330.5
147335.4
147382.5
147826.3
148326.1
151334.4
151344.5
152656.6
152657.212
152657.7
152707.2
152707.4
152712.5
152723.4
152795.5
153207.3
153707.1
156193.6
156194.212
156194.7
156263.2
156263.4
156361.5
156382.4
156534.5
156763.3
157263.1
160967.6
160968.212
160968.7
161034.2
161034.4
161036.5
161040.4
161042.5
161045.4
161117.5
161534.3
162034.1
165302.6
165303.212
165303.7
165364.2
165364.4
165418.5
165864.3
166364.1
168993.6
168994.212
168994.7
169057.2
169057.4
169273.5
169557.3
170057.1
173053.6
173054.212
173054.7
173130.2
173130.4
173179.5
173256.4
173300.5
173630.3
174130.1
176437.6
176438.212
176438.7
176495.2
176495.4
176594.5
176995.3
177495.1
179653.6
179654.212
179654.7
179726.2
179726.4
179729.5
179735.4
180000.9
123456789
8
21
15
8
21
15
11
FI
2
3
10
50
24
11
23
24
6
2
469
0
0
0
314159265
45
0
96
180000
314159265
0.1
228.6
229.212
229.7
283.2
283.4
284.5
285.4
345.5
783.3
1283.1
1714.4
1717.5
1732.4
1808.5
2480.6
2481.212
2481.7
2545.2
2545.4
2607.5
2977.4
2983.5
2988.4
3043.5
3045.3
3545.1
5353.4
5358.5
5367.4
5402.5
5418.4
5514.5
5941.6
5942.212
5942.7
5991.2
5991.4
5993.5
5997.4
6052.5
6491.3
6529.4
6534.5
6536.4
6537.5
6542.4
6639.5
6991.1
8045.6
8046.212
8046.7
8093.2
8093.4
8101.5
8103.4
8136.5
8593.3
9093.1
11222.6
11223.212
11223.7
11241.6
11242.7
11398.2
11398.4
11477.5
11898.3
12398.1
14829.6
14830.212
14830.7
14922.2
14922.4
14959.5
15422.3
15922.1
19127.6
19128.212
19128.7
19207.2
19207.4
19280.5
19558.4
19572.5
19579.4
19632.5
19707.3
20207.1
23838.6
23839.212
23839.7
23889.2
23889.4
23892.5
23913.4
23955.5
24389.3
24889.1
27432.6
27433.212
27433.7
27528.2
27528.4
27579.5
28028.3
28528.1
31320.6
31321.212
31321.7
31397.2
31397.4
31408.5
31412.4
31555.5
31897.3
32397.1
36942.6
36943.212
36943.7
37028.2
37028.4
37096.5
37528.3
38028.1
40286.6
40287.212
40287.7
40388.2
40388.4
40427.5
40888.3
41388.1
44388.6
44389.212
44389.7
44461.2
44461.4
44519.5
44961.3
45461.1
46835.4
46913.5
51070.6
51071.212
51071.7
51148.2
51148.4
51269.5
51648.3
52148.1
53748.4
53755.5
53771.4
53816.5
55951.6
55952.212
55952.7
56017.2
56017.4
56136.5
56517.3
57017.1
60160.6
60161.212
60161.7
60237.2
60237.4
60302.5
60737.3
61237.1
62344.6
62345.212
62345.7
62390.2
62390.4
62395.5
62407.4
62413.5
62419.4
62460.5
62890.3
63390.1
66221.6
66222.212
66222.7
66274.6
66275.7
66358.2
66358.4
66411.5
66858.3
67358.1
70737.6
70738.212
70738.7
70825.2
70825.4
70828.5
70829.4
70874.5
71325.3
71825.1
74988.6
74989.212
74989.7
75059.2
75059.4
75167.5
75559.3
76059.1
77217.4
77222.5
77224.4
77323.5
81677.6
81678.212
81678.7
81749.2
81749.4
81796.5
82116.4
82189.5
82249.3
82749.1
83956.6
83957.212
83957.7
84290.2
84290.4
84327.5
84790.3
85290.1
87870.4
87885.5
87909.4
87915.5
88021.4
88033.5
88052.4
88140.5
90169.6
90170.212
90170.7
90242.2
90242.4
90347.5
90415.4
90511.5
90742.3
91242.1
94327.6
94328.212
94328.7
94397.2
94397.4
94533.5
94897.3
95397.1
98592.4
98669.5
100175.6
100176.212
100176.7
100253.2
100253.4
100365.5
100607.4
100609.5
100616.4
100681.5
100753.3
101253.1
104256.6
104257.212
104257.7
104315.2
104315.4
104395.5
104815.3
105315.1
108560.6
108561.212
108561.7
108624.2
108624.4
108695.5
109124.3
109624.1
112289.6
112290.212
112290.7
112388.2
112388.4
112440.5
112888.3
113388.1
115177.6
115178.212
115178.7
115249.2
115249.4
115300.5
115749.3
116249.1
118673.6
118674.212
118674.7
118756.2
118756.4
118804.5
119256.3
119756.1
123348.6
123349.212
123349.7
123435.2
123435.4
123500.5
123692.4
123763.5
123935.3
124435.1
124698.6
124699.212
124699.7
124754.2
124754.4
124805.5
125254.3
125754.1
129110.6
129111.212
129111.7
129195.2
129195.4
129202.5
129203.4
129206.5
129221.4
129222.5
129224.4
129249.5
129695.3
130195.1
135040.6
135041.212
135041.7
135119.2
135119.4
135264.5
135619.3
136119.1
138912.4
138914.5
138924.4
138955.5
138967.4
139051.5
139372.6
139373.212
139373.7
139428.2
139428.4
139494.5
139928.3
140428.1
143169.6
143170.212
143170.7
143214.2
143214.4
143217.5
143221.4
143240.5
143242.4
143306.5
143714.3
144214.1
144716.6
144717.212
144717.7
144770.2
144770.4
144774.5
144785.4
144791.5
144793.4
144862.5
145270.3
145770.1
147861.4
147992.5
149979.6
149980.212
149980.7
150028.2
150028.4
150032.5
150047.4
150099.5
150528.3
151028.1
153668.6
153669.212
153669.7
153733.2
153733.4
153799.5
154233.3
154733.1
156799.6
156800.212
156800.7
156866.2
156866.4
156942.5
157366.3
157866.1
162430.6
162431.212
162431.7
162503.2
162503.4
162609.5
163003.3
163503.1
165693.6
165694.212
165694.7
165746.2
165746.4
165751.5
165752.4
165836.5
165838.4
165843.5
165846.4
165971.5
166033.4
166104.5
166246.3
166746.1
169366.6
169367.212
169367.7
169418.2
169418.4
169489.5
169918.3
170418.1
173063.6
173064.212
173064.7
173126.2
173126.4
173181.5
173626.3
174126.1
176474.6
176475.212
176475.7
176544.2
176544.4
176620.5
177044.3
180000.9
123456789
8
22
15
8
22
15
11
FI
2
3
10
53
42
11
26
43
6
2
611
0
0
0
314159265
59
0
122
180000
314159265
0.1
10.6
11.212
11.7
111.2
111.4
142.5
611.3
1036.6
1037.7
1111.1
1208.6
1209.212
1209.7
1272.2
1272.4
1358.5
1772.3
2272.1
2361.4
2364.5
2367.4
2587.5
2748.4
2768.5
2871.6
2872.212
2872.7
2920.2
2920.4
2995.5
3420.3
3920.1
4116.6
4117.212
4117.7
4193.2
4193.4
4239.5
4693.3
5193.1
5294.4
5298.5
5302.4
5378.5
5648.4
5834.5
6201.6
6202.212
6202.7
6308.2
6308.4
6312.5
6326.4
6331.5
6334.4
6367.5
6808.3
7308.1
7859.6
7860.212
7860.7
7933.2
7933.4
8012.5
8433.3
8933.1
9886.4
9966.5
10193.6
10194.212
10194.7
10259.2
10259.4
10289.5
10306.4
10328.5
10759.3
11259.1
12475.6
12476.212
12476.7
12561.2
12561.4
12568.5
12577.4
12606.5
13061.3
13561.1
15845.6
15846.212
15846.7
15915.2
15915.4
16058.5
16415.3
16915.1
16952.4
17349.5
17699.6
17700.212
17700.7
18428.2
18428.4
18484.5
18928.3
19428.1
21909.6
21910.212
21910.7
21963.2
21963.4
21965.5
22014.4
22151.5
22463.3
22963.1
24844.4
24849.5
24861.4
24966.5
26326.6
26327.212
26327.7
26397.2
26397.4
26402.5
26406.4
26434.5
26897.3
27397.1
29035.4
29045.5
29053.4
29166.5
32545.6
32546.212
32546.7
32614.2
32614.4
32699.5
33114.3
33494.4
33498.5
33503.4
33507.5
33508.4
33563.5
33614.1
36598.6
36599.212
36599.7
36683.2
36683.4
36726.5
37183.3
37683.1
39583.6
39584.212
39584.7
39672.2
39672.4
39729.5
40172.3
40672.1
43504.6
43505.212
43505.7
43570.2
43570.4
43620.5
43841.4
43888.5
44070.3
44570.1
47167.6
47168.212
47168.7
47219.2
47219.4
47223.5
47232.4
47278.5
47402.4
47435.5
47719.3
48219.1
50719.6
50720.212
50720.7
50780.2
50780.4
50782.5
50784.4
50846.5
51280.3
51780.1
53607.4
53693.5
53882.4
54078.5
54214.6
54215.212
54215.7
54310.2
54310.4
54357.5
54565.4
54654.5
54711.4
54810.3
55171.5
55209.4
55310.1
55399.5
55627.6
55628.212
55628.7
55687.2
55687.4
55766.5
56187.3
56687.1
59099.6
59100.212
59100.7
59173.2
59173.4
59175.5
59176.4
59177.5
59179.4
59180.5
59181.4
59264.5
59673.3
60173.1
62838.6
62839.212
62839.7
62903.2
62903.4
62920.5
62927.4
62968.5
63403.3
63903.1
66800.6
66801.212
66801.7
66867.2
66867.4
66914.5
67367.3
67867.1
70997.6
70998.212
70998.7
71089.2
71089.4
71093.5
71099.4
71144.5
71538.4
71589.3
71624.5
71968.4
72089.1
72094.5
73174.6
73175.212
73175.7
73225.2
73225.4
73228.5
73235.4
73292.5
73725.3
74225.1
76765.6
76766.212
76766.7
76843.2
76843.4
76893.5
77343.3
77843.1
80648.6
80649.212
80649.7
80698.2
80698.4
80701.5
80711.4
80751.5
81198.3
81698.1
84001.4
84226.5
84485.6
84486.212
84486.7
84718.2
84718.4
84785.5
85218.3
85718.1
88265.4
88485.5
88652.6
88653.212
88653.7
88740.2
88740.4
88742.5
88745.4
88810.5
89240.3
89740.1
91716.6
91717.212
91717.7
91793.2
91793.4
91870.5
92293.3
92793.1
94523.6
94524.212
94524.7
94583.2
94583.4
94640.5
94783.4
94869.5
95083.3
95583.1
95902.6
95903.212
95903.7
95977.2
95977.4
96015.5
96477.3
96977.1
99408.6
99409.212
99409.7
99459.2
99459.4
99463.5
99472.4
99544.5
99959.3
100459.1
104226.6
104227.212
104227.7
104294.2
104294.4
104382.5
104794.3
105294.1
106976.4
106979.5
107005.4
107088.5
107754.6
107755.212
107755.7
107830.2
107830.4
107912.5
108330.3
108830.1
110891.6
110892.212
110892.7
110961.2
110961.4
111038.5
111461.3
111961.1
114220.6
114221.212
114221.7
114285.2
114285.4
114341.5
114686.4
114785.3
114913.5
115285.1
115496.6
115497.212
115497.7
115603.2
115603.4
115660.5
116103.3
116603.1
118753.6
118754.212
118754.7
118829.2
118829.4
118880.5
119329.3
119829.1
121929.6
121930.212
121930.7
122001.2
122001.4
122069.5
122256.4
122261.5
122306.4
122372.5
122501.3
123001.1
123108.6
123109.212
123109.7
123162.2
123162.4
123169.5
123171.4
123227.5
123662.3
124162.1
127046.6
127047.212
127047.7
127115.2
127115.4
127197.5
127615.3
128115.1
130036.6
130037.212
130037.7
130138.2
130138.4
130173.5
130638.3
131138.1
133009.6
133010.212
133010.7
133072.2
133072.4
133133.5
133572.3
134072.1
135847.6
135848.212
135848.7
135926.2
135926.4
135928.5
135929.4
135930.5
135931.4
136004.5
136426.3
136926.1
138796.6
138797.212
138797.7
138865.2
138865.4
138937.5
139365.3
139865.1
141834.6
141835.212
141835.7
141922.2
141922.4
141953.5
142422.3
142922.1
145587.6
145588.212
145588.7
145649.2
145649.4
145723.5
146149.3
146649.1
148413.6
148414.212
148414.7
148472.2
148472.4
148476.5
148487.4
148528.5
148972.3
149472.1
150498.6
150499.212
150499.7
150556.2
150556.4
150629.5
151056.3
151556.1
151599.4
151731.5
155225.6
155226.212
155226.7
155302.2
155302.4
155337.5
155802.3
156302.1
157495.4
157657.5
157755.6
157756.212
157756.7
157822.2
157822.4
157977.5
158322.3
158822.1
160792.6
160793.212
160793.7
160843.2
160843.4
160846.5
160855.4
160941.5
161343.3
161843.1
163847.6
163848.212
163848.7
163899.2
163899.4
163902.5
163919.4
163968.5
164399.3
164899.1
166491.6
166492.212
166492.7
166539.2
166539.4
166542.5
166568.4
166616.5
167039.3
167539.1
169170.6
169171.212
169171.7
169264.2
169264.4
169356.5
169764.3
169819.4
169829.5
169833.4
169838.5
169839.4
169957.5
170264.1
170434.4
170563.5
170844.6
170845.212
170845.7
170901.2
170901.4
170966.5
171401.3
171901.1
173538.6
173539.212
173539.7
173613.2
173613.4
173669.5
174113.3
174613.1
176600.6
176601.212
176601.7
176614.6
176615.7
176679.2
176679.4
176722.5
177179.3
177679.1
179559.6
179560.212
179560.7
179574.6
179575.7
179640.2
179640.4
180000.9
123456789
8
23
15
8
23
15
11
FI
2
3
10
51
47
11
24
47
6
2
526
0
0
0
314159265
58
0
115
180000
314159265
0.1
443.6
444.212
488.2
488.4
545.5
988.3
1434.6
1488.1
1592.6
1593.212
1637.2
1637.4
1683.5
2137.3
2637.1
2710.6
2711.212
2782.2
2782.4
2810.5
3282.3
3782.1
3876.6
3877.212
3939.2
3939.4
3944.5
3947.4
4001.5
4439.3
4939.1
5078.6
5079.212
5151.2
5151.4
5231.5
5651.3
6151.1
6304.6
6305.212
6382.2
6382.4
6414.5
6882.3
7382.1
8053.6
8054.212
8105.2
8105.4
8106.5
8140.4
8191.5
8605.3
9105.1
10219.6
10220.212
10302.2
10302.4
10350.5
10802.3
11302.1
12461.6
12462.212
12522.2
12522.4
12549.5
13022.3
13522.1
15015.6
15016.212
15095.2
15095.4
15176.5
15595.3
16095.1
17581.6
17582.212
17666.2
17666.4
17733.5
18166.3
18404.4
18489.5
18666.1
19185.6
19186.212
19243.2
19243.4
19743.3
19749.5
19847.6
20118.6
20243.1
20404.4
20406.5
20419.4
20433.5
20439.4
20563.5
20654.6
20655.212
20735.2
20735.4
20740.5
20764.4
20786.5
21235.3
21735.1
23270.6
23271.212
23342.2
23342.4
23423.5
23842.3
24342.1
26590.6
26591.212
26635.2
26635.4
26640.5
26655.4
26657.5
26665.4
26733.5
27135.3
27635.1
28997.6
28998.212
29071.2
29071.4
29085.5
29087.4
29164.5
29571.3
30071.1
31774.4
31955.5
31969.4
31985.5
32061.6
32062.212
32110.2
32110.4
32118.5
32123.4
32127.5
32129.4
32209.5
32610.3
33110.1
35066.6
35067.212
35134.2
35134.4
35215.5
35634.3
36134.1
38761.6
38762.212
38838.2
38838.4
38895.5
39338.3
39838.1
41775.6
41776.212
41846.2
41846.4
41944.5
42346.3
42846.1
45159.6
45160.212
45230.2
45230.4
45294.5
45730.3
46230.1
46528.4
46636.5
47049.4
47128.5
47344.6
47345.212
47397.2
47397.4
47440.5
47897.3
48397.1
50981.6
50982.212
51042.2
51042.4
51043.5
51055.4
51115.5
51542.3
52042.1
54301.6
54302.212
54373.2
54373.4
54447.5
54873.3
55373.1
58284.6
58285.212
58363.2
58363.4
58397.5
58863.3
59363.1
61200.4
61265.5
64758.6
64759.212
64809.2
64809.4
64812.5
64822.4
64869.5
65309.3
65809.1
67903.4
67965.5
68253.4
68342.5
68751.4
68865.5
68944.6
68945.212
69003.2
69003.4
69055.5
69503.3
70003.1
72270.6
72271.212
72341.2
72341.4
72368.5
72841.3
73341.1
75310.6
75311.212
75394.2
75394.4
75470.5
75894.3
76394.1
80133.4
80211.5
80213.4
80267.5
80772.6
80773.212
80819.2
80819.4
80821.5
80837.4
80908.5
81319.3
81819.1
83849.6
83850.212
83913.2
83913.4
83944.5
84413.3
84913.1
86914.6
86915.212
87016.2
87016.4
87055.5
87516.3
88016.1
89690.6
89691.212
89758.2
89758.4
89834.5
90258.3
90758.1
92347.6
92348.212
92409.2
92409.4
92457.5
92909.3
93409.1
95375.4
95427.5
95430.4
95491.5
97012.6
97013.212
97071.2
97071.4
97129.5
97571.3
98071.1
99438.4
99445.5
99451.4
99539.5
101142.4
101658.5
101748.4
101821.5
101827.4
101905.5
102116.6
102117.212
102178.2
102178.4
102181.5
102192.4
102194.5
102196.4
102249.5
102678.3
103178.1
104744.6
104745.212
104806.2
104806.4
104880.5
105090.4
105154.5
105306.3
105806.1
106106.4
106240.5
106711.4
106773.5
107257.4
107454.5
107549.6
107550.212
107599.2
107599.4
107603.5
107612.4
107655.5
108099.3
108599.1
110816.6
110817.212
110907.2
110907.4
110941.5
111407.3
111907.1
114023.6
114024.212
114089.2
114089.4
114167.5
114589.3
115089.1
116362.6
116363.212
116414.2
116414.4
116466.5
116914.3
117414.1
119722.6
119723.212
119771.2
119771.4
119773.5
119783.4
119822.5
120271.3
120771.1
123194.6
123195.212
123256.2
123256.4
123300.5
123756.3
124256.1
124739.4
124741.5
124743.4
124859.5
127320.6
127321.212
127548.2
127548.4
127596.5
128048.3
128548.1
130726.6
130727.212
130800.2
130800.4
130870.5
131300.3
131800.1
133687.6
133688.212
133746.2
133746.4
133806.5
134246.3
134746.1
136052.6
136053.212
136108.2
136108.4
136202.5
136608.3
137108.1
137324.4
137395.5
138692.6
138693.212
138746.2
138746.4
138749.5
138766.4
138800.5
139246.3
139746.1
144011.6
144012.212
144078.2
144078.4
144118.5
144578.3
145078.1
147276.6
147277.212
147337.2
147337.4
147397.5
147837.3
148337.1
148965.4
149021.5
151520.6
151521.212
151587.2
151587.4
151668.5
152087.3
152587.1
155275.6
155276.212
155343.2
155343.4
155344.5
155345.4
155414.5
155843.3
156343.1
158718.6
158719.212
158797.2
158797.4
158830.5
159297.3
159797.1
162005.6
162006.212
162060.2
162060.4
162062.5
162073.4
162128.5
162560.3
163060.1
165957.6
165958.212
166021.2
166021.4
166064.5
166521.3
167021.1
169540.4
169623.5
169810.4
169818.5
169824.4
169911.5
170857.6
170858.212
170902.2
170902.4
170904.5
170911.4
171091.5
171155.4
171240.5
171402.3
171902.1
173951.4
174124.5
174260.4
174415.5
174757.6
174758.212
174815.2
174815.4
174859.5
175315.3
175815.1
177027.6
177028.212
177103.2
177103.4
177171.5
177603.3
178103.1
179074.4
179086.5
179094.4
179102.5
179123.4
180000.9
123456789
8
24
15
8
24
15
11
FI
2
3
10
48
30
11
21
30
6
2
637
0
0
0
314159265
62
0
125
180000
314159265
0.1
200.6
320.6
321.212
385.2
385.4
440.5
885.3
1189.6
1314.6
1385.1
1473.6
1619.6
1620.212
1663.2
1663.4
1734.5
2163.3
2663.1
2800.6
2855.6
2856.212
2926.2
2926.4
2960.5
3426.3
3926.1
4428.6
4611.6
4612.212
4663.2
4663.4
4669.5
4671.4
4673.5
4674.4
4785.5
5163.3
5602.4
5614.5
5637.4
5663.1
5733.5
6365.4
6368.5
6369.4
6370.5
6372.4
6379.5
6381.4
6889.5
6994.6
7138.6
7139.212
7194.2
7194.4
7196.5
7208.4
7244.5
7694.3
8194.1
8489.6
8627.6
8628.212
8678.2
8678.4
8711.5
9178.3
9678.1
9866.4
9988.5
10310.4
10437.5
10567.6
10717.6
10718.212
10783.2
10783.4
10860.5
11283.3
11783.1
13739.6
13832.4
13996.5
14071.6
14072.212
14130.2
14130.4
14184.5
14630.3
15130.1
15878.4
16091.5
16179.6
16373.6
16374.212
16451.2
16451.4
16489.5
16951.3
17451.1
19118.6
19187.4
19211.5
19299.6
19300.212
19352.2
19352.4
19402.5
19852.3
20352.1
21665.4
21668.5
21683.4
21757.5
22134.4
22137.5
22146.4
22259.5
22477.6
22560.4
22727.5
22806.6
22807.212
22857.2
22857.4
22862.5
22863.4
22903.5
23357.3
23857.1
25876.6
26047.6
26048.212
26111.2
26111.4
26177.5
26611.3
27111.1
28767.4
28821.5
29168.4
29295.5
29382.6
29482.4
29484.5
29485.4
29575.5
29645.6
29646.212
29692.2
29692.4
29697.5
29698.4
29739.5
30192.3
30692.1
32719.6
32741.6
32742.212
32799.2
32799.4
32835.5
33299.3
33799.1
35902.4
35992.5
36222.6
36350.6
36351.212
36412.2
36412.4
36450.5
36912.3
37412.1
38462.4
38550.5
39599.4
39603.5
39608.4
39675.5
40000.4
40065.5
40278.6
40449.6
40450.212
40500.2
40500.4
40545.5
41000.3
41500.1
44169.6
44279.6
44280.212
44338.2
44338.4
44382.5
44838.3
45338.1
47266.4
47329.5
48621.6
48789.6
48790.212
48865.2
48865.4
48913.5
49365.3
49865.1
53485.6
53530.6
53531.212
53596.2
53596.4
53646.5
53651.4
53694.5
54096.3
54596.1
56587.6
56608.6
56609.212
56656.2
56656.4
56660.5
56677.4
56712.5
57156.3
57656.1
59634.6
59755.6
59756.212
59835.2
59835.4
59875.5
60335.3
60835.1
62567.6
62589.6
62590.212
62650.2
62650.4
62721.5
63150.3
63650.1
65298.6
65405.6
65406.212
65423.6
65481.2
65481.4
65537.5
65981.3
66481.1
67836.6
67848.6
67849.212
67937.2
67937.4
67968.5
68437.3
68937.1
70756.6
70763.6
70764.212
70846.2
70846.4
70874.5
71346.3
71846.1
73190.6
73206.6
73207.212
73263.2
73263.4
73267.5
73276.4
73356.5
73763.3
74263.1
76028.6
76147.6
76148.212
76205.2
76205.4
76246.5
76705.3
77205.1
78535.6
78583.4
78585.5
78609.4
78649.5
78665.4
78673.5
78745.6
78746.212
78795.2
78795.4
78860.5
79295.3
79795.1
80806.4
80867.5
81611.4
81622.5
81623.4
81723.5
81852.6
81862.6
81863.212
81934.2
81934.4
81969.5
82434.3
82934.1
84121.6
84178.6
84179.212
84256.2
84256.4
84287.5
84756.3
85256.1
86475.6
86493.6
86494.212
86556.2
86556.4
86584.5
87056.3
87556.1
88740.6
88750.6
88751.212
88811.2
88811.4
88876.5
89311.3
89516.4
89586.5
89811.1
90803.6
90928.6
90929.212
91002.2
91002.4
91103.5
91502.3
92002.1
94908.6
95028.6
95029.212
95093.2
95093.4
95126.5
95593.3
96093.1
97797.6
97874.4
97895.5
97965.6
97966.212
98019.2
98019.4
98057.5
98519.3
99019.1
100274.6
100290.6
100291.212
100376.2
100376.4
100417.5
100876.3
101376.1
103035.6
103075.6
103076.212
103141.2
103141.4
103228.5
103641.3
104141.1
106016.6
106068.6
106069.212
106132.2
106132.4
106239.5
106632.3
107132.1
107610.4
107670.5
110484.6
110600.6
110601.212
110612.6
110655.2
110655.4
110699.5
111155.3
111655.1
112555.6
112597.6
112598.212
112655.2
112655.4
112661.5
112662.4
112689.5
113155.3
113655.1
115570.6
115640.6
115641.212
115657.6
115723.2
115723.4
115766.5
116223.3
116723.1
118276.6
118295.6
118296.212
118365.2
118365.4
118428.5
118865.3
118878.4
118949.5
119365.1
121674.6
121707.6
121708.212
121769.2
121769.4
121803.5
122269.3
122769.1
123759.6
123907.6
123908.212
123960.2
123960.4
123992.5
124460.3
124960.1
126388.4
126448.5
126733.4
126738.5
126739.4
126822.5
127111.6
127154.6
127155.212
127206.2
127206.4
127210.5
127219.4
127276.5
127706.3
128206.1
130730.6
130756.6
130757.212
130834.2
130834.4
130885.5
131334.3
131834.1
133025.6
133176.6
133177.212
133230.2
133230.4
133285.5
133730.3
134230.1
135926.6
135939.6
135940.212
136000.2
136000.4
136129.5
136500.3
137000.1
138915.6
139058.6
139059.212
139118.2
139118.4
139179.5
139618.3
140118.1
141609.6
141638.6
141639.212
141645.6
141694.2
141694.4
141697.5
141703.4
141708.5
141710.4
141807.5
142194.3
142694.1
144075.6
144124.6
144125.212
144181.2
144181.4
144219.5
144681.3
145181.1
146188.4
146395.5
146524.6
146672.6
146673.212
146732.2
146732.4
146769.5
147232.3
147480.4
147517.5
147732.1
149858.6
149874.6
149875.212
149933.2
149933.4
149977.5
150433.3
150933.1
151828.4
151892.5
152904.4
152915.5
152922.4
152940.5
153025.6
153032.6
153033.212
153104.2
153104.4
153136.5
153604.3
154104.1
155053.4
155058.5
155070.4
155158.5
156879.4
156968.5
157052.6
157135.6
157136.212
157201.2
157201.4
157314.5
157701.3
158201.1
160095.6
160153.6
160154.212
160301.2
160301.4
160355.5
160801.3
161301.1
163150.6
163173.6
163174.212
163233.2
163233.4
163296.5
163733.3
164233.1
165765.6
165813.6
165814.212
165822.6
165878.2
165878.4
165960.5
166378.3
166878.1
167989.6
168008.6
168009.212
168077.2
168077.4
168136.5
168577.3
169077.1
169177.4
169184.5
169186.4
169187.5
169190.4
169269.5
171701.6
171723.6
171724.212
171798.2
171798.4
171865.5
172298.3
172798.1
174655.6
174797.6
174798.212
174811.6
174856.2
174856.4
174892.5
175356.3
175856.1
177425.6
177442.6
177443.212
177504.2
177504.4
177580.5
178004.3
178504.1
179776.6
179791.6
179792.212
179874.2
179874.4
180000.9
123456789
8
25
15
8
25
15
11
FI
2
3
10
51
40
11
24
40
6
2
764
0
0
0
314159265
76
0
145
180000
314159265
0.1
95.6
201.4
218.5
256.4
258.5
282.4
305.5
314.4
337.5
407.6
408.212
501.2
501.4
557.5
1001.3
1234.6
1291.6
1441.6
1501.1
1623.6
1673.4
1679.5
1694.4
1755.5
1765.4
1771.5
1835.6
1836.212
1893.2
1893.4
1894.5
1898.4
1932.5
2393.3
2893.1
3126.6
3245.6
3246.212
3300.2
3300.4
3337.5
3800.3
4007.4
4087.5
4265.4
4272.5
4278.4
4300.1
4440.5
4520.6
4625.6
4626.212
4716.2
4716.4
4744.5
5216.3
5513.4
5695.5
5716.1
5873.6
6077.6
6078.212
6131.2
6131.4
6196.5
6631.3
7131.1
7225.6
7241.6
7242.212
7311.2
7311.4
7401.5
7811.3
8272.4
8311.1
8374.5
8375.4
8379.5
8390.4
8487.5
8985.6
9001.6
9002.212
9062.2
9062.4
9094.5
9562.3
10062.1
10607.6
10651.4
10658.5
10677.4
10702.5
10792.6
10793.212
10849.2
10849.4
10851.5
10857.4
10889.5
11349.3
11727.4
11740.5
11762.4
11849.1
11918.5
11954.4
11977.5
12202.6
12362.6
12363.212
12417.2
12417.4
12455.5
12784.4
12787.5
12788.4
12845.5
12917.3
13417.1
13881.6
13933.4
13936.5
13957.4
13959.5
14048.6
14049.212
14102.2
14102.4
14162.5
14602.3
15102.1
15182.4
15247.5
15883.6
16113.6
16114.212
16171.2
16171.4
16243.5
16671.3
17171.1
19450.6
19470.6
19471.212
19562.2
19562.4
19605.5
20062.3
20562.1
21405.6
21436.6
21437.212
21499.2
21499.4
21538.5
21999.3
22499.1
23661.6
23803.6
23804.212
23857.2
23857.4
23897.5
24357.3
24857.1
26070.6
26190.6
26191.212
26256.2
26256.4
26260.5
26262.4
26330.5
26756.3
27256.1
29216.6
29233.6
29234.212
29316.2
29316.4
29360.5
29816.3
30316.1
31003.4
31065.5
32965.6
33106.6
33107.212
33117.6
33171.2
33171.4
33213.5
33671.3
34171.1
35935.4
35994.5
36517.4
36519.5
36525.4
36592.5
37001.4
37004.5
37010.4
37116.5
37208.6
37222.6
37223.212
37280.2
37280.4
37354.5
37475.4
37543.5
37780.3
38280.1
40277.4
40346.5
40519.6
40640.6
40641.212
40653.6
40696.2
40696.4
40741.5
41196.3
41696.1
42840.6
42863.6
42864.212
42912.6
42957.2
42957.4
42966.5
42969.4
43019.5
43457.3
43957.1
46337.6
46374.6
46375.212
46443.2
46443.4
46547.5
46943.3
47443.1
48737.6
48760.6
48761.212
48850.2
48850.4
48927.5
49350.3
49850.1
51354.6
51374.6
51375.212
51426.2
51426.4
51430.5
51440.4
51472.5
51926.3
52426.1
53952.6
53972.6
53973.212
54050.2
54050.4
54089.5
54550.3
55050.1
55168.6
55182.6
55183.212
55233.2
55233.4
55266.5
55733.3
56233.1
57735.6
57849.6
57850.212
57862.6
57913.2
57913.4
57944.5
58413.3
58913.1
60517.6
60628.6
60629.212
60695.2
60695.4
60722.5
61195.3
61695.1
62729.6
62744.6
62745.212
62814.2
62814.4
62851.5
63314.3
63814.1
66220.6
66236.6
66237.212
66308.2
66308.4
66358.5
66808.3
67308.1
68676.6
68688.6
68689.212
68699.6
68743.2
68743.4
68798.5
68947.4
68994.5
69243.3
69743.1
71297.4
71299.5
71310.4
71507.5
71627.6
71664.6
71665.212
71732.2
71732.4
71781.5
72232.3
72732.1
74125.6
74172.6
74173.212
74236.2
74236.4
74318.5
74736.3
75236.1
76947.6
77105.6
77106.212
77168.2
77168.4
77307.5
77668.3
78168.1
79671.6
79706.6
79707.212
79716.6
79769.2
79769.4
79801.5
80269.3
80769.1
82003.6
82030.6
82031.212
82098.2
82098.4
82124.5
82598.3
83098.1
84161.6
84177.6
84178.212
84240.2
84240.4
84322.5
84740.3
85240.1
85988.6
86011.6
86012.212
86082.2
86082.4
86129.5
86582.3
87082.1
88262.6
88283.6
88284.212
88334.2
88334.4
88378.5
88834.3
89334.1
90163.6
90179.6
90180.212
90239.2
90239.4
90313.5
90739.3
91239.1
92294.6
92402.6
92403.212
92456.2
92456.4
92500.5
92956.3
93456.1
94564.6
94589.6
94590.212
94652.2
94652.4
94718.5
95152.3
95652.1
96458.6
96490.6
96491.212
96548.2
96548.4
96581.5
97048.3
97548.1
98321.6
98342.6
98343.212
98400.2
98400.4
98405.5
98414.4
98455.5
98900.3
99400.1
99494.6
99720.6
99721.212
99794.2
99794.4
99819.5
100294.3
100794.1
101704.6
101822.6
101823.212
101886.2
101886.4
101931.5
102386.3
102886.1
104112.4
104361.5
104422.6
104477.6
104478.212
104534.2
104534.4
104590.5
105034.3
105534.1
107534.6
107583.6
107584.212
107660.2
107660.4
107691.5
108160.3
108660.1
109870.6
110030.6
110031.212
110085.2
110085.4
110128.5
110585.3
111085.1
112155.4
112248.5
112309.6
112375.6
112376.212
112438.2
112438.4
112477.5
112938.3
113438.1
114265.6
114290.6
114291.212
114364.2
114364.4
114450.5
114864.3
115364.1
116160.6
116207.6
116208.212
116269.2
116269.4
116271.5
116284.4
116294.5
116297.4
116364.5
116769.3
117269.1
118458.6
118492.6
118493.212
118562.2
118562.4
118593.5
119062.3
119562.1
120538.6
120567.6
120568.212
120645.2
120645.4
120678.5
121145.3
121645.1
122402.4
122481.5
122947.6
122977.6
122978.212
123028.2
123028.4
123035.5
123036.4
123074.5
123528.3
124008.4
124028.1
124044.5
126169.6
126209.6
126210.212
126295.2
126295.4
126323.5
126795.3
127295.1
128337.6
128388.6
128389.212
128451.2
128451.4
128507.5
128951.3
129451.1
130164.4
130224.5
131829.6
131868.6
131869.212
131958.2
131958.4
131965.5
131973.4
132011.5
132458.3
132958.1
134139.6
134273.6
134274.212
134325.2
134325.4
134354.5
134825.3
135325.1
136143.6
136160.6
136161.212
136253.6
136309.2
136309.4
136311.5
136321.4
136385.5
136809.3
136906.4
136960.5
137309.1
138824.6
139000.6
139001.212
139016.6
139064.2
139064.4
139114.5
139410.4
139485.5
139564.3
140064.1
141026.6
141043.6
141044.212
141115.2
141115.4
141232.5
141615.3
142115.1
144090.6
144144.6
144145.212
144213.2
144213.4
144249.5
144713.3
145213.1
146111.6
146162.6
146163.212
146230.2
146230.4
146267.5
146730.3
147230.1
148280.6
148300.6
148301.212
148354.2
148354.4
148400.5
148854.3
149354.1
150454.6
150480.6
150481.212
150534.2
150534.4
150535.5
150542.4
150603.5
151034.3
151534.1
152615.6
152629.6
152630.212
152702.2
152702.4
152734.5
153202.3
153702.1
154957.6
155025.6
155026.212
155037.6
155092.2
155092.4
155159.5
155592.3
156092.1
157127.4
157206.5
157530.6
157716.6
157717.212
157755.6
157814.2
157814.4
157856.5
158314.3
158814.1
159916.6
160121.6
160122.212
160182.2
160182.4
160228.5
160682.3
161182.1
161379.4
161385.5
161388.4
161390.5
161396.4
161458.5
162767.6
162791.6
162792.212
162850.2
162850.4
162867.5
162873.4
162927.5
163350.3
163850.1
165131.6
165345.6
165346.212
165453.2
165453.4
165493.5
165953.3
166453.1
167407.6
167455.6
167456.212
167513.2
167513.4
167563.5
168013.3
168513.1
169250.4
169256.5
169263.4
169310.5
169368.6
169497.6
169498.212
169554.2
169554.4
169598.5
170054.3
170554.1
171678.4
171685.5
171714.4
171716.5
171722.4
171724.5
171731.4
171940.5
172008.6
172044.6
172045.212
172113.2
172113.4
172188.5
172613.3
173113.1
174076.6
174099.6
174100.212
174155.2
174155.4
174256.5
174655.3
175155.1
176596.6
176609.6
176610.212
176708.6
176723.6
176779.2
176779.4
176841.5
177279.3
177779.1
178158.4
178224.5
178626.4
178699.5
178975.4
179895.5
179924.4
180000.9
123456789
8
26
15
8
26
15
11
FI
2
3
10
49
06
11
22
06
6
2
736
0
0
0
314159265
69
0
139
180000
314159265
0.1
1.4
115.5
482.6
599.6
600.212
646.2
646.4
697.5
1146.3
1646.1
1948.6
1959.6
1960.212
2021.2
2021.4
2129.5
2521.3
3021.1
3158.4
3245.5
3844.6
4018.6
4019.212
4073.6
4118.2
4118.4
4119.5
4130.4
4215.5
4618.3
5118.1
6793.4
6897.5
6999.6
7051.6
7052.212
7111.2
7111.4
7159.5
7611.3
8111.1
9416.4
9498.5
10582.6
10836.6
10837.212
10908.2
10908.4
10972.5
11408.3
11908.1
13984.4
14064.5
14901.4
15015.5
15174.6
15325.6
15326.212
15388.2
15388.4
15391.5
15392.4
15394.5
15395.4
15463.5
15888.3
16388.1
18371.4
18480.5
18573.6
18606.6
18607.212
18664.2
18664.4
18667.5
18677.4
18756.5
19164.3
19664.1
21393.6
21748.6
21749.212
21803.2
21803.4
21807.5
21814.4
22136.5
22303.3
22310.6
22597.4
22599.5
22602.4
22769.5
22803.1
23007.6
23053.6
23054.212
23101.2
23101.4
23105.5
23115.4
23118.5
23135.4
23281.5
23601.3
24101.1
25955.6
26146.6
26147.212
26182.6
26192.6
26237.6
26328.6
26455.6
26478.6
26591.6
26851.2
26851.4
26876.5
27351.3
27851.1
28330.4
28398.5
28420.4
28422.5
28663.6
28688.6
28689.212
28738.2
28738.4
28791.5
29238.3
29599.4
29690.5
29738.1
32356.6
32562.6
32563.212
32622.2
32622.4
32810.5
33122.3
33373.4
33474.5
33622.1
34272.6
34285.6
34286.212
34378.2
34378.4
34381.5
34393.4
34401.5
34427.4
34521.5
34878.3
35378.1
38531.6
38765.6
38766.212
38815.2
38815.4
38823.5
38826.4
38887.5
38897.4
38980.5
39315.3
39815.1
41875.4
41904.5
41912.4
41933.5
42126.6
42309.6
42310.212
42414.2
42414.4
42597.5
42723.4
42881.5
42914.3
43030.6
43251.6
43414.1
43690.6
43862.6
43863.212
43939.2
43939.4
43944.5
43952.4
44037.5
44439.3
44939.1
47683.6
47694.6
47695.212
47768.2
47768.4
47859.5
48268.3
48768.1
50711.6
50798.6
50799.212
50870.2
50870.4
50943.5
51370.3
51870.1
54186.4
54261.5
54356.6
54419.6
54420.212
54489.2
54489.4
54579.5
54989.3
55489.1
57705.4
57886.5
61018.6
61037.6
61038.212
61116.2
61116.4
61437.5
61511.4
61616.3
61661.5
62116.1
62933.6
62984.6
62985.212
63037.2
63037.4
63042.5
63048.4
63055.5
63060.4
63107.5
63537.3
64037.1
66230.6
66245.6
66246.212
66322.2
66322.4
66369.5
66379.4
66512.5
66818.6
66822.3
66847.6
66935.6
67322.1
67537.6
67688.6
67689.212
67745.2
67745.4
67834.5
68245.3
68745.1
70370.6
70407.6
70408.212
70465.2
70465.4
70466.5
70493.4
70659.5
70965.3
71465.1
73276.6
73290.6
73291.212
73354.2
73354.4
73406.5
73854.3
74354.1
75341.6
75360.6
75361.212
75421.2
75421.4
75478.5
75921.3
76421.1
78691.6
78713.6
78714.212
78787.2
78787.4
78836.5
79287.3
79787.1
81765.6
81809.6
81810.212
81865.2
81865.4
81866.5
81871.4
82365.3
82656.5
82865.1
83240.6
83255.6
83256.212
83406.2
83406.4
83408.5
83420.4
83495.5
83906.3
84406.1
85940.6
85960.6
85961.212
86020.2
86020.4
86171.5
86520.3
87020.1
88769.4
89036.5
89190.6
89396.4
89644.5
89799.6
89800.212
89857.2
89857.4
89914.5
90357.3
90857.1
92353.6
92378.6
92379.212
92455.2
92455.4
92955.3
93024.5
93455.1
93523.6
93605.6
93606.212
93625.6
93644.6
93717.6
93830.2
93830.4
93904.5
94330.3
94830.1
97143.6
97168.6
97169.212
97236.2
97236.4
97478.5
97589.6
97653.6
97736.3
97792.6
98046.6
98236.1
98436.6
98552.6
98553.212
98611.2
98611.4
98658.5
99111.3
99611.1
100460.6
100467.6
100468.212
100529.2
100529.4
100579.5
100595.4
100652.5
100661.4
100796.5
101029.3
101529.1
103035.6
103119.6
103120.212
103187.2
103187.4
103283.5
103687.3
104187.1
106606.6
106622.6
106623.212
106691.2
106691.4
106846.5
106852.4
107090.5
107191.3
107691.1
109122.6
109148.6
109149.212
109183.6
109246.2
109246.4
109311.5
109746.3
110246.1
111716.6
111733.6
111734.212
111813.2
111813.4
111904.5
112313.3
112813.1
114003.6
114050.6
114051.212
114186.2
114186.4
114234.5
114686.3
115186.1
116500.6
116523.6
116524.212
116578.2
116578.4
116890.5
117078.3
117578.1
117750.6
117769.6
117770.212
117833.2
117833.4
117945.5
118333.3
118833.1
120161.6
120178.6
120179.212
120310.6
120425.6
120462.6
120525.6
120537.6
120600.2
120600.4
120609.5
120615.4
120767.5
120898.6
121100.3
121423.6
121600.1
122041.6
122238.6
122239.212
122246.6
122293.2
122293.4
122357.5
122793.3
123293.1
124207.6
124227.6
124228.212
124321.2
124321.4
124328.5
124336.4
124346.5
124348.4
124421.5
124517.6
124577.6
124821.3
124907.6
125321.1
125433.6
125454.6
125455.212
125526.2
125526.4
125582.5
126026.3
126526.1
127636.6
127647.6
127648.212
127800.6
127810.6
127942.6
128007.2
128007.4
128013.5
128046.4
128128.5
128507.3
129007.1
130226.6
130308.6
130309.212
130409.2
130409.4
130488.5
130909.3
131409.1
132002.6
132101.6
132102.212
132134.6
132203.2
132203.4
132282.5
132703.3
133203.1
134448.6
134505.6
134506.212
134567.2
134567.4
134574.5
134579.4
134655.5
135067.3
135567.1
136299.4
136313.5
136329.4
136522.5
137946.6
137978.6
137979.212
138066.2
138066.4
138138.5
138566.3
138901.4
138902.5
138903.4
138989.5
139050.4
139066.1
139288.5
139341.4
139424.5
141611.6
141626.6
141627.212
141680.2
141680.4
141831.5
141879.4
141946.5
142180.3
142680.1
143178.4
143183.5
143186.4
143812.5
143913.6
143927.6
143928.212
143959.6
144007.2
144007.4
144161.5
144507.3
145007.1
145028.4
145123.5
145597.4
145604.5
145612.4
145702.5
145834.6
145905.6
145906.212
145961.2
145961.4
145972.5
145974.4
146046.5
146461.3
146961.1
147879.6
147918.6
147919.212
147929.6
147983.2
147983.4
148175.5
148483.3
148983.1
150369.6
150383.6
150384.212
150446.2
150446.4
150487.5
150946.3
151446.1
152002.6
152171.6
152172.212
152220.2
152220.4
152567.5
152599.4
152613.5
152615.4
152635.5
152720.3
153220.1
154031.6
154042.6
154043.212
154104.2
154104.4
154167.5
154604.3
155104.1
156424.6
156446.6
156447.212
156492.2
156492.4
156496.5
156503.4
156580.5
156992.3
157492.1
158628.6
158652.6
158653.212
158706.2
158706.4
158877.5
159099.4
159206.3
159238.5
159706.1
161184.6
161198.6
161199.212
161212.6
161265.2
161265.4
161350.5
161765.3
162265.1
163368.6
163516.6
163517.212
163567.2
163567.4
163631.5
164067.3
164567.1
165406.6
165483.4
165795.5
166242.6
166243.212
166300.2
166300.4
166800.3
167077.5
167300.1
167380.6
167407.6
167408.212
167463.2
167463.4
167592.5
167963.3
168463.1
169282.6
169395.6
169396.212
169443.2
169443.4
169494.5
169943.3
170443.1
171812.6
171851.6
171852.212
171912.2
171912.4
171980.5
172412.3
172804.4
172886.5
172912.1
174557.4
174653.5
174654.4
174656.5
174808.4
174811.5
174822.4
174883.5
175283.6
175403.6
175404.212
175421.6
175477.2
175477.4
175598.5
175977.3
176477.1
177365.6
177394.6
177395.212
177452.2
177452.4
177569.5
177952.3
180000.9
123456789
8
27
15
8
27
15
11
FI
2
3
10
51
21
11
24
21
6
2
449
0
0
0
314159265
44
0
90
180000
314159265
0.1
278.6
341.6
342.212
391.2
391.4
400.5
403.4
463.5
891.3
1391.1
1530.6
1552.6
1553.212
1602.2
1602.4
1607.5
1617.4
1655.5
2102.3
2602.1
3151.6
3356.6
3357.212
3362.6
3421.2
3421.4
3458.5
3921.3
4421.1
4534.6
4557.6
4558.212
4623.2
4623.4
4626.5
4634.4
4700.5
5123.3
5623.1
6027.4
6041.5
6047.4
6123.5
6728.6
6805.6
6806.212
6884.2
6884.4
6917.5
7384.3
7884.1
8210.4
8219.5
8224.4
8699.5
8815.6
8831.6
8832.212
8890.2
8890.4
8990.5
9390.3
9890.1
18675.6
18698.6
18699.212
18761.2
18761.4
18879.5
19261.3
19761.1
25154.6
25201.6
25202.212
25286.2
25286.4
25319.5
25786.3
26286.1
28650.6
28676.6
28677.212
28752.2
28752.4
28874.5
29252.3
29752.1
31888.6
31913.6
31914.212
31983.2
31983.4
31985.5
31986.4
31988.5
31994.4
32053.5
32483.3
32983.1
38438.6
38458.6
38459.212
38526.2
38526.4
38679.5
38724.4
38730.5
39026.3
39526.1
40052.6
40063.6
40064.212
40125.2
40125.4
40178.5
40625.3
41125.1
42811.6
42833.6
42834.212
42896.2
42896.4
42941.5
43396.3
43896.1
46335.6
46350.6
46351.212
46414.2
46414.4
46480.5
46914.3
47414.1
49198.6
49219.6
49220.212
49289.2
49289.4
49355.5
49789.3
50289.1
56631.6
56749.6
56750.212
56802.2
56802.4
56805.5
56813.4
57025.5
57030.4
57094.5
57302.3
57802.1
64109.6
64285.6
64286.212
64359.2
64359.4
64456.5
64859.3
65359.1
68020.6
68042.6
68043.212
68109.2
68109.4
68150.5
68609.3
69109.1
71155.6
71171.6
71172.212
71236.2
71236.4
71281.5
71736.3
72236.1
74702.6
74725.6
74726.212
74792.2
74792.4
74857.5
75292.3
75792.1
78633.6
78658.6
78659.212
78719.2
78719.4
78726.5
78737.4
78872.5
79219.3
79719.1
82524.4
82693.5
85792.4
85925.5
86537.6
86557.6
86558.212
86617.2
86617.4
86708.5
87117.3
87617.1
87693.4
87845.5
87860.4
87931.5
88276.4
88378.5
95655.6
95721.6
95722.212
95864.2
95864.4
95881.5
95972.4
96005.5
96364.3
96546.4
96549.5
96550.4
96605.5
96864.1
99585.6
106832.6
106833.212
106904.2
106904.4
107002.5
107066.4
107130.5
107404.3
107904.1
110350.6
110365.6
110366.212
110428.2
110428.4
110594.5
110928.3
111428.1
111710.4
111866.5
115211.6
115225.6
115226.212
115287.2
115287.4
115357.5
115787.3
116287.1
119745.6
119786.6
119787.212
119858.2
119858.4
119936.5
120358.3
120858.1
123086.6
123243.6
123244.212
123324.2
123324.4
123329.5
123343.4
123385.5
123824.3
124324.1
126605.6
126621.6
126622.212
126698.2
126698.4
126760.5
126771.4
126835.5
127198.3
127698.1
128694.4
128708.5
128712.4
128766.5
129233.4
129295.5
129306.4
129362.5
129417.4
129527.5
129545.4
129570.5
129919.6
129973.6
129974.212
130034.2
130034.4
130038.5
130045.4
130157.5
130534.3
131034.1
133357.6
133391.6
133392.212
133399.6
133466.2
133466.4
133539.5
133966.3
134466.1
137614.6
137625.6
137626.212
137702.2
137702.4
137787.5
138202.3
138702.1
140866.6
140889.6
140890.212
140957.2
140957.4
141041.5
141457.3
141957.1
144033.6
144079.6
144080.212
144161.2
144161.4
144279.5
144337.4
144459.5
144661.3
145161.1
147944.6
148040.6
148041.212
148125.2
148125.4
148136.5
148137.4
148302.5
148625.3
148829.4
148831.5
148841.4
148844.5
148847.4
148882.5
149125.1
150452.6
150485.6
150486.212
150573.2
150573.4
150829.5
150833.4
150834.5
150841.4
150985.5
151073.3
151095.4
151226.5
151246.4
151282.5
151573.1
151836.6
152027.4
152479.5
152569.4
152684.5
152828.6
152829.212
152887.2
152887.4
152892.5
152901.4
153036.5
153387.3
153887.1
157137.6
157156.6
157157.212
157227.2
157227.4
157274.5
157727.3
158227.1
159682.6
159699.6
159700.212
159770.2
159770.4
159862.5
160270.3
160770.1
164137.6
164149.6
164150.212
164265.2
164265.4
164335.5
164765.3
165265.1
167715.6
167972.4
167984.5
168099.6
168100.212
168150.2
168150.4
168247.5
168650.3
169150.1
172541.6
172573.6
172574.212
172653.2
172653.4
172658.5
172665.4
172717.5
173153.3
173653.1
175318.6
175352.6
175353.212
175440.2
175440.4
175507.5
175940.3
176440.1
178592.6
178687.6
178688.212
178753.2
178753.4
178983.5
179253.3
180000.9
123456789
8
28
15
8
28
15
11
FI
2
3
10
48
34
11
21
34
6
2
416
0
0
0
314159265
40
1
81
180000
314159265
0.1
1.4
9.5
163.6
317.6
318.212
372.2
372.4
413.5
872.3
1372.1
2769.6
2796.6
2797.212
2857.2
2857.4
2960.5
3357.3
3857.1
3978.4
4374.5
4612.6
4629.6
4630.212
4674.6
4787.2
4787.4
4994.5
5141.6
5162.6
5287.3
5305.6
5317.6
5382.4
5635.5
5787.1
6154.6
6351.6
6352.212
6365.6
6405.2
6405.4
6456.5
6905.3
7405.1
10232.6
10258.6
10259.212
10339.2
10339.4
10384.5
10839.3
11339.1
12033.6
12054.6
12055.212
12116.2
12116.4
12169.5
12616.3
13116.1
14043.4
14199.5
14297.6
14471.6
14472.212
14539.2
14539.4
14587.5
15039.3
15395.4
15402.5
15403.4
15405.5
15411.4
15413.5
15418.4
15462.5
15539.1
17719.6
17733.6
17734.212
17823.2
17823.4
17861.5
18323.3
18823.1
19947.4
20264.5
20738.6
20775.6
20776.212
20860.2
20860.4
20926.5
21360.3
21860.1
23697.6
23720.6
23721.212
23775.2
23775.4
23841.5
24275.3
24775.1
25928.4
26155.5
26407.6
26567.6
26568.212
26579.6
26626.2
26626.4
26680.5
27126.3
27626.1
29195.6
29208.6
29209.212
29267.2
29267.4
29341.5
29767.3
30267.1
32957.6
33058.6
33059.212
33137.2
33137.4
33171.5
33637.3
34137.1
36526.6
36545.6
36546.212
36619.2
36619.4
36651.5
37119.3
37619.1
39857.6
39908.6
39909.212
40001.2
40001.4
40097.5
40114.4
40118.5
40139.4
40248.5
40501.3
41001.1
41385.6
41406.6
41407.212
41469.2
41469.4
41471.5
41482.4
41603.5
41969.3
42229.4
42337.5
42469.1
44645.6
44676.6
44677.212
44737.2
44737.4
44791.5
45237.3
45737.1
47765.6
47891.6
47892.212
47906.6
47974.2
47974.4
48009.5
48474.3
48974.1
52266.6
52458.6
52459.212
52540.2
52540.4
52615.5
53040.3
53540.1
57075.6
57111.6
57112.212
57168.2
57168.4
57169.5
57188.4
57232.5
57668.3
58168.1
60206.6
60231.6
60232.212
60330.2
60330.4
60407.5
60409.4
60481.5
60830.3
61330.1
65701.6
65749.6
65750.212
65831.2
65831.4
65942.5
66331.3
66831.1
71984.6
72044.6
72045.212
72113.2
72113.4
72218.5
72613.3
73113.1
77394.6
77718.6
77719.212
77810.2
77810.4
77811.5
77812.4
77872.5
78310.3
78810.1
79041.6
79070.6
79071.212
79279.2
79279.4
79341.5
79779.3
80279.1
82542.6
84252.4
84396.5
84548.4
84662.5
90049.6
90050.212
90129.2
90129.4
90175.5
90629.3
91129.1
93587.4
93655.5
100680.6
100837.6
100838.212
100897.2
100897.4
100980.5
100989.4
101105.5
101132.4
101294.5
101326.4
101330.5
101397.3
101427.4
101528.5
101897.1
102048.6
102076.6
102077.212
102124.2
102124.4
102197.5
102624.3
103124.1
106548.6
106650.6
106651.212
106718.2
106718.4
106849.5
107218.3
107555.4
107606.5
107718.1
108332.6
108417.6
108418.212
108425.6
109464.8
110931.2
110931.4
110947.5
110986.4
111067.5
111431.3
111931.1
118859.6
118889.6
118890.212
118973.2
118973.4
119108.5
119473.3
119973.1
126643.6
126743.6
126744.212
126822.2
126822.4
126918.5
127322.3
127822.1
133500.6
133526.6
133527.212
133584.2
133584.4
133669.5
134084.3
134584.1
138582.6
138625.6
138626.212
138686.2
138686.4
138863.5
139030.4
139131.5
139186.3
139686.1
143266.6
143297.6
143298.212
143308.6
143375.2
143375.4
143458.5
143875.3
144092.4
144098.5
144102.4
144228.5
144375.1
145262.6
145292.6
145293.212
145373.2
145373.4
145438.5
145502.4
145605.5
145873.3
146373.1
150329.6
150350.6
150351.212
150418.2
150418.4
150537.5
150539.4
150629.5
150918.3
151418.1
157386.6
157417.6
157418.212
157490.2
157490.4
157549.5
157990.3
158490.1
166617.4
166673.5
167118.4
167121.5
167125.4
167284.5
167371.4
167408.5
167478.4
167668.5
168075.6
168096.6
168097.212
168168.2
168168.4
168171.5
168175.4
168351.5
168385.4
168452.5
168668.3
169168.1
169744.4
169759.5
169883.4
169985.5
170211.4
170285.5
170788.6
171298.6
171299.212
171376.2
171376.4
171480.5
171876.3
180000.9
123456789
8
29
15
8
29
15
11
FI
2
3
10
49
41
11
22
41
6
2
420
0
0
0
314159265
39
1
79
180000
314159265
0.1
326.6
367.6
368.212
435.2
435.4
474.5
935.3
1435.1
2440.6
2503.6
2504.212
2595.2
2595.4
2596.5
2597.4
2683.5
3095.3
3595.1
5346.6
5361.6
5362.212
5519.6
5544.6
5581.6
5777.6
5787.6
5851.6
5859.6
6355.6
6387.6
6626.6
6683.6
7458.6
7524.6
10960.6
11226.6
11353.2
11353.4
11853.3
12135.5
12353.1
13003.6
13249.6
13250.212
13339.2
13339.4
13369.5
13839.3
14339.1
16158.6
16226.6
16227.212
16287.2
16287.4
16385.5
16787.3
17287.1
18674.6
18717.6
18718.212
18800.2
18800.4
18867.5
19300.3
19800.1
21681.6
21734.6
21735.212
21822.2
21822.4
21824.5
21832.4
21857.5
22322.3
22822.1
24991.6
25148.6
25149.212
25231.2
25231.4
25261.5
25731.3
26231.1
27813.6
27828.6
27829.212
27910.2
27910.4
27946.5
28410.3
28910.1
30930.6
30957.6
30958.212
31020.2
31020.4
31066.5
31520.3
32020.1
32981.4
32985.5
33047.4
33113.5
34380.6
34400.6
34401.212
34471.2
34471.4
34517.5
34971.3
35471.1
37155.6
37169.6
37170.212
37231.2
37231.4
37305.5
37731.3
38231.1
39102.6
39148.6
39149.212
39220.2
39220.4
39223.5
39231.4
39277.5
39720.3
40220.1
41130.6
41153.6
41154.212
41295.6
41381.2
41381.4
41464.5
41881.3
42381.1
44300.6
44326.6
44327.212
44416.2
44416.4
44729.5
44746.4
44761.5
44878.6
44916.3
44922.6
45233.6
45260.6
45416.1
45605.6
45645.6
45646.212
45717.2
45717.4
45770.5
46217.3
46717.1
48241.6
48261.6
48262.212
48269.6
48316.2
48316.4
48323.5
48335.4
48377.5
48816.3
49316.1
50816.6
50831.6
50832.212
50929.2
50929.4
50967.5
51429.3
51929.1
53916.6
53942.6
53943.212
54027.2
54027.4
54107.5
54527.3
55027.1
57451.6
57479.6
57480.212
57539.2
57539.4
57582.5
58039.3
58539.1
60577.6
60606.6
60607.212
60680.2
60680.4
60728.5
61180.3
61680.1
63544.6
63559.6
63560.212
63575.6
63643.2
63643.4
63724.5
64143.3
64643.1
69021.6
69064.6
69065.212
69151.2
69151.4
69163.5
69165.4
69244.5
69651.3
70151.1
72253.6
72292.6
72293.212
72371.2
72371.4
72398.5
72871.3
73371.1
75851.4
75864.5
75868.4
75883.5
75886.4
75982.5
77276.6
77300.6
77301.212
77370.2
77370.4
77403.5
77870.3
78370.1
82475.6
82497.6
82498.212
82580.2
82580.4
82638.5
83080.3
83580.1
87422.6
87485.6
87486.212
87590.2
87590.4
87643.5
87664.4
87774.5
87776.4
87789.5
88090.3
88590.1
88835.6
88867.6
88868.212
88927.2
88927.4
89001.5
89427.3
89927.1
96118.6
96183.6
96184.212
96259.2
96259.4
96302.5
96759.3
97259.1
101478.6
101578.6
101579.212
101649.2
101649.4
101798.5
102149.3
102649.1
110181.6
110207.6
110208.212
110270.2
110270.4
110325.5
110770.3
111270.1
111342.4
111364.5
111368.4
111374.5
111379.4
111420.5
112563.4
112618.5
112660.4
112772.5
112813.4
112871.5
119072.6
119128.6
119129.212
119196.2
119196.4
119288.5
119355.4
119409.5
119696.3
120196.1
120531.4
120645.5
126612.4
126876.5
127010.6
127031.6
127032.212
127092.2
127092.4
127142.5
127541.4
127583.5
127592.3
128092.1
129265.4
129352.5
131236.4
131344.5
139772.4
139887.5
140063.6
140091.6
140092.212
140293.6
140391.6
140721.2
140721.4
140846.5
141221.3
141721.1
144859.6
144884.6
144885.212
144951.2
144951.4
145023.5
145451.3
145951.1
146763.4
146886.5
153986.6
154300.6
154301.212
154491.2
154491.4
154566.5
154991.3
155491.1
155758.4
155941.5
156520.4
156623.5
161438.6
161470.6
161471.212
161534.2
161534.4
161586.5
162034.3
162534.1
162821.4
162896.5
163002.4
163014.5
163126.4
163320.5
170383.8
171365.4
171421.5
171878.4
171973.5
172850.4
172851.5
172852.4
172861.5
172881.4
172972.5
173158.4
173398.5
173404.4
173406.5
173414.4
173426.5
173768.6
173805.6
173806.212
173882.2
173882.4
173952.5
174382.3
174882.1
176632.6
176874.6
176875.212
176956.2
176956.4
176967.5
177456.3
180000.9
123456789
8
30
15
8
30
15
11
FI
2
3
10
50
34
11
23
34
6
2
493
0
0
0
314159265
43
0
104
180000
314159265
0.1
219.6
256.6
257.212
313.2
313.4
359.5
813.3
1313.1
5687.6
5710.6
5711.212
5808.2
5808.4
5811.5
5830.4
5910.5
6308.3
6808.1
9871.6
9882.6
9883.212
9971.2
9971.4
10028.5
10471.3
10971.1
12987.6
12997.6
12998.212
13090.2
13090.4
13118.5
13590.3
14090.1
18177.6
18196.6
18197.212
18306.2
18306.4
18337.5
18806.3
19306.1
23800.6
23818.6
23819.212
23911.2
23911.4
24013.5
24411.3
24911.1
29206.6
29217.6
29218.212
29298.2
29298.4
29351.5
29798.3
30298.1
33947.6
33962.6
33963.212
34004.6
34088.2
34088.4
34092.5
34095.4
34165.5
34588.3
35088.1
39196.6
39212.6
39213.212
39292.2
39292.4
39297.5
39298.4
39408.5
39792.3
40292.1
44134.6
44158.6
44159.212
44245.2
44245.4
44289.5
44745.3
45245.1
50138.6
50155.6
50156.212
50235.2
50235.4
50267.5
50735.3
51235.1
55695.6
55748.6
55749.212
55946.6
56047.6
61050.2
61050.4
61062.5
61550.3
62050.1
62206.6
62372.6
62373.212
62433.2
62433.4
62513.5
62933.3
63433.1
65425.6
65453.6
65454.212
65559.2
65559.4
65600.5
66059.3
66559.1
69529.6
69540.6
69541.212
69619.2
69619.4
69661.5
70119.3
70619.1
74275.6
75164.6
75165.212
75196.6
75257.2
75257.4
75450.5
75757.3
76257.1
78613.6
78640.6
78641.212
78717.2
78717.4
78773.5
79217.3
79717.1
84251.6
84437.6
84438.212
84514.2
84514.4
84516.5
84518.4
84520.5
84526.4
84603.5
85014.3
85514.1
89836.6
90046.6
90047.212
90140.2
90140.4
90217.5
90640.3
91140.1
95012.6
95194.6
95195.212
95298.2
95298.4
95354.5
95798.3
96298.1
99582.6
99676.6
99677.212
99750.2
99750.4
99839.5
100250.3
100750.1
107733.6
107786.6
107787.212
107878.2
107878.4
107882.5
107883.4
108049.5
108061.4
108153.5
108378.3
108660.4
108878.1
108887.5
109434.4
109440.5
109448.4
109620.5
109652.4
109716.5
115803.6
115901.6
115902.212
115971.2
115971.4
116122.5
116127.4
116392.5
116471.3
116971.1
117323.4
117341.5
117361.4
117369.5
117374.4
117393.5
119056.6
119082.6
119083.212
119160.2
119160.4
119193.5
119214.4
119233.5
119241.4
119343.5
119485.4
119497.5
119505.4
119632.5
119642.4
119660.3
119683.5
119685.4
119688.5
120160.1
120761.4
120878.5
121028.4
121134.5
121233.6
121266.6
121267.212
121319.2
121319.4
121592.5
121636.4
121755.5
121819.3
122319.1
126871.6
126897.6
126898.212
126964.2
126964.4
127106.5
127116.4
127123.5
127129.4
127174.5
127464.3
127598.4
127868.5
127906.4
127947.5
127964.1
128192.6
128213.6
128214.212
128269.2
128269.4
128407.5
128769.3
129269.1
133135.4
133238.5
133348.6
133373.6
133374.212
133382.6
133437.2
133437.4
133550.5
133937.3
134437.1
139447.6
139466.6
139467.212
139502.6
139609.6
139770.6
139806.6
144306.2
144306.4
144343.5
144806.3
145026.4
145270.5
145281.4
145306.1
145339.5
145483.6
145582.6
145583.212
145646.2
145646.4
145769.5
146146.3
146646.1
147962.6
147986.6
147987.212
148037.2
148037.4
148160.5
148245.4
148454.5
148537.3
149025.6
149037.1
149055.6
149131.6
149132.212
149212.2
149212.4
149519.5
149712.3
150212.1
155713.6
155733.6
155734.212
155826.2
155826.4
155830.5
155840.4
155879.5
155882.4
155971.5
156001.4
156019.5
156143.4
156326.3
156370.5
156795.4
156826.1
157107.5
157261.6
157283.6
157284.212
157348.2
157348.4
157634.5
157695.4
157848.3
157956.5
158017.4
158090.5
158303.4
158348.1
158363.5
158565.6
158619.6
158620.212
158736.6
158812.2
158812.4
159010.5
159075.4
159175.5
159312.3
159812.1
160248.6
160269.6
160270.212
160431.6
160453.6
160474.6
160520.6
160584.6
160882.6
161204.2
161204.4
161457.5
161704.3
161791.4
161792.5
161795.4
161869.5
162160.4
162204.1
162362.5
162371.4
162376.5
162379.4
162392.5
162427.4
162442.5
163023.6
163043.6
163044.212
163107.2
163107.4
163399.5
163457.4
163547.5
163607.3
163725.6
164107.1
164127.6
164197.6
164198.212
164282.2
164282.4
164375.5
164389.4
164463.5
164508.4
164579.5
164644.4
164655.5
164673.4
164681.5
164753.4
164782.3
164916.5
165209.6
165282.1
165388.6
165497.6
165498.212
165593.2
165593.4
165670.5
166093.3
166593.1
171308.6
171326.6
171327.212
171405.2
171405.4
171406.5
171422.4
171606.5
171905.3
171906.6
172405.1
172500.6
172582.6
172583.212
172650.2
172650.4
172799.5
173150.3
173650.1
176616.6
176637.6
176638.212
176716.2
176716.4
176883.5
176884.4
176885.5
177216.3
177368.6
177401.6
177451.6
177601.6
177716.1
177917.6
177989.4
178004.5
178009.4
178011.5
178015.4
178070.5
178081.4
178124.5
178132.4
178134.5
178137.4
178160.5
178280.6
178281.212
178343.2
178343.4
178438.5
178843.3
180000.9
123456789
8
31
15
8
31
15
11
FI
2
3
10
48
30
11
21
30
6
2
526
0
0
0
314159265
55
0
95
180000
314159265
0.1
139.6
164.6
165.212
200.2
200.4
202.5
205.4
289.5
700.3
1200.1
2210.6
2389.6
2390.212
2448.2
2448.4
2453.5
2463.4
2467.5
2468.4
2502.5
2948.3
3448.1
4531.6
4592.6
4593.212
4660.2
4660.4
4786.5
5160.3
5660.1
6699.6
6717.6
6718.212
6782.2
6782.4
6790.5
6792.4
6819.5
7282.3
7782.1
8477.6
8498.6
8499.212
8583.2
8583.4
8603.5
9083.3
9583.1
11172.6
11207.6
11208.212
11295.2
11295.4
11331.5
11795.3
12295.1
13490.6
13658.6
13659.212
13736.2
13736.4
13768.5
14236.3
14736.1
15812.6
15833.6
15834.212
15913.2
15913.4
15979.5
16413.3
16913.1
18767.6
18788.6
18789.212
18872.2
18872.4
18938.5
19313.4
19369.5
19372.3
19872.1
21611.6
21634.6
21635.212
21715.2
21715.4
21774.5
22215.3
22715.1
24086.6
24104.6
24105.212
24179.2
24179.4
24304.5
24679.3
25179.1
26488.4
26554.5
27069.6
27233.6
27234.212
27283.2
27283.4
27338.5
27783.3
28283.1
28991.4
29112.5
29241.6
29265.6
29266.212
29518.6
29614.2
29614.4
29682.5
30114.3
30614.1
32232.6
32247.6
32248.212
32304.2
32304.4
32311.5
32332.4
32388.5
32804.3
33304.1
36188.6
36211.6
36212.212
36281.2
36281.4
36361.5
36781.3
37281.1
38868.6
38890.6
38891.212
38966.2
38966.4
38980.5
38984.4
39024.5
39466.3
39966.1
41305.6
41318.6
41319.212
41383.2
41383.4
41419.5
41883.3
42383.1
43936.6
43944.6
43945.212
44009.2
44009.4
44057.5
44509.3
45009.1
46921.6
47248.6
47249.212
47336.2
47336.4
47372.5
47836.3
48336.1
50660.6
50682.6
50683.212
50758.2
50758.4
50788.5
51258.3
51758.1
53780.6
53803.6
53804.212
53882.2
53882.4
53951.5
54382.3
54882.1
57386.6
57404.6
57405.212
57492.2
57492.4
57569.5
57992.3
58492.1
61244.6
61267.6
61268.212
61340.2
61340.4
61394.5
61840.3
62340.1
64076.6
64103.6
64104.212
64182.2
64182.4
64218.5
64682.3
65182.1
66093.6
66121.6
66122.212
66191.2
66191.4
66277.5
66691.3
67191.1
69187.6
69219.6
69220.212
69298.2
69298.4
69329.5
69798.3
70298.1
73304.6
73348.6
73349.212
73427.2
73427.4
73468.5
73927.3
74427.1
77784.6
77808.6
77809.212
77886.2
77886.4
77970.5
78386.3
78886.1
81297.6
81358.6
81359.212
81431.2
81431.4
81506.5
81931.3
82431.1
84785.6
84805.6
84806.212
84869.2
84869.4
84955.5
85369.3
85869.1
87240.6
87409.6
87410.212
87474.2
87474.4
87558.5
87974.3
88474.1
90222.4
90322.5
90523.6
90575.6
90576.212
90635.2
90635.4
90731.5
91135.3
91635.1
94412.6
94435.6
94436.212
94511.2
94511.4
94592.5
95011.3
95511.1
98177.6
98219.6
98220.212
98280.2
98280.4
98367.5
98780.3
99280.1
101893.6
101912.6
101913.212
101996.2
101996.4
102079.5
102496.3
102996.1
106498.6
106541.6
106542.212
106611.2
106611.4
106618.5
106621.4
106701.5
107111.3
107611.1
113132.6
113164.6
113165.212
113247.2
113247.4
113325.5
113747.3
114247.1
118269.6
118287.6
118288.212
118359.2
118359.4
118487.5
118589.4
118667.5
118859.3
119359.1
119610.6
119829.6
119830.212
119908.2
119908.4
120037.5
120408.3
120908.1
125604.4
125607.5
125610.4
125714.5
125781.4
125961.5
126131.6
126196.6
126197.212
126257.2
126257.4
126260.5
126263.4
126375.5
126757.3
127257.1
130225.6
130257.6
130258.212
130304.2
130304.4
130305.5
130318.4
130532.5
130552.4
130566.5
130663.4
130804.3
130852.5
131304.1
132772.4
132820.5
132831.4
132846.5
132865.4
132866.5
132870.4
132886.5
133112.6
133280.6
133281.212
133350.2
133350.4
133432.5
133850.3
134350.1
137402.6
137422.6
137423.212
137493.2
137493.4
137604.5
137993.3
138493.1
141413.6
141435.6
141436.212
141499.2
141499.4
141675.5
141857.4
141861.5
141999.3
142499.1
143169.6
143191.6
143192.212
143251.2
143251.4
143253.5
143263.4
143439.5
143442.4
143478.5
143480.4
143707.5
143751.3
143838.6
144232.6
144251.1
144525.6
144554.6
144555.212
144611.2
144611.4
144767.5
144774.4
144787.5
145074.4
145111.3
145611.1
145686.5
145757.4
146305.5
146335.4
146348.5
146533.4
146779.5
146781.4
146786.5
146792.4
146815.5
146820.4
146995.5
147127.6
147152.6
147153.212
147216.2
147216.4
147391.5
147716.3
148216.1
155105.6
155128.6
155129.212
155195.2
155195.4
155417.5
155695.3
156195.1
160133.6
160157.6
160158.212
160253.2
160253.4
160375.5
160753.3
161253.1
163096.6
163137.6
163138.212
163213.2
163213.4
163220.5
163227.4
163508.5
163713.3
164213.1
164677.6
164730.6
164731.212
164797.2
164797.4
165050.5
165297.3
165797.1
168486.6
168522.6
168523.212
168576.2
168576.4
168646.5
169076.3
169576.1
171951.6
171972.6
171973.212
172097.2
172097.4
172210.5
172597.3
173080.4
173097.1
173099.5
173158.4
173445.5
173887.6
173892.6
173893.212
173956.2
173956.4
173966.5
173969.4
174038.5
174456.3
174956.1
178255.6
178281.6
178282.212
178346.2
178346.4
178491.5
178599.4
178698.5
178846.3
180000.9
123456789
9
01
15
9
01
15
11
FI
2
3
10
50
55
11
23
55
6
2
383
0
0
0
314159265
42
0
64
180000
314159265
0.1
405.6
432.6
433.212
519.2
519.4
604.5
1019.3
1519.1
3229.6
3270.6
3271.212
3372.2
3372.4
3373.5
3384.4
3434.5
3872.3
4372.1
7372.6
7398.6
7399.212
7455.2
7455.4
7459.5
7468.4
7545.5
7955.3
8455.1
10777.6
10783.6
10784.212
10849.2
10849.4
10851.5
10858.4
10897.5
11349.3
11849.1
13667.6
13693.6
13694.212
13774.2
13774.4
13847.5
14274.3
14774.1
17550.6
17564.6
17565.212
17673.2
17673.4
17739.5
18173.3
18673.1
20470.6
20478.6
20479.212
20554.2
20554.4
20585.5
21054.3
21554.1
24062.6
24103.6
24104.212
24161.2
24161.4
24165.5
24169.4
24269.5
24661.3
25161.1
27346.6
27367.6
27368.212
27452.2
27452.4
27497.5
27952.3
28452.1
29949.6
29960.6
29961.212
30034.2
30034.4
30039.5
30040.4
30072.5
30534.3
31034.1
33511.6
33531.6
33532.212
33594.2
33594.4
33678.5
34094.3
34594.1
35498.4
35556.5
38948.6
38967.6
38968.212
39041.2
39041.4
39076.5
39541.3
40041.1
42199.6
42216.6
42217.212
42293.2
42293.4
42335.5
42793.3
43293.1
46363.6
46382.6
46383.212
46455.2
46455.4
46462.5
46465.4
46493.5
46955.3
47455.1
51034.6
51061.6
51062.212
51141.2
51141.4
51201.5
51641.3
52141.1
54765.6
54806.6
54807.212
54888.2
54888.4
54936.5
55388.3
55888.1
61092.6
61132.6
61133.212
61179.2
61179.4
61305.5
61679.3
62179.1
68680.6
71036.6
71037.212
71119.2
71119.4
71188.5
71619.3
72119.1
77173.6
77223.6
77224.212
77304.2
77304.4
77342.5
77804.3
78304.1
80187.6
80378.6
80379.212
80450.2
80450.4
80456.5
80457.4
80488.5
80950.3
81450.1
84209.6
84231.6
84232.212
84315.2
84315.4
84359.5
84431.4
84622.5
84815.3
85315.1
85513.6
85576.6
85577.212
85665.2
85665.4
85915.5
86165.3
86665.1
88383.4
88435.5
88440.4
88556.5
88678.6
88709.6
88710.212
88766.2
88766.4
88769.5
88779.4
88826.5
89266.3
89766.1
94204.6
94271.6
94272.212
94355.2
94355.4
94554.5
94855.3
95355.1
102533.6
102548.6
102549.212
102608.2
102608.4
102696.5
103108.3
103608.1
107022.6
107048.6
107049.212
107148.2
107148.4
107200.5
107648.3
108148.1
111379.6
112020.6
112021.212
112074.2
112074.4
112086.5
112088.4
112090.5
112097.4
112276.5
112574.3
113074.1
117559.6
117583.6
117584.212
117658.2
117658.4
117832.5
118158.3
118658.1
119416.4
119424.5
119426.4
119666.5
119825.6
119845.6
119846.212
119902.2
119902.4
120143.5
120247.4
120402.3
120462.5
120570.4
120716.5
120902.1
125292.6
125319.6
125320.212
125389.2
125389.4
125493.5
125889.3
126389.1
130487.6
130523.6
130524.212
130591.2
130591.4
130665.5
131091.3
131591.1
134874.6
134924.6
134925.212
135023.2
135023.4
135179.5
135523.3
136023.1
140361.6
140382.6
140383.212
140460.2
140460.4
140514.5
140960.3
141460.1
144693.6
144727.6
144728.212
144803.2
144803.4
144904.5
145303.3
145803.1
149299.6
149341.6
149342.212
149416.2
149416.4
149470.5
149585.4
149588.5
149601.4
149732.5
149916.3
150416.1
150861.6
150926.6
150927.212
150986.2
150986.4
151176.5
151486.3
151986.1
156523.6
156555.6
156556.212
156639.2
156639.4
156696.5
157139.3
157639.1
164643.6
164670.6
164671.212
164740.2
164740.4
164963.5
165240.3
165740.1
166078.6
166125.6
166126.212
166201.2
166201.4
166296.5
166701.3
167201.1
169786.6
169814.6
169815.212
169900.2
169900.4
170023.5
170400.3
170900.1
175771.6
175818.6
175819.212
175872.2
175872.4
175877.5
175884.4
175991.5
176372.3
176872.1
177751.4
178018.5
178170.6
178196.6
178197.212
178277.2
178277.4
178521.5
178777.3
180000.9
123456789
9
02
15
9
02
15
11
FI
2
3
10
47
03
11
20
03
6
2
528
0
0
0
314159265
55
0
91
180000
314159265
0.1
301.6
339.6
340.212
379.2
379.4
383.5
390.4
432.5
879.3
1379.1
2126.6
2163.6
2164.212
2236.2
2236.4
2279.5
2736.3
3236.1
3783.4
3786.5
3788.4
4200.5
4212.4
4227.5
4344.6
4367.6
4368.212
4449.2
4449.4
4473.5
4949.3
5449.1
6903.6
6924.6
6925.212
6993.2
6993.4
7019.5
7493.3
7993.1
9499.6
9518.6
9519.212
9552.6
9617.2
9617.4
9664.5
10117.3
10617.1
12011.6
12046.6
12047.212
12145.2
12145.4
12167.5
12645.3
13145.1
14757.6
14786.6
14787.212
14813.6
14887.2
14887.4
14950.5
15387.3
15887.1
18090.6
18347.6
18348.212
18381.6
18447.2
18447.4
18483.5
18947.3
19447.1
20806.6
20823.6
20824.212
20888.2
20888.4
20976.5
21388.3
21888.1
23605.6
23625.6
23626.212
23687.2
23687.4
23794.5
24187.3
24687.1
25349.4
25432.5
26544.6
26568.6
26569.212
26623.2
26623.4
26696.5
27123.3
27623.1
29247.6
29275.6
29276.212
29337.2
29337.4
29341.5
29342.4
29344.5
29349.4
29390.5
29837.3
30337.1
31109.4
31133.5
31134.4
31267.5
31479.6
31492.6
31493.212
31551.2
31551.4
31610.5
32051.3
32551.1
33906.6
33961.6
33962.212
34013.2
34013.4
34015.5
34025.4
34114.5
34513.3
35013.1
36351.6
36366.6
36367.212
36417.2
36417.4
36522.5
36917.3
37417.1
39602.4
39720.5
39812.6
39848.6
39849.212
39912.2
39912.4
39957.5
40412.3
40912.1
42149.6
42163.6
42164.212
42177.6
42243.2
42243.4
42271.5
42743.3
43243.1
44449.6
44470.6
44471.212
44554.2
44554.4
44589.5
45054.3
45554.1
47954.6
47966.6
47967.212
48040.2
48040.4
48093.5
48540.3
49040.1
53478.6
53490.6
53491.212
53544.2
53544.4
53631.5
54044.3
54544.1
55651.6
55668.6
55669.212
55694.6
55753.2
55753.4
55799.5
56253.3
56753.1
58601.6
58629.6
58630.212
58688.2
58688.4
58776.5
59188.3
59688.1
61292.6
61313.6
61314.212
61382.2
61382.4
61436.5
61882.3
62382.1
64195.6
64217.6
64218.212
64281.2
64281.4
64329.5
64781.3
65281.1
66338.6
66484.6
66485.212
66559.2
66559.4
66627.5
67059.3
67559.1
69789.6
69809.6
69810.212
69836.6
69857.6
69915.2
69915.4
69981.5
70415.3
70915.1
73096.6
73121.6
73122.212
73174.2
73174.4
73242.5
73674.3
74174.1
76505.6
76531.6
76532.212
76605.2
76605.4
76691.5
77105.3
77605.1
79075.6
79272.6
79273.212
79334.2
79334.4
79390.5
79834.3
80334.1
82691.6
82734.6
82735.212
82817.2
82817.4
82872.5
83317.3
83817.1
85908.6
85948.6
85949.212
86022.2
86022.4
86057.5
86522.3
87022.1
91000.6
91028.6
91029.212
91088.2
91088.4
91152.5
91588.3
92088.1
94455.6
94493.6
94494.212
94551.2
94551.4
94555.5
94565.4
94645.5
95051.3
95551.1
96171.6
96200.6
96201.212
96269.2
96269.4
96332.5
96429.4
96440.5
96442.4
96444.5
96451.4
96553.5
96562.4
96640.5
96769.3
97269.1
97590.6
97614.6
97615.212
97670.2
97670.4
97739.5
98170.3
98670.1
101558.6
101582.6
101583.212
101639.2
101639.4
101897.5
101906.4
102122.5
102139.3
102639.1
103442.4
103504.5
103506.4
103619.5
103847.6
103862.6
103863.212
103926.2
103926.4
104054.5
104426.3
104926.1
106995.6
107018.6
107019.212
107071.2
107071.4
107081.5
107082.4
107274.5
107571.3
107758.4
107905.5
108071.1
108121.4
108286.5
110167.4
110171.5
110178.4
110179.5
110186.4
110357.5
110934.6
110945.6
110946.212
111007.2
111007.4
111131.5
111507.3
112007.1
113699.4
113703.5
113713.4
113830.5
113877.4
114135.5
114457.4
114460.5
114467.4
114527.5
114537.4
114604.5
114730.6
114744.6
114745.212
114797.2
114797.4
115273.5
115297.3
115797.1
116505.6
116534.6
116535.212
116593.2
116593.4
117013.5
117093.3
117193.6
117230.6
117277.6
117593.1
117696.6
117764.6
117765.212
117819.2
117819.4
117918.5
118319.3
118819.1
121164.6
121182.6
121183.212
121242.2
121242.4
121403.5
121742.3
122242.1
125421.6
125467.6
125468.212
125541.2
125541.4
125664.5
126041.3
126541.1
137151.6
137228.6
137229.212
137290.2
137290.4
137397.5
137790.3
138290.1
142793.6
142821.6
142822.212
142886.2
142886.4
142985.5
143386.3
143886.1
146300.6
146315.6
146316.212
146390.2
146390.4
146516.5
146890.3
147390.1
149847.6
149876.6
149877.212
149887.6
149936.2
149936.4
150048.5
150436.3
150936.1
151221.6
151259.6
151260.212
151315.2
151315.4
151430.5
151815.3
152315.1
152942.6
152971.6
152972.212
152984.6
153077.2
153077.4
153079.5
153080.4
153178.5
153577.3
154077.1
157199.6
157229.6
157230.212
157288.2
157288.4
157290.5
157295.4
157417.5
157788.3
158207.6
158288.1
158434.6
158551.4
158616.5
158650.4
158785.5
158873.6
158874.212
158936.2
158936.4
159197.5
159436.3
159936.1
160479.6
160504.6
160505.212
160557.2
160557.4
161057.3
161208.5
161557.1
169148.4
169269.5
169361.6
169523.6
169524.212
169590.2
169590.4
169727.5
170090.3
170590.1
170999.6
171821.6
171822.212
171890.2
171890.4
172157.5
172390.3
180000.9
123456789
9
03
15
9
03
15
11
FI
2
3
10
52
49
11
25
49
6
2
454
0
0
0
314159265
43
1
93
180000
314159265
0.1
335.6
351.6
352.212
409.2
409.4
443.5
467.4
484.5
511.4
519.5
909.3
1409.1
1758.6
1843.6
1844.212
1891.2
1891.4
1895.5
1898.4
1900.5
1904.4
1967.5
2391.3
2891.1
5467.6
5486.6
5487.212
5548.2
5548.4
5553.5
5571.4
5820.5
6048.3
6548.1
9008.6
9031.6
9032.212
9123.2
9123.4
9130.5
9140.4
9149.5
9153.4
9185.5
9623.3
10123.1
16860.6
16884.6
16885.212
16948.2
16948.4
17173.5
17448.3
17948.1
23086.6
23099.6
23100.212
23161.2
23161.4
23413.5
23661.3
24161.1
24368.6
24403.6
24404.212
24452.2
24452.4
24582.5
24952.3
25452.1
25452.4
25533.5
28962.4
28975.5
31364.6
31389.6
31390.212
31428.6
31487.2
31487.4
31658.5
31724.4
31790.5
31987.3
32487.1
34337.6
34383.6
34384.212
34470.2
34470.4
34534.5
34798.8
34970.3
35470.1
36720.6
38961.4
39059.5
39672.6
39673.212
39745.2
39745.4
39892.5
40245.3
40745.1
47941.6
47966.6
47967.212
48026.2
48026.4
48132.5
48526.3
49026.1
50338.6
50430.6
50431.212
50489.2
50489.4
50499.5
50510.4
50612.5
50989.3
51489.1
66206.4
66490.5
66670.6
66699.6
66700.212
66823.2
66823.4
67144.5
67210.4
67211.5
67212.4
67273.5
67274.4
67323.3
67424.5
67823.1
68142.6
68166.6
68167.212
68216.2
68216.4
68225.5
68230.4
68305.5
68327.4
68427.5
68512.4
68516.5
68520.4
68568.5
68702.6
68716.3
69216.1
69592.6
69613.6
69614.212
69688.2
69688.4
69826.5
69851.4
69873.5
69879.4
69948.5
70188.3
70688.1
70876.6
70896.6
70897.212
70941.2
70941.4
71066.5
71441.3
71941.1
72097.4
72191.5
72287.6
72308.6
72309.212
72358.2
72358.4
72529.5
72858.3
73358.1
86000.6
89378.6
89379.212
90522.2
90522.4
90533.5
90537.4
90547.5
91022.3
91522.1
92130.4
92144.5
92158.4
92282.5
92972.6
93134.4
93263.5
93357.6
93358.212
93428.2
93428.4
93590.5
93928.3
94428.1
95472.6
95497.6
95498.212
95551.6
95616.2
95616.4
95619.5
95629.4
95828.5
96116.3
96616.1
97814.6
98130.6
98131.212
98191.2
98191.4
98272.5
98691.3
99191.1
100533.6
100562.6
100563.212
100632.2
100632.4
100749.5
101132.3
101632.1
102154.6
102179.6
102180.212
102230.2
102230.4
102513.5
102730.3
103230.1
103669.6
103698.6
103699.212
103756.2
103756.4
103774.5
103775.4
103990.5
104256.3
104756.1
106131.6
106158.6
106159.212
106213.2
106213.4
106402.5
106410.4
106484.5
106503.4
106653.5
106713.3
107213.1
110560.4
111259.5
111451.4
111518.5
113504.4
113665.5
113769.6
113798.6
113799.212
113844.2
113844.4
113930.5
114344.3
114844.1
116203.6
116223.6
116224.212
116306.2
116306.4
116445.5
116458.4
116500.5
116806.3
117306.1
117768.6
117792.6
117793.212
117853.2
117853.4
117938.5
118353.3
118853.1
121466.6
121495.6
121496.212
122588.2
122588.4
122599.5
122602.4
122754.5
123088.3
123588.1
129818.6
129843.6
129844.212
129916.2
129916.4
130073.5
130416.3
130916.1
132406.6
132427.6
132428.212
132505.2
132505.4
132725.5
132780.4
133005.3
133176.5
133182.4
133315.5
133505.1
133987.6
134015.6
134016.212
134071.2
134071.4
134423.5
134554.6
134571.3
135071.1
135456.4
135804.5
135924.6
135944.6
135945.212
136002.2
136002.4
136127.5
136502.3
137002.1
141030.6
141080.6
141081.212
141145.2
141145.4
141392.5
141494.4
141496.5
141645.3
142145.1
146613.6
146636.6
146637.212
146709.2
146709.4
146843.5
147209.3
147709.1
149314.6
149414.6
149415.212
149454.2
149454.4
149455.5
149462.4
149561.5
149954.3
150454.1
150960.4
151144.5
151513.6
151616.4
151618.5
151627.4
151701.5
151772.6
151773.212
151829.2
151829.4
151996.5
152329.3
152829.1
154235.4
154236.5
154243.4
154354.5
154481.6
164799.6
164800.212
164874.2
164874.4
165099.5
165374.3
165874.1
165992.6
166031.6
166032.212
166076.2
166076.4
166243.5
166576.3
167076.1
167793.6
167812.6
167813.212
167900.2
167900.4
168054.5
168400.3
168900.1
169701.6
170614.6
170615.212
170623.6
170665.2
170665.4
170804.5
171165.3
171665.1
171949.6
172033.4
172099.5
174622.4
174937.5
175160.6
175161.212
175215.2
175215.4
175217.5
175225.4
175450.5
175715.3
175737.4
175764.5
176215.1
177688.6
177747.6
177748.212
177779.6
177831.2
177831.4
178105.5
178331.3
180000.9
123456789
9
04
15
9
04
15
11
FI
2
3
10
48
04
11
21
04
6
2
627
0
0
0
314159265
57
0
103
180000
314159265
0.1
449.6
485.6
486.212
529.2
529.4
620.5
1029.3
1529.1
4803.6
4828.6
4829.212
4839.6
4890.2
4890.4
4934.5
5390.3
5890.1
9438.6
9457.6
9458.212
9539.2
9539.4
9582.5
10039.3
10539.1
13744.6
13759.6
13760.212
13817.2
13817.4
13929.5
14317.3
14817.1
17945.6
17957.6
17958.212
18014.2
18014.4
18076.5
18514.3
19014.1
19554.6
19572.6
19573.212
19622.2
19622.4
19835.5
20122.3
20622.1
23074.6
23092.6
23093.212
23150.2
23150.4
23213.5
23650.3
24150.1
25388.6
25407.6
25408.212
25470.2
25470.4
25556.5
25970.3
26470.1
26552.4
26666.5
29401.6
29418.6
29419.212
29433.6
29504.2
29504.4
29547.5
30004.3
30504.1
33796.6
33811.6
33812.212
33904.2
33904.4
33972.5
34404.3
34904.1
36337.6
36353.6
36354.212
36375.6
36436.2
36436.4
36493.5
36936.3
37436.1
39592.6
39613.6
39614.212
39688.2
39688.4
39753.5
40188.3
40688.1
42144.6
42153.6
42154.212
42226.2
42226.4
42265.5
42726.3
43226.1
45891.6
45901.6
45902.212
45982.2
45982.4
46088.5
46482.3
46982.1
49749.6
49763.6
49764.212
49818.2
49818.4
49880.5
50318.3
50818.1
52546.6
52563.6
52564.212
52628.2
52628.4
52754.5
53128.3
53571.4
53628.1
53656.5
56733.6
56755.6
56756.212
56819.2
56819.4
56924.5
57319.3
57819.1
62281.6
62315.6
62316.212
62379.2
62379.4
62452.5
62879.3
63379.1
64748.6
64800.6
64801.212
64865.2
64865.4
64986.5
65365.3
65865.1
68199.6
68574.6
68575.212
68671.2
68671.4
68717.5
69171.3
69671.1
71428.6
71438.6
71439.212
71507.2
71507.4
71554.5
72007.3
72507.1
76400.6
76427.6
76428.212
76489.2
76489.4
76625.5
76629.4
76631.5
76641.4
76817.5
76989.3
77489.1
78211.6
78223.6
78224.212
78282.2
78282.4
78292.5
78293.4
78507.5
78521.4
78563.5
78583.4
78588.5
78618.4
78633.5
78750.4
78782.3
78912.5
79011.4
79091.5
79282.1
79295.6
79544.6
79545.212
79595.2
79595.4
79694.5
80095.3
80595.1
83149.6
83165.6
83166.212
83225.2
83225.4
83346.5
83725.3
84225.1
84916.6
84929.6
84930.212
84995.2
84995.4
85149.5
85283.6
85310.6
85336.6
85386.6
85450.6
85495.3
85578.4
85650.5
85658.4
85688.5
85995.1
86087.6
86117.6
86118.212
86191.2
86191.4
86336.5
86691.3
87191.1
91284.4
91294.5
91297.4
91385.5
91546.6
91564.6
91565.212
91647.2
91647.4
91910.5
91919.4
92066.5
92147.3
92647.1
92816.6
92988.6
92989.212
93037.2
93037.4
93236.5
93537.3
93661.6
93696.6
93717.6
93743.6
93924.6
93976.6
94003.6
94037.1
94284.4
94356.5
94358.4
94370.5
94466.6
94501.6
94502.212
94511.6
94538.6
94578.2
94578.4
94733.5
95078.3
95578.1
95659.4
95662.5
95678.4
95967.5
96168.6
96182.6
96183.212
96234.2
96234.4
96734.3
96734.5
96846.6
96876.6
96904.6
96992.4
97185.5
97234.1
97299.6
97326.6
97327.212
97370.2
97370.4
97522.5
97568.4
97870.3
97926.5
98370.1
105366.6
105401.6
105402.212
105458.2
105458.4
105614.5
105958.3
106458.1
107942.6
107960.6
107961.212
108044.2
108044.4
108153.5
108544.3
109044.1
110428.6
110453.6
110454.212
110508.2
110508.4
110630.5
110749.6
110790.6
110813.6
110826.6
110851.6
111008.3
111037.6
111411.6
111459.6
111470.6
111492.6
111508.1
111578.6
111619.6
111620.212
111678.2
111678.4
111781.5
112178.3
112678.1
114912.6
114942.6
114943.212
115010.2
115010.4
115118.5
115510.3
116010.1
119397.6
119409.6
119410.212
119474.2
119474.4
119479.5
119494.4
119561.5
119974.3
120474.1
123525.6
123668.6
123669.212
123722.2
123722.4
123804.5
123951.6
124222.3
124722.1
125042.6
125070.6
125071.212
125135.2
125135.4
125198.5
125359.6
125411.6
125500.6
125515.6
125635.3
125636.6
125747.4
125751.5
125756.4
125837.5
126005.6
126135.1
126220.6
126268.6
126269.212
126329.2
126329.4
126575.5
126829.3
127329.1
132183.6
132265.6
132266.212
132328.2
132328.4
132531.5
132720.6
132787.6
132795.6
132828.3
132847.6
133035.6
133130.6
133151.6
133299.4
133328.1
133507.5
133586.6
133713.6
133714.212
133758.2
133758.4
133859.5
134258.3
134758.1
137396.6
137412.6
137413.212
137474.2
137474.4
137668.5
137823.6
137845.6
137874.6
137903.6
137965.6
137974.3
138009.6
138025.6
138218.6
138271.6
138360.6
138384.6
138474.1
138732.6
138776.6
138777.212
138829.2
138829.4
139027.5
139113.6
139137.6
139222.6
139236.6
139329.3
139709.6
139774.6
139829.1
139954.4
140179.5
140270.6
140310.6
140311.212
140360.2
140360.4
140637.5
140696.4
140786.5
140860.3
140872.6
140913.6
140930.6
140950.6
141067.6
141087.6
141360.1
141544.6
141621.4
141626.5
141630.4
141680.5
141733.6
141734.212
141775.2
141775.4
141909.5
142027.6
142275.3
142411.6
142467.6
142490.6
142634.6
142726.6
142743.6
142775.1
142885.4
142887.5
142888.4
142993.5
143059.6
143096.6
143097.212
143150.2
143150.4
143516.5
143535.4
143650.3
143651.5
143745.4
143895.5
143973.4
144150.1
144177.5
144231.4
144400.5
144481.4
144562.5
144638.6
144657.6
144658.212
144707.2
144707.4
144712.5
144714.4
144833.5
145207.3
145707.1
149473.6
149500.6
149501.212
149577.2
149577.4
149820.5
150077.3
150560.6
150577.1
150580.6
150680.6
150681.212
150690.6
150740.2
150740.4
150941.5
151240.3
151740.1
155329.6
155369.6
155370.212
155425.2
155425.4
155619.5
155925.3
156425.1
159991.6
160011.6
160012.212
160079.2
160079.4
160082.5
160083.4
160084.5
160086.4
160182.5
160579.3
161079.1
164915.6
164933.6
164934.212
165005.2
165005.4
165006.5
165012.4
165103.5
165505.3
166005.1
171842.6
173131.4
173329.5
173466.6
173467.212
173513.2
173513.4
173700.5
173701.4
173705.5
173712.4
173750.5
174013.3
174513.1
174560.4
174564.5
174647.4
174678.5
174779.6
174806.6
174807.212
174849.2
174849.4
175049.5
175075.4
175264.5
175349.3
175849.1
178712.6
178761.6
178762.212
178825.2
178825.4
179006.5
179325.3
180000.9
123456789
9
05
15
9
05
15
11
FI
2
3
10
47
01
11
20
01
6
2
603
0
0
0
314159265
56
0
109
180000
314159265
0.1
388.6
410.6
411.212
457.2
457.4
511.5
957.3
1457.1
3111.6
3145.6
3146.212
3233.2
3233.4
3239.5
3258.4
3302.5
3733.3
4233.1
5241.6
5256.6
5257.212
5293.6
5322.6
5355.6
5395.2
5395.4
5396.5
5411.4
5457.5
5895.3
6395.1
7003.4
7006.5
7024.4
7138.5
8087.6
8143.6
8144.212
8189.6
8222.6
8268.6
8373.2
8373.4
8423.5
8873.3
9373.1
11260.6
11273.6
11274.212
11317.6
11341.6
11460.2
11460.4
11462.5
11463.4
11464.5
11470.4
11505.5
11960.3
12460.1
14540.6
14560.6
14561.212
14624.2
14624.4
14716.5
15124.3
15624.1
16960.6
16987.6
16988.212
17052.2
17052.4
17116.5
17552.3
18052.1
21049.6
21068.6
21069.212
21171.2
21171.4
21260.5
21671.3
22171.1
23813.6
23828.6
23829.212
23879.2
23879.4
24023.5
24379.3
24879.1
26700.6
26718.6
26719.212
26767.2
26767.4
26768.5
26771.4
26906.5
27267.3
27767.1
30242.6
30295.6
30296.212
30352.2
30352.4
30426.5
30852.3
31352.1
34554.6
34571.6
34572.212
34624.2
34624.4
34750.5
35124.3
35624.1
40174.6
40239.4
40278.5
40358.6
40359.212
40413.2
40413.4
40542.5
40913.3
41413.1
42929.6
42951.6
42952.212
43001.2
43001.4
43056.5
43241.4
43375.5
43401.4
43501.3
43713.5
44001.1
44086.6
44107.6
44108.212
44162.2
44162.4
44276.5
44662.3
45162.1
47113.6
47144.6
47145.212
47197.2
47197.4
47202.5
47219.4
47257.5
47697.3
48197.1
50432.6
50479.6
50480.212
50542.2
50542.4
50581.5
51042.3
51542.1
54714.6
54729.6
54730.212
54793.2
54793.4
54796.5
54809.4
54952.5
55293.3
55793.1
58155.6
58204.6
58205.212
58284.2
58284.4
58378.5
58784.3
59284.1
62620.6
62632.6
62633.212
62694.2
62694.4
62774.5
63194.3
63694.1
68053.6
68072.6
68073.212
68096.6
68159.2
68159.4
68239.5
68659.3
69159.1
72609.6
72637.6
72638.212
72702.2
72702.4
72756.5
73202.3
73702.1
77180.6
77190.6
77191.212
77257.2
77257.4
77315.5
77757.3
78257.1
80417.6
80440.6
80441.212
80493.2
80493.4
80498.5
80499.4
80726.5
80993.3
81493.1
84470.6
84490.6
84491.212
84550.2
84550.4
84588.5
85050.3
85550.1
90017.6
90033.6
90034.212
90094.2
90094.4
90137.5
90594.3
91094.1
96431.6
96467.6
96468.212
96531.2
96531.4
96661.5
97031.3
97531.1
99827.6
99852.6
99853.212
99921.2
99921.4
100063.5
100421.3
100921.1
103222.6
103323.4
103422.5
103495.6
103496.212
103554.2
103554.4
103799.5
103804.4
103816.5
103819.4
103909.5
104054.3
104554.1
109089.6
109104.6
109105.212
109169.2
109169.4
109514.5
109614.4
109669.3
109742.5
110169.1
110448.6
110470.6
110471.212
110539.2
110539.4
110676.5
110864.6
110909.6
110932.6
111005.6
111039.3
111539.1
111632.6
111851.6
111852.212
111908.2
111908.4
112054.5
112408.3
112908.1
112945.4
113176.5
113313.6
113335.6
113336.212
113385.2
113385.4
113584.5
113718.4
113848.5
113885.3
114385.1
114519.6
114569.6
114570.212
114579.6
114637.2
114637.4
114975.5
115137.3
115243.6
115282.6
115303.6
115327.6
115358.6
115549.6
115637.1
115981.6
116081.4
116216.5
116294.6
116295.212
116383.2
116383.4
116388.5
116423.4
116430.5
116446.4
116582.5
116883.3
117383.1
120464.6
120484.6
120485.212
120569.2
120569.4
120706.5
120727.4
120738.5
121069.3
121355.6
121402.6
121532.6
121569.1
121656.6
121696.6
121697.212
121759.2
121759.4
121878.5
122030.6
122259.3
122759.1
122946.6
122979.6
122980.212
123035.2
123035.4
123326.5
123461.6
123512.6
123535.3
123857.6
123972.4
124035.1
124156.5
124271.6
124301.6
124302.212
124347.2
124347.4
124417.5
124847.3
125347.1
128362.4
128364.5
128371.4
128388.5
128591.6
128614.6
128615.212
128687.2
128687.4
128689.5
128691.4
128871.5
129169.6
129187.3
129321.6
129356.6
129552.6
129572.6
129687.1
130010.6
130127.6
130128.212
130188.2
130188.4
130444.5
130688.3
131015.6
131064.6
131118.6
131188.1
131392.6
131468.4
131476.5
131492.4
131738.5
131821.6
131822.212
131870.2
131870.4
132033.5
132083.4
132273.5
132370.3
132616.6
132657.6
132665.6
132788.4
132870.1
133016.5
133432.6
133468.6
133469.212
133507.2
133507.4
133838.5
134007.3
134507.1
139489.6
139549.6
139550.212
139603.2
139603.4
139607.5
139611.4
139846.5
140103.3
140603.1
140981.6
141003.6
141004.212
141056.2
141056.4
141450.5
141505.4
141556.3
141574.5
141618.4
141701.5
141759.4
141881.5
141937.4
141975.5
142056.1
142153.6
142178.6
142179.212
142233.2
142233.4
142353.5
142733.3
143233.1
147302.6
147322.6
147323.212
147386.2
147386.4
147404.5
147408.4
147886.3
147896.5
148386.1
152898.6
152915.6
152916.212
152984.2
152984.4
153282.5
153484.3
153984.1
159511.6
159547.6
159548.212
159624.2
159624.4
159747.5
160124.3
160624.1
162709.6
162737.6
162738.212
162801.2
162801.4
162911.5
162917.4
163016.5
163301.3
163439.6
163614.6
163801.1
164023.6
164072.6
164073.212
164124.2
164124.4
164356.5
164430.4
164518.5
164535.4
164549.5
164624.3
165124.1
165583.4
165586.5
165700.6
165727.6
165728.212
165787.2
165787.4
165845.5
166287.3
166787.1
169211.6
169244.6
169245.212
169305.2
169305.4
169530.5
169566.4
169572.5
169576.4
169638.5
169646.4
169682.5
169805.3
169921.6
170109.4
170113.5
170127.4
170190.5
170204.4
170276.5
170305.1
170378.6
170455.4
170466.5
170556.6
170557.212
170606.2
170606.4
170814.5
170832.4
170837.5
171009.6
171017.6
171043.6
171077.6
171106.3
171238.6
171606.1
171670.6
171710.6
171711.212
171756.2
171756.4
171855.5
172256.3
172756.1
175721.6
175759.6
175760.212
175817.2
175817.4
176033.5
176091.4
176093.5
176100.4
176105.5
176126.4
176204.5
176229.4
176257.5
176317.3
180000.9
123456789
9
06
15
9
06
15
11
FI
2
3
10
50
34
11
23
34
6
2
470
0
0
0
314159265
51
0
78
180000
314159265
0.1
192.6
242.4
254.5
255.4
256.5
273.4
295.5
367.6
368.212
407.2
407.4
535.5
907.3
1407.1
3953.6
3962.6
3963.212
4030.2
4030.4
4096.5
4530.3
5030.1
7152.6
7185.6
7186.212
7249.2
7249.4
7283.5
7749.3
8249.1
9733.6
9750.6
9751.212
9807.2
9807.4
9891.5
10307.3
10807.1
13633.6
13648.6
13649.212
13706.2
13706.4
13747.5
14206.3
14706.1
17526.6
17546.6
17547.212
17628.2
17628.4
17672.5
18128.3
18628.1
21332.6
21349.6
21350.212
21410.2
21410.4
21454.5
21910.3
22410.1
25207.6
25221.6
25222.212
25286.2
25286.4
25360.5
25786.3
26286.1
29540.6
29560.6
29561.212
29601.2
29601.4
29604.5
29619.4
29635.5
29636.4
29664.5
30101.3
30601.1
32747.6
32764.6
32765.212
32820.2
32820.4
32823.5
32824.4
32877.5
33320.3
33820.1
36929.6
36956.6
36957.212
37021.2
37021.4
37064.5
37521.3
38021.1
39788.6
39855.4
39963.5
40036.6
40037.212
40097.2
40097.4
40168.5
40597.3
41097.1
42546.6
42588.6
42589.212
42646.2
42646.4
42649.5
42657.4
42766.5
43146.3
43646.1
45274.4
45475.5
45624.6
45648.6
45649.212
45709.2
45709.4
45784.5
46209.3
46709.1
49426.6
49454.6
49455.212
49502.2
49502.4
49599.5
50002.3
50502.1
51956.6
51991.6
51992.212
52054.2
52054.4
52184.5
52221.4
52320.5
52554.3
53054.1
56000.6
56020.6
56021.212
56074.2
56074.4
56150.5
56574.3
57074.1
59543.6
59559.6
59560.212
59591.6
59663.2
59663.4
59733.5
60163.3
60663.1
63098.6
63120.6
63121.212
63189.2
63189.4
63254.5
63689.3
64189.1
67174.6
67192.6
67193.212
67261.2
67261.4
67342.5
67761.3
68261.1
71867.6
71893.6
71894.212
71972.2
71972.4
72018.5
72472.3
72972.1
75523.6
75541.6
75542.212
75596.2
75596.4
75667.5
76096.3
76596.1
78798.6
78827.6
78828.212
78894.2
78894.4
78933.5
79394.3
79894.1
83650.6
83684.6
83685.212
83747.2
83747.4
83795.5
84247.3
84747.1
87652.6
87668.6
87669.212
87729.2
87729.4
87844.5
88229.3
88729.1
89863.6
89911.6
89912.212
89993.2
89993.4
90044.5
90493.3
90993.1
95188.6
95220.6
95221.212
95305.2
95305.4
95359.5
95805.3
96305.1
98771.6
98816.6
98817.212
98882.2
98882.4
98969.5
99382.3
99882.1
102698.6
102719.6
102720.212
102790.2
102790.4
102831.5
102944.4
103017.5
103290.3
103790.1
106354.6
106371.6
106372.212
106434.2
106434.4
106489.5
106934.3
107434.1
110351.6
110369.6
110370.212
110421.2
110421.4
110423.5
110442.4
110483.5
110921.3
111421.1
114936.6
114967.6
114968.212
115030.2
115030.4
115087.5
115139.4
115436.5
115530.3
116030.1
116404.6
116434.6
116435.212
116489.2
116489.4
116616.5
116989.3
117489.1
119428.6
119449.6
119450.212
119504.2
119504.4
119562.5
120004.3
120504.1
124036.6
124074.6
124075.212
124166.2
124166.4
124172.5
124177.4
124194.5
124198.4
124362.5
124363.4
124476.5
124666.3
125166.1
125383.6
125424.6
125425.212
125487.2
125487.4
125591.5
125987.3
126019.6
126131.4
126185.5
126487.1
126924.6
126988.6
126989.212
127061.2
127061.4
127145.5
127561.3
128061.1
131042.6
131299.6
131300.212
131353.2
131353.4
131493.5
131853.3
132353.1
135217.6
135254.6
135255.212
135325.2
135325.4
135486.5
135825.3
136325.1
136848.6
136868.6
136869.212
136923.2
136923.4
137013.5
137423.3
137923.1
140563.6
140585.6
140586.212
140645.2
140645.4
140814.5
141145.3
141456.6
141549.6
141645.1
141965.6
141990.6
141991.212
142050.2
142050.4
142303.5
142358.4
142461.5
142550.3
143050.1
143388.6
143439.6
143440.212
143493.2
143493.4
143494.5
143496.4
143691.5
143754.4
143877.5
143993.3
144493.1
150073.6
150090.6
150091.212
150148.2
150148.4
150155.5
150163.4
150305.5
150648.3
151148.1
153986.6
154219.4
154221.5
154352.6
154353.212
154408.2
154408.4
154509.5
154518.4
154575.5
154908.3
155408.1
159982.6
160013.6
160014.212
160075.2
160075.4
160328.5
160575.3
161075.1
164573.4
164582.5
164589.4
164707.5
164870.6
164896.6
164897.212
164940.2
164940.4
165387.5
165440.3
165940.1
166364.6
166430.4
166555.5
166636.6
166637.212
166685.2
166685.4
166780.5
167185.3
167685.1
172115.6
172194.4
172368.5
172479.6
172480.212
172538.2
172538.4
172811.5
173038.3
173538.1
177037.6
177056.6
177057.212
177115.2
177115.4
177327.5
177615.3
178115.1
178293.6
178327.6
178328.212
178404.2
178404.4
178572.5
178784.6
178904.3
180000.9
123456789
9
07
15
9
07
15
11
FI
2
3
10
49
45
11
22
45
6
2
357
0
0
0
314159265
38
0
61
180000
314159265
0.1
520.6
563.6
564.212
614.2
614.4
622.5
625.4
740.5
1114.3
1614.1
1974.6
1999.6
2000.212
2055.2
2055.4
2062.5
2066.4
2112.5
2555.3
3055.1
3635.4
3739.5
3825.6
3877.6
3878.212
3929.2
3929.4
4023.5
4429.3
4929.1
5728.6
5749.6
5750.212
5805.2
5805.4
5866.5
6305.3
6805.1
8372.6
8389.6
8390.212
8445.2
8445.4
8533.5
8945.3
9445.1
11143.6
11158.6
11159.212
11200.6
11246.6
11315.2
11315.4
11377.5
11815.3
12315.1
14473.6
14489.6
14490.212
14549.2
14549.4
14693.5
15049.3
15549.1
18380.6
18392.6
18393.212
18467.2
18467.4
18519.5
18967.3
19467.1
22110.6
22125.6
22126.212
22171.2
22171.4
22289.5
22593.4
22637.5
22640.4
22671.3
22758.5
22837.4
23075.5
23171.1
23460.6
23475.6
23476.212
23518.2
23518.4
23628.5
24018.3
24518.1
25652.6
25671.6
25672.212
25728.2
25728.4
25766.5
26228.3
26728.1
29691.6
29715.6
29716.212
29772.2
29772.4
29817.5
30272.3
30772.1
33597.6
33606.6
33607.212
33661.2
33661.4
33665.5
33673.4
33740.5
34161.3
34661.1
36801.6
36813.6
36814.212
36875.2
36875.4
36957.5
37375.3
37875.1
40648.6
40664.6
40665.212
40718.2
40718.4
40723.5
40729.4
40791.5
41218.3
41718.1
45726.6
45744.6
45745.212
45823.2
45823.4
45919.5
46323.3
46823.1
49901.6
49972.4
49980.5
50003.4
50204.5
50299.6
50300.212
50355.2
50355.4
50430.5
50855.3
51355.1
54208.6
54230.6
54231.212
54292.2
54292.4
54352.5
54792.3
55292.1
58621.6
58639.6
58640.212
58708.2
58708.4
58765.5
59208.3
59708.1
91377.6
91419.6
91420.212
91475.2
91475.4
91862.5
91975.3
92475.1
98034.6
98057.6
98058.212
98134.2
98134.4
98247.5
98634.3
99134.1
104255.6
104271.6
104272.212
104380.2
104380.4
104446.5
104880.3
105380.1
109436.6
109457.6
109458.212
109547.2
109547.4
109601.5
110047.3
110547.1
122375.6
122547.6
122548.212
122614.2
122614.4
122835.5
122925.4
123064.5
123114.3
123280.6
123614.1
123653.4
124030.5
124256.6
124290.6
124291.212
124373.2
124373.4
124513.5
124873.3
125373.1
129306.6
129324.6
129325.212
129390.2
129390.4
129393.5
129396.4
129397.5
129398.4
129458.5
129514.4
129715.5
129730.4
129737.5
129890.3
130012.6
130390.1
133279.6
133297.6
133298.212
133385.2
133385.4
133608.5
133885.3
134385.1
139139.6
139158.6
139159.212
139233.2
139233.4
139396.5
139733.3
140233.1
140493.6
140513.6
140514.212
140587.2
140587.4
140858.5
141087.3
141587.1
148119.6
148146.6
148147.212
148206.2
148206.4
148297.5
148706.3
149206.1
151863.6
151881.6
151882.212
151944.2
151944.4
151953.5
151955.4
152146.5
152444.3
152944.1
156734.6
156758.6
156759.212
156811.2
156811.4
156813.5
156817.4
156990.5
157311.3
157811.1
166851.6
166900.6
166901.212
166964.2
166964.4
167130.5
167464.3
167964.1
168059.6
168244.6
168245.212
168299.2
168299.4
168408.5
168799.3
169299.1
171682.6
171702.6
171703.212
171768.2
171768.4
171961.5
172173.4
172268.3
172378.5
172424.4
172583.5
172710.6
172768.1
172981.6
173012.6
173013.212
173077.2
173077.4
173171.5
173577.3
174077.1
177766.6
177841.6
177842.212
177905.2
177905.4
178300.5
178302.4
178305.5
178311.4
178321.5
178346.4
178405.3
178477.5
178905.1
179142.6
179167.6
179168.212
179226.2
179226.4
179354.5
180000.9
123456789
9
08
15
9
08
15
11
FI
2
3
10
50
52
11
23
52
6
2
582
0
0
0
314159265
60
0
99
180000
314159265
0.1
578.4
625.5
703.6
727.6
728.212
770.2
770.4
930.5
1270.3
1770.1
2601.6
2621.6
2622.212
2681.2
2681.4
2751.5
3181.3
3681.1
5302.6
5417.6
5418.212
5474.2
5474.4
5563.5
5974.3
6474.1
7371.6
7382.6
7383.212
7444.2
7444.4
7514.5
7944.3
8444.1
9525.6
9538.6
9539.212
9593.2
9593.4
9657.5
10093.3
10593.1
12602.6
13870.6
13871.212
13926.2
13926.4
14008.5
14426.3
14926.1
16616.6
16639.6
16640.212
16680.2
16680.4
16739.5
17180.3
17680.1
19568.6
19642.4
19732.5
19922.6
19923.212
19973.2
19973.4
20020.5
20473.3
20973.1
22625.6
22645.6
22646.212
22691.2
22691.4
22701.5
22703.4
22736.5
23191.3
23691.1
24954.6
24973.6
24974.212
25035.2
25035.4
25175.5
25260.4
25263.5
25265.4
25399.5
25535.3
26035.1
27105.6
27119.6
27120.212
27165.2
27165.4
27283.5
27665.3
28165.1
30008.6
30044.6
30045.212
30088.2
30088.4
30092.5
30101.4
30163.5
30588.3
31088.1
32632.6
32651.6
32652.212
32719.2
32719.4
32761.5
33219.3
33719.1
34878.6
34889.6
34890.212
34937.2
34937.4
35043.5
35437.3
35937.1
38156.6
39185.6
39186.212
39248.2
39248.4
39268.5
39277.4
39342.5
39748.3
40248.1
41959.6
41990.6
41991.212
42038.2
42038.4
42131.5
42538.3
43038.1
45498.6
45564.6
45565.212
45631.2
45631.4
45640.5
45654.4
45744.5
46131.3
46631.1
49898.6
49909.6
49910.212
49972.2
49972.4
50024.5
50472.3
50972.1
54362.6
54424.4
54444.5
54448.4
54535.5
54600.6
54601.212
54651.2
54651.4
54702.5
54757.4
54843.5
55151.3
55651.1
57235.6
57243.6
57244.212
57292.2
57292.4
57298.5
57304.4
57380.5
57792.3
58292.1
60272.6
60294.6
60295.212
60341.2
60341.4
60350.5
60355.4
60441.5
60841.3
61341.1
63265.6
63281.6
63282.212
63342.2
63342.4
63386.5
63842.3
64342.1
67308.6
67326.6
67327.212
67413.2
67413.4
67520.5
67913.3
68413.1
69656.6
69696.6
69697.212
69754.2
69754.4
69760.5
69776.4
69919.5
70254.3
70754.1
72162.6
72187.6
72188.212
72240.2
72240.4
72249.5
72252.4
72314.5
72740.3
73240.1
75203.6
75234.6
75235.212
75296.2
75296.4
75399.5
75796.3
76296.1
79595.6
79614.6
79615.212
79671.2
79671.4
79795.5
80171.3
80671.1
82479.6
82490.6
82491.212
82541.2
82541.4
82547.5
82552.4
82632.5
83041.3
83541.1
86407.6
86431.6
86432.212
86483.2
86483.4
86489.5
86521.4
86580.5
86983.3
87483.1
91460.6
91498.6
91499.212
91562.2
91562.4
91691.5
91893.4
91927.5
91996.4
92062.3
92099.5
92404.6
92562.1
92791.6
92812.6
92813.212
92860.2
92860.4
93360.3
93860.1
93900.5
93989.4
93996.5
93997.4
94398.5
94601.6
94640.6
94641.212
94695.2
94695.4
94699.5
94702.4
94788.5
95195.3
95695.1
96814.4
96819.5
96825.4
96886.5
96890.4
97014.5
99994.6
100016.6
100017.212
100069.2
100069.4
100074.5
100090.4
100214.5
100569.3
101069.1
103242.6
103298.6
103299.212
103354.2
103354.4
103357.5
103369.4
103487.5
103492.4
103625.5
103854.3
104354.1
104515.6
104593.4
104649.5
104727.6
104728.212
104775.2
104775.4
104954.5
105275.3
105775.1
108876.6
108887.6
108888.212
108944.2
108944.4
108997.5
109444.3
109944.1
112821.6
112839.6
112840.212
112891.2
112891.4
113123.5
113391.3
113891.1
114056.6
114219.6
114220.212
114308.2
114308.4
114403.5
114808.3
115308.1
117167.6
117193.6
117194.212
117250.2
117250.4
117704.5
117750.3
117980.6
118250.1
118438.6
118487.6
118488.212
118544.2
118544.4
118546.5
118548.4
118673.5
119044.3
119544.1
121760.6
121825.6
121826.212
121898.2
121898.4
122378.5
122398.3
122896.6
122898.1
122918.6
123120.6
123121.212
123174.2
123174.4
123182.5
123186.4
123260.5
123674.3
124174.1
127147.6
127167.6
127168.212
127226.2
127226.4
127443.5
127726.3
128198.6
128224.6
128226.1
128304.6
128442.6
128443.212
128492.2
128492.4
128628.5
128634.4
128709.5
128992.3
129241.6
129256.6
129368.6
129475.6
129492.1
129686.6
129720.6
129721.212
129787.2
129787.4
129847.5
129850.4
129997.5
130034.4
130112.5
130287.3
130384.6
130442.6
130499.6
130787.1
130937.6
130978.6
130979.212
131038.2
131038.4
131221.5
131474.6
131523.6
131538.3
132038.1
132340.6
132359.6
132360.212
132414.2
132414.4
132650.5
132747.6
132859.6
132884.6
132914.3
133185.6
133414.1
133755.6
133825.6
133826.212
133873.2
133873.4
133891.5
133895.4
133941.5
134373.3
134873.1
136505.4
136519.5
136558.4
136666.5
136795.6
136884.6
136885.212
136942.2
136942.4
137336.5
137442.3
137942.1
140939.4
141001.5
141263.6
141281.6
141282.212
141336.2
141336.4
141602.5
141836.3
142336.1
146559.6
146691.6
146692.212
146749.2
146749.4
146918.5
147249.3
147749.1
151287.6
151311.6
151312.212
151370.2
151370.4
151509.5
151870.3
152370.1
154120.6
154140.6
154141.212
154192.2
154192.4
154273.5
154692.3
155192.1
158087.6
158109.6
158110.212
158115.6
158168.2
158168.4
158467.5
158668.3
158694.6
158732.6
159168.1
159305.6
159325.6
159326.212
159372.2
159372.4
159564.5
159872.3
160372.1
163355.6
163385.6
163386.212
163435.2
163435.4
163615.5
163935.3
164435.1
167397.6
167407.6
167408.212
167474.2
167474.4
167586.5
167974.3
168474.1
170980.6
170988.6
170989.212
171043.2
171043.4
171161.5
171543.3
172043.1
174198.6
174219.6
174220.212
174274.2
174274.4
174481.5
174532.4
174664.5
174774.3
175274.1
178435.6
178467.6
178468.212
178523.2
178523.4
178889.5
179023.3
180000.9
123456789
9
09
15
9
09
15
11
FI
2
3
10
48
30
11
21
30
6
2
572
0
0
0
314159265
64
0
90
180000
314159265
0.1
162.6
290.6
291.212
335.2
335.4
385.5
835.3
1335.1
3093.6
3107.6
3108.212
3191.2
3191.4
3225.5
3691.3
4191.1
4767.6
4786.6
4787.212
4844.2
4844.4
4850.5
4852.4
4896.5
5344.3
5844.1
6199.6
6210.6
6211.212
6273.2
6273.4
6277.5
6287.4
6321.5
6325.4
6419.5
6773.3
7273.1
8447.6
8467.6
8468.212
8515.2
8515.4
8555.5
9015.3
9515.1
10514.6
10529.6
10530.212
10596.2
10596.4
10631.5
11096.3
11596.1
13262.6
13270.6
13271.212
13339.2
13339.4
13385.5
13839.3
14339.1
15747.6
15765.6
15766.212
15838.2
15838.4
15875.5
16338.3
16838.1
18763.6
18781.6
18782.212
18855.2
18855.4
18914.5
19355.3
19855.1
22050.6
22064.6
22065.212
22110.2
22110.4
22112.5
22119.4
22160.5
22610.3
23110.1
24115.6
24132.6
24133.212
24206.2
24206.4
24260.5
24706.3
25206.1
26140.6
26160.6
26161.212
26211.2
26211.4
26218.5
26222.4
26286.5
26711.3
27211.1
28449.6
28466.6
28467.212
28519.2
28519.4
28520.5
28527.4
28618.5
28708.4
28914.5
29019.3
29519.1
29640.6
29665.6
29666.212
29719.2
29719.4
29883.5
30219.3
30719.1
32666.6
32699.6
32700.212
32756.2
32756.4
32841.5
33256.3
33756.1
35311.6
35329.6
35330.212
35398.2
35398.4
35445.5
35898.3
36398.1
37975.4
37977.5
37985.4
38034.5
38120.6
38136.6
38137.212
38199.2
38199.4
38293.5
38699.3
39199.1
41744.6
41757.6
41758.212
41828.2
41828.4
41889.5
42328.3
42828.1
43881.6
43902.6
43903.212
43962.2
43962.4
44145.5
44462.3
44962.1
45950.6
45974.6
45975.212
46035.2
46035.4
46158.5
46535.3
47035.1
48897.6
48915.6
48916.212
48966.2
48966.4
48969.5
48977.4
49007.5
49010.4
49082.5
49466.3
49966.1
51450.6
51476.6
51477.212
51527.2
51527.4
51605.5
52027.3
52527.1
54234.6
54246.6
54247.212
54311.2
54311.4
54383.5
54811.3
55311.1
56939.6
56955.6
56956.212
57010.2
57010.4
57052.5
57510.3
58010.1
59707.6
59746.6
59747.212
59813.2
59813.4
59899.5
60313.3
60813.1
62765.6
62807.6
62808.212
62902.2
62902.4
62926.5
63402.3
63902.1
65605.6
65629.6
65630.212
65696.2
65696.4
65743.5
66196.3
66696.1
69079.6
69098.6
69099.212
69109.6
69152.2
69152.4
69160.5
69165.4
69313.5
69652.3
70152.1
72399.6
72422.6
72423.212
72477.2
72477.4
72519.5
72977.3
73477.1
75157.6
75178.6
75179.212
75237.2
75237.4
75304.5
75737.3
76237.1
78178.6
78200.6
78201.212
78261.2
78261.4
78300.5
78761.3
79261.1
81238.6
81285.6
81286.212
81346.2
81346.4
81350.5
81362.4
81425.5
81846.3
82346.1
83856.6
83878.6
83879.212
83945.2
83945.4
83947.5
83962.4
84004.5
84445.3
84945.1
88238.6
88252.6
88253.212
88293.6
88368.2
88368.4
88375.5
88382.4
88466.5
88868.3
89368.1
90031.6
90071.6
90072.212
90146.2
90146.4
90263.5
90646.3
91146.1
92588.6
92628.6
92629.212
92703.2
92703.4
92793.5
92796.4
92932.5
93203.3
93703.1
95494.6
95513.6
95514.212
95589.2
95589.4
95630.5
96089.3
96589.1
97840.6
97875.6
97876.212
97967.2
97967.4
98074.5
98467.3
98967.1
100512.6
100558.6
100559.212
100646.2
100646.4
100648.5
100652.4
100708.5
101146.3
101646.1
104041.6
104206.6
104207.212
104281.2
104281.4
104320.5
104781.3
105281.1
107767.6
107784.6
107785.212
107861.2
107861.4
107909.5
108361.3
108861.1
110472.6
110492.6
110493.212
110548.2
110548.4
110614.5
111048.3
111548.1
113418.6
113442.6
113443.212
113518.2
113518.4
113545.5
114018.3
114518.1
117013.6
117049.6
117050.212
117115.2
117115.4
117202.5
117615.3
118115.1
119513.6
119537.6
119538.212
119609.2
119609.4
119650.5
120109.3
120609.1
121745.6
121781.6
121782.212
121829.2
121829.4
121835.5
121841.4
121954.5
122329.3
122829.1
124427.6
124476.6
124477.212
124553.2
124553.4
124696.5
125053.3
125553.1
125819.6
125850.6
125851.212
125902.2
125902.4
126026.5
126402.3
126902.1
129168.6
129207.6
129208.212
129290.2
129290.4
129351.5
129790.3
130290.1
131308.6
131351.6
131352.212
131433.2
131433.4
131445.5
131451.4
131522.5
131933.3
132433.1
134126.6
134144.6
134145.212
134213.2
134213.4
134289.5
134713.3
135213.1
137179.6
137195.6
137196.212
137225.6
137239.6
137300.2
137300.4
137314.5
137320.4
137362.5
137366.4
137431.5
137800.3
138300.1
139896.6
139924.6
139925.212
140002.2
140002.4
140024.5
140040.4
140279.5
140502.3
141002.1
143497.6
143518.6
143519.212
143571.2
143571.4
143577.5
143584.4
143641.5
144071.3
144571.1
146798.6
146816.6
146817.212
146881.2
146881.4
147005.5
147381.3
147881.1
149548.6
149715.6
149716.212
149812.2
149812.4
149815.5
149818.4
149849.5
150312.3
150812.1
153093.6
153133.6
153134.212
153144.6
153203.2
153203.4
153396.5
153457.4
153521.5
153703.3
154203.1
155847.6
155885.6
155886.212
155967.2
155967.4
156032.5
156467.3
156967.1
158438.6
158461.6
158462.212
158546.2
158546.4
158679.5
159046.3
159546.1
161467.6
161494.6
161495.212
161559.2
161559.4
161670.5
162059.3
162559.1
164374.6
164463.6
164464.212
164547.2
164547.4
164690.5
165047.3
165547.1
167967.6
168008.6
168009.212
168087.2
168087.4
168144.5
168587.3
169087.1
172100.6
172249.6
172250.212
172312.2
172312.4
172438.5
172453.4
172561.5
172812.3
173312.1
175702.6
175731.6
175732.212
175801.2
175801.4
175926.5
176301.3
180000.9
123456789
9
10
15
9
10
15
11
FI
2
3
10
50
44
11
23
44
6
2
547
0
0
0
314159265
59
0
94
180000
314159265
0.1
291.6
569.6
570.212
630.2
630.4
631.5
634.4
666.5
1130.3
1630.1
2232.6
2251.6
2252.212
2337.2
2337.4
2402.5
2837.3
3059.4
3065.5
3068.4
3147.5
3337.1
4115.4
4219.5
4310.6
4322.6
4323.212
4388.2
4388.4
4473.5
4888.3
5388.1
6345.6
6408.6
6409.212
6484.2
6484.4
6516.5
6984.3
7484.1
9401.6
9414.6
9415.212
9488.2
9488.4
9525.5
9988.3
10488.1
12344.6
12590.6
12591.212
12646.2
12646.4
12689.5
13146.3
13646.1
14869.6
14930.4
14939.5
14941.4
14954.5
15016.6
15017.212
15072.2
15072.4
15126.5
15572.3
16072.1
17950.6
17974.6
17975.212
18033.2
18033.4
18034.5
18047.4
18123.5
18533.3
19033.1
21436.6
21455.6
21456.212
21508.2
21508.4
21609.5
22008.3
22508.1
23872.6
23899.6
23900.212
23942.2
23942.4
23951.5
23958.4
24005.5
24442.3
24942.1
26956.6
26968.6
26969.212
27025.2
27025.4
27032.5
27034.4
27077.5
27525.3
28025.1
29124.6
29152.6
29153.212
29212.2
29212.4
29218.5
29223.4
29311.5
29712.3
30212.1
31517.6
31535.6
31536.212
31598.2
31598.4
31647.5
32098.3
32598.1
34116.6
34187.4
34196.5
34291.6
34292.212
34351.2
34351.4
34460.5
34851.3
35351.1
36768.6
36792.6
36793.212
36836.2
36836.4
36843.5
36850.4
36913.5
37336.3
37836.1
39417.6
39441.6
39442.212
39506.2
39506.4
39512.5
39514.4
39554.5
40006.3
40506.1
43609.6
43639.6
43640.212
43687.2
43687.4
43744.5
44187.3
44687.1
46342.6
46361.6
46362.212
46426.2
46426.4
46484.5
46926.3
47426.1
49335.6
49374.6
49375.212
49417.2
49417.4
49419.5
49437.4
49516.5
49917.3
50417.1
52123.6
52137.6
52138.212
52183.2
52183.4
52189.5
52211.4
52289.5
52683.3
53183.1
55845.6
55869.6
55870.212
55930.2
55930.4
55973.5
56430.3
56930.1
59229.6
59263.6
59264.212
59339.2
59339.4
59419.5
59839.3
60339.1
61531.6
61689.6
61690.212
61758.2
61758.4
61788.5
61792.4
61973.5
62028.4
62093.5
62258.3
62758.1
65216.6
65233.6
65234.212
65300.2
65300.4
65315.5
65317.4
65369.5
65800.3
66300.1
67904.6
67927.6
67928.212
67986.2
67986.4
68063.5
68486.3
68986.1
70961.6
70998.6
70999.212
71075.2
71075.4
71134.5
71575.3
72075.1
74183.6
74199.6
74200.212
74264.2
74264.4
74340.5
74764.3
75264.1
76197.4
76412.5
77550.6
77575.6
77576.212
77631.2
77631.4
77633.5
77640.4
77688.5
78131.3
78631.1
80980.6
81002.6
81003.212
81108.2
81108.4
81163.5
81608.3
82108.1
84260.6
84302.6
84303.212
84372.2
84372.4
84382.5
84384.4
84522.5
84872.3
85372.1
87316.6
87454.6
87455.212
87521.2
87521.4
87594.5
88021.3
88521.1
90631.6
90654.6
90655.212
90716.2
90716.4
90765.5
91216.3
91716.1
95194.6
95224.6
95225.212
95300.2
95300.4
95408.5
95800.3
96300.1
99124.6
99165.6
99166.212
99242.2
99242.4
99297.5
99742.3
100242.1
103068.6
103088.6
103089.212
103176.2
103176.4
103248.5
103676.3
104176.1
107018.6
107038.6
107039.212
107102.2
107102.4
107107.5
107118.4
107157.5
107602.3
108102.1
110807.6
110831.6
110832.212
110889.2
110889.4
110981.5
111389.3
111889.1
114923.6
114943.6
114944.212
115002.2
115002.4
115111.5
115502.3
116002.1
118081.6
118145.6
118146.212
118208.2
118208.4
118215.5
118233.4
118296.5
118708.3
119208.1
121812.6
121867.6
121868.212
121954.2
121954.4
122086.5
122454.3
122954.1
126554.6
126680.4
126683.5
126691.4
126851.5
126956.6
126957.212
127006.2
127006.4
127009.5
127017.4
127076.5
127506.3
128006.1
129992.6
130021.6
130022.212
130079.2
130079.4
130182.5
130579.3
131079.1
134224.6
134261.6
134262.212
134320.2
134320.4
134442.5
134820.3
135320.1
137757.6
137786.6
137787.212
137838.2
137838.4
137933.5
138338.3
138838.1
141838.6
141866.6
141867.212
141937.2
141937.4
141946.5
141949.4
142076.5
142078.4
142191.5
142437.3
142937.1
143017.6
143052.6
143053.212
143106.2
143106.4
143299.5
143606.3
144106.1
144409.6
144448.6
144449.212
144507.2
144507.4
144680.5
145007.3
145507.1
147526.6
147538.6
147539.212
147625.2
147625.4
147659.5
148125.3
148625.1
151732.6
151760.6
151761.212
151824.2
151824.4
151890.5
151940.4
152102.5
152324.3
152824.1
153086.6
153122.6
153123.212
153185.2
153185.4
153528.5
153529.4
153545.5
153685.3
154185.1
155502.6
155521.6
155522.212
155586.2
155586.4
155587.5
155588.4
155711.5
156086.3
156504.6
156567.6
156586.1
156604.6
156653.6
156654.212
156728.2
156728.4
156850.5
157038.6
157228.3
157728.1
158616.6
158655.6
158656.212
158737.2
158737.4
159237.3
159282.5
159289.4
159298.5
159333.4
159417.5
159737.1
163129.6
163146.6
163147.212
163228.2
163228.4
163546.5
163713.4
163722.5
163728.3
164228.1
167305.6
167327.6
167328.212
167382.2
167382.4
167387.5
167394.4
167480.5
167882.3
168382.1
168656.6
168673.6
168674.212
168740.2
168740.4
168890.5
169240.3
169740.1
172176.6
172204.6
172205.212
172292.2
172292.4
172492.5
172792.3
173292.1
175356.6
175400.6
175401.212
175457.2
175457.4
175647.5
175957.3
176457.1
179303.6
179398.6
179399.212
179460.2
179460.4
179643.5
180000.9
123456789
