10
30
15
10
30
15
14
FI
2
6
10
47
45
11
20
45
6
2
1077
0
0
0
314159265
84
0
314
180000
314159265
0.1
496.6
915.6
1507.6
2041.6
2109.4
2110.212
2210.2
2327.5
2710.3
2976.4
3035.5
3169.4
3210.1
3270.5
4085.4
4240.5
4320.6
4438.4
4439.212
4539.2
4540.5
5039.3
5098.4
5271.5
5539.1
5679.4
5877.5
5958.6
6103.6
6226.4
6227.212
6316.5
6327.2
6821.4
6827.3
6955.5
7213.4
7327.1
7406.5
7471.6
7623.6
7815.6
7835.6
7993.6
8137.4
8138.212
8219.5
8238.2
8738.3
9238.1
9328.4
9434.5
9732.4
9893.5
9901.4
9918.5
10005.6
10176.6
10245.4
10246.212
10346.2
10352.5
10846.3
11346.1
11577.6
11942.4
11943.212
12016.5
12043.2
12543.3
12589.4
12639.5
13043.1
13052.4
13125.5
13131.4
13155.5
13357.6
13452.4
13453.212
13553.2
13594.5
13893.4
13895.5
13897.4
14053.3
14219.5
14412.6
14553.1
14589.4
14878.5
14966.6
15094.6
15224.4
15225.212
15325.2
15355.5
15825.3
16232.4
16266.5
16325.1
16517.4
16636.5
16680.4
16683.5
16939.4
17075.5
17219.6
17369.4
17370.212
17448.5
17470.2
17970.3
18444.4
18470.1
18522.5
18622.6
18761.4
18762.212
18859.5
18862.2
19362.3
19862.1
20447.4
20546.5
20655.4
20725.5
20886.4
20963.5
21230.4
21311.5
21443.6
21631.4
21632.212
21726.5
21732.2
22232.3
22504.4
22592.5
22732.1
22871.4
22984.5
23200.4
23317.5
23398.6
23941.6
23998.4
23999.212
24089.5
24099.2
24599.3
24609.4
24613.5
24627.4
24675.5
24907.4
25099.1
25116.5
25200.6
25223.6
25340.4
25341.212
25441.2
25482.5
25799.4
25941.3
26354.5
26410.4
26441.1
26470.5
26642.4
26790.5
26956.6
27005.211
27005.4
27006.1
27091.5
27202.6
27366.6
27569.6
27723.4
27724.212
27824.2
27834.5
28321.4
28324.3
28514.5
28743.4
28824.1
28860.5
28939.6
29126.4
29127.212
29227.2
29229.5
29727.3
30227.1
30866.4
30952.5
31174.4
31395.5
31472.6
31737.4
31738.212
31835.5
31838.2
32224.4
32338.3
32364.5
32564.4
32687.5
32838.1
32887.4
33038.5
33144.6
33237.4
33238.212
33338.2
33344.5
33547.4
33592.5
33838.3
34338.1
35212.4
35334.5
35414.6
35518.4
35519.212
35619.2
35721.5
36119.3
36619.1
37221.4
37330.5
37537.4
37650.5
37849.4
37924.5
38190.4
38247.5
38365.6
38493.4
38494.212
38574.5
38594.2
39094.3
39224.4
39272.5
39553.4
39594.1
39739.5
39814.6
40030.4
40031.212
40131.2
40145.5
40604.4
40631.3
40658.5
40891.4
40963.5
41131.1
41211.4
41337.5
41561.4
41563.5
41564.4
41663.5
41788.6
41940.4
41941.212
42039.5
42041.2
42541.3
42747.4
42831.5
43041.1
43090.4
43244.5
43414.4
43475.5
43634.6
43823.4
43824.212
43924.2
43925.5
44424.3
44924.1
45583.4
45632.5
45789.4
45840.5
46191.4
46259.5
46377.6
46502.4
46503.212
46596.5
46603.2
46828.4
46842.5
46849.4
46852.5
46854.4
46860.5
46893.4
46895.5
46897.4
47084.5
47103.3
47489.4
47556.5
47603.1
47788.4
47889.5
48000.6
48191.4
48192.212
48292.2
48311.5
48792.3
49292.1
50150.4
50248.5
50251.4
50274.5
50576.4
50679.5
50755.6
50948.4
50949.212
51031.5
51049.2
51413.4
51512.5
51549.3
51874.4
51936.5
52049.1
52114.4
52208.5
52283.6
52434.6
52607.4
52608.212
52697.5
52708.2
53134.4
53135.5
53170.4
53180.5
53208.3
53480.4
53521.5
53708.1
53773.4
53861.5
54197.4
54345.5
54434.6
54608.4
54609.212
54691.5
54709.2
55194.4
55209.3
55561.5
55709.1
56104.4
56227.5
56562.4
56713.5
56787.6
56915.4
56916.212
57016.2
57067.5
57516.3
57782.4
57895.5
58016.1
58174.4
58250.5
58297.4
58315.5
58544.4
58632.5
58789.6
58925.4
58926.212
59017.5
59026.2
59526.3
59550.4
59617.5
60026.1
60135.4
60154.5
60375.4
60468.5
60640.4
60745.5
60852.4
60977.5
61042.6
61223.4
61224.212
61305.5
61324.2
61824.3
62324.1
63110.4
63124.5
63379.4
63438.5
63603.4
63659.5
63804.6
63934.4
63935.212
64026.5
64035.2
64535.3
64623.4
65035.1
65302.5
65389.6
65559.4
65560.212
65658.5
65660.2
65954.4
66114.5
66160.3
66251.6
66397.4
66454.5
66660.1
66769.4
66936.5
67004.6
67190.4
67191.212
67270.5
67291.2
67791.3
67966.4
68061.5
68291.1
68355.4
68356.5
68357.4
68503.5
68631.4
68702.5
69040.4
69121.5
69188.6
69399.4
69400.212
69493.5
69500.2
69836.4
69843.5
70000.3
70189.4
70247.5
70459.4
70500.1
70527.5
70598.6
70772.4
70773.212
70873.2
70897.5
71373.3
71873.1
72655.6
72876.4
72877.212
72977.2
73009.5
73477.3
73977.1
74039.4
74181.5
74351.4
74449.5
74633.4
74796.5
74813.4
74823.5
75060.4
75149.5
75221.6
75394.4
75395.212
75486.5
75495.2
75995.3
76247.4
76482.5
76495.1
76662.4
76731.5
76953.4
77011.5
77247.4
77320.5
77325.4
77372.5
77467.6
77612.4
77613.212
77713.2
77720.5
78187.4
78213.3
78272.5
78713.1
78880.4
78979.5
79388.4
79451.5
79680.4
79779.5
80647.6
80769.4
80770.212
80860.5
80870.2
81370.3
81688.4
81764.5
81870.1
82053.4
82056.5
82057.4
82194.5
82380.4
82435.5
82735.4
82808.5
82895.6
83080.4
83081.212
83181.2
83201.5
83681.3
83730.4
83758.5
84181.1
84213.4
84355.5
84616.4
84698.5
84901.4
84957.5
84974.4
85114.5
85191.6
85344.4
85345.212
85414.5
85445.2
85784.4
85807.5
85945.3
86445.1
86451.4
86555.5
86575.4
86628.5
86698.6
86881.4
86882.212
86982.2
87042.5
87482.3
87671.4
87723.5
87982.1
88082.4
88186.5
88346.4
88479.5
88491.4
88640.5
88650.4
88653.5
88929.4
89019.5
89192.4
89195.5
89196.4
89492.5
89567.6
89701.4
89702.212
89786.5
89802.2
90187.4
90302.3
90392.5
90608.4
90728.5
90802.1
90895.4
90952.5
91241.4
91421.5
91573.6
91698.4
91699.212
91793.5
91799.2
92299.3
92799.1
94245.4
94305.5
94545.6
94670.4
94671.212
94760.5
94771.2
95271.3
95313.4
95323.5
95330.4
95410.5
95590.4
95680.5
95771.1
95915.4
95994.5
96333.6
96468.4
96469.212
96548.5
96569.2
96977.4
96999.5
97069.3
97569.1
97911.4
97973.5
97988.4
97992.5
98149.4
98245.5
99366.6
99752.6
99907.4
99908.212
100008.2
100065.5
100497.4
100498.5
100503.4
100508.3
100553.5
101008.1
101671.4
101716.5
101735.4
101748.5
101754.4
101784.5
101950.4
101995.5
102423.4
102450.5
102956.6
103105.4
103106.212
103206.2
103290.5
103706.3
103983.4
104206.1
104285.5
104540.6
104597.4
104598.212
104688.5
104698.2
105134.4
105198.3
105312.5
105698.1
106843.6
106951.4
106952.212
107045.5
107052.2
107552.3
108052.1
108471.4
108533.5
108969.6
109117.4
109118.212
109201.5
109218.2
109718.3
110218.1
110994.4
111167.5
111280.6
111408.4
111409.212
111509.2
111541.5
111632.4
111679.5
112009.3
112127.4
112257.5
112509.1
113108.4
113165.5
113292.6
113479.4
113480.212
113552.5
113580.2
114080.3
114314.4
114401.5
114580.1
114633.4
114702.5
114944.4
115052.5
115184.6
115324.4
115325.212
115410.5
115425.2
115925.3
116425.1
117502.4
117561.5
117743.4
117801.5
117810.4
117943.5
118011.6
118099.4
118100.212
118200.2
118207.5
118700.3
119200.1
119207.4
119220.5
119234.4
119236.5
119407.4
119474.5
119636.6
119737.4
119738.212
119818.5
119838.2
120318.4
120338.3
120373.5
120570.4
120613.5
120815.4
120838.1
120865.5
121222.4
121294.5
121366.6
121528.4
121529.212
121612.5
121629.2
122129.3
122629.1
122779.4
122864.5
122951.6
123048.4
123049.212
123149.2
123159.5
123649.3
124149.1
125673.4
125753.5
125839.6
125940.4
125941.212
126030.5
126041.2
126541.3
127003.4
127041.1
127119.5
127294.4
127435.5
127513.6
127614.4
127615.212
127715.2
127751.5
128215.3
128582.4
128704.5
128715.1
128783.6
128905.4
128906.212
129006.2
129021.5
129506.3
130006.1
130009.4
130053.5
130637.4
130662.5
130860.6
130946.4
130947.212
131033.5
131047.2
131547.3
132047.1
132561.4
132663.5
132735.6
132841.4
132842.212
132942.2
132978.5
133442.3
133706.4
133830.5
133942.1
134554.4
134626.5
134734.6
134820.4
134821.212
134895.5
134921.2
135421.3
135921.1
136114.6
136194.4
136195.212
136290.5
136295.2
136566.4
136634.5
136795.3
137295.1
138064.6
138162.4
138163.212
138263.2
138296.5
138763.3
138955.4
139054.5
139263.1
140541.6
140658.4
140659.212
140741.5
140759.2
141259.3
141599.4
141657.5
141759.1
141830.4
141892.5
142218.6
142301.4
142302.212
142402.2
142415.5
142902.3
143402.1
146003.6
146081.4
146082.212
146175.5
146182.2
146682.3
146714.4
146748.5
147156.4
147182.1
147225.5
147298.6
147416.6
147476.4
147477.212
147577.2
147584.5
148077.3
148535.4
148556.5
148577.1
149080.4
149145.5
149311.4
149376.5
149462.6
149576.4
149577.212
149667.5
149677.2
150177.3
150317.4
150384.5
150480.4
150677.1
150743.5
150825.4
150987.5
151368.4
151440.5
151597.4
151738.5
151746.4
151901.5
151983.6
152098.4
152099.212
152192.5
152199.2
152699.3
152754.4
153105.5
153199.1
153296.6
153395.4
153396.212
153496.2
153501.5
153944.4
153996.3
154045.5
154333.4
154362.5
154496.1
154555.4
154638.5
154734.6
154826.4
154827.212
154927.2
154953.5
155427.3
155517.4
155530.5
155761.4
155800.5
155927.1
156148.6
156304.6
156423.4
156424.212
156524.2
156806.5
156815.4
156862.5
157024.3
157252.4
157404.5
157485.4
157487.5
157524.1
157681.4
157820.5
157899.6
158034.4
158035.212
158135.2
158145.5
158635.3
159135.1
159335.4
159411.5
159550.4
159664.5
159778.6
159925.4
159926.212
160026.2
160064.5
160526.3
161026.1
162552.4
162850.5
162935.6
163038.4
163039.212
163133.5
163139.2
163639.3
163710.4
163722.5
164139.1
164528.4
164598.5
164734.4
164804.5
164921.6
165115.4
165116.212
165216.2
165319.5
165453.4
165570.5
165716.3
166216.1
166974.4
167026.5
167173.4
167221.5
167308.6
167424.4
167425.212
167507.5
167525.2
168025.3
168525.1
169750.4
169878.5
170823.6
170911.4
170912.212
171012.2
171038.5
171512.3
172012.1
173505.4
173586.5
173659.6
173799.4
173800.212
173896.5
173900.2
174247.4
174369.5
174400.3
174900.1
175218.4
175274.5
175707.6
175795.4
175796.212
175896.2
175981.5
176396.3
176642.6
176692.4
176732.5
176896.1
177699.6
177804.4
177805.212
177905.2
178011.5
178405.3
178905.1
178927.6
180000.9
123456789
10
31
15
10
31
15
14
FI
2
6
10
47
31
11
20
31
6
2
1165
0
0
0
314159265
98
1
308
180000
314159265
0.1
577.6
668.4
669.212
753.5
769.2
1269.3
1279.4
1340.5
1743.4
1769.1
1797.5
1996.6
2130.4
2131.212
2231.2
2232.5
2731.3
3137.4
3193.5
3231.1
3466.4
3521.5
3610.6
3757.4
3758.212
3841.5
3858.2
4358.3
4573.4
4768.5
4858.1
4999.4
5096.5
5178.6
5276.4
5277.212
5370.5
5377.2
5743.4
5823.5
5877.3
6052.4
6119.5
6377.1
6423.4
6506.5
6607.6
6736.4
6737.212
6835.5
6837.2
7337.3
7837.1
7909.4
7951.5
8157.4
8232.5
8352.6
8382.6
8522.4
8523.212
8623.2
8625.5
9104.4
9123.3
9278.5
9523.4
9623.1
9655.5
9735.6
9854.4
9855.212
9955.2
9992.5
9993.4
9994.5
10455.3
10955.1
11116.4
11337.5
11631.4
11752.5
11840.6
11968.4
11969.212
12069.2
12094.5
12569.3
13069.1
13079.4
13166.5
13501.4
13639.5
13720.6
13806.4
13807.212
13889.5
13907.2
14407.3
14459.4
14597.5
14801.4
14907.1
14955.5
15034.6
15151.4
15152.212
15152.5
15155.4
15229.5
15252.2
15542.4
15752.3
15880.5
15881.4
15884.5
16164.4
16252.1
16297.5
16370.6
16478.4
16479.212
16556.5
16579.2
17079.3
17114.4
17181.5
17384.4
17508.5
17579.1
17595.6
17667.4
17668.212
17768.2
17772.5
18177.4
18268.3
18323.5
18527.4
18605.5
18680.6
18768.1
18808.4
18883.5
18976.6
19157.4
19158.212
19258.2
19263.5
19750.4
19758.3
19770.5
19985.4
20071.5
20258.1
20374.4
20436.5
20515.6
20655.4
20656.212
20756.2
20849.5
21189.4
21256.3
21266.5
21479.4
21577.5
21696.6
21756.1
21888.4
21948.5
22037.6
22182.4
22183.212
22183.5
22184.4
22268.5
22283.2
22518.4
22604.5
22783.3
22841.6
22989.4
23056.5
23124.6
23278.4
23283.1
23404.5
23488.6
23623.4
23624.212
23719.5
23724.2
24224.3
24547.4
24607.5
24704.6
24724.1
24911.4
24954.5
25040.6
25188.4
25189.212
25281.5
25289.2
25744.4
25789.3
25790.5
26018.4
26121.5
26128.4
26179.5
26289.1
26387.4
26429.5
26544.6
26659.4
26660.212
26758.5
26760.2
26882.4
26935.5
27260.3
27614.4
27686.5
27760.1
27895.4
27990.5
28669.4
28725.5
28812.6
28908.4
28909.212
28992.5
29009.2
29406.4
29509.3
29515.5
29669.4
29791.5
30009.1
30087.4
30125.5
30229.6
30404.4
30405.212
30405.5
30406.4
30498.5
30505.2
31005.3
31194.4
31230.5
31505.1
32237.4
32267.5
32353.6
32443.4
32444.212
32527.5
32544.2
33044.3
33544.1
33717.4
33719.5
33720.4
33736.5
33951.4
34016.5
34023.4
34053.5
34136.6
34224.4
34225.212
34313.5
34325.2
34818.4
34825.3
34912.5
35130.4
35205.5
35305.6
35325.1
35403.4
35458.5
35737.4
35807.5
35897.6
36018.4
36019.212
36096.5
36119.2
36479.4
36619.3
36642.5
36851.4
36932.5
37040.6
37119.1
37226.4
37292.5
37380.6
37417.6
37513.4
37514.212
37607.5
37614.2
38114.3
38614.1
38660.6
38806.4
38807.212
38899.5
38907.2
39295.4
39330.5
39407.3
39541.4
39605.5
39702.6
39907.1
40034.4
40110.5
40222.6
40348.4
40349.212
40436.5
40449.2
40949.3
41019.4
41231.5
41449.1
41709.4
41762.5
41851.6
42013.4
42014.212
42114.2
42118.5
42614.3
43114.1
43143.4
43185.5
43456.4
43519.5
43599.6
43749.4
43750.212
43850.2
43857.5
44350.3
44420.4
44576.5
44748.6
44841.4
44850.1
44946.5
45026.6
45153.4
45154.212
45154.5
45155.4
45245.5
45254.2
45754.3
46041.4
46091.5
46254.1
46298.4
46353.5
46430.6
46541.4
46542.212
46642.2
46643.5
47142.3
47642.1
47803.4
47812.5
48025.4
48076.5
48157.6
48254.4
48255.212
48341.5
48355.2
48855.3
49259.4
49274.5
49343.6
49355.1
49575.4
49622.5
49697.6
49815.4
49816.212
49818.5
49819.4
49899.5
49916.2
50241.4
50291.5
50416.3
50916.1
51352.4
51419.5
51506.6
51594.4
51595.212
51695.2
51706.5
52195.3
52245.4
52640.5
52695.1
52830.4
52901.5
53006.6
53094.4
53095.212
53179.5
53195.2
53695.3
53779.4
53929.5
54195.1
54203.4
54370.5
54575.4
54607.5
54831.4
54896.5
54980.6
55080.4
55081.212
55181.2
55208.5
55681.3
56181.1
56295.4
56406.5
56511.6
56591.4
56592.212
56692.2
56754.5
56828.6
56938.4
56985.5
57076.6
57178.4
57192.3
57233.5
57336.6
57557.4
57600.5
57692.1
57697.6
57769.4
57770.212
57853.5
57870.2
58036.4
58084.5
58370.3
58870.1
60309.6
60485.4
60486.212
60586.2
60595.5
61086.3
61586.1
62605.6
62731.4
62732.212
62821.5
62832.2
63332.3
63481.4
63532.5
63536.4
63612.5
63700.6
63808.4
63832.1
63885.5
63985.6
64081.4
64082.212
64163.5
64182.2
64682.3
64810.4
64893.5
65182.1
65231.6
65295.4
65296.212
65383.5
65396.2
65767.4
65843.5
65896.3
66042.6
66396.1
66527.6
66661.6
66710.4
66711.212
66811.2
66835.5
67311.3
67811.1
67840.6
67914.6
67962.4
67963.212
68053.5
68063.2
68563.3
68715.6
68771.4
68818.5
68909.6
69063.1
69082.4
69123.5
69209.6
69384.4
69385.212
69477.5
69485.2
69985.3
70485.1
70503.6
70548.211
70548.4
70549.1
70599.5
70681.6
70804.4
70805.212
70899.5
70905.2
71405.3
71905.1
72044.4
72129.5
72365.4
72419.5
72434.4
72552.5
72654.4
72792.5
72876.6
72965.4
72966.212
73058.5
73066.2
73566.3
74066.1
74322.6
74424.4
74425.212
74525.2
74528.5
75025.3
75142.4
75225.5
75525.1
75728.4
75768.5
75863.6
76071.4
76072.212
76141.5
76172.2
76672.3
77090.4
77113.5
77172.1
77198.6
77360.4
77361.212
77361.5
77363.4
77461.2
77471.5
77961.3
78461.1
80586.4
80618.5
80693.6
80717.6
80790.4
80791.212
80891.2
80897.5
81010.6
81115.4
81174.5
81261.6
81391.3
81437.4
81487.5
81565.6
81698.4
81734.5
81848.6
81891.1
82067.4
82135.5
82207.6
82316.4
82317.212
82417.2
82422.5
82677.4
82729.5
82917.3
83346.4
83417.1
83478.5
83694.4
83743.5
83824.6
83920.4
83921.212
84021.2
84052.5
84521.3
84554.4
84702.5
84911.4
84956.5
85021.1
85032.6
85090.4
85091.212
85176.5
85191.2
85691.3
86191.1
86258.4
86265.5
86345.6
86520.4
86521.212
86611.5
86621.2
87121.3
87621.1
88314.6
88403.4
88404.212
88486.5
88504.2
89004.3
89504.1
90492.6
90583.4
90584.212
90684.2
90688.5
91184.3
91684.1
92486.6
92536.211
92536.4
92537.1
92586.5
92648.6
92763.4
92764.212
92864.2
92868.5
93364.3
93384.4
93513.5
93864.1
94063.4
94090.5
94156.6
94243.4
94244.212
94344.2
94362.5
94702.4
94844.3
94871.5
95048.4
95076.5
95180.6
95278.4
95311.5
95344.1
95411.6
95497.4
95498.212
95587.5
95598.2
96098.3
96334.4
96349.5
96350.4
96490.5
96598.1
97394.6
97509.4
97510.212
97589.5
97610.2
98110.3
98152.4
98209.5
98290.4
98610.1
98890.5
98985.6
99030.211
99030.4
99031.1
99114.5
99180.6
99268.4
99269.212
99369.2
99376.5
99869.3
100369.1
100886.4
101010.5
101105.6
101353.4
101354.212
101435.5
101454.2
101954.3
102231.4
102327.5
102424.6
102454.1
102504.4
102567.5
102741.4
102792.5
102879.6
102967.4
102968.212
103068.2
103083.5
103568.3
103995.4
104068.1
104107.5
104196.6
104282.4
104283.212
104378.5
104383.2
104648.4
104650.5
104654.4
104807.5
104883.3
104952.4
105031.5
105160.6
105248.4
105320.5
105383.1
105964.6
106024.4
106025.212
106107.5
106125.2
106503.4
106568.5
106625.3
106817.4
106889.5
107125.1
107674.4
107707.5
107786.6
107936.4
107937.212
108037.2
108042.5
108522.4
108537.3
108609.5
108696.6
108789.4
108842.5
108911.6
109037.1
109077.4
109135.5
109232.6
109316.4
109317.212
109417.2
109418.5
109917.3
110171.4
110305.5
110417.1
110526.4
110583.5
110664.6
110785.4
110786.212
110865.5
110886.2
111386.3
111421.4
111486.5
111869.4
111886.1
112026.5
112192.4
112282.5
112362.6
112441.4
112442.212
112533.5
112542.2
112929.4
113018.5
113042.3
113542.1
113838.4
113877.5
113970.6
114042.4
114043.212
114137.5
114143.2
114560.4
114609.5
114643.3
115143.1
115892.4
115947.5
116024.6
116157.4
116158.212
116248.5
116258.2
116758.3
116799.4
116850.5
117258.1
118191.6
118269.4
118270.212
118363.5
118370.2
118870.3
119370.1
120907.4
120997.5
121086.6
121159.4
121160.212
121260.2
121273.5
121760.3
122260.1
122787.6
122896.4
122897.212
122980.5
122997.2
123497.3
123633.4
123923.5
123997.1
124107.4
124161.5
124237.6
124317.4
124318.212
124418.2
124475.5
124918.3
125418.1
127592.6
127703.4
127704.212
127804.2
127813.5
128080.4
128121.5
128304.3
128327.4
128452.5
128625.4
128673.5
128804.1
128879.4
128923.5
129017.6
129114.4
129115.212
129116.5
129117.4
129215.2
129246.5
129715.3
130087.4
130102.5
130215.1
130337.4
130394.5
130572.6
130645.4
130646.212
130746.2
130750.5
130828.4
130882.5
131217.4
131219.5
131220.4
131246.3
131596.5
131746.1
131810.4
131840.5
131943.6
132056.4
132057.212
132157.2
132180.5
132529.4
132573.5
132579.4
132618.5
132657.3
132851.4
132950.5
133019.6
133112.4
133157.1
133170.5
133231.6
133342.4
133343.212
133443.2
133459.5
133526.6
133617.4
133649.5
133770.6
133943.3
133955.4
134063.5
134143.6
134241.4
134300.5
134394.6
134443.1
134484.4
134537.5
134665.6
134753.4
134754.212
134854.2
134894.5
135005.6
135354.3
135854.1
136308.6
136366.4
136367.212
136467.2
136494.5
136967.3
136989.4
137082.5
137467.1
137631.4
137715.5
138109.4
138125.5
138541.4
138561.5
138641.6
138736.4
138737.212
138816.5
138837.2
139024.4
139106.5
139337.3
139557.4
139837.1
140140.5
140278.4
140340.5
140447.6
140472.6
140522.4
140523.212
140602.5
140623.2
141123.3
141623.1
142039.4
142158.5
142248.6
142326.4
142327.212
142405.5
142427.2
142927.3
143427.1
143832.4
143912.5
144118.4
144185.5
144278.6
144357.4
144358.212
144443.5
144458.2
144958.3
145412.4
145458.1
145525.5
145598.6
145671.4
145672.212
145772.2
145931.5
146272.3
146465.4
146467.5
146772.1
148268.6
148409.4
148410.212
148418.5
148421.4
148510.2
148560.5
148750.4
148855.5
149010.3
149510.1
149676.4
149771.5
149983.4
150054.5
151141.4
151170.5
151332.6
151610.4
151611.212
151711.2
151760.5
152211.3
152227.4
152323.5
152697.4
152711.1
152790.5
153718.4
153738.5
153857.6
153934.4
153935.212
154035.2
154265.5
154535.3
155035.1
156074.6
156121.6
156181.4
156182.212
156282.2
156311.5
156548.4
156664.5
156782.3
157282.1
157970.6
158065.4
158066.212
158166.2
158183.5
158666.3
159166.1
159573.8
160011.6
160110.4
160111.212
160211.2
160249.5
160711.3
160993.6
161211.1
161849.4
161853.5
161855.4
161857.5
162735.6
162835.4
162836.212
162936.2
162936.5
163027.6
163436.3
163936.1
164822.6
164940.4
164941.212
165041.2
165499.5
165541.3
166041.1
166564.4
167114.5
167430.4
167482.5
167635.4
167733.5
168044.4
168249.5
172851.6
172916.4
172917.212
173017.2
173244.5
173408.6
173493.4
173517.3
173522.5
173592.6
173827.6
174017.1
174717.6
174818.6
174986.4
174987.212
175087.2
175088.5
175095.4
175123.5
175587.3
175709.6
176087.1
177719.6
177808.4
177809.212
177909.2
178148.5
178409.3
180000.9
123456789
11
01
15
11
01
15
14
FI
2
6
10
49
46
11
22
46
6
2
992
0
0
0
314159265
90
0
244
180000
314159265
0.1
705.4
737.5
1079.6
1158.4
1159.212
1246.5
1259.2
1759.3
1846.4
1921.5
2142.4
2211.5
2259.1
2336.6
2428.4
2429.212
2529.2
2579.5
3029.3
3156.4
3204.5
3529.1
3568.4
3789.5
3870.6
3896.6
3945.4
3946.212
4029.5
4046.2
4360.4
4464.5
4546.3
4686.4
4832.5
4918.6
4997.4
5046.1
5132.5
5203.4
5392.5
5470.6
5539.4
5540.212
5640.2
5705.5
6140.3
6209.4
6280.5
6536.4
6587.5
6640.1
6672.6
6794.4
6795.212
6895.2
6931.5
7285.4
7363.5
7395.3
7679.4
7776.5
7895.1
8069.4
8165.5
8252.6
8350.4
8351.212
8441.5
8451.2
8743.4
8796.5
8951.3
9432.4
9451.1
9453.5
9567.6
9655.4
9656.212
9747.5
9756.2
10151.4
10254.5
10256.3
10543.4
10598.5
10661.6
10756.1
10812.4
10898.5
10993.6
11107.4
11108.212
11203.5
11208.2
11591.4
11708.3
11737.5
12078.4
12193.5
12208.1
12266.6
12372.4
12373.212
12463.5
12473.2
12615.4
12659.5
12973.3
13399.4
13473.1
13530.5
14090.4
14140.5
14218.6
14314.4
14315.212
14402.5
14415.2
14781.4
14915.3
14986.5
14988.4
15067.5
15243.4
15308.5
15382.6
15415.1
15507.4
15678.5
15758.6
15836.4
15837.212
15924.5
15937.2
16437.3
16937.1
17299.4
17326.5
17412.6
17501.4
17502.212
17579.5
17602.2
18102.3
18487.4
18602.1
18650.5
18755.6
18862.4
18863.212
18944.5
18963.2
19403.4
19463.3
19723.5
19874.6
19963.1
20032.4
20195.5
20283.6
20365.4
20366.212
20449.5
20466.2
20966.3
21300.4
21419.5
21466.1
21518.6
21618.4
21619.212
21715.5
21719.2
22219.3
22719.1
22815.4
22830.5
22917.6
23007.4
23008.212
23079.5
23108.2
23608.3
23728.4
23928.5
24005.6
24099.4
24108.1
24150.5
24259.6
24423.4
24424.212
24524.2
24524.5
25024.3
25524.1
26063.6
26166.4
26167.212
26267.2
26272.5
26767.3
26915.4
26972.5
27107.4
27267.1
27432.5
27648.4
27798.5
27886.6
27991.4
27992.212
28082.5
28092.2
28412.4
28555.5
28592.3
28803.4
28962.5
29046.6
29092.1
29139.4
29222.5
29389.6
29473.4
29474.212
29563.5
29574.2
30074.3
30574.1
30724.4
30884.5
30999.6
31106.4
31107.212
31207.2
31237.5
31485.4
31559.5
31707.3
31870.6
32080.4
32096.5
32207.1
32301.4
32363.5
32469.6
32603.4
32604.212
32704.2
32704.5
33204.3
33482.6
33704.1
33711.4
33888.5
34013.6
34083.4
34084.212
34175.5
34184.2
34461.4
34599.5
34684.3
35184.1
35215.4
35286.5
35455.6
35570.4
35571.212
35671.2
35674.5
36171.3
36671.1
36933.4
36966.5
37095.6
37205.4
37206.212
37304.5
37306.2
37806.3
38306.1
38364.4
38415.5
38519.6
38616.4
38617.212
38697.5
38717.2
39217.3
39454.4
39541.5
39633.6
39717.1
39729.4
39882.5
39981.6
40072.4
40073.212
40171.5
40173.2
40530.4
40535.5
40540.4
40673.3
40769.5
41173.1
41191.4
41325.5
41419.6
41526.4
41527.212
41612.5
41627.2
42127.3
42328.4
42390.5
42469.6
42559.4
42627.1
42719.5
42866.6
42969.4
42970.212
43057.5
43070.2
43399.4
43451.5
43570.3
44070.1
45310.6
45381.4
45382.212
45482.2
45592.5
45982.3
46482.1
46831.4
46927.5
47100.6
47170.4
47171.212
47271.2
47287.5
47771.3
48271.1
49758.4
49838.5
49945.6
50020.4
50021.212
50109.5
50121.2
50621.3
50797.4
50824.5
51121.1
51456.4
51506.5
51585.6
51653.4
51654.212
51739.5
51754.2
52154.4
52158.5
52163.4
52254.3
52277.5
52552.6
52754.1
52757.4
52817.5
52910.6
52972.4
52973.212
53070.5
53073.2
53479.4
53572.5
53573.3
54073.1
54111.4
54189.5
54268.6
54335.4
54336.212
54427.5
54436.2
54701.4
54765.5
54936.3
54976.4
55061.5
55436.1
56652.4
56682.5
57166.6
57191.6
57231.4
57232.212
57332.2
57374.5
57832.3
58332.1
59495.6
59558.4
59559.212
59659.2
59674.5
60159.3
60659.1
60759.4
60901.5
61069.4
61104.5
61165.6
61250.4
61251.212
61351.2
61355.5
61698.4
61851.3
61921.5
62137.4
62222.5
62295.6
62351.1
62389.4
62465.5
62573.6
62654.4
62655.212
62755.2
62773.5
63255.3
63384.4
63396.5
63755.1
65554.4
65579.5
65661.6
65746.4
65747.212
65828.5
65847.2
66347.3
66847.1
67137.6
67245.4
67246.212
67337.5
67346.2
67846.3
68346.1
68543.4
68578.5
68761.4
68817.5
68911.6
69009.4
69010.212
69099.5
69110.2
69473.4
69528.5
69610.3
69846.4
69852.5
70110.1
70849.6
70882.6
70917.4
70918.212
71018.2
71030.5
71518.3
72018.1
72074.4
72185.5
72195.4
72272.5
72357.6
72410.4
72411.212
72511.2
72516.5
73011.3
73511.1
74211.6
74273.4
74274.212
74374.2
74384.5
74874.3
75374.1
76605.6
76664.4
76665.212
76751.5
76765.2
77072.4
77177.5
77265.3
77765.1
77911.4
77951.5
78038.6
78101.4
78102.212
78198.5
78202.2
78303.4
78369.5
78702.3
79202.1
79690.4
79818.5
79907.6
79932.6
79966.4
79967.212
80067.2
80073.5
80567.3
81067.1
81823.6
81888.4
81889.212
81973.5
81989.2
82489.3
82989.1
83120.6
83181.4
83182.212
83282.2
83355.5
83782.3
84282.1
84533.6
84593.4
84594.212
84694.2
84711.5
85194.3
85694.1
86121.6
86164.211
86164.4
86165.1
86224.5
86297.6
86355.4
86356.212
86456.2
86469.5
86955.4
86956.3
87046.5
87456.1
87493.4
87662.5
87665.4
87670.5
87845.4
87950.5
88044.6
88087.211
88087.4
88088.1
88148.5
88278.6
88380.4
88381.212
88481.2
88498.5
88716.4
88734.5
88981.3
88994.6
89075.4
89104.5
89196.6
89279.4
89314.5
89481.1
89510.6
89580.4
89581.212
89677.5
89681.2
89933.4
89991.5
90181.3
90681.1
91273.4
91299.5
91381.6
91479.4
91480.212
91571.5
91580.2
92080.3
92348.4
92418.5
92580.1
93388.4
93427.5
93516.6
93598.4
93599.212
93692.5
93699.2
94199.3
94699.1
94811.4
94833.5
96549.4
96580.5
96652.6
96727.4
96728.212
96828.2
96895.5
97328.3
97828.1
98504.4
98570.5
98657.6
98723.4
98724.212
98824.2
98824.5
99324.3
99824.1
99916.4
99984.5
100067.6
100137.4
100138.212
100215.5
100238.2
100738.3
101238.1
101580.4
101651.5
101737.6
101794.4
101795.212
101885.5
101895.2
102395.3
102895.1
103878.6
103915.211
103915.4
103916.1
103991.5
104058.6
104169.4
104170.212
104270.2
104319.5
104770.3
105270.1
105305.4
105508.5
105707.4
105736.5
105741.4
105742.5
106095.4
106117.5
106649.6
106746.4
106747.212
106847.2
106934.5
107347.3
107717.4
107821.5
107847.1
109429.6
109494.4
109495.212
109595.2
109636.5
110095.3
110595.1
111049.6
111098.211
111098.4
111099.1
111139.5
111252.6
111300.211
111300.4
111301.1
111338.5
111409.6
111475.4
111476.212
111576.2
111589.5
112076.3
112576.1
113242.4
113258.5
113329.6
113392.4
113393.212
113493.2
113498.5
113993.3
114493.1
115787.6
115861.4
115862.212
115962.2
116034.5
116462.3
116962.1
117567.4
117605.5
117690.6
117743.4
117744.212
117844.2
117855.5
118344.3
118543.6
118844.1
119152.6
119212.4
119213.212
119313.2
119332.5
119813.3
120313.1
120641.4
120679.5
120768.6
120835.4
120836.212
120926.5
120936.2
121436.3
121936.1
124458.6
124504.211
124504.4
124505.1
124561.5
124624.6
124697.4
124698.212
124781.5
124798.2
125298.3
125798.1
125980.4
126112.5
126226.4
126299.5
126367.6
126426.4
126427.212
126527.2
126540.5
126948.4
127027.3
127041.5
127046.4
127050.5
127527.1
128150.6
128209.4
128210.212
128310.2
128319.5
128810.3
129029.4
129061.5
129201.4
129279.5
129283.4
129294.5
129310.1
129740.6
129773.211
129773.4
129774.1
129827.5
129927.6
130004.4
130005.212
130105.2
130107.5
130605.3
131105.1
131453.6
131516.4
131517.212
131604.5
131617.2
132117.3
132118.4
132153.5
132155.4
132234.5
132617.1
133820.4
133843.5
133912.6
133982.4
133983.212
134078.5
134083.2
134583.3
135083.1
135558.4
135593.5
138501.4
138536.5
138615.6
138672.4
138673.212
138773.2
138783.5
139273.3
139773.1
140517.6
140952.6
141001.4
141002.212
141088.5
141102.2
141490.4
141557.5
141602.3
142083.4
142102.1
142108.5
142120.4
142141.5
142219.6
142260.211
142260.4
142261.1
142321.5
142394.6
142524.4
142525.212
142625.2
142655.5
143125.3
143292.4
143308.5
143579.4
143599.5
143625.1
143677.6
143742.4
143743.212
143826.5
143843.2
144343.3
144843.1
145028.4
145050.5
145127.6
145197.4
145198.212
145298.2
145328.5
145329.4
145330.5
145798.3
146298.1
146812.4
146848.5
146944.6
147025.4
147026.212
147126.2
147188.5
147626.3
147826.4
147928.5
148070.4
148126.1
148131.5
149183.6
149277.4
149278.212
149378.2
149398.5
149878.3
150378.1
150451.4
150468.5
150703.4
150732.5
150802.6
150881.4
150882.212
150883.5
150885.4
150982.2
151018.5
151023.4
151024.5
151025.4
151028.5
151482.3
151982.1
153573.4
153681.5
155151.6
155280.4
155281.212
155368.5
155381.2
155881.3
156381.1
158406.6
158449.211
158449.4
158450.1
158462.5
159318.6
160353.6
160583.6
160928.6
161026.4
161027.212
161127.2
161161.5
161627.3
161846.4
162032.5
162127.1
163233.6
163363.4
163364.212
163464.2
163476.5
163964.3
164464.1
168279.6
168406.4
168407.212
168507.2
168543.5
168934.6
169007.3
169507.1
170283.4
170288.5
170394.6
170472.4
170473.212
170573.2
170590.5
171073.3
171235.4
171360.5
171440.4
171573.1
171607.5
172889.6
172960.4
172961.212
173061.2
173317.5
173561.3
173850.4
173965.5
174061.1
176032.6
176084.4
176085.212
176185.2
176322.5
176685.3
180000.9
123456789
11
02
15
11
02
15
14
FI
2
6
10
49
34
11
22
33
6
2
1139
0
0
0
314159265
89
0
285
180000
314159265
0.1
333.4
420.5
484.6
565.4
566.212
662.5
666.2
1166.3
1275.4
1338.5
1597.4
1666.1
1827.5
1906.6
1975.4
1976.212
2058.5
2076.2
2576.3
2600.4
2722.5
3020.4
3076.1
3098.5
3175.6
3234.4
3235.212
3318.5
3335.2
3546.4
3749.5
3835.3
4017.4
4142.5
4217.6
4291.4
4335.1
4395.5
4505.6
4587.4
4588.212
4671.5
4688.2
4943.4
5024.5
5188.3
5354.4
5419.5
5486.6
5603.4
5688.1
5715.5
5768.6
5852.4
5853.212
5942.5
5953.2
6156.4
6221.5
6453.3
6698.4
6727.5
6798.6
6874.4
6953.1
6970.5
6974.4
7101.5
7167.6
7246.4
7247.212
7329.5
7347.2
7653.4
7764.5
7847.3
8137.4
8196.5
8275.6
8347.1
8405.4
8520.5
8578.6
8684.4
8685.212
8756.5
8785.2
9285.3
9504.4
9608.5
9785.1
9874.4
9923.5
10001.6
10092.4
10093.212
10189.5
10193.2
10693.3
10799.4
10861.5
11193.1
11250.4
11360.5
11442.6
11487.211
11487.4
11488.1
11593.5
11661.6
11794.4
11795.212
11886.5
11895.2
12346.4
12395.3
12414.5
12895.1
13351.4
13457.5
13527.6
13586.4
13587.212
13659.5
13687.2
13861.4
13952.5
14121.4
14154.5
14187.3
14459.4
14602.5
14670.6
14687.1
14749.4
14829.5
14891.6
14978.4
14979.212
15072.5
15079.2
15579.3
15801.4
15830.5
15990.6
16079.1
16214.4
16259.5
16332.6
16398.4
16399.212
16480.5
16499.2
16999.3
17425.4
17499.1
17562.5
17650.6
17751.4
17752.212
17825.5
17852.2
18352.3
18506.4
18572.5
18649.6
18752.4
18852.1
18875.5
18961.6
19037.4
19038.212
19109.5
19138.2
19638.3
19831.4
19916.5
19993.6
20078.4
20138.1
20213.5
20281.6
20390.4
20391.212
20491.2
20536.5
20772.4
20859.5
20991.3
21164.4
21250.5
21318.6
21491.1
21498.4
21571.5
21649.6
21753.4
21754.212
21834.5
21854.2
22354.3
22366.4
22523.5
22816.4
22854.1
22927.5
23028.6
23086.4
23087.212
23187.2
23286.5
23586.4
23683.5
23687.3
23898.4
24001.5
24086.6
24187.1
24759.4
24814.5
24883.6
24944.4
24945.212
25025.5
25045.2
25545.3
25606.6
25774.4
25806.5
25883.6
25990.4
26045.1
26125.5
26198.6
26263.4
26264.212
26364.2
26367.5
26864.3
27312.4
27364.1
27463.5
27538.6
27582.211
27582.4
27583.1
27732.5
27792.6
27856.4
27857.212
27937.5
27957.2
28307.4
28372.5
28457.3
28957.1
29146.4
29475.5
29563.6
29640.4
29641.212
29741.2
29751.5
30241.3
30320.4
30494.5
30696.4
30741.1
30829.5
30951.6
31027.4
31028.212
31128.2
31128.5
31628.3
31742.4
31791.5
32051.4
32101.5
32128.1
32177.6
32244.4
32245.212
32345.2
32350.5
32845.3
33345.1
33405.4
33471.5
33561.6
33639.4
33640.212
33730.5
33740.2
34240.3
34389.4
34463.5
34546.6
34673.4
34740.1
34875.5
35064.6
35112.211
35112.4
35113.1
35189.5
35238.4
35245.5
35316.6
35407.4
35408.212
35508.2
35570.5
35967.4
36008.3
36070.5
36282.4
36441.5
36508.1
36532.6
36573.211
36573.4
36574.1
36693.5
36769.6
36834.4
36835.212
36935.2
36936.5
37435.3
37569.4
37726.5
37871.6
37935.1
38023.4
38185.5
38259.6
38300.211
38300.4
38301.1
38378.5
38442.6
38523.4
38524.212
38624.2
38629.5
38805.4
38851.5
39124.3
39601.4
39624.1
39721.5
40096.4
40133.5
40202.6
40270.4
40271.212
40367.5
40371.2
40752.4
40823.5
40871.3
41154.4
41361.5
41371.1
41438.6
41495.4
41496.212
41595.5
41596.2
42096.3
42596.1
43287.6
43333.211
43333.4
43334.1
43402.5
43406.4
43408.5
43415.4
43436.5
43501.6
43563.4
43564.212
43664.2
43678.5
44164.3
44664.1
46587.4
46601.5
46692.6
46750.4
46751.212
46842.5
46851.2
47351.3
47599.4
47700.5
47851.1
47879.4
48035.5
48111.6
48157.211
48157.4
48158.1
48260.5
48269.4
48373.5
48449.6
48492.211
48492.4
48493.1
48560.5
48643.6
48728.4
48729.212
48822.5
48829.2
49212.4
49268.5
49329.3
49829.1
50210.6
50264.4
50265.212
50359.5
50365.2
50755.4
50833.5
50865.3
51270.6
51331.4
51365.1
51387.5
51456.6
51506.211
51506.4
51507.1
51571.5
51630.6
51708.4
51709.212
51795.5
51809.2
52309.3
52809.1
53195.4
53273.5
53354.6
53412.4
53413.212
53507.5
53513.2
54013.3
54513.1
55148.4
55173.5
55252.6
55310.4
55311.212
55400.5
55411.2
55911.3
56411.1
56648.4
56718.5
56799.6
56861.4
56862.212
56957.5
56962.2
57462.3
57714.4
57756.5
57841.6
57911.4
57962.1
58000.5
58064.6
58120.4
58121.212
58199.5
58221.2
58573.4
58630.5
58721.3
58888.4
58962.5
59221.1
59572.4
59687.5
59762.6
59798.211
59798.4
59799.1
59943.5
60022.6
60099.4
60100.212
60188.5
60200.2
60700.3
60755.4
60791.5
60799.4
60830.5
60908.6
60991.4
61148.5
61200.1
61227.6
61267.211
61267.4
61268.1
61418.5
61480.6
61566.4
61567.212
61667.2
61684.5
62167.3
62452.4
62485.5
62667.1
64186.6
64226.211
64226.4
64227.1
64285.5
64347.6
64400.4
64401.212
64501.2
64503.5
64609.4
64649.5
65001.3
65067.4
65307.5
65488.4
65501.1
65537.5
65623.6
65669.211
65669.4
65670.1
65738.5
65805.6
65874.4
65875.212
65975.2
65994.5
66475.3
66844.4
66942.5
66975.1
67009.6
67051.211
67051.4
67052.1
67236.5
67312.6
67378.4
67379.212
67479.2
67524.5
67591.6
67669.4
67728.5
67813.6
67915.4
67979.3
68040.5
68125.6
68197.4
68398.5
68472.6
68479.1
68524.4
68594.5
68670.6
68743.4
68744.212
68816.5
68844.2
69066.4
69176.5
69344.3
69844.1
69865.4
69905.5
69960.6
70020.4
70021.212
70095.5
70121.2
70511.4
70553.5
70621.3
71121.1
72012.4
72056.5
72122.6
72189.4
72190.212
72278.5
72290.2
72790.3
73290.1
73431.4
73448.5
73577.4
73686.5
73754.6
73816.4
73817.212
73917.2
73936.5
74365.4
74417.3
74420.5
74917.1
75100.4
75164.5
75721.4
75780.5
75865.6
75923.4
75924.212
76008.5
76024.2
76342.4
76524.3
76819.5
76823.4
76842.5
77024.1
77031.4
77206.5
77296.6
77346.211
77346.4
77347.1
77420.5
77511.6
77581.4
77582.212
77666.5
77682.2
78182.3
78682.1
78783.4
78834.5
79006.4
79058.5
79146.6
79213.4
79214.212
79303.5
79314.2
79590.4
79626.5
79814.3
80314.1
81299.4
81336.5
81394.6
81454.4
81455.212
81555.2
81591.5
82055.3
82555.1
83059.4
83126.5
83202.6
83254.4
83255.212
83355.2
83413.5
83414.4
83417.5
83427.4
83575.5
83855.3
84355.1
84409.4
84572.5
84748.4
84829.5
85046.4
85117.5
85186.6
85225.211
85225.4
85226.1
85304.5
85384.6
85482.4
85483.212
85561.5
85583.2
85809.4
85905.5
86083.3
86264.6
86382.4
86528.5
86583.1
86603.6
86648.211
86648.4
86649.1
86696.5
86768.6
86824.4
86825.212
86910.5
86925.2
87346.4
87382.5
87425.3
87666.4
87727.5
87925.1
87926.4
88068.5
88701.4
88741.5
88821.6
88882.4
88883.212
88983.2
89047.5
89266.4
89294.5
89483.3
89691.6
89763.4
89818.5
89900.6
89952.4
89983.1
90044.5
90132.6
90197.4
90198.212
90298.2
90308.5
90798.3
91298.1
92072.4
92134.5
92212.6
92252.211
92252.4
92253.1
92343.5
92409.6
92477.4
92478.212
92578.2
92598.5
93078.3
93578.1
94256.4
94320.5
94386.6
94427.211
94427.4
94428.1
94504.5
94578.6
94639.4
94640.212
94740.2
94772.5
95240.3
95740.1
95922.4
95945.5
96019.6
96083.4
96084.212
96165.5
96184.2
96684.3
97184.1
97571.4
97594.5
97692.6
97735.211
97735.4
97736.1
97796.5
97866.6
97984.4
97985.212
98083.5
98085.2
98585.3
99085.1
99728.4
99767.5
99829.6
99882.4
99883.212
99983.2
100066.5
100483.3
100983.1
101452.4
101473.5
101548.6
101602.4
101603.212
101703.2
101766.5
101902.4
102099.5
102203.3
102703.1
103450.4
103522.5
103595.6
103643.211
103643.4
103644.1
103717.5
103780.6
103847.4
103848.212
103948.2
104012.5
104448.3
104691.4
104713.5
104948.1
108718.6
108890.4
108891.212
108991.2
109128.5
109491.3
109991.1
110343.4
110355.5
110432.6
110473.211
110473.4
110474.1
110529.5
110608.6
110670.4
110671.212
110771.2
110897.5
111206.4
111211.5
111212.4
111271.3
111344.5
111771.1
111862.4
111891.5
111954.6
112013.4
112014.212
112114.2
112148.5
112614.3
113114.1
113267.4
113296.5
113365.6
113406.211
113406.4
113407.1
113547.5
113618.6
113659.211
113659.4
113660.1
113743.5
113831.6
113895.4
113896.212
113996.2
114018.5
114496.3
114996.1
116216.4
116239.5
116303.6
116360.4
116361.212
116447.5
116461.2
116961.3
117461.1
118975.4
118998.5
119166.4
119202.5
119304.6
119365.4
119366.212
119466.2
119629.5
119838.4
119966.3
120037.5
120466.1
120614.4
120658.5
120730.6
120767.6
120788.4
120789.212
120889.2
120903.5
121048.6
121389.3
121889.1
122803.6
122888.4
122889.212
122989.2
123115.5
123129.4
123166.5
123489.3
123989.1
124450.6
124530.4
124531.212
124624.5
124631.2
125131.3
125631.1
125833.6
125917.6
126132.6
127823.6
128582.6
130456.6
131614.6
132337.6
132402.4
132403.212
132503.2
132557.5
133003.3
133053.4
133159.5
133503.1
133550.4
133648.5
134498.4
134603.5
135029.4
135214.5
135863.4
135933.5
136018.6
136083.4
136084.212
136184.2
136281.5
136684.3
136824.4
136872.5
136943.4
137024.5
137134.4
137184.1
137314.5
137706.4
137837.5
139039.6
139156.4
139157.212
139257.2
139326.5
139757.3
140257.1
140595.4
140625.5
140694.6
140744.211
140744.4
140745.1
140844.5
140914.6
140971.4
140972.212
141072.2
141089.5
141572.3
142072.1
142754.4
142813.5
142817.4
142840.5
142903.6
142956.4
142957.212
143048.5
143057.2
143557.3
144057.1
144182.4
144230.5
144328.6
144377.211
144377.4
144378.1
144458.5
144527.6
144587.4
144588.212
144688.2
144693.5
145188.3
145688.1
146139.4
146176.5
146235.6
146271.211
146271.4
146272.1
146340.5
146406.6
146483.4
146484.212
146583.5
146584.2
147084.3
147584.1
148250.4
148285.5
148361.6
148435.4
148436.212
148536.2
148830.5
149036.3
149536.1
150355.4
150396.5
150478.6
150540.4
150541.212
150641.2
150707.5
150800.4
150842.5
151141.3
151158.4
151264.5
151641.1
151995.6
152194.6
152391.6
152447.4
152448.212
152548.2
152674.5
153048.3
153548.1
154129.4
154151.5
154223.6
154292.4
154293.212
154393.2
154442.5
154893.3
155393.1
156139.6
156195.4
156196.212
156296.2
156309.5
156796.3
157296.1
158914.6
158995.4
158996.212
159096.2
159141.5
159596.3
159975.6
160096.1
160443.6
160547.6
161081.6
161681.6
162329.4
162330.212
162430.2
162524.5
162528.4
162557.5
162930.3
162980.6
163430.1
168321.4
168385.5
168468.6
168522.4
168523.212
168623.2
168703.5
168704.4
168706.5
168892.4
169055.5
169123.3
169623.1
172422.6
172500.4
172501.212
172601.2
172697.5
172944.4
173024.5
173101.3
173601.1
176747.6
176841.4
176842.212
176917.5
176942.2
177442.3
180000.9
123456789
11
03
15
11
03
15
14
FI
2
6
10
48
34
11
21
34
6
2
1209
0
0
0
314159265
95
1
297
180000
314159265
0.1
412.6
489.4
490.212
580.5
590.2
1090.3
1112.4
1335.5
1522.4
1585.5
1590.1
1704.4
1774.5
1963.6
2030.4
2031.212
2125.5
2131.2
2631.3
3131.1
3299.4
3359.5
3432.6
3506.4
3507.212
3579.5
3580.4
3607.2
3634.5
3870.4
3941.5
4022.4
4107.3
4166.5
4513.4
4595.5
4607.1
4674.6
4753.4
4754.212
4840.5
4854.2
5123.4
5205.5
5354.3
5490.4
5572.5
5656.6
5805.4
5854.1
5884.5
5963.6
6077.4
6078.212
6178.2
6207.5
6377.4
6442.5
6678.3
6879.6
7006.4
7115.5
7165.6
7178.1
7302.4
7540.5
7604.6
7669.4
7670.212
7760.5
7770.2
8270.3
8405.4
8566.5
8572.4
8608.5
8770.1
8881.6
8962.4
8963.212
9063.2
9075.5
9143.4
9201.5
9563.3
9722.4
9840.5
9943.6
10063.1
10129.4
10329.5
10387.6
10473.4
10474.212
10574.2
10589.5
10924.4
11074.3
11101.5
11105.4
11106.5
11378.4
11517.5
11574.1
11601.6
11669.4
11670.212
11759.5
11770.2
12270.3
12639.4
12762.5
12770.1
13049.4
13274.5
13355.6
13413.4
13414.212
13498.5
13514.2
14014.3
14140.4
14266.5
14514.1
14612.4
14750.5
14851.6
14905.4
14906.212
15006.2
15033.5
15506.3
15687.4
15940.5
16006.1
16163.4
16244.5
16373.6
16445.4
16446.212
16546.2
16566.5
16900.4
17046.3
17118.5
17211.6
17372.4
17546.1
17555.5
17636.6
17684.211
17684.4
17685.1
17823.5
17923.6
18000.4
18001.212
18101.2
18102.5
18601.3
19101.1
19202.4
19209.5
19301.6
19390.4
19391.212
19491.2
19506.5
19991.3
20491.1
20556.6
20650.4
20651.212
20751.2
20875.5
21251.3
21677.4
21751.1
21838.5
22277.4
22330.5
22420.6
22476.4
22477.212
22576.5
22577.2
23077.3
23577.1
23581.6
23669.4
23670.212
23770.2
23776.5
24200.4
24270.3
24299.5
24536.4
24647.5
24739.6
24770.1
24820.4
24938.5
25006.6
25078.4
25079.212
25179.2
25204.5
25679.3
26064.4
26179.1
26596.5
26843.4
26909.5
26999.6
27058.4
27059.212
27159.2
27193.5
27659.3
28101.4
28156.5
28159.1
28405.4
28515.5
28593.6
28641.211
28641.4
28642.1
28785.5
28863.6
28938.4
28939.212
29039.2
29051.5
29539.3
29706.4
30039.1
30082.5
30236.4
30347.5
30534.4
30711.5
30804.6
30887.4
30888.212
30986.5
30988.2
31278.4
31451.5
31488.3
31728.6
31880.4
31988.1
32176.5
32263.6
32306.211
32306.4
32307.1
32423.5
32537.6
32618.4
32619.212
32719.2
32721.5
33219.3
33240.4
33365.5
33595.4
33659.5
33719.1
35262.6
35327.4
35328.212
35428.2
35438.5
35928.3
36259.4
36297.5
36389.6
36428.1
36492.4
36549.5
36626.6
36710.4
36711.212
36811.2
36815.5
37311.3
37811.1
37999.4
38115.5
38216.6
38274.4
38275.212
38359.5
38375.2
38799.4
38875.3
38966.5
39014.4
39159.5
39290.6
39361.4
39375.1
39424.5
39498.6
39566.4
39567.212
39644.5
39667.2
40066.4
40120.5
40167.3
40667.1
40698.4
40738.5
40845.6
40900.4
40901.212
41001.2
41010.5
41372.4
41501.3
41675.5
41814.6
41904.4
42001.1
42016.5
42079.6
42140.4
42141.212
42241.2
42241.5
42741.3
43241.1
43700.4
43725.5
43819.6
43890.4
43891.212
43991.2
44016.5
44491.3
44858.4
44970.5
44991.1
45183.4
45222.5
45297.6
45354.4
45355.212
45454.5
45455.2
45955.3
46152.4
46288.5
46455.1
46514.4
46628.5
46723.6
46765.211
46765.4
46766.1
46886.5
46980.6
47060.4
47061.212
47161.2
47320.5
47424.6
47548.4
47569.5
47643.6
47661.3
47745.4
47884.5
47960.6
48061.4
48134.5
48161.1
48248.6
48338.4
48339.212
48439.2
48450.5
48939.3
49439.1
49541.4
49700.5
49794.6
49848.4
49849.212
49942.5
49949.2
50280.4
50338.5
50406.4
50449.3
50504.5
50858.4
50927.5
50949.1
51013.6
51060.211
51060.4
51061.1
51155.5
51224.6
51278.4
51279.212
51364.5
51379.2
51879.3
51935.4
52127.5
52379.1
52450.4
52465.5
52565.6
52616.4
52617.212
52717.2
52718.5
53217.3
53302.4
53572.5
53717.1
53781.4
53806.5
53908.6
53965.4
53966.212
54066.2
54085.5
54566.3
54778.4
54841.5
55066.1
55089.4
55269.5
55356.6
55407.4
55408.212
55508.2
55526.5
56008.3
56138.4
56253.5
56508.1
56841.6
56895.4
56896.212
56984.5
56996.2
57496.3
57996.1
58016.6
58082.4
58083.212
58161.5
58183.2
58539.4
58627.5
58683.3
59183.1
59266.4
59366.5
59445.6
59482.211
59482.4
59483.1
59558.5
59625.6
59671.211
59671.4
59672.1
59764.5
59849.6
59908.4
59909.212
60007.5
60009.2
60446.4
60509.3
60536.5
61009.1
61094.6
61144.211
61144.4
61145.1
61191.5
61263.6
61315.4
61316.212
61416.2
61424.5
61576.4
61679.5
61916.3
62394.4
62416.1
62426.5
62431.4
62624.5
63048.4
63068.5
63154.6
63214.4
63215.212
63310.5
63315.2
63803.4
63815.3
63839.5
63923.6
64051.4
64070.5
64144.6
64315.1
64347.4
64414.5
64494.6
64562.4
64563.212
64648.5
64663.2
65163.3
65376.4
65436.5
65640.4
65663.1
65678.5
65799.6
65860.4
65861.212
65948.5
65961.2
66304.4
66429.5
66461.3
66544.4
66553.5
66559.4
66639.5
66739.4
66824.5
66961.1
67005.4
67082.5
67187.6
67227.211
67227.4
67228.1
67325.5
67437.6
67502.4
67503.212
67602.5
67603.2
68103.3
68603.1
68745.4
68756.5
68827.6
68896.4
68897.212
68997.2
68997.5
69497.3
69777.6
69873.4
69921.5
69997.1
70001.6
70039.211
70039.4
70040.1
70137.5
70201.6
70274.4
70275.212
70356.5
70375.2
70555.4
70610.5
70875.3
71109.4
71200.5
71375.1
72196.6
72250.4
72251.212
72335.5
72351.2
72594.4
72653.5
72749.4
72812.5
72851.3
73351.1
73578.6
73647.4
73648.212
73748.2
73760.5
74248.3
74544.6
74748.1
74792.6
74838.211
74838.4
74839.1
74878.5
74970.6
75011.211
75011.4
75012.1
75182.5
75274.6
75318.211
75318.4
75319.1
75369.5
75462.6
75530.4
75531.212
75613.5
75631.2
76131.3
76240.4
76292.5
76412.4
76480.5
76631.1
77239.4
77269.5
77350.6
77401.4
77402.212
77487.5
77502.2
78002.3
78502.1
78738.4
78781.5
78854.6
78904.211
78904.4
78905.1
79079.5
79156.6
79214.4
79215.212
79310.5
79315.2
79761.4
79815.3
79876.5
79941.4
80272.5
80315.1
80429.4
80503.5
80610.6
80674.4
80675.212
80775.2
80790.5
81177.4
81268.5
81275.3
81550.4
81602.5
81716.6
81775.1
81804.4
81856.5
81965.6
82021.4
82022.212
82097.5
82122.2
82543.4
82622.3
82654.5
83122.1
84064.4
84091.5
84153.6
84205.4
84206.212
84306.2
84314.5
84806.3
85144.6
85306.1
85391.4
85403.5
85469.6
85570.4
85571.212
85671.2
85682.5
86171.3
86308.6
86400.4
86453.5
86547.6
86671.1
86685.4
86721.5
86806.6
86867.4
86868.212
86959.5
86968.2
87468.3
87564.4
87682.5
87968.1
88182.4
88198.5
88269.6
88331.4
88332.212
88432.2
88459.5
88932.3
89432.1
89855.4
89901.5
89998.6
90052.4
90053.212
90153.2
90174.5
90653.3
90739.4
90813.5
91062.4
91153.1
91745.5
91835.6
91881.211
91881.4
91882.1
91939.5
92002.6
92055.4
92056.212
92156.2
92204.5
92275.6
92371.4
92387.5
92453.6
92600.4
92626.5
92656.3
92699.6
92820.6
92934.4
93018.5
93074.6
93156.1
93174.4
93256.5
93317.6
93377.4
93378.212
93454.5
93478.2
93888.4
93948.5
93978.3
94430.4
94478.1
94521.5
95004.4
95013.5
95088.6
95143.4
95144.212
95230.5
95244.2
95744.3
96244.1
99178.6
99252.4
99253.212
99322.5
99353.2
99853.3
99858.4
100130.5
100353.1
100432.4
100474.5
100550.6
100601.4
100602.212
100702.2
100828.5
101114.4
101202.3
101284.5
101702.1
101892.4
101922.5
102001.6
102058.4
102059.212
102151.5
102159.2
102659.3
102884.6
103030.4
103131.5
103159.1
103221.6
103257.211
103257.4
103258.1
103342.5
103409.6
103453.211
103453.4
103454.1
103527.5
103595.6
103663.4
103664.212
103755.5
103764.2
104264.3
104764.1
105115.6
105151.211
105151.4
105152.1
105218.5
105303.6
105344.211
105344.4
105345.1
105392.5
105476.6
105529.4
105530.212
105630.2
105641.5
106130.3
106173.4
106298.5
106630.1
107021.4
107064.5
107136.6
107186.211
107186.4
107187.1
107311.5
107384.6
107456.4
107457.212
107549.5
107557.2
108057.3
108557.1
108901.4
109049.5
109136.6
109177.211
109177.4
109178.1
109247.5
109320.6
109375.4
109376.212
109465.5
109476.2
109976.3
110306.4
110352.5
110476.1
110885.6
110923.211
110923.4
110924.1
110955.5
111087.4
111158.5
111231.6
111326.4
111327.212
111414.5
111427.2
111927.3
112427.1
113940.6
113989.211
113989.4
113990.1
114078.5
114154.6
114203.211
114203.4
114204.1
114261.5
114322.6
114379.4
114380.212
114461.5
114480.2
114980.3
115480.1
115984.4
116058.5
116149.6
116202.4
116203.212
116285.5
116303.2
116803.3
117303.1
117943.4
117986.5
118123.6
118170.211
118170.4
118171.1
118216.5
118314.6
118371.4
118372.212
118464.5
118472.2
118972.3
119472.1
119970.6
120137.4
120138.212
120215.5
120238.2
120570.4
120720.5
120738.3
120965.4
120974.5
121113.4
121238.1
121356.5
121477.6
121521.211
121521.4
121522.1
121651.5
121719.6
121765.211
121765.4
121766.1
121897.5
121965.6
122018.4
122019.212
122110.5
122119.2
122619.3
123119.1
123168.4
123201.5
123284.6
123349.4
123350.212
123442.5
123450.2
123950.3
124450.1
124765.4
124786.5
124885.6
124947.4
124948.212
125030.5
125048.2
125548.3
125624.4
125827.5
126048.1
126163.4
126226.5
126313.6
126369.4
126370.212
126470.2
126496.5
126907.4
126908.5
126922.4
126970.3
127051.5
127470.1
127703.4
127715.5
127864.4
127928.5
128001.6
128051.211
128051.4
128052.1
128162.5
128243.6
128297.4
128298.212
128373.5
128398.2
128832.4
128898.3
128944.5
129398.1
129759.4
129788.5
129861.6
129919.4
129920.212
130020.2
130042.5
130296.4
130364.5
130520.3
131020.1
131374.4
131440.5
131541.6
131585.211
131585.4
131586.1
131711.5
131802.6
131861.4
131862.212
131940.5
131962.2
132311.4
132380.5
132462.3
132810.8
132962.1
133046.4
133052.5
133777.4
133803.5
133881.6
133945.4
133946.212
134042.5
134046.2
134546.3
135046.1
135894.4
135911.5
135978.6
136018.211
136018.4
136019.1
136081.5
136149.6
136190.211
136190.4
136191.1
136244.5
136303.6
136374.4
136375.212
136475.2
136501.5
136975.3
137475.1
137906.4
137907.5
137999.6
138052.4
138053.212
138150.5
138153.2
138653.3
139017.4
139026.5
139153.1
140081.4
140093.5
140161.6
140211.211
140211.4
140212.1
140273.5
140342.6
140445.4
140446.212
140528.5
140546.2
141046.3
141546.1
141867.4
141875.5
141941.6
141988.211
141988.4
141989.1
142037.5
142112.6
142171.4
142172.212
142255.5
142272.2
142772.3
143272.1
143849.4
143927.5
143996.6
144043.211
144043.4
144044.1
144126.5
144195.6
144258.4
144259.212
144354.5
144359.2
144824.4
144859.3
145209.5
145359.1
146000.4
146016.5
146099.6
146154.4
146155.212
146255.2
146631.5
146755.3
147172.4
147255.1
147360.5
148522.6
148655.4
148656.212
148756.2
148947.5
149256.3
149756.1
151775.6
151829.4
151830.212
151930.2
151932.5
152430.3
152930.1
157041.6
158180.6
158204.6
158257.4
158258.212
158358.2
158394.5
158630.4
158727.5
158858.3
158928.4
159108.5
159358.1
159978.4
160093.5
161522.6
161609.4
161610.212
161710.2
161783.5
162210.3
162710.1
164494.6
164631.6
164711.4
164712.212
164808.5
164812.2
165278.6
165308.6
165312.3
165812.1
170292.6
170976.6
171194.4
171195.212
171295.2
171320.5
171795.3
172295.1
174896.6
175266.6
176259.4
176260.212
176360.2
176414.5
176860.3
180000.9
123456789
11
04
15
11
04
15
14
FI
2
6
10
47
01
11
20
01
6
2
1474
0
0
0
314159265
108
0
379
180000
314159265
0.1
18.4
124.5
509.6
588.4
589.212
682.5
689.2
1189.3
1322.4
1397.5
1663.4
1669.5
1689.1
1800.6
1877.4
1878.212
1946.5
1978.2
2441.4
2478.3
2581.5
2888.4
2939.5
2978.1
3043.6
3114.4
3115.212
3201.5
3215.2
3715.3
4215.1
4317.4
4376.5
4454.6
4510.4
4511.212
4609.5
4611.2
5079.4
5081.5
5082.4
5111.3
5115.5
5353.4
5399.5
5404.4
5469.5
5550.6
5611.1
5654.4
5709.5
5789.6
5853.4
5854.212
5954.2
5958.5
6273.4
6298.5
6454.3
6730.6
6915.4
6922.5
6954.1
7059.6
7157.4
7158.212
7258.2
7297.5
7464.4
7627.5
7758.3
8258.1
8582.4
8612.5
8680.6
8736.4
8737.212
8837.2
8840.5
8985.4
9038.5
9337.3
9837.1
9903.4
10011.5
10094.6
10146.4
10147.212
10247.2
10270.5
10747.3
11247.1
11385.4
11563.5
11639.6
11682.211
11682.4
11683.1
11752.5
11810.6
11879.4
11880.212
11980.2
11990.5
12145.4
12244.5
12480.3
12816.4
12980.1
13023.5
13128.6
13217.4
13218.212
13309.5
13318.2
13522.4
13613.5
13818.3
14012.6
14067.4
14104.5
14179.6
14318.1
14318.4
14378.5
14460.6
14536.4
14537.212
14637.2
14639.5
15137.3
15153.4
15446.5
15637.1
15737.4
15765.5
15831.6
15881.211
15881.4
15882.1
15935.5
15999.6
16066.4
16067.212
16152.5
16167.2
16216.4
16388.5
16667.3
17167.1
17359.4
17451.5
17537.6
17622.4
17623.212
17719.5
17723.2
17957.4
17981.5
18223.3
18622.4
18650.5
18723.1
18734.6
18791.4
18792.212
18879.5
18892.2
18972.4
19132.5
19240.6
19327.4
19356.5
19392.3
19420.6
19892.1
20099.6
20149.211
20149.4
20150.1
20191.5
20300.6
20355.4
20356.212
20357.5
20358.4
20432.5
20456.2
20956.3
21456.1
21597.6
21646.211
21646.4
21647.1
21676.5
21735.6
21804.4
21805.212
21905.2
21932.5
22257.4
22353.5
22405.3
22662.4
22678.5
22758.6
22905.1
22984.4
23015.5
23086.6
23150.4
23151.212
23237.5
23251.2
23484.4
23522.5
23536.4
23619.5
23751.3
23958.4
24138.5
24216.6
24251.1
24297.4
24547.5
24619.6
24671.4
24672.212
24772.2
24781.5
24855.4
24891.5
25272.3
25418.4
25536.5
25772.1
25904.4
26031.5
26138.6
26197.4
26198.212
26298.2
26654.5
26742.6
26798.3
26810.4
26935.5
27003.6
27156.4
27298.1
27373.5
27454.6
27498.211
27498.4
27499.1
27645.5
27704.6
27757.4
27758.212
27858.2
27858.5
28162.4
28284.5
28358.3
28761.6
28805.4
28825.5
28858.1
28902.6
28943.211
28943.4
28944.1
29051.5
29110.6
29183.4
29184.212
29259.5
29284.2
29784.3
29870.4
29926.5
30057.4
30284.1
30308.5
30398.4
30512.5
30682.4
30733.5
30814.6
30869.4
30870.212
30970.2
31006.5
31313.4
31362.5
31470.3
31733.6
31863.4
31910.5
31970.1
32026.6
32045.6
32120.4
32121.212
32221.2
32222.5
32695.4
32721.3
32900.5
33180.4
33221.1
33313.5
33394.6
33455.4
33456.212
33541.5
33556.2
33937.4
33989.5
34056.3
34347.4
34556.1
34664.5
34902.4
34971.5
35135.4
35175.5
35256.6
35313.4
35314.212
35404.5
35414.2
35914.3
36239.4
36317.5
36414.1
36553.4
36651.5
36940.4
37023.5
37102.6
37156.4
37157.212
37257.2
37277.5
37757.3
38257.1
38410.6
38474.4
38475.212
38566.5
38575.2
38875.4
38918.5
39075.3
39259.4
39293.5
39412.6
39485.4
39543.5
39575.1
39603.6
39654.4
39655.212
39755.2
39782.5
40255.3
40755.1
40755.4
40878.5
40974.6
41036.4
41037.212
41117.5
41137.2
41614.4
41637.3
41669.5
41751.4
41874.5
42137.1
42182.4
42288.5
42374.6
42423.211
42423.4
42424.1
42505.5
42591.6
42642.4
42643.212
42732.5
42743.2
43243.3
43743.1
43988.4
44014.5
44449.4
44465.5
44527.6
44575.211
44575.4
44576.1
44696.5
44776.6
44830.4
44831.212
44930.5
44931.2
45431.3
45508.4
45514.5
45931.1
46134.4
46152.5
46228.6
46286.4
46287.212
46386.5
46387.2
46887.3
47142.4
47161.5
47237.6
47364.4
47387.1
47436.5
47498.6
47541.211
47541.4
47542.1
47709.5
47784.6
47829.211
47829.4
47830.1
47983.5
48063.6
48111.211
48111.4
48112.1
48163.5
48221.6
48274.4
48275.212
48375.2
48389.5
48875.3
49375.1
49681.4
49705.5
49795.6
49854.4
49855.212
49936.5
49955.2
50191.4
50194.5
50196.4
50283.5
50455.3
50687.6
50796.4
50834.5
50910.6
50955.1
50996.4
51129.5
51202.6
51256.4
51257.212
51357.2
51365.5
51857.3
52148.4
52183.5
52357.1
52452.4
52491.5
52580.6
52633.4
52634.212
52722.5
52734.2
53234.3
53289.4
53472.5
53734.1
54086.4
54098.5
54177.6
54224.211
54224.4
54225.1
54285.5
54343.6
54406.4
54407.212
54507.2
54511.5
55007.3
55392.4
55419.5
55507.1
55632.4
55643.5
55727.6
55766.211
55766.4
55767.1
55871.5
55946.6
55998.4
55999.212
56082.5
56099.2
56597.4
56599.3
56662.5
56921.4
57037.5
57099.1
57295.4
57374.5
57574.4
57592.5
57678.6
57742.4
57743.212
57825.5
57843.2
58305.4
58343.3
58359.5
58563.4
58646.5
58843.1
59350.6
59399.211
59399.4
59400.1
59458.5
59530.6
59588.4
59589.212
59673.5
59689.2
60189.3
60323.4
60349.5
60689.1
60973.4
61006.5
61091.6
61145.4
61146.212
61236.5
61246.2
61746.3
62246.1
63039.6
63087.211
63087.4
63088.1
63122.5
63199.6
63254.4
63255.212
63344.5
63355.2
63855.3
64355.1
64672.4
64690.5
64803.6
64855.4
64856.212
64956.2
64982.5
65416.4
65430.5
65456.3
65956.1
66160.4
66246.5
66317.6
66364.211
66364.4
66365.1
66513.5
66581.6
66634.4
66635.212
66711.5
66735.2
66926.4
67235.3
67348.5
67669.4
67735.1
67748.5
67832.6
67891.4
67892.212
67962.5
67992.2
68345.4
68492.3
68633.5
68640.4
68643.5
68992.1
69032.4
69086.5
69173.6
69224.4
69225.212
69305.5
69325.2
69825.3
69956.4
70018.5
70281.4
70325.1
70405.5
70701.4
70752.5
70829.6
70872.211
70872.4
70873.1
70932.5
71001.6
71045.211
71045.4
71046.1
71170.5
71256.6
71309.4
71310.212
71391.5
71410.2
71756.4
71779.5
71910.3
72179.4
72212.5
72302.4
72341.5
72410.1
72439.6
72500.4
72501.212
72601.2
72615.5
73101.3
73280.4
73311.5
73476.6
73601.1
73675.4
73707.5
73801.6
73851.211
73851.4
73852.1
73964.5
74046.6
74095.211
74095.4
74096.1
74163.5
74242.6
74308.4
74309.212
74408.5
74409.2
74750.4
74836.5
74909.3
75207.4
75208.5
75276.6
75409.1
75463.4
75537.5
75612.6
75666.4
75667.212
75735.5
75767.2
76218.4
76252.5
76267.3
76287.4
76292.5
76637.4
76728.5
76767.1
76820.6
76863.211
76863.4
76864.1
76914.5
76981.6
77028.211
77028.4
77029.1
77107.5
77183.6
77262.4
77263.212
77363.2
77395.5
77863.3
78339.4
78363.1
78461.5
78555.6
78607.4
78608.212
78708.2
78722.5
79208.3
79333.4
79441.5
79708.1
79721.6
79759.211
79759.4
79760.1
79788.5
79880.6
79937.4
79938.212
80038.2
80069.5
80527.4
80538.3
80628.5
80776.4
80823.5
81038.1
81405.6
81448.211
81448.4
81449.1
81531.5
81619.6
81672.4
81673.212
81764.5
81773.2
82181.4
82273.3
82305.5
82773.1
83413.6
83521.4
83522.212
83620.5
83622.2
84122.3
84622.1
84961.6
85005.211
85005.4
85006.1
85025.5
85106.6
85171.4
85172.212
85272.2
85300.5
85301.4
85302.5
85772.3
86272.1
86550.6
86564.6
86634.4
86635.212
86735.2
86741.5
87145.4
87153.5
87235.3
87461.6
87537.4
87568.5
87634.6
87702.4
87735.1
87770.5
87834.6
87874.211
87874.4
87875.1
87993.5
88060.6
88128.4
88129.212
88229.2
88261.5
88729.3
89229.1
90736.4
90757.5
90856.6
90941.4
90942.212
91030.5
91042.2
91542.3
91701.4
91750.5
92042.1
93395.6
93464.4
93465.212
93540.5
93565.2
94065.3
94565.1
94973.6
95039.4
95040.212
95140.2
95154.5
95589.4
95625.5
95640.3
96140.1
96279.4
96283.5
96388.6
96438.211
96438.4
96439.1
96630.5
96707.6
96755.211
96755.4
96756.1
96843.5
96912.6
96959.211
96959.4
96960.1
97088.5
97158.6
97220.4
97221.212
97302.5
97321.2
97821.3
98321.1
98915.6
99004.4
99005.212
99105.2
99126.5
99605.3
99662.4
99748.5
100105.1
100329.4
100383.5
100475.6
100532.4
100533.212
100623.5
100633.2
101133.3
101361.4
101372.5
101633.1
101975.4
101977.5
102060.6
102111.4
102112.212
102192.5
102212.2
102425.4
102447.5
102469.4
102515.5
102712.3
102988.4
102996.5
103069.6
103139.4
103167.5
103212.1
103242.6
103289.211
103289.4
103290.1
103351.5
103355.4
103359.5
103429.6
103474.211
103474.4
103475.1
103552.5
103631.6
103686.4
103687.212
103768.5
103787.2
104287.3
104787.1
105050.6
105105.4
105106.212
105177.5
105206.2
105604.4
105706.3
105709.5
105913.4
105955.5
106054.6
106132.4
106147.5
106206.1
106230.6
106313.4
106314.212
106400.5
106414.2
106669.4
106914.3
106987.5
107093.4
107414.1
107583.5
107695.6
107750.4
107751.212
107851.2
107864.5
108265.4
108330.5
108351.3
108851.1
109121.4
109254.5
109298.4
109459.5
109677.4
109746.5
109835.6
109888.4
109889.212
109989.2
109990.5
110279.4
110460.5
110482.4
110489.3
110581.5
110834.4
110897.5
110975.6
110989.1
111032.4
111077.5
111152.6
111194.211
111194.4
111195.1
111269.5
111332.6
111381.211
111381.4
111382.1
111449.5
111515.6
111571.4
111572.212
111654.5
111672.2
112073.4
112172.3
112182.5
112654.4
112671.5
112672.1
112748.6
112814.4
112815.212
112896.5
112915.2
113415.3
113526.4
113692.5
113915.1
113945.4
113975.5
114071.6
114129.4
114130.212
114220.5
114230.2
114503.4
114702.5
114730.3
115128.4
115179.5
115230.1
115261.6
115306.211
115306.4
115307.1
115340.5
115540.4
115589.5
115653.6
115712.4
115713.212
115813.2
115828.5
116208.4
116265.5
116313.3
116786.4
116813.1
117127.5
117356.4
117403.5
117540.4
117615.5
117681.6
117737.4
117738.212
117821.5
117838.2
118338.3
118405.4
118406.5
118408.4
118626.5
118818.4
118838.1
118845.5
118969.6
119030.4
119031.212
119131.2
119141.5
119459.4
119556.5
119631.3
120131.1
120181.4
120196.5
120275.6
120334.4
120335.212
120413.5
120435.2
120935.3
121435.1
122430.4
122498.5
122653.4
122717.5
122785.6
122842.4
122843.212
122926.5
122943.2
123415.4
123422.5
123432.4
123443.3
123493.5
123943.1
123999.4
124100.5
124177.6
124220.211
124220.4
124221.1
124298.5
124378.6
124430.4
124431.212
124507.5
124531.2
125031.3
125531.1
125561.4
125585.5
128394.6
128447.4
128448.212
128523.5
128548.2
129042.4
129048.3
129162.5
129302.4
129322.5
129548.1
130205.6
130250.211
130250.4
130251.1
130308.5
130375.6
130424.211
130424.4
130425.1
130484.5
130550.6
130600.211
130600.4
130601.1
130680.5
130746.6
130822.4
130823.212
130894.5
130923.2
131347.4
131423.3
131579.5
131857.4
131923.1
131939.5
132031.6
132082.4
132083.212
132183.2
132234.5
132658.4
132683.3
132789.5
132979.4
133065.5
133138.6
133183.1
133228.4
133332.5
133418.6
133472.4
133473.212
133558.5
133573.2
134073.3
134573.1
135009.4
135045.5
135138.6
135184.211
135184.4
135185.1
135232.5
135299.6
135340.211
135340.4
135341.1
135418.5
135482.6
135542.4
135543.212
135624.5
135643.2
136143.3
136643.1
137048.4
137056.5
137138.6
137198.4
137199.212
137299.2
137324.5
137660.4
137727.5
137799.3
138299.1
138850.4
138889.5
139017.4
139048.5
139057.4
139058.5
139202.6
139301.4
139302.212
139390.5
139402.2
139902.3
140402.1
140902.6
140957.4
140958.212
141058.2
141081.5
141558.3
142058.1
142338.6
142396.4
142397.212
142497.2
142511.5
142997.3
143345.4
143348.5
143350.4
143369.5
143374.4
143438.5
143497.1
143924.4
143940.5
144111.4
144127.5
144278.4
144348.5
144412.6
144466.4
144467.212
144554.5
144567.2
145067.3
145567.1
146192.6
146282.4
146283.212
146374.5
146383.2
146883.3
147383.1
147548.4
147577.5
147659.6
147703.211
147703.4
147704.1
147770.5
147830.6
147867.211
147867.4
147868.1
147942.5
148012.6
148070.4
148071.212
148171.2
148210.5
148671.3
149171.1
149507.4
149525.5
149604.6
149660.4
149661.212
149759.5
149761.2
149952.4
150018.5
150261.3
150761.1
151019.4
151041.5
151144.6
151207.4
151208.212
151299.5
151308.2
151808.3
152308.1
152992.6
153072.4
153073.212
153143.5
153173.2
153563.4
153673.3
153706.5
154173.1
154192.4
154228.5
154324.6
154388.4
154389.212
154467.5
154489.2
154725.4
154816.5
154854.4
154880.5
154881.4
154958.5
154989.3
155489.1
155585.4
155600.5
155677.6
155730.4
155731.212
155830.5
155831.2
156331.3
156831.1
157097.4
157109.5
157189.6
157237.211
157237.4
157238.1
157315.5
157370.6
157424.4
157425.212
157491.5
157525.2
158025.3
158525.1
159026.4
159028.5
159116.6
159164.211
159164.4
159165.1
159224.5
159293.6
159403.4
159404.212
159492.5
159504.2
159858.4
159924.5
160004.3
160504.1
160996.4
161014.5
161108.6
161158.211
161158.4
161159.1
161219.5
161298.6
161349.4
161350.212
161428.5
161450.2
161950.3
162450.1
162870.4
162895.5
162980.6
163037.4
163038.212
163138.2
163145.5
163394.4
163409.5
163638.3
164138.1
164943.4
164961.5
165051.6
165116.4
165117.212
165201.5
165217.2
165717.3
166217.1
166992.4
167000.5
167082.6
167138.4
167139.212
167216.5
167239.2
167739.3
167754.4
167847.5
167972.4
168068.5
168239.1
168677.4
168723.5
168838.6
168901.4
168902.212
168982.5
169002.2
169502.3
170002.1
170413.4
170464.5
170544.6
170586.211
170586.4
170587.1
170635.5
170694.6
170759.4
170760.212
170852.5
170860.2
171360.3
171406.4
171478.5
171740.4
171769.5
171860.1
171990.4
172146.5
172308.4
172368.5
172473.6
172523.211
172523.4
172524.1
172597.5
172663.6
172711.211
172711.4
172712.1
172828.5
172830.4
172854.5
172957.6
173004.211
173004.4
173005.1
173070.5
173183.4
173215.5
173277.6
173359.4
173360.212
173431.5
173460.2
173908.4
173960.3
174093.5
174460.1
175038.4
175052.5
175137.6
175209.4
175210.212
175286.5
175310.2
175810.3
176310.1
176633.4
176652.5
176754.6
176817.4
176818.212
176899.5
176918.2
177418.3
177918.1
178242.6
178298.4
178299.212
178399.2
178405.5
178899.3
180000.9
123456789
11
05
15
11
05
15
14
FI
2
6
10
48
31
11
21
31
6
2
1166
0
0
0
314159265
103
0
262
180000
314159265
0.1
464.6
525.4
526.212
626.2
649.5
955.4
1035.5
1126.3
1513.6
1626.1
1720.4
1759.5
1817.6
1896.4
1897.212
1992.5
1997.2
2497.3
2691.4
2901.5
2997.1
3174.4
3264.5
3432.6
3495.4
3496.212
3596.2
3600.5
4096.3
4437.6
4596.1
4953.6
5013.4
5014.212
5084.5
5114.2
5614.3
5755.4
5782.5
5793.4
5820.5
5901.6
5994.4
6114.1
6146.5
6233.6
6288.4
6289.212
6389.2
6421.5
6813.4
6889.3
6915.5
7389.1
7408.6
7478.4
7479.212
7576.5
7579.2
8046.4
8079.3
8152.5
8371.4
8471.5
8579.1
8927.6
8976.211
8976.4
8977.1
9049.5
9111.6
9168.4
9169.212
9264.5
9269.2
9769.3
10180.6
10269.1
10643.6
10695.4
10696.212
10769.5
10796.2
11296.3
11796.1
11883.4
12007.5
12105.6
12158.4
12159.212
12253.5
12259.2
12759.3
12894.4
12931.5
13259.1
13407.4
13464.5
13557.6
13613.4
13614.212
13714.2
13752.5
14214.3
14297.4
14531.5
14642.6
14714.1
15171.6
15225.4
15226.212
15316.5
15326.2
15826.3
16111.4
16144.5
16265.6
16326.1
16622.4
16660.5
16750.6
16812.4
16813.212
16891.5
16913.2
17413.3
17565.4
17588.5
17860.4
17913.1
18039.5
18145.6
18197.4
18198.212
18298.2
18299.5
18798.3
19298.1
19313.4
19345.5
19460.6
19516.4
19517.212
19617.2
19647.5
20117.3
20501.6
20617.1
21071.6
21131.4
21132.212
21232.2
21260.5
21732.3
22232.1
22333.4
22414.5
22520.6
22573.4
22574.212
22667.5
22674.2
23018.4
23021.5
23024.4
23092.5
23174.3
23661.4
23674.1
23691.5
23791.6
23855.4
23856.212
23956.2
23993.5
24456.3
24512.4
24618.5
24956.1
25089.4
25134.5
25238.6
25300.4
25301.212
25397.5
25401.2
25786.4
25901.3
25955.5
26139.4
26216.5
26289.4
26331.5
26401.1
26791.6
26842.4
26843.212
26928.5
26943.2
27217.4
27294.5
27443.3
27943.1
28087.4
28099.5
28211.6
28279.4
28280.212
28361.5
28380.2
28754.4
28880.3
28970.5
29380.1
29414.4
29492.5
29605.6
29673.4
29674.212
29765.5
29774.2
30110.4
30213.5
30274.3
30606.4
30773.5
30774.1
30949.6
31001.4
31002.212
31102.2
31171.5
31602.3
31677.4
31769.5
31772.4
31836.5
31972.4
32102.1
32145.5
32276.6
32331.4
32332.212
32419.5
32432.2
32494.4
32550.5
32932.3
33432.1
33455.4
33538.5
33913.4
33915.5
34000.6
34051.4
34052.212
34133.5
34152.2
34652.3
35033.4
35152.1
35158.5
35295.6
35354.4
35355.212
35455.2
35456.5
35928.4
35955.3
36110.5
36384.4
36402.5
36455.1
36513.6
36579.4
36580.212
36651.5
36680.2
37023.4
37127.5
37180.3
37270.6
37451.4
37513.5
37625.6
37680.1
37713.4
37756.5
37826.6
37876.211
37876.4
37877.1
38004.5
38071.6
38119.211
38119.4
38120.1
38258.5
38365.6
38427.4
38428.212
38512.5
38528.2
39028.3
39528.1
39936.6
39984.211
39984.4
39985.1
40136.5
40242.6
40300.4
40301.212
40378.5
40401.2
40901.3
41069.4
41109.5
41401.1
42640.6
42694.4
42695.212
42774.5
42795.2
43295.3
43458.4
43482.5
43597.6
43767.4
43776.5
43795.1
43894.6
43964.4
43965.212
44049.5
44065.2
44565.3
45065.1
45614.4
45661.5
45750.6
45808.4
45809.212
45909.2
45915.5
46409.3
46909.1
47182.4
47203.5
47306.6
47360.4
47361.212
47461.2
47480.5
47961.3
48406.4
48416.5
48461.1
48573.4
48602.5
48687.6
48748.4
48749.212
48849.2
48878.5
48960.6
49262.6
49349.3
49508.4
49521.5
49630.6
49769.4
49812.5
49849.1
49914.6
49973.4
49974.212
50074.2
50118.5
50181.6
50239.4
50277.5
50574.3
51074.1
51416.6
51462.211
51462.4
51463.1
51516.5
51613.6
51673.4
51674.212
51774.2
51845.5
52274.3
52774.1
52900.6
52936.211
52936.4
52937.1
52966.5
53043.6
53099.4
53100.212
53200.2
53204.5
53700.3
53845.4
53889.5
54200.1
54957.4
54975.5
55284.6
55370.4
55371.212
55445.5
55471.2
55971.3
56471.1
57233.6
57282.211
57282.4
57283.1
57315.5
57382.6
57478.4
57479.212
57569.5
57579.2
58079.3
58579.1
59764.6
59813.211
59813.4
59814.1
59851.5
59931.6
59993.4
59994.212
60081.5
60094.2
60594.3
60672.4
60736.5
61094.1
61921.6
61992.4
61993.212
62075.5
62093.2
62593.3
62692.4
62815.5
63093.1
63557.6
63617.4
63618.212
63718.2
63734.5
64218.3
64718.1
65089.6
65167.4
65168.212
65265.5
65268.2
65768.3
66268.1
67149.6
67207.4
67208.212
67306.5
67308.2
67808.3
68308.1
68803.6
68863.4
68864.212
68946.5
68964.2
69464.3
69747.4
69790.5
69964.1
70538.6
70600.4
70601.212
70690.5
70701.2
71201.3
71562.4
71647.5
71701.1
71751.4
71778.5
71901.6
71961.4
71962.212
72052.5
72062.2
72519.4
72562.3
72592.5
72714.4
72901.5
72924.4
72931.5
73062.1
73222.4
73258.5
73365.6
73423.4
73424.212
73505.5
73524.2
73898.4
73958.5
74024.3
74273.4
74287.5
74312.4
74434.5
74524.1
74882.4
74910.5
75073.6
75126.4
75127.212
75227.2
75241.5
75727.3
75861.4
75957.5
76129.6
76227.1
76233.4
76265.5
76400.6
76458.4
76459.212
76540.5
76559.2
77059.3
77559.1
77715.6
77791.4
77792.212
77881.5
77892.2
78392.3
78892.1
79271.6
79330.4
79331.212
79431.2
79456.5
79931.3
80076.4
80110.5
80218.6
80331.4
80377.5
80431.1
80440.6
80480.211
80480.4
80481.1
80620.5
80702.6
80755.4
80756.212
80856.2
80883.5
81356.3
81856.1
82176.6
82230.4
82231.212
82320.5
82331.2
82831.3
83331.1
83589.6
83659.4
83660.212
83733.5
83760.2
84165.4
84260.3
84280.5
84741.6
84760.1
85108.4
85128.5
85226.6
85283.4
85284.212
85384.2
85503.5
85884.3
86073.4
86089.5
86384.1
86807.6
86851.211
86851.4
86852.1
86932.5
86998.6
87051.4
87052.212
87132.5
87152.2
87606.4
87652.3
87806.5
88152.1
88415.6
88474.4
88475.212
88560.5
88575.2
88986.4
89075.3
89098.5
89575.1
89755.4
89780.5
89867.6
89913.211
89913.4
89914.1
89974.5
90033.6
90083.211
90083.4
90084.1
90157.5
90220.6
90278.4
90279.212
90372.5
90379.2
90754.4
90879.3
90992.5
90994.4
90996.5
91096.6
91379.1
91715.6
91759.211
91759.4
91760.1
91829.5
91919.6
91995.6
92045.4
92046.212
92125.5
92146.2
92646.3
92778.4
92891.5
93146.1
94151.6
94194.211
94194.4
94195.1
94401.5
94488.6
94529.211
94529.4
94530.1
94559.5
94622.6
94677.4
94678.212
94778.2
94780.5
95278.3
95778.1
95908.4
95954.5
96191.4
96197.5
96290.6
96382.4
96383.212
96483.2
96534.5
96983.3
97483.1
98261.6
98302.211
98302.4
98303.1
98391.5
98454.6
98504.211
98504.4
98505.1
98560.5
98625.6
98675.211
98675.4
98676.1
98751.5
98820.6
98870.211
98870.4
98871.1
98955.5
99029.6
99080.4
99081.212
99157.5
99181.2
99485.4
99527.5
99681.3
100181.1
100485.6
100547.4
100548.212
100618.5
100648.2
101148.3
101648.1
101953.6
102004.4
102005.212
102084.5
102105.2
102605.3
103105.1
103603.6
103692.4
103693.212
103781.5
103793.2
104293.3
104793.1
105115.6
105187.4
105188.212
105274.5
105288.2
105788.3
106288.1
106967.6
107072.4
107073.212
107154.5
107173.2
107673.3
108092.4
108118.5
108173.1
108737.6
108780.211
108780.4
108781.1
108808.5
108898.6
108948.211
108948.4
108949.1
109003.5
109065.6
109127.4
109128.212
109223.5
109228.2
109728.3
109759.4
109781.5
110228.1
110492.6
110548.4
110549.212
110642.5
110649.2
111149.3
111649.1
112811.6
112871.4
112872.212
112972.2
113010.5
113472.3
113972.1
114711.6
114762.4
114763.212
114863.2
114863.5
115136.4
115266.5
115363.3
115863.1
116433.6
116496.4
116497.212
116597.2
116640.5
116701.6
116878.6
117097.3
117214.6
117597.1
117610.6
117803.4
117804.212
117891.5
117904.2
118404.3
118904.1
119161.4
119181.5
119271.6
119323.4
119324.212
119411.5
119424.2
119924.3
120178.4
120252.5
120424.1
120496.4
120521.5
120579.6
120638.4
120639.212
120706.5
120739.2
121239.3
121739.1
122257.6
122322.4
122323.212
122423.2
122436.5
122525.4
122568.5
122923.3
123375.4
123391.5
123423.1
124316.4
124345.5
124401.6
124456.4
124457.212
124557.2
124590.5
125057.3
125557.1
125897.4
125959.5
126051.6
126097.211
126097.4
126098.1
126175.5
126256.6
126312.4
126313.212
126413.2
126418.5
126817.4
126819.5
126821.4
126913.3
127007.5
127413.1
128127.4
128145.5
128227.6
128277.211
128277.4
128278.1
128358.5
128423.6
128472.211
128472.4
128473.1
128529.5
128586.6
128657.4
128658.212
128741.5
128758.2
129115.4
129164.5
129258.3
129758.1
130122.4
130134.5
131179.6
131244.4
131245.212
131324.5
131345.2
131845.3
132345.1
132531.4
132587.5
132679.6
132727.211
132727.4
132728.1
132827.5
132887.6
132939.4
132940.212
133005.5
133040.2
133540.3
133666.4
133742.5
133749.4
134040.1
134264.5
134511.4
134540.5
134629.6
134683.4
134684.212
134784.2
134789.5
135117.4
135284.3
135305.5
135349.4
135354.5
135357.4
135412.5
135784.1
135983.4
135995.5
136143.6
136198.4
136199.212
136277.5
136299.2
136612.4
136718.5
136799.3
137299.1
137572.4
137625.5
137721.6
137778.4
137779.212
137872.5
137879.2
138173.4
138228.5
138379.3
138879.1
139309.4
139420.5
139522.6
139571.211
139571.4
139572.1
139646.5
139711.6
139766.4
139767.212
139845.5
139867.2
140367.3
140454.4
140479.5
140867.1
141506.6
141561.4
141562.212
141660.5
141662.2
142162.3
142662.1
147238.6
147284.211
147284.4
147285.1
147341.5
147406.6
147461.4
147462.212
147532.5
147562.2
148062.3
148562.1
150278.6
150321.211
150321.4
150322.1
150395.5
150479.6
150525.211
150525.4
150526.1
150626.5
150684.6
150729.211
150729.4
150730.1
150796.5
150854.6
150923.4
150924.212
151012.5
151024.2
151524.3
151524.4
151714.5
152024.1
152663.6
152728.4
152729.212
152820.5
152829.2
152978.4
153025.5
153329.3
153490.4
153689.5
153829.1
154752.6
154809.4
154810.212
154910.2
154957.5
155410.3
155910.1
156119.4
156156.5
156245.6
156298.4
156299.212
156374.5
156399.2
156899.3
157399.1
158458.6
158519.4
158520.212
158598.5
158620.2
159120.3
159620.1
160995.6
161037.211
161037.4
161038.1
161069.5
161135.6
161184.211
161184.4
161185.1
161317.5
161381.6
161437.4
161438.212
161538.2
161547.5
162038.3
162538.1
162985.4
163007.5
163073.6
163119.211
163119.4
163120.1
163215.5
163318.6
163371.4
163372.212
163472.2
163477.5
163972.3
164472.1
164885.6
164957.4
164958.212
165058.2
165060.5
165558.3
166058.1
167181.6
167262.4
167263.212
167363.2
167449.5
167863.3
167980.4
167995.5
168363.1
168917.6
169006.4
169007.212
169091.5
169107.2
169487.4
169574.5
169607.3
170107.1
170835.6
170898.4
170899.212
170999.2
171015.5
171499.3
171999.1
172592.6
172645.4
172646.212
172729.5
172746.2
173246.3
173257.4
173344.5
173746.1
174157.4
174195.5
174278.6
174331.4
174332.212
174432.2
174446.5
174772.4
174839.5
174932.3
175432.1
175845.6
175888.211
175888.4
175889.1
175948.5
176006.6
176059.4
176060.212
176150.5
176160.2
176534.6
176660.3
177160.1
177913.6
177974.4
177975.212
178075.2
178089.5
178575.3
179075.1
179267.6
179326.4
179327.212
179427.2
179533.5
180000.9
123456789
11
06
15
11
06
15
14
FI
2
6
10
49
31
11
22
31
6
2
1942
0
0
0
314159265
20
0
434
180000
314159265
0.1
409.6
499.211
499.4
500.1
540.5
653.6
712.211
712.4
713.1
792.5
1014.6
1081.211
1081.4
1082.1
1166.5
1256.6
1331.211
1331.4
1332.1
1423.5
1539.6
1553.6
1614.211
1614.4
1615.1
1701.5
1857.6
1933.211
1933.4
1934.1
2041.5
2229.6
2315.211
2315.4
2316.1
2407.5
2500.6
2583.211
2583.4
2584.1
2655.5
2791.6
2885.211
2885.4
2886.1
2946.5
3049.6
3175.211
3175.4
3176.1
3191.5
4003.6
4164.211
4164.4
4165.1
4224.5
4308.6
4462.211
4462.4
4463.1
4504.5
4603.6
4727.211
4727.4
4728.1
4802.5
4809.4
4986.5
5114.6
5166.6
5224.211
5224.4
5225.1
5262.5
5337.6
5414.211
5414.4
5415.1
5520.5
5574.6
5859.211
5859.4
5860.1
5891.5
5981.6
6069.211
6069.4
6070.1
6101.5
6385.6
6875.6
6940.4
6941.212
7041.2
7082.5
7541.3
7759.4
7989.5
8041.1
8823.6
8926.211
8926.4
8927.1
8956.5
10646.6
10707.211
10707.4
10708.1
10747.5
14492.6
14612.211
14612.4
14613.1
14658.5
14792.6
14861.211
14861.4
14862.1
15054.5
15138.6
15208.211
15208.4
15209.1
15238.5
15307.6
15374.211
15374.4
15375.1
15458.5
15552.6
15625.211
15625.4
15626.1
15702.5
15852.6
15921.211
15921.4
15922.1
16143.5
16243.6
16322.211
16322.4
16323.1
16429.5
16632.6
16705.211
16705.4
16706.1
16816.5
16907.6
17028.211
17028.4
17029.1
17104.5
17257.6
17356.211
17356.4
17357.1
17469.5
17582.6
18100.6
18170.4
18171.212
18255.5
18271.2
18713.4
18771.3
18811.5
19271.1
19314.4
19477.5
19885.6
19968.211
19968.4
19969.1
20091.5
20213.6
20286.211
20286.4
20287.1
20346.5
20417.6
20507.211
20507.4
20508.1
20706.5
20817.6
20909.211
20909.4
20910.1
20968.5
21093.6
21186.211
21186.4
21187.1
21276.5
21409.6
21547.211
21547.4
21548.1
21624.5
21686.6
21776.211
21776.4
21777.1
21914.5
22484.6
22680.6
22754.211
22754.4
22755.1
22857.5
22950.6
23035.211
23035.4
23036.1
23083.5
23295.6
23368.211
23368.4
23369.1
23436.5
23528.6
23632.211
23632.4
23633.1
23805.5
23903.6
23982.211
23982.4
23983.1
24047.5
24144.6
24201.6
24262.211
24262.4
24263.1
24320.5
24388.6
24440.211
24440.4
24441.1
24485.5
24549.6
24640.211
24640.4
24641.1
24788.5
24902.6
25049.211
25049.4
25050.1
25104.5
25199.6
25326.211
25326.4
25327.1
25351.5
25442.6
25526.211
25526.4
25527.1
25715.5
25807.6
25874.211
25874.4
25875.1
25950.5
26020.6
26096.211
26096.4
26097.1
26198.5
26682.6
26837.211
26837.4
26838.1
26934.5
27031.6
27149.211
27149.4
27150.1
27190.5
27635.6
27809.211
27809.4
27810.1
27872.5
28446.6
29076.6
29122.4
29123.212
29223.2
29246.5
29596.4
29723.3
29885.5
30223.1
30636.6
30697.211
30697.4
30698.1
30795.5
31350.6
31412.211
31412.4
31413.1
31458.5
31555.6
31659.211
31659.4
31660.1
31728.5
31803.6
31869.211
31869.4
31870.1
31904.5
31968.6
32049.211
32049.4
32050.1
32359.5
32451.6
32501.6
32565.211
32565.4
32566.1
32680.5
33167.6
33231.211
33231.4
33232.1
33298.5
33448.4
33532.5
33741.4
33822.5
34161.6
34228.211
34228.4
34229.1
34313.5
34474.4
34612.5
34717.6
34782.211
34782.4
34783.1
34919.5
35325.6
35370.211
35370.4
35371.1
35457.5
35965.6
36019.211
36019.4
36020.1
36046.5
36143.6
36206.211
36206.4
36207.1
36304.5
36613.4
36618.5
36623.4
36624.5
36627.4
36672.5
37063.6
37212.211
37212.4
37213.1
37251.5
37318.6
37370.211
37370.4
37371.1
37416.5
37568.4
37628.5
37754.6
37834.211
37834.4
37835.1
37929.5
38635.6
38692.211
38692.4
38693.1
38754.5
39422.6
39475.211
39475.4
39476.1
39504.5
39566.6
39623.211
39623.4
39624.1
39700.5
39763.6
40005.211
40005.4
40006.1
40078.5
40162.6
40181.6
40276.211
40276.4
40277.1
40353.5
40357.4
40358.5
40360.4
40437.5
40793.6
40851.211
40851.4
40852.1
40923.5
41167.4
41178.5
41564.6
41647.211
41647.4
41648.1
41699.5
41755.6
41819.211
41819.4
41820.1
41893.5
42167.4
42223.5
42306.6
42380.211
42380.4
42381.1
42553.5
42657.6
42863.211
42863.4
42864.1
42897.5
42974.6
43050.211
43050.4
43051.1
43130.5
43188.6
43317.211
43317.4
43318.1
43353.5
43673.6
43769.211
43769.4
43770.1
43873.5
43929.6
44008.211
44008.4
44009.1
44072.5
44861.6
45535.6
45592.4
45593.212
45693.2
45694.5
46131.4
46193.3
46195.5
46693.1
46948.4
47258.5
47403.6
47467.211
47467.4
47468.1
47528.5
47621.6
47689.211
47689.4
47690.1
47717.5
47784.6
47863.211
47863.4
47864.1
47954.5
48027.6
48123.211
48123.4
48124.1
48224.5
48310.6
48467.211
48467.4
48468.1
48539.5
48643.6
48760.211
48760.4
48761.1
48816.5
48880.6
49078.211
49078.4
49079.1
49123.5
49225.6
49252.6
49318.211
49318.4
49319.1
49376.5
49445.6
49639.211
49639.4
49640.1
49698.5
49760.6
49945.211
49945.4
49946.1
49977.5
50040.6
50221.211
50221.4
50222.1
50248.5
50343.6
50453.211
50453.4
50454.1
50510.5
50570.6
50792.211
50792.4
50793.1
50867.5
50876.4
50918.5
51000.6
51238.211
51238.4
51239.1
51286.5
51363.6
51473.6
51543.211
51543.4
51544.1
51604.5
51609.4
51965.5
51983.4
51990.5
52075.6
52125.211
52125.4
52126.1
52146.5
52588.6
52664.211
52664.4
52665.1
52874.5
52942.6
52994.211
52994.4
52995.1
53411.5
53498.6
53551.211
53551.4
53552.1
53640.5
53654.4
53655.5
53656.4
53735.5
53908.4
54090.5
54678.6
54741.211
54741.4
54742.1
54768.5
54832.6
54893.211
54893.4
54894.1
55006.5
55206.4
55370.5
55507.6
55591.211
55591.4
55592.1
55729.5
56118.6
56272.211
56272.4
56273.1
56600.5
56695.6
56749.211
56749.4
56750.1
56828.5
56926.4
56975.5
57418.6
57485.211
57485.4
57486.1
57550.5
57620.6
57678.211
57678.4
57679.1
57775.5
58030.4
58077.5
58995.6
59039.211
59039.4
59040.1
59172.5
59180.4
59220.5
59282.6
59336.211
59336.4
59337.1
59394.5
59501.4
59560.5
60437.6
60482.211
60482.4
60483.1
60502.5
60583.4
60608.5
61244.6
61282.211
61282.4
61283.1
61302.5
62390.6
62443.211
62443.4
62444.1
62472.5
62554.6
62636.211
62636.4
62637.1
62707.5
63555.6
63596.211
63596.4
63597.1
63621.5
63697.6
63747.211
63747.4
63748.1
63849.5
64412.4
64435.5
64497.6
64557.211
64557.4
64558.1
64638.5
65272.6
65315.211
65315.4
65316.1
65341.5
66159.6
66201.211
66201.4
66202.1
66223.5
66821.6
66879.211
66879.4
66880.1
67016.5
67621.4
67647.5
67696.6
67791.211
67791.4
67792.1
67849.5
67944.6
67997.211
67997.4
67998.1
68098.5
68695.6
68757.211
68757.4
68758.1
68847.5
68944.6
69006.211
69006.4
69007.1
69113.5
71140.6
71199.211
71199.4
71200.1
71241.5
71295.6
71348.211
71348.4
71349.1
71379.5
71453.6
71503.211
71503.4
71504.1
71505.5
71506.4
71680.5
71804.6
71869.211
71869.4
71870.1
71989.5
72883.6
73082.211
73082.4
73083.1
73178.5
73245.6
73300.211
73300.4
73301.1
73361.5
73507.4
73528.5
73805.6
74068.211
74068.4
74069.1
74103.5
74169.6
74227.211
74227.4
74228.1
74283.5
74336.6
74411.211
74411.4
74412.1
74469.5
74774.6
74848.211
74848.4
74849.1
74875.5
74926.6
74982.211
74982.4
74983.1
75065.5
75242.4
75245.5
75308.6
75378.211
75378.4
75379.1
75461.5
76184.6
76263.211
76263.4
76264.1
76303.5
76365.6
76424.211
76424.4
76425.1
76453.5
76512.6
76620.211
76620.4
76621.1
76661.5
76729.6
76799.211
76799.4
76800.1
76946.5
77266.6
77362.211
77362.4
77363.1
77384.5
77433.6
77505.211
77505.4
77506.1
77569.5
77923.6
78059.6
78260.6
78347.4
78348.212
78448.2
78461.5
78654.4
78714.5
78926.4
78948.3
79115.5
79166.4
79220.5
79448.1
79772.4
79787.5
79838.6
79886.211
79886.4
79887.1
79971.5
80030.6
80094.211
80094.4
80095.1
80215.5
80284.6
80373.211
80373.4
80374.1
80444.5
80509.6
80768.211
80768.4
80769.1
80799.5
80815.4
80836.5
80893.6
81040.211
81040.4
81041.1
81066.5
81308.6
81421.211
81421.4
81422.1
81478.5
81561.6
81635.211
81635.4
81636.1
81928.5
81987.6
82138.6
82186.211
82186.4
82187.1
82254.5
82337.6
82388.211
82388.4
82389.1
82446.5
82708.6
82770.211
82770.4
82771.1
82812.5
82872.6
82950.211
82950.4
82951.1
83002.5
83059.6
83170.211
83170.4
83171.1
83210.5
83498.6
83567.211
83567.4
83568.1
83585.5
83635.6
83700.211
83700.4
83701.1
83921.5
84027.6
84093.211
84093.4
84094.1
84166.5
84220.6
84322.211
84322.4
84323.1
84438.5
84827.6
84883.211
84883.4
84884.1
84912.5
85090.4
85163.5
85596.6
85649.211
85649.4
85650.1
85676.5
85740.6
85787.211
85787.4
85788.1
85834.5
86301.6
86351.211
86351.4
86352.1
86375.5
86432.6
86555.6
86717.211
86717.4
86718.1
86761.5
86806.6
87009.211
87009.4
87010.1
87075.5
87130.6
87264.211
87264.4
87265.1
87352.5
87656.6
87712.211
87712.4
87713.1
87806.5
87865.6
87943.211
87943.4
87944.1
88009.5
88231.6
88295.211
88295.4
88296.1
88321.5
88393.6
88467.211
88467.4
88468.1
88609.5
89242.6
89418.211
89418.4
89419.1
89464.5
89533.6
89598.211
89598.4
89599.1
89656.5
90085.6
90265.211
90265.4
90266.1
90384.5
90920.6
91006.211
91006.4
91007.1
91062.5
91778.6
91832.211
91832.4
91833.1
91861.5
91892.4
91920.5
92560.6
92604.211
92604.4
92605.1
92656.5
93387.6
93433.211
93433.4
93434.1
93460.5
94394.6
94476.211
94476.4
94477.1
94509.5
94563.6
94615.211
94615.4
94616.1
94641.5
94881.6
94943.211
94943.4
94944.1
94973.5
95026.6
95114.211
95114.4
95115.1
95184.5
96259.6
96356.211
96356.4
96357.1
96390.5
96457.6
96518.211
96518.4
96519.1
96589.5
96669.4
96710.5
98406.6
98452.211
98452.4
98453.1
98478.5
98542.6
98596.211
98596.4
98597.1
98672.5
99313.6
99396.211
99396.4
99397.1
99453.5
99797.6
99925.6
99991.211
99991.4
99992.1
100094.5
100157.6
100218.211
100218.4
100219.1
100260.5
100285.4
100319.5
100372.6
100458.211
100458.4
100459.1
100514.5
100955.6
101017.211
101017.4
101018.1
101027.5
101319.6
101383.211
101383.4
101384.1
101411.5
101506.4
101530.5
101546.4
101572.5
102569.6
102758.6
102809.211
102809.4
102810.1
102853.5
103082.4
103113.5
103148.4
103194.5
104157.6
104289.6
104373.211
104373.4
104374.1
104431.5
104494.6
104553.211
104553.4
104554.1
104633.5
104985.6
105136.6
105201.211
105201.4
105202.1
105282.5
106299.6
107164.6
107219.4
107220.212
107296.5
107320.2
107767.4
107820.3
108118.5
108320.1
110900.6
110999.211
110999.4
111000.1
111096.5
111170.6
111226.211
111226.4
111227.1
111256.5
111315.6
111379.211
111379.4
111380.1
111416.5
111501.6
111560.211
111560.4
111561.1
111729.5
111837.6
111903.211
111903.4
111904.1
111980.5
112116.6
112204.211
112204.4
112205.1
112338.5
112437.6
112511.211
112511.4
112512.1
112538.5
112585.4
112620.5
112683.6
112757.211
112757.4
112758.1
112790.5
113170.6
113231.211
113231.4
113232.1
113258.5
113313.6
113381.211
113381.4
113382.1
113428.5
113496.6
113577.211
113577.4
113578.1
113669.5
113983.6
114062.211
114062.4
114063.1
114090.5
114149.6
114218.211
114218.4
114219.1
114308.5
114421.6
114498.211
114498.4
114499.1
114549.5
114609.6
114677.211
114677.4
114678.1
114781.5
115247.6
115303.211
115303.4
115304.1
115361.5
115401.4
115431.5
115739.6
115810.211
115810.4
115811.1
115835.5
115893.6
115943.211
115943.4
115944.1
115971.5
116104.6
116317.6
116397.211
116397.4
116398.1
116450.5
116506.6
116564.211
116564.4
116565.1
116646.5
116916.6
116981.211
116981.4
116982.1
117007.5
117381.6
117456.211
117456.4
117457.1
117498.5
117553.6
117615.211
117615.4
117616.1
117644.5
117703.4
117722.5
118667.6
118724.211
118724.4
118725.1
118726.5
119228.6
119279.211
119279.4
119280.1
119373.5
119980.6
120041.211
120041.4
120042.1
120091.5
120380.6
120475.211
120475.4
120476.1
120528.5
120585.6
120645.211
120645.4
120646.1
120677.5
120827.6
121021.6
121068.211
121068.4
121069.1
121097.5
121532.6
121675.211
121675.4
121676.1
121725.5
121795.6
122155.6
122719.6
122767.4
122768.212
122845.5
122868.2
123363.4
123368.3
123462.5
123868.1
124039.4
124079.5
124148.6
124209.211
124209.4
124210.1
124252.5
124339.6
124392.211
124392.4
124393.1
124424.5
124498.6
124561.211
124561.4
124562.1
124696.5
124790.6
124857.211
124857.4
124858.1
124904.5
125157.4
125179.5
125240.6
125295.211
125295.4
125296.1
125337.5
125451.6
125538.211
125538.4
125539.1
125609.5
126221.6
126273.211
126273.4
126274.1
126311.5
126576.4
126596.5
126650.6
126704.211
126704.4
126705.1
126765.5
127302.6
127347.211
127347.4
127348.1
127436.5
127499.6
127834.6
127884.4
127885.212
127966.5
127985.2
128319.4
128380.5
128485.3
128573.4
128693.5
128985.1
129157.6
129213.211
129213.4
129214.1
129262.5
129340.6
129411.211
129411.4
129412.1
129578.5
129736.6
129795.211
129795.4
129796.1
129849.5
129918.6
129980.211
129980.4
129981.1
130001.5
130063.6
130161.211
130161.4
130162.1
130254.5
130405.6
130462.211
130462.4
130463.1
130490.5
130561.6
130635.211
130635.4
130636.1
130827.5
130920.6
130988.211
130988.4
130989.1
131010.5
131163.6
131521.6
131575.4
131576.212
131661.5
131676.2
132176.3
132390.4
132415.5
132676.1
132887.6
132945.211
132945.4
132946.1
132980.5
133036.6
133080.211
133080.4
133081.1
133115.5
133165.6
133218.211
133218.4
133219.1
133247.5
133302.6
133397.211
133397.4
133398.1
133435.5
133982.6
134041.211
134041.4
134042.1
134060.5
134110.6
134166.211
134166.4
134167.1
134262.5
134391.6
134455.211
134455.4
134456.1
134480.5
134821.6
134869.211
134869.4
134870.1
134917.5
135751.6
135802.211
135802.4
135803.1
135849.5
135896.6
135956.211
135956.4
135957.1
136015.5
136087.4
136100.5
136675.6
136730.211
136730.4
136731.1
136781.5
137126.6
137665.6
137723.4
137724.212
137724.5
137726.4
137824.2
137847.5
138027.4
138086.5
138324.3
138824.1
139070.4
139114.5
139125.4
139161.5
140055.6
140111.211
140111.4
140112.1
140139.5
140233.6
140303.211
140303.4
140304.1
140335.5
140399.6
140463.211
140463.4
140464.1
140482.5
140556.6
140621.211
140621.4
140622.1
140917.5
141004.6
141065.211
141065.4
141066.1
141136.5
141586.6
141626.211
141626.4
141627.1
141687.5
141755.6
141893.211
141893.4
141894.1
142034.5
142109.6
142532.6
142577.4
142578.212
142678.2
142702.5
142964.4
142990.5
143178.3
143678.1
143775.4
143796.5
143866.6
143932.211
143932.4
143933.1
144019.5
144086.6
144161.211
144161.4
144162.1
144242.5
144750.6
144802.211
144802.4
144803.1
144837.5
145119.6
145194.211
145194.4
145195.1
145274.5
145364.6
145421.211
145421.4
145422.1
145565.5
146087.6
146132.211
146132.4
146133.1
146166.5
146221.6
146282.211
146282.4
146283.1
146390.5
147173.6
147223.211
147223.4
147224.1
147250.5
147334.6
147730.6
147770.4
147771.212
147864.5
147871.2
148302.4
148304.5
148306.4
148362.5
148371.3
148741.4
148809.5
148871.1
149738.4
149741.5
149753.4
149829.5
149918.6
149975.211
149975.4
149976.1
150004.5
150375.6
150423.211
150423.4
150424.1
150442.5
150658.4
150722.5
150809.6
150900.211
150900.4
150901.1
150926.5
150978.6
151068.211
151068.4
151069.1
151151.5
151232.6
151333.211
151333.4
151334.1
151474.5
151581.6
151643.211
151643.4
151644.1
151676.5
151754.6
151941.211
151941.4
151942.1
151984.5
152073.6
152118.211
152118.4
152119.1
152160.5
152367.6
152417.211
152417.4
152418.1
152462.5
152728.6
152782.211
152782.4
152783.1
152857.5
152934.6
153000.211
153000.4
153001.1
153073.5
153311.4
153367.5
153436.6
153527.211
153527.4
153528.1
153571.5
153580.4
153636.5
153685.6
153852.211
153852.4
153853.1
153918.5
153998.6
154084.211
154084.4
154085.1
154115.5
154263.6
154335.211
154335.4
154336.1
154418.5
154724.6
154773.211
154773.4
154774.1
154891.5
154938.6
154991.211
154991.4
154992.1
155048.5
155416.6
155464.211
155464.4
155465.1
155478.5
155481.4
155505.5
155618.6
155869.6
155921.4
155922.212
156022.2
156061.5
156410.4
156522.3
156728.5
157022.1
157299.4
157360.5
157445.6
157500.211
157500.4
157501.1
157536.5
157643.6
157713.211
157713.4
157714.1
157744.5
158121.6
158170.211
158170.4
158171.1
158201.5
158257.6
158300.211
158300.4
158301.1
158314.5
158393.6
158453.211
158453.4
158454.1
158482.5
158719.4
158721.5
158722.4
158745.5
158802.6
159000.211
159000.4
159001.1
159043.5
159110.6
159281.211
159281.4
159282.1
159330.5
159389.6
159698.4
159699.212
159799.2
159806.5
160117.4
160282.5
160299.3
160799.1
160913.4
160949.5
161006.6
161064.211
161064.4
161065.1
161108.5
161378.4
161412.5
161472.6
161674.211
161674.4
161675.1
161709.5
161765.6
162077.4
162078.212
162170.5
162178.2
162626.4
162672.5
162678.3
163067.4
163096.5
163154.6
163178.1
163398.4
163438.5
163494.6
163773.211
163773.4
163774.1
163811.5
163872.6
164094.211
164094.4
164095.1
164131.5
164189.6
164559.4
164560.212
164640.5
164660.2
165160.3
165281.4
165327.5
165660.1
165726.4
165735.5
165802.6
166107.4
166108.212
166186.5
166208.2
166708.3
166797.4
167079.5
167189.6
167208.1
167863.4
167905.5
167963.6
168327.4
168328.212
168427.5
168428.2
168909.4
168928.3
169296.5
169428.1
169826.4
169861.5
170515.4
170517.5
170520.4
170619.5
170670.6
170892.211
170892.4
170893.1
170949.5
171512.6
171903.4
171904.212
172001.5
172004.2
172340.4
172482.5
172504.3
172662.4
172750.5
173004.1
173278.4
173310.5
173386.6
173433.211
173433.4
173434.1
173496.5
173549.6
173682.211
173682.4
173683.1
173719.5
173778.6
173971.211
173971.4
173972.1
174119.5
174200.6
174654.4
174655.212
174747.5
174755.2
175155.4
175248.5
175255.3
175558.4
175579.5
175649.6
175755.1
175798.4
175848.5
175935.6
176110.211
176110.4
176111.1
176154.5
176175.4
176248.5
176333.6
176408.211
176408.4
176409.1
176427.5
176528.6
176591.211
176591.4
176592.1
176725.5
176836.6
176941.211
176941.4
176942.1
177033.5
177144.6
177290.211
177290.4
177291.1
177370.5
177451.6
177537.211
177537.4
177538.1
177591.5
177700.6
177828.211
177828.4
177829.1
177918.5
178033.6
178047.6
178234.211
178234.4
178235.1
178272.5
178329.6
178403.211
178403.4
178404.1
178557.5
178737.6
178782.211
178782.4
178783.1
178874.5
178978.6
179061.211
179061.4
179062.1
179159.5
179426.6
179501.211
179501.4
179502.1
179598.5
179681.6
179748.211
179748.4
179749.1
179795.5
179935.4
179952.5
179954.4
180000.9
123456789
11
07
15
11
07
15
14
FI
2
6
10
47
31
11
20
31
6
2
1661
0
0
0
314159265
21
0
386
180000
314159265
0.1
321.4
336.5
446.6
530.211
530.4
531.1
641.5
1131.6
1195.211
1195.4
1196.1
1248.5
1311.6
1383.211
1383.4
1384.1
1410.5
1519.4
1521.5
1522.4
1540.5
1656.6
1803.211
1803.4
1804.1
1835.5
2528.6
2577.211
2577.4
2578.1
2601.5
2667.6
2713.211
2713.4
2714.1
2728.5
3026.6
3246.211
3246.4
3247.1
3323.5
3401.6
3542.211
3542.4
3543.1
3601.5
3891.6
3949.211
3949.4
3950.1
3976.5
4044.6
4148.211
4148.4
4149.1
4176.5
4198.4
4235.5
4325.6
4438.211
4438.4
4439.1
4462.5
4583.6
4705.211
4705.4
4706.1
4739.5
4749.4
4857.5
5181.6
5246.211
5246.4
5247.1
5339.5
5342.4
5362.5
5723.6
5798.211
5798.4
5799.1
5801.5
5802.4
5938.5
6031.6
6114.211
6114.4
6115.1
6181.5
6187.4
6373.5
6540.6
6609.211
6609.4
6610.1
6699.5
6841.6
6941.211
6941.4
6942.1
6979.5
7350.6
7405.211
7405.4
7406.1
7459.5
7525.6
7722.211
7722.4
7723.1
7757.5
7836.6
8008.211
8008.4
8009.1
8128.5
8203.6
8409.211
8409.4
8410.1
8463.5
8531.6
8747.211
8747.4
8748.1
8807.5
8859.6
9115.211
9115.4
9116.1
9116.5
9117.4
9144.5
9459.4
9489.5
9841.4
9877.5
9956.6
10158.211
10158.4
10159.1
10215.5
10274.6
10451.211
10451.4
10452.1
10567.5
10881.6
10941.211
10941.4
10942.1
10942.5
10943.4
10976.5
11274.4
11303.5
11522.6
11599.211
11599.4
11600.1
11635.5
11962.6
12059.211
12059.4
12060.1
12106.5
12545.6
12615.211
12615.4
12616.1
12681.5
12796.6
12873.211
12873.4
12874.1
12943.5
13415.6
13468.211
13468.4
13469.1
13506.5
13919.6
13968.211
13968.4
13969.1
14017.5
14313.6
14416.211
14416.4
14417.1
14442.5
14467.4
14492.5
14561.6
14651.211
14651.4
14652.1
14675.5
15057.6
15108.211
15108.4
15109.1
15138.5
15212.6
15283.211
15283.4
15284.1
15346.5
16095.6
16140.211
16140.4
16141.1
16171.5
16426.6
16498.211
16498.4
16499.1
16527.5
16882.6
16944.211
16944.4
16945.1
16990.5
17495.6
17539.211
17539.4
17540.1
17576.5
18302.6
18362.211
18362.4
18363.1
18420.5
18917.6
18989.211
18989.4
18990.1
19098.5
19159.6
19255.211
19255.4
19256.1
19372.5
19682.6
19740.211
19740.4
19741.1
19837.5
20362.6
20421.211
20421.4
20422.1
20422.5
20427.4
20472.5
21178.6
21396.211
21396.4
21397.1
21453.5
21538.6
21857.4
21858.212
21958.2
21970.5
22299.4
22458.3
22632.5
22958.1
23045.4
23069.5
23122.6
23208.211
23208.4
23209.1
23230.5
23444.6
23523.211
23523.4
23524.1
23553.5
23667.6
23887.211
23887.4
23888.1
23928.5
23996.6
24142.211
24142.4
24143.1
24181.5
24371.6
24565.211
24565.4
24566.1
24619.5
24675.6
24874.211
24874.4
24875.1
24913.5
24977.6
25193.211
25193.4
25194.1
25307.5
25409.6
25546.211
25546.4
25547.1
25574.5
25675.4
25707.5
25993.6
26043.211
26043.4
26044.1
26078.5
26149.6
26214.211
26214.4
26215.1
26238.5
26687.4
26705.5
26771.6
27019.211
27019.4
27020.1
27049.5
27123.6
27210.211
27210.4
27211.1
27244.5
27569.6
27664.211
27664.4
27665.1
27781.5
27865.6
28075.6
28120.211
28120.4
28121.1
28153.5
28504.6
28558.211
28558.4
28559.1
28625.5
28678.6
28759.211
28759.4
28760.1
28819.5
29288.6
29332.211
29332.4
29333.1
29365.5
30321.6
30369.211
30369.4
30370.1
30399.5
30464.6
30525.211
30525.4
30526.1
30554.5
30993.6
31042.211
31042.4
31043.1
31067.5
31200.6
31911.4
31912.212
31991.5
32012.2
32476.4
32512.3
32557.5
32785.4
32810.5
33012.1
33148.6
33204.211
33204.4
33205.1
33248.5
33347.6
33510.211
33510.4
33511.1
33530.5
33627.6
33794.211
33794.4
33795.1
33824.5
34101.4
34124.5
34199.6
34416.211
34416.4
34417.1
34445.5
34499.6
34690.211
34690.4
34691.1
34722.5
35151.6
35392.211
35392.4
35393.1
35428.5
35613.6
35797.211
35797.4
35798.1
35858.5
35944.6
36107.211
36107.4
36108.1
36137.5
36209.6
36568.4
36569.212
36647.5
36669.2
37134.4
37169.3
37250.5
37661.6
37669.1
37780.4
37803.5
37885.6
38050.211
38050.4
38051.1
38145.5
38203.6
38419.211
38419.4
38420.1
38458.5
38512.6
38785.211
38785.4
38786.1
38819.5
38880.6
39077.211
39077.4
39078.1
39082.5
39174.6
39390.211
39390.4
39391.1
39428.5
39449.4
39486.5
39600.6
39820.211
39820.4
39821.1
39878.5
40148.4
40215.5
40292.6
40501.211
40501.4
40502.1
40536.5
40571.4
40608.5
40752.6
41010.211
41010.4
41011.1
41062.5
41377.4
41399.5
41521.6
41785.211
41785.4
41786.1
41814.5
41941.6
42200.211
42200.4
42201.1
42213.5
42216.4
42219.5
42221.4
42257.5
42710.6
42777.211
42777.4
42778.1
42806.5
43392.6
43442.211
43442.4
43443.1
43471.5
43882.6
43936.211
43936.4
43937.1
43961.5
44472.6
44539.211
44539.4
44540.1
44611.5
44897.6
44951.211
44951.4
44952.1
44980.5
45299.4
45329.5
45401.6
45454.211
45454.4
45455.1
45516.5
45880.6
46011.211
46011.4
46012.1
46049.5
46397.6
46446.211
46446.4
46447.1
46512.5
46609.6
46684.211
46684.4
46685.1
46695.5
46706.4
46741.5
47325.6
47372.211
47372.4
47373.1
47450.5
47524.6
47604.211
47604.4
47605.1
47629.5
48066.6
48132.211
48132.4
48133.1
48207.5
48681.6
48731.211
48731.4
48732.1
48760.5
49057.6
49138.211
49138.4
49139.1
49169.5
49249.6
49319.211
49319.4
49320.1
49422.5
49710.6
50139.4
50140.212
50240.2
50269.5
50595.4
50740.3
50761.5
51240.1
51345.6
51673.4
51674.212
51774.2
51784.5
52274.3
52421.4
52615.5
52774.1
53411.4
53447.5
53845.4
53879.5
53978.6
54209.211
54209.4
54210.1
54281.5
54341.6
54821.4
54822.212
54922.2
54923.5
55272.4
55422.3
55424.5
55922.1
56443.4
56489.5
56984.4
57025.5
57120.6
57385.211
57385.4
57386.1
57426.5
57484.6
57710.211
57710.4
57711.1
57781.5
57839.6
58233.4
58234.212
58324.5
58334.2
58834.3
59190.4
59213.5
59334.1
59721.4
59743.5
60747.6
60982.211
60982.4
60983.1
61023.5
61123.6
61445.6
61746.4
61747.212
61832.5
61847.2
62146.4
62347.3
62396.5
62847.1
63469.4
63518.5
63589.6
63939.4
63940.212
64040.2
64049.5
64540.3
64827.4
64846.5
65040.1
65136.4
65207.5
65617.4
65618.5
65622.4
65652.5
66263.4
66298.5
66379.6
66654.211
66654.4
66655.1
66697.5
67438.4
67491.5
68492.4
68539.5
68721.6
69006.211
69006.4
69007.1
69046.5
69356.4
69399.5
69784.4
69866.5
69951.6
70233.211
70233.4
70234.1
70273.5
70655.4
70658.5
70680.4
70699.5
70822.6
71129.4
71130.212
71208.5
71230.2
71432.4
71533.5
71730.3
72009.4
72026.5
72230.1
72381.4
72423.5
72516.6
72766.211
72766.4
72767.1
72800.5
73253.6
73528.211
73528.4
73529.1
73669.5
73747.6
73928.211
73928.4
73929.1
73961.5
74464.6
74628.211
74628.4
74629.1
74693.5
75095.6
75163.211
75163.4
75164.1
75189.5
75264.6
75369.211
75369.4
75370.1
75412.5
75526.6
75671.6
75714.211
75714.4
75715.1
75750.5
75937.6
76028.211
76028.4
76029.1
76047.5
76094.4
76117.5
76677.6
76737.211
76737.4
76738.1
76765.5
77510.6
77560.211
77560.4
77561.1
77604.5
77670.6
77724.211
77724.4
77725.1
77751.5
78177.6
78433.211
78433.4
78434.1
78468.5
78951.6
79011.211
79011.4
79012.1
79048.5
79393.6
79459.211
79459.4
79460.1
79654.5
80052.6
80111.211
80111.4
80112.1
80140.5
80834.6
80887.211
80887.4
80888.1
80931.5
81759.6
81821.211
81821.4
81822.1
81848.5
82216.6
82271.211
82271.4
82272.1
82319.5
83303.6
83365.211
83365.4
83366.1
83573.5
83757.6
83817.211
83817.4
83818.1
83854.5
85177.6
85239.211
85239.4
85240.1
85261.5
86008.6
86054.211
86054.4
86055.1
86104.5
88443.4
88460.5
88708.4
88757.5
88823.6
88885.211
88885.4
88886.1
88915.5
88917.4
88941.5
89388.6
89478.211
89478.4
89479.1
89525.5
89599.6
89676.211
89676.4
89677.1
89713.5
90136.6
90346.211
90346.4
90347.1
90394.5
90725.4
90728.5
90730.4
90801.5
91362.6
91434.211
91434.4
91435.1
91475.5
91792.6
92018.211
92018.4
92019.1
92051.5
92130.6
92340.211
92340.4
92341.1
92408.5
92756.6
93072.4
93073.212
93149.5
93173.2
93673.3
93889.4
94146.5
94173.1
94653.4
94747.5
94759.4
94898.5
94982.6
95335.4
95336.212
95436.2
95473.5
95833.4
95936.3
96261.5
96436.1
96815.4
97087.5
97171.6
97327.211
97327.4
97328.1
97441.5
97449.4
97541.5
97574.4
97578.5
97671.6
97856.211
97856.4
97857.1
97935.5
98015.6
98242.211
98242.4
98243.1
98316.5
99030.6
99242.211
99242.4
99243.1
99334.5
99421.6
99828.4
99829.212
99929.2
99936.5
100429.3
100459.4
100755.5
100929.1
101148.4
101171.5
101373.4
101404.5
101958.4
101997.5
102389.4
102426.5
102972.4
102986.5
103083.6
103360.211
103360.4
103361.1
103399.5
103474.6
103635.211
103635.4
103636.1
103637.5
103641.4
103687.5
103781.6
104022.211
104022.4
104023.1
104073.5
104147.6
104354.211
104354.4
104355.1
104394.5
104469.6
104679.211
104679.4
104680.1
104740.5
104838.6
104964.211
104964.4
104965.1
105030.5
105104.6
105262.211
105262.4
105263.1
105360.5
105874.6
105939.211
105939.4
105940.1
105979.5
106164.4
106186.5
106770.6
106820.211
106820.4
106821.1
106872.5
107415.6
107471.211
107471.4
107472.1
107492.5
107946.6
108024.211
108024.4
108025.1
108065.5
108458.4
108484.5
108536.6
108752.211
108752.4
108753.1
108797.5
108872.6
109023.211
109023.4
109024.1
109057.5
109182.6
109564.4
109565.212
109638.5
109665.2
109914.4
109980.5
110165.3
110665.1
111187.4
111211.5
111277.6
111334.211
111334.4
111335.1
111375.5
111384.4
111401.5
111803.6
111841.6
111868.211
111868.4
111869.1
111895.5
112275.6
112519.211
112519.4
112520.1
112555.5
112935.6
113216.211
113216.4
113217.1
113280.5
113352.6
113565.211
113565.4
113566.1
113606.5
113693.6
113973.211
113973.4
113974.1
114000.5
114082.6
114216.211
114216.4
114217.1
114252.5
114591.6
114655.211
114655.4
114656.1
114693.5
114714.4
114757.5
115142.6
115228.211
115228.4
115229.1
115264.5
115331.6
115408.211
115408.4
115409.1
115433.5
115434.4
115456.5
116551.6
116600.211
116600.4
116601.1
116644.5
116707.6
116765.211
116765.4
116766.1
116791.5
117301.6
117362.211
117362.4
117363.1
117406.5
118469.6
118518.211
118518.4
118519.1
118547.5
119073.6
119146.211
119146.4
119147.1
119180.5
119509.6
119562.211
119562.4
119563.1
119578.5
119637.6
119695.211
119695.4
119696.1
119729.5
120142.6
120204.211
120204.4
120205.1
120256.5
120782.6
120971.211
120971.4
120972.1
121015.5
121932.6
122026.211
122026.4
122027.1
122056.5
122120.6
122270.211
122270.4
122271.1
122317.5
122372.6
122521.211
122521.4
122522.1
122560.5
122862.6
122998.211
122998.4
122999.1
123033.5
123397.6
123536.211
123536.4
123537.1
123586.5
123656.6
123818.211
123818.4
123819.1
123894.5
124011.6
124223.6
124290.211
124290.4
124291.1
124349.5
125639.6
125841.6
125888.211
125888.4
125889.1
125947.5
126294.6
126368.211
126368.4
126369.1
126417.5
126783.6
126859.211
126859.4
126860.1
126873.5
127299.6
127493.211
127493.4
127494.1
127524.5
129461.6
129566.211
129566.4
129567.1
129622.5
129677.6
129766.211
129766.4
129767.1
129812.5
129870.6
130081.211
130081.4
130082.1
130107.5
130158.6
130316.211
130316.4
130317.1
130343.5
130400.6
130543.211
130543.4
130544.1
130609.5
130778.6
130969.211
130969.4
130970.1
130999.5
131089.6
131305.211
131305.4
131306.1
131328.5
133290.6
133341.211
133341.4
133342.1
133388.5
133657.6
133756.211
133756.4
133757.1
133835.5
134039.6
134211.6
134294.211
134294.4
134295.1
134365.5
134524.6
134612.211
134612.4
134613.1
134653.5
134704.6
134810.6
134928.211
134928.4
134929.1
135009.5
135090.6
135192.211
135192.4
135193.1
135218.5
135273.6
135447.211
135447.4
135448.1
135479.5
135542.6
135741.6
135817.211
135817.4
135818.1
135849.5
136144.6
136298.211
136298.4
136299.1
136336.5
136404.6
136549.6
136816.6
136886.4
136887.212
136957.5
136987.2
137298.4
137456.5
137487.3
137987.1
138149.6
138217.211
138217.4
138218.1
138260.5
138330.6
138432.211
138432.4
138433.1
138451.5
138517.6
138665.211
138665.4
138666.1
138696.5
138853.6
138946.6
139043.211
139043.4
139044.1
139069.5
139437.6
139586.211
139586.4
139587.1
139650.5
140356.4
140395.5
140447.6
140727.211
140727.4
140728.1
140764.5
140820.6
141112.211
141112.4
141113.1
141152.5
141602.4
141649.5
142102.4
142133.5
142215.6
142634.6
142847.4
142848.212
142948.2
142979.5
143256.4
143360.5
143448.3
143948.1
144040.4
144067.5
144731.4
144758.5
145342.4
145384.5
145399.4
145403.5
145477.6
145714.211
145714.4
145715.1
145790.5
146144.4
146181.5
146241.6
146418.211
146418.4
146419.1
146499.5
146726.6
146856.211
146856.4
146857.1
146889.5
146978.6
147079.211
147079.4
147080.1
147110.5
147234.6
147436.211
147436.4
147437.1
147476.5
147544.6
147720.6
147766.211
147766.4
147767.1
147794.5
147805.4
147825.5
148289.6
148535.211
148535.4
148536.1
148564.5
148864.6
148943.211
148943.4
148944.1
148971.5
149050.6
149417.4
149418.212
149492.5
149518.2
149896.4
149897.5
149898.4
150018.3
150277.5
150518.1
151058.4
151122.5
151419.4
151468.5
151564.6
151788.211
151788.4
151789.1
151833.5
151916.6
152161.211
152161.4
152162.1
152212.5
152213.4
152246.5
152556.6
152729.211
152729.4
152730.1
152777.5
153028.6
153143.211
153143.4
153144.1
153173.5
153284.6
153395.211
153395.4
153396.1
153471.5
153641.6
153842.211
153842.4
153843.1
153870.5
154209.6
154482.6
154551.6
154675.6
154739.4
154740.212
154840.2
154867.5
155188.4
155240.5
155340.3
155513.6
155840.1
156118.6
156181.211
156181.4
156182.1
156214.5
156277.6
156395.211
156395.4
156396.1
156430.5
156825.6
156933.211
156933.4
156934.1
156981.5
157493.6
157639.211
157639.4
157640.1
157641.5
157643.4
157676.5
157772.6
157959.211
157959.4
157960.1
158003.5
158652.6
158705.211
158705.4
158706.1
158747.5
159108.6
159263.211
159263.4
159264.1
159305.5
159424.6
159555.211
159555.4
159556.1
159556.5
159559.4
159590.5
159844.4
159875.5
159994.6
160034.6
160113.211
160113.4
160114.1
160258.5
160272.4
160324.5
160710.4
160741.5
161665.6
161714.211
161714.4
161715.1
161787.5
161846.6
161900.211
161900.4
161901.1
161927.5
162474.6
162560.211
162560.4
162561.1
162600.5
163112.6
163199.211
163199.4
163200.1
163238.5
163517.6
163682.211
163682.4
163683.1
163758.5
164114.6
164293.211
164293.4
164294.1
164294.5
164295.4
164334.5
165067.6
165205.6
165325.211
165325.4
165326.1
165370.5
165645.6
165719.211
165719.4
165720.1
165763.5
165895.6
166111.211
166111.4
166112.1
166177.5
166465.6
166552.211
166552.4
166553.1
166595.5
167044.6
167197.211
167197.4
167198.1
167252.5
167397.6
167476.211
167476.4
167477.1
167556.5
167613.6
167739.211
167739.4
167740.1
167765.5
168172.6
168387.211
168387.4
168388.1
168420.5
168471.6
168578.211
168578.4
168579.1
168627.5
168768.6
168935.211
168935.4
168936.1
168955.5
168956.4
168966.5
169032.6
169198.6
169378.4
169379.212
169464.5
169479.2
169966.4
169979.3
169998.5
170011.4
170051.5
170479.1
171269.4
171295.5
171352.6
171434.211
171434.4
171435.1
171535.5
171649.6
171750.211
171750.4
171751.1
171776.5
173508.6
173608.211
173608.4
173609.1
173648.5
173724.6
173995.6
174066.4
174067.212
174151.5
174167.2
174415.4
174559.5
174667.3
175167.1
175509.4
175629.5
175698.6
175852.6
175902.211
175902.4
175903.1
175944.5
175990.6
176083.211
176083.4
176084.1
176117.5
176236.6
176418.6
176475.211
176475.4
176476.1
176517.5
176592.6
176668.211
176668.4
176669.1
176735.5
177119.6
177682.4
177683.212
177783.2
177859.5
178283.3
178783.1
179254.6
179317.211
179317.4
179318.1
180000.9
123456789
11
08
15
11
08
15
14
FI
2
6
10
50
25
11
23
25
6
2
1410
0
0
0
314159265
29
0
329
180000
314159265
0.1
811.6
885.211
885.4
886.1
893.5
1483.6
1558.211
1558.4
1559.1
1608.5
1968.4
1969.5
1970.4
2030.5
2572.6
3149.6
3211.4
3212.212
3307.5
3312.2
3706.4
3707.5
3710.4
3812.3
3852.5
4312.1
4332.4
4372.5
4722.4
4755.5
5632.4
5679.5
5696.4
5708.5
5717.4
5793.5
5855.6
6447.4
6448.212
6548.2
6564.5
6964.4
7034.5
7048.3
7426.4
7513.5
7548.1
8542.4
8547.5
8548.4
8567.5
9244.4
9245.5
9249.4
9285.5
9350.4
9360.5
9697.6
9837.211
9837.4
9838.1
9892.5
9954.6
10207.211
10207.4
10208.1
10289.5
10351.6
10752.4
10753.212
10827.5
10853.2
11156.4
11261.5
11353.3
11853.1
12031.4
12093.5
12374.6
12543.211
12543.4
12544.1
12575.5
12892.6
13059.211
13059.4
13060.1
13101.5
13227.6
13474.211
13474.4
13475.1
13510.5
13596.6
13806.211
13806.4
13807.1
13855.5
14070.6
14300.211
14300.4
14301.1
14348.5
14411.6
14726.6
14832.4
14833.212
14915.5
14933.2
15433.3
15459.4
15519.5
15903.6
15933.1
16084.6
16153.6
16216.211
16216.4
16217.1
16245.5
16564.6
16808.6
16918.6
17038.4
17039.212
17139.2
17154.5
17614.4
17639.3
17650.5
18139.1
18166.6
18294.211
18294.4
18295.1
18318.5
18347.4
18388.5
18522.6
18761.211
18761.4
18762.1
18806.5
18872.6
19118.211
19118.4
19119.1
19194.5
19273.6
19501.211
19501.4
19502.1
19569.5
19609.4
19620.5
19899.6
19972.211
19972.4
19973.1
20038.5
20098.6
20309.6
20360.211
20360.4
20361.1
20433.5
20439.4
20488.5
20591.6
20797.211
20797.4
20798.1
20844.5
21094.6
21160.211
21160.4
21161.1
21222.5
21993.6
22048.211
22048.4
22049.1
22092.5
22168.6
22438.211
22438.4
22439.1
22495.5
22610.6
22763.211
22763.4
22764.1
22798.5
22845.4
22868.5
23304.6
23369.211
23369.4
23370.1
23434.5
23678.6
23742.211
23742.4
23743.1
23784.5
24192.4
24193.5
24194.4
24215.5
24265.6
24471.6
24529.211
24529.4
24530.1
24610.5
25116.6
25202.211
25202.4
25203.1
25235.5
25550.6
25598.211
25598.4
25599.1
25632.5
25918.4
25950.5
25998.6
26285.211
26285.4
26286.1
26343.5
26613.6
26668.211
26668.4
26669.1
26734.5
26992.6
27099.211
27099.4
27100.1
27150.5
27396.6
27685.211
27685.4
27686.1
27756.5
28041.6
28126.211
28126.4
28127.1
28181.5
28478.6
28561.211
28561.4
28562.1
28600.5
28993.6
29203.211
29203.4
29204.1
29236.5
29494.6
29577.211
29577.4
29578.1
29622.5
29974.6
30105.211
30105.4
30106.1
30141.5
30317.6
30443.211
30443.4
30444.1
30482.5
30533.6
30742.211
30742.4
30743.1
30743.5
30745.4
30808.5
31111.6
31300.211
31300.4
31301.1
31303.5
31304.4
31329.5
31765.6
32023.211
32023.4
32024.1
32069.5
32141.6
32343.211
32343.4
32344.1
32374.5
32771.6
32895.211
32895.4
32896.1
32903.5
32964.6
33179.211
33179.4
33180.1
33227.5
33292.6
33514.6
33556.211
33556.4
33557.1
33656.5
33979.6
34065.211
34065.4
34066.1
34098.5
34164.6
34425.211
34425.4
34426.1
34499.5
34731.6
34930.6
34995.211
34995.4
34996.1
35025.5
35265.6
35320.211
35320.4
35321.1
35363.5
35369.4
35375.5
35879.6
35941.211
35941.4
35942.1
35979.5
36276.6
36330.211
36330.4
36331.1
36369.5
36945.6
37029.211
37029.4
37030.1
37090.5
37427.6
37478.211
37478.4
37479.1
37514.5
37683.6
37769.211
37769.4
37770.1
37813.5
38096.4
38115.5
38482.6
38557.211
38557.4
38558.1
38601.5
39296.6
39353.211
39353.4
39354.1
39417.5
39796.6
39850.211
39850.4
39851.1
39887.5
40588.6
40715.211
40715.4
40716.1
40796.5
41148.6
41282.211
41282.4
41283.1
41328.5
41611.6
41896.211
41896.4
41897.1
41945.5
42011.6
42072.211
42072.4
42073.1
42118.5
42648.6
42981.4
42982.212
43082.2
43104.5
43582.3
43585.4
44004.5
44082.1
44659.6
44849.211
44849.4
44850.1
44912.5
44999.6
45260.211
45260.4
45261.1
45298.5
45599.6
45697.211
45697.4
45698.1
45853.5
45863.4
45932.5
46024.6
46148.6
46216.211
46216.4
46217.1
46246.5
46595.6
46734.211
46734.4
46735.1
46772.5
46866.6
47210.4
47211.212
47311.2
47322.5
47567.4
47658.5
47811.3
48215.4
48220.5
48311.1
48632.6
48690.211
48690.4
48691.1
48723.5
49249.6
49307.211
49307.4
49308.1
49364.5
50072.6
50140.211
50140.4
50141.1
50205.5
50560.6
50728.6
50776.211
50776.4
50777.1
50823.5
51316.6
51371.211
51371.4
51372.1
51413.5
51585.6
52106.4
52107.212
52200.5
52207.2
52560.4
52631.5
52707.3
52838.4
52932.5
53207.1
53509.4
53605.5
54534.4
54545.5
54611.6
54684.211
54684.4
54685.1
54712.5
54724.4
54780.5
55343.6
55411.211
55411.4
55412.1
55470.5
55971.6
56016.211
56016.4
56017.1
56047.5
56463.4
56473.5
57028.6
57147.211
57147.4
57148.1
57214.5
57709.4
57735.5
57792.6
57887.211
57887.4
57888.1
58019.5
58579.6
58636.211
58636.4
58637.1
58687.5
59650.6
59702.211
59702.4
59703.1
59743.5
60416.6
60497.211
60497.4
60498.1
60548.5
62050.6
62108.211
62108.4
62109.1
62148.5
62775.4
62804.5
63389.6
63469.211
63469.4
63470.1
63504.5
64309.6
64374.211
64374.4
64375.1
64473.5
65961.6
66039.211
66039.4
66040.1
66081.5
66371.4
66397.5
66453.6
66572.211
66572.4
66573.1
66651.5
66710.6
66880.211
66880.4
66881.1
66881.5
66882.4
66940.5
67102.6
67239.211
67239.4
67240.1
67289.5
67392.6
67623.6
67741.4
67742.212
67839.5
67842.2
67916.4
67997.5
68141.4
68255.5
68342.3
68842.1
68983.6
69374.4
69375.212
69470.5
69475.2
69942.4
69975.3
70215.5
70221.4
70226.5
70475.1
70696.4
70742.5
71132.6
71526.4
71527.212
71604.5
71627.2
71868.4
72040.5
72106.4
72127.3
72255.5
72627.1
72654.4
72678.5
73112.6
73202.211
73202.4
73203.1
73273.5
73324.6
73631.4
73632.212
73717.5
73732.2
74018.4
74113.5
74232.3
74512.6
74587.4
74617.5
74732.1
74938.6
75017.211
75017.4
75018.1
75071.5
75431.6
75676.211
75676.4
75677.1
75744.5
76170.6
76349.211
76349.4
76350.1
76419.5
76747.6
76854.211
76854.4
76855.1
76887.5
77303.6
77607.4
77608.212
77680.5
77708.2
77978.4
77999.5
78208.3
78708.1
79564.6
79631.211
79631.4
79632.1
79658.5
80107.6
80158.211
80158.4
80159.1
80185.5
80474.6
80605.211
80605.4
80606.1
80641.5
81292.6
81353.211
81353.4
81354.1
81406.5
81656.6
81889.211
81889.4
81890.1
81926.5
82308.4
82337.5
82623.6
82710.211
82710.4
82711.1
82746.5
83160.6
83416.211
83416.4
83417.1
83476.5
83751.6
83814.211
83814.4
83815.1
83865.5
84912.4
84955.5
85025.6
85091.211
85091.4
85092.1
85189.5
85315.4
85354.5
85431.6
85501.211
85501.4
85502.1
85576.5
86967.6
87016.211
87016.4
87017.1
87041.5
87101.6
87165.211
87165.4
87166.1
87196.5
87528.6
87675.211
87675.4
87676.1
87757.5
88166.6
88330.211
88330.4
88331.1
88363.5
88844.6
89031.211
89031.4
89032.1
89067.5
89116.6
89281.211
89281.4
89282.1
89351.5
89590.6
89762.211
89762.4
89763.1
89816.5
91797.6
91854.211
91854.4
91855.1
91883.5
94092.6
94143.211
94143.4
94144.1
94180.5
94766.4
94815.5
94871.6
94928.211
94928.4
94929.1
95010.5
96050.6
96107.211
96107.4
96108.1
96158.5
97034.6
97084.211
97084.4
97085.1
97115.5
98032.6
98086.211
98086.4
98087.1
98114.5
99483.4
99498.5
99505.4
99514.5
100954.6
101017.211
101017.4
101018.1
101122.5
101652.6
101717.211
101717.4
101718.1
101752.5
102965.6
103040.211
103040.4
103041.1
103098.5
103527.6
103592.211
103592.4
103593.1
103623.5
103696.6
103788.211
103788.4
103789.1
103851.5
105209.6
105303.211
105303.4
105304.1
105370.5
105732.6
105898.211
105898.4
105899.1
106014.5
106067.6
106211.211
106211.4
106212.1
106264.5
106596.6
106864.211
106864.4
106865.1
106919.5
107216.6
107290.211
107290.4
107291.1
107342.5
107652.4
107693.5
107751.6
108040.211
108040.4
108041.1
108121.5
108183.6
108501.4
108502.212
108587.5
108602.2
109102.3
109520.4
109580.5
109602.1
111807.4
111849.5
111879.4
111947.5
112239.6
112299.211
112299.4
112300.1
112332.5
112844.4
112896.5
113238.6
113331.211
113331.4
113332.1
113374.5
113826.6
113922.211
113922.4
113923.1
113925.5
113926.4
113974.5
114324.6
114376.211
114376.4
114377.1
114416.5
115367.4
115385.5
115670.4
115690.5
115995.6
116095.211
116095.4
116096.1
116120.5
116391.4
116447.5
116516.6
116809.211
116809.4
116810.1
116844.5
117122.6
117207.211
117207.4
117208.1
117240.5
117449.6
117578.211
117578.4
117579.1
117630.5
117894.6
117980.211
117980.4
117981.1
118046.5
118223.6
118564.4
118565.212
118643.5
118665.2
119165.3
119665.1
120614.6
120677.211
120677.4
120678.1
120710.5
120764.6
121025.211
121025.4
121026.1
121077.5
121721.6
121816.211
121816.4
121817.1
121837.5
121898.6
122193.211
122193.4
122194.1
122385.5
122468.6
122606.211
122606.4
122607.1
122642.5
122713.6
122920.211
122920.4
122921.1
122954.5
123019.6
123228.6
123295.211
123295.4
123296.1
123376.5
123558.6
123687.211
123687.4
123688.1
123718.5
123771.6
124068.211
124068.4
124069.1
124121.5
124174.6
124383.211
124383.4
124384.1
124458.5
124555.6
124798.211
124798.4
124799.1
124869.5
124937.6
125183.211
125183.4
125184.1
125221.5
125273.6
125424.6
125513.211
125513.4
125514.1
125576.5
125633.6
125859.211
125859.4
125860.1
125892.5
126083.6
126277.211
126277.4
126278.1
126327.5
126385.6
126642.211
126642.4
126643.1
126664.5
126665.4
126704.5
126783.6
126958.211
126958.4
126959.1
126994.5
127052.6
127181.6
127534.4
127535.212
127635.2
127656.5
128135.3
128635.1
128843.4
128879.5
132160.6
132274.211
132274.4
132275.1
132307.5
132372.6
132555.211
132555.4
132556.1
132617.5
132668.6
132900.211
132900.4
132901.1
133019.5
133082.6
133283.211
133283.4
133284.1
133318.5
133670.4
133702.5
133753.6
133995.211
133995.4
133996.1
134044.5
134098.6
134402.6
134501.4
134502.212
134602.2
134602.5
134829.4
134922.5
134925.4
134950.5
134954.4
134988.5
135102.3
135247.4
135333.5
135602.1
135960.6
136103.211
136103.4
136104.1
136132.5
136208.6
136428.211
136428.4
136429.1
136486.5
136550.6
136734.211
136734.4
136735.1
136767.5
136823.6
137042.6
137117.211
137117.4
137118.1
137149.5
137424.6
137764.4
137765.212
137865.2
137877.5
138105.4
138168.5
138365.3
138865.1
138938.4
138964.5
139481.4
139506.5
139782.6
140014.211
140014.4
140015.1
140085.5
140170.6
140395.6
140472.4
140473.212
140561.5
140573.2
140984.4
141073.3
141180.5
141181.4
141265.5
141573.1
141702.4
141704.5
141707.4
141742.5
142057.6
142297.211
142297.4
142298.1
142352.5
142413.6
142561.6
142832.4
142833.212
142920.5
142933.2
143433.3
143933.1
143976.4
144041.5
145404.4
145428.5
145644.6
145801.211
145801.4
145802.1
145877.5
146163.6
146348.211
146348.4
146349.1
146397.5
146472.6
146731.211
146731.4
146732.1
146788.5
147009.6
147260.211
147260.4
147261.1
147323.5
147752.6
147797.211
147797.4
147798.1
147860.5
148178.6
148411.211
148411.4
148412.1
148477.5
148483.4
148484.5
148558.6
148709.211
148709.4
148710.1
148760.5
148819.6
149159.4
149160.212
149242.5
149260.2
149518.4
149619.5
149760.3
150260.1
150908.4
150988.5
150994.4
151051.5
151121.6
151352.211
151352.4
151353.1
151407.5
151735.6
152035.211
152035.4
152036.1
152120.5
152405.6
152681.211
152681.4
152682.1
152824.5
152885.6
153098.211
153098.4
153099.1
153137.5
153493.6
153602.211
153602.4
153603.1
153658.5
153711.6
153927.6
154050.4
154051.212
154139.5
154151.2
154517.4
154573.5
154651.3
155151.1
155412.6
155554.211
155554.4
155555.1
155588.5
155792.6
155999.211
155999.4
156000.1
156032.5
156530.4
156549.5
156630.6
156812.211
156812.4
156813.1
156864.5
156928.6
157155.211
157155.4
157156.1
157156.5
157157.4
157193.5
157482.6
157597.211
157597.4
157598.1
157634.5
157705.6
157875.6
158033.4
158034.212
158108.5
158134.2
158634.3
159134.1
159499.4
159553.5
159611.6
159768.211
159768.4
159769.1
159836.5
159891.6
160090.211
160090.4
160091.1
160125.5
160422.6
160524.211
160524.4
160525.1
160585.5
160773.6
161078.4
161079.212
161169.5
161179.2
161621.4
161679.3
161690.5
162179.1
163914.4
163932.5
165017.6
165077.211
165077.4
165078.1
165164.5
165224.6
165431.6
165619.4
165620.212
165702.5
165720.2
166052.4
166220.3
166232.5
166245.4
166326.5
166720.1
166954.4
166988.5
167046.6
167295.211
167295.4
167296.1
167345.5
168447.4
168483.5
168563.6
168877.4
168878.212
168953.5
168978.2
169211.4
169299.5
169356.4
169478.3
169568.5
169978.1
170189.4
170219.5
170288.6
170495.211
170495.4
170496.1
170582.5
170837.6
171089.211
171089.4
171090.1
171358.5
171460.6
171736.211
171736.4
171737.1
171782.5
172109.6
172184.211
172184.4
172185.1
172236.5
172293.6
172552.211
172552.4
172553.1
172605.5
172935.6
173009.211
173009.4
173010.1
173071.5
173412.6
173833.4
173834.212
173934.2
173937.5
174336.4
174360.5
174434.3
174693.6
174860.6
174914.4
174934.1
174956.5
175028.6
175307.211
175307.4
175308.1
175362.5
175426.6
175708.211
175708.4
175709.1
175762.5
176356.6
176556.211
176556.4
176557.1
176607.5
176661.6
176874.6
177101.4
177102.212
177202.2
177225.5
177702.3
178202.1
178442.6
178637.211
178637.4
178638.1
178674.5
178727.6
178878.211
178878.4
178879.1
178906.5
179121.4
179190.5
179243.6
179594.4
179595.212
179693.5
180000.9
123456789
11
09
15
11
09
15
14
FI
2
6
10
47
01
11
20
01
6
2
1178
0
0
0
314159265
60
0
244
180000
314159265
0.1
433.6
596.6
773.4
774.212
874.2
877.5
1374.3
1874.1
2275.4
2276.5
2336.6
2578.211
2578.4
2579.1
2612.5
2673.6
3012.4
3013.212
3105.5
3113.2
3613.3
3685.4
3795.5
3903.6
4113.1
4658.6
4829.211
4829.4
4830.1
4901.5
4962.6
5122.6
5222.211
5222.4
5223.1
5307.5
5368.6
5592.6
5700.4
5701.212
5801.2
5812.5
6301.3
6341.4
6408.5
6663.4
6673.5
6682.4
6801.1
6816.5
6899.6
7146.211
7146.4
7147.1
7357.5
7441.6
7871.4
7872.212
7972.2
7982.5
8472.3
8472.4
8585.5
8856.6
8972.1
9226.6
9346.211
9346.4
9347.1
9372.5
9431.6
9877.4
9878.212
9978.2
9986.5
10203.4
10478.3
10485.5
10978.1
11084.6
11412.4
11413.212
11513.2
11587.5
11819.4
11924.5
11929.4
11937.5
12013.3
12354.4
12423.5
12513.1
12909.6
13030.211
13030.4
13031.1
13125.5
13183.6
13476.211
13476.4
13477.1
13565.5
13969.6
14067.211
14067.4
14068.1
14217.5
14277.6
14668.4
14669.212
14769.2
14777.5
15249.4
15269.3
15459.5
15769.1
15971.6
16069.211
16069.4
16070.1
16119.5
16220.6
16666.4
16667.212
16767.2
16778.5
17032.4
17172.5
17267.3
17767.1
17889.6
17973.211
17973.4
17974.1
18018.5
18075.6
18381.4
18382.212
18474.5
18482.2
18774.4
18836.5
18920.4
18982.3
19029.5
19159.4
19161.5
19164.4
19429.5
19482.1
19969.6
20367.4
20368.212
20457.5
20468.2
20952.4
20967.5
20968.3
20971.4
21144.5
21468.1
21791.4
21829.5
21910.6
22134.211
22134.4
22135.1
22198.5
22250.6
22496.211
22496.4
22497.1
22534.5
22623.6
23082.6
23138.4
23139.212
23239.2
23261.5
23561.4
23621.5
23739.3
24040.6
24239.1
24414.4
24622.5
24697.6
24943.211
24943.4
24944.1
25048.5
25108.6
25423.6
25787.4
25788.212
25876.5
25888.2
26388.3
26484.4
26632.5
26888.1
26918.4
26964.5
27810.6
28170.4
28171.212
28245.5
28271.2
28583.4
28664.5
28771.3
29136.6
29271.1
29399.6
29642.211
29642.4
29643.1
29691.5
30067.6
30239.211
30239.4
30240.1
30302.5
30362.6
30659.211
30659.4
30660.1
30764.5
30842.6
31150.4
31151.212
31239.5
31251.2
31505.4
31577.5
31751.3
31830.4
31968.5
32251.1
32896.6
33163.211
33163.4
33164.1
33211.5
33268.6
33513.211
33513.4
33514.1
33570.5
33649.6
33936.211
33936.4
33937.1
33972.5
34036.6
34369.6
34539.4
34540.212
34622.5
34640.2
35124.4
35140.3
35155.5
35501.6
35640.1
35878.4
35926.5
35990.6
36331.4
36332.212
36432.2
36436.5
36916.4
36932.3
36959.5
37432.1
37467.6
37697.211
37697.4
37698.1
37802.5
37864.6
38106.211
38106.4
38107.1
38173.5
38227.6
38634.4
38635.212
38735.2
38753.5
39062.4
39094.5
39096.4
39101.5
39235.3
39735.1
39746.4
39782.5
39789.4
39804.5
39883.6
40262.4
40263.212
40363.2
40368.5
40863.3
40982.4
41325.5
41363.1
44089.4
44120.5
44177.6
44395.211
44395.4
44396.1
44449.5
44507.6
44709.211
44709.4
44710.1
44761.5
44826.6
45046.211
45046.4
45047.1
45102.5
45157.6
45451.211
45451.4
45452.1
45537.5
45600.6
45916.4
45917.212
46008.5
46017.2
46517.3
46710.4
46826.5
47017.1
50175.6
50443.211
50443.4
50444.1
50481.5
50539.6
50862.6
51112.4
51113.212
51194.5
51213.2
51713.3
52109.6
52213.1
52378.4
52380.5
52381.4
52411.5
52800.6
53049.211
53049.4
53050.1
53210.5
53265.6
53574.6
53820.4
53821.212
53912.5
53921.2
54365.4
54421.3
54427.5
54921.1
55633.6
55761.211
55761.4
55762.1
55807.5
56225.6
56564.4
56565.212
56659.5
56665.2
56971.4
57098.5
57165.3
57562.6
57665.1
57862.6
58041.211
58041.4
58042.1
58107.5
58167.6
58467.211
58467.4
58468.1
58539.5
58592.6
58882.211
58882.4
58883.1
58953.5
59015.6
59180.6
59198.6
59302.6
59510.4
59511.212
59599.5
59611.2
60111.3
60233.4
60241.5
60264.4
60346.5
60611.1
62311.4
62361.5
62755.6
62813.6
63003.211
63003.4
63004.1
63044.5
63089.6
63406.4
63407.212
63499.5
63507.2
63694.4
63852.5
63860.4
63872.5
64007.3
64507.1
64523.4
64629.5
64678.6
64910.211
64910.4
64911.1
64944.5
65474.6
65695.211
65695.4
65696.1
65747.5
65809.6
66116.6
66324.4
66325.212
66425.2
66425.5
66925.3
66996.4
67019.5
67425.1
67445.6
67537.211
67537.4
67538.1
67567.5
67914.6
68284.4
68285.212
68385.2
68392.5
68636.4
68733.5
68885.3
69385.1
69602.6
69867.211
69867.4
69868.1
69935.5
70274.6
70609.4
70610.212
70701.5
70710.2
71210.3
71433.4
71508.5
71710.1
72212.6
72499.211
72499.4
72500.1
72548.5
72609.6
72882.6
73081.4
73082.212
73182.2
73217.5
73682.3
73698.4
73719.5
74124.6
74182.1
74693.6
74907.211
74907.4
74908.1
74960.5
75024.6
75454.4
75455.212
75555.2
75561.5
75809.4
75833.5
76055.3
76087.6
76420.6
76555.1
76726.6
76836.211
76836.4
76837.1
76871.5
76918.6
77171.211
77171.4
77172.1
77222.5
77301.6
77595.6
77701.4
77702.212
77793.5
77802.2
78302.3
78498.4
78693.5
78802.1
79223.6
79289.211
79289.4
79290.1
79332.5
79388.6
79604.6
79801.4
79802.212
79885.5
79902.2
80402.3
80788.6
80902.1
81137.6
81221.211
81221.4
81222.1
81260.5
81659.6
81777.211
81777.4
81778.1
81827.5
82192.4
82224.5
82280.6
82570.6
82620.4
82621.212
82707.5
82721.2
82967.4
82996.5
83221.3
83566.6
83721.1
83784.4
83813.5
83884.6
84056.211
84056.4
84057.1
84127.5
84179.6
84283.6
84544.4
84545.212
84645.2
84653.5
85145.3
85645.1
87440.6
87649.211
87649.4
87650.1
87698.5
88052.6
88291.211
88291.4
88292.1
88350.5
88758.6
89030.211
89030.4
89031.1
89088.5
89138.6
89362.211
89362.4
89363.1
89421.5
89504.6
89678.6
89768.211
89768.4
89769.1
89845.5
89897.6
90191.6
90281.4
90282.212
90382.2
90387.5
90777.4
90882.3
90930.5
91382.1
91495.6
91626.211
91626.4
91627.1
91658.5
91729.6
92027.211
92027.4
92028.1
92061.5
92366.6
92510.211
92510.4
92511.1
92546.5
92599.6
92926.4
92927.212
93015.5
93027.2
93527.3
94027.1
94641.6
94900.211
94900.4
94901.1
94938.5
95003.6
95211.6
95381.4
95382.212
95462.5
95482.2
95863.4
95897.5
95982.3
96482.1
100117.6
100295.211
100295.4
100296.1
100364.5
100425.6
100608.211
100608.4
100609.1
100644.5
101026.6
101279.211
101279.4
101280.1
101331.5
101389.6
101608.6
101817.4
101818.212
101891.5
101918.2
102418.3
102918.1
103633.4
103680.5
104680.4
104683.5
105100.6
105239.6
105501.6
105693.4
105694.212
105770.5
105794.2
106294.3
106482.4
106524.5
106794.1
110353.6
110525.211
110525.4
110526.1
110557.5
110985.6
111170.211
111170.4
111171.1
111227.5
111275.6
111414.6
111420.6
111443.6
111558.211
111558.4
111559.1
111609.5
111926.6
112198.6
112373.4
112374.212
112467.5
112474.2
112974.3
113474.1
114812.6
114993.211
114993.4
114994.1
115034.5
115440.6
115627.211
115627.4
115628.1
115665.5
115716.6
115955.211
115955.4
115956.1
115994.5
116064.6
116354.6
116553.4
116554.212
116653.5
116654.2
117154.3
117654.1
118223.6
118408.211
118408.4
118409.1
118438.5
118503.6
118787.211
118787.4
118788.1
118821.5
118871.6
119137.211
119137.4
119138.1
119187.5
119247.6
119528.211
119528.4
119529.1
119565.5
119623.6
119871.6
120080.4
120081.212
120176.5
120181.2
120681.3
121181.1
125545.6
125910.4
125911.212
125984.5
126011.2
126440.4
126442.5
126446.4
126511.3
126751.5
127011.1
127184.6
127193.6
127345.211
127345.4
127346.1
127371.5
127422.6
127584.211
127584.4
127585.1
127608.5
127673.6
127943.6
128154.4
128155.212
128250.5
128255.2
128755.3
129053.6
129149.6
129205.6
129255.1
129266.6
129431.211
129431.4
129432.1
129460.5
129514.6
129926.4
129927.212
130001.5
130027.2
130151.4
130199.5
130527.3
130695.4
130826.5
131027.1
131826.4
131905.5
131971.6
132141.211
132141.4
132142.1
132202.5
132251.6
132549.6
132726.4
132727.212
132799.5
132827.2
133327.3
133500.6
133741.6
133827.1
133934.6
134027.211
134027.4
134028.1
134060.5
134118.6
134363.211
134363.4
134364.1
134415.5
134472.6
135131.4
135132.212
135228.5
135232.2
135732.3
136232.1
138026.6
138184.211
138184.4
138185.1
138226.5
138349.6
138529.211
138529.4
138530.1
138557.5
138828.6
138956.211
138956.4
138957.1
138988.5
139343.6
139558.211
139558.4
139559.1
139607.5
139679.6
139917.6
140164.4
140165.212
140245.5
140265.2
140765.3
141265.1
141681.4
141720.5
141902.6
142258.4
142259.212
142359.2
142372.5
142859.3
143359.1
143623.4
143655.5
143956.6
144141.211
144141.4
144142.1
144175.5
144353.6
144584.211
144584.4
144585.1
144634.5
144682.6
145028.6
145195.4
145196.212
145270.5
145296.2
145652.4
145796.3
145825.5
146296.1
146604.4
146708.5
146804.6
147076.211
147076.4
147077.1
147128.5
147187.6
147370.211
147370.4
147371.1
147414.5
147474.6
147686.211
147686.4
147687.1
147727.5
147807.6
148073.6
148211.4
148212.212
148291.5
148312.2
148812.3
149312.1
149435.6
149512.211
149512.4
149513.1
149513.5
149516.4
149527.5
149595.6
149883.211
149883.4
149884.1
150050.5
150110.6
150333.211
150333.4
150334.1
150372.5
150442.6
150763.6
150805.4
150806.212
150883.5
150906.2
151406.3
151906.1
152251.6
152491.211
152491.4
152492.1
152531.5
152584.6
152891.4
152892.212
152957.5
152992.2
153492.3
153631.4
153801.5
153992.1
154223.6
154360.211
154360.4
154361.1
154384.5
154457.6
154646.211
154646.4
154647.1
154676.5
154734.6
155056.4
155057.212
155148.5
155157.2
155657.3
156157.1
156616.6
156800.211
156800.4
156801.1
156829.5
156903.6
157180.211
157180.4
157181.1
157218.5
157492.6
157696.211
157696.4
157697.1
157807.5
157878.6
158087.6
158238.4
158239.212
158322.5
158339.2
158839.3
159339.1
160047.4
160065.5
160128.6
160327.211
160327.4
160328.1
160364.5
160421.6
160746.4
160747.212
160819.5
160847.2
161347.3
161847.1
162208.6
162416.211
162416.4
162417.1
162463.5
162513.6
162734.211
162734.4
162735.1
162779.5
162834.6
163113.211
163113.4
163114.1
163191.5
163246.6
163470.6
163870.4
163871.212
163971.2
163973.5
164020.4
164075.5
164471.3
164971.1
165319.6
165474.211
165474.4
165475.1
165522.5
165583.6
165785.211
165785.4
165786.1
165827.5
165884.6
166190.4
166191.212
166291.2
166424.5
166791.3
167291.1
168493.6
168689.211
168689.4
168690.1
168719.5
168775.6
168965.211
168965.4
168966.1
169012.5
169350.6
169531.211
169531.4
169532.1
169568.5
169902.6
170109.211
170109.4
170110.1
170156.5
170236.6
170486.211
170486.4
170487.1
170546.5
170597.6
170821.6
171037.4
171038.212
171116.5
171138.2
171638.3
172138.1
172934.6
173090.211
173090.4
173091.1
173120.5
173179.6
173385.6
173597.4
173598.212
173684.5
173698.2
173862.4
173911.5
174198.3
174510.4
174563.5
174698.1
175529.6
175647.211
175647.4
175648.1
175665.5
175726.6
175957.211
175957.4
175958.1
175985.5
176040.6
176219.211
176219.4
176220.1
176276.5
176335.6
176599.211
176599.4
176600.1
176636.5
176700.6
177061.4
177062.212
177162.2
177171.5
177662.3
178162.1
179061.6
179176.6
179318.211
179318.4
179319.1
179342.5
179401.6
179487.211
179487.4
179488.1
179521.5
179586.6
179768.211
179768.4
179769.1
179798.5
180000.9
123456789
11
10
15
11
10
15
14
FI
2
6
10
50
27
11
23
27
6
2
942
0
0
0
314159265
41
2
213
180000
314159265
0.1
566.4
583.5
636.6
944.4
945.212
1034.5
1045.2
1542.4
1545.3
1713.5
2045.1
2059.4
2102.5
2165.6
2408.211
2408.4
2409.1
2604.5
2666.6
2954.211
2954.4
2955.1
3016.5
3072.6
3397.4
3398.212
3496.5
3498.2
3998.3
4009.4
4146.5
4498.1
5083.4
5119.5
5733.4
5768.5
5840.6
6110.211
6110.4
6111.1
6155.5
6562.6
6913.4
6914.212
6986.5
7014.2
7235.4
7238.5
7241.4
7413.5
7514.3
7924.6
8014.1
8232.6
8446.6
8534.6
8649.4
8650.212
8720.5
8750.2
8904.4
8976.5
9250.3
9318.4
9709.5
9750.1
10188.6
10383.211
10383.4
10384.1
10433.5
10491.6
10820.4
10821.212
10895.5
10921.2
11110.4
11173.5
11421.3
11755.4
11921.1
11931.5
12706.6
12964.211
12964.4
12965.1
13000.5
13435.6
13614.211
13614.4
13615.1
13665.5
14053.6
14119.6
14363.4
14364.212
14464.2
14502.5
14964.3
15464.1
15554.6
15787.211
15787.4
15788.1
15815.5
15952.6
15981.6
16165.211
16165.4
16166.1
16389.5
16848.6
16976.211
16976.4
16977.1
17010.5
17353.6
17613.211
17613.4
17614.1
17663.5
17780.6
18136.4
18137.212
18234.5
18237.2
18539.4
18607.5
18737.3
18822.4
19237.1
19515.5
19858.6
19997.6
20151.211
20151.4
20152.1
20186.5
20235.6
20494.211
20494.4
20495.1
20666.5
20733.6
20892.6
20910.6
21202.4
21203.212
21300.5
21303.2
21803.3
21881.4
22037.5
22303.1
22398.6
22821.4
22822.212
22912.5
22922.2
23218.4
23286.5
23401.4
23422.3
23593.5
23751.6
23922.1
25427.6
25635.211
25635.4
25636.1
25676.5
25724.6
25972.211
25972.4
25973.1
26013.5
26060.6
26494.4
26495.212
26595.2
26628.5
27080.4
27095.3
27242.5
27595.1
27761.6
27975.211
27975.4
27976.1
28014.5
28064.6
28365.4
28366.212
28456.5
28466.2
28897.4
28966.3
29065.5
29466.1
29656.4
29694.5
29745.6
30049.4
30050.212
30150.2
30163.5
30631.4
30650.3
30696.5
30955.4
30958.5
30972.4
31040.5
31150.1
31585.6
31806.211
31806.4
31807.1
31867.5
32420.4
32449.5
32833.6
33004.211
33004.4
33005.1
33072.5
33497.6
33606.211
33606.4
33607.1
33655.5
33702.6
33961.211
33961.4
33962.1
34011.5
34074.6
34318.211
34318.4
34319.1
34361.5
34415.6
34698.211
34698.4
34699.1
34830.5
34882.6
35181.6
35268.4
35269.212
35350.5
35369.2
35456.4
35518.5
35869.3
36369.1
38351.6
38453.211
38453.4
38454.1
38455.5
38754.6
38977.211
38977.4
38978.1
39009.5
39305.6
39560.211
39560.4
39561.1
39679.5
39730.6
39950.211
39950.4
39951.1
40001.5
40051.6
40355.4
40356.212
40456.2
40471.5
40956.3
41130.4
41135.5
41137.4
41434.5
41456.1
41996.6
42127.6
42267.6
42317.4
42318.212
42389.5
42418.2
42731.4
42794.5
42918.3
43418.1
43425.4
43431.5
43641.4
43788.5
44363.6
44446.211
44446.4
44447.1
44472.5
44521.6
44620.6
44720.211
44720.4
44721.1
44753.5
44819.6
44920.6
44987.211
44987.4
44988.1
45014.5
45072.6
45196.211
45196.4
45197.1
45226.5
45278.6
45387.6
45439.211
45439.4
45440.1
45664.5
46100.8
46222.8
47323.6
47592.211
47592.4
47593.1
47618.5
47672.6
47782.211
47782.4
47783.1
47815.5
47894.6
47968.211
47968.4
47969.1
48019.5
49293.4
49312.5
49317.4
49525.5
51587.4
51605.5
51606.4
51625.5
54891.4
54916.5
56106.4
56247.5
62736.4
62740.5
63554.6
63682.211
63682.4
63683.1
63725.5
63781.6
64160.4
64161.212
64260.5
64261.2
64429.4
64469.5
64761.3
64975.4
65261.1
65449.5
66032.6
66112.211
66112.4
66113.1
66311.5
66977.4
67025.5
67353.6
67614.211
67614.4
67615.1
67759.5
68706.6
68781.211
68781.4
68782.1
68813.5
69168.6
69260.211
69260.4
69261.1
69308.5
69697.6
70023.4
70024.212
70098.5
70124.2
70624.3
70670.4
71124.1
71657.5
72220.6
72433.211
72433.4
72434.1
72467.5
72721.6
72953.211
72953.4
72954.1
72980.5
73050.6
73257.6
73339.211
73339.4
73340.1
73407.5
73630.6
73886.211
73886.4
73887.1
73971.5
74190.6
74222.6
74459.211
74459.4
74460.1
74502.5
74711.6
75065.4
75066.212
75166.2
75177.5
75666.3
75866.4
76166.1
76312.5
76676.6
77069.4
77070.212
77161.5
77170.2
77670.3
78170.1
79445.6
79668.211
79668.4
79669.1
79745.5
79797.6
80018.211
80018.4
80019.1
80077.5
80128.6
80532.4
80533.212
80615.5
80633.2
80965.4
81015.5
81133.3
81633.1
83344.4
83386.5
84569.6
84795.211
84795.4
84796.1
84828.5
84888.6
85155.211
85155.4
85156.1
85194.5
85259.6
85573.6
85678.4
85679.212
85777.5
85779.2
85986.4
86073.5
86279.3
86779.1
86857.4
87018.5
87592.4
87655.5
91175.4
91312.5
91451.4
91513.5
94341.6
94554.211
94554.4
94555.1
94612.5
94974.4
95072.5
95132.6
95383.211
95383.4
95384.1
95488.5
95533.6
95909.4
95910.212
95988.5
96010.2
96510.3
96577.4
96661.5
97010.1
100296.6
100563.211
100563.4
100564.1
100601.5
100650.6
100827.211
100827.4
100828.1
100884.5
100938.6
101300.4
101301.212
101401.2
101403.5
101901.3
102401.1
102675.4
102707.5
102709.4
102716.5
102722.4
102799.5
103006.6
103250.211
103250.4
103251.1
103288.5
103333.6
103657.4
103658.212
103746.5
103758.2
104258.3
104758.1
105210.4
105304.5
107788.4
108114.5
108374.6
108431.211
108431.4
108432.1
108683.5
108818.6
109005.211
109005.4
109006.1
109042.5
109096.6
109322.211
109322.4
109323.1
109417.5
109472.6
109717.211
109717.4
109718.1
109755.5
109807.6
110141.4
110142.212
110242.2
110259.5
110742.3
111242.1
111587.6
111900.4
111901.212
112001.2
112015.5
112501.3
113001.1
115781.4
116054.5
116600.6
117040.6
117093.4
117094.212
117180.5
117194.2
117694.3
117742.4
118173.5
118194.1
118621.6
118755.6
119076.6
119234.6
119590.6
119787.6
120145.6
121010.6
121253.6
122114.6
122249.4
122250.212
122350.2
122379.5
122850.3
123101.4
123350.1
123783.5
124071.6
124251.211
124251.4
124252.1
124447.5
124546.6
124814.211
124814.4
124815.1
124933.5
125001.6
125283.211
125283.4
125284.1
125319.5
125407.6
125667.211
125667.4
125668.1
125721.5
125777.6
126004.211
126004.4
126005.1
126109.5
126169.6
126520.4
126521.212
126616.5
126621.2
127121.3
127383.4
127411.5
127621.1
130049.6
130231.211
130231.4
130232.1
130272.5
130327.6
130682.4
130683.212
130783.2
131123.5
131283.3
131783.1
133690.6
133826.211
133826.4
133827.1
133863.5
133925.6
134145.211
134145.4
134146.1
134179.5
134235.6
134750.4
134751.212
134845.5
134851.2
134909.4
134982.5
135351.3
135553.4
135555.5
135556.4
135851.1
136150.5
136615.6
136738.211
136738.4
136739.1
136757.5
136792.4
136805.5
136863.6
137053.211
137053.4
137054.1
137088.5
137151.6
137372.211
137372.4
137373.1
137418.5
137475.6
137851.4
137852.212
137936.5
137952.2
138452.3
138759.4
138790.5
138802.4
138862.5
138952.1
139120.4
139358.5
140046.6
140241.211
140241.4
140242.1
140263.5
140321.6
140659.4
140660.212
140736.5
140760.2
141259.4
141260.3
141295.5
141298.4
141302.5
141760.1
144656.6
144862.211
144862.4
144863.1
144904.5
145500.4
145537.5
145592.6
145786.211
145786.4
145787.1
145822.5
146148.6
146225.211
146225.4
146226.1
146248.5
146600.6
146797.211
146797.4
146798.1
146820.5
147205.4
147238.5
147490.6
147555.211
147555.4
147556.1
147597.5
147655.6
147949.211
147949.4
147950.1
147984.5
148276.6
148365.211
148365.4
148366.1
148412.5
148462.6
148724.211
148724.4
148725.1
148762.5
148817.6
149001.6
149077.211
149077.4
149078.1
149115.5
149174.6
149517.4
149518.212
149618.2
149619.5
150118.3
150618.1
151810.4
151834.5
154084.6
154199.211
154199.4
154200.1
154216.5
154267.6
154434.211
154434.4
154435.1
154457.5
154505.6
154785.211
154785.4
154786.1
154842.5
154890.6
155163.211
155163.4
155164.1
155439.5
155529.6
155826.211
155826.4
155827.1
155854.5
155908.6
156110.211
156110.4
156111.1
156166.5
156213.6
156529.4
156530.212
156630.2
156663.5
157130.3
157630.1
158345.6
158709.4
158710.212
158790.5
158810.2
159310.3
159310.4
159446.5
159810.1
160854.6
161174.4
161175.212
161253.5
161275.2
161775.3
162275.1
163813.4
163921.5
164120.6
164437.4
164438.212
164538.2
164552.5
165038.3
165538.1
165965.6
166193.211
166193.4
166194.1
166206.5
166269.6
166439.6
166616.6
166900.4
166901.212
166989.5
167001.2
167487.4
167489.5
167491.4
167501.3
167587.5
168001.1
168030.4
168166.5
172038.6
172200.211
172200.4
172201.1
172262.5
172323.6
172505.211
172505.4
172506.1
172547.5
172607.6
173013.4
173014.212
173111.5
173114.2
173589.4
173614.3
173822.5
174114.1
174736.6
175002.211
175002.4
175003.1
175033.5
175788.4
175807.5
176075.6
176167.211
176167.4
176168.1
176223.5
176546.6
176766.211
176766.4
176767.1
176815.5
176869.6
177100.211
177100.4
177101.1
177134.5
177701.6
177949.211
177949.4
177950.1
177994.5
178075.6
178359.6
178542.4
178543.212
178621.5
178643.2
179139.4
179143.3
179212.5
179345.4
179375.5
179643.1
180000.9
123456789
11
11
15
11
11
15
14
FI
2
6
10
45
15
11
18
15
6
2
1096
0
0
0
314159265
61
0
242
180000
314159265
0.1
938.6
1172.211
1172.4
1173.1
1259.5
1637.4
1733.5
1800.6
2227.4
2228.212
2316.5
2328.2
2785.4
2828.3
2927.5
2929.4
2954.5
3328.1
3864.6
4114.211
4114.4
4115.1
4141.5
4365.6
4626.211
4626.4
4627.1
4707.5
5030.6
5407.4
5408.212
5486.5
5508.2
6008.3
6078.4
6210.5
6493.6
6508.1
6643.6
6878.211
6878.4
6879.1
6964.5
7193.6
7345.6
7454.211
7454.4
7455.1
7512.5
7572.6
7925.4
7926.212
8026.2
8035.5
8483.4
8526.3
8624.5
8637.4
8780.5
9026.1
9098.6
9183.6
9327.6
9437.4
9438.212
9538.2
9568.5
10038.3
10504.4
10538.1
10603.5
11094.6
11192.6
11307.211
11307.4
11308.1
11335.5
11832.4
11936.5
12476.4
12518.5
12822.6
12942.211
12942.4
12943.1
12980.5
13343.6
13487.211
13487.4
13488.1
13550.5
14006.4
14044.5
14096.6
14439.4
14440.212
14540.2
14560.5
15040.3
15215.4
15290.5
15540.1
16365.4
16393.5
16745.6
16852.211
16852.4
16853.1
16886.5
17536.4
17571.5
18241.4
18300.5
18655.6
18934.211
18934.4
18935.1
18987.5
19415.6
19855.4
19856.212
19929.5
19956.2
20456.3
20551.6
20662.6
20952.6
20956.1
21284.6
21366.6
21740.4
21741.212
21833.5
21841.2
22153.4
22323.5
22341.3
22617.6
22841.1
22945.6
23066.6
23158.211
23158.4
23159.1
23193.5
23541.6
23880.4
23881.212
23981.2
23990.5
24308.4
24481.3
24654.5
24866.6
24872.6
24981.1
25226.6
25529.4
25530.212
25618.5
25630.2
25800.4
25863.5
26130.3
26151.4
26231.5
26372.4
26630.1
26803.5
27427.6
27776.4
27777.212
27862.5
27877.2
28217.4
28377.3
28447.5
28452.4
28569.5
28877.1
29172.6
29281.211
29281.4
29282.1
29385.5
30045.6
30117.211
30117.4
30118.1
30157.5
30202.4
30272.5
30275.4
30276.5
30733.6
30809.6
31116.4
31117.212
31216.5
31217.2
31717.3
32217.1
32328.6
32408.6
32527.6
32814.4
32815.212
32915.2
32927.5
33327.4
33415.3
33448.5
33915.1
34057.6
34147.6
34468.4
34469.212
34569.2
34621.5
35069.3
35092.4
35189.5
35569.1
35763.4
35784.5
36255.6
36263.6
36335.211
36335.4
36336.1
36382.5
36881.6
37118.211
37118.4
37119.1
37263.5
37313.6
37680.4
37681.212
37781.2
37782.5
38134.4
38281.3
38335.5
38374.4
38678.5
38781.1
38854.6
39167.4
39168.212
39268.2
39576.5
39652.6
39768.3
40019.6
40079.6
40268.1
40454.4
40496.5
40551.6
40843.211
40843.4
40844.1
40983.5
41032.6
41326.211
41326.4
41327.1
41409.5
41458.6
41755.6
41800.6
41988.4
41989.212
42074.5
42089.2
42589.3
42614.4
42687.5
42974.4
43089.1
43216.5
43836.6
43924.6
44188.4
44189.212
44286.5
44289.2
44627.4
44759.5
44789.3
45289.1
45530.6
45803.211
45803.4
45804.1
45851.5
46161.6
46541.4
46542.212
46630.5
46642.2
46914.4
47021.5
47142.3
47365.6
47642.1
47726.6
48048.4
48049.212
48149.2
48210.5
48649.3
49149.1
49275.4
49346.5
51228.6
51410.211
51410.4
51411.1
51440.5
51492.6
51719.211
51719.4
51720.1
51757.5
51808.6
52024.211
52024.4
52025.1
52063.5
52112.6
52392.211
52392.4
52393.1
52462.5
52746.6
53094.4
53095.212
53195.2
53215.5
53615.4
53695.3
53786.5
54070.6
54195.1
54380.4
54395.5
54441.6
54653.211
54653.4
54654.1
54748.5
54816.6
55062.211
55062.4
55063.1
55131.5
55180.6
55290.6
55794.4
55795.212
55895.2
55943.5
56395.3
56895.1
59025.6
59249.211
59249.4
59250.1
59285.5
59341.6
59630.6
59978.4
59979.212
60079.2
60130.5
60579.3
60605.4
60733.5
61055.6
61079.1
61564.4
61578.5
61627.6
61953.4
61954.212
62041.5
62054.2
62460.4
62547.5
62554.3
63054.1
63577.6
64010.4
64011.212
64101.5
64111.2
64611.3
65111.1
66308.4
66326.5
66390.4
66457.5
66833.6
67030.211
67030.4
67031.1
67162.5
67211.6
67460.6
67687.4
67688.212
67788.2
67833.5
68288.3
68383.4
68466.5
68788.1
69265.6
69450.211
69450.4
69451.1
69594.5
69643.6
69935.211
69935.4
69936.1
70006.5
70066.6
70494.4
70495.212
70581.5
70595.2
70905.4
70999.5
71006.4
71018.5
71095.3
71595.1
71600.6
71985.4
71986.212
72080.5
72086.2
72137.4
72201.5
72434.4
72497.5
72586.3
73017.4
73086.1
73321.5
73578.6
73846.211
73846.4
73847.1
73882.5
73930.6
74348.4
74349.212
74427.5
74449.2
74658.4
74794.5
74949.3
75285.4
75333.5
75449.1
77308.6
77534.211
77534.4
77535.1
77571.5
77579.4
77585.5
77646.6
77834.211
77834.4
77835.1
77871.5
77916.6
78187.6
78407.4
78408.212
78493.5
78508.2
79008.3
79216.4
79254.5
79508.1
81103.6
81415.4
81416.212
81498.5
81516.2
82016.3
82210.4
82330.5
82516.1
82640.4
82690.5
82976.6
83030.6
83115.211
83115.4
83116.1
83220.5
83282.6
83521.211
83521.4
83522.1
83635.5
83698.6
83969.211
83969.4
83970.1
84027.5
84085.6
84421.4
84422.212
84517.5
84522.2
84884.4
84940.5
85022.3
85088.4
85306.5
85522.1
85556.6
85855.211
85855.4
85856.1
85919.5
85937.4
86002.5
86050.6
86355.4
86356.212
86430.5
86456.2
86735.4
86832.5
86956.3
87248.6
87456.1
87604.4
87621.5
87675.6
88046.4
88047.212
88126.5
88147.2
88647.3
89065.4
89067.5
89069.4
89147.1
89184.5
89771.6
90099.4
90100.212
90188.5
90200.2
90700.3
91200.1
92600.4
92625.5
93016.6
93254.211
93254.4
93255.1
93303.5
93361.6
93605.6
93729.4
93730.212
93730.5
93731.4
93808.5
93830.2
94330.3
94830.1
94901.6
95070.211
95070.4
95071.1
95098.5
95242.6
95476.211
95476.4
95477.1
95858.5
95971.6
96269.211
96269.4
96270.1
96413.5
96482.6
96760.211
96760.4
96761.1
96797.5
96858.6
97285.4
97286.212
97386.2
97460.5
97886.3
97912.4
98075.5
98304.6
98386.1
98703.6
98873.211
98873.4
98874.1
98906.5
98966.6
99168.211
99168.4
99169.1
99219.5
99280.6
99564.211
99564.4
99565.1
99649.5
99711.6
100128.4
100129.212
100229.2
100289.5
100729.3
100750.4
100913.5
101229.1
101646.6
101735.211
101735.4
101736.1
101823.5
101893.6
102109.6
102192.211
102192.4
102193.1
102353.5
102423.6
102932.4
102933.212
103033.2
103034.5
103533.3
103551.4
103587.5
103590.4
103668.5
104033.1
104101.4
104282.5
104414.4
104664.5
104863.6
105089.6
105147.6
105193.4
105194.212
105277.5
105294.2
105692.4
105794.3
106040.5
106294.1
106589.6
106775.211
106775.4
106776.1
106806.5
106881.6
107003.6
107080.211
107080.4
107081.1
107081.5
107082.4
107102.5
107162.6
107392.6
107443.211
107443.4
107444.1
107586.5
107705.6
107957.211
107957.4
107958.1
108083.5
108145.6
108336.211
108336.4
108337.1
108491.5
108557.6
108850.211
108850.4
108851.1
108897.5
108955.6
109251.211
109251.4
109252.1
109340.5
109406.6
109709.4
109710.212
109810.2
109839.5
110310.3
110422.4
110631.5
110810.1
111296.6
111486.211
111486.4
111487.1
111516.5
111573.6
111943.4
111944.212
112044.2
112105.5
112188.6
112544.3
112753.6
113044.1
113253.6
113428.211
113428.4
113429.1
113464.5
113519.6
113854.4
113855.212
113955.2
113977.5
114455.3
114955.1
116399.4
116571.5
117350.6
117898.4
117899.212
117987.5
117999.2
118491.4
118499.3
118539.5
118951.4
118953.5
118959.4
118999.1
119050.5
119592.6
119681.6
120012.4
120013.212
120113.2
120118.5
120613.3
120938.6
121113.1
121171.4
121188.5
121253.6
121544.211
121544.4
121545.1
121588.5
122178.6
122589.4
122590.212
122673.5
122690.2
123190.3
123356.4
123409.5
123548.4
123690.1
123831.5
124406.6
124628.211
124628.4
124629.1
124663.5
124716.6
124894.6
124957.211
124957.4
124958.1
124992.5
125042.6
125416.4
125417.212
125486.5
125517.2
125897.4
126017.3
126089.5
126517.1
127038.6
127222.211
127222.4
127223.1
127251.5
127526.6
127818.211
127818.4
127819.1
127927.5
127989.6
128315.4
128316.212
128416.2
128444.5
128916.3
129009.4
129011.5
129013.4
129193.5
129416.1
129786.4
129800.5
130932.6
131207.211
131207.4
131208.1
131237.5
131306.6
131547.211
131547.4
131548.1
131596.5
131661.6
132035.4
132036.212
132136.2
132136.5
132636.3
133136.1
133634.6
133902.211
133902.4
133903.1
133952.5
134007.6
134319.4
134320.212
134420.2
134445.5
134920.3
135420.1
137444.4
137535.5
139008.6
139246.211
139246.4
139247.1
139268.5
139334.6
139693.4
139694.212
139794.2
139947.5
140189.4
140294.3
140317.5
140438.4
140566.5
140794.1
141398.6
141511.211
141511.4
141512.1
141535.5
141592.6
141854.211
141854.4
141855.1
141889.5
141951.6
142191.211
142191.4
142192.1
142256.5
142309.6
142779.4
142780.212
142855.5
142880.2
143222.4
143306.5
143380.3
143880.1
144481.6
144758.211
144758.4
144759.1
144789.5
144837.6
145164.4
145165.212
145244.5
145265.2
145765.3
146265.1
146908.6
146920.6
147182.211
147182.4
147183.1
147211.5
147271.6
147551.211
147551.4
147552.1
147588.5
147645.6
147930.211
147930.4
147931.1
148014.5
148078.6
148515.4
148516.212
148616.2
148650.5
149116.3
149616.1
151241.4
151347.5
151800.6
152268.4
152269.212
152342.5
152369.2
152629.4
152682.5
152869.3
153369.1
153806.6
154107.4
154108.212
154187.5
154208.2
154252.4
154359.5
154708.3
154820.4
155185.5
155208.1
155779.6
156100.6
156153.4
156154.212
156229.5
156254.2
156528.4
156586.5
156754.3
157117.6
157254.1
157745.6
157955.211
157955.4
157956.1
157999.5
158062.6
158342.211
158342.4
158343.1
158391.5
158450.6
158743.211
158743.4
158744.1
158786.5
159478.6
159544.211
159544.4
159545.1
159610.5
159662.6
159957.211
159957.4
159958.1
159998.5
160058.6
160367.6
160620.4
160621.212
160693.5
160721.2
161020.4
161118.5
161221.3
161721.1
167198.6
167462.211
167462.4
167463.1
167486.5
167558.6
167778.211
167778.4
167779.1
167815.5
168207.6
168261.211
168261.4
168262.1
168297.5
168354.6
168634.211
168634.4
168635.1
168680.5
168744.6
169025.211
169025.4
169026.1
169064.5
169132.6
169555.4
169556.212
169639.5
169656.2
170156.3
170656.1
171199.6
171357.211
171357.4
171358.1
171387.5
171443.6
171684.211
171684.4
171685.1
171719.5
171766.6
172072.4
172073.212
172149.5
172173.2
172470.4
172534.5
172673.3
173173.1
173324.4
173389.5
174982.6
175209.211
175209.4
175210.1
175238.5
175297.6
175587.211
175587.4
175588.1
175617.5
175678.6
176030.4
176031.212
176125.5
176131.2
176496.4
176503.5
176522.4
176620.5
176631.3
177131.1
177926.6
178171.211
178171.4
178172.1
178200.5
178257.6
178594.4
178595.212
178680.5
178695.2
179195.3
180000.9
123456789
11
12
15
11
12
15
14
FI
2
6
11
00
06
11
33
06
6
2
1045
0
0
0
314159265
76
0
221
180000
314159265
0.1
2159.6
2651.4
2652.212
2752.2
2772.5
3050.4
3194.5
3252.3
3473.6
3592.6
3752.1
4330.6
4775.4
4776.212
4876.2
4884.5
5334.4
5376.3
5435.5
5725.6
5876.1
6150.6
6454.4
6455.212
6533.5
6555.2
6838.4
6927.5
7055.3
7555.1
7701.6
7778.6
8050.4
8051.212
8151.2
8161.5
8575.4
8651.3
8673.5
9049.6
9151.1
10025.6
10252.211
10252.4
10253.1
10350.5
10766.6
10849.6
11168.6
11467.4
11468.212
11568.2
11573.5
12068.3
12336.6
12568.1
12841.6
12977.6
13426.4
13427.212
13527.2
13555.5
14027.3
14304.4
14364.5
14527.1
14772.6
14843.6
15295.6
15399.6
15730.4
15731.212
15831.2
15886.5
16302.4
16331.3
16605.5
16620.4
16635.5
16831.1
17038.6
17067.6
17469.4
17470.212
17543.5
17570.2
18070.3
18481.4
18570.1
18679.5
19572.6
19808.211
19808.4
19809.1
19844.5
19900.6
20184.6
20246.6
20567.4
20568.212
20666.5
20668.2
21168.3
21396.4
21668.1
22004.5
22582.6
22954.4
22955.212
23055.2
23064.5
23555.3
23596.4
23678.5
24055.1
24172.6
24521.4
24522.212
24622.2
24632.5
24925.4
25090.5
25122.3
25538.6
25622.1
26267.6
26689.4
26690.212
26759.5
26790.2
27234.4
27290.3
27325.5
27790.1
28015.6
28324.4
28325.212
28423.5
28425.2
28553.4
28603.5
28925.3
29187.4
29425.1
29556.5
30223.6
30288.6
30644.4
30645.212
30745.2
30753.5
31245.3
31306.4
31375.5
31681.6
31745.1
32292.6
32614.4
32615.212
32679.5
32715.2
32971.4
33031.5
33215.3
33489.6
33715.1
33961.6
34232.211
34232.4
34233.1
34308.5
34374.6
34700.4
34701.212
34792.5
34801.2
35301.3
35749.4
35780.5
35801.1
35994.6
36222.211
36222.4
36223.1
36293.5
36351.6
36620.211
36620.4
36621.1
36702.5
36756.6
37110.6
37383.4
37384.212
37460.5
37484.2
37760.4
37854.5
37984.3
38310.4
38362.5
38484.1
38745.6
38851.211
38851.4
38852.1
38879.5
39131.6
39585.4
39586.212
39686.2
39690.5
40186.3
40337.6
40534.6
40686.1
40895.6
41418.4
41419.212
41498.5
41519.2
42019.3
42519.1
42763.6
43173.4
43174.212
43253.5
43274.2
43774.3
43851.4
44231.5
44274.1
44466.6
44655.211
44655.4
44656.1
44690.5
44740.6
45005.211
45005.4
45006.1
45045.5
45112.6
45431.4
45432.212
45512.5
45532.2
46032.3
46532.1
47088.6
47392.4
47393.212
47493.2
47496.5
47812.4
47884.5
47993.3
48239.4
48392.5
48493.1
48630.6
48878.6
48953.4
48954.212
49054.2
49078.5
49554.3
49957.6
50054.1
50299.6
50363.6
50613.4
50614.212
50714.2
50792.5
51214.3
51714.1
51739.6
52130.4
52131.212
52229.5
52231.2
52465.4
52543.5
52704.4
52731.3
52768.5
53021.6
53231.1
53661.4
53681.5
53734.6
53956.6
54044.4
54045.212
54138.5
54145.2
54645.3
54785.4
55096.5
55145.1
55288.6
55628.4
55629.212
55729.2
55769.5
56122.4
56229.3
56441.5
56706.6
56729.1
57075.6
57151.6
57490.4
57491.212
57579.5
57591.2
58091.3
58591.1
58793.6
59133.4
59134.212
59232.5
59234.2
59428.4
59478.5
59734.3
60234.1
61964.4
62123.5
63325.4
63347.5
63411.6
63628.211
63628.4
63629.1
63677.5
63737.6
64020.211
64020.4
64021.1
64072.5
64124.6
64423.211
64423.4
64424.1
64470.5
64475.4
64555.5
64605.6
64882.211
64882.4
64883.1
64917.5
64966.6
65232.6
65298.4
65299.212
65399.2
65408.5
65774.4
65888.5
65899.3
66115.6
66399.1
66564.4
66587.5
66647.6
67059.4
67060.212
67135.5
67160.2
67660.3
68160.1
68612.6
68856.211
68856.4
68857.1
68894.5
68949.6
69400.4
69401.212
69477.5
69501.2
69867.4
69950.5
70001.3
70189.6
70491.6
70501.1
70795.6
71065.211
71065.4
71066.1
71123.5
71180.6
71426.6
71501.4
71502.212
71585.5
71602.2
72102.3
72371.6
72487.6
72602.1
72929.6
73219.211
73219.4
73220.1
73265.5
73328.6
73564.211
73564.4
73565.1
73597.5
73640.6
73904.6
73968.4
73969.212
74069.2
74109.5
74569.3
74848.4
75059.5
75069.1
75133.6
75394.211
75394.4
75395.1
75426.5
75483.6
75705.6
75757.211
75757.4
75758.1
75800.5
75852.6
76298.4
76299.212
76392.5
76399.2
76760.4
76802.5
76899.3
77399.1
77992.6
78164.211
78164.4
78165.1
78189.5
78249.6
78591.4
78592.212
78692.2
78707.5
79192.3
79692.1
79718.6
80005.211
80005.4
80006.1
80053.5
80111.6
80425.6
80490.4
80491.212
80591.2
80608.5
81049.4
81091.3
81098.5
81320.4
81591.1
81629.5
81890.6
82211.4
82212.212
82305.5
82312.2
82812.3
82915.4
83301.5
83312.1
84265.6
84365.6
84613.4
84614.212
84696.5
84714.2
85156.4
85158.5
85159.4
85214.3
85215.5
85714.1
86232.6
86471.211
86471.4
86472.1
86501.5
86551.6
86913.4
86914.212
87014.2
87026.5
87339.4
87514.3
87596.5
87599.4
87618.5
88014.1
88033.4
88048.5
88130.6
88497.4
88498.212
88575.5
88598.2
88635.4
88677.5
89098.3
89235.4
89430.5
89598.1
89923.6
90163.211
90163.4
90164.1
90318.5
90377.6
90705.4
90706.212
90782.5
90806.2
90960.4
91002.5
91306.3
91346.4
91609.5
91806.1
92214.6
92527.4
92528.212
92601.5
92628.2
92706.4
92750.5
93128.3
93145.4
93356.5
93628.1
93848.6
94139.211
94139.4
94140.1
94245.5
94302.6
94582.6
94653.4
94654.212
94736.5
94754.2
95215.4
95254.3
95361.5
95526.4
95677.5
95754.1
96008.6
96369.4
96370.212
96455.5
96470.2
96720.4
96876.5
96970.3
97470.1
97535.6
97805.211
97805.4
97806.1
97901.5
97953.6
98287.6
98351.4
98352.212
98437.5
98452.2
98941.4
98952.3
98964.5
99234.6
99452.1
99549.6
99738.6
99797.211
99797.4
99798.1
99825.5
99897.6
100242.4
100243.212
100322.5
100343.2
100636.4
100637.5
100639.4
100711.5
100843.3
101343.1
103406.6
103626.211
103626.4
103627.1
103739.5
103807.6
104091.211
104091.4
104092.1
104118.5
104425.6
104714.211
104714.4
104715.1
104775.5
104838.6
105103.6
105183.4
105184.212
105284.2
105302.5
105784.3
106284.1
107468.6
107757.211
107757.4
107758.1
107803.5
107863.6
108211.4
108212.212
108309.5
108312.2
108812.3
109056.6
109125.6
109312.1
109509.6
109820.4
109821.212
109899.5
109921.2
110272.4
110360.5
110421.3
110639.6
110921.1
112439.6
112652.6
112921.4
112922.212
113022.2
113037.5
113177.4
113272.5
113522.3
113614.4
114022.1
114269.5
116962.4
117113.5
117207.6
117481.211
117481.4
117482.1
117505.5
117549.6
117790.6
117844.211
117844.4
117845.1
117880.5
117935.6
118188.6
118239.4
118240.212
118324.5
118340.2
118627.4
118840.3
119030.5
119340.1
119534.6
119892.4
119893.212
119975.5
119993.2
120493.3
120700.4
120984.5
120993.1
121091.6
121484.4
121485.212
121565.5
121585.2
122085.3
122211.4
122514.5
122585.1
122936.6
122968.6
123296.4
123297.212
123397.2
123410.5
123824.4
123897.3
123910.5
124397.1
124687.6
124771.211
124771.4
124772.1
124792.5
124842.6
125229.4
125230.212
125308.5
125330.2
125395.4
125457.5
125830.3
125943.4
125948.5
125950.4
126117.5
126330.1
126376.6
126707.4
126708.212
126808.2
126815.5
126885.6
127292.6
127308.3
127582.4
127591.5
127661.6
127808.1
127989.6
128301.4
128302.212
128402.2
128424.5
128839.4
128902.3
128914.5
129201.6
129402.1
129569.6
129843.211
129843.4
129844.1
129927.5
129981.6
130316.4
130317.212
130410.5
130417.2
130917.3
131417.1
131533.4
131599.5
131689.6
132058.4
132059.212
132159.2
132172.5
132237.4
132311.5
132659.3
132676.4
133159.1
133264.5
133363.6
133657.211
133657.4
133658.1
133677.5
133727.6
133951.6
134191.4
134192.212
134274.5
134292.2
134605.4
134663.5
134746.4
134792.3
134933.5
135292.1
135484.4
135509.5
135960.6
136216.211
136216.4
136217.1
136251.5
136299.6
136568.6
136620.4
136621.212
136718.5
136721.2
137069.4
137163.5
137221.3
137721.1
138250.6
138534.211
138534.4
138535.1
138739.5
138813.6
139117.4
139118.212
139218.2
139239.5
139622.4
139718.3
139802.5
139818.4
139838.5
140218.1
140602.6
140815.211
140815.4
140816.1
140838.5
140884.6
141142.211
141142.4
141143.1
141191.5
141242.6
141503.211
141503.4
141504.1
141584.5
141638.6
141904.211
141904.4
141905.1
141932.5
141979.6
142222.6
142281.4
142282.212
142382.2
142391.5
142706.4
142710.5
142712.4
142775.5
142882.3
143382.1
143857.6
144170.6
144228.4
144229.212
144316.5
144329.2
144829.3
144924.4
144985.5
145178.4
145329.1
145454.5
149066.6
149317.211
149317.4
149318.1
149336.5
149395.6
149677.211
149677.4
149678.1
149704.5
149761.6
149954.6
150014.211
150014.4
150015.1
150079.5
150171.6
150554.4
150555.212
150643.5
150655.2
151155.3
151202.4
151436.5
151521.4
151566.5
151655.1
151828.6
152139.4
152140.212
152221.5
152240.2
152487.4
152565.5
152740.3
153030.4
153133.5
153240.1
153393.6
153415.6
153713.4
153714.212
153801.5
153814.2
154314.3
154814.1
158368.4
158444.5
158617.6
159017.4
159018.212
159117.5
159118.2
159618.3
160118.1
161523.6
161897.4
161898.212
161979.5
161998.2
162498.3
162558.4
162998.1
163567.5
163694.4
163743.5
163984.6
164040.211
164040.4
164041.1
164071.5
164131.6
164372.211
164372.4
164373.1
164383.5
164441.6
164658.211
164658.4
164659.1
164720.5
164777.6
165109.4
165110.212
165210.2
165218.5
165519.4
165575.5
165710.3
166210.1
166437.6
166455.6
166693.211
166693.4
166694.1
166735.5
166789.6
167209.4
167210.212
167290.5
167310.2
167644.4
167810.3
167817.5
167820.4
167832.5
167840.4
167852.5
168310.1
168863.6
169112.211
169112.4
169113.1
169158.5
169226.6
169737.4
169738.212
169827.5
169838.2
170338.3
170838.1
172246.6
172534.211
172534.4
172535.1
172634.5
172695.6
172911.6
172978.211
172978.4
172979.1
173067.5
173403.6
173614.211
173614.4
173615.1
173689.5
173987.6
174303.4
174304.212
174376.5
174404.2
174904.3
175404.1
175971.6
176080.211
176080.4
176081.1
176124.5
176197.6
176598.4
176599.212
176678.5
176699.2
177199.3
177699.1
178105.6
178438.4
178439.212
178508.5
178539.2
179039.3
180000.9
123456789
11
13
15
11
13
15
14
FI
2
6
10
48
45
11
21
45
6
2
953
0
0
0
314159265
68
1
204
180000
314159265
0.1
418.4
459.5
789.6
887.211
887.4
888.1
912.5
972.6
1271.211
1271.4
1272.1
1397.5
1455.6
1883.4
1884.212
1984.2
1995.5
2338.4
2447.5
2484.3
2678.6
2984.1
3085.6
3413.4
3414.212
3501.5
3514.2
3913.4
4014.3
4162.5
4338.4
4425.5
4514.1
4992.6
5265.211
5265.4
5266.1
5294.5
5357.6
5717.6
5784.4
5785.212
5866.5
5885.2
6161.4
6283.5
6352.4
6385.3
6406.5
6551.4
6647.5
6885.1
7167.6
7247.6
7376.6
7786.4
7787.212
7887.2
7918.5
8263.4
8387.3
8421.5
8819.6
8887.1
9228.6
9517.211
9517.4
9518.1
9560.5
9610.6
10029.4
10030.212
10119.5
10130.2
10259.4
10304.5
10630.3
11130.1
11135.6
11351.6
11422.211
11422.4
11423.1
11447.5
11501.6
11905.4
11906.212
12006.2
12006.5
12417.4
12506.3
12600.5
13006.1
13143.6
13222.6
13515.4
13516.212
13600.5
13616.2
14116.3
14211.6
14601.6
14616.1
14688.4
14711.5
14759.6
15278.4
15279.212
15373.5
15379.2
15879.3
16379.1
16743.4
16902.5
16984.6
17158.6
17229.211
17229.4
17230.1
17416.5
17469.6
17840.6
17901.4
17902.212
18002.2
18032.5
18502.3
18808.6
19002.1
19086.6
19197.6
19713.4
19714.212
19814.2
19824.5
20153.4
20314.3
20479.5
20814.1
20905.6
20974.6
21200.211
21200.4
21201.1
21252.5
21309.6
21566.6
21638.4
21639.212
21739.2
21772.5
22239.3
22710.6
22739.1
22789.6
23076.211
23076.4
23077.1
23104.5
23156.6
23595.4
23596.212
23682.5
23696.2
24196.3
24551.6
24696.1
24929.6
25012.6
25229.6
25475.4
25476.212
25557.5
25576.2
26076.3
26576.1
27354.4
27392.5
28726.6
28979.211
28979.4
28980.1
29072.5
29126.6
29334.6
29397.211
29397.4
29398.1
29496.5
29546.6
29981.4
29982.212
30057.5
30082.2
30541.4
30582.3
30653.5
30904.6
30968.6
31082.1
31418.6
31678.211
31678.4
31679.1
31717.5
31763.6
32071.4
32072.212
32172.2
32186.5
32672.3
33151.6
33172.1
33503.6
33567.211
33567.4
33568.1
33642.5
33694.6
34087.4
34088.212
34176.5
34188.2
34688.3
35188.1
35353.6
35565.211
35565.4
35566.1
35639.5
35685.6
36058.4
36059.212
36159.2
36179.5
36659.3
36665.4
36852.5
37159.1
37687.6
38028.4
38029.212
38109.5
38129.2
38629.3
39129.1
39686.6
40000.4
40001.212
40101.2
40231.5
40601.3
41101.1
41361.6
41754.4
41755.212
41847.5
41855.2
42220.4
42350.5
42355.3
42855.1
42971.6
43230.211
43230.4
43231.1
43332.5
43384.6
43848.4
43849.212
43949.2
43959.5
44421.4
44449.3
44495.5
44949.1
46077.6
46340.211
46340.4
46341.1
46503.5
46563.6
46783.6
46844.211
46844.4
46845.1
46879.5
46931.6
47226.211
47226.4
47227.1
47399.5
47455.6
47726.211
47726.4
47727.1
47761.5
47817.6
48082.211
48082.4
48083.1
48117.5
48175.6
48506.4
48507.212
48596.5
48607.2
49107.3
49416.4
49418.5
49419.4
49607.1
49818.5
51702.6
52036.4
52037.212
52124.5
52137.2
52637.3
52744.4
53128.5
53137.1
53453.6
53750.211
53750.4
53751.1
53780.5
53840.6
54093.211
54093.4
54094.1
54117.5
54173.6
54660.4
54661.212
54742.5
54761.2
55138.4
55250.5
55261.3
55579.6
55761.1
55933.6
56263.4
56264.212
56358.5
56364.2
56505.4
56563.5
56864.3
56969.4
57136.5
57364.1
57414.6
57725.4
57726.212
57804.5
57826.2
58326.3
58826.1
59128.4
59224.5
59380.4
59504.5
59889.6
60212.4
60213.212
60313.2
60320.5
60813.3
61103.6
61313.1
61544.4
61617.5
61668.6
62105.4
62106.212
62174.5
62206.2
62706.3
63206.1
63465.6
63532.211
63532.4
63533.1
63612.5
63668.6
64123.4
64124.212
64224.2
64240.5
64724.3
65224.1
66469.4
66544.5
66548.4
66635.5
66718.6
66991.6
67043.4
67044.212
67117.5
67144.2
67644.3
67856.4
67940.5
68144.1
68395.6
68832.4
68833.212
68909.5
68933.2
69433.3
69498.4
69704.5
69820.4
69933.1
70126.5
70448.6
70703.211
70703.4
70704.1
70787.5
70845.6
71277.4
71278.212
71362.5
71378.2
71878.3
71956.4
72062.5
72378.1
72432.6
72827.4
72828.212
72928.2
72935.5
73428.3
73928.1
74152.6
74506.4
74507.212
74596.5
74607.2
75046.4
75051.5
75101.4
75107.3
75357.5
75607.1
75740.6
76011.211
76011.4
76012.1
76097.5
76159.6
76513.4
76514.212
76602.5
76614.2
77114.3
77614.1
79128.4
79143.5
80137.6
80202.211
80202.4
80203.1
80227.5
80290.6
80590.211
80590.4
80591.1
80646.5
80698.6
81007.4
81008.212
81082.5
81108.2
81569.4
81608.3
81651.5
82108.1
82184.6
82496.4
82497.212
82581.5
82597.2
83097.3
83597.1
85891.6
86149.211
86149.4
86150.1
86194.5
86249.6
86553.4
86554.212
86654.2
86658.5
87154.3
87654.1
89047.4
89104.5
89158.6
89447.211
89447.4
89448.1
89565.5
89623.6
90080.4
90081.212
90165.5
90181.2
90459.4
90460.5
90461.4
90612.5
90681.3
90959.4
90984.5
91168.8
91181.1
91832.6
91924.211
91924.4
91925.1
91985.5
92052.6
92387.4
92388.212
92464.5
92488.2
92988.3
93488.1
94974.6
95257.211
95257.4
95258.1
95398.5
95459.6
95854.4
95855.212
95948.5
95955.2
96455.3
96680.4
96788.5
96955.1
97237.6
97576.4
97577.212
97666.5
97677.2
98177.3
98677.1
99132.4
99306.5
99395.6
99492.211
99492.4
99493.1
99547.5
99635.6
99784.6
100156.4
100157.212
100257.2
100390.5
100757.3
101193.4
101257.1
101260.5
102191.6
102530.4
102531.212
102629.5
102631.2
103131.3
103131.4
103142.5
103143.4
103312.5
103631.1
103989.6
104246.211
104246.4
104247.1
104321.5
104377.6
104802.4
104803.212
104886.5
104903.2
105403.3
105903.1
106463.6
106708.211
106708.4
106709.1
106742.5
106813.6
107210.4
107211.212
107311.2
107316.5
107811.3
108311.1
108450.4
108464.5
109996.6
110205.211
110205.4
110206.1
110228.5
110284.6
110600.4
110601.212
110694.5
110701.2
111201.3
111701.1
112706.4
112808.5
114094.6
114328.211
114328.4
114329.1
114357.5
114415.6
114670.211
114670.4
114671.1
114777.5
114836.6
115116.211
115116.4
115117.1
115158.5
115523.6
115773.211
115773.4
115774.1
115808.5
115871.6
116187.4
116188.212
116288.2
116296.5
116788.3
117288.1
117833.6
118224.4
118225.212
118315.5
118325.2
118791.4
118825.3
118881.5
119325.1
119778.6
120023.211
120023.4
120024.1
120071.5
120122.6
120152.6
120394.211
120394.4
120395.1
120423.5
120466.6
120801.4
120802.212
120902.2
120904.5
121398.4
121402.3
121527.5
121902.1
122432.4
122456.5
122675.6
123148.4
123149.212
123249.2
123261.5
123483.4
123535.5
123749.3
124015.4
124234.5
124249.1
124886.6
125163.211
125163.4
125164.1
125261.5
125311.6
125674.4
125675.212
125775.2
125776.5
126275.3
126775.1
129961.4
130036.5
130413.6
130853.6
131032.6
131376.6
131621.4
131622.212
131716.5
131722.2
132222.3
132448.4
132618.5
132620.4
132621.5
132624.4
132632.5
132639.4
132641.5
132643.4
132722.1
132737.5
133519.6
133717.211
133717.4
133718.1
133775.5
133881.6
134095.211
134095.4
134096.1
134118.5
134178.6
134387.211
134387.4
134388.1
134410.5
134421.4
134437.5
134520.6
134874.4
134875.212
134965.5
134975.2
135475.3
135975.1
137361.6
137554.6
137729.4
137730.212
137818.5
137830.2
138330.3
138680.4
138830.1
139049.5
139186.4
139302.5
140987.6
141276.211
141276.4
141277.1
141328.5
141392.6
141783.4
141784.212
141862.5
141884.2
142384.3
142884.1
143631.6
143952.4
143953.212
144042.5
144053.2
144553.3
144752.4
144883.5
145053.1
146478.4
146547.5
146617.6
146992.4
146993.212
147093.2
147110.5
147593.3
148093.1
148986.4
149008.5
149033.4
149055.5
149153.6
149654.4
149655.212
149742.5
149755.2
150153.4
150237.5
150255.3
150755.1
151160.4
151207.5
151213.4
151224.5
152325.4
152482.5
153094.6
153327.211
153327.4
153328.1
153443.5
153499.6
153797.211
153797.4
153798.1
153823.5
153883.6
154311.4
154312.212
154412.2
154443.5
154630.4
154731.5
154848.4
154912.3
154971.5
155412.1
155539.6
155794.211
155794.4
155795.1
155913.5
156270.6
156295.6
156548.211
156548.4
156549.1
156593.5
156880.6
157171.211
157171.4
157172.1
157257.5
157617.6
157735.211
157735.4
157736.1
157766.5
157816.6
158260.4
158261.212
158361.2
158370.5
158861.3
159228.6
159361.1
160266.4
160294.5
160347.6
160776.4
160777.212
160877.2
160886.5
161377.3
161398.4
161473.5
161686.4
161877.1
162090.5
163234.4
163352.5
164074.6
164149.211
164149.4
164150.1
164174.5
164233.6
164636.4
164637.212
164730.5
164737.2
165164.4
165237.3
165278.5
165737.1
167583.6
167917.4
167918.212
168018.2
168023.5
168518.3
169018.1
170512.4
170597.5
171129.6
171411.211
171411.4
171412.1
171488.5
171544.6
171854.4
171855.212
171931.5
171955.2
172455.3
172955.1
173306.6
173369.211
173369.4
173370.1
173505.5
173557.6
173925.4
173926.212
174026.2
174036.5
174526.3
174686.4
174701.5
174713.4
174920.5
175026.1
175321.6
175657.4
175658.212
175758.2
175816.5
176110.4
176258.3
176336.5
176730.6
176758.1
177154.6
177411.211
177411.4
177412.1
177447.5
177509.6
177835.4
177836.212
177927.5
177936.2
178436.3
180000.9
123456789
11
14
15
11
14
15
14
FI
2
6
10
45
27
11
18
27
6
2
872
0
0
0
314159265
59
0
180
180000
314159265
0.1
273.4
321.5
451.6
781.4
782.212
879.5
882.2
1336.4
1382.3
1587.5
1882.1
2498.6
2755.211
2755.4
2756.1
2948.5
3247.6
3339.211
3339.4
3340.1
3357.5
3408.6
3758.6
4025.4
4026.212
4110.5
4126.2
4626.3
4681.4
4847.5
5126.1
5384.6
5721.4
5722.212
5822.2
6322.3
6630.5
6822.1
6855.6
7146.211
7146.4
7147.1
7163.5
7214.6
7518.6
7617.6
7925.6
7984.4
7985.212
8083.5
8085.2
8521.4
8585.3
8696.5
8778.6
9017.6
9085.1
9546.6
9788.211
9788.4
9789.1
9869.5
9924.6
10197.211
10197.4
10198.1
10229.5
10313.6
10600.6
10658.4
10659.212
10741.5
10759.2
11259.3
11437.4
11548.5
11550.4
11560.5
11759.1
11908.6
12338.4
12339.212
12409.5
12439.2
12788.4
12851.5
12939.3
13252.6
13301.6
13439.1
13802.6
14172.4
14173.212
14273.2
14274.5
14773.3
15255.6
15273.1
15723.6
16058.4
16059.212
16155.5
16159.2
16659.3
16980.6
17159.1
17296.6
17357.211
17357.4
17358.1
17384.5
17441.6
17875.4
17876.212
17945.5
17976.2
18476.3
18584.6
18976.1
19107.6
19372.6
19424.4
19425.212
19517.5
19525.2
20025.3
20499.6
20525.1
20559.4
20589.5
20636.6
21006.4
21007.212
21107.2
21116.5
21607.3
21837.4
22018.5
22107.1
22498.6
22873.4
22874.212
22957.5
22974.2
23474.3
23678.4
23834.5
23895.6
23974.1
24556.4
24576.5
24623.6
25036.4
25037.212
25137.2
25208.5
25277.6
25637.3
25881.4
25903.5
25945.6
26137.1
26261.4
26300.5
26346.6
26730.4
26731.212
26824.5
26831.2
27253.4
27308.5
27331.3
27768.4
27831.1
27908.5
28369.4
28450.5
28942.6
29204.211
29204.4
29205.1
29233.5
29283.6
29611.4
29612.212
29690.5
29712.2
30212.3
30712.1
31144.4
31170.5
31231.6
31527.211
31527.4
31528.1
31594.5
31675.6
31999.4
32000.212
32075.5
32100.2
32600.3
33100.1
33295.6
33512.211
33512.4
33513.1
33561.5
33624.6
34095.4
34096.212
34178.5
34196.2
34696.3
35121.6
35196.1
35551.4
35571.5
35621.6
35939.4
35940.212
36027.5
36040.2
36540.3
36567.4
36817.5
37040.1
37077.6
37402.4
37403.212
37493.5
37503.2
38003.3
38503.1
38773.6
39011.211
39011.4
39012.1
39066.5
39122.6
39484.4
39485.212
39568.5
39585.2
40085.3
40585.1
40625.6
40960.4
40961.212
41052.5
41061.2
41561.3
42061.1
42260.6
42540.211
42540.4
42541.1
42593.5
42652.6
43003.4
43004.212
43084.5
43104.2
43604.3
43875.6
44104.1
44383.6
44649.211
44649.4
44650.1
44681.5
44691.4
44715.5
44768.6
45065.211
45065.4
45066.1
45146.5
45195.6
45454.211
45454.4
45455.1
45480.5
45545.6
45789.211
45789.4
45790.1
45826.5
45900.6
46734.4
46735.212
46835.2
46852.5
47335.3
47835.1
48440.6
48653.211
48653.4
48654.1
48674.5
48740.6
48996.211
48996.4
48997.1
49020.5
49091.6
49331.211
49331.4
49332.1
49385.5
49436.6
49932.6
50140.4
50141.212
50228.5
50241.2
50741.3
51241.1
51494.6
51700.211
51700.4
51701.1
51720.5
51776.6
52060.211
52060.4
52061.1
52078.5
52138.6
52373.211
52373.4
52374.1
52399.5
52482.6
52741.211
52741.4
52742.1
52796.5
52841.6
53126.211
53126.4
53127.1
53148.5
53209.6
53480.211
53480.4
53481.1
53511.5
53568.6
53921.6
54120.4
54121.212
54205.5
54221.2
54698.4
54721.3
54874.5
55221.1
55601.4
55710.5
56793.6
57020.211
57020.4
57021.1
57040.5
57103.6
57348.211
57348.4
57349.1
57381.5
57440.6
57867.6
58067.4
58068.212
58168.2
58177.5
58603.4
58668.3
58671.5
59168.1
59715.6
59788.211
59788.4
59789.1
59833.5
59894.6
60184.211
60184.4
60185.1
60259.5
60307.6
60559.211
60559.4
60560.1
60583.5
60643.6
60928.211
60928.4
60929.1
61006.5
61057.6
61508.4
61509.212
61604.5
61609.2
62109.3
62609.1
63246.6
63371.211
63371.4
63372.1
63389.5
63449.6
63743.211
63743.4
63744.1
63759.5
63828.6
64068.211
64068.4
64069.1
64147.5
64215.6
64567.4
64568.212
64665.5
64668.2
64769.4
64810.5
65168.3
65668.1
67787.6
67998.6
68324.4
68325.212
68425.2
68438.5
68767.4
68912.5
68925.3
69425.1
70032.6
70319.211
70319.4
70320.1
70340.5
70391.6
70702.4
70703.212
70803.2
70845.5
71303.3
71803.1
72756.4
72875.5
73242.4
73264.5
73830.6
74108.211
74108.4
74109.1
74154.5
74200.6
74510.4
74511.212
74600.5
74611.2
75111.3
75239.4
75373.5
75508.4
75611.1
75618.5
76337.6
76568.211
76568.4
76569.1
76608.5
76656.6
77029.4
77030.212
77130.2
77137.5
77622.4
77630.3
77690.5
78130.1
79114.6
79392.211
79392.4
79393.1
79442.5
79493.6
79863.4
79864.212
79949.5
79964.2
80280.4
80373.5
80464.3
80964.1
81536.6
81790.211
81790.4
81791.1
81842.5
81894.6
82226.4
82227.212
82318.5
82327.2
82827.3
83327.1
84087.6
84447.4
84448.212
84548.2
84569.5
85048.3
85548.1
86631.4
86720.5
86844.6
87059.211
87059.4
87060.1
87086.5
87146.6
87448.4
87449.212
87535.5
87549.2
87621.4
87759.5
88049.3
88549.1
90144.4
90173.5
90243.6
90586.4
90587.212
90685.5
90687.2
91187.3
91687.1
92152.4
92187.5
93230.6
93364.6
93523.211
93523.4
93524.1
93571.5
93627.6
93842.211
93842.4
93843.1
93886.5
93944.6
94231.211
94231.4
94232.1
94291.5
94343.6
94615.211
94615.4
94616.1
94676.5
94743.6
95146.4
95147.212
95234.5
95247.2
95747.3
96247.1
97776.4
97823.5
97949.6
98198.6
98422.6
98776.4
98777.212
98867.5
98877.2
99377.3
99877.1
100964.6
101244.211
101244.4
101245.1
101280.5
101335.6
101651.4
101652.212
101752.2
101752.5
102252.3
102752.1
104248.4
104288.5
107242.6
107479.211
107479.4
107480.1
107531.5
107593.6
107935.4
107936.212
107936.5
107937.4
108018.5
108036.2
108536.3
109036.1
110749.4
110789.5
110873.6
111329.4
111330.212
111430.2
111475.5
111930.3
112161.4
112353.5
112430.1
114043.6
114332.211
114332.4
114333.1
114361.5
114416.6
114837.4
114838.212
114938.2
114974.5
115438.3
115938.1
116364.6
116552.211
116552.4
116553.1
116646.5
116703.6
117088.4
117089.212
117176.5
117189.2
117689.3
118189.1
119337.6
119499.211
119499.4
119500.1
119539.5
119592.6
119951.4
119952.212
120027.5
120052.2
120552.3
121052.1
121054.4
121113.5
122309.6
122460.211
122460.4
122461.1
122480.5
122542.6
122765.211
122765.4
122766.1
122853.5
122917.6
123103.211
123103.4
123104.1
123105.5
123108.4
123139.5
124978.6
125371.4
125372.212
125452.5
125472.2
125972.3
126472.1
126681.4
126705.5
126707.4
126812.5
127019.4
127071.5
130453.6
130592.211
130592.4
130593.1
130610.5
130674.6
130881.211
130881.4
130882.1
130929.5
131000.6
131338.4
131339.212
131410.5
131439.2
131720.4
131853.5
131862.4
131869.5
131939.3
132439.1
143202.6
143564.6
143795.4
143796.212
143886.5
143896.2
144396.3
144896.1
145038.6
145241.211
145241.4
145242.1
145261.5
145729.6
145882.211
145882.4
145883.1
145921.5
145979.6
146281.4
146282.212
146382.2
146388.5
146882.3
147382.1
149887.6
150217.6
150472.4
150473.212
150566.5
150573.2
150750.4
150803.5
151073.3
151443.4
151562.5
151573.1
152899.4
152926.5
152986.6
153376.4
153377.212
153470.5
153477.2
153977.3
154477.1
156296.4
156390.5
156477.6
156841.4
156842.212
156939.5
156942.2
157442.3
157942.1
159223.4
159287.5
159792.4
159884.5
160240.4
160309.5
160375.6
160756.4
160757.212
160857.2
160860.5
161357.3
161857.1
162277.4
162302.5
162361.6
162671.4
162672.212
162770.5
162772.2
163272.3
163772.1
164771.4
164804.5
164861.6
165242.4
165243.212
165323.5
165343.2
165843.3
166343.1
167008.6
167308.211
167308.4
167309.1
167344.5
167414.6
167739.4
167740.212
167827.5
167840.2
168340.3
168840.1
169879.6
170099.211
170099.4
170100.1
170122.5
170188.6
170428.211
170428.4
170429.1
170473.5
170527.6
170846.4
170847.212
170941.5
170947.2
171447.3
171947.1
174733.6
174956.211
174956.4
174957.1
174975.5
175035.6
175327.211
175327.4
175328.1
175407.5
175470.6
175758.211
175758.4
175759.1
175803.5
175861.6
176200.4
176201.212
176274.5
176301.2
176801.3
177010.4
177172.5
177175.4
177179.5
177301.1
178187.6
178390.211
178390.4
178391.1
178430.5
178487.6
178813.4
178814.212
178890.5
178914.2
179414.3
179583.4
179903.5
180000.9
123456789
11
15
15
11
15
15
14
FI
2
6
10
46
31
11
19
31
6
2
1054
0
0
0
314159265
76
0
231
180000
314159265
0.1
583.6
1006.4
1007.212
1107.2
1108.5
1607.3
1640.6
1949.6
2107.1
2768.6
3037.211
3037.4
3038.1
3097.5
3140.6
3423.211
3423.4
3424.1
3521.5
3579.6
3792.211
3792.4
3793.1
3887.5
3935.6
4201.211
4201.4
4202.1
4334.5
4386.6
4677.211
4677.4
4678.1
4711.5
4766.6
5069.4
5070.212
5170.2
5174.5
5670.3
6170.1
6607.6
6884.211
6884.4
6885.1
6908.5
6961.6
7282.4
7283.212
7375.5
7383.2
7883.3
7937.4
7946.5
8256.6
8383.1
8630.6
8990.4
8991.212
9058.5
9091.2
9591.3
9711.4
9753.5
10028.6
10091.1
10327.6
10737.4
10738.212
10827.5
10838.2
11338.3
11484.4
11563.5
11810.6
11838.1
12210.4
12278.5
12331.6
12650.4
12651.212
12746.5
12751.2
13251.3
13341.6
13751.1
13856.6
14100.211
14100.4
14101.1
14151.5
14218.6
14484.211
14484.4
14485.1
14544.5
14598.6
14903.4
14904.212
14989.5
15004.2
15504.3
15677.6
16004.1
16004.6
16099.6
16385.211
16385.4
16386.1
16422.5
16481.6
16841.4
16842.212
16919.5
16942.2
17442.3
17531.4
17738.5
17942.1
18054.6
18345.211
18345.4
18346.1
18370.5
18435.6
18764.4
18765.212
18862.5
18865.2
19365.3
19472.4
19643.5
19865.1
19871.6
20198.4
20199.212
20281.5
20299.2
20564.4
20707.5
20799.3
20847.4
21011.5
21299.1
22114.6
22395.211
22395.4
22396.1
22478.5
22523.6
22787.6
22837.4
22838.212
22911.5
22938.2
23438.3
23518.4
23521.5
23529.4
23740.5
23938.1
23970.6
24338.4
24339.212
24439.2
24441.5
24762.4
24869.5
24939.3
25193.6
25439.1
25529.6
25811.211
25811.4
25812.1
25854.5
25901.6
26173.211
26173.4
26174.1
26208.5
26257.6
26575.4
26576.212
26674.5
26676.2
26948.4
27006.5
27176.3
27676.1
28144.4
28162.5
28211.6
28519.4
28520.212
28620.2
28627.5
29120.3
29620.1
29705.6
30012.4
30013.212
30091.5
30113.2
30613.3
30634.4
30792.5
30848.4
30916.5
31113.1
31376.6
31659.211
31659.4
31660.1
31707.5
31763.6
32078.4
32079.212
32179.2
32198.5
32679.3
33179.1
33255.6
33308.211
33308.4
33309.1
33344.5
33393.6
33768.4
33769.212
33842.5
33869.2
34218.4
34256.5
34369.3
34551.4
34770.5
34869.1
35141.6
35243.211
35243.4
35244.1
35268.5
35320.6
35550.6
35608.211
35608.4
35609.1
35632.5
35711.6
36028.4
36029.212
36126.5
36129.2
36629.3
37129.1
37170.6
37456.211
37456.4
37457.1
37495.5
37554.6
37902.4
37903.212
37987.5
38003.2
38344.4
38463.5
38503.3
38761.6
39003.1
39228.6
39533.4
39534.212
39608.5
39634.2
39926.4
39979.5
40134.3
40196.4
40199.5
40210.4
40427.5
40634.1
40858.6
41185.4
41186.212
41286.2
41320.5
41371.6
41651.6
41786.3
42283.6
42286.1
42514.4
42534.5
42585.6
42961.4
42962.212
43039.5
43062.2
43455.4
43521.5
43562.3
43574.4
43577.5
43581.4
43645.5
44062.1
44461.4
44658.5
44971.6
45181.211
45181.4
45182.1
45204.5
45256.6
45539.211
45539.4
45540.1
45589.5
45641.6
45856.211
45856.4
45857.1
45878.5
45927.6
46234.4
46235.212
46330.5
46335.2
46827.4
46835.3
47057.5
47335.1
47372.6
47738.4
47739.212
47839.2
47922.5
48110.4
48198.5
48339.3
48839.1
48964.6
49240.211
49240.4
49241.1
49301.5
49359.6
49689.4
49690.212
49766.5
49790.2
50156.4
50196.5
50290.3
50770.4
50787.5
50790.1
50838.6
51187.4
51188.212
51270.5
51288.2
51788.3
52136.4
52288.1
52309.5
52607.6
52862.211
52862.4
52863.1
52902.5
52949.6
53280.4
53281.212
53381.2
53392.5
53696.4
53764.5
53881.3
53919.4
54309.5
54381.1
54544.6
54828.211
54828.4
54829.1
54856.5
54907.6
55301.4
55302.212
55386.5
55402.2
55902.3
56402.1
56601.6
56865.211
56865.4
56866.1
56954.5
57012.6
57335.4
57336.212
57429.5
57436.2
57534.4
57581.5
57936.3
58126.4
58148.5
58371.6
58436.1
58695.6
59006.4
59007.212
59095.5
59107.2
59460.4
59566.5
59607.3
60107.1
60360.6
60531.211
60531.4
60532.1
60562.5
60621.6
60945.4
60946.212
61046.2
61062.5
61546.3
61824.4
61975.5
62046.1
62589.6
62961.4
62962.212
63062.2
63078.5
63562.3
63627.4
63630.5
63634.4
63769.5
64062.1
64683.4
64699.5
64755.6
65044.211
65044.4
65045.1
65082.5
65150.6
65467.4
65468.212
65560.5
65568.2
65890.4
65920.5
66068.3
66568.1
67260.6
67592.4
67593.212
67693.2
67698.5
68193.3
68583.6
68693.1
68893.4
68914.5
68987.6
69235.211
69235.4
69236.1
69289.5
69344.6
69622.211
69622.4
69623.1
69683.5
69740.6
70099.4
70100.212
70187.5
70200.2
70642.4
70700.3
70753.5
71200.1
71446.4
71462.5
71471.4
71492.5
71567.6
71905.4
71906.212
72006.2
72103.5
72506.3
73006.1
73209.6
73580.4
73581.212
73666.5
73681.2
74181.3
74681.1
75579.6
75731.211
75731.4
75732.1
75753.5
75818.6
76059.211
76059.4
76060.1
76100.5
76161.6
76418.211
76418.4
76419.1
76457.5
76512.6
76814.4
76815.212
76898.5
76915.2
77415.3
77915.1
78365.6
78625.211
78625.4
78626.1
78664.5
78719.6
79085.4
79086.212
79185.5
79186.2
79686.3
80186.1
82044.4
82070.5
82176.6
82479.6
82731.4
82732.212
82823.5
82832.2
83332.3
83832.1
85054.4
85136.5
85213.6
85432.211
85432.4
85433.1
85485.5
85546.6
85829.211
85829.4
85830.1
85848.5
85903.6
86143.211
86143.4
86144.1
86144.5
86145.4
86175.5
86243.6
86582.4
86583.212
86671.5
86683.2
87183.3
87683.1
89287.4
89311.5
89395.6
89808.4
89809.212
89909.2
89912.5
90409.3
90909.1
92502.4
92562.5
92941.6
93281.4
93282.212
93361.5
93382.2
93882.3
94305.4
94336.5
94382.1
95558.4
95791.5
95869.6
96143.211
96143.4
96144.1
96204.5
96257.6
96532.211
96532.4
96533.1
96564.5
96619.6
97010.4
97011.212
97111.2
97123.5
97611.3
97981.4
98031.5
98111.1
98653.6
98984.4
98985.212
99068.5
99085.2
99585.3
100085.1
100236.4
100277.5
100363.6
100758.4
100759.212
100842.5
100859.2
101359.3
101859.1
102460.6
102761.4
102762.212
102861.5
102862.2
103362.3
103862.1
104293.6
104557.211
104557.4
104558.1
104615.5
104678.6
105020.4
105021.212
105101.5
105121.2
105528.4
105621.3
105663.5
105676.4
105687.5
105688.4
105692.5
105721.4
105733.5
105760.4
105869.5
106065.4
106081.5
106121.1
106590.6
106850.211
106850.4
106851.1
106886.5
106939.6
107231.211
107231.4
107232.1
107262.5
107320.6
107673.4
107674.212
107774.2
107814.5
108274.3
108774.1
109214.6
109463.211
109463.4
109464.1
109495.5
109545.6
109903.4
109904.212
109989.5
110004.2
110504.3
111004.1
111704.6
111952.211
111952.4
111953.1
112026.5
112077.6
112328.211
112328.4
112329.1
112358.5
112414.6
112734.4
112735.212
112832.5
112835.2
113335.3
113835.1
114889.6
115105.211
115105.4
115106.1
115161.5
115222.6
115521.211
115521.4
115522.1
115572.5
115622.6
116012.4
116013.212
116089.5
116113.2
116613.3
117113.1
118319.4
118377.5
118468.6
118740.211
118740.4
118741.1
118763.5
118832.6
119196.4
119197.212
119297.2
119300.5
119797.3
120297.1
122382.4
122411.5
122867.6
123336.4
123337.212
123437.2
123463.5
123937.3
124437.1
124690.6
124952.211
124952.4
124953.1
124976.5
125033.6
125554.4
125555.212
125635.5
125655.2
126105.4
126155.3
126328.5
126655.1
127039.4
127046.5
127148.6
127518.4
127519.212
127606.5
127619.2
128119.3
128619.1
129056.6
129401.4
129402.212
129498.5
129502.2
130002.3
130502.1
131125.6
131368.211
131368.4
131369.1
131409.5
131464.6
131839.4
131840.212
131940.2
131979.5
132440.3
132940.1
134285.4
134353.5
134428.6
134811.4
134812.212
134899.5
134912.2
135412.3
135912.1
136320.4
136322.5
136404.6
136679.211
136679.4
136680.1
136721.5
136774.6
137250.4
137251.212
137329.5
137351.2
137851.3
138086.4
138351.1
138497.5
138768.6
139048.211
139048.4
139049.1
139075.5
139131.6
139587.4
139588.212
139660.5
139688.2
140104.4
140155.5
140188.3
140688.1
140796.4
140840.5
141518.6
141948.4
141949.212
142049.2
142053.5
142488.4
142546.5
142549.3
143049.1
143665.6
143910.211
143910.4
143911.1
143939.5
144010.6
144276.211
144276.4
144277.1
144318.5
144375.6
144681.4
144682.212
144754.5
144782.2
145136.4
145282.3
145374.5
145516.4
145782.1
145833.5
145903.4
146245.5
146351.6
146740.4
146741.212
146841.2
146886.5
147341.3
147412.4
147730.5
147817.6
147841.1
148473.6
148727.211
148727.4
148728.1
148765.5
148812.6
149156.4
149157.212
149249.5
149257.2
149757.3
149833.4
149855.5
149876.4
149878.5
149881.4
150078.5
150257.1
150326.6
150573.211
150573.4
150574.1
150640.5
150692.6
151106.4
151107.212
151207.2
151215.5
151518.4
151707.3
151748.5
152207.1
153049.6
153296.211
153296.4
153297.1
153326.5
153381.6
153694.4
153695.212
153795.2
153806.5
154295.3
154452.4
154547.5
154795.1
155087.6
155402.4
155403.212
155495.5
155503.2
155609.4
155653.5
156003.3
156091.4
156248.5
156503.1
156610.6
156818.211
156818.4
156819.1
156895.5
156952.6
157335.4
157336.212
157436.2
157441.5
157936.3
158436.1
159938.4
160016.5
160104.6
160486.4
160487.212
160580.5
160587.2
161037.4
161087.3
161212.5
161587.1
161764.6
162041.211
162041.4
162042.1
162090.5
162144.6
162566.4
162567.212
162667.2
162671.5
163085.4
163094.5
163098.4
163167.3
163268.5
163667.1
163945.6
164185.211
164185.4
164186.1
164211.5
164264.6
164643.4
164644.212
164744.2
164746.5
165244.3
165744.1
167934.4
167962.5
168045.6
168258.211
168258.4
168259.1
168306.5
168368.6
168701.4
168702.212
168780.5
168802.2
169302.3
169333.4
169439.5
169802.1
170409.4
170489.5
170742.4
170767.5
171893.6
172204.4
172205.212
172305.2
172323.5
172805.3
173305.1
173740.6
173958.211
173958.4
173959.1
174027.5
174088.6
174319.211
174319.4
174320.1
174349.5
174431.6
174663.211
174663.4
174664.1
174685.5
174756.6
175076.4
175077.212
175161.5
175177.2
175677.3
175927.4
176037.5
176177.1
177611.6
177805.6
177980.4
177981.212
178081.2
178089.5
178389.4
178447.5
178581.3
178937.4
179081.1
180000.9
123456789
11
16
15
11
16
15
14
FI
2
6
10
49
16
11
22
16
6
2
911
0
0
0
314159265
69
0
198
180000
314159265
0.1
385.6
625.211
625.4
626.1
626.5
629.4
652.5
705.6
1106.4
1107.212
1187.5
1207.2
1707.3
2207.1
2534.6
2864.4
2865.212
2965.2
2993.5
3465.3
3965.1
4319.6
4745.4
4746.212
4846.2
4862.5
5346.3
5830.4
5846.1
5936.5
6023.6
6178.211
6178.4
6179.1
6272.5
6332.6
6800.4
6801.212
6901.2
6924.5
7401.3
7901.1
7998.6
8537.6
8904.4
8905.212
8995.5
9005.2
9450.4
9505.3
9553.5
9770.6
10005.1
10125.6
10220.6
10548.4
10549.212
10649.2
10683.5
10999.4
11071.5
11149.3
11317.6
11405.6
11464.6
11572.6
11649.1
11964.4
11976.5
12036.6
12492.4
12493.212
12584.5
12593.2
12954.4
13045.5
13093.3
13120.6
13593.1
13634.6
13991.4
13992.212
14092.2
14109.5
14592.3
14861.6
15092.1
15437.4
15452.5
15501.6
15894.4
15895.212
15995.2
16004.5
16495.3
16596.6
16927.6
16991.4
16995.1
17007.5
17071.6
17360.211
17360.4
17361.1
17486.5
17534.6
17860.4
17861.212
17961.2
17962.5
18394.4
18461.3
18669.5
18914.6
18961.1
19219.6
19276.211
19276.4
19277.1
19287.5
19333.6
19634.4
19635.212
19721.5
19735.2
20235.3
20704.6
20735.1
20762.4
20777.5
20824.6
21141.4
21142.212
21210.5
21242.2
21590.4
21640.5
21742.3
22124.4
22142.5
22156.4
22159.5
22163.4
22233.5
22242.1
23108.4
23113.5
23173.6
23614.4
23615.212
23694.5
23715.2
23900.4
23940.5
24215.3
24583.4
24715.1
24822.5
25045.6
25272.211
25272.4
25273.1
25296.5
25353.6
25687.4
25688.212
25780.5
25788.2
26288.3
26502.4
26511.5
26518.4
26727.5
26730.4
26733.5
26788.1
27018.6
27317.211
27317.4
27318.1
27341.5
27412.6
27712.211
27712.4
27713.1
27742.5
27956.6
28255.211
28255.4
28256.1
28281.5
28330.6
28627.211
28627.4
28628.1
28658.5
28740.6
28990.211
28990.4
28991.1
29240.5
29307.6
29626.4
29627.212
29727.2
29746.5
30227.3
30727.1
31375.6
31743.4
31744.212
31829.5
31844.2
32272.4
32344.3
32368.5
32598.6
32844.1
32964.6
33250.211
33250.4
33251.1
33276.5
33332.6
33687.4
33688.212
33769.5
33788.2
34288.3
34347.4
34597.5
34788.1
36327.6
36557.211
36557.4
36558.1
36600.5
36654.6
36938.211
36938.4
36939.1
36964.5
37017.6
37458.4
37459.212
37559.2
37571.5
38059.3
38559.1
40219.6
40588.4
40589.212
40679.5
40689.2
41189.3
41237.4
41314.5
41689.1
42293.6
42556.211
42556.4
42557.1
42576.5
42627.6
42894.211
42894.4
42895.1
42929.5
42980.6
43308.4
43309.212
43396.5
43409.2
43909.3
44251.4
44409.1
44449.5
44466.4
44504.5
44989.6
45339.4
45340.212
45435.5
45440.2
45940.3
46440.1
47495.4
47597.5
47669.6
48059.4
48060.212
48140.5
48160.2
48660.3
48891.6
49160.1
49323.6
49639.4
49640.212
49723.5
49740.2
50240.3
50740.1
51056.4
51068.5
51347.4
51481.5
52061.4
52133.5
52261.4
52337.5
52809.6
53015.211
53015.4
53016.1
53035.5
53093.6
53362.211
53362.4
53363.1
53448.5
53500.6
53789.211
53789.4
53790.1
53817.5
53881.4
53932.5
53989.6
54259.211
54259.4
54260.1
54307.5
54356.6
54594.211
54594.4
54595.1
54667.5
54717.6
55044.4
55045.212
55132.5
55145.2
55645.3
56145.1
57954.4
58044.5
58161.6
58445.6
58688.4
58689.212
58788.5
58789.2
59289.3
59789.1
59918.6
60280.4
60281.212
60381.2
60389.5
60603.4
60650.5
60881.3
61282.4
61381.1
61439.5
61944.6
62236.211
62236.4
62237.1
62264.5
62320.6
62680.4
62681.212
62770.5
62781.2
63281.3
63781.1
64096.4
64117.5
64638.6
64897.211
64897.4
64898.1
65049.5
65131.6
65477.4
65478.212
65556.5
65578.2
65936.4
66004.5
66078.3
66578.1
67149.6
67458.4
67459.212
67550.5
67559.2
68059.3
68559.1
68689.6
68888.211
68888.4
68889.1
68918.5
68973.6
69297.4
69298.212
69382.5
69398.2
69498.4
69610.5
69898.3
70308.6
70398.1
70614.4
70629.5
70684.6
71002.4
71003.212
71089.5
71103.2
71603.3
71650.4
71768.5
72103.1
72521.4
72681.5
74880.6
75241.4
75242.212
75342.2
75361.5
75842.3
75902.4
75956.5
76342.1
77730.6
78057.4
78058.212
78139.5
78158.2
78658.3
79158.1
80294.4
80387.5
80471.6
80777.4
80778.212
80860.5
80878.2
81265.4
81378.3
81712.5
81816.6
81878.1
82286.6
82519.211
82519.4
82520.1
82546.5
82600.6
83004.4
83005.212
83087.5
83105.2
83605.3
83840.6
84105.1
84125.4
84241.5
84307.6
84676.4
84677.212
84777.2
84793.5
85277.3
85777.1
86129.6
86449.4
86450.212
86540.5
86550.2
87050.3
87260.4
87280.5
87363.6
87550.1
87792.4
87816.5
87879.6
88148.211
88148.4
88149.1
88198.5
88251.6
88541.211
88541.4
88542.1
88593.5
88644.6
88930.211
88930.4
88931.1
88958.5
89014.6
89398.4
89399.212
89499.2
89516.5
89999.3
90499.1
92226.4
92228.5
92229.4
92232.5
92234.4
92560.5
92640.6
92906.211
92906.4
92907.1
93016.5
93084.6
93379.211
93379.4
93380.1
93408.5
93493.6
93782.211
93782.4
93783.1
93843.5
93899.6
94209.4
94210.212
94303.5
94310.2
94672.4
94810.3
94811.5
95310.1
95551.6
95859.4
95860.212
95960.2
95969.5
96460.3
96682.6
96960.1
97097.6
97543.4
97544.212
97644.2
97667.5
98144.3
98644.1
100397.4
100428.5
101185.6
101573.4
101574.212
101644.5
101674.2
102174.3
102359.4
102561.5
102674.1
103435.6
103635.211
103635.4
103636.1
103662.5
103715.6
104122.4
104123.212
104209.5
104223.2
104723.3
105223.1
105825.6
106079.211
106079.4
106080.1
106140.5
106196.6
106629.4
106630.212
106730.2
106747.5
107230.3
107730.1
109431.4
109450.5
109523.6
109911.4
109912.212
109992.5
110012.2
110512.3
110636.4
110659.5
111012.1
111060.4
111090.5
111188.6
111517.4
111518.212
111598.5
111618.2
112118.3
112618.1
113652.6
113878.211
113878.4
113879.1
113895.5
113960.6
114238.211
114238.4
114239.1
114263.5
114321.6
114577.211
114577.4
114578.1
114598.5
114663.6
114999.4
115000.212
115100.2
115102.5
115580.4
115600.3
115876.5
115892.4
115969.5
116100.1
116577.4
116593.5
116645.6
117019.4
117020.212
117112.5
117120.2
117620.3
118120.1
118693.6
118938.211
118938.4
118939.1
118955.5
119029.6
119405.4
119406.212
119480.5
119506.2
120006.3
120352.4
120506.1
120686.5
121076.6
121478.4
121479.212
121574.5
121579.2
121837.4
121838.5
121879.4
122079.3
122529.5
122579.1
122633.6
123146.4
123147.212
123245.5
123247.2
123747.3
124247.1
126118.4
126136.5
126238.6
126520.211
126520.4
126521.1
126544.5
126611.6
127030.4
127031.212
127105.5
127131.2
127631.3
127657.4
127744.5
128131.1
128819.6
129171.4
129172.212
129260.5
129272.2
129609.4
129663.5
129772.3
129979.4
130125.5
130272.1
130893.6
131088.211
131088.4
131089.1
131112.5
131182.6
131482.211
131482.4
131483.1
131537.5
131620.6
131939.4
131940.212
132040.2
132049.5
132540.3
133040.1
134582.4
134624.5
134721.6
135121.4
135122.212
135204.5
135222.2
135722.3
136222.1
136906.4
136930.5
137015.6
137440.4
137441.212
137541.2
137547.5
137964.4
138041.3
138056.5
138286.4
138419.5
138541.1
139044.6
139405.4
139406.212
139506.2
139601.5
140006.3
140382.4
140449.5
140506.1
141104.6
141370.211
141370.4
141371.1
141436.5
141493.6
141837.4
141838.212
141933.5
141938.2
142438.3
142617.4
142672.5
142938.1
143143.4
143159.5
143480.6
143662.211
143662.4
143663.1
143765.5
143824.6
144139.4
144140.212
144223.5
144240.2
144740.3
144849.4
145039.5
145240.1
145466.6
145786.4
145787.212
145887.2
145900.5
146387.3
146887.1
148158.4
148291.5
148503.6
148865.4
148866.212
148966.2
148967.5
149466.3
149966.1
150367.6
150568.211
150568.4
150569.1
150622.5
150704.6
150992.211
150992.4
150993.1
151059.5
151151.6
151576.4
151577.212
151675.5
151677.2
152177.3
152677.1
154024.4
154026.5
154027.4
154044.5
154135.6
154545.4
154546.212
154623.5
154646.2
155146.3
155331.4
155547.5
155646.1
157213.6
157277.211
157277.4
157278.1
157307.5
157399.6
157633.211
157633.4
157634.1
157659.5
157726.6
158077.4
158078.212
158171.5
158178.2
158678.3
159178.1
159913.6
160100.211
160100.4
160101.1
160130.5
160225.6
160427.211
160427.4
160428.1
160504.5
160568.6
160909.4
160910.212
160995.5
161010.2
161510.3
162010.1
164935.6
165183.6
165383.4
165384.212
165463.5
165484.2
165984.3
166484.1
167373.4
167403.5
167409.4
167549.5
168875.6
169029.211
169029.4
169030.1
169095.5
169164.6
169485.4
169486.212
169586.2
169590.5
170086.3
170586.1
175318.4
175329.5
175402.6
175624.211
175624.4
175625.1
175648.5
175710.6
176051.4
176052.212
176129.5
176152.2
176652.3
177152.1
178554.6
179493.4
179494.212
179594.2
180000.9
123456789
11
17
15
11
17
15
14
FI
2
6
10
49
57
11
22
57
6
2
780
0
0
0
314159265
67
0
177
180000
314159265
0.1
332.6
541.6
790.6
1025.4
1026.212
1125.5
1126.2
1537.4
1619.5
1626.3
2126.1
2303.6
2656.4
2657.212
2729.5
2757.2
3257.3
3562.6
3757.1
4250.6
4608.4
4609.212
4693.5
4709.2
5037.4
5209.3
5209.5
5709.1
5715.6
5815.6
6072.4
6073.212
6144.5
6173.2
6673.3
6723.6
6833.6
7173.1
7201.4
7259.5
7304.6
7671.4
7672.212
7771.5
7772.2
8058.4
8194.5
8272.3
8689.6
8772.1
8773.6
9202.4
9203.212
9301.5
9303.2
9803.3
9849.4
9992.5
10230.6
10303.1
10794.6
11269.4
11270.212
11349.5
11370.2
11870.3
12370.1
12793.6
13095.4
13096.212
13191.5
13196.2
13410.4
13586.5
13591.4
13595.5
13696.3
13895.6
14196.1
14230.4
14246.5
14291.6
14702.4
14703.212
14778.5
14803.2
15177.4
15299.5
15303.3
15803.1
16097.4
16114.5
16164.6
16602.4
16603.212
16690.5
16703.2
17203.3
17703.1
18162.4
18174.5
18178.4
18269.5
18326.6
18656.4
18657.212
18745.5
18757.2
19088.4
19113.5
19257.3
19610.6
19757.1
20046.4
20065.5
20120.6
20515.4
20516.212
20591.5
20616.2
21116.3
21529.6
21616.1
21934.4
21958.5
22025.6
22454.4
22455.212
22538.5
22555.2
22909.4
23055.3
23107.5
23122.4
23446.5
23555.1
23874.6
24258.4
24259.212
24335.5
24359.2
24859.3
24935.4
24964.5
25359.1
25724.4
25798.5
25848.6
26134.211
26134.4
26135.1
26258.5
26311.6
26737.4
26738.212
26838.2
26906.5
27338.3
27576.4
27596.5
27674.6
27838.1
28147.6
28404.211
28404.4
28405.1
28429.5
28462.4
28495.5
29058.4
29076.5
29134.6
29554.4
29555.212
29626.5
29655.2
29734.4
29783.5
30012.4
30155.3
30220.5
30655.1
30946.6
31289.4
31290.212
31388.5
31390.2
31890.3
32238.4
32293.5
32390.1
33254.4
33265.5
33326.6
33690.4
33691.212
33772.5
33791.2
34291.3
34791.1
34853.4
34876.5
34930.6
35432.4
35433.212
35533.2
35549.5
35922.4
36033.3
36171.5
36248.4
36433.5
36533.1
36955.6
37211.211
37211.4
37212.1
37309.5
37362.6
37873.4
37874.212
37961.5
37974.2
38474.3
38482.4
38658.5
38974.1
39519.4
39535.5
39594.6
39968.4
39969.212
40058.5
40069.2
40569.3
40685.4
40745.5
40860.4
40924.5
41069.1
41555.4
41660.5
42047.6
42494.4
42495.212
42595.2
42602.5
43095.3
43164.4
43264.5
43595.1
44029.6
44324.211
44324.4
44325.1
44385.5
44436.6
44814.4
44815.212
44902.5
44915.2
45415.3
45915.1
45958.4
45961.5
48464.6
48733.211
48733.4
48734.1
48753.5
48809.6
49213.4
49214.212
49291.5
49314.2
49575.4
49696.5
49814.3
50314.1
50599.6
50907.4
50908.212
51003.5
51008.2
51508.3
52008.1
52183.4
52193.5
52273.6
52597.4
52598.212
52683.5
52698.2
53198.3
53671.4
53674.5
53698.1
53747.6
54083.4
54084.212
54173.5
54184.2
54684.3
54912.4
55091.5
55184.1
55969.6
56285.4
56286.212
56386.2
56413.5
56886.3
57386.1
58858.4
58883.5
58959.6
59334.4
59335.212
59434.5
59435.2
59935.3
60435.1
60539.4
60548.5
60635.6
60954.4
60955.212
61033.5
61055.2
61555.3
61627.4
61730.5
62055.1
62886.6
63146.211
63146.4
63147.1
63268.5
63335.6
63623.211
63623.4
63624.1
63674.5
63742.6
64083.4
64084.212
64162.5
64184.2
64684.3
65184.1
66029.6
66431.4
66432.212
66507.5
66532.2
67032.3
67532.1
68478.6
68847.4
68848.212
68913.5
68948.2
69448.3
69948.1
70102.6
70477.4
70478.212
70561.5
70578.2
71078.3
71578.1
72151.6
72509.4
72510.212
72579.5
72610.2
73110.3
73610.1
74405.6
74746.4
74747.212
74847.2
74852.5
75347.3
75847.1
77308.4
77333.5
77405.6
77764.4
77765.212
77865.2
77888.5
78365.3
78460.4
78484.5
78544.6
78865.1
79100.4
79117.5
79181.6
79509.4
79510.212
79610.2
79651.5
80110.3
80610.1
80908.6
81314.4
81315.212
81407.5
81415.2
81915.3
82415.1
82426.6
82726.211
82726.4
82727.1
82787.5
82841.6
83141.211
83141.4
83142.1
83203.5
83264.6
83724.4
83725.212
83807.5
83825.2
84325.3
84825.1
85412.6
85763.4
85764.212
85846.5
85864.2
86364.3
86464.4
86668.5
86864.1
87786.6
88162.4
88163.212
88257.5
88263.2
88763.3
89263.1
90166.4
90186.5
90253.6
90634.4
90635.212
90735.2
90746.5
91083.4
91223.5
91235.3
91735.1
92120.6
92411.211
92411.4
92412.1
92445.5
92503.6
92955.4
92956.212
93056.2
93091.5
93276.4
93449.5
93509.4
93556.3
93817.5
94056.1
94406.6
94764.4
94765.212
94865.2
94896.5
95146.4
95263.5
95365.3
95865.1
96167.6
96471.4
96472.212
96569.5
96572.2
97072.3
97572.1
97732.6
97909.211
97909.4
97910.1
97925.5
97982.6
98349.4
98350.212
98432.5
98450.2
98749.4
98752.5
98753.4
98865.5
98950.3
99450.1
99851.6
99964.211
99964.4
99965.1
100037.5
100093.6
100426.4
100427.212
100523.5
100527.2
101027.3
101527.1
102338.6
102530.211
102530.4
102531.1
102554.5
102618.6
103007.4
103008.212
103093.5
103108.2
103362.4
103415.5
103608.3
104108.1
105283.6
105531.211
105531.4
105532.1
105553.5
105610.6
105960.4
105961.212
106036.5
106061.2
106561.3
107061.1
111827.6
112286.4
112287.212
112387.2
112478.5
112887.3
113043.4
113236.5
113387.1
115891.6
116271.4
116272.212
116372.2
116434.5
116872.3
117372.1
118160.6
118932.6
119135.6
119273.4
119274.212
119374.2
119406.5
119874.3
120209.4
120257.5
120374.1
120869.4
120935.5
121408.4
121432.5
121445.4
121759.5
122361.4
122400.5
122471.6
122812.4
122813.212
122906.5
122913.2
123413.3
123589.4
123707.5
123913.1
124501.6
124794.211
124794.4
124795.1
124860.5
124915.6
125193.211
125193.4
125194.1
125231.5
125289.6
125779.4
125780.212
125868.5
125880.2
126380.3
126880.1
127863.4
127895.5
127975.6
128303.4
128304.212
128394.5
128404.2
128904.3
129269.4
129299.5
129310.4
129327.5
129404.1
130431.4
130451.5
130510.6
130910.4
130911.212
131007.5
131011.2
131218.4
131395.5
131511.3
131979.4
131998.5
132011.1
132053.6
132393.4
132394.212
132494.2
132499.5
132917.4
132994.3
133024.5
133131.4
133179.5
133447.4
133494.1
133564.5
135296.6
135527.211
135527.4
135528.1
135547.5
135600.6
135808.211
135808.4
135809.1
135847.5
135910.6
136216.4
136217.212
136317.2
136338.5
136817.3
137317.1
137521.6
137685.211
137685.4
137686.1
137738.5
137797.6
138118.4
138119.212
138219.2
138225.5
138603.4
138689.5
138719.3
139219.1
141421.6
141866.4
141867.212
141967.2
142028.5
142467.3
142967.1
144320.4
144323.5
144593.6
145156.4
145157.212
145257.2
145268.5
145757.3
146257.1
147869.4
147883.5
148460.6
148843.4
148844.212
148944.2
149301.5
149444.3
149944.1
150164.4
150262.5
153358.6
154505.4
154506.212
154606.2
154629.5
155106.3
155606.1
155637.4
155655.5
156123.4
156262.5
161075.6
161206.6
161350.211
161350.4
161351.1
161352.5
161417.6
161795.6
161895.4
161896.212
161897.5
161901.4
161996.2
162044.5
162496.3
162996.1
164908.6
165159.211
165159.4
165160.1
165200.5
170078.6
170223.6
170414.4
170415.212
170515.2
170556.5
171015.3
171515.1
173753.6
173969.211
173969.4
173970.1
174045.5
174688.6
174969.211
174969.4
174970.1
174993.5
175085.6
175193.6
175765.4
175766.212
175866.2
175972.5
176366.3
176481.4
176545.5
176866.1
177036.4
177093.5
177649.4
177705.5
177952.4
178045.5
178501.4
178612.5
178981.4
178983.5
178985.4
179082.5
179482.4
179543.5
179546.4
180000.9
123456789
11
18
15
11
18
15
14
FI
2
6
10
46
34
11
19
34
6
2
897
0
0
0
314159265
73
0
189
180000
314159265
0.1
156.6
339.211
339.4
340.1
350.5
399.6
748.4
749.212
835.5
849.2
1113.4
1194.5
1349.3
1626.6
1849.1
1937.4
1939.5
1941.4
1960.5
2009.6
2358.4
2359.212
2459.2
2480.5
2781.4
2947.5
2959.3
3449.6
3459.1
3708.4
3727.5
3772.6
4111.4
4112.212
4200.5
4212.2
4493.4
4562.5
4712.3
4956.6
5055.6
5212.1
5537.4
5556.5
5558.4
5560.5
5621.6
6060.4
6061.212
6143.5
6161.2
6526.4
6600.5
6644.4
6658.5
6661.3
7161.1
7474.6
7835.4
7836.212
7936.2
7937.5
8436.3
8764.6
8936.1
9122.4
9141.5
9193.6
9573.4
9574.212
9657.5
9674.2
10006.4
10077.5
10174.3
10542.6
10597.4
10599.5
10667.6
10674.1
11098.4
11100.5
11106.4
11122.5
11170.6
11558.4
11559.212
11659.2
11662.5
12159.3
12421.6
12659.1
12758.4
12778.5
12829.6
13274.4
13275.212
13375.2
13499.5
13559.6
13875.3
13932.6
14024.6
14375.1
14406.4
14426.5
14483.6
14896.4
14897.212
14984.5
14997.2
15360.4
15430.5
15497.3
15985.6
15997.1
16336.4
16338.5
16387.6
16822.4
16823.212
16923.2
16935.5
17423.3
17675.4
17697.5
17923.1
18149.6
18540.4
18541.212
18624.5
18641.2
18878.4
19000.5
19141.3
19589.4
19600.5
19641.1
19655.6
20075.4
20076.212
20159.5
20176.2
20676.3
21153.6
21176.1
21529.6
21899.4
21900.212
21979.5
22000.2
22500.3
22693.6
22895.4
22901.5
22952.6
23000.1
23488.6
23844.4
23845.212
23915.5
23945.2
24445.3
24510.4
24601.5
24945.1
25199.6
25550.4
25551.212
25651.2
25774.5
26068.6
26151.3
26318.6
26651.1
26828.4
26851.5
26927.6
27196.211
27196.4
27197.1
27292.5
27303.4
27332.5
27387.6
27701.4
27702.212
27801.5
27802.2
27877.4
28119.5
28302.3
28329.4
28530.5
28802.1
28973.6
29342.4
29343.212
29434.5
29443.2
29943.3
30347.6
30443.1
30738.6
31049.4
31050.212
31129.5
31150.2
31650.3
32119.6
32150.1
32430.6
32858.4
32859.212
32959.2
32972.5
33459.3
33959.1
34236.6
34648.4
34649.212
34749.2
34756.5
35249.3
35749.1
35937.6
36268.4
36269.212
36369.2
36394.5
36869.3
37078.6
37369.1
37408.6
37832.4
37833.212
37933.2
37934.5
38433.3
38933.1
39095.6
39521.4
39522.212
39622.2
39625.5
40122.3
40161.4
40218.5
40622.1
40936.4
41042.5
41674.6
42060.4
42061.212
42148.5
42161.2
42661.3
42695.4
42777.5
43161.1
43342.6
43671.4
43672.212
43766.5
43772.2
44272.3
44388.4
44505.5
44772.1
45579.6
45735.211
45735.4
45736.1
45766.5
45840.6
46171.4
46172.212
46272.2
46334.5
46772.3
47272.1
48231.4
48374.5
48450.6
48781.4
48782.212
48882.2
48894.5
49382.3
49613.4
49704.5
49882.1
49950.4
49959.5
50046.6
50340.211
50340.4
50341.1
50443.5
50503.6
50842.4
50843.212
50928.5
50943.2
51443.3
51917.4
51927.5
51943.1
53115.4
53117.5
53192.6
53524.4
53525.212
53625.2
53649.5
54125.3
54625.1
55956.4
56074.5
56188.6
56492.4
56493.212
56579.5
56593.2
57093.3
57593.1
58678.4
58710.5
58810.6
59172.4
59173.212
59254.5
59273.2
59773.3
60265.4
60273.1
60278.5
61093.6
61388.211
61388.4
61389.1
61534.5
61605.6
61993.4
61994.212
62085.5
62094.2
62594.3
63094.1
64030.6
64349.4
64350.212
64450.2
64462.5
64950.3
65024.4
65245.5
65450.1
65739.6
66056.4
66057.212
66149.5
66157.2
66657.3
67157.1
68059.6
68328.211
68328.4
68329.1
68385.5
68449.6
68810.4
68811.212
68909.5
68911.2
69411.3
69531.4
69586.5
69902.4
69911.1
69993.5
71711.4
71730.5
71843.6
72131.211
72131.4
72132.1
72194.5
72268.6
72606.4
72607.212
72698.5
72707.2
73030.4
73207.3
73228.5
73707.1
73855.6
74198.4
74199.212
74299.2
74305.5
74799.3
75045.4
75299.1
75581.5
76070.6
76376.4
76377.212
76476.5
76477.2
76875.4
76962.5
76977.3
77477.1
79222.6
79369.211
79369.4
79370.1
79403.5
79477.6
79741.211
79741.4
79742.1
79865.5
79956.6
80366.4
80367.212
80445.5
80467.2
80819.4
80967.3
81062.5
81467.1
82365.6
82645.211
82645.4
82646.1
82670.5
82738.6
83142.4
83143.212
83237.5
83243.2
83508.4
83581.5
83743.3
84243.1
87720.6
87799.211
87799.4
87800.1
87806.5
88306.6
88581.211
88581.4
88582.1
88638.5
88729.6
89068.4
89069.212
89145.5
89169.2
89669.3
90169.1
90547.6
90754.211
90754.4
90755.1
90821.5
90884.6
91285.4
91286.212
91366.5
91386.2
91886.3
92386.1
93428.6
93718.211
93718.4
93719.1
93745.5
93808.6
94206.4
94207.212
94303.5
94307.2
94807.3
95307.1
96169.6
96498.4
96499.212
96575.5
96599.2
97099.3
97599.1
98522.4
98534.5
98613.6
98909.211
98909.4
98910.1
98977.5
99039.6
99434.4
99435.212
99535.2
99559.5
100035.3
100252.6
100535.1
100691.4
100704.5
101089.6
101456.4
101457.212
101545.5
101557.2
101870.4
101968.5
102057.3
102557.1
102656.6
102838.211
102838.4
102839.1
102903.5
102966.6
103341.4
103342.212
103442.2
103580.5
103942.3
103973.6
104442.1
104494.4
104496.5
104571.6
104858.211
104858.4
104859.1
104907.5
104966.6
105382.4
105383.212
105479.5
105483.2
105983.3
106483.1
106874.6
107122.6
107368.6
107662.4
107663.212
107756.5
107763.2
108263.3
108351.4
108569.5
108763.1
109276.6
109530.6
109800.6
110175.4
110176.212
110268.5
110276.2
110776.3
111276.1
111288.4
111292.5
111293.4
111306.5
111397.6
111728.4
111729.212
111829.2
111831.5
112329.3
112829.1
113556.6
113628.211
113628.4
113629.1
113677.5
113747.6
114111.4
114112.212
114199.5
114212.2
114712.3
115212.1
115840.6
116144.6
116352.4
116353.212
116453.2
116480.5
116953.3
117453.1
119611.4
119614.5
119615.4
119648.5
119655.4
119666.5
119767.6
120050.211
120050.4
120051.1
120093.5
120159.6
120512.4
120513.212
120603.5
120613.2
121113.3
121219.4
121223.5
121303.4
121309.5
121323.4
121530.5
121613.1
122234.6
122493.211
122493.4
122494.1
122494.5
122495.4
122531.5
122600.6
123025.4
123026.212
123112.5
123126.2
123626.3
124126.1
124474.6
124754.211
124754.4
124755.1
124812.5
124876.6
125246.4
125247.212
125347.2
125366.5
125847.3
126158.6
126347.1
126969.4
126988.5
127056.6
127353.211
127353.4
127354.1
127455.5
127525.6
127931.4
127932.212
128022.5
128032.2
128532.3
129032.1
129406.6
129764.4
129765.212
129851.5
129865.2
130355.4
130365.3
130404.5
130865.1
130865.4
131270.5
132071.6
132331.211
132331.4
132332.1
132366.5
132428.6
132670.211
132670.4
132671.1
132705.5
132774.6
133239.4
133240.212
133340.2
133343.5
133840.3
134340.1
135056.6
135259.211
135259.4
135260.1
135278.5
135358.6
135738.4
135739.212
135839.2
135922.5
136339.3
136839.1
137933.6
138318.4
138319.212
138399.5
138419.2
138919.3
139419.1
139734.6
139864.211
139864.4
139865.1
139893.5
139962.6
140264.4
140265.212
140344.5
140365.2
140865.3
141365.1
143996.6
144189.211
144189.4
144190.1
144204.5
144259.6
144629.4
144630.212
144714.5
144730.2
145219.4
145230.3
145287.5
145730.1
147596.6
147848.211
147848.4
147849.1
147875.5
147936.6
148237.4
148238.212
148328.5
148338.2
148838.3
148872.4
148934.5
149094.4
149338.1
149690.5
150430.6
150724.211
150724.4
150725.1
150771.5
150834.6
151275.4
151276.212
151375.5
151376.2
151876.3
152376.1
153426.4
153708.5
153716.4
153763.5
153912.4
153999.5
154822.4
154834.5
154900.6
155318.4
155319.212
155407.5
155419.2
155919.3
156419.1
156491.6
156734.211
156734.4
156735.1
156779.5
156841.6
157148.4
157149.212
157249.2
157271.5
157664.4
157749.3
157754.5
158249.1
158550.6
158680.211
158680.4
158681.1
158712.5
158781.6
159177.4
159178.212
159251.5
159278.2
159778.3
160278.1
160714.6
160987.211
160987.4
160988.1
161044.5
161092.6
161448.4
161449.212
161532.5
161549.2
162049.3
162549.1
163616.6
163784.211
163784.4
163785.1
163872.5
163931.6
164260.4
164261.212
164338.5
164361.2
164861.3
165361.1
165737.6
165997.211
165997.4
165998.1
166017.5
166075.6
166389.4
166390.212
166464.5
166490.2
166990.3
167490.1
168452.6
168677.211
168677.4
168678.1
168770.5
169093.6
169319.211
169319.4
169320.1
169414.5
169478.6
169576.6
169648.211
169648.4
169649.1
169700.5
169766.6
169966.211
169966.4
169967.1
169995.5
170566.6
170786.211
170786.4
170787.1
170900.5
171151.6
171421.211
171421.4
171422.1
171455.5
174179.6
174466.6
174800.4
174801.212
174900.5
174901.2
175397.4
175401.3
175496.5
175901.1
177967.6
178130.6
178344.4
178345.212
178442.5
178445.2
178945.3
179241.4
179401.5
180000.9
123456789
11
19
15
11
19
15
14
FI
2
6
10
48
56
11
21
56
6
2
915
0
0
0
314159265
78
0
193
180000
314159265
0.1
124.6
275.211
275.4
276.1
290.5
342.6
686.4
687.212
787.2
803.5
1287.3
1553.4
1596.5
1787.1
2152.6
2463.4
2464.212
2541.5
2564.2
2750.4
2883.5
3064.3
3478.6
3564.1
3870.4
3886.5
3940.6
4310.4
4311.212
4411.2
4442.5
4886.4
4911.3
4946.5
5344.6
5411.1
5619.4
5620.5
5685.6
6055.4
6056.212
6142.5
6156.2
6603.4
6656.3
6797.5
7156.1
7412.4
7423.5
7482.6
7879.4
7880.212
7963.5
7980.2
8351.4
8424.5
8480.3
8701.6
8743.6
8784.6
8980.1
9220.4
9248.5
9304.6
9721.4
9722.212
9804.5
9822.2
10322.3
10822.1
10892.6
11224.4
11225.212
11312.5
11325.2
11825.3
12325.1
12349.6
12675.4
12676.212
12759.5
12776.2
12822.4
12868.5
13276.3
13776.1
14319.6
14708.4
14709.212
14792.5
14809.2
15078.4
15109.5
15309.3
15660.6
15809.1
16076.6
16424.4
16425.212
16525.2
16539.5
17025.3
17525.1
17616.6
17971.4
17972.212
18068.5
18072.2
18572.3
18632.4
18769.5
19072.1
19083.6
19188.6
19574.4
19575.212
19651.5
19675.2
20015.4
20175.3
20212.5
20567.6
20675.1
20948.6
21270.4
21271.212
21371.2
21382.5
21806.4
21807.5
21871.3
22159.6
22371.1
22450.6
22840.4
22841.212
22941.2
22948.5
23432.4
23441.3
23490.5
23941.1
23998.6
24036.6
24114.211
24114.4
24115.1
24128.5
24188.6
24606.4
24607.212
24694.5
24707.2
25207.3
25707.1
27130.6
27529.4
27530.212
27530.5
27531.4
27603.5
27630.2
27695.4
27741.5
28130.3
28308.4
28368.5
28630.1
28789.4
28860.5
29458.6
29781.4
29782.212
29864.5
29882.2
30382.3
30882.1
31713.6
31938.211
31938.4
31939.1
32014.5
32090.6
32443.4
32444.212
32521.5
32544.2
32677.4
32730.5
33044.3
33292.4
33400.5
33544.1
33722.6
33763.6
33837.211
33837.4
33838.1
33855.5
33922.6
34240.4
34241.212
34326.5
34341.2
34676.4
34805.5
34841.3
35241.6
35341.1
35623.4
35636.5
35712.6
36104.4
36105.212
36197.5
36205.2
36705.3
37205.1
37951.6
38314.4
38315.212
38415.2
38431.5
38915.3
39415.1
39677.4
39692.5
39752.6
40193.4
40194.212
40294.2
40295.5
40522.4
40564.5
40794.3
40884.4
41042.5
41294.1
41471.6
41852.4
41853.212
41953.2
41966.5
42212.4
42277.5
42453.3
42953.1
43838.6
44117.211
44117.4
44118.1
44143.5
44215.6
44586.4
44587.212
44684.5
44687.2
45187.3
45687.1
46621.4
46636.5
47302.4
47313.5
47373.6
47748.4
47749.212
47849.2
47874.5
48349.3
48849.1
49220.6
49484.211
49484.4
49485.1
49508.5
49567.6
49979.4
49980.212
50062.5
50080.2
50580.3
51064.6
51080.1
51493.6
51683.211
51683.4
51684.1
51707.5
51766.6
52144.4
52145.212
52240.5
52245.2
52745.3
53245.1
53389.6
53716.4
53717.212
53792.5
53817.2
54036.4
54095.5
54317.3
54750.6
54817.1
55170.4
55189.5
55248.6
55600.4
55601.212
55688.5
55701.2
56201.3
56220.4
56512.5
56701.1
56879.6
57203.4
57204.212
57283.5
57304.2
57804.3
57892.6
58304.1
58914.6
59205.211
59205.4
59206.1
59245.5
59300.6
59702.4
59703.212
59797.5
59803.2
60303.3
60803.1
60962.6
61212.211
61212.4
61213.1
61259.5
61315.6
61703.4
61704.212
61777.5
61804.2
62304.3
62445.4
62523.5
62804.1
63396.6
63784.4
63785.212
63877.5
63885.2
64213.4
64380.5
64385.3
64885.1
64977.6
65259.211
65259.4
65260.1
65270.5
65328.6
65660.4
65661.212
65742.5
65761.2
66261.3
66423.4
66428.5
66471.4
66713.5
66761.1
66831.6
67134.4
67135.212
67214.5
67235.2
67487.4
67520.5
67524.4
67695.5
67696.4
67707.5
67735.3
68235.1
68343.6
68625.211
68625.4
68626.1
68714.5
68767.6
69215.4
69216.212
69309.5
69316.2
69816.3
70000.4
70052.5
70316.1
70912.6
71190.211
71190.4
71191.1
71229.5
71285.6
71690.4
71691.212
71777.5
71791.2
72065.4
72102.5
72291.3
72791.1
72971.6
73311.6
73553.4
73554.212
73634.5
73654.2
73992.4
73994.5
73997.4
74103.5
74154.3
74654.1
76112.6
76407.211
76407.4
76408.1
76432.5
76495.6
76818.4
76819.212
76914.5
76919.2
77419.3
77919.1
78644.4
78651.5
78665.4
78752.5
78827.6
79154.4
79155.212
79255.2
79263.5
79755.3
80206.6
80255.1
80544.6
80846.4
80847.212
80943.5
80947.2
81447.3
81947.1
81970.4
81979.5
82067.6
82257.211
82257.4
82258.1
82282.5
82346.6
82659.4
82660.212
82728.5
82760.2
83260.3
83760.1
84270.6
84438.211
84438.4
84439.1
84465.5
84528.6
84901.4
84902.212
84983.5
85002.2
85502.3
86002.1
86438.4
86457.5
86533.6
86661.6
86730.211
86730.4
86731.1
86769.5
86896.6
87233.4
87234.212
87298.5
87334.2
87834.3
88334.1
88819.6
88851.6
89179.4
89180.212
89257.5
89280.2
89780.3
90280.1
90467.6
90890.4
90891.212
90974.5
90991.2
91491.3
91499.4
91550.5
91627.4
91991.1
91996.5
92081.6
92526.4
92527.212
92602.5
92627.2
93127.3
93132.4
93181.5
93488.4
93508.5
93581.6
93627.1
94140.4
94178.5
94234.6
94632.4
94633.212
94725.5
94733.2
95165.4
95168.5
95171.4
95174.5
95179.4
95233.3
95503.5
95733.1
96027.6
96390.4
96391.212
96479.5
96491.2
96991.3
97491.1
98852.6
99144.211
99144.4
99145.1
99259.5
99325.6
99715.4
99716.212
99815.5
99816.2
100316.3
100686.4
100698.5
100816.1
101193.6
101487.211
101487.4
101488.1
101536.5
101593.6
102000.4
102001.212
102084.5
102101.2
102601.3
103101.1
104841.4
104845.5
104848.4
104914.5
105013.6
105345.4
105346.212
105446.2
105479.5
105946.3
105968.4
106223.5
106446.1
106529.6
106837.4
106838.212
106911.5
106938.2
107438.3
107938.1
108304.6
108647.4
108648.212
108711.5
108748.2
108866.4
108915.5
109248.3
109748.1
110682.6
110850.211
110850.4
110851.1
110873.5
110936.6
111271.4
111272.212
111352.5
111372.2
111872.3
112372.1
112861.6
112969.211
112969.4
112970.1
112990.5
113058.6
113467.4
113468.212
113543.5
113568.2
113889.4
113894.5
113898.4
113947.5
114068.3
114568.1
115100.6
115250.211
115250.4
115251.1
115274.5
115373.6
115537.6
116022.4
116023.212
116106.5
116123.2
116623.3
117123.1
118677.4
118776.5
118852.6
119193.4
119194.212
119273.5
119294.2
119794.3
120294.1
120629.6
120974.4
120975.212
121047.5
121075.2
121575.3
122075.1
122470.6
122766.211
122766.4
122767.1
122768.5
122769.4
122772.5
122836.6
123119.211
123119.4
123120.1
123184.5
123252.6
123560.4
123561.212
123661.2
123670.5
124161.3
124661.1
125333.4
125334.5
125413.6
125763.4
125764.212
125854.5
125864.2
126364.3
126864.1
127791.6
128098.4
128099.212
128179.5
128199.2
128699.3
129199.1
129399.6
129724.4
129725.212
129825.2
129835.5
130325.3
130825.1
131807.6
132112.4
132113.212
132213.2
132218.5
132713.3
133213.1
133410.6
133692.211
133692.4
133693.1
133737.5
133788.6
134123.4
134124.212
134223.5
134224.2
134724.3
135224.1
135937.6
136227.211
136227.4
136228.1
136271.5
136332.6
136704.4
136705.212
136790.5
136805.2
137305.3
137805.1
139086.6
139357.211
139357.4
139358.1
139372.5
140202.6
140354.211
140354.4
140355.1
140372.5
141884.6
142247.4
142248.212
142348.2
142415.5
142516.4
142666.5
142848.3
143066.6
143348.1
143590.6
143819.211
143819.4
143820.1
143869.5
143934.6
144328.4
144329.212
144429.2
144433.5
144929.3
145198.4
145211.5
145429.1
146030.6
146167.211
146167.4
146168.1
146186.5
146379.6
146596.211
146596.4
146597.1
146631.5
146689.6
146842.6
147004.4
147005.212
147006.5
147009.4
147079.5
147105.2
147605.3
148105.1
150062.4
150139.5
150230.6
150367.211
150367.4
150368.1
150396.5
153599.6
154060.6
154161.4
154162.212
154262.2
154393.5
154662.4
154668.5
154762.3
155262.1
157976.6
158084.211
158084.4
158085.1
158110.5
158896.6
159122.6
159640.4
159641.212
159741.2
159824.5
160241.3
160741.1
161778.4
161801.5
161897.6
162115.211
162115.4
162116.1
162141.5
162212.6
162489.211
162489.4
162490.1
162563.5
162631.6
162995.4
162996.212
163080.5
163096.2
163570.4
163596.3
163621.5
164096.1
164195.4
164199.5
164338.6
164800.4
164801.212
164893.5
164901.2
165401.3
165901.1
166899.4
166913.5
167485.6
167814.4
167815.212
167915.2
168005.5
168415.3
168915.1
169062.6
169242.211
169242.4
169243.1
169264.5
170924.4
170935.5
171025.6
171304.211
171304.4
171305.1
171356.5
171419.6
171782.4
171783.212
171883.2
171956.5
172265.4
172383.3
172883.1
173091.5
173200.6
173678.4
173679.212
173764.5
173779.2
174279.3
174779.1
176139.6
176422.211
176422.4
176423.1
176457.5
176539.6
176894.4
176895.212
176995.2
177013.5
177495.3
177510.4
177652.5
177995.1
178552.4
178563.5
178766.6
178923.6
179251.4
179252.212
179339.5
179352.2
180000.9
123456789
11
20
15
11
20
15
14
FI
2
6
10
47
02
11
20
02
6
2
768
0
0
0
314159265
70
0
162
180000
314159265
0.1
312.6
487.211
487.4
488.1
514.5
1114.6
1340.211
1340.4
1341.1
1396.5
1456.6
1786.4
1787.212
1881.5
1887.2
2387.3
2494.4
2610.5
2887.1
3491.6
3802.4
3803.212
3875.5
3903.2
4403.3
4560.4
4666.5
4903.1
5117.6
5251.6
5603.4
5604.212
5675.5
5704.2
6155.4
6204.3
6226.5
6704.1
6738.6
7104.4
7105.212
7178.5
7205.2
7418.4
7420.5
7421.4
7491.5
7705.3
7864.4
7967.5
8205.1
8484.6
8781.211
8781.4
8782.1
8825.5
8878.6
9270.4
9271.212
9371.2
9381.5
9871.3
10276.6
10371.1
10770.6
11181.4
11182.212
11282.2
11287.5
11782.3
12021.6
12058.6
12171.6
12282.1
12925.4
13093.5
13189.6
13658.4
13659.212
13739.5
13759.2
14101.4
14238.5
14259.3
14349.4
14507.5
14759.1
14994.6
15322.6
15654.4
15655.212
15737.5
15755.2
16095.4
16255.3
16264.5
16623.6
16755.1
17299.6
17694.4
17695.212
17788.5
17795.2
18295.3
18613.6
18795.1
19059.6
19451.4
19452.212
19532.5
19552.2
20052.3
20124.4
20188.5
20411.4
20552.1
20935.5
21018.6
21396.4
21397.212
21497.2
21502.5
21912.4
21990.5
21997.3
22086.4
22248.5
22497.1
22621.6
22715.211
22715.4
22716.1
22736.5
22796.6
23215.4
23216.212
23316.2
23316.5
23816.3
23894.4
23974.5
24071.6
24316.1
24334.6
24364.6
24433.6
24578.6
24929.4
24930.212
25019.5
25030.2
25486.4
25530.3
25674.5
25935.6
25966.6
26030.1
26362.6
26759.4
26760.212
26839.5
26860.2
27360.3
27860.1
27900.4
28141.5
28219.6
28613.4
28614.212
28699.5
28714.2
29214.3
29361.4
29493.5
29714.1
30136.6
30517.4
30518.212
30617.5
30618.2
31118.3
31331.4
31582.5
31618.1
31664.6
32181.4
32182.212
32260.5
32282.2
32782.3
32995.6
33282.1
33614.4
33623.5
33698.6
34111.4
34112.212
34197.5
34212.2
34712.3
34809.6
35112.6
35212.1
36792.6
36826.6
37008.211
37008.4
37009.1
37043.5
37117.6
37501.4
37502.212
37602.2
37606.5
38102.3
38602.1
38645.6
38903.6
39215.4
39216.212
39316.2
39320.5
39816.3
40296.4
40299.5
40304.4
40316.1
40391.5
40470.6
40817.4
40818.212
40918.2
40921.5
41418.3
41569.4
41634.5
41918.1
43049.4
43052.5
43122.6
43445.4
43446.212
43546.2
43608.5
44046.3
44546.1
44793.6
45159.4
45160.212
45258.5
45260.2
45513.4
45595.5
45760.3
45784.4
45839.5
45907.4
45909.5
45914.4
46192.5
46260.1
46657.6
46982.4
46983.212
47067.5
47083.2
47583.3
47618.4
47682.5
48068.4
48083.1
48406.5
48724.4
48740.5
48835.6
49266.4
49267.212
49367.2
49446.5
49867.3
49874.4
50020.5
50367.1
51318.6
51631.4
51632.212
51710.5
51732.2
52232.3
52732.1
52834.6
53192.4
53193.212
53293.2
53293.5
53793.3
54293.1
56184.6
56547.4
56548.212
56648.2
56653.5
57148.3
57569.4
57584.5
57586.4
57587.5
57648.1
58028.6
58344.4
58345.212
58445.2
58456.5
58945.3
59445.1
59850.6
60120.211
60120.4
60121.1
60166.5
60235.6
60554.4
60555.212
60648.5
60655.2
61100.4
61155.3
61401.5
61655.1
63314.4
63350.5
63481.6
63673.211
63673.4
63674.1
63701.5
63805.6
64142.4
64143.212
64219.5
64243.2
64743.3
65243.1
65613.6
66209.4
66210.212
66310.2
66316.5
66810.3
67310.1
67472.4
67479.5
67483.4
67484.5
67536.4
67846.5
71713.6
71914.211
71914.4
71915.1
71926.5
72012.6
72334.4
72335.212
72435.2
72442.5
72935.3
73435.1
74476.6
74866.4
74867.212
74967.2
74981.5
75057.6
75467.3
75553.6
75967.1
76135.4
76157.5
76213.6
76619.4
76620.212
76720.2
76720.5
77198.4
77220.3
77664.5
77720.1
78134.6
78177.6
78553.4
78554.212
78635.5
78654.2
79154.3
79654.1
80287.6
80754.4
80755.212
80855.2
80873.5
81355.3
81855.1
82636.6
83001.4
83002.212
83097.5
83102.2
83602.3
84102.1
84459.6
84863.4
84864.212
84964.2
85002.5
85464.3
85964.1
86350.4
86433.5
86628.6
87112.4
87113.212
87213.2
87217.5
87713.3
87720.4
87827.5
88213.1
88636.6
88962.4
88963.212
89063.2
89068.5
89377.4
89449.5
89563.3
90063.1
97458.6
97759.4
97760.212
97853.5
97860.2
98360.3
98717.4
98759.5
98860.1
99616.6
99977.4
99978.212
100078.2
100085.5
100578.3
100612.4
100816.5
101030.4
101078.1
101264.5
101364.6
101725.4
101726.212
101826.2
101847.5
102326.3
102826.1
104579.4
104642.5
104721.6
105102.4
105103.212
105203.2
105211.5
105306.4
105356.5
105703.3
106203.1
107725.6
108058.4
108059.212
108137.5
108159.2
108659.3
108745.4
108829.5
109159.1
109399.6
109697.211
109697.4
109698.1
109783.5
109855.6
110194.4
110195.212
110283.5
110295.2
110795.3
110834.4
111295.1
111671.5
112526.6
112975.4
112976.212
113053.5
113076.2
113293.4
113347.5
113576.3
113908.4
114076.1
114289.5
115349.6
115654.4
115655.212
115737.5
115755.2
115817.4
115919.5
116255.3
116755.1
116873.4
117090.5
117589.6
117767.211
117767.4
117768.1
117783.5
118243.4
118271.5
118336.6
118663.4
118664.212
118764.2
118769.5
119264.3
119764.1
120119.6
120352.211
120352.4
120353.1
120410.5
120477.6
120857.4
120858.212
120957.5
120958.2
121458.3
121958.1
122475.6
122819.6
123129.4
123130.212
123230.2
123240.5
123730.3
124230.1
124587.6
124875.6
125254.4
125255.212
125355.2
125377.5
125855.3
126355.1
127851.4
127852.5
127857.4
127876.5
128005.6
128321.4
128322.212
128410.5
128422.2
128852.4
128922.3
128937.5
129422.1
133345.4
133366.5
135160.6
135412.211
135412.4
135413.1
135413.5
135414.4
135436.5
135545.6
135848.4
135849.212
135922.5
135949.2
136430.4
136449.3
136494.5
136949.1
137851.6
138246.4
138247.212
138347.2
138351.5
138847.3
139347.1
140367.6
140790.4
140791.212
140863.5
140891.2
141391.3
141891.1
143543.6
143851.4
143852.212
143952.2
143960.5
144452.3
144952.1
145299.6
145596.211
145596.4
145597.1
145771.5
145779.4
145800.5
145811.4
145818.5
145921.6
146201.211
146201.4
146202.1
146300.5
146371.6
146746.4
146747.212
146847.2
146873.5
147347.3
147614.4
147638.5
147847.1
150188.6
150821.4
150822.212
150902.5
150922.2
151422.3
151761.4
151782.5
151886.6
151922.1
152211.6
152445.211
152445.4
152446.1
152477.5
152890.4
152908.5
152969.6
153319.4
153320.212
153382.5
153420.2
153920.3
154406.6
154420.1
155638.6
155850.211
155850.4
155851.1
155914.5
157711.6
157934.211
157934.4
157935.1
157955.5
158035.6
158340.4
158341.212
158427.5
158441.2
158941.3
159060.4
159441.1
159837.5
159989.6
160409.4
160410.212
160497.5
160510.2
160929.4
161010.3
161090.5
161510.1
161626.6
161953.4
161954.212
162042.5
162054.2
162554.3
163054.1
163432.6
163706.6
163975.4
163976.212
164069.5
164076.2
164564.4
164576.3
164670.5
165076.1
165775.6
166023.211
166023.4
166024.1
166025.5
166026.4
166055.5
166116.6
166474.4
166475.212
166575.2
166578.5
167075.3
167575.1
167864.6
168060.211
168060.4
168061.1
168075.5
168150.6
168498.4
168499.212
168599.2
168624.5
169099.3
169599.1
169883.6
170178.211
170178.4
170179.1
170203.5
170269.6
170581.4
170582.212
170669.5
170682.2
171182.3
171682.1
173200.6
173511.4
173512.212
173596.5
173612.2
174112.3
174612.1
176888.6
177214.4
177215.212
177301.5
177315.2
177815.3
178315.1
179478.6
179762.211
179762.4
179763.1
179793.5
180000.9
123456789
11
21
15
11
21
15
14
FI
2
6
10
45
01
11
18
01
6
2
994
0
0
0
314159265
80
0
207
180000
314159265
0.1
380.6
549.211
549.4
550.1
592.5
648.6
913.211
913.4
914.1
950.5
1012.6
1301.211
1301.4
1302.1
1367.5
1417.6
1648.6
2090.4
2091.212
2177.5
2191.2
2432.4
2488.5
2610.4
2691.3
2803.5
3191.1
3409.6
3802.4
3803.212
3878.5
3903.2
4191.4
4239.5
4403.3
4766.4
4845.5
4903.1
4970.6
5003.6
5514.6
5789.4
5790.212
5890.2
5899.5
6390.3
6451.4
6475.5
6575.6
6855.6
6886.6
6890.1
6916.6
6989.6
7248.4
7249.212
7340.5
7349.2
7849.3
7940.4
7971.5
8116.4
8250.5
8276.4
8333.5
8349.1
8555.6
8900.4
8901.212
8996.5
9001.2
9501.3
9567.4
9618.5
9711.6
10001.1
10246.6
10509.211
10509.4
10510.1
10614.5
10675.6
11094.4
11095.212
11195.2
11202.5
11695.3
11746.6
12025.6
12195.1
12550.6
12874.4
12875.212
12960.5
12975.2
13286.4
13341.5
13475.3
13621.6
13665.6
13933.6
13975.1
14312.6
14432.6
14659.4
14660.212
14743.5
14760.2
15260.3
15287.6
15333.6
15569.6
15681.6
15760.1
16270.4
16281.5
16357.6
16702.4
16703.212
16803.2
16808.5
17303.3
17803.1
19029.6
19320.211
19320.4
19321.1
19384.5
19445.6
19759.4
19760.212
19860.2
19862.5
19908.4
19963.5
20360.3
20467.4
20575.5
20806.4
20860.1
20977.5
21136.6
21425.211
21425.4
21426.1
21470.5
21532.6
21931.4
21932.212
22004.5
22032.2
22426.4
22498.5
22532.3
23032.1
23159.6
23426.211
23426.4
23427.1
23460.5
23521.6
23901.4
23902.212
23988.5
24002.2
24260.4
24318.5
24502.3
24510.4
24514.5
24523.4
24634.5
24989.6
25002.1
25477.6
25831.4
25832.212
25932.2
25945.5
25962.4
25969.5
26408.4
26432.3
26555.5
26927.6
26932.1
27311.4
27319.5
27371.6
27680.4
27681.212
27777.5
27781.2
28281.3
28781.1
30825.6
31071.211
31071.4
31072.1
31120.5
31193.6
31591.4
31592.212
31692.2
31703.5
31908.4
31961.5
32152.4
32192.3
32310.5
32692.1
32899.6
33222.4
33223.212
33310.5
33323.2
33823.3
34317.6
34323.1
34804.4
34836.5
34904.6
35346.4
35347.212
35438.5
35447.2
35947.3
36058.4
36124.5
36447.1
36462.4
36535.5
36834.6
36865.6
37222.4
37223.212
37309.5
37323.2
37572.4
37626.5
37823.3
38323.1
38336.6
38590.211
38590.4
38591.1
38647.5
38709.6
39090.4
39091.212
39191.2
39226.5
39227.4
39228.5
39691.3
39804.4
39964.5
40191.1
40299.6
40400.211
40400.4
40401.1
40431.5
40500.6
40805.4
40806.212
40906.2
40907.5
40957.4
41008.5
41406.3
41446.4
41506.5
41806.4
41906.1
42064.5
42647.6
42942.211
42942.4
42943.1
42979.5
43039.6
43405.4
43406.212
43484.5
43506.2
44006.3
44506.1
45360.4
45420.5
45505.6
45747.211
45747.4
45748.1
45793.5
45861.6
46208.4
46209.212
46309.2
46326.5
46809.3
47101.4
47204.5
47309.1
47559.6
47580.6
47782.211
47782.4
47783.1
47805.5
47925.6
48268.4
48269.212
48357.5
48369.2
48869.3
49369.1
49514.4
49517.5
49926.6
49963.6
50307.4
50308.212
50387.5
50408.2
50687.4
50826.5
50908.3
51115.6
51408.1
51573.6
51907.4
51908.212
51995.5
52008.2
52387.4
52486.5
52508.3
52755.6
52785.6
53008.1
53301.6
53679.4
53680.212
53776.5
53780.2
54280.3
54678.6
54780.1
55030.6
55283.211
55283.4
55284.1
55332.5
55392.6
55785.4
55786.212
55864.5
55886.2
56386.3
56479.4
56502.5
56858.6
56886.1
56984.6
57224.211
57224.4
57225.1
57305.5
57361.6
57719.4
57720.212
57802.5
57820.2
58112.4
58196.5
58320.3
58442.6
58605.6
58820.1
58917.6
58976.211
58976.4
58977.1
59003.5
59071.6
59359.211
59359.4
59360.1
59407.5
59413.4
59514.5
59568.6
59892.4
59893.212
59993.2
60001.5
60493.3
60502.4
60693.5
60993.1
61242.6
61542.211
61542.4
61543.1
61571.5
61629.6
62002.4
62003.212
62103.2
62259.5
62603.3
62751.4
62869.5
63103.1
63465.6
63798.4
63799.212
63897.5
63899.2
64399.3
64486.4
64737.5
64899.1
65128.6
65406.211
65406.4
65407.1
65438.5
65500.6
65813.4
65814.212
65914.2
65931.5
66392.4
66414.3
66482.5
66914.1
67166.6
67190.6
67259.211
67259.4
67260.1
67394.5
67459.6
67802.4
67803.212
67883.5
67903.2
68403.3
68903.1
69385.6
69657.211
69657.4
69658.1
69754.5
69813.6
70123.4
70124.212
70224.2
70246.5
70724.3
71050.4
71083.5
71224.1
71398.4
71407.5
72319.6
72594.211
72594.4
72595.1
72662.5
72714.6
73181.4
73182.212
73265.5
73282.2
73782.3
73785.4
73860.5
74282.1
75127.6
75351.211
75351.4
75352.1
75383.5
75452.6
75780.4
75781.212
75881.2
75895.5
76381.3
76881.1
77025.4
77034.5
77114.6
77442.4
77443.212
77526.5
77543.2
78043.3
78161.4
78218.5
78376.4
78543.1
78546.5
78860.6
79138.211
79138.4
79139.1
79191.5
79256.6
79611.4
79612.212
79700.5
79712.2
79924.4
79964.5
80212.3
80474.4
80704.5
80712.1
81118.6
81432.4
81433.212
81514.5
81533.2
82033.3
82533.1
85506.6
85756.211
85756.4
85757.1
85791.5
85874.6
85918.6
86190.4
86191.212
86281.5
86291.2
86791.3
87291.1
87625.6
87882.211
87882.4
87883.1
87924.5
87981.6
88306.4
88307.212
88386.5
88407.2
88907.3
88997.4
89156.5
89407.1
89676.6
90026.4
90027.212
90109.5
90127.2
90627.3
91127.1
91188.6
91440.211
91440.4
91441.1
91489.5
91547.6
91847.211
91847.4
91848.1
91908.5
91965.6
92359.4
92360.212
92432.5
92460.2
92960.3
93336.6
93460.1
93547.6
93564.6
93846.211
93846.4
93847.1
93905.5
93967.6
94321.4
94322.212
94407.5
94422.2
94922.3
94958.4
95014.5
95422.1
95836.4
95921.5
96018.6
96316.211
96316.4
96317.1
96335.5
96393.6
96775.4
96776.212
96858.5
96876.2
97226.4
97376.3
97390.5
97824.6
97876.1
98136.6
98479.4
98480.212
98574.5
98580.2
99080.3
99556.6
99580.1
100130.6
100468.4
100469.212
100569.2
100585.5
101069.3
101517.4
101555.5
101569.1
101649.6
102035.4
102036.212
102120.5
102136.2
102636.3
102662.4
103129.5
103136.1
103415.6
103808.4
103809.212
103888.5
103909.2
104280.4
104387.5
104409.3
104556.4
104848.5
104909.1
105167.6
105519.4
105520.212
105592.5
105620.2
106120.3
106620.1
107072.6
107327.211
107327.4
107328.1
107360.5
107430.6
107740.4
107741.212
107813.5
107841.2
108162.4
108208.5
108341.3
108459.4
108462.5
108463.4
108580.5
108841.1
108942.6
109044.211
109044.4
109045.1
109058.5
109124.6
109514.4
109515.212
109605.5
109615.2
110115.3
110268.6
110615.1
110865.6
111208.4
111209.212
111309.2
111351.5
111809.3
111998.4
112046.5
112309.1
112355.6
112377.6
112493.211
112493.4
112494.1
112513.5
112574.6
112910.4
112911.212
113011.2
113011.5
113511.3
114011.1
115720.4
115849.5
115907.6
116125.211
116125.4
116126.1
116177.5
116230.6
116577.4
116578.212
116656.5
116678.2
117178.3
117678.1
118263.6
118578.6
118916.4
118917.212
118998.5
119017.2
119517.3
120017.1
121137.6
121363.211
121363.4
121364.1
121369.5
121435.6
121642.211
121642.4
121643.1
121665.5
121744.6
122061.4
122062.212
122132.5
122162.2
122662.3
123162.1
123276.6
123527.6
123788.4
123789.212
123867.5
123889.2
124389.3
124889.1
125337.6
125737.6
126034.4
126035.212
126132.5
126135.2
126370.4
126442.5
126635.3
127135.1
127173.6
127497.4
127498.212
127569.5
127598.2
128049.4
128098.3
128110.5
128337.4
128562.5
128598.1
128993.6
129377.4
129378.212
129469.5
129478.2
129623.4
129692.5
129824.4
129978.3
130478.1
130574.5
130579.4
130592.5
131027.6
131402.4
131403.212
131503.2
131566.5
132003.3
132212.4
132503.1
132959.5
133515.4
133516.5
133517.4
133526.5
133597.6
133912.4
133913.212
134011.5
134013.2
134513.3
135013.1
135242.6
135552.4
135553.212
135653.2
135675.5
136019.6
136153.3
136653.1
136988.6
137299.4
137300.212
137391.5
137400.2
137900.3
138400.1
138848.6
139080.211
139080.4
139081.1
139104.5
139181.6
139485.4
139486.212
139568.5
139586.2
140086.3
140586.1
141158.6
141482.4
141483.212
141558.5
141583.2
142083.3
142583.1
144886.6
145127.211
145127.4
145128.1
145176.5
145242.6
145522.211
145522.4
145523.1
145570.5
145644.6
145979.4
145980.212
146080.2
146141.5
146580.3
146613.4
146742.5
147080.1
148557.6
148880.4
148881.212
148978.5
148981.2
149000.4
149133.5
149481.3
149910.4
149935.5
149981.1
150093.6
150402.4
150403.212
150483.5
150503.2
150952.4
151003.3
151020.5
151503.1
151789.6
152161.4
152162.212
152239.5
152262.2
152762.3
153262.1
154305.6
154594.211
154594.4
154595.1
154617.5
154685.6
155000.4
155001.212
155094.5
155101.2
155601.3
156101.1
157766.6
158106.4
158107.212
158207.2
158213.5
158707.3
159207.1
159455.6
159722.211
159722.4
159723.1
159806.5
159865.6
160111.211
160111.4
160112.1
160164.5
160227.6
160678.4
160679.212
160778.5
160779.2
161279.3
161779.1
162627.6
162946.6
163255.4
163256.212
163356.2
163364.5
163856.3
164356.1
165889.6
166155.211
166155.4
166156.1
166199.5
166264.6
166635.4
166636.212
166713.5
166736.2
167236.3
167736.1
168284.4
168304.5
168442.6
168650.6
168894.4
168895.212
168978.5
168995.2
169444.4
169495.3
169575.5
169995.1
173059.6
173396.4
173397.212
173487.5
173497.2
173997.3
174497.1
174742.4
174790.5
174958.6
175327.4
175328.212
175410.5
175428.2
175673.4
175750.5
175928.3
176428.1
177262.4
177278.5
177345.6
177650.4
177651.212
177739.5
177751.2
178251.3
178751.1
179696.6
179918.211
179918.4
179919.1
180000.9
123456789
11
22
15
11
22
15
14
FI
2
6
10
46
35
11
19
35
6
2
860
0
0
0
314159265
56
0
178
180000
314159265
0.1
380.6
570.211
570.4
571.1
596.5
907.6
1332.6
1610.6
1887.4
1888.212
1974.5
1988.2
2244.4
2291.5
2488.3
2873.4
2938.5
2988.1
3241.6
3450.211
3450.4
3451.1
3504.5
3561.6
3862.211
3862.4
3863.1
3896.5
3971.6
4218.6
4267.211
4267.4
4268.1
4323.5
4389.6
4832.4
4833.212
4933.2
4960.5
5030.4
5074.5
5295.4
5392.5
5433.3
5654.6
5687.6
5933.1
6324.6
6626.211
6626.4
6627.1
6651.5
6716.6
7019.211
7019.4
7020.1
7041.5
7102.6
7449.211
7449.4
7450.1
7473.5
7530.6
7873.211
7873.4
7874.1
7899.5
7953.6
8158.6
8478.4
8479.212
8561.5
8579.2
8721.4
8959.5
9079.3
9112.6
9338.6
9579.1
9712.6
10120.4
10121.212
10218.5
10221.2
10392.4
10450.5
10701.6
10721.3
11053.6
11221.1
11577.6
11912.211
11912.4
11913.1
12002.5
12054.6
12425.211
12425.4
12426.1
12470.5
12520.6
12851.211
12851.4
12852.1
12892.5
12947.6
13228.211
13228.4
13229.1
13269.5
13331.6
13851.4
13852.212
13934.5
13952.2
14452.3
14462.4
14584.5
14952.1
15111.6
15601.6
16013.4
16014.212
16094.5
16114.2
16550.4
16578.5
16614.3
16814.6
16945.6
17114.1
17359.6
17682.211
17682.4
17683.1
17688.5
17774.6
18199.4
18200.212
18300.2
18337.5
18750.4
18800.3
18800.5
19024.6
19300.1
19416.6
20169.4
20170.212
20270.2
20291.5
20712.4
20770.3
21026.5
21270.1
21533.6
21888.211
21888.4
21889.1
21893.5
21958.6
22261.211
22261.4
22262.1
22286.5
22343.6
22668.211
22668.4
22669.1
22810.5
22865.6
23284.4
23285.212
23361.5
23385.2
23625.4
23725.5
23885.3
24385.1
24844.6
25293.4
25294.212
25382.5
25394.2
25865.4
25894.3
26028.5
26351.4
26394.1
26529.5
26531.4
26660.5
27476.6
27889.4
27890.212
27983.5
27990.2
28358.4
28429.5
28490.3
28990.1
29026.6
29770.4
29771.212
29871.2
29896.5
30371.3
30836.6
30871.1
31267.6
31817.4
31818.212
31918.2
31928.5
32397.4
32418.3
32430.5
32915.6
32918.1
33306.6
33660.211
33660.4
33661.1
33763.5
33824.6
34320.4
34321.212
34417.5
34421.2
34921.3
35421.1
35871.6
36271.211
36271.4
36272.1
36441.5
36531.6
36982.4
36983.212
37066.5
37083.2
37583.3
38083.1
38590.4
38615.5
38712.6
39061.211
39061.4
39062.1
39170.5
39253.6
39664.4
39665.212
39749.5
39765.2
40265.3
40765.1
41657.6
41905.211
41905.4
41906.1
42153.5
42227.6
42597.211
42597.4
42598.1
42641.5
42711.6
43174.4
43175.212
43275.2
43279.5
43775.3
44248.6
44275.1
44530.6
44870.211
44870.4
44871.1
44961.5
45021.6
45457.4
45458.212
45558.2
45577.5
46058.3
46253.4
46437.5
46558.1
47252.6
47632.211
47632.4
47633.1
47676.5
47745.6
48294.4
48295.212
48385.5
48395.2
48895.3
49147.4
49258.5
49395.1
49728.6
50009.6
50350.4
50351.212
50451.2
50477.5
50951.3
51451.1
52282.4
52361.5
52421.6
52884.4
52885.212
52985.2
53001.5
53485.3
53882.6
53985.1
54242.6
54706.4
54707.212
54800.5
54807.2
55274.4
55277.5
55294.4
55307.3
55529.5
55807.1
56060.6
56335.211
56335.4
56336.1
56364.5
56439.6
56820.211
56820.4
56821.1
56893.5
56951.6
57354.4
57355.212
57455.2
57462.5
57955.3
58455.1
58707.6
59086.6
59401.4
59402.212
59502.2
59514.5
60002.3
60502.1
60856.6
61080.211
61080.4
61081.1
61117.5
61193.6
61632.4
61633.212
61709.5
61733.2
62233.3
62733.1
63953.4
64142.5
64468.6
64723.211
64723.4
64724.1
64853.5
64913.6
65300.211
65300.4
65301.1
65373.5
65447.6
65873.4
65874.212
65974.2
65982.5
66474.3
66974.1
67276.6
67582.211
67582.4
67583.1
67643.5
67706.6
68209.4
68210.212
68281.5
68310.2
68810.3
69310.1
70179.4
70201.5
70278.6
70643.211
70643.4
70644.1
70737.5
70804.6
71349.4
71350.212
71430.5
71450.2
71950.3
72450.1
73315.6
73693.211
73693.4
73694.1
73742.5
73812.6
74188.211
74188.4
74189.1
74218.5
74754.6
75137.211
75137.4
75138.1
75209.5
75267.6
75796.4
75797.212
75897.2
75948.5
76397.3
76897.1
76985.6
77399.4
77400.212
77490.5
77500.2
77974.4
78000.3
78072.5
78500.1
78744.6
79103.211
79103.4
79104.1
79157.5
79225.6
79774.4
79775.212
79875.2
79876.5
80375.3
80875.1
81752.6
81952.6
82391.4
82392.212
82492.2
82534.5
82992.3
83161.4
83299.5
83492.1
83848.4
83866.5
83942.6
84436.4
84437.212
84516.5
84537.2
85023.4
85037.3
85268.5
85533.4
85537.1
85809.5
86619.6
86871.211
86871.4
86872.1
86906.5
86977.6
87395.4
87396.212
87466.5
87496.2
87776.4
87926.5
87996.3
88463.6
88496.1
89017.6
89593.4
89594.212
89694.2
89705.5
90194.3
90694.1
91150.6
91495.211
91495.4
91496.1
91552.5
91617.6
92090.4
92091.212
92191.2
92202.5
92691.3
93191.1
94975.4
95059.5
95126.6
95576.4
95577.212
95666.5
95677.2
96177.3
96677.1
97641.4
97696.5
97764.6
98114.211
98114.4
98115.1
98278.5
98342.6
98784.4
98785.212
98885.2
98899.5
99385.3
99388.4
99499.5
99514.4
99582.5
99885.1
100495.6
100782.211
100782.4
100783.1
100810.5
100877.6
101302.4
101303.212
101373.5
101403.2
101903.3
102403.1
105786.6
106134.211
106134.4
106135.1
106163.5
106233.6
106654.4
106655.212
106749.5
106755.2
107216.4
107255.3
107364.5
107755.1
107978.6
108291.211
108291.4
108292.1
108339.5
108408.6
108879.4
108880.212
108964.5
108980.2
109480.3
109980.1
110941.6
111126.211
111126.4
111127.1
111157.5
111220.6
111615.211
111615.4
111616.1
111665.5
111728.6
112193.4
112194.212
112279.5
112294.2
112794.3
113294.1
113497.6
113886.211
113886.4
113887.1
113914.5
113972.6
114321.211
114321.4
114322.1
114383.5
114447.6
114789.211
114789.4
114790.1
114842.5
114896.6
115489.4
115490.212
115565.5
115590.2
116090.3
116590.1
117394.6
117878.4
117879.212
117979.2
118058.5
118479.3
118647.4
118811.5
118979.1
120683.4
120702.5
121159.6
121611.4
121612.212
121698.5
121712.2
122212.3
122712.1
124304.4
124363.5
124730.6
125063.211
125063.4
125064.1
125106.5
125171.6
125625.4
125626.212
125726.2
125766.5
126226.3
126726.1
127224.6
127588.211
127588.4
127589.1
127643.5
127706.6
128148.4
128149.212
128227.5
128249.2
128749.3
128922.4
129031.5
129249.1
129901.6
130142.211
130142.4
130143.1
130164.5
130230.6
130608.211
130608.4
130609.1
130837.5
130899.6
131385.4
131386.212
131480.5
131486.2
131986.3
132486.1
132537.4
132545.5
132548.4
132627.5
133634.6
133736.6
133965.211
133965.4
133966.1
133997.5
134062.6
134393.211
134393.4
134394.1
134443.5
134507.6
134895.211
134895.4
134896.1
134958.5
135017.6
135610.4
135611.212
135695.5
135711.2
136211.3
136340.4
136434.5
136711.1
138528.4
138572.5
140155.4
140170.5
141807.6
142082.6
142337.6
142600.4
142601.212
142692.5
142701.2
143201.3
143389.4
143418.5
143701.1
144962.6
145117.6
145239.211
145239.4
145240.1
145265.5
145568.6
145668.211
145668.4
145669.1
145709.5
145782.6
146091.211
146091.4
146092.1
146121.5
146209.6
146469.6
146578.211
146578.4
146579.1
146634.5
146697.6
146834.6
146913.211
146913.4
146914.1
146940.5
148788.6
149418.4
149419.212
149519.2
149576.5
150019.3
150519.1
152601.4
152624.5
153913.4
153982.5
159572.4
159602.5
159604.4
159639.5
160483.6
160758.211
160758.4
160759.1
160798.5
160882.6
161164.211
161164.4
161165.1
161232.5
161426.6
161762.211
161762.4
161763.1
161820.5
161909.6
162194.211
162194.4
162195.1
162253.5
162319.6
162750.4
162751.212
162831.5
162851.2
163351.3
163709.4
163812.5
163815.4
163851.1
164200.5
164231.4
164348.5
164984.6
165475.4
165476.212
165550.5
165576.2
165917.4
165918.5
165921.4
166076.3
166151.5
166576.1
169710.6
170024.6
170296.4
170297.212
170382.5
170397.2
170719.4
170868.5
170897.3
171397.1
172127.6
172517.211
172517.4
172518.1
172600.5
172675.6
173068.211
173068.4
173069.1
173114.5
173173.6
173629.4
173630.212
173716.5
173730.2
174230.3
174730.1
176262.4
176404.5
176883.6
177243.211
177243.4
177244.1
177275.5
177345.6
177760.4
177761.212
177856.5
177861.2
178093.4
178361.3
178371.5
178861.1
179527.4
180000.9
123456789
11
23
15
11
23
15
14
FI
2
6
10
47
03
11
20
03
6
2
786
0
0
0
314159265
64
0
161
180000
314159265
0.1
198.6
621.4
622.212
707.5
722.2
1049.4
1109.5
1222.3
1605.6
1722.1
2269.4
2285.5
2363.6
2926.4
2927.212
3015.5
3027.2
3514.4
3527.3
3608.5
3740.6
4027.1
4455.6
4951.4
4952.212
5046.5
5052.2
5523.4
5552.3
5710.5
6052.1
6671.6
7015.211
7015.4
7016.1
7164.5
7225.6
7661.4
7662.212
7751.5
7762.2
8262.3
8642.6
8735.6
8762.1
9154.6
9512.211
9512.4
9513.1
9565.5
9622.6
10032.4
10033.212
10101.5
10133.2
10385.4
10495.5
10633.3
10754.6
11017.6
11133.1
11736.6
12318.4
12319.212
12419.2
12426.5
12908.4
12919.3
12977.5
13304.6
13330.6
13419.1
13617.6
14145.4
14146.212
14225.5
14246.2
14610.4
14746.3
14890.5
15186.6
15246.1
15491.6
15980.4
15981.212
16072.5
16081.2
16581.3
16926.6
17081.1
17503.4
17565.5
17631.6
18142.4
18143.212
18243.2
18247.5
18719.4
18743.3
18796.5
18962.4
19045.5
19243.1
19324.6
19841.4
19842.212
19922.5
19942.2
20106.4
20311.5
20442.3
20942.1
21559.6
21958.211
21958.4
21959.1
22021.5
22089.6
22544.4
22545.212
22645.2
22675.5
23145.3
23645.1
23745.6
24192.4
24193.212
24272.5
24293.2
24666.4
24793.3
25201.5
25293.1
25683.6
26124.4
26125.212
26225.2
26245.5
26513.4
26725.3
27127.5
27225.1
27548.6
27959.4
27960.212
28033.5
28060.2
28282.4
28416.5
28560.3
28909.6
29060.1
29365.6
29816.4
29817.212
29917.2
29922.5
30417.3
30798.6
30917.1
31477.4
31482.5
31484.4
31562.5
31629.6
32096.4
32097.212
32170.5
32197.2
32697.3
33197.1
33663.6
33965.211
33965.4
33966.1
34004.5
34073.6
34551.4
34552.212
34638.5
34652.2
35152.3
35652.1
36278.6
36729.4
36730.212
36807.5
36830.2
37330.3
37830.1
38738.4
38812.5
38906.6
39333.4
39334.212
39434.2
39436.5
39934.3
40434.1
40538.6
40927.211
40927.4
40928.1
41008.5
41065.6
41545.4
41546.212
41620.5
41646.2
41952.4
42107.5
42146.3
42260.4
42342.5
42646.1
42827.6
42869.6
43272.4
43273.212
43373.2
43375.5
43873.3
44373.1
44690.4
44776.5
44857.6
45317.4
45318.212
45418.2
45444.5
45918.3
46062.4
46213.5
46418.1
46744.6
47339.4
47340.212
47426.5
47440.2
47940.3
48028.4
48152.5
48440.1
48509.6
48928.4
48929.212
49017.5
49029.2
49529.3
49875.4
49915.5
50029.1
50411.6
50949.4
50950.212
51050.2
51052.5
51550.3
52050.1
52188.6
52541.211
52541.4
52542.1
52592.5
52650.6
53121.4
53122.212
53221.5
53222.2
53722.3
54222.1
54500.6
54878.211
54878.4
54879.1
54930.5
54993.6
55442.4
55443.212
55542.5
55543.2
56043.3
56278.4
56543.1
56548.5
56669.6
57031.211
57031.4
57032.1
57061.5
57119.6
57584.4
57585.212
57666.5
57685.2
58185.3
58685.1
59074.4
59110.5
59269.4
59325.5
60359.6
60529.211
60529.4
60530.1
60538.5
60624.6
60887.211
60887.4
60888.1
60929.5
62460.6
62814.211
62814.4
62815.1
62837.5
63835.6
64272.4
64273.212
64373.2
64423.5
64873.3
65373.1
66790.4
66853.5
66977.6
67304.211
67304.4
67305.1
67349.5
67417.6
67918.4
67919.212
68019.2
68022.5
68519.3
68654.4
68874.5
69019.1
69229.6
69528.211
69528.4
69529.1
69566.5
69567.4
69589.5
69651.6
70112.4
70113.212
70207.5
70213.2
70624.4
70713.3
70769.5
71213.1
73070.4
73084.5
73144.6
73573.4
73574.212
73658.5
73674.2
74174.3
74674.1
75677.4
75786.5
75889.6
76246.211
76246.4
76247.1
76303.5
76364.6
76954.4
76955.212
77048.5
77055.2
77555.3
78055.1
78692.6
79206.4
79207.212
79289.5
79307.2
79801.4
79807.3
80090.5
80307.1
80369.4
80582.5
81247.6
81757.4
81758.212
81858.2
81886.5
82358.3
82858.1
83286.6
83646.211
83646.4
83647.1
83728.5
83785.6
84126.211
84126.4
84127.1
84186.5
84253.6
84722.4
84723.212
84795.5
84823.2
85323.3
85448.4
85564.5
85823.1
86321.6
86741.4
86742.212
86829.5
86842.2
87342.3
87842.1
89989.4
90010.5
90100.6
90170.6
90507.4
90508.212
90596.5
90608.2
91108.3
91608.1
92218.4
92271.5
92352.6
92633.211
92633.4
92634.1
92660.5
92728.6
93231.4
93232.212
93316.5
93332.2
93832.3
94332.1
94468.6
94846.211
94846.4
94847.1
94910.5
94970.6
95440.4
95441.212
95541.2
95552.5
96041.3
96541.1
96641.4
96661.5
96673.4
96700.5
97396.6
97753.211
97753.4
97754.1
97821.5
97885.6
98368.4
98369.212
98469.2
98725.5
98969.3
99288.6
99469.1
99615.6
99735.211
99735.4
99736.1
99783.5
99858.6
100427.4
100428.212
100528.2
100531.5
101028.3
101528.1
102002.6
102456.4
102457.212
102557.2
102559.5
103057.3
103557.1
105087.4
105297.5
105499.6
105690.211
105690.4
105691.1
105715.5
106363.6
106806.4
106807.212
106902.5
106907.2
107407.3
107907.1
108847.4
109020.5
109613.6
109898.211
109898.4
109899.1
109951.5
110007.6
110507.4
110508.212
110581.5
110608.2
111108.3
111608.1
111880.4
111886.5
112698.6
113345.4
113346.212
113446.2
113452.5
113946.3
114446.1
115684.6
115847.211
115847.4
115848.1
115936.5
116008.6
116422.4
116423.212
116523.2
116540.5
117023.3
117523.1
118383.4
118447.5
118624.4
118653.5
121900.6
122157.211
122157.4
122158.1
122188.5
122256.6
122611.211
122611.4
122612.1
122671.5
122741.6
123226.4
123227.212
123318.5
123327.2
123827.3
124327.1
124743.6
124994.211
124994.4
124995.1
125033.5
125627.4
125637.5
125700.6
126090.211
126090.4
126091.1
126179.5
126530.6
126633.211
126633.4
126634.1
126677.5
126741.6
127222.4
127223.212
127323.2
127332.5
127823.3
128009.4
128255.5
128323.1
129089.4
129133.5
129138.4
129145.5
131938.4
132078.5
132233.4
132301.5
132875.6
133159.211
133159.4
133160.1
133234.5
133291.6
133744.4
133745.212
133845.2
133870.5
134345.3
134845.1
135682.6
135993.211
135993.4
135994.1
136032.5
136096.6
136534.4
136535.212
136618.5
136635.2
137125.4
137135.3
137490.5
137635.1
137841.6
138002.211
138002.4
138003.1
138032.5
138349.6
138597.211
138597.4
138598.1
138630.5
138710.6
139157.4
139158.212
139225.5
139258.2
139758.3
140258.1
142543.6
142710.211
142710.4
142711.1
142751.5
142833.6
143245.4
143246.212
143346.2
143346.5
143662.4
143813.5
143846.3
144346.1
145144.6
145546.4
145547.212
145634.5
145647.2
146147.3
146647.1
147554.6
147860.211
147860.4
147861.1
147920.5
147986.6
148457.4
148458.212
148558.2
148566.5
149058.3
149558.1
150379.4
150459.5
153526.6
154042.4
154043.212
154143.2
154144.5
154643.3
155143.1
155732.6
156125.211
156125.4
156126.1
156161.5
156232.6
156743.4
156744.212
156821.5
156844.2
157344.3
157844.1
158080.6
158491.4
158492.212
158568.5
158592.2
159092.3
159592.1
159769.6
160123.211
160123.4
160124.1
160137.5
160208.6
160734.4
160735.212
160821.5
160835.2
161335.3
161835.1
162774.6
163110.211
163110.4
163111.1
163179.5
163249.6
163715.4
163716.212
163816.2
163876.5
164316.3
164816.1
166824.6
167245.4
167246.212
167322.5
167346.2
167846.3
168346.1
169016.4
169049.5
169121.6
169571.4
169572.212
169672.2
169679.5
170172.3
170462.4
170477.5
170672.1
174131.6
174482.211
174482.4
174483.1
174519.5
174581.6
174979.211
174979.4
174980.1
175027.5
175090.6
175396.211
175396.4
175397.1
175426.5
175500.6
176071.4
176072.212
176168.5
176172.2
176672.3
177172.1
177352.6
177601.211
177601.4
177602.1
177653.5
177709.6
178105.211
178105.4
178106.1
178140.5
178204.6
178856.4
178857.212
178945.5
178957.2
179457.3
180000.9
123456789
11
24
15
11
24
15
14
FI
2
6
10
51
47
11
24
47
6
2
835
0
0
0
314159265
61
0
170
180000
314159265
0.1
241.6
564.6
846.6
852.6
1208.4
1209.212
1305.5
1309.2
1809.3
1838.4
1882.5
2197.6
2273.6
2309.1
3068.6
3435.211
3435.4
3436.1
3436.5
3437.4
3456.5
3506.6
3920.6
4133.4
4134.212
4233.5
4234.2
4734.3
5125.6
5234.1
5377.6
5487.6
5979.4
5980.212
6080.2
6118.5
6153.4
6210.5
6481.4
6580.3
6815.5
7026.6
7080.1
7366.6
7772.211
7772.4
7773.1
7831.5
7887.6
8247.211
8247.4
8248.1
8270.5
8331.6
8849.4
8850.212
8937.5
8950.2
9365.4
9420.5
9450.3
9590.4
9686.5
9950.1
9971.6
10023.6
10405.211
10405.4
10406.1
10437.5
10494.6
10821.6
10883.211
10883.4
10884.1
10909.5
10910.4
10914.5
10970.6
11538.4
11539.212
11615.5
11639.2
12039.4
12053.5
12089.4
12139.3
12348.5
12352.4
12353.5
12455.6
12639.1
12674.6
12728.6
13073.6
13152.211
13152.4
13153.1
13289.5
13343.6
13669.6
14082.4
14083.212
14183.2
14242.5
14675.4
14683.3
14908.5
15183.1
15294.6
15536.211
15536.4
15537.1
15548.5
15599.6
15952.6
16322.4
16323.212
16423.2
16423.5
16923.3
16983.4
17096.5
17185.6
17331.6
17423.1
17666.6
18102.211
18102.4
18103.1
18349.5
18485.6
18872.211
18872.4
18873.1
18909.5
18967.6
19241.211
19241.4
19242.1
19274.5
19329.6
19711.211
19711.4
19712.1
19758.5
19812.6
20248.211
20248.4
20249.1
20314.5
20363.6
20633.211
20633.4
20634.1
20655.5
20713.6
21235.4
21236.212
21310.5
21336.2
21685.4
21779.5
21836.3
22305.6
22336.1
22533.6
23962.4
23963.212
24063.2
24073.5
24563.3
25063.1
25362.4
25456.5
26262.4
26458.5
26630.6
26732.6
27344.4
27345.212
27445.2
27611.5
27945.3
28445.1
28613.6
29405.4
29406.212
29479.5
29506.2
30006.3
30506.1
30647.6
31348.4
31349.212
31429.5
31449.2
31949.3
32215.4
32314.5
32449.1
32799.6
33535.4
33536.212
33615.5
33636.2
33989.4
34136.3
34214.5
34313.6
34571.6
34636.1
35160.6
35701.4
35702.212
35796.5
35802.2
36302.3
36802.1
38115.4
38187.5
38265.6
38313.6
38730.211
38730.4
38731.1
38786.5
38851.6
39411.4
39412.212
39512.2
39515.5
40012.3
40490.6
40512.1
40708.6
41146.211
41146.4
41147.1
41213.5
41285.6
41906.4
41907.212
41989.5
42007.2
42507.3
42877.6
43007.1
43605.6
44146.4
44147.212
44225.5
44247.2
44747.3
45247.1
47107.6
47551.211
47551.4
47552.1
47583.5
47638.6
48287.4
48288.212
48385.5
48388.2
48738.4
48796.5
48888.3
49300.6
49388.1
49521.6
50124.4
50125.212
50225.2
50228.5
50725.3
51062.6
51225.1
51438.6
51870.211
51870.4
51871.1
51927.5
51997.6
52666.4
52667.212
52762.5
52767.2
53267.3
53767.1
54579.4
54644.5
54743.6
55179.211
55179.4
55180.1
55211.5
55276.6
55928.4
55929.212
56008.5
56029.2
56462.4
56529.3
56586.5
57029.1
57323.4
57341.5
57836.6
58146.211
58146.4
58147.1
58160.5
58220.6
58726.4
58727.212
58810.5
58827.2
59327.3
59827.1
60686.4
60824.5
60906.6
61223.6
61723.4
61724.212
61801.5
61824.2
62324.3
62345.4
62436.5
62823.6
62824.1
63718.4
63749.5
63820.6
64460.4
64461.212
64561.2
64597.5
65061.3
65316.4
65410.5
65561.1
65771.4
65873.5
66268.6
66818.4
66819.212
66907.5
66919.2
67419.3
67883.6
67919.1
68407.6
68667.211
68667.4
68668.1
68758.5
68835.6
69467.4
69468.212
69566.5
69568.2
69881.4
69965.5
70068.3
70568.1
70731.4
70738.5
71113.6
71541.211
71541.4
71542.1
71581.5
71640.6
72303.4
72304.212
72382.5
72404.2
72904.3
73404.1
75072.6
75531.211
75531.4
75532.1
75587.5
75654.6
76024.211
76024.4
76025.1
76053.5
76114.6
76605.211
76605.4
76606.1
76688.5
76762.6
77516.4
77517.212
77617.2
77632.5
78117.3
78617.1
79444.4
79534.5
79622.6
80111.211
80111.4
80112.1
80143.5
80199.6
80870.4
80871.212
80971.2
80972.5
81471.3
81531.4
81605.5
81971.1
82653.4
82743.5
83634.6
83838.6
83977.211
83977.4
83978.1
83999.5
84057.6
84439.211
84439.4
84440.1
84508.5
84564.6
85172.4
85173.212
85273.2
85278.5
85773.3
86273.1
87271.6
87437.6
87593.6
88083.4
88084.212
88184.2
88209.5
88615.4
88663.5
88684.3
89184.1
89606.6
90083.211
90083.4
90084.1
90109.5
90162.6
90750.4
90751.212
90849.5
90851.2
90891.4
90934.5
91351.3
91487.4
91851.1
92381.5
92480.6
93211.4
93212.212
93312.2
93385.5
93812.3
93951.4
94312.1
94344.5
94679.6
95122.211
95122.4
95123.1
95155.5
95214.6
95838.4
95839.212
95937.5
95939.2
96439.3
96939.1
97504.6
97969.211
97969.4
97970.1
98040.5
98093.6
98662.4
98663.212
98763.2
98768.5
99263.3
99763.1
100977.4
101025.5
101097.6
101741.4
101742.212
101842.2
101842.5
102342.3
102842.1
103881.6
104291.6
104855.4
104856.212
104956.2
104972.5
105456.3
105956.1
106084.6
106670.4
106671.212
106754.5
106771.2
107149.4
107258.5
107271.3
107707.4
107723.5
107771.1
107812.6
108219.6
108522.4
108523.212
108591.5
108623.2
108957.4
109119.5
109123.3
109385.6
109623.1
109758.6
110142.211
110142.4
110143.1
110184.5
110239.6
110652.211
110652.4
110653.1
110704.5
110760.6
111390.4
111391.212
111474.5
111491.2
111762.4
111975.5
111991.3
112361.6
112491.1
112560.6
112955.6
113395.4
113396.212
113484.5
113496.2
113979.4
113996.3
114087.5
114496.1
114660.6
115103.211
115103.4
115104.1
115150.5
115204.6
115711.4
115712.212
115795.5
115812.2
116312.3
116812.1
117141.6
117397.6
117651.6
118072.4
118073.212
118152.5
118173.2
118673.3
119173.1
119859.6
120261.211
120261.4
120262.1
120334.5
120391.6
120822.211
120822.4
120823.1
120848.5
120911.6
121443.4
121444.212
121544.2
121570.5
122044.3
122544.1
122859.6
123062.6
123438.4
123439.212
123517.5
123539.2
124039.3
124539.1
125065.4
125151.5
125227.6
125514.211
125514.4
125515.1
125563.5
125630.6
126184.4
126185.212
126260.5
126285.2
126613.4
126773.5
126785.3
127285.1
127478.6
128034.4
128035.212
128112.5
128135.2
128462.4
128463.5
128466.4
128529.5
128635.3
128704.4
129012.5
129135.1
129533.6
130203.4
130204.212
130291.5
130304.2
130804.3
130867.4
130965.5
131304.1
131489.6
131940.211
131940.4
131941.1
131983.5
132038.6
132556.4
132557.212
132638.5
132657.2
133157.3
133657.1
134892.4
134912.5
134995.6
135476.211
135476.4
135477.1
135534.5
135598.6
136148.4
136149.212
136230.5
136249.2
136749.3
136765.4
136920.5
137249.1
137852.6
138143.6
138633.4
138634.212
138721.5
138734.2
139024.4
139074.5
139234.3
139734.1
140215.6
140553.211
140553.4
140554.1
140601.5
140656.6
141133.211
141133.4
141134.1
141226.5
141293.6
141787.211
141787.4
141788.1
141841.5
141908.6
142504.4
142505.212
142605.2
142909.5
143105.3
143530.4
143532.5
143534.4
143536.5
143551.4
143605.1
143661.5
144074.6
144268.211
144268.4
144269.1
144290.5
144349.6
144807.211
144807.4
144808.1
144856.5
144918.6
145579.4
145580.212
145670.5
145680.2
146043.4
146180.3
146221.5
146680.1
146746.4
146758.5
148736.6
149076.6
149414.6
149728.4
149729.212
149802.5
149829.2
150329.3
150794.4
150810.5
150829.1
150829.4
150847.5
151330.6
151674.6
151822.211
151822.4
151823.1
151878.5
151939.6
152425.211
152425.4
152426.1
152462.5
152531.6
153165.4
153166.212
153250.5
153266.2
153766.3
154266.1
154496.4
154522.5
154631.6
155023.6
155716.4
155717.212
155817.2
155835.5
156317.3
156817.1
157608.6
158140.4
158141.212
158219.5
158241.2
158411.4
158451.5
158741.3
159241.1
161185.4
161205.5
161213.4
161215.5
161994.6
162310.211
162310.4
162311.1
162340.5
162398.6
162968.4
162969.212
163069.2
163076.5
163569.3
164069.1
165257.6
165522.6
165907.4
165908.212
165982.5
166008.2
166508.3
167008.1
174402.4
174423.5
175686.6
175834.6
176195.4
176196.212
176275.5
176296.2
176796.3
177296.1
177528.6
177810.6
178056.4
178057.212
178135.5
178157.2
178657.3
180000.9
123456789
11
25
15
11
25
15
14
FI
2
6
10
44
01
11
17
01
6
2
825
0
0
0
314159265
57
0
170
180000
314159265
0.1
147.6
333.211
333.4
334.1
349.5
400.6
739.211
739.4
740.1
781.5
834.6
1352.4
1353.212
1453.2
1512.5
1953.3
2308.6
2453.1
3147.6
3577.211
3577.4
3578.1
3612.5
3624.4
3776.5
3841.6
4532.4
4533.212
4617.5
4633.2
4969.4
5027.5
5133.3
5208.4
5497.5
5633.1
5927.6
5938.6
6480.4
6481.212
6581.2
6671.5
6728.6
7081.3
7381.6
7581.1
8004.6
8486.211
8486.4
8487.1
8512.5
8569.6
8947.211
8947.4
8948.1
8970.5
9027.6
9343.211
9343.4
9344.1
9367.5
9436.4
9556.5
9619.6
10265.4
10266.212
10341.5
10366.2
10810.4
10866.3
10956.5
11289.6
11337.6
11366.1
11404.6
11956.4
11957.212
12057.2
12070.5
12557.3
12586.4
12657.5
12768.4
12886.5
13057.1
13486.6
13588.6
13963.211
13963.4
13964.1
13989.5
14052.6
14698.4
14699.212
14799.2
14803.5
15169.4
15240.5
15299.3
15656.6
15713.6
15799.1
16036.6
16706.4
16707.212
16786.5
16807.2
17300.4
17307.3
17437.5
17513.6
17807.1
18007.6
18046.6
18093.6
18514.4
18515.212
18598.5
18615.2
19115.3
19277.6
19327.6
19388.6
19615.1
19974.6
20595.4
20596.212
20673.5
20696.2
21196.3
21271.4
21486.5
21696.1
22805.6
23337.4
23338.212
23421.5
23438.2
23938.3
24115.4
24247.5
24438.1
24625.6
24671.6
25089.211
25089.4
25090.1
25160.5
25216.6
25836.4
25837.212
25937.2
25961.5
26437.3
26937.1
27550.4
27623.5
27721.4
27832.5
27915.6
28453.4
28454.212
28535.5
28554.2
29054.3
29083.4
29374.5
29554.1
29822.6
30229.211
30229.4
30230.1
30264.5
30323.6
30964.4
30965.212
31065.2
31106.5
31425.4
31565.3
31984.5
32065.1
32265.6
32715.211
32715.4
32716.1
32744.5
32797.6
33384.4
33385.212
33485.2
33538.5
33985.3
34432.4
34485.1
34620.5
34704.6
35239.4
35240.212
35324.5
35340.2
35840.3
36340.1
36703.4
36706.5
36708.4
37049.5
37128.6
37566.211
37566.4
37567.1
37594.5
37655.6
38407.4
38408.212
38508.2
38630.5
38703.6
38967.6
39008.3
39270.6
39508.1
39736.6
40212.211
40212.4
40213.1
40245.5
40299.6
40778.211
40778.4
40779.1
40812.5
40865.6
41419.4
41420.212
41498.5
41520.2
42020.3
42047.4
42135.5
42330.4
42393.5
42520.1
43470.6
43826.211
43826.4
43827.1
43854.5
43909.6
44502.4
44503.212
44603.2
44610.5
45103.3
45603.1
45761.6
46369.4
46370.212
46470.2
46477.5
46970.3
47264.4
47401.5
47470.1
47841.6
48477.4
48478.212
48552.5
48578.2
49078.3
49322.6
49578.1
49957.4
49994.5
50050.6
50659.4
50660.212
50740.5
50760.2
51260.3
51382.4
51544.5
51630.6
51760.1
51824.6
52339.4
52340.212
52433.5
52440.2
52835.4
52930.5
52940.3
53440.1
53524.4
53607.5
53768.6
54166.6
54520.4
54521.212
54608.5
54621.2
55121.3
55177.6
55621.1
55852.6
56231.211
56231.4
56232.1
56332.5
56389.6
56902.4
56903.212
56991.5
57003.2
57503.3
58003.1
59777.4
59905.5
59995.6
60422.211
60422.4
60423.1
60461.5
60520.6
61042.4
61043.212
61140.5
61143.2
61643.3
61782.4
61848.5
62143.1
62302.6
62709.211
62709.4
62710.1
62743.5
62802.6
63427.4
63428.212
63528.2
63546.5
64028.3
64528.1
64722.6
65201.211
65201.4
65202.1
65244.5
65303.6
65856.4
65857.212
65941.5
65957.2
66457.3
66630.4
66794.5
66957.1
67417.6
67917.211
67917.4
67918.1
67951.5
68009.6
68481.211
68481.4
68482.1
68541.5
68607.6
69184.4
69185.212
69285.2
69295.5
69610.4
69685.5
69780.4
69785.3
69884.5
70012.4
70256.5
70285.1
70497.6
70982.6
71181.6
71492.4
71493.212
71577.5
71593.2
72093.3
72239.4
72317.5
72498.4
72593.1
72622.5
72759.6
72886.6
73134.6
73218.211
73218.4
73219.1
73301.5
73369.6
73519.6
73943.4
73944.212
74033.5
74044.2
74544.3
74647.4
74881.5
75044.1
75243.6
75611.211
75611.4
75612.1
75646.5
75705.6
76220.4
76221.212
76313.5
76321.2
76821.3
77321.1
78146.4
78213.5
78288.6
78758.211
78758.4
78759.1
78810.5
78871.6
79370.211
79370.4
79371.1
79409.5
79486.6
80133.4
80134.212
80222.5
80234.2
80734.3
80958.4
81042.5
81234.1
81337.6
81655.211
81655.4
81656.1
81657.5
81728.6
82268.4
82269.212
82349.5
82369.2
82869.3
82925.4
83090.5
83369.1
83491.6
83717.6
84117.4
84118.212
84218.2
84230.5
84718.3
85218.1
85421.6
85677.6
86198.4
86199.212
86299.2
86305.5
86529.4
86564.5
86799.3
87209.4
87299.1
87495.5
87797.6
88074.211
88074.4
88075.1
88122.5
88183.6
88720.4
88721.212
88821.2
88823.5
89321.3
89425.4
89669.5
89819.4
89821.1
89979.5
90104.6
90390.6
90940.4
90941.212
91041.2
91071.5
91395.4
91396.5
91399.4
91541.3
92041.1
92097.5
92188.6
92919.4
92920.212
93004.5
93020.2
93469.4
93510.5
93520.3
94020.1
94313.6
94812.211
94812.4
94813.1
94905.5
94958.6
95548.4
95549.212
95629.5
95649.2
95727.4
95776.5
96149.3
96649.1
97561.6
98076.4
98077.212
98144.5
98177.2
98677.3
98761.4
98782.5
98783.4
98992.5
99177.1
99512.6
100031.4
100032.212
100132.2
100144.5
100563.4
100632.3
100763.5
101132.1
101614.6
102092.211
102092.4
102093.1
102153.5
102242.6
102801.4
102802.212
102902.2
102915.5
103402.3
103902.1
104126.4
104150.5
105330.6
105874.4
105875.212
105975.2
105980.5
106475.3
106975.1
107499.6
107846.211
107846.4
107847.1
107880.5
107937.6
108422.211
108422.4
108423.1
108466.5
108529.6
109024.211
109024.4
109025.1
109055.5
109155.6
109629.211
109629.4
109630.1
109686.5
109751.6
110296.4
110297.212
110393.5
110397.2
110759.4
110897.3
111351.5
111397.1
114390.4
114398.5
114522.6
114920.6
114971.211
114971.4
114972.1
115005.5
115078.6
115504.211
115504.4
115505.1
115529.5
115599.6
116241.4
116242.212
116328.5
116342.2
116636.4
116842.3
117146.5
117342.1
120694.4
120792.5
121755.6
121932.6
122203.211
122203.4
122204.1
122238.5
122307.6
122784.211
122784.4
122785.1
122824.5
122888.6
123401.4
123402.212
123488.5
123502.2
124002.3
124502.1
125057.6
125477.6
125677.4
125678.212
125771.5
125778.2
126278.3
126300.4
126485.5
126778.1
127073.6
127483.6
127794.4
127795.212
127882.5
127895.2
128395.3
128895.1
129327.4
129353.5
129436.6
130013.4
130014.212
130102.5
130114.2
130614.3
130874.4
130956.5
131114.1
131727.6
131980.6
132170.6
132546.4
132547.212
132638.5
132647.2
133147.3
133647.1
135239.6
135582.211
135582.4
135583.1
135637.5
135713.6
136200.211
136200.4
136201.1
136281.5
136345.6
136829.211
136829.4
136830.1
136941.5
137204.6
137375.211
137375.4
137376.1
137417.5
137496.6
137979.211
137979.4
137980.1
138091.5
138328.6
138532.6
139086.4
139087.212
139181.5
139187.2
139687.3
140187.1
140943.4
141002.5
141162.6
141311.6
141493.6
141878.4
141879.212
141979.2
141984.5
142479.3
142979.1
144251.6
144730.6
145087.4
145088.212
145163.5
145188.2
145688.3
146188.1
147796.4
147988.5
148230.4
148236.5
148326.6
148699.211
148699.4
148700.1
148736.5
148828.6
149299.211
149299.4
149300.1
149348.5
149423.6
149981.4
149982.212
150082.2
150104.5
150582.3
151082.1
151497.6
151778.211
151778.4
151779.1
151805.5
152158.6
152468.211
152468.4
152469.1
152537.5
152605.6
152937.6
153468.4
153469.212
153569.2
153576.5
153848.4
153945.5
154069.3
154565.4
154569.1
154696.5
156491.6
156666.211
156666.4
156667.1
156693.5
156764.6
156902.6
157153.211
157153.4
157154.1
157182.5
157959.6
158278.6
158338.211
158338.4
158339.1
158381.5
159087.6
159337.6
159624.4
159625.212
159725.2
159731.5
160225.3
160725.1
162616.4
162714.5
162844.6
163089.211
163089.4
163090.1
163111.5
178252.6
178632.211
178632.4
178633.1
178658.5
178743.6
178885.211
178885.4
178886.1
178913.5
178981.6
179283.6
179576.4
179577.212
179677.2
180000.9
123456789
11
26
15
11
26
15
14
FI
2
6
10
47
41
11
20
41
6
2
872
0
0
0
314159265
48
0
186
180000
314159265
0.1
407.6
818.211
818.4
819.1
844.5
1177.6
1506.211
1506.4
1507.1
1512.5
1568.6
1939.211
1939.4
1940.1
1975.5
2273.6
2314.6
2739.211
2739.4
2740.1
2760.5
3128.6
3554.211
3554.4
3555.1
3583.5
3629.6
4022.6
4497.4
4498.212
4598.2
4628.5
4965.4
5014.5
5098.3
5175.4
5413.5
5436.4
5467.5
5598.1
5972.6
6428.211
6428.4
6429.1
6452.5
6514.6
7074.211
7074.4
7075.1
7106.5
7163.6
7738.211
7738.4
7739.1
7794.5
7895.6
8870.6
9123.4
9124.212
9224.2
9493.5
9724.3
9844.6
10224.1
10233.6
10797.211
10797.4
10798.1
10831.5
10891.6
11659.4
11660.212
11748.5
11760.2
12260.3
12405.4
12592.5
12696.6
12760.1
12902.6
13439.211
13439.4
13440.1
13491.5
13500.4
13532.5
13587.6
14296.4
14297.212
14380.5
14397.2
14602.4
14711.5
14832.4
14897.3
15113.5
15212.6
15397.1
15552.6
16036.211
16036.4
16037.1
16065.5
16126.6
16679.211
16679.4
16680.1
16716.5
16775.6
17445.4
17446.212
17518.5
17546.2
18046.3
18178.4
18179.5
18182.4
18257.5
18357.6
18546.1
18700.6
18731.6
18782.6
19062.6
19520.4
19521.212
19602.5
19621.2
20092.4
20121.3
20177.5
20445.6
20480.6
20542.6
20621.1
20939.4
21158.5
21207.6
21850.4
21851.212
21939.5
21951.2
22278.4
22339.5
22451.3
22871.6
22951.1
23204.6
23744.211
23744.4
23745.1
23805.5
23874.6
24606.4
24607.212
24707.2
24747.5
25207.3
25228.4
25570.5
25707.1
25848.6
25912.6
25973.6
26200.211
26200.4
26201.1
26232.5
26302.6
26835.211
26835.4
26836.1
27002.5
27061.6
27475.211
27475.4
27476.1
27504.5
27563.6
28063.211
28063.4
28064.1
28117.5
28176.6
28776.211
28776.4
28777.1
28799.5
28867.6
29371.211
29371.4
29372.1
29403.5
29474.6
29760.211
29760.4
29761.1
29784.5
29842.4
29950.5
30023.6
30637.4
30638.212
30724.5
30738.2
31238.3
31355.4
31613.5
31725.6
31738.1
31950.6
32607.4
32608.212
32708.2
32726.5
33208.3
33245.4
33361.5
33708.1
33975.6
34558.211
34558.4
34559.1
34599.5
34663.6
35434.4
35435.212
35509.5
35535.2
36033.4
36035.3
36286.5
36384.6
36535.1
36782.6
36817.6
37214.211
37214.4
37215.1
37256.5
37322.6
37964.4
37965.212
38048.5
38065.2
38475.4
38565.3
38568.5
38827.6
39065.1
39162.6
39353.211
39353.4
39354.1
39371.5
39436.6
40046.4
40047.212
40147.2
40156.5
40647.3
40713.4
40941.5
41147.1
41180.6
41492.6
41795.4
41796.212
41891.5
41896.2
42344.4
42396.3
42470.5
42896.1
43680.6
44003.211
44003.4
44004.1
44106.5
44167.6
44668.211
44668.4
44669.1
44724.5
44791.6
45305.211
45305.4
45306.1
45361.5
45429.6
45956.211
45956.4
45957.1
46002.5
46074.6
46455.211
46455.4
46456.1
46532.5
46598.6
47239.4
47240.212
47332.5
47340.2
47794.4
47837.5
47840.3
47846.4
47853.5
47860.4
47868.5
47874.4
48048.5
48332.6
48340.1
48372.6
48748.211
48748.4
48749.1
48775.5
48845.6
49514.4
49515.212
49598.5
49615.2
50115.3
50615.1
51073.4
51187.5
51261.6
51699.211
51699.4
51700.1
51738.5
51809.6
52128.211
52128.4
52129.1
52152.5
52218.6
52258.6
52825.4
52826.212
52900.5
52926.2
53389.4
53394.5
53400.4
53426.3
53464.5
53833.4
53926.1
54273.5
54910.6
55314.211
55314.4
55315.1
55339.5
55397.6
56040.4
56041.212
56119.5
56141.2
56641.3
57141.1
57284.6
57592.211
57592.4
57593.1
57626.5
57686.6
58189.211
58189.4
58190.1
58252.5
58332.6
58999.4
59000.212
59084.5
59100.2
59507.4
59530.5
59600.3
60100.1
60138.6
60792.4
60793.212
60889.5
60893.2
61393.3
61893.1
62234.6
62558.6
62935.4
62936.212
63026.5
63036.2
63510.4
63536.3
63601.5
64036.1
64579.6
65537.4
65538.212
65625.5
65638.2
66138.3
66638.1
66908.4
66922.5
67028.6
67551.211
67551.4
67552.1
67611.5
67677.6
68310.4
68311.212
68411.2
68420.5
68911.3
69411.1
69952.6
70372.211
70372.4
70373.1
70419.5
70486.6
71100.4
71101.212
71184.5
71201.2
71701.3
72201.1
73275.4
73435.5
73787.6
74284.211
74284.4
74285.1
74330.5
74399.6
75251.4
75252.212
75343.5
75352.2
75852.3
76352.1
76697.4
76720.5
76797.6
77334.211
77334.4
77335.1
77373.5
77445.6
78151.4
78152.212
78249.5
78252.2
78752.3
79046.6
79226.6
79252.1
79567.6
80156.211
80156.4
80157.1
80204.5
80275.6
80872.211
80872.4
80873.1
80923.5
80988.6
81576.211
81576.4
81577.1
81629.5
81880.6
82200.211
82200.4
82201.1
82303.5
82367.6
82906.211
82906.4
82907.1
82941.5
83216.6
83533.211
83533.4
83534.1
83594.5
83663.6
83968.211
83968.4
83969.1
84002.5
85420.6
85751.6
86282.4
86283.212
86382.5
86383.2
86883.3
86893.4
87037.5
87383.1
88461.4
88479.5
88557.6
89051.211
89051.4
89052.1
89101.5
89188.6
90087.4
90088.212
90171.5
90188.2
90679.4
90688.3
90803.5
91188.1
92917.6
93635.4
93636.212
93721.5
93736.2
94236.3
94736.1
96044.4
96117.5
97547.6
98147.211
98147.4
98148.1
98197.5
98269.6
98802.211
98802.4
98803.1
98855.5
98923.6
99392.211
99392.4
99393.1
99474.5
103367.4
103402.5
104031.6
104400.211
104400.4
104401.1
104457.5
104512.6
105340.4
105341.212
105441.2
105441.5
105941.3
106206.4
106236.5
106441.1
107136.4
107145.5
107215.6
107714.211
107714.4
107715.1
107773.5
108043.6
108586.211
108586.4
108587.1
108656.5
108719.6
108919.6
109607.4
109608.212
109693.5
109708.2
110208.3
110708.1
111232.6
111435.6
111453.6
111893.4
111894.212
111978.5
111994.2
112494.3
112994.1
113925.4
113984.5
114493.6
114795.6
114854.211
114854.4
114855.1
114882.5
114958.6
115809.4
115810.212
115910.2
115940.5
116410.3
116910.1
118407.4
118507.5
119070.6
119686.4
119687.212
119787.2
119810.5
120287.3
120332.4
120648.5
120787.1
121299.6
121802.211
121802.4
121803.1
121836.5
121903.6
122651.4
122652.212
122740.5
122752.2
123252.3
123752.1
125028.6
125599.211
125599.4
125600.1
125654.5
125719.6
126382.4
126383.212
126465.5
126483.2
126983.3
127483.1
128338.6
129101.4
129102.212
129190.5
129202.2
129702.3
129834.4
129974.5
130202.1
131812.6
132289.211
132289.4
132290.1
132349.5
132418.6
132971.211
132971.4
132972.1
133035.5
133097.6
133834.4
133835.212
133920.5
133935.2
134435.3
134935.1
135264.6
135420.6
135861.211
135861.4
135862.1
135947.5
136015.6
136199.6
136633.4
136634.212
136734.2
136824.5
137234.3
137310.4
137558.5
137734.1
138429.6
138896.211
138896.4
138897.1
138934.5
139214.6
139702.211
139702.4
139703.1
139746.5
139809.6
139986.6
140551.4
140552.212
140652.2
140663.5
141152.3
141296.4
141528.5
141652.1
142284.4
142287.5
142296.4
142322.5
142393.6
142658.211
142658.4
142659.1
142677.5
142757.6
143062.211
143062.4
143063.1
143097.5
143158.6
143639.211
143639.4
143640.1
143676.5
143755.6
143942.6
144447.4
144448.212
144548.2
144559.5
145048.3
145548.1
146566.4
146727.5
147391.6
147816.211
147816.4
147817.1
147877.5
147940.6
148191.211
148191.4
148192.1
148212.5
148417.6
148828.211
148828.4
148829.1
148868.5
149093.6
149686.211
149686.4
149687.1
149796.5
149797.4
149804.5
150128.6
150350.211
150350.4
150351.1
150370.5
151000.4
151009.5
153838.6
153914.6
154474.4
154475.212
154572.5
154575.2
154950.4
155075.3
155250.5
155253.4
155254.5
155256.4
155275.5
155575.1
155609.6
155923.211
155923.4
155924.1
155964.5
156024.6
156628.4
156629.212
156729.2
156736.5
157229.3
157474.4
157535.5
157665.4
157729.1
157838.5
158580.6
159222.4
159223.212
159323.2
159344.5
159823.3
160038.4
160323.1
160327.5
161332.4
161387.5
161598.6
162020.211
162020.4
162021.1
162048.5
162297.6
162920.4
162921.212
163003.5
163021.2
163417.4
163421.5
163423.4
163521.3
163545.5
164021.1
165590.6
165973.211
165973.4
165974.1
166033.5
166254.6
166270.6
166480.6
166923.4
166924.212
167024.2
167112.5
167499.4
167523.5
167524.3
167528.4
167566.5
168024.1
168716.4
168737.5
168905.6
169037.6
169339.6
169688.4
169689.212
169783.5
169789.2
170289.3
170309.4
170404.5
170789.1
171692.6
172585.4
172586.212
172686.2
172786.5
173186.3
173686.1
174469.4
174611.5
178216.6
178539.211
178539.4
178540.1
178575.5
179478.4
179507.5
180000.9
123456789
11
27
15
11
27
15
14
FI
2
6
10
44
05
11
17
05
6
2
850
0
0
0
314159265
52
0
172
180000
314159265
0.1
348.6
761.211
761.4
762.1
775.5
842.6
1155.211
1155.4
1156.1
1190.5
1553.6
1911.211
1911.4
1912.1
1935.5
1985.4
2022.5
2081.6
2477.211
2477.4
2478.1
2506.5
2571.6
2901.211
2901.4
2902.1
2926.5
2983.6
3359.211
3359.4
3360.1
3389.5
3458.6
3857.211
3857.4
3858.1
3879.5
3946.6
4401.6
4703.4
4704.212
4782.5
4804.2
5215.4
5219.5
5222.4
5304.3
5611.5
5804.1
6016.6
6251.6
6519.6
6863.4
6864.212
6964.2
6987.5
7372.4
7464.3
7611.5
7964.1
8083.6
8111.6
8160.6
8601.211
8601.4
8602.1
8631.5
8696.6
9057.211
9057.4
9058.1
9083.5
9090.4
9147.5
9729.6
10243.211
10243.4
10244.1
10287.5
10347.6
10590.6
10623.6
10719.211
10719.4
10720.1
10743.5
10808.6
11451.4
11452.212
11530.5
11552.2
12000.4
12052.3
12073.5
12536.6
12552.1
13091.6
13242.211
13242.4
13243.1
13282.5
13342.6
13772.211
13772.4
13773.1
13795.5
13838.4
13880.5
13941.6
14297.211
14297.4
14298.1
14376.5
14436.6
15345.4
15346.212
15421.5
15446.2
15830.4
15946.3
15978.5
16446.1
16448.6
16520.6
17060.4
17061.212
17142.5
17161.2
17410.4
17557.5
17661.3
17843.6
18161.1
18768.4
18790.5
18850.6
19428.211
19428.4
19429.1
19458.5
19525.6
19778.6
19806.6
20291.4
20292.212
20380.5
20392.2
20892.3
21000.4
21045.5
21392.1
21611.6
22318.4
22319.212
22419.2
22419.5
22805.4
22919.3
22923.5
23419.1
23574.6
24186.4
24187.212
24287.2
24303.5
24787.3
25120.6
25287.1
25757.4
25768.5
25840.6
26539.4
26540.212
26615.5
26640.2
27140.3
27571.6
27640.1
27982.6
28496.211
28496.4
28497.1
28529.5
28623.6
28987.211
28987.4
28988.1
29003.5
29061.6
29578.211
29578.4
29579.1
29621.5
29677.6
30078.6
30472.4
30473.212
30573.2
30606.5
31073.3
31573.1
31710.6
31937.211
31937.4
31938.1
32075.5
32141.6
32506.211
32506.4
32507.1
32536.5
32597.6
33283.4
33284.212
33357.5
33384.2
33711.4
33712.5
33713.4
33804.5
33884.3
34278.6
34384.1
34544.6
35210.4
35211.212
35292.5
35311.2
35460.4
35512.5
35811.3
36311.1
36803.6
37380.211
37380.4
37381.1
37417.5
37480.6
38362.4
38363.212
38463.2
38486.5
38571.6
38963.3
38996.6
39209.6
39380.6
39463.1
39526.4
39559.5
39616.6
40380.4
40381.212
40480.5
40481.2
40981.3
41481.1
41564.4
41584.5
41651.6
41985.211
41985.4
41986.1
42008.5
42067.6
42998.4
42999.212
43099.2
43113.5
43229.4
43298.5
43425.4
43599.3
43821.5
44080.6
44099.1
44318.6
44583.211
44583.4
44584.1
44615.5
44678.6
45146.211
45146.4
45147.1
45166.5
45236.6
45663.211
45663.4
45664.1
45715.5
45800.6
46553.4
46554.212
46645.5
46654.2
47050.4
47154.3
47419.5
47654.1
47809.6
48054.6
48362.211
48362.4
48363.1
48379.5
48431.6
49522.4
49523.212
49623.2
49628.5
50068.4
50123.3
50223.5
50256.4
50320.5
50623.1
50633.6
50658.6
51416.4
51417.212
51498.5
51517.2
51875.4
52017.3
52051.5
52517.1
53982.6
54405.211
54405.4
54406.1
54499.5
54557.6
54879.211
54879.4
54880.1
54907.5
54968.6
55701.4
55702.212
55785.5
55802.2
56302.3
56802.1
57002.6
57604.4
57605.212
57705.2
57715.5
58205.3
58705.1
59559.4
59560.5
59651.6
60196.211
60196.4
60197.1
60258.5
60334.6
61394.4
61395.212
61495.2
61502.5
61995.3
62495.1
63044.4
63087.5
63315.6
63622.211
63622.4
63623.1
63702.5
63773.6
64378.4
64379.212
64462.5
64479.2
64979.3
65232.4
65234.5
65235.4
65349.5
65479.1
65975.6
66601.4
66602.212
66698.5
66702.2
67202.3
67702.1
68205.6
68724.211
68724.4
68725.1
68798.5
68857.6
69116.211
69116.4
69117.1
69129.5
70378.6
70766.211
70766.4
70767.1
70810.5
70886.6
71212.211
71212.4
71213.1
71247.5
71321.6
71867.211
71867.4
71868.1
72001.5
72079.6
72286.211
72286.4
72287.1
72316.5
72402.6
72627.6
72842.211
72842.4
72843.1
72887.5
72984.6
73161.6
73221.6
73401.211
73401.4
73402.1
73458.5
77256.6
77531.211
77531.4
77532.1
77553.5
77576.4
77599.5
77666.6
78239.211
78239.4
78240.1
78299.5
78365.6
78982.4
78983.212
79083.2
79089.5
79583.3
80083.1
81469.4
81510.5
82178.6
82349.211
82349.4
82350.1
82373.5
82440.6
83189.4
83190.212
83271.5
83290.2
83683.4
83790.3
84049.5
84290.1
84464.6
84495.6
85349.4
85350.212
85450.2
85454.5
85950.3
86450.1
87066.6
87282.211
87282.4
87283.1
87331.5
87391.6
88274.4
88275.212
88365.5
88375.2
88875.3
89375.1
90039.6
90255.211
90255.4
90256.1
90278.5
90350.6
90986.4
90987.212
91076.5
91087.2
91587.3
92087.1
92259.6
92366.6
92764.211
92764.4
92765.1
92806.5
92880.6
93562.4
93563.212
93662.5
93663.2
94163.3
94663.1
95632.4
95696.5
96342.6
96937.211
96937.4
96938.1
96962.5
97062.6
97978.4
97979.212
98079.2
98092.5
98579.3
98609.4
98881.5
99079.1
99725.6
100166.211
100166.4
100167.1
100205.5
100283.6
101100.4
101101.212
101176.5
101201.2
101701.3
102201.1
105041.6
105971.4
105972.212
106072.2
106076.5
106572.3
106687.4
106802.5
107072.1
108990.6
109320.211
109320.4
109321.1
109356.5
110989.6
111161.6
111600.4
111601.212
111701.2
111705.5
112201.3
112701.1
113175.4
113332.5
113497.6
113827.211
113827.4
113828.1
113854.5
114287.6
114496.6
115159.4
115160.212
115243.5
115260.2
115681.4
115739.5
115760.3
116260.1
116748.6
117010.6
117682.4
117683.212
117763.5
117783.2
118142.4
118158.5
118189.4
118283.3
118388.5
118783.1
121442.6
121905.211
121905.4
121906.1
122083.5
122145.6
122734.211
122734.4
122735.1
122775.5
122857.6
123512.4
123513.212
123613.2
123638.5
124113.3
124505.4
124517.5
124613.1
125156.6
125396.6
125775.4
125776.212
125870.5
125876.2
126376.3
126876.1
127537.4
127576.5
127666.6
128089.6
128545.4
128546.212
128646.2
128751.5
129146.3
129251.4
129305.5
129646.1
129930.6
130192.6
130671.4
130672.212
130756.5
130772.2
131272.3
131772.1
131922.6
132094.6
132548.4
132549.212
132647.5
132649.2
133149.3
133649.1
134511.4
134734.5
134826.6
135425.211
135425.4
135426.1
135491.5
135583.6
136304.4
136305.212
136405.2
136420.5
136905.3
137405.1
139778.6
140153.211
140153.4
140154.1
140184.5
140249.6
140747.211
140747.4
140748.1
140804.5
140873.6
141642.4
141643.212
141718.5
141743.2
142243.3
142266.4
142269.5
142274.4
142486.5
142743.1
142827.6
143028.6
143238.211
143238.4
143239.1
143298.5
143369.6
143983.4
143984.212
144069.5
144084.2
144584.3
145084.1
145717.4
145794.5
145878.6
146527.4
146528.212
146611.5
146628.2
147128.3
147494.6
147628.1
148030.6
148490.211
148490.4
148491.1
148522.5
148579.6
149379.4
149380.212
149470.5
149480.2
149980.3
150041.4
150281.5
150473.6
150480.1
150582.6
150708.6
150934.6
151405.4
151406.212
151494.5
151506.2
152002.4
152006.3
152008.5
152011.4
152266.5
152506.1
152822.6
152979.6
153373.211
153373.4
153374.1
153629.5
153900.6
154019.6
154164.211
154164.4
154165.1
154220.5
154304.6
154768.211
154768.4
154769.1
154986.5
155048.6
155624.211
155624.4
155625.1
155661.5
155750.6
155979.6
156522.4
156523.212
156607.5
156623.2
157123.3
157623.1
159530.4
159773.5
159877.6
160401.6
160835.4
160836.212
160936.2
160957.5
161436.3
161524.4
161671.5
161936.1
162787.6
163276.211
163276.4
163277.1
163327.5
163394.6
163950.211
163950.4
163951.1
164006.5
164080.6
164708.4
164709.212
164782.5
164809.2
165163.4
165164.5
165171.4
165309.3
165342.5
165809.1
167240.6
167832.211
167832.4
167833.1
167864.5
167970.6
168709.4
168710.212
168800.5
168810.2
169185.4
169310.3
169566.5
169810.1
170455.6
171051.211
171051.4
171052.1
171131.5
171201.6
171494.211
171494.4
171495.1
171509.5
171590.6
172076.211
172076.4
172077.1
172127.5
174719.6
175039.211
175039.4
175040.1
175073.5
175130.6
175771.4
175772.212
175845.5
175872.2
176344.4
176372.3
176553.5
176872.1
177100.6
177516.6
177820.4
177821.212
177921.2
177923.5
178421.3
180000.9
123456789
11
28
15
11
28
15
14
FI
2
6
10
45
45
11
18
45
6
2
764
0
0
0
314159265
56
1
153
180000
314159265
0.1
407.6
777.211
777.4
778.1
792.5
851.6
1130.6
1595.4
1596.212
1696.2
1769.5
2196.3
2386.4
2420.5
2696.1
3202.6
3953.4
3954.212
4054.2
4066.5
4554.3
4562.4
4847.5
5054.1
5379.6
5918.211
5918.4
5919.1
5954.5
6023.6
6688.4
6689.212
6767.5
6789.2
7289.3
7325.4
7548.5
7789.1
8557.6
8596.6
8632.6
8696.6
9239.6
9609.4
9610.212
9710.2
9712.5
10210.3
10301.4
10710.1
10826.5
11406.6
11488.6
11973.211
11973.4
11974.1
12014.5
12091.6
12963.6
13389.6
13815.4
13816.212
13916.2
13937.5
14416.3
14574.6
14612.6
14916.1
15010.6
15446.211
15446.4
15447.1
15544.5
15611.6
16580.4
16581.212
16678.5
16681.2
17136.4
17181.3
17410.5
17681.1
17734.6
17787.6
17925.6
18427.4
18428.212
18513.5
18528.2
19028.3
19528.1
19793.4
20303.5
21658.4
21680.5
21746.6
22096.211
22096.4
22097.1
22112.5
22175.6
22827.4
22828.212
22910.5
22928.2
23428.3
23928.1
24223.4
24329.5
24411.6
24929.211
24929.4
24930.1
24978.5
25050.6
25557.211
25557.4
25558.1
25616.5
25671.6
26482.4
26483.212
26578.5
26583.2
27083.3
27583.1
27911.4
27966.5
28047.6
28451.211
28451.4
28452.1
28484.5
28545.6
29315.4
29316.212
29416.2
29441.5
29916.3
30416.1
30427.6
30454.6
30517.6
30969.211
30969.4
30970.1
30993.5
31055.6
31719.4
31720.212
31809.5
31820.2
32320.3
32570.6
32616.6
32820.1
33318.6
33949.4
33950.212
34050.2
34074.5
34550.3
34889.4
35050.1
35113.5
35498.6
35561.6
36028.211
36028.4
36029.1
36057.5
37079.6
37672.211
37672.4
37673.1
37741.5
37810.6
38604.4
38605.212
38681.5
38705.2
39074.4
39205.3
39281.5
39705.1
40244.4
40406.5
40492.6
40844.6
41482.4
41483.212
41573.5
41583.2
42083.3
42160.4
42183.5
42465.6
42530.6
42583.1
42764.6
42801.6
43446.4
43447.212
43547.2
43551.5
44047.3
44547.1
45413.4
45465.5
45551.6
46406.4
46407.212
46507.2
46521.5
47007.3
47234.4
47431.5
47507.1
47670.6
48279.4
48280.212
48380.2
48394.5
48880.3
49016.4
49047.5
49380.1
49418.6
50146.4
50147.212
50241.5
50247.2
50747.3
51247.1
51701.6
52271.211
52271.4
52272.1
52352.5
52433.6
53286.4
53287.212
53387.2
53388.5
53887.3
54054.6
54320.4
54336.5
54387.1
54403.6
55249.4
55250.212
55350.2
55360.5
55850.3
56271.6
56350.1
56667.6
57129.211
57129.4
57130.1
57167.5
57235.6
57924.4
57925.212
58025.2
58025.5
58525.3
58845.4
58976.5
59025.1
59328.6
59903.211
59903.4
59904.1
59940.5
60007.6
60969.4
60970.212
61052.5
61070.2
61234.4
61287.5
61570.3
61772.4
62070.1
62196.5
62317.6
62771.6
63255.4
63256.212
63356.2
63373.5
63696.4
63856.3
63859.5
64356.1
64476.6
65183.4
65184.212
65284.2
65295.5
65784.3
66284.1
66944.4
67065.5
67399.6
68023.4
68024.212
68124.2
68161.5
68624.3
69124.1
69230.8
70561.6
71169.4
71170.212
71243.5
71270.2
71678.4
71713.5
71770.3
72270.1
72539.4
72807.5
73270.6
73702.211
73702.4
73703.1
73734.5
73797.6
74466.4
74467.212
74539.5
74567.2
75067.3
75567.1
76551.4
76556.5
76564.4
76637.5
76947.4
77048.5
77552.6
77863.6
78334.4
78335.212
78435.2
78447.5
78935.3
79162.4
79360.5
79435.1
79796.6
80372.211
80372.4
80373.1
80402.5
80471.6
81243.4
81244.212
81344.2
81383.5
81844.3
82157.4
82344.1
82457.5
82623.6
82854.211
82854.4
82855.1
82889.5
82971.6
83637.4
83638.212
83726.5
83738.2
84030.4
84069.5
84238.3
84534.4
84738.1
84914.5
85165.6
85666.211
85666.4
85667.1
85693.5
85747.6
86501.4
86502.212
86602.2
86633.5
87102.3
87602.1
87887.4
87895.5
88063.6
88441.6
88785.4
88786.212
88865.5
88886.2
89386.3
89886.1
91064.4
91121.5
91458.6
91840.211
91840.4
91841.1
91883.5
91962.6
92532.211
92532.4
92533.1
92568.5
92639.6
93550.4
93551.212
93641.5
93651.2
94151.3
94651.1
97044.6
97332.211
97332.4
97333.1
97361.5
97437.6
98027.211
98027.4
98028.1
98091.5
98343.6
99130.4
99131.212
99224.5
99231.2
99731.3
100231.1
101279.4
101332.5
101649.6
101817.211
101817.4
101818.1
101845.5
102133.6
102690.211
102690.4
102691.1
102729.5
102809.6
103626.4
103627.212
103714.5
103727.2
104227.3
104727.1
106070.4
106107.5
106479.6
106774.6
107318.4
107319.212
107419.2
107424.5
107919.3
108419.1
109601.6
109944.211
109944.4
109945.1
109974.5
110038.6
110645.4
110646.212
110720.5
110746.2
111246.3
111746.1
112570.6
112743.211
112743.4
112744.1
112766.5
112920.6
113155.211
113155.4
113156.1
113188.5
113249.6
113818.211
113818.4
113819.1
113872.5
115039.6
115462.6
116000.4
116001.212
116071.5
116101.2
116601.3
117101.1
117780.6
117893.6
118253.211
118253.4
118254.1
118329.5
119104.6
119388.211
119388.4
119389.1
119407.5
120752.6
120913.211
120913.4
120914.1
120939.5
121027.6
121321.6
121828.4
121829.212
121906.5
121929.2
122429.3
122887.4
122929.1
122974.5
123290.4
123315.5
124124.4
124152.5
124980.6
125311.211
125311.4
125312.1
125397.5
125482.6
125715.211
125715.4
125716.1
125801.5
125951.6
126125.6
126224.6
126296.211
126296.4
126297.1
126421.5
127001.6
127235.6
127844.4
127845.212
127931.5
127945.2
128445.3
128606.4
128682.5
128945.1
129094.4
129312.5
129431.4
129450.5
129938.6
130249.6
130734.4
130735.212
130822.5
130835.2
131335.3
131835.1
134255.6
134733.211
134733.4
134734.1
134791.5
134870.6
135451.211
135451.4
135452.1
135489.5
135577.6
136531.4
136532.212
136632.2
136644.5
137132.3
137184.4
137240.5
137632.1
138435.6
139109.4
139110.212
139203.5
139210.2
139710.3
140210.1
140660.4
140665.5
140735.6
141378.4
141379.212
141471.5
141479.2
141979.3
142479.1
143346.6
143938.211
143938.4
143939.1
143977.5
144071.6
144872.4
144873.212
144973.2
144978.5
145473.3
145973.1
147340.4
147391.5
148030.6
148106.6
148618.211
148618.4
148619.1
148678.5
148746.6
148862.6
149450.4
149451.212
149537.5
149551.2
150051.3
150551.1
150761.6
151481.4
151482.212
151582.2
151605.5
152039.4
152082.3
152137.5
152582.1
153880.6
154354.211
154354.4
154355.1
154391.5
154466.6
155454.4
155455.212
155537.5
155555.2
155727.4
155771.5
156055.3
156427.4
156555.1
156666.5
156924.6
157547.4
157548.212
157648.2
157669.5
158148.3
158648.1
159266.6
159892.4
159893.212
159986.5
159993.2
160403.4
160405.5
160416.4
160493.3
160513.5
160993.1
161420.6
161832.6
162360.4
162361.212
162461.2
162480.5
162961.3
163461.1
163565.6
163760.6
164243.4
164244.212
164344.2
164347.5
164844.3
164854.4
165168.5
165344.1
165501.6
166158.4
166159.212
166245.5
166259.2
166759.3
167259.1
168346.4
168445.5
168745.6
169290.211
169290.4
169291.1
169341.5
169412.6
170011.211
170011.4
170012.1
170073.5
170141.6
170834.4
170835.212
170930.5
170935.2
171435.3
171935.1
172336.6
173032.4
173033.212
173133.2
173165.5
173606.4
173633.3
173669.5
174133.1
174574.6
174988.211
174988.4
174989.1
175032.5
175180.6
175649.211
175649.4
175650.1
175676.5
175752.6
176456.4
176457.212
176546.5
176557.2
177057.3
177557.1
178030.6
178253.211
178253.4
178254.1
178281.5
178669.6
179139.211
179139.4
179140.1
179192.5
180000.9
123456789
11
29
15
11
29
15
14
FI
2
6
10
45
31
11
18
30
6
2
725
0
0
0
314159265
58
0
151
180000
314159265
0.1
219.6
463.211
463.4
464.1
486.5
801.6
1355.211
1355.4
1356.1
1389.5
2038.6
2451.211
2451.4
2452.1
2482.5
2546.6
3176.4
3177.212
3277.2
3343.5
3749.4
3777.3
3833.5
4090.6
4130.6
4239.6
4277.1
4659.6
5169.211
5169.4
5170.1
5196.5
5267.6
5974.4
5975.212
6057.5
6075.2
6575.3
7075.1
7444.6
7493.6
7592.6
8037.211
8037.4
8038.1
8074.5
8149.6
9019.4
9020.212
9108.5
9120.2
9620.3
10120.1
10608.4
10698.5
11260.6
11886.4
11887.212
11889.5
11901.4
11987.2
12007.5
12487.3
12987.1
14054.4
14131.5
14221.6
14910.4
14911.212
14981.5
15011.2
15511.3
16011.1
17360.4
17568.5
18085.6
18125.6
18558.211
18558.4
18559.1
18581.5
18674.6
18991.6
19206.211
19206.4
19207.1
19228.5
19310.6
20044.4
20045.212
20145.2
20160.5
20645.3
20748.4
20973.5
20974.4
21075.5
21145.1
21342.6
22120.4
22121.212
22214.5
22221.2
22721.3
23102.6
23221.1
23676.6
24346.4
24347.212
24447.2
24451.5
24947.3
25074.4
25115.5
25447.1
25523.6
25556.6
25652.6
26367.4
26368.212
26450.5
26468.2
26968.3
27468.1
27727.6
27780.6
28517.4
28518.212
28618.2
28618.5
28705.4
28758.5
29118.3
29416.4
29499.5
29618.1
30687.6
31419.4
31420.212
31520.2
31529.5
32020.3
32520.1
34479.4
34712.5
34845.6
35446.4
35447.212
35547.2
35554.5
36047.3
36547.1
36943.4
36975.5
37053.6
37543.211
37543.4
37544.1
37569.5
37633.6
38360.4
38361.212
38444.5
38461.2
38836.4
38961.3
39320.5
39461.1
40157.6
40596.211
40596.4
40597.1
40653.5
40723.6
41372.4
41373.212
41454.5
41473.2
41963.4
41973.3
42040.5
42473.1
42614.6
43181.6
43648.4
43649.212
43749.2
43749.5
44249.3
44356.4
44650.5
44749.1
44921.6
45160.211
45160.4
45161.1
45183.5
45870.4
45903.5
45988.6
46637.4
46638.212
46738.2
46742.5
47037.4
47089.5
47238.3
47738.1
48930.4
49287.5
49362.6
49787.6
50130.4
50131.212
50223.5
50231.2
50337.4
50394.5
50731.3
50868.4
51193.5
51231.1
51328.6
52151.4
52152.212
52236.5
52252.2
52583.4
52688.5
52752.3
53163.6
53252.1
54242.4
54263.5
54275.4
54430.5
54511.6
55121.4
55122.212
55201.5
55222.2
55722.3
56222.1
56665.6
57253.211
57253.4
57254.1
57337.5
58196.6
58598.211
58598.4
58599.1
58653.5
58755.6
59596.4
59597.212
59697.2
59709.5
60077.4
60153.5
60197.3
60697.1
61128.6
61738.4
61739.212
61839.2
61873.5
61988.4
62036.5
62159.4
62300.5
62306.4
62308.5
62320.4
62339.3
62386.5
62702.6
62839.1
63371.6
63890.211
63890.4
63891.1
63924.5
63990.6
64872.4
64873.212
64973.2
64995.5
65473.3
65973.1
67316.4
67495.5
68522.4
68605.5
68705.6
68980.6
69551.4
69552.212
69630.5
69652.2
70152.3
70652.1
70813.6
71388.211
71388.4
71389.1
71419.5
71493.6
72237.4
72238.212
72331.5
72338.2
72554.4
72753.5
72838.3
73080.4
73338.1
73433.5
73528.6
74502.4
74503.212
74586.5
74603.2
75092.6
75103.3
75384.6
75603.1
75633.6
76229.211
76229.4
76230.1
76258.5
76355.6
76541.6
77095.4
77096.212
77195.5
77196.2
77648.4
77694.5
77696.3
77876.4
77878.5
77879.4
78196.1
78201.5
78474.6
78800.6
79031.211
79031.4
79032.1
79057.5
79126.6
80025.4
80026.212
80126.2
80133.5
80626.3
80761.4
80860.5
81126.1
82104.6
82809.4
82810.212
82910.2
82916.5
83410.3
83454.4
83572.5
83910.1
84411.6
84732.6
85025.4
85026.212
85125.5
85126.2
85626.3
86077.6
86126.1
86237.6
86769.211
86769.4
86770.1
86822.5
86888.6
87686.4
87687.212
87787.2
87789.5
88287.3
88787.1
89151.6
89562.211
89562.4
89563.1
89609.5
89676.6
90511.4
90512.212
90607.5
90612.2
91112.3
91612.1
92448.6
92919.211
92919.4
92920.1
92955.5
93058.6
93692.4
93693.212
93793.2
93832.5
94293.3
94793.1
95933.4
96022.5
97400.6
97581.6
98003.4
98004.212
98094.5
98104.2
98604.3
98855.4
98892.5
99104.1
99880.6
100217.211
100217.4
100218.1
100243.5
100306.6
100839.211
100839.4
100840.1
100883.5
100957.6
101777.4
101778.212
101856.5
101878.2
102328.4
102378.3
102463.5
102878.1
103360.6
104034.4
104035.212
104135.2
104160.5
104635.3
105135.1
105815.6
106473.4
106474.212
106555.5
106574.2
107074.3
107574.1
107800.6
108510.4
108511.212
108582.5
108611.2
109111.3
109317.4
109319.5
109321.4
109611.1
109632.5
109868.6
110556.4
110557.212
110635.5
110657.2
111157.3
111612.6
111657.1
111936.6
112610.4
112611.212
112711.2
112736.5
113064.4
113211.3
113329.5
113571.6
113711.1
113896.6
114523.4
114524.212
114611.5
114624.2
114966.4
115124.3
115163.5
115334.6
115624.1
115838.6
116453.4
116454.212
116536.5
116554.2
117054.3
117554.1
117772.6
118367.211
118367.4
118368.1
118418.5
118491.6
119112.4
119113.212
119186.5
119213.2
119697.4
119713.3
119785.5
120157.4
120213.1
120309.5
120675.6
121187.211
121187.4
121188.1
121217.5
121291.6
121929.4
121930.212
122014.5
122030.2
122530.3
122589.4
122674.5
122825.6
123030.1
123456.6
124125.4
124126.212
124205.5
124226.2
124710.4
124726.3
124774.5
125061.4
125226.1
125380.5
125783.6
126299.211
126299.4
126300.1
126338.5
126415.6
127279.4
127280.212
127349.5
127380.2
127880.3
128380.1
129381.4
129467.5
129732.6
129882.6
130376.4
130377.212
130463.5
130477.2
130966.4
130977.3
131093.5
131477.1
133434.6
134091.4
134092.212
134192.2
134202.5
134334.6
134692.3
135192.1
135625.6
135937.211
135937.4
135938.1
135968.5
136038.6
136658.4
136659.212
136737.5
136759.2
137185.4
137259.3
137462.5
137759.1
138290.6
139103.4
139104.212
139204.2
139278.5
139704.3
140204.1
140719.6
141423.4
141424.212
141521.5
141524.2
142024.3
142524.1
143620.4
143643.5
143725.6
144283.211
144283.4
144284.1
144352.5
144443.6
145228.4
145229.212
145310.5
145329.2
145747.4
145829.3
145897.5
146329.1
146537.6
147187.4
147188.212
147268.5
147288.2
147788.3
148288.1
149877.4
149933.5
150019.6
150734.4
150735.212
150835.2
150846.5
151073.4
151129.5
151335.3
151835.1
152604.6
153008.211
153008.4
153009.1
153036.5
153120.6
153724.4
153725.212
153825.2
153886.5
154143.4
154279.5
154325.3
154825.1
157608.6
158315.4
158316.212
158410.5
158416.2
158916.3
159416.1
160292.6
160703.211
160703.4
160704.1
160772.5
160835.6
161561.4
161562.212
161662.2
161692.5
162162.3
162662.1
164658.6
165030.211
165030.4
165031.1
165061.5
168407.6
169306.4
169307.212
169403.5
169407.2
169907.3
170407.1
172494.4
172523.5
172676.6
173017.6
173143.211
173143.4
173144.1
173166.5
173852.6
174164.211
174164.4
174165.1
174383.5
174484.6
174899.211
174899.4
174900.1
174958.5
175026.6
175623.211
175623.4
175624.1
175670.5
175751.6
176358.4
176359.212
176459.2
176470.5
176578.4
176618.5
176959.3
177459.1
178466.4
178598.5
180000.9
123456789
11
30
15
11
30
15
14
FI
2
6
10
46
18
11
19
18
6
2
744
0
0
0
314159265
52
0
154
180000
314159265
0.1
1118.6
1366.211
1366.4
1367.1
1388.5
1810.6
2378.211
2378.4
2379.1
2411.5
2470.6
2927.6
3663.4
3664.212
3764.2
3765.5
4264.3
4348.4
4465.5
4548.6
4764.1
4775.6
4784.6
5324.6
5762.4
5763.212
5763.5
5764.4
5860.5
5863.2
6363.3
6637.4
6692.5
6863.1
7108.6
7192.6
7579.6
7923.4
7924.212
8013.5
8024.2
8524.3
8877.6
9024.1
9348.6
9936.211
9936.4
9937.1
9969.5
10040.6
10609.211
10609.4
10610.1
10637.5
10692.6
11164.211
11164.4
11165.1
11195.5
11249.6
11671.211
11671.4
11672.1
11699.5
11754.6
12496.4
12497.212
12597.2
12605.5
13097.3
13358.6
13403.6
13597.1
14136.4
14168.5
14248.6
15119.4
15120.212
15220.2
15237.5
15720.3
16220.1
16777.6
17434.4
17435.212
17516.5
17535.2
17890.4
18026.5
18035.3
18432.6
18455.6
18535.1
18548.6
19322.4
19323.212
19405.5
19423.2
19753.4
19923.3
20229.5
20423.1
20653.4
20777.5
20870.6
21669.4
21670.212
21770.2
21781.5
22270.3
22334.4
22405.5
22546.4
22689.5
22766.6
22770.1
23168.6
23253.6
23800.4
23801.212
23877.5
23901.2
24224.4
24401.3
24464.5
24901.1
24912.6
24968.6
25738.4
25739.212
25818.5
25839.2
26318.4
26339.3
26469.5
26638.6
26839.1
27139.6
27181.6
27769.4
27770.212
27870.2
27921.5
28175.6
28370.3
28532.6
28839.6
28870.1
29246.6
29815.211
29815.4
29816.1
29859.5
29928.6
30754.4
30755.212
30834.5
30855.2
31162.4
31163.5
31165.4
31296.5
31354.4
31355.3
31392.5
31829.6
31855.1
32884.4
32909.5
32969.6
33392.211
33392.4
33393.1
33416.5
33470.6
34159.4
34160.212
34240.5
34260.2
34660.4
34760.3
34992.5
35255.6
35260.1
35864.6
36346.211
36346.4
36347.1
36410.5
36474.6
37135.4
37136.212
37225.5
37236.2
37736.3
38236.1
38602.6
38818.6
39308.4
39309.212
39403.5
39409.2
39909.3
40388.6
40409.1
40850.6
41422.211
41422.4
41423.1
41477.5
41544.6
42255.4
42256.212
42346.5
42356.2
42778.4
42856.3
42880.5
43356.1
43856.6
44401.211
44401.4
44402.1
44443.5
44512.6
45293.4
45294.212
45376.5
45394.2
45894.3
45988.4
46166.5
46394.1
46978.6
47482.211
47482.4
47483.1
47507.5
47585.6
48385.4
48386.212
48480.5
48486.2
48986.3
49124.4
49200.5
49373.4
49486.1
49903.5
50656.4
50690.5
52106.6
52590.211
52590.4
52591.1
52612.5
52719.6
53322.4
53323.212
53423.2
53432.5
53923.3
54423.1
55666.6
56040.211
56040.4
56041.1
56049.5
56140.6
56420.211
56420.4
56421.1
56448.5
56510.6
57044.211
57044.4
57045.1
57101.5
57181.6
57297.6
57874.4
57875.212
57975.2
58031.5
58475.3
58975.1
60114.6
60486.211
60486.4
60487.1
60522.5
60605.6
61004.211
61004.4
61005.1
61029.5
61104.6
61655.211
61655.4
61656.1
61694.5
61760.6
62391.4
62392.212
62492.2
62619.5
62992.3
63492.1
63962.6
64528.211
64528.4
64529.1
64615.5
64682.6
65310.4
65311.212
65411.2
65427.5
65911.3
66411.1
68282.6
68654.211
68654.4
68655.1
68673.5
68754.6
69472.4
69473.212
69573.2
69580.5
70073.3
70573.1
71394.6
71980.211
71980.4
71981.1
72013.5
72086.6
72797.4
72798.212
72898.2
72917.5
73398.3
73631.6
73751.6
73898.1
74158.6
74808.4
74809.212
74892.5
74909.2
75247.4
75298.5
75409.3
75776.4
75837.5
75909.1
75963.4
76823.5
76955.6
77785.4
77786.212
77886.2
77889.5
78386.3
78571.4
78886.1
78956.5
79160.6
79265.6
79777.4
79778.212
79878.2
79900.5
80361.4
80364.5
80370.4
80378.3
80446.5
80682.4
80693.5
80713.4
80830.5
80878.1
81089.6
81600.211
81600.4
81601.1
81637.5
81696.6
82294.211
82294.4
82295.1
82319.5
82379.6
83029.4
83030.212
83110.5
83130.2
83630.3
83747.4
83863.5
84130.1
84174.6
84820.4
84821.212
84902.5
84921.2
85149.4
85193.5
85421.3
85793.4
85867.5
85921.1
86338.6
86975.4
86976.212
87062.5
87076.2
87576.3
88076.1
89101.4
89195.5
89271.6
90078.4
90079.212
90159.5
90179.2
90679.3
91179.1
91413.6
91963.211
91963.4
91964.1
91998.5
92066.6
92820.4
92821.212
92921.2
92923.5
93183.4
93421.3
93454.5
93921.1
94195.4
94298.5
95230.6
95803.211
95803.4
95804.1
95850.5
95919.6
96637.4
96638.212
96738.2
96753.5
97046.4
97238.3
97292.5
97738.1
101571.6
102186.4
102187.212
102287.2
102295.5
102787.3
103287.1
103832.6
104041.6
104646.4
104647.212
104731.5
104747.2
105247.3
105490.4
105747.1
106014.5
106358.6
107191.4
107192.212
107292.2
107316.5
107792.3
108292.1
111253.4
111340.5
111346.4
111348.5
111522.6
112329.4
112330.212
112430.2
112500.5
112930.3
113227.6
113430.1
113437.6
114125.4
114126.212
114216.5
114226.2
114698.4
114726.3
115017.5
115226.1
115591.6
116216.4
116217.212
116317.2
116347.5
116817.3
117317.1
117339.4
117442.5
118098.6
119013.4
119014.212
119114.2
119141.5
119614.3
120114.1
120908.4
121051.5
121901.4
121924.5
122760.4
122779.5
123571.4
123623.5
123731.6
124294.211
124294.4
124295.1
124431.5
124689.6
125225.211
125225.4
125226.1
125313.5
127738.6
127928.211
127928.4
127929.1
128050.5
128122.6
128833.4
128834.212
128934.2
128979.5
129434.3
129934.1
130015.4
130020.5
130021.4
130164.5
130329.6
130464.6
131023.4
131024.212
131106.5
131124.2
131624.3
132124.1
133106.4
133225.5
133330.6
133943.4
133944.212
134037.5
134044.2
134544.3
135044.1
135559.6
135945.211
135945.4
135946.1
135976.5
136054.6
136600.211
136600.4
136601.1
136651.5
136722.6
137458.4
137459.212
137538.5
137559.2
137781.4
137820.5
138059.3
138246.4
138559.1
138654.5
139341.6
139897.211
139897.4
139898.1
139936.5
140011.6
140479.6
141001.4
141002.212
141100.5
141102.2
141602.3
142102.1
142107.6
142450.211
142450.4
142451.1
142566.5
142877.6
143573.4
143574.212
143661.5
143674.2
144174.3
144330.4
144375.5
144674.1
145174.6
145607.211
145607.4
145608.1
145639.5
145717.6
146370.4
146371.212
146471.2
146538.5
146971.3
147471.1
148239.6
148824.211
148824.4
148825.1
148850.5
148938.6
149371.211
149371.4
149372.1
149437.5
149501.6
150001.211
150001.4
150002.1
150052.5
150533.6
151090.211
151090.4
151091.1
151129.5
151203.6
151744.211
151744.4
151745.1
151832.5
151987.6
152741.4
152742.212
152842.2
153105.5
153342.3
153842.1
157839.6
157955.6
157997.6
158116.211
158116.4
158117.1
158164.5
158241.6
158856.4
158857.212
158944.5
158957.2
159457.3
159957.1
160326.6
160659.211
160659.4
160660.1
160687.5
161081.6
161437.211
161437.4
161438.1
161471.5
161553.6
161968.211
161968.4
161969.1
161990.5
162724.6
163152.211
163152.4
163153.1
163200.5
163349.6
163756.211
163756.4
163757.1
163777.5
165605.6
165880.6
166427.4
166428.212
166528.2
166547.5
167028.3
167528.1
168038.4
168117.5
169775.6
169870.211
169870.4
169871.1
169891.5
170219.4
170240.5
171090.6
171784.4
171785.212
171874.5
171885.2
172385.3
172885.1
173909.4
173957.5
174248.6
174702.6
175113.6
175644.4
175645.212
175744.5
175745.2
176245.3
176745.1
179951.4
179968.5
180000.9
123456789
12
01
15
12
01
15
14
FI
2
6
10
47
27
11
20
27
6
2
654
0
0
0
314159265
47
0
153
180000
314159265
0.1
304.6
744.211
744.4
745.1
788.5
857.6
1384.211
1384.4
1385.1
1403.5
1511.6
2039.211
2039.4
2040.1
2072.5
2654.6
3006.211
3006.4
3007.1
3026.5
3078.4
3149.5
3250.6
3981.4
3982.212
4082.2
4096.5
4460.4
4582.3
4619.5
4752.6
5082.1
5490.6
6041.211
6041.4
6042.1
6150.5
6215.6
6889.6
7249.4
7250.212
7332.5
7350.2
7612.4
7811.5
7850.3
7956.4
8168.5
8350.1
8777.6
8830.6
8927.6
9391.4
9392.212
9478.5
9492.2
9860.4
9992.3
9999.5
10097.4
10262.5
10492.1
10819.6
10890.6
11519.4
11520.212
11612.5
11620.2
12032.4
12091.5
12120.3
12219.4
12307.5
12395.4
12620.1
12912.5
13026.6
13636.4
13637.212
13716.5
13737.2
14085.4
14237.3
14460.5
14737.1
14968.6
15600.4
15601.212
15701.2
15834.5
16201.3
16701.1
17863.4
18065.5
18972.6
19511.211
19511.4
19512.1
19543.5
19701.6
20331.4
20332.212
20423.5
20432.2
20932.3
21432.1
21624.4
21847.5
21964.6
22683.4
22684.212
22784.2
22879.5
23222.4
23284.3
23481.5
23784.1
24096.6
24162.6
24609.211
24609.4
24610.1
24640.5
24658.4
24768.5
24843.6
25586.4
25587.212
25687.2
25687.5
26187.3
26206.4
26559.5
26633.6
26687.1
26912.6
27496.211
27496.4
27497.1
27550.5
27616.6
28320.4
28321.212
28415.5
28421.2
28921.3
29421.1
29896.4
30086.5
30225.6
30817.211
30817.4
30818.1
30849.5
30916.4
31129.5
31207.6
31907.4
31908.212
31992.5
32008.2
32508.3
32592.4
32923.5
33008.1
33498.6
34188.4
34189.212
34287.5
34289.2
34787.4
34789.3
35002.5
35289.1
35632.6
35779.211
35779.4
35780.1
35817.5
37006.4
37032.5
37060.4
37136.5
37217.6
38197.4
38198.212
38287.5
38298.2
38798.3
38822.4
39191.5
39298.1
40397.6
40997.211
40997.4
40998.1
41148.5
41540.6
42175.4
42176.212
42276.2
42307.5
42341.4
42441.5
42776.3
43137.4
43276.1
43860.5
44056.6
44680.4
44681.212
44757.5
44781.2
44844.4
44888.5
45281.3
45433.4
45781.1
46212.5
46663.6
47246.211
47246.4
47247.1
47366.5
47692.4
47847.5
48791.4
48817.5
48949.6
49706.4
49707.212
49807.2
49841.5
50307.3
50542.4
50807.1
50932.5
50947.4
50984.5
51486.6
51605.211
51605.4
51606.1
51636.5
51779.6
52539.4
52540.212
52617.5
52640.2
53140.3
53143.4
53545.5
53640.1
53722.6
53823.6
54495.4
54496.212
54596.2
54713.5
55096.3
55596.1
55782.6
56554.4
56555.212
56637.5
56655.2
57155.3
57655.1
57823.4
57993.5
58122.6
58812.4
58813.212
58898.5
58913.2
59413.3
59475.4
59711.5
59913.1
60213.6
60804.211
60804.4
60805.1
60845.5
60939.6
61655.4
61656.212
61741.5
61756.2
62256.3
62756.1
62814.4
62830.5
63922.6
64577.4
64578.212
64678.2
64712.5
65154.6
65178.3
65678.1
65942.4
65958.5
66050.6
66716.4
66717.212
66808.5
66817.2
67317.3
67409.4
67462.5
67817.1
67989.4
68062.5
68551.4
68723.5
69000.6
69649.4
69650.212
69747.5
69750.2
70250.3
70461.4
70592.5
70750.1
71252.6
71409.6
71554.211
71554.4
71555.1
71568.5
71582.4
71625.5
71711.6
72346.4
72347.212
72447.2
72451.5
72947.3
73447.1
74827.6
75326.211
75326.4
75327.1
75352.5
75661.6
76374.4
76375.212
76475.2
76502.5
76975.3
77173.4
77219.5
77475.1
78724.4
78731.5
78776.4
78895.5
79287.6
80006.4
80007.212
80107.2
80110.5
80220.4
80279.5
80607.3
80637.4
80768.5
81098.6
81107.1
81417.6
81922.211
81922.4
81923.1
81950.5
82032.6
82813.4
82814.212
82904.5
82914.2
83414.3
83914.1
84411.6
85169.4
85170.212
85256.5
85270.2
85707.4
85770.3
85869.5
86270.1
86474.6
86698.6
87412.4
87413.212
87513.2
87522.5
88013.3
88513.1
89011.6
89618.4
89619.212
89719.2
89732.5
90219.3
90318.4
90409.5
90719.1
91219.4
91220.5
91221.4
91239.5
93568.6
94189.4
94190.212
94282.5
94290.2
94790.3
94870.4
95290.1
95705.5
95930.6
96021.6
96559.4
96560.212
96653.5
96660.2
97122.4
97125.5
97137.4
97160.3
97234.5
97660.1
97676.4
97799.5
98648.6
99016.211
99016.4
99017.1
99042.5
99196.6
99871.4
99872.212
99971.5
99972.2
100472.3
100527.4
100777.5
100972.1
101974.6
102639.4
102640.212
102722.5
102740.2
103240.3
103351.4
103430.5
103740.1
105329.6
105505.6
105983.4
105984.212
106072.5
106084.2
106584.3
106888.4
107055.5
107084.1
107420.4
107439.5
107459.4
107507.5
107744.6
108209.211
108209.4
108210.1
108261.5
108428.6
108570.6
109101.4
109102.212
109202.2
109223.5
109702.3
110202.1
111364.4
111482.5
112509.6
113083.211
113083.4
113084.1
113199.5
113272.6
114049.4
114050.212
114133.5
114150.2
114650.3
115150.1
115241.6
115613.211
115613.4
115614.1
115632.5
115746.6
116504.4
116505.212
116599.5
116605.2
116866.4
116918.5
117105.3
117595.4
117605.1
117822.5
118445.6
119255.4
119256.212
119347.5
119356.2
119856.3
120356.1
121383.6
121647.211
121647.4
121648.1
121663.5
121736.6
122481.4
122482.212
122569.5
122582.2
123082.3
123582.1
124067.6
124394.6
125125.4
125126.212
125221.5
125226.2
125461.4
125501.5
125726.3
125877.4
125941.5
125972.4
126056.5
126163.4
126226.1
126382.5
129211.6
129592.6
130127.4
130128.212
130201.5
130228.2
130728.3
130990.4
131052.5
131228.1
131872.6
132323.211
132323.4
132324.1
132370.5
132456.6
133048.211
133048.4
133049.1
133088.5
133257.6
134151.6
134654.6
135062.4
135063.212
135163.2
135191.5
135521.4
135571.5
135663.3
136163.1
136960.6
137097.211
137097.4
137098.1
137121.5
137328.6
137645.211
137645.4
137646.1
137672.5
141633.6
142029.211
142029.4
142030.1
142351.5
142721.6
143175.211
143175.4
143176.1
143211.5
143450.6
144622.4
144623.212
144715.5
144723.2
145218.4
145223.3
145279.5
145723.1
147538.6
147835.6
148278.4
148279.212
148350.5
148379.2
148737.4
148787.5
148879.3
149379.1
152564.6
153108.211
153108.4
153109.1
153131.5
153240.6
154037.4
154038.212
154138.2
154141.5
154638.3
155138.1
155895.6
156248.211
156248.4
156249.1
156390.5
162395.4
162516.5
164145.4
164455.5
167526.4
167562.5
167652.4
167679.5
167682.4
167688.5
168762.4
168789.5
174976.4
180000.9
123456789
12
02
15
12
02
15
14
FI
2
6
10
44
01
11
17
01
6
2
658
0
0
0
314159265
55
0
138
180000
314159265
0.1
220.4
244.5
393.6
818.6
1344.6
1842.4
1843.212
1942.5
1943.2
2443.3
2453.4
2491.5
2631.4
2763.5
2943.1
3092.6
3173.6
3487.211
3487.4
3488.1
3608.5
3668.6
4053.6
4160.6
4839.4
4840.212
4940.2
4946.5
5393.4
5440.3
5474.5
5940.1
5946.6
6054.6
6585.4
6586.212
6686.2
6733.5
7063.4
7121.5
7186.3
7555.6
7624.6
7686.1
8270.6
8824.211
8824.4
8825.1
8848.5
8930.6
9376.6
9822.4
9823.212
9912.5
9923.2
10423.3
10480.4
10575.5
10923.1
11101.6
11595.6
11970.6
12223.4
12224.212
12301.5
12324.2
12824.3
12953.6
13324.1
13370.6
13954.211
13954.4
13955.1
13985.5
14076.6
14807.4
14808.212
14888.5
14908.2
15408.3
15908.1
16140.6
16162.6
16719.211
16719.4
16720.1
16767.5
17833.4
17866.5
17962.6
18742.4
18743.212
18823.5
18843.2
19249.4
19343.3
19401.5
19669.6
19730.6
19843.1
19974.6
20419.211
20419.4
20420.1
20454.5
20520.6
21122.4
21123.212
21222.5
21223.2
21638.4
21723.3
21980.5
22223.1
22405.4
22505.5
22582.6
22956.6
23223.4
23224.212
23311.5
23324.2
23824.3
23883.4
24138.5
24323.6
24324.1
24657.6
24721.6
25294.4
25295.212
25387.5
25395.2
25895.3
26075.4
26201.5
26395.1
28269.6
28677.211
28677.4
28678.1
28705.5
28786.6
29468.4
29469.212
29549.5
29569.2
30069.3
30234.6
30569.1
30806.6
31420.4
31421.212
31521.2
31546.5
32021.3
32521.1
33420.4
33458.5
33538.6
34253.4
34254.212
34354.2
34376.5
34854.3
35354.1
35423.6
36254.4
36255.212
36340.5
36355.2
36734.4
36855.3
36883.5
37257.6
37312.6
37355.1
38753.4
38785.5
38869.6
39766.4
39767.212
39867.2
39957.5
40367.3
40867.1
42120.4
42143.5
42241.6
42708.6
43064.4
43065.212
43162.5
43165.2
43665.3
44165.1
44779.4
44798.5
45721.4
45773.5
45884.6
46668.4
46669.212
46755.5
46769.2
47256.4
47269.3
47483.5
47669.6
47769.1
47857.6
48805.4
48806.212
48901.5
48906.2
49406.3
49643.4
49772.5
49906.1
49933.6
50121.6
50482.211
50482.4
50483.1
50508.5
50530.4
50547.5
50628.6
51388.4
51389.212
51471.5
51489.2
51989.3
52489.1
55692.6
55873.6
56205.6
56850.4
56851.212
56951.2
56955.5
57451.3
57951.1
58112.6
58905.4
58906.212
59006.2
59037.5
59506.3
60006.1
60017.6
60316.6
60440.6
61060.4
61061.212
61146.5
61161.2
61594.4
61661.3
61669.5
61876.6
62161.1
62228.6
63011.4
63012.212
63112.2
63248.5
63412.4
63484.5
63612.3
64112.1
65755.4
65906.5
66020.6
67083.4
67084.212
67167.5
67184.2
67684.3
68184.1
69820.6
70716.4
70717.212
70817.2
70829.5
71317.3
71757.4
71817.1
71835.5
72380.6
73192.4
73193.212
73269.5
73293.2
73793.3
74293.1
74920.4
74937.5
75088.4
75167.5
76898.4
76900.5
76904.4
76918.5
78215.4
78272.5
78349.6
79133.4
79134.212
79215.5
79234.2
79734.3
80234.1
81182.6
81271.6
81506.211
81506.4
81507.1
81539.5
81644.6
82028.211
82028.4
82029.1
82045.5
82182.6
82555.211
82555.4
82556.1
82598.5
82677.6
83494.4
83495.212
83595.2
83597.5
84095.3
84595.1
85716.6
86298.211
86298.4
86299.1
86354.5
86442.6
87369.4
87370.212
87470.2
87492.5
87970.3
88470.1
90847.4
90945.5
91038.6
91791.4
91792.212
91881.5
91892.2
92133.4
92284.5
92392.3
92892.1
92902.4
93168.5
93452.6
93804.211
93804.4
93805.1
93838.5
93902.6
94623.4
94624.212
94704.5
94724.2
95224.3
95724.1
95954.4
95956.5
95961.4
96059.5
96820.6
97681.4
97682.212
97782.2
97803.5
97960.4
98048.5
98282.3
98782.1
101538.6
102451.4
102452.212
102543.5
102552.2
102931.4
103052.3
103149.5
103295.4
103323.5
103552.1
103878.6
104864.4
104865.212
104958.5
104965.2
105367.4
105429.5
105465.3
105965.1
106447.6
106951.211
106951.4
106952.1
107025.5
107102.6
107995.4
107996.212
108070.5
108096.2
108596.3
109096.1
111297.6
111519.6
112250.4
112251.212
112351.2
112528.5
112851.3
113351.1
113555.4
113751.5
113896.6
114408.6
114977.4
114978.212
115055.5
115078.2
115535.4
115542.5
115578.3
116078.1
116666.6
117053.211
117053.4
117054.1
117104.5
117302.6
117726.211
117726.4
117727.1
117751.5
117820.6
118489.4
118490.212
118566.5
118590.2
118711.6
119090.3
119538.4
119565.5
119590.1
119652.6
120395.4
120396.212
120473.5
120496.2
120996.3
121496.1
121665.6
121939.211
121939.4
121940.1
121969.5
122054.6
122796.4
122797.212
122883.5
122897.2
123397.3
123593.4
123653.5
123897.1
124408.6
124730.6
125198.4
125199.212
125299.2
125299.5
125799.3
125866.6
126299.1
126659.6
126879.6
127164.6
127669.4
127670.212
127743.5
127770.2
128148.4
128270.3
128584.5
128742.4
128770.1
129319.5
129411.4
129569.5
129890.6
130599.4
130600.212
130680.5
130700.2
131130.4
131200.3
131349.5
131700.1
134564.4
134669.5
137291.4
137492.5
137509.4
137532.5
141924.6
142474.211
142474.4
142475.1
142515.5
142585.6
143346.4
143347.212
143436.5
143447.2
143947.3
144447.1
144998.6
145779.4
145780.212
145880.2
145948.5
146380.3
146746.4
146880.1
146890.5
147162.6
147398.211
147398.4
147399.1
147418.5
147490.6
148389.4
148390.212
148463.5
148490.2
148990.3
149045.4
149145.5
149374.6
149490.1
149752.6
150284.211
150284.4
150285.1
150316.5
150384.6
151065.4
151066.212
151166.2
151184.5
151666.3
151681.4
151893.5
152166.1
154112.6
155259.4
155260.212
155349.5
155360.2
155860.3
156360.1
156686.6
156833.211
156833.4
156834.1
156856.5
156936.6
157670.4
157671.212
157754.5
157771.2
158271.3
158343.4
158600.5
158771.1
159457.6
160169.4
160170.212
160270.2
160284.5
160470.4
160523.5
160770.3
161270.1
165125.6
165788.4
165789.212
165868.5
165889.2
166389.3
166438.4
166508.5
166664.4
166889.1
166933.5
167009.4
167259.5
167367.6
168004.4
168005.212
168105.2
168109.5
168436.4
168524.5
168605.3
168937.4
169105.1
169130.5
169275.6
170116.4
170117.212
170217.2
170253.5
170717.3
171217.1
171737.6
172520.4
172521.212
172621.2
172646.5
173121.3
173239.4
173611.5
173621.1
174592.6
175072.211
175072.4
175073.1
175205.5
175355.6
176020.4
176021.212
176113.5
176121.2
176621.3
177121.1
178935.6
179535.211
179535.4
179536.1
180000.9
123456789
12
03
15
12
03
15
14
FI
2
6
10
47
56
11
20
56
6
2
739
0
0
0
314159265
46
0
160
180000
314159265
0.1
648.6
992.6
1417.4
1418.212
1516.5
1518.2
1810.4
1901.5
2018.3
2374.4
2424.5
2518.1
2828.6
3137.211
3137.4
3138.1
3170.5
3236.6
3867.4
3868.212
3944.5
3968.2
4468.3
4496.4
4611.5
4733.6
4968.1
5217.6
5321.6
5680.211
5680.4
5681.1
5747.5
5807.6
6479.4
6480.212
6560.5
6580.2
6998.4
7080.3
7136.5
7511.6
7580.1
7855.6
8626.4
8627.212
8710.5
8727.2
9004.4
9078.5
9227.3
9407.4
9602.5
9727.1
10073.6
10163.6
10548.211
10548.4
10549.1
10576.5
10651.6
11550.4
11551.212
11640.5
11651.2
12134.4
12137.5
12140.4
12151.3
12247.5
12547.6
12651.1
13114.6
13463.211
13463.4
13464.1
13488.5
13565.6
14394.4
14395.212
14495.2
14497.5
14620.4
14718.5
14928.4
14995.3
15287.5
15495.1
15571.6
15950.6
16479.4
16480.212
16560.5
16580.2
16643.4
16693.5
17080.3
17227.4
17580.1
17624.5
17672.4
17895.5
18015.6
18603.211
18603.4
18604.1
18630.5
18694.6
19389.4
19390.212
19471.5
19490.2
19990.3
20348.6
20490.1
21047.4
21073.5
21156.6
21903.4
21904.212
21988.5
22004.2
22336.4
22463.5
22504.3
22997.6
23004.1
23506.6
24064.211
24064.4
24065.1
24120.5
24196.6
24828.4
24829.212
24910.5
24929.2
25429.3
25929.1
26437.6
27688.4
27689.212
27777.5
27789.2
28289.3
28789.1
29084.6
29550.211
29550.4
29551.1
29570.5
30554.4
30577.5
30668.6
31229.211
31229.4
31230.1
31277.5
31355.6
31397.6
31756.211
31756.4
31757.1
31791.5
31874.6
32586.4
32587.212
32687.2
32690.5
33187.3
33687.1
34057.6
34775.4
34776.212
34876.2
34887.5
35376.3
35876.1
36887.4
36948.5
37064.6
37689.4
37690.212
37779.5
37790.2
38290.3
38790.1
38889.6
39375.211
39375.4
39376.1
39436.5
39519.6
40101.211
40101.4
40102.1
40143.5
40215.6
41044.4
41045.212
41135.5
41145.2
41645.3
42145.1
42448.6
43187.4
43188.212
43269.5
43288.2
43743.4
43788.3
43885.5
44288.1
44434.6
45111.4
45112.212
45208.5
45212.2
45712.3
45980.4
45987.5
46011.4
46031.5
46036.4
46144.5
46212.1
48369.6
48768.211
48768.4
48769.1
48801.5
48879.6
49603.4
49604.212
49704.2
49728.5
50204.3
50538.4
50625.5
50704.1
50748.4
50876.5
51886.4
51901.5
51977.6
52684.4
52685.212
52756.5
52785.2
53285.3
53732.4
53743.5
53763.4
53785.1
53847.5
54198.6
54799.4
54800.212
54895.5
54900.2
55331.4
55400.3
55426.5
55900.1
57074.6
57725.4
57726.212
57826.2
57847.5
58326.3
58826.1
63031.6
63136.6
63592.211
63592.4
63593.1
63627.5
63707.6
64451.4
64452.212
64548.5
64552.2
65052.3
65552.1
66365.6
66962.211
66962.4
66963.1
66988.5
67055.6
67701.4
67702.212
67789.5
67802.2
68302.3
68413.4
68575.5
68802.1
68926.4
68971.5
69095.6
69803.4
69804.212
69904.2
69932.5
70404.3
70904.1
72100.4
72175.5
72262.6
72956.4
72957.212
73041.5
73057.2
73557.3
74057.1
76912.6
77551.4
77552.212
77652.2
77752.5
78152.3
78155.6
78652.1
79094.4
79109.5
79189.6
79923.4
79924.212
80024.2
80054.5
80524.3
80750.4
80809.5
81024.1
81207.4
81358.5
81468.6
82322.4
82323.212
82408.5
82423.2
82923.3
83230.4
83305.5
83423.1
83438.4
83612.5
83627.4
83646.5
83757.6
84564.4
84565.212
84658.5
84665.2
85165.3
85270.4
85423.5
85637.4
85639.5
85642.4
85665.1
85732.5
85942.6
86573.4
86574.212
86657.5
86674.2
86818.4
86889.5
87174.3
87429.4
87444.5
87545.6
87674.1
87842.6
88047.211
88047.4
88048.1
88091.5
88185.6
88424.211
88424.4
88425.1
88449.5
89955.6
90441.6
90730.4
90731.212
90825.5
90831.2
91331.3
91831.1
93234.4
93257.5
93328.6
93840.211
93840.4
93841.1
93904.5
93985.6
94430.211
94430.4
94431.1
94484.5
94546.6
95136.211
95136.4
95137.1
95198.5
95205.4
95225.5
95288.6
95942.4
95943.212
96024.5
96043.2
96543.3
97043.1
98191.4
98253.5
98388.6
98968.211
98968.4
98969.1
98998.5
99074.6
99885.4
99886.212
99956.5
99986.2
100486.3
100986.1
102799.4
102842.5
104072.6
104447.6
105038.4
105039.212
105122.5
105139.2
105639.3
106139.1
106288.4
106306.5
106430.6
106510.6
106955.211
106955.4
106956.1
106999.5
107949.4
107971.5
108055.6
108756.4
108757.212
108852.5
108857.2
109357.3
109857.1
110806.6
111081.211
111081.4
111082.1
111240.5
111343.6
111930.211
111930.4
111931.1
112140.5
112381.6
112538.211
112538.4
112539.1
112561.5
112677.6
112907.211
112907.4
112908.1
112943.5
113038.6
113949.4
113950.212
114050.2
114050.5
114550.3
115050.1
115896.6
116118.211
116118.4
116119.1
116150.5
116275.6
116812.211
116812.4
116813.1
116828.5
116956.6
117408.211
117408.4
117409.1
117449.5
117715.6
118320.4
118321.212
118421.2
118452.5
118921.3
119421.1
120031.6
120274.211
120274.4
120275.1
120301.5
120440.6
121179.6
121252.4
121253.212
121333.5
121353.2
121853.3
122353.1
124258.4
124329.5
125572.4
125655.5
125769.6
126333.211
126333.4
126334.1
126405.5
126500.6
127046.211
127046.4
127047.1
127114.5
127207.6
127861.4
127862.212
127962.2
127970.5
128462.3
128962.1
129238.6
129843.4
129844.212
129940.5
129944.2
130444.3
130944.1
131486.6
131872.211
131872.4
131873.1
131968.5
132032.6
132628.211
132628.4
132629.1
132691.5
132762.6
133426.4
133427.212
133527.2
133529.5
134027.3
134527.1
134721.4
134745.5
134829.6
135174.211
135174.4
135175.1
135262.5
135361.6
135934.211
135934.4
135935.1
135974.5
136047.6
136700.4
136701.212
136779.5
136801.2
137301.3
137801.1
137973.4
137997.5
138126.6
138489.211
138489.4
138490.1
138536.5
138597.6
139078.211
139078.4
139079.1
139128.5
139194.6
139913.4
139914.212
140003.5
140014.2
140514.3
141014.1
143007.6
143162.211
143162.4
143163.1
143203.5
143309.6
143761.211
143761.4
143762.1
143815.5
143949.6
144400.211
144400.4
144401.1
144431.5
144443.4
144451.5
144521.6
144980.211
144980.4
144981.1
145067.5
145133.6
145597.211
145597.4
145598.1
145624.5
150870.6
151325.211
151325.4
151326.1
151349.5
151448.6
152023.211
152023.4
152024.1
152057.5
152152.6
152664.211
152664.4
152665.1
152732.5
152821.6
152889.6
153422.4
153423.212
153509.5
153523.2
154023.3
154090.4
154176.5
154523.1
156422.6
156647.211
156647.4
156648.1
156676.5
156797.6
157122.211
157122.4
157123.1
157148.5
157288.6
157759.211
157759.4
157760.1
157795.5
157971.6
158780.4
158781.212
158881.2
158888.5
159381.3
159627.4
159657.5
159881.1
163501.6
163895.211
163895.4
163896.1
163926.5
164165.4
164190.5
165577.4
165602.5
165732.6
166092.211
166092.4
166093.1
166110.5
166265.6
166744.211
166744.4
166745.1
166854.5
172026.6
172442.211
172442.4
172443.1
172498.5
173299.4
173322.5
174076.4
174144.5
174229.6
174906.4
174907.212
175007.2
175020.5
175507.3
176007.1
176533.6
176951.211
176951.4
176952.1
176989.5
177132.6
177449.211
177449.4
177450.1
177479.5
177675.6
178046.211
178046.4
178047.1
178168.5
178302.6
178681.211
178681.4
178682.1
180000.9
123456789
12
04
15
12
04
15
14
FI
2
6
10
44
00
11
17
00
6
2
673
0
0
0
314159265
46
0
139
180000
314159265
0.1
254.6
667.6
1044.4
1045.212
1145.2
1169.5
1645.3
1651.4
1653.5
1656.4
1898.5
2012.6
2145.1
2498.6
2725.211
2725.4
2726.1
2753.5
2827.6
3425.211
3425.4
3426.1
3462.5
3542.6
3914.6
4166.4
4167.212
4267.2
4285.5
4767.3
5267.1
5330.4
5379.5
5457.6
5537.6
5666.6
6280.4
6281.212
6381.2
6381.5
6858.4
6881.3
7270.5
7358.6
7381.1
7876.6
8223.211
8223.4
8224.1
8270.5
8369.6
9015.4
9016.212
9094.5
9116.2
9456.4
9531.5
9616.3
9884.6
9982.6
10116.1
10444.6
11072.4
11073.212
11161.5
11173.2
11673.3
12173.1
12793.6
13363.211
13363.4
13364.1
13392.5
13473.6
14246.4
14247.212
14329.5
14347.2
14847.3
15066.4
15093.5
15098.4
15224.5
15347.1
15697.6
15765.6
16077.211
16077.4
16078.1
16144.5
16206.6
16568.6
16863.6
17477.4
17478.212
17578.2
17597.5
18078.3
18082.4
18187.5
18413.6
18578.1
18829.6
19101.211
19101.4
19102.1
19114.5
19190.6
19862.4
19863.212
19963.2
19974.5
20341.4
20433.5
20463.3
20963.1
21043.6
21073.6
21133.6
21484.211
21484.4
21485.1
21506.5
22412.4
22433.5
22540.6
23305.4
23306.212
23399.5
23406.2
23906.3
24073.4
24157.5
24406.1
24521.6
24585.6
24974.211
24974.4
24975.1
25011.5
25128.6
25982.4
25983.212
26083.2
26095.5
26583.3
27083.1
27127.4
27142.5
27217.6
27982.4
27983.212
28075.5
28083.2
28583.3
28833.6
29083.1
29245.6
30034.4
30035.212
30129.5
30135.2
30596.4
30615.5
30635.3
30822.6
31135.1
31840.4
31879.5
31965.6
32839.4
32840.212
32940.2
32940.5
33440.3
33803.6
33940.1
34253.6
34304.6
34999.4
35000.212
35100.2
35120.5
35600.3
36100.1
36120.6
36308.6
36961.4
36962.212
37062.2
37078.5
37562.3
37831.6
38062.1
38073.6
38106.6
38969.4
38970.212
39066.5
39070.2
39570.3
40070.1
41012.4
41026.5
41027.4
41222.5
41374.6
42032.4
42033.212
42133.2
42149.5
42633.3
43133.1
43258.4
43491.5
43616.6
44248.4
44249.212
44325.5
44349.2
44811.4
44849.3
44908.5
45012.6
45349.1
45380.6
46028.4
46029.212
46105.5
46129.2
46629.3
46832.6
46980.6
47044.6
47129.1
47817.4
47849.5
47944.6
48651.4
48652.212
48737.5
48752.2
49207.4
49252.3
49327.5
49413.6
49752.1
49757.6
49822.6
50260.211
50260.4
50261.1
50308.5
51290.6
51317.6
51330.6
51912.4
51913.212
51994.5
52013.2
52400.4
52513.3
52534.5
53013.1
53087.4
53209.5
53648.6
53701.6
54211.211
54211.4
54212.1
54237.5
54310.6
54997.4
54998.212
55084.5
55098.2
55598.3
55899.6
56098.1
56592.6
57179.211
57179.4
57180.1
57237.5
57325.6
58104.4
58105.212
58185.5
58205.2
58705.3
59095.6
59205.1
59392.6
59739.211
59739.4
59740.1
59762.5
60617.4
60639.5
60737.6
61363.4
61364.212
61455.5
61464.2
61964.3
62073.4
62146.5
62464.1
63121.6
63317.211
63317.4
63318.1
63412.5
63476.6
64150.4
64151.212
64233.5
64251.2
64751.3
64932.4
65029.5
65251.1
66742.4
66971.5
67108.6
67244.6
67918.4
67919.212
68007.5
68019.2
68519.3
68888.4
68942.5
69019.1
71071.6
71232.211
71232.4
71233.1
71260.5
71335.6
72121.4
72122.212
72219.5
72222.2
72722.3
73222.1
75361.6
76038.4
76039.212
76114.5
76139.2
76639.3
77139.1
79113.4
79158.5
79257.6
80009.4
80010.212
80110.2
80115.5
80610.3
81110.1
81473.6
81635.211
81635.4
81636.1
81677.5
82620.4
82649.5
82747.6
83325.211
83325.4
83326.1
83353.5
83420.6
84243.4
84244.212
84342.5
84344.2
84790.4
84844.3
85064.5
85344.1
86273.6
86425.211
86425.4
86426.1
86468.5
86540.6
87064.211
87064.4
87065.1
87107.5
87167.6
87978.4
87979.212
88079.2
88096.5
88579.3
89079.1
89852.6
90067.211
90067.4
90068.1
90087.5
90396.6
90758.211
90758.4
90759.1
90803.5
90862.6
91747.4
91748.212
91828.5
91848.2
92348.3
92848.1
94104.6
94954.4
94955.212
95055.2
95082.5
95555.3
96055.1
96370.6
96432.211
96432.4
96433.1
96481.5
96548.6
97299.4
97300.212
97400.2
97456.5
97900.3
97977.4
98092.5
98400.1
98551.6
99290.4
99291.212
99377.5
99391.2
99891.3
100391.1
100619.6
100941.211
100941.4
100942.1
100976.5
101036.6
101884.4
101885.212
101972.5
101985.2
102485.3
102985.1
106939.6
107178.6
107702.4
107703.212
107796.5
107803.2
108303.3
108400.4
108463.5
108760.4
108803.1
108822.5
109377.4
109382.5
109386.4
109496.5
109782.6
110028.211
110028.4
110029.1
110060.5
110127.6
110779.4
110780.212
110858.5
110880.2
111380.3
111880.1
111956.4
112035.5
112985.6
113455.211
113455.4
113456.1
113487.5
113582.6
113849.211
113849.4
113850.1
113893.5
113949.6
114297.211
114297.4
114298.1
114375.5
114475.6
115157.4
115158.212
115249.5
115258.2
115758.3
116258.1
118212.4
118269.5
118364.6
119934.4
119935.212
120035.2
120045.5
120535.3
120784.4
120864.5
120866.4
120895.5
121035.1
121261.4
121354.5
122457.4
122490.5
122554.6
123169.4
123170.212
123244.5
123270.2
123770.3
124270.1
125300.6
125980.4
125981.212
126081.2
126113.5
126581.3
127081.1
128226.4
128255.5
128347.6
128543.6
128956.4
128957.212
129042.5
129057.2
129557.3
130057.1
132736.6
132884.211
132884.4
132885.1
132915.5
133004.6
133439.211
133439.4
133440.1
133485.5
133556.6
134347.4
134348.212
134448.2
134467.5
134948.3
135448.1
136387.6
136566.211
136566.4
136567.1
136632.5
136694.6
137206.211
137206.4
137207.1
137272.5
138130.4
138156.5
139079.4
139109.5
139170.6
139751.211
139751.4
139752.1
139785.5
140028.6
140200.211
140200.4
140201.1
140242.5
140316.6
140612.211
140612.4
140613.1
140633.5
140700.6
141160.211
141160.4
141161.1
141206.5
141309.6
141812.211
141812.4
141813.1
141911.5
142867.6
143316.211
143316.4
143317.1
143343.5
144448.6
144787.211
144787.4
144788.1
144821.5
144875.6
145375.211
145375.4
145376.1
145464.5
145612.6
146018.211
146018.4
146019.1
146056.5
154826.6
155497.4
155498.212
155598.2
155636.5
156098.3
156598.1
157494.4
157514.5
157621.6
158229.4
158230.212
158330.2
158409.5
158830.3
159330.1
161955.6
162157.211
162157.4
162158.1
162249.5
164836.4
164846.5
164851.4
164867.5
164872.4
164876.5
168628.4
168635.5
168649.4
168653.5
168680.4
168761.5
168927.6
169400.211
169400.4
169401.1
169430.5
178862.6
179455.211
179455.4
179456.1
180000.9
123456789
12
05
15
12
05
15
14
FI
2
6
10
44
01
11
17
01
6
2
767
0
0
0
314159265
51
0
152
180000
314159265
0.1
557.6
851.6
1213.4
1214.212
1290.5
1314.2
1800.4
1814.3
1899.5
2107.6
2314.1
2453.6
2841.211
2841.4
2842.1
2912.5
3233.6
3327.6
3840.4
3841.212
3941.2
3973.5
4262.4
4291.5
4441.3
4771.6
4844.6
4941.1
5409.4
5429.5
5509.6
6391.4
6392.212
6492.2
6492.5
6813.6
6915.6
6992.3
7492.1
7887.6
8407.211
8407.4
8408.1
8516.5
8599.6
9472.4
9473.212
9565.5
9573.2
9911.4
9982.5
10052.6
10073.3
10462.6
10573.1
10768.6
11343.211
11343.4
11344.1
11367.5
11422.6
11867.211
11867.4
11868.1
11900.5
11956.6
12712.4
12713.212
12791.5
12813.2
13156.4
13247.5
13313.3
13402.4
13482.5
13600.6
13813.1
13907.6
13962.6
14477.211
14477.4
14478.1
14500.5
14566.6
15399.4
15400.212
15500.2
15583.5
16000.3
16176.4
16317.5
16387.6
16500.1
16756.6
16801.6
17162.211
17162.4
17163.1
17183.5
17261.6
17942.4
17943.212
18039.5
18043.2
18461.4
18543.3
18616.5
18819.6
19043.1
19095.6
19842.4
19843.212
19919.5
19943.2
20443.3
20930.6
20943.1
21626.4
21642.5
21729.6
22375.4
22376.212
22476.2
22480.5
22786.4
22976.3
23011.5
23341.4
23476.1
23582.5
23644.6
24234.211
24234.4
24235.1
24261.5
24333.6
24779.6
24869.211
24869.4
24870.1
24900.5
25360.6
25809.211
25809.4
25810.1
25875.5
25983.6
26919.4
26920.212
27002.5
27020.2
27520.3
27535.4
27829.5
27910.6
28020.1
28073.6
28317.6
28376.6
28667.6
28948.6
29017.4
29018.212
29118.2
29119.5
29618.3
30118.1
31970.6
32173.6
32461.211
32461.4
32462.1
32544.5
32627.6
33300.4
33301.212
33373.5
33401.2
33550.4
33901.3
34030.5
34274.6
34401.1
34520.6
35083.211
35083.4
35084.1
35111.5
35186.6
36099.4
36100.212
36187.5
36200.2
36568.4
36663.5
36700.3
36930.6
37200.1
37306.6
37883.211
37883.4
37884.1
37912.5
38009.6
38909.4
38910.212
39010.2
39013.5
39510.3
40010.1
40039.6
41074.4
41075.212
41168.5
41175.2
41675.3
42175.1
42495.6
42923.211
42923.4
42924.1
42951.5
43018.6
43938.4
43939.212
44025.5
44039.2
44539.3
44731.4
44828.5
45039.1
45086.6
45719.4
45720.212
45819.5
45820.2
46319.4
46320.3
46698.5
46820.1
46883.6
47693.4
47694.212
47794.2
47801.5
48211.4
48235.5
48237.4
48294.3
48448.5
48557.6
48794.1
49074.6
49720.4
49721.212
49815.5
49821.2
50321.3
50473.4
50548.5
50752.6
50821.1
51557.6
52120.211
52120.4
52121.1
52177.5
52261.6
52998.4
52999.212
53083.5
53099.2
53599.3
53725.6
54099.1
54253.6
54608.211
54608.4
54609.1
54640.5
54713.6
55253.211
55253.4
55254.1
55313.5
55663.6
56127.211
56127.4
56128.1
56156.5
56229.6
56985.4
56986.212
57086.2
57120.5
57586.3
58086.1
59402.4
59449.5
60561.6
61073.211
61073.4
61074.1
61100.5
61162.6
61852.4
61853.212
61936.5
61953.2
62453.3
62953.1
65445.4
65464.5
65555.6
65633.6
66285.4
66286.212
66386.2
66407.5
66886.3
67121.4
67266.5
67351.6
67386.1
67586.6
68141.211
68141.4
68142.1
68172.5
68234.6
69127.4
69128.212
69228.2
69234.5
69446.4
69488.5
69728.3
70024.4
70179.5
70228.1
70404.6
70833.6
71374.4
71375.212
71456.5
71475.2
71697.4
71966.5
71975.3
72080.4
72231.5
72318.6
72475.1
73275.4
73304.5
74210.6
74623.6
75072.4
75073.212
75150.5
75173.2
75673.3
76173.1
79449.4
79731.5
79822.6
80253.211
80253.4
80254.1
80345.5
80415.6
81023.4
81024.212
81122.5
81124.2
81603.4
81624.3
81904.5
82124.1
82232.6
82724.211
82724.4
82725.1
82750.5
82824.6
83423.211
83423.4
83424.1
83489.5
83565.6
84059.211
84059.4
84060.1
84086.5
84165.6
84938.4
84939.212
85039.2
85045.5
85539.3
85759.4
85968.5
86039.1
86174.6
86796.4
86797.212
86897.2
86966.5
87397.3
87897.1
87967.4
88069.5
88374.6
88531.211
88531.4
88532.1
88557.5
88619.6
89267.4
89268.212
89354.5
89368.2
89868.3
90368.1
91029.6
91262.211
91262.4
91263.1
91311.5
91367.6
92059.4
92060.212
92146.5
92160.2
92541.4
92660.3
92777.5
93160.1
93376.6
93944.211
93944.4
93945.1
93945.5
93946.4
93979.5
94044.6
94934.4
94935.212
95035.2
95037.5
95194.6
95535.3
96035.1
97359.6
97671.211
97671.4
97672.1
97706.5
97999.6
98584.211
98584.4
98585.1
98617.5
98679.6
99657.4
99658.212
99756.5
99758.2
100258.3
100758.1
101069.6
101248.211
101248.4
101249.1
101300.5
101363.6
101974.4
101975.212
102052.5
102075.2
102575.3
103075.1
106910.4
106936.5
106999.6
107813.4
107814.212
107891.5
107914.2
108414.3
108914.1
111287.4
111307.5
111800.6
112240.211
112240.4
112241.1
112449.5
112526.6
113385.4
113386.212
113486.2
113487.5
113986.3
114385.4
114486.1
114503.5
114613.6
114814.6
115292.4
115293.212
115393.2
115501.5
115893.3
116393.1
116689.6
117081.211
117081.4
117082.1
117185.5
117258.6
118030.4
118031.212
118131.2
118145.5
118631.3
119131.1
119302.6
119645.211
119645.4
119646.1
119670.5
119745.6
120486.4
120487.212
120587.2
120592.5
121087.3
121587.1
123441.4
123451.5
123534.6
124191.4
124192.212
124292.2
124302.5
124792.3
124963.4
124984.5
125292.1
125612.6
126008.211
126008.4
126009.1
126033.5
126103.6
126164.6
126951.4
126952.212
127052.2
127101.5
127552.3
128052.1
128435.6
128779.211
128779.4
128780.1
128815.5
128892.6
129593.4
129594.212
129680.5
129694.2
129989.4
130127.5
130194.3
130694.1
131107.4
131159.5
131254.6
131412.211
131412.4
131413.1
131458.5
131730.6
132155.211
132155.4
132156.1
132214.5
132307.6
132670.211
132670.4
132671.1
132696.5
132761.6
133397.4
133398.212
133498.2
133514.5
133998.3
134498.1
135056.6
135081.6
135254.211
135254.4
135255.1
135284.5
135340.6
135873.211
135873.4
135874.1
135929.5
136045.6
136506.211
136506.4
136507.1
136639.5
136733.6
137849.4
137850.212
137950.2
137974.5
138450.3
138950.1
139530.6
139675.6
139770.211
139770.4
139771.1
139797.5
139856.6
140493.4
140494.212
140567.5
140594.2
141094.3
141594.1
142981.6
143909.4
143910.212
144010.2
144051.5
144429.4
144457.5
144482.4
144485.5
144493.4
144510.3
144684.5
145010.1
147149.6
147463.211
147463.4
147464.1
147481.5
147932.6
148437.211
148437.4
148438.1
148474.5
148669.6
149121.211
149121.4
149122.1
149152.5
149227.6
149681.211
149681.4
149682.1
149745.5
153222.6
153333.211
153333.4
153334.1
153348.5
153405.6
154075.4
154076.212
154176.2
154211.5
154676.3
155176.1
155667.6
156218.211
156218.4
156219.1
156248.5
156716.6
156831.211
156831.4
156832.1
156861.5
156918.6
157776.4
157777.212
157877.2
157879.5
158377.3
158877.1
160496.4
160498.5
160591.6
161230.4
161231.212
161317.5
161331.2
161831.3
162331.1
162711.6
162751.6
163308.211
163308.4
163309.1
163360.5
163498.6
163971.211
163971.4
163972.1
164000.5
166046.6
166155.211
166155.4
166156.1
166164.5
166232.6
166647.211
166647.4
166648.1
166682.5
166737.6
167471.4
167472.212
167555.5
167572.2
167942.4
168072.3
168181.5
168572.1
169568.4
169592.5
169648.6
170362.4
170363.212
170463.2
170505.5
170963.3
171463.1
173400.6
173549.6
173672.211
173672.4
173673.1
173754.5
173807.6
174318.211
174318.4
174319.1
174370.5
174482.6
174804.211
174804.4
174805.1
174840.5
180000.9
123456789
12
06
15
12
06
15
14
FI
2
6
10
45
00
11
18
01
6
2
630
0
0
0
314159265
55
0
128
180000
314159265
0.1
399.6
730.211
730.4
731.1
760.5
1462.6
1861.211
1861.4
1862.1
1889.5
1976.6
2327.211
2327.4
2328.1
2349.5
2429.6
3213.4
3214.212
3299.5
3314.2
3814.3
3832.4
3860.5
4183.6
4218.6
4310.6
4314.1
4536.6
5227.4
5228.212
5317.5
5328.2
5828.3
5868.4
5958.5
6328.1
6700.6
6736.6
6805.6
7477.4
7478.212
7556.5
7578.2
7867.4
7913.5
8078.3
8371.6
8399.6
8578.1
9155.6
9861.4
9862.212
9962.2
9975.5
10462.3
10962.1
12500.6
12949.211
12949.4
12950.1
12970.5
13025.6
13930.4
13931.212
14031.2
14037.5
14330.4
14413.5
14531.3
14548.6
14875.6
14921.6
14994.6
15031.1
15045.6
15683.4
15684.212
15764.5
15784.2
16114.4
16182.5
16284.3
16645.4
16713.5
16784.1
16978.6
17529.211
17529.4
17530.1
17558.5
17581.4
17596.5
17661.6
18451.4
18452.212
18544.5
18552.2
18734.4
18736.5
18737.4
18784.5
19052.3
19514.6
19552.1
19984.6
20054.6
20272.211
20272.4
20273.1
20290.5
20351.6
20772.211
20772.4
20773.1
20798.5
20861.6
21552.4
21553.212
21649.5
21653.2
22153.3
22653.1
24757.6
25299.211
25299.4
25300.1
25363.5
25431.6
26209.4
26210.212
26310.2
26328.5
26810.3
26882.4
26958.5
27270.6
27310.1
27647.6
28093.211
28093.4
28094.1
28119.5
28905.4
28931.5
29451.6
30011.211
30011.4
30012.1
30095.5
30413.6
31060.4
31061.212
31138.5
31161.2
31661.3
32161.1
33511.4
33525.5
33607.6
35122.4
35123.212
35223.2
35305.5
35589.4
35723.3
35831.5
36058.6
36223.1
36376.6
37109.4
37110.212
37210.2
37215.5
37710.3
37833.4
37945.5
38153.6
38210.1
38405.6
39269.4
39270.212
39355.5
39370.2
39870.3
39955.4
40234.5
40370.1
40547.6
41613.4
41614.212
41714.2
41746.5
42214.3
42525.4
42680.5
42714.1
42818.6
43133.6
43756.4
43757.212
43857.2
43864.5
44174.4
44330.5
44357.3
44606.6
44857.1
45402.6
46232.4
46233.212
46318.5
46333.2
46709.4
46798.5
46833.3
47027.6
47333.1
47400.6
47435.6
48275.4
48276.212
48358.5
48376.2
48876.3
49376.1
52475.4
52493.5
52572.6
52928.6
53265.4
53266.212
53347.5
53366.2
53715.4
53825.5
53866.3
54063.4
54139.5
54295.6
54366.1
54483.6
55111.4
55112.212
55198.5
55212.2
55712.3
56212.1
58697.4
58715.5
58783.6
59627.4
59628.212
59714.5
59728.2
60228.3
60728.1
63499.6
64211.4
64212.212
64312.2
64323.5
64812.3
65099.4
65118.5
65312.1
65365.6
66227.4
66228.212
66322.5
66328.2
66828.3
67146.4
67150.5
67151.4
67245.5
67328.1
67546.6
68189.4
68190.212
68290.2
68299.5
68515.4
68529.5
68569.4
68621.5
68790.3
68866.6
69290.1
69643.6
70163.211
70163.4
70164.1
70186.5
70651.6
71307.4
71308.212
71408.2
71444.5
71908.3
72077.6
72408.1
72533.6
72548.6
73357.4
73358.212
73432.5
73458.2
73958.3
74123.4
74154.5
74316.6
74458.1
74744.6
75497.4
75498.212
75583.5
75598.2
76098.3
76178.4
76193.5
76598.1
77183.6
78078.4
78079.212
78179.2
78204.5
78679.3
79036.4
79047.5
79179.1
79443.6
80243.4
80244.212
80327.5
80344.2
80674.4
80844.3
81344.1
81407.5
81501.6
82569.4
82570.212
82646.5
82670.2
83170.3
83670.1
86832.6
87378.211
87378.4
87379.1
87487.5
87831.6
88807.4
88808.212
88908.2
88948.5
89302.4
89373.5
89408.3
89908.1
90468.6
91037.211
91037.4
91038.1
91159.5
91233.6
92273.4
92274.212
92360.5
92374.2
92874.3
93374.1
96305.4
96337.5
96730.6
97424.4
97425.212
97521.5
97525.2
97877.4
98025.3
98308.5
98525.1
98751.6
99111.6
99519.4
99520.212
99602.5
99620.2
100120.3
100620.1
101927.4
102030.5
102107.6
102969.4
102970.212
103046.5
103070.2
103570.3
104070.1
104291.6
104949.4
104950.212
105022.5
105050.2
105506.4
105550.3
105769.5
106050.1
106129.6
106864.4
106865.212
106946.5
106965.2
107465.3
107599.4
107678.5
107962.4
107965.1
108082.5
108671.6
109349.4
109350.212
109447.5
109450.2
109807.4
109884.5
109950.3
110446.4
110450.1
110732.5
110922.6
111240.6
111661.4
111662.212
111762.2
111840.5
112262.3
112424.4
112583.5
112762.1
113254.6
113486.211
113486.4
113487.1
113511.5
113569.6
114164.211
114164.4
114165.1
114257.5
114327.6
115096.4
115097.212
115188.5
115197.2
115697.3
115876.6
116197.1
116574.6
116917.211
116917.4
116918.1
116963.5
117038.6
117863.4
117864.212
117959.5
117964.2
118464.3
118964.1
122090.6
122656.211
122656.4
122657.1
122704.5
122785.6
123693.4
123694.212
123780.5
123794.2
124294.3
124794.1
126172.4
126183.5
126264.6
127015.4
127016.212
127116.2
127118.5
127616.3
128116.1
129230.6
129902.4
129903.212
129989.5
130003.2
130311.4
130503.3
130516.5
131003.1
132695.4
132712.5
133287.6
133808.211
133808.4
133809.1
133843.5
133914.6
134773.4
134774.212
134852.5
134874.2
135374.3
135718.4
135727.5
135874.1
136556.4
136571.5
136654.6
137421.4
137422.212
137514.5
137522.2
137871.4
137913.5
138012.4
138022.3
138522.1
138550.5
138859.6
139379.211
139379.4
139380.1
139508.5
139748.6
140334.211
140334.4
140335.1
140381.5
140460.6
141068.4
141069.212
141153.5
141169.2
141360.4
141417.5
141669.3
141987.4
142010.5
142169.1
142741.6
143436.4
143437.212
143507.5
143537.2
144037.3
144537.1
146866.6
147412.211
147412.4
147413.1
147461.5
147778.6
148527.4
148528.212
148612.5
148628.2
149128.3
149628.1
152917.6
153537.4
153538.212
153622.5
153638.2
154138.3
154638.1
155733.6
156713.4
156714.212
156798.5
156814.2
157314.3
157814.1
158920.6
159692.4
159693.212
159782.5
159793.2
160293.3
160793.1
161375.6
162031.4
162032.212
162132.2
162148.5
162632.3
163132.1
166105.6
166814.4
166815.212
166898.5
166915.2
167415.3
167915.1
168722.6
169600.4
169601.212
169683.5
169701.2
170201.3
170667.4
170692.5
170701.1
173274.6
173788.211
173788.4
173789.1
173854.5
173924.6
174783.4
174784.212
174884.2
174897.5
175384.3
175884.1
180000.9
123456789
12
07
15
12
07
15
14
FI
2
6
10
45
01
11
18
01
6
2
713
0
0
0
314159265
59
0
147
180000
314159265
0.1
617.6
987.211
987.4
988.1
1006.5
1055.6
1719.4
1720.212
1814.5
1820.2
2320.3
2488.4
2573.5
2769.6
2820.1
3001.6
3457.211
3457.4
3458.1
3486.5
3820.6
4413.211
4413.4
4414.1
4576.5
4859.6
5247.211
5247.4
5248.1
5248.5
5249.4
5282.5
5741.6
6312.211
6312.4
6313.1
6379.5
6599.6
6826.6
7292.4
7293.212
7369.5
7393.2
7704.4
7747.5
7758.4
7893.3
7893.5
8247.6
8393.1
8546.6
9345.4
9346.212
9446.2
9461.5
9764.4
9905.5
9946.3
10193.6
10446.1
10520.6
11382.4
11383.212
11470.5
11483.2
11664.4
11983.3
12011.5
12311.6
12483.1
12510.6
12896.6
13620.4
13621.212
13699.5
13721.2
14221.3
14235.4
14393.5
14666.6
14721.1
15339.6
16028.4
16029.212
16109.5
16129.2
16574.4
16629.3
16641.5
16930.6
17129.1
17305.6
17999.4
18000.212
18100.2
18187.5
18507.4
18508.5
18518.4
18577.5
18600.3
18981.4
18983.5
18984.4
19058.5
19100.1
19370.6
20155.4
20156.212
20231.5
20256.2
20529.4
20756.3
20804.5
21082.6
21196.6
21244.6
21256.1
21289.6
21316.6
21734.211
21734.4
21735.1
21813.5
22088.6
22797.4
22798.212
22875.5
22898.2
23091.4
23159.5
23398.3
23654.4
23770.5
23898.1
24053.6
24967.4
24968.212
24993.5
25068.2
25368.4
25450.5
25568.3
26068.1
26669.6
27297.4
27298.212
27398.2
27406.5
27898.3
28398.1
30503.6
30981.211
30981.4
30982.1
31011.5
31845.6
32539.4
32540.212
32640.2
32713.5
33140.3
33640.1
34156.6
34190.6
34545.211
34545.4
34546.1
34560.5
34828.6
35386.211
35386.4
35387.1
35422.5
35725.6
36160.6
36748.4
36749.212
36841.5
36849.2
37349.3
37849.1
39300.4
39431.5
39678.6
40214.211
40214.4
40215.1
40241.5
40671.6
41445.4
41446.212
41532.5
41546.2
41895.4
41995.5
42046.3
42546.1
42554.6
43176.4
43177.212
43245.5
43277.2
43777.3
43864.4
43955.5
44206.4
44277.1
44375.5
44853.6
44870.6
45213.211
45213.4
45214.1
45416.5
45919.6
46654.4
46655.212
46742.5
46755.2
47255.3
47755.1
48508.4
48593.5
48811.4
48860.5
49168.6
49777.4
49778.212
49865.5
49878.2
50095.4
50158.5
50378.3
50878.1
51412.6
52104.4
52105.212
52183.5
52205.2
52705.3
52759.4
53145.5
53205.1
53460.6
54154.4
54155.212
54243.5
54255.2
54755.3
55255.1
56317.4
56559.5
56847.6
57543.4
57544.212
57644.2
57727.5
58144.3
58202.4
58322.5
58644.1
58667.6
59433.4
59434.212
59534.2
59544.5
60034.3
60308.4
60439.5
60534.1
60704.6
61509.4
61510.212
61585.5
61610.2
62110.3
62215.4
62418.5
62610.1
62711.6
63534.4
63535.212
63611.5
63635.2
64135.3
64320.6
64635.1
64654.6
64841.211
64841.4
64842.1
64860.5
64948.6
65840.4
65841.212
65919.5
65941.2
66243.4
66366.5
66441.3
66937.6
66941.1
67773.4
67805.5
68161.6
68848.4
68849.212
68947.5
68949.2
69449.3
69949.1
73088.4
73184.5
73277.6
73925.4
73926.212
74018.5
74026.2
74526.3
75026.1
76273.4
76354.5
76445.6
77282.4
77283.212
77383.2
77493.5
77682.4
77717.5
77883.3
78383.1
78589.6
78672.6
79220.4
79221.212
79316.5
79321.2
79821.3
80321.1
82158.4
82512.5
82774.6
83404.4
83405.212
83499.5
83505.2
84005.3
84248.4
84505.1
84596.5
84920.6
85009.6
85177.6
85652.4
85653.212
85753.2
85811.5
86253.3
86264.6
86637.4
86647.5
86720.6
86753.1
87147.4
87190.5
88656.6
89261.4
89262.212
89361.5
89362.2
89862.3
90134.4
90170.5
90217.4
90306.5
90362.1
91559.6
92161.4
92162.212
92262.2
92265.5
92405.4
92457.5
92762.3
93262.1
93278.6
93895.4
93896.212
93996.2
94018.5
94352.4
94388.5
94496.3
94848.4
94900.5
94996.1
95003.6
95714.4
95715.212
95815.2
95848.5
96284.6
96315.3
96539.6
96747.6
96815.1
96985.6
97870.4
97871.212
97963.5
97971.2
98471.3
98780.4
98835.5
98971.1
100667.6
100934.211
100934.4
100935.1
100991.5
101063.6
101497.211
101497.4
101498.1
101558.5
102825.6
103296.211
103296.4
103297.1
103324.5
103470.6
103790.211
103790.4
103791.1
103820.5
103927.6
104661.4
104662.212
104756.5
104762.2
105262.3
105762.1
105919.6
106712.4
106713.212
106790.5
106813.2
107313.3
107813.1
109509.4
109530.5
109610.6
109676.6
110248.4
110249.212
110349.2
110352.5
110849.3
111349.1
113399.4
113590.5
113715.6
114410.4
114411.212
114511.2
114663.5
115011.3
115388.4
115511.1
115611.5
115628.4
115685.5
116608.4
116624.5
117525.4
117549.5
117878.6
118539.4
118540.212
118640.2
118657.5
118944.4
119134.5
119140.3
119640.1
120007.6
120701.4
120702.212
120802.2
120817.5
121302.3
121802.1
122458.6
123062.4
123063.212
123163.2
123166.5
123663.3
124163.1
124499.6
124647.211
124647.4
124648.1
124669.5
124765.6
125379.4
125380.212
125480.2
125480.5
125919.4
125934.5
125940.4
125947.5
125957.4
125980.3
126010.5
126480.1
129078.6
129719.4
129720.212
129820.2
129823.5
130320.3
130820.1
132079.6
132240.211
132240.4
132241.1
132259.5
132332.6
133053.4
133054.212
133154.2
133157.5
133654.3
134154.1
134858.6
135000.211
135000.4
135001.1
135023.5
135095.6
135499.211
135499.4
135500.1
135545.5
135629.6
136422.4
136423.212
136510.5
136523.2
137023.3
137058.4
137147.5
137286.6
137523.1
137764.6
138542.4
138543.212
138608.5
138643.2
139143.3
139643.1
139740.6
139914.211
139914.4
139915.1
139948.5
140201.6
140224.6
140879.4
140880.212
140980.2
140987.5
141480.3
141530.4
141557.5
141560.4
141673.5
141980.1
144133.6
144425.211
144425.4
144426.1
144470.5
144597.6
145052.6
145157.6
145756.4
145757.212
145857.2
145931.5
146357.3
146857.1
147415.6
147807.211
147807.4
147808.1
147913.5
148001.6
148074.6
148804.4
148805.212
148882.5
148905.2
149388.4
149405.3
149505.5
149743.4
149801.5
149905.1
149910.6
149992.6
151005.4
151006.212
151097.5
151106.2
151606.3
152106.1
153337.6
153686.211
153686.4
153687.1
153724.5
153806.6
154527.4
154528.212
154616.5
154628.2
155128.3
155628.1
156830.6
157645.4
157646.212
157716.5
157746.2
158246.3
158746.1
159864.6
160372.211
160372.4
160373.1
160561.5
160737.6
161307.211
161307.4
161308.1
161336.5
161412.6
162196.4
162197.212
162266.5
162297.2
162797.3
163297.1
163491.6
164148.4
164149.212
164229.5
164249.2
164749.3
165249.1
165385.6
165586.211
165586.4
165587.1
165600.5
165662.6
166310.4
166311.212
166411.2
166420.5
166911.3
167411.1
167575.6
168126.211
168126.4
168127.1
168154.5
168215.6
168897.4
168898.212
168998.2
169005.5
169498.3
169998.1
170257.6
170390.6
170963.4
170964.212
171061.5
171064.2
171363.4
171545.5
171564.3
171999.6
172064.1
172731.6
173201.211
173201.4
173202.1
173258.5
173498.6
174271.4
174272.212
174352.5
174372.2
174872.3
180000.9
123456789
12
08
15
12
08
15
14
FI
2
6
10
47
01
11
20
01
6
2
698
0
0
0
314159265
58
0
142
180000
314159265
0.1
1235.6
1760.211
1760.4
1761.1
1828.5
2103.6
2130.6
2874.4
2875.212
2968.5
2975.2
3340.4
3475.3
3510.5
3728.6
3975.1
4070.6
4731.4
4732.212
4803.5
4832.2
5298.4
5332.3
5424.5
5697.6
5832.1
6097.6
6167.6
6180.6
6821.4
6822.212
6922.2
6994.5
7422.3
7655.6
7922.1
7948.6
8070.6
8685.4
8686.212
8769.5
8786.2
9219.4
9248.5
9286.3
9449.6
9731.6
9786.1
9804.6
10152.6
10642.4
10643.212
10725.5
10743.2
11243.3
11454.6
11477.6
11691.4
11694.5
11743.1
11757.6
12618.4
12619.212
12711.5
12719.2
13002.4
13036.5
13219.3
13250.6
13497.6
13548.6
13719.1
13846.6
14828.4
14829.212
14905.5
14929.2
15429.3
15547.6
15851.6
15929.1
16721.4
16765.5
16849.6
17704.4
17705.212
17794.5
17805.2
18305.3
18442.6
18677.6
18805.1
19143.6
19790.4
19791.212
19891.2
19895.5
20390.4
20391.3
20575.5
20874.6
20891.1
21382.6
22038.4
22039.212
22129.5
22139.2
22543.4
22632.5
22639.3
22856.6
23095.6
23139.1
23425.6
23950.211
23950.4
23951.1
23978.5
24051.6
24927.4
24928.212
25011.5
25028.2
25528.3
26028.1
28358.4
28479.5
28562.6
29018.6
29450.4
29451.212
29551.2
29731.5
29735.4
29934.5
30051.3
30122.6
30332.6
30551.1
31138.6
31618.211
31618.4
31619.1
31663.5
31750.6
32380.4
32381.212
32478.5
32481.2
32981.3
33170.4
33239.5
33481.1
33788.6
34042.6
34070.6
34672.4
34673.212
34773.2
34787.5
35273.3
35773.1
36709.4
36752.5
36753.4
36870.5
37097.6
37331.6
38007.4
38008.212
38108.2
38120.5
38608.3
39032.6
39108.1
39233.6
39984.4
39985.212
40064.5
40068.4
40083.5
40085.2
40501.4
40544.5
40584.4
40585.3
40588.5
40589.4
40682.5
40956.6
41085.1
41249.6
41792.211
41792.4
41793.1
41825.5
41907.6
42198.6
42543.6
43134.4
43135.212
43235.2
43245.5
43735.3
43923.4
44019.5
44235.1
44296.6
44700.6
44721.6
45290.4
45291.212
45390.5
45391.2
45891.3
46391.1
48178.4
48224.5
48570.6
48595.6
48721.6
48737.6
49343.4
49344.212
49444.2
49454.5
49944.3
49983.4
50063.5
50246.4
50404.5
50444.1
50656.6
50689.6
50709.6
51314.4
51315.212
51408.5
51415.2
51915.3
52415.1
54412.6
54530.6
54803.6
54835.6
55357.4
55358.212
55458.2
55542.5
55958.3
56212.4
56452.5
56458.1
56747.6
57400.4
57401.212
57488.5
57501.2
58001.3
58033.4
58077.5
58501.1
58527.6
59439.4
59440.212
59540.2
59560.5
59934.4
60008.5
60040.3
60324.4
60540.1
60579.5
60912.6
61632.4
61633.212
61721.5
61733.2
62097.4
62233.3
62435.5
62733.1
62824.6
62843.6
63698.4
63699.212
63795.5
63799.2
64299.3
64506.4
64645.5
64799.1
65467.4
65486.5
65599.6
66330.4
66331.212
66416.5
66431.2
66931.3
67148.4
67305.5
67431.1
67517.4
67530.5
68162.6
68954.4
68955.212
69044.5
69055.2
69413.4
69543.5
69555.3
70055.1
70057.4
70060.5
71166.4
71225.5
71301.6
71978.4
71979.212
72079.2
72101.5
72579.3
73079.1
75018.6
75548.211
75548.4
75549.1
75602.5
75921.6
76677.4
76678.212
76765.5
76778.2
77278.3
77778.1
79239.4
79268.5
79481.6
79569.6
80111.4
80112.212
80212.2
80332.5
80712.3
81212.1
82821.4
83061.5
83621.6
83642.6
84251.4
84252.212
84338.5
84352.2
84852.3
85009.4
85261.5
85352.1
85934.6
86127.211
86127.4
86128.1
86133.5
86313.6
87023.4
87024.212
87124.2
87159.5
87624.3
88054.4
88124.1
88375.5
89089.6
89765.4
89766.212
89846.5
89866.2
90366.3
90866.1
93174.4
93234.5
93340.6
93974.4
93975.212
94069.5
94075.2
94517.4
94575.3
94599.5
94879.4
94972.5
95075.1
95753.6
96467.4
96468.212
96568.2
96610.5
97068.3
97422.4
97568.1
97711.5
98498.6
98840.6
98978.6
99112.4
99113.212
99213.2
99231.5
99713.3
99903.4
100048.5
100213.1
100352.4
100608.5
101559.4
101904.5
102143.6
102239.211
102239.4
102240.1
102268.5
102273.4
102409.5
102536.6
103311.4
103312.212
103412.2
103451.5
103800.4
103912.3
103927.5
104412.1
104993.6
105295.6
105437.6
105595.4
105596.212
105696.2
105721.5
106196.3
106335.4
106478.5
106696.1
106995.4
107106.5
107187.6
107657.211
107657.4
107658.1
107738.5
107823.6
108635.4
108636.212
108718.5
108736.2
109058.4
109159.5
109236.3
109736.1
110618.6
111106.211
111106.4
111107.1
111165.5
111229.6
112263.4
112264.212
112346.5
112364.2
112864.3
113172.4
113233.5
113364.1
113730.4
113851.5
114587.4
114768.5
114878.6
115238.211
115238.4
115239.1
115267.5
115395.6
115897.211
115897.4
115898.1
115943.5
116005.6
116680.4
116681.212
116766.5
116781.2
117281.3
117781.1
122688.6
123223.211
123223.4
123224.1
123331.5
123569.6
124292.4
124293.212
124383.5
124393.2
124893.3
125393.1
127440.4
127475.5
127576.6
128717.4
128718.212
128800.5
128818.2
129318.3
129818.1
130782.6
131478.4
131479.212
131579.2
131581.5
132079.3
132579.1
132669.6
133052.211
133052.4
133053.1
133096.5
133163.6
133832.4
133833.212
133933.2
133940.5
134409.6
134433.3
134933.1
136015.6
136648.4
136649.212
136749.2
136779.5
137249.3
137749.1
137755.4
137849.5
139252.6
139667.211
139667.4
139668.1
139693.5
140531.6
141127.211
141127.4
141128.1
141175.5
141281.6
141931.4
141932.212
142032.2
142145.5
142532.3
142547.4
142628.5
143032.1
143244.6
143604.6
144077.4
144078.212
144178.2
144186.5
144678.3
145122.6
145178.1
146286.6
147005.4
147006.212
147087.5
147106.2
147606.3
148106.1
150154.6
150858.4
150859.212
150959.2
150968.5
151459.3
151959.1
152027.6
152766.4
152767.212
152862.5
152867.2
153331.4
153367.3
153410.5
153537.4
153636.5
153867.1
154181.6
154215.6
154848.4
154849.212
154949.2
154950.5
155449.3
155949.1
157662.6
158427.4
158428.212
158507.5
158528.2
159028.3
159528.1
160356.6
160919.211
160919.4
160920.1
160974.5
161043.6
161641.211
161641.4
161642.1
161693.5
161862.6
162134.211
162134.4
162135.1
162162.5
162232.6
162973.4
162974.212
163074.2
163150.5
163574.3
163669.4
163801.5
164074.1
164431.4
164614.5
164733.4
164815.5
164887.6
165533.4
165534.212
165634.2
165639.5
166134.3
166634.1
167134.6
167344.211
167344.4
167345.1
167358.5
167497.6
168541.4
168542.212
168642.2
168678.5
169142.3
169642.1
169966.4
170071.5
171302.6
171609.211
171609.4
171610.1
171632.5
171755.6
172288.211
172288.4
172289.1
172340.5
172475.6
172772.211
172772.4
172773.1
172787.5
172869.6
173222.211
173222.4
173223.1
173254.5
175080.6
176252.4
176253.212
176325.5
176353.2
176853.3
177353.1
178033.6
179308.4
179309.212
179409.2
179450.5
180000.9
123456789
12
09
15
12
09
15
14
FI
2
6
10
49
02
11
22
02
6
2
829
0
0
0
314159265
64
0
179
180000
314159265
0.1
141.6
485.6
957.4
958.212
1048.5
1058.2
1149.4
1261.5
1532.4
1558.3
1644.5
1834.6
2058.1
2404.4
2432.5
2483.6
3163.4
3164.212
3244.5
3264.2
3447.4
3611.5
3764.3
3824.6
4090.6
4264.1
4956.4
4985.5
5070.6
5722.4
5723.212
5804.5
5823.2
6089.4
6177.5
6323.3
6823.1
6996.6
7470.211
7470.4
7471.1
7501.5
7581.6
8286.4
8287.212
8368.5
8387.2
8730.4
8887.3
8930.5
9144.6
9387.1
9391.6
9447.6
9709.6
10385.4
10386.212
10486.2
10494.5
10986.3
11437.6
11486.1
11781.6
11801.6
12304.211
12304.4
12305.1
12335.5
12392.6
13192.4
13193.212
13267.5
13293.2
13590.4
13609.5
13793.3
13799.6
14293.1
14483.6
15234.4
15235.212
15314.5
15335.2
15835.3
16233.4
16335.1
16430.5
16734.6
17322.211
17322.4
17323.1
17514.5
17570.6
18383.4
18384.212
18468.5
18484.2
18760.4
18879.5
18984.3
19099.6
19484.1
19606.6
19913.211
19913.4
19914.1
19974.5
20033.6
20744.4
20745.212
20831.5
20845.2
21307.4
21345.3
21467.5
21845.1
21993.4
21998.5
21999.4
22001.5
22005.4
22287.5
22421.6
22974.211
22974.4
22975.1
22999.5
23066.6
23523.6
23854.4
23855.212
23950.5
23955.2
24375.4
24450.5
24455.3
24572.4
24586.5
24898.6
24936.6
24955.1
24977.6
25387.6
25866.4
25867.212
25960.5
25967.2
26375.4
26451.5
26467.3
26647.6
26941.6
26967.1
27512.4
27536.5
27622.6
28278.4
28279.212
28379.2
28403.5
28879.3
29235.6
29379.1
29624.6
30224.211
30224.4
30225.1
30268.5
30333.6
30935.4
30936.212
31036.2
31045.5
31536.3
31932.6
32036.1
32188.6
32544.211
32544.4
32545.1
32574.5
32590.4
32627.5
32729.6
33382.4
33383.212
33475.5
33483.2
33983.3
34188.6
34483.1
34769.6
35206.211
35206.4
35207.1
35240.5
35302.6
35903.4
35904.212
35978.5
36004.2
36504.3
36723.4
36863.5
37004.1
37061.6
37740.4
37741.212
37816.5
37841.2
38341.3
38401.4
38435.5
38692.6
38841.1
38945.6
38967.6
39685.4
39686.212
39786.2
39810.5
40286.3
40287.4
40291.5
40292.4
40373.5
40786.1
41908.6
42400.211
42400.4
42401.1
42435.5
42498.6
43099.4
43100.212
43176.5
43200.2
43700.3
44097.4
44139.5
44200.1
44384.6
44942.211
44942.4
44943.1
44969.5
45030.6
45720.4
45721.212
45821.2
45824.5
46321.3
46821.1
47238.6
47410.211
47410.4
47411.1
47652.5
47732.6
48098.211
48098.4
48099.1
48126.5
48213.6
48885.4
48886.212
48984.5
48986.2
49486.3
49986.1
50153.6
50739.211
50739.4
50740.1
50771.5
50873.6
51643.4
51644.212
51729.5
51744.2
52244.3
52744.1
53032.6
53555.6
54140.4
54141.212
54241.2
54254.5
54627.4
54741.3
54793.5
55241.1
55651.6
56153.211
56153.4
56154.1
56190.5
56249.6
56909.4
56910.212
56987.5
57010.2
57382.4
57456.5
57510.3
57754.4
57831.5
58010.1
58731.6
59558.4
59559.212
59636.5
59659.2
60070.4
60159.3
60164.5
60659.1
60903.6
61281.211
61281.4
61282.1
61308.5
61386.6
62221.4
62222.212
62319.5
62322.2
62822.3
63322.1
64265.6
64291.6
64957.4
64958.212
65058.2
65076.5
65558.3
66058.1
67108.6
67475.211
67475.4
67476.1
67498.5
67595.6
68303.4
68304.212
68404.2
68434.5
68904.3
69404.1
69610.6
69840.6
69868.6
70525.4
70526.212
70623.5
70626.2
71126.3
71556.6
71626.1
71995.6
72479.211
72479.4
72480.1
72529.5
72592.6
73323.4
73324.212
73401.5
73424.2
73924.3
74109.6
74424.1
74527.6
75351.4
75352.212
75439.5
75452.2
75952.3
76452.1
77854.4
77939.5
78043.6
78636.211
78636.4
78637.1
78744.5
78823.6
79442.4
79443.212
79543.2
79552.5
80043.3
80543.1
80615.6
81233.4
81234.212
81334.2
81338.5
81712.4
81791.5
81834.3
82334.1
82654.6
83426.4
83427.212
83512.5
83527.2
84027.3
84527.1
85546.4
85563.5
85625.6
86218.211
86218.4
86219.1
86323.5
86513.6
86930.211
86930.4
86931.1
86956.5
87284.6
87921.4
87922.212
88018.5
88022.2
88139.4
88172.5
88522.3
89022.1
89353.6
89851.211
89851.4
89852.1
89868.5
89956.6
90771.4
90772.212
90866.5
90872.2
91372.3
91872.1
93096.6
93461.211
93461.4
93462.1
93471.5
93540.6
94258.4
94259.212
94346.5
94359.2
94859.3
94979.6
95359.1
95619.6
95970.211
95970.4
95971.1
96018.5
96099.6
96949.4
96950.212
97027.5
97050.2
97086.4
97131.5
97318.4
97479.5
97550.3
97702.6
97878.6
97920.6
98050.1
98416.6
98460.6
99195.4
99196.212
99296.2
99313.5
99796.3
100296.1
100919.6
101747.4
101748.212
101848.2
101852.5
102348.3
102350.4
102394.5
102848.1
103056.6
103336.211
103336.4
103337.1
103353.5
103724.6
103753.6
104333.4
104334.212
104403.5
104434.2
104934.3
105434.1
105635.6
106063.211
106063.4
106064.1
106073.5
108136.6
108164.6
108800.4
108801.212
108866.5
108901.2
109401.3
109844.4
109856.5
109901.1
109975.6
110637.4
110638.212
110734.5
110738.2
111238.3
111365.4
111463.5
111639.4
111738.1
111790.5
111940.4
112045.5
112320.4
112406.5
113277.6
113974.4
113975.212
114075.2
114108.5
114486.4
114495.5
114502.4
114504.5
114509.4
114575.3
114592.5
115075.1
115453.6
115960.211
115960.4
115961.1
115979.5
116005.4
116089.5
117143.6
117460.211
117460.4
117461.1
117483.5
117563.6
118219.4
118220.212
118307.5
118320.2
118820.3
119320.1
120279.4
120385.5
120388.4
120486.5
120707.6
121031.211
121031.4
121032.1
121049.5
121271.6
121650.6
122289.4
122290.212
122377.5
122390.2
122890.3
122907.4
122908.5
122911.4
123046.5
123390.1
123663.6
124476.4
124477.212
124564.5
124577.2
125077.3
125577.1
127065.4
127145.5
127610.4
127695.5
127786.6
128435.4
128436.212
128536.2
128548.5
128971.4
129007.5
129036.3
129431.4
129501.5
129536.1
129986.6
130006.6
130584.211
130584.4
130585.1
130715.5
130957.6
131598.4
131599.212
131666.5
131699.2
132103.4
132177.5
132199.3
132639.6
132699.1
132802.6
132837.6
133449.4
133450.212
133538.5
133550.2
133812.4
133892.5
134050.3
134550.1
134896.6
135612.4
135613.212
135712.5
135713.2
136068.4
136161.5
136213.3
136713.1
136989.6
137730.4
137731.212
137811.5
137831.2
138013.4
138209.5
138331.3
138831.1
139159.6
139931.4
139932.212
140032.2
140093.5
140331.4
140500.5
140532.3
140693.4
141032.1
141415.5
142429.4
142485.5
142930.4
142972.5
143142.6
143318.211
143318.4
143319.1
143320.5
143321.4
143331.5
144817.4
144909.5
145018.6
145726.4
145727.212
145812.5
145827.2
146203.4
146295.5
146327.3
146827.1
147173.6
147266.6
147967.4
147968.212
148052.5
148068.2
148542.4
148568.3
148668.5
148806.4
149051.5
149066.4
149068.1
149169.5
149489.6
150124.4
150125.212
150225.2
150236.5
150691.4
150725.3
150865.5
151225.1
151553.6
151825.211
151825.4
151826.1
151834.5
151912.6
152682.4
152683.212
152779.5
152783.2
153283.3
153783.1
153919.4
153921.5
153925.4
153932.5
154092.6
154383.211
154383.4
154384.1
154384.5
154386.4
154464.5
154549.6
155227.4
155228.212
155301.5
155328.2
155629.4
155670.5
155828.3
156328.1
156978.6
157346.6
157939.4
157940.212
158025.5
158040.2
158540.3
159040.1
161315.4
161416.5
161919.6
162438.211
162438.4
162439.1
162489.5
162568.6
163408.4
163409.212
163491.5
163509.2
164009.3
164509.1
166488.4
166543.5
166656.6
167337.4
167338.212
167413.5
167438.2
167938.3
167949.4
168036.5
168438.1
169001.6
169753.4
169754.212
169829.5
169854.2
169973.4
170018.5
170354.3
170484.4
170627.5
170854.1
171312.6
171335.6
172019.4
172020.212
172091.5
172120.2
172610.4
172620.3
172878.5
173035.4
173120.1
173494.5
173579.4
173599.5
173693.6
174371.4
174372.212
174472.2
174479.5
174972.3
175472.1
175685.6
176553.4
176554.212
176654.2
176705.5
176893.4
177154.3
177188.5
177654.1
178438.6
178730.211
178730.4
178731.1
178781.5
178960.6
179245.211
179245.4
179246.1
179275.5
180000.9
123456789
12
10
15
12
10
15
14
FI
2
6
10
50
20
11
23
20
6
2
718
0
0
0
314159265
55
0
154
180000
314159265
0.1
192.6
894.6
1200.4
1201.212
1293.5
1301.2
1546.4
1622.5
1801.3
1892.6
2094.6
2301.1
2663.6
2794.6
2849.6
3380.4
3381.212
3460.5
3481.2
3899.4
3981.3
3993.5
4481.1
5119.4
5206.5
5261.6
6109.4
6110.212
6185.5
6210.2
6320.4
6382.5
6710.3
6720.4
6801.5
7131.6
7200.6
7210.1
7935.4
7962.5
8022.6
8798.4
8799.212
8896.5
8899.2
9399.3
9538.4
9593.5
9899.1
10107.6
10488.6
11181.4
11182.212
11256.5
11282.2
11514.4
11780.5
11782.3
11990.6
12145.6
12282.1
12366.6
12405.6
13006.4
13007.212
13083.5
13107.2
13594.4
13607.3
13620.5
14107.1
14288.6
14657.211
14657.4
14658.1
14678.5
14730.6
15236.211
15236.4
15237.1
15304.5
15357.6
15995.4
15996.212
16096.2
16122.5
16596.3
16702.4
16759.5
17096.1
17629.6
18301.4
18302.212
18402.2
18404.5
18902.3
18938.4
18983.5
19278.6
19402.1
19559.6
19600.6
20189.4
20190.212
20288.5
20290.2
20790.3
21290.1
21291.6
21331.6
21617.6
22101.4
22102.212
22199.5
22202.2
22702.3
23149.6
23181.6
23202.1
23454.6
23916.211
23916.4
23917.1
23974.5
24035.6
24518.211
24518.4
24519.1
24544.5
24611.6
24726.6
25467.4
25468.212
25550.5
25568.2
25949.4
25957.5
25959.4
26068.3
26245.5
26499.6
26568.1
27059.6
27535.211
27535.4
27536.1
27570.5
27667.6
28421.4
28422.212
28512.5
28522.2
29022.3
29522.1
29798.6
30424.4
30425.212
30525.2
30613.5
31025.3
31525.1
32825.6
33531.4
33532.212
33616.5
33632.2
33864.4
33918.5
34132.3
34632.1
35042.4
35054.5
35172.6
36014.4
36015.212
36094.5
36115.2
36581.6
36615.3
37115.1
38914.6
39716.4
39717.212
39789.5
39817.2
40317.3
40634.4
40703.5
40817.1
41156.6
41684.6
42230.4
42231.212
42331.2
42344.5
42831.3
43331.1
45477.4
45547.5
45882.6
45909.6
46024.6
46536.4
46537.212
46618.5
46637.2
47137.3
47326.6
47637.1
47671.6
47740.6
47961.6
47993.6
48043.6
48603.4
48604.212
48704.2
48727.5
49077.4
49204.3
49349.5
49704.1
49732.6
50631.4
50632.212
50727.5
50732.2
51203.4
51232.3
51356.5
51732.1
52106.4
52184.5
52266.6
52658.211
52658.4
52659.1
52665.5
52768.6
53420.4
53421.212
53501.5
53521.2
54021.3
54189.4
54229.5
54521.1
54670.6
55373.4
55374.212
55466.5
55474.2
55837.4
55974.3
56308.5
56474.1
56596.6
57409.4
57410.212
57510.2
57528.5
57679.4
57749.5
58010.3
58510.1
59678.4
60438.5
60594.6
61388.4
61389.212
61464.5
61489.2
61818.4
61989.3
62120.5
62489.1
62931.6
63044.6
63065.6
63673.4
63674.212
63774.2
63784.5
64240.4
64274.3
64306.5
64380.4
64774.1
64992.5
65123.6
65852.4
65853.212
65953.2
65953.5
66431.4
66453.3
66673.5
66953.1
67314.6
67343.6
67923.4
67924.212
68024.2
68060.5
68524.3
69024.1
71409.4
71411.5
71577.6
71872.6
72315.4
72316.212
72416.2
72424.5
72916.3
73416.1
76993.4
77071.5
77139.6
77726.211
77726.4
77727.1
77782.5
77849.6
78519.4
78520.212
78620.2
78713.5
79120.3
79582.4
79620.1
79665.5
80033.6
80679.4
80680.212
80780.2
80784.5
81280.3
81780.1
83273.4
83343.5
83425.6
83766.6
83805.6
83883.6
84371.4
84372.212
84472.2
84482.5
84972.3
85150.4
85231.5
85236.4
85238.5
85245.4
85343.5
85472.1
86524.6
86943.211
86943.4
86944.1
86958.5
87057.6
87668.4
87669.212
87742.5
87769.2
88269.3
88769.1
89141.6
89724.211
89724.4
89725.1
89754.5
89860.6
90443.211
90443.4
90444.1
90522.5
90605.6
91175.211
91175.4
91176.1
91252.5
91450.6
91859.211
91859.4
91860.1
91875.5
91962.6
92478.211
92478.4
92479.1
92489.5
92630.6
93363.4
93364.212
93464.2
93464.5
93964.3
94464.1
99012.6
100268.4
100269.212
100272.5
100273.4
100369.2
100398.5
100869.3
101369.1
102882.4
102925.5
103042.6
103478.211
103478.4
103479.1
103497.5
104453.6
105334.4
105335.212
105435.2
105481.5
105935.3
106001.4
106193.5
106435.1
106996.6
107658.4
107659.212
107737.5
107759.2
108259.3
108759.1
109079.6
109495.211
109495.4
109496.1
109497.5
109499.4
109548.5
111274.6
111917.6
111963.4
111964.212
112053.5
112064.2
112564.3
112918.4
113064.1
113161.5
113652.4
113670.5
113765.6
114132.211
114132.4
114133.1
114179.5
114292.6
114660.211
114660.4
114661.1
114678.5
114877.6
115210.211
115210.4
115211.1
115268.5
115357.6
115854.211
115854.4
115855.1
115908.5
115993.6
116668.4
116669.212
116769.2
116790.5
117269.3
117769.1
118340.4
118341.5
118346.4
118378.5
118737.4
118751.5
118816.6
119411.211
119411.4
119412.1
119497.5
119594.6
120062.211
120062.4
120063.1
120094.5
120227.6
120769.6
120819.211
120819.4
120820.1
120859.5
121352.6
122258.4
122259.212
122359.2
122364.5
122859.3
123359.1
124005.6
124643.4
124644.212
124733.5
124744.2
125244.3
125744.1
127953.4
128068.5
128205.6
128991.4
128992.212
129083.5
129092.2
129485.4
129592.3
130092.1
130182.5
130324.6
131138.4
131139.212
131218.5
131239.2
131739.3
131956.4
131959.5
131960.4
132239.1
132244.5
133433.4
133446.5
133514.6
134054.211
134054.4
134055.1
134331.5
134525.6
134911.6
135588.4
135589.212
135687.5
135689.2
136189.3
136540.4
136570.5
136689.1
138280.4
138303.5
138391.6
139332.4
139333.212
139433.2
139439.5
139933.3
140433.1
140882.6
141674.4
141675.212
141758.5
141775.2
142275.3
142775.1
145357.4
145484.5
145612.6
146468.4
146469.212
146549.5
146569.2
147069.3
147131.4
147174.5
147176.4
147265.5
147569.1
147663.4
147699.5
148220.6
148753.211
148753.4
148754.1
148784.5
149830.6
150429.211
150429.4
150430.1
150456.5
150549.6
150833.211
150833.4
150834.1
150857.5
151360.6
151842.211
151842.4
151843.1
151866.5
152967.6
153770.4
153771.212
153772.5
153775.4
153871.2
153936.5
154371.3
154665.4
154783.5
154871.1
157585.6
158369.4
158370.212
158456.5
158470.2
158798.4
158913.5
158970.3
159470.1
159736.6
160638.4
160639.212
160739.2
160761.5
161239.3
161316.4
161498.5
161739.1
162295.6
162627.211
162627.4
162628.1
162660.5
162742.6
163599.4
163600.212
163700.2
163733.5
164200.3
164700.1
165008.6
165145.6
165463.211
165463.4
165464.1
165596.5
166554.6
166839.211
166839.4
166840.1
166873.5
167182.6
167928.4
167929.212
168029.2
168031.5
168143.4
168192.5
168529.3
169029.1
169373.6
170156.4
170157.212
170254.5
170257.2
170757.3
170988.4
171257.1
171261.5
171428.4
171430.5
171431.4
171437.5
171651.6
172233.211
172233.4
172234.1
172302.5
172475.6
172947.6
173320.4
173321.212
173421.2
173432.5
173921.3
174421.1
175763.4
175854.5
175997.6
176765.4
176766.212
176848.5
176866.2
177271.4
177348.5
177366.3
177460.4
177464.5
177468.4
177833.5
177866.1
177955.6
179091.4
179092.212
179192.2
179192.5
179594.4
179692.3
180000.9
123456789
12
11
15
12
11
15
14
FI
2
6
10
45
15
11
18
15
6
2
716
0
0
0
314159265
61
0
153
180000
314159265
0.1
512.6
954.211
954.4
955.1
975.5
976.4
987.5
1058.6
1482.211
1482.4
1483.1
1528.5
1617.6
2273.4
2274.212
2374.2
2401.5
2817.4
2874.3
2960.5
3374.1
3765.6
4192.211
4192.4
4193.1
4212.5
4284.6
5101.4
5102.212
5194.5
5202.2
5702.3
5845.4
5944.5
6202.1
6561.6
6945.6
7671.4
7672.212
7772.2
7944.5
8272.3
8379.4
8518.5
8772.1
9097.6
9146.6
9166.6
9526.211
9526.4
9527.1
9565.5
9642.6
10477.4
10478.212
10567.5
10578.2
11051.4
11078.3
11240.5
11578.1
11650.6
12521.4
12522.212
12622.2
12644.5
13122.3
13622.1
14122.6
14144.6
14849.4
14850.212
14946.5
14950.2
15441.4
15450.3
15936.5
15950.1
17435.4
17611.5
17699.6
18669.4
18670.212
18770.2
18784.5
19050.4
19242.5
19270.3
19700.4
19770.1
19837.5
20082.6
20118.6
20432.6
20493.6
20865.4
20866.212
20962.5
20966.2
21408.4
21466.3
21502.5
21966.1
22442.6
23077.4
23078.212
23178.2
23191.5
23678.3
23800.4
23982.5
24178.1
24216.6
24546.6
24584.6
25025.4
25026.212
25126.2
25132.5
25626.3
25682.4
26001.5
26126.1
27171.4
27198.5
27300.6
27977.4
27978.212
28078.2
28088.5
28312.4
28408.5
28578.3
28588.4
28783.5
29021.6
29078.1
29317.6
29822.211
29822.4
29823.1
29848.5
29927.6
30322.6
30368.6
30602.4
30603.212
30703.2
30736.5
31203.3
31277.4
31362.5
31607.6
31703.1
31772.6
31979.211
31979.4
31980.1
32003.5
32069.6
32724.4
32725.212
32825.2
33009.5
33325.3
33616.4
33696.5
33825.1
33964.6
34397.6
35020.4
35021.212
35120.5
35121.2
35621.3
35785.4
35889.5
36121.1
36209.6
36947.4
36948.212
37026.5
37048.2
37548.3
38048.1
38070.6
39016.4
39017.212
39094.5
39117.2
39617.3
39903.4
40024.5
40117.1
40258.6
41039.4
41040.212
41140.2
41151.5
41640.3
42072.4
42140.1
42153.5
43792.6
44146.211
44146.4
44147.1
44330.5
44393.6
44963.211
44963.4
44964.1
45014.5
45086.6
45756.4
45757.212
45857.2
45893.5
46357.3
46857.1
49018.4
49064.5
49338.6
49931.211
49931.4
49932.1
49998.5
50073.6
50776.4
50777.212
50877.2
50919.5
51377.3
51391.4
51516.5
51556.4
51622.5
51877.1
51936.6
51971.6
52623.4
52624.212
52724.2
52751.5
53224.3
53724.1
56016.4
56051.5
56136.6
56457.6
56561.6
56581.6
56971.4
56972.212
57058.5
57072.2
57572.3
57918.6
58072.1
58129.6
58171.6
58840.4
58841.212
58928.5
58941.2
59441.3
59941.1
63220.6
63403.6
63575.6
63986.4
63987.212
64087.2
64087.5
64422.4
64587.3
64590.5
64831.6
65087.1
65517.6
66274.4
66275.212
66375.2
66387.5
66846.4
66875.3
67040.5
67375.1
67894.6
68573.4
68574.212
68674.2
68697.5
69174.3
69274.4
69350.5
69674.1
69728.4
69767.5
69889.6
70656.4
70657.212
70750.5
70757.2
71257.3
71757.1
73462.4
73503.5
73510.4
73585.5
73670.6
74261.211
74261.4
74262.1
74293.5
74382.6
75023.4
75024.212
75124.2
75131.5
75364.4
75416.5
75624.3
76076.4
76124.1
76531.5
76825.6
77629.4
77630.212
77714.5
77730.2
78230.3
78462.4
78669.5
78730.1
78871.6
80003.4
80004.212
80104.2
80131.5
80604.3
81104.1
82020.6
82698.4
82699.212
82799.2
83299.3
83799.1
83803.5
83938.6
84575.4
84576.212
84667.5
84676.2
85176.3
85271.4
85322.5
85676.1
87301.4
87333.5
87420.6
88124.4
88125.212
88225.2
88234.5
88725.3
88917.4
88919.5
88962.4
88971.5
88986.4
89110.5
89111.4
89113.5
89124.4
89131.5
89225.1
89608.6
90232.4
90233.212
90315.5
90333.2
90463.4
90510.5
90833.3
91125.4
91333.1
91602.5
91729.6
92538.4
92539.212
92639.2
92658.5
93139.3
93573.4
93618.5
93630.4
93639.1
93821.5
93984.6
94872.4
94873.212
94972.5
94973.2
95473.3
95755.4
95857.5
95973.1
96752.6
97568.4
97569.212
97664.5
97669.2
98169.3
98384.4
98428.5
98669.1
99207.6
100007.4
100008.212
100099.5
100108.2
100608.3
101108.1
101332.6
102064.4
102065.212
102153.5
102165.2
102490.4
102537.5
102665.3
103165.1
103635.6
104322.4
104323.212
104423.2
104432.5
104923.3
105423.1
106380.6
106989.4
106990.212
107067.5
107090.2
107590.3
108090.1
108370.6
108561.211
108561.4
108562.1
108612.5
108686.6
109282.211
109282.4
109283.1
109359.5
109446.6
110108.4
110109.212
110191.5
110209.2
110709.3
111209.1
111469.6
111557.6
112008.211
112008.4
112009.1
112047.5
112145.6
112828.4
112829.212
112927.5
112929.2
113276.4
113429.3
113522.5
113733.6
113929.1
114722.6
115043.211
115043.4
115044.1
115053.5
115146.6
115620.6
116370.4
116371.212
116471.2
116499.5
116971.3
117192.4
117326.5
117471.1
119276.6
119927.4
119928.212
120028.2
120032.5
120528.3
120718.4
120729.5
120742.4
120785.5
121028.1
121464.6
122032.211
122032.4
122033.1
122074.5
122154.6
122923.4
122924.212
123003.5
123024.2
123524.3
124024.1
124236.6
124705.211
124705.4
124706.1
124735.5
124835.6
125600.4
125601.212
125701.2
125709.5
126201.3
126701.1
126879.4
126960.5
127126.6
127684.211
127684.4
127685.1
127707.5
127816.6
128361.211
128361.4
128362.1
128383.5
128501.6
129238.4
129239.212
129335.5
129339.2
129339.4
129422.5
129839.3
130339.1
131076.6
131592.211
131592.4
131593.1
131618.5
131717.6
131787.6
132366.4
132367.212
132467.2
132512.5
132513.4
132541.5
132967.3
133467.1
133667.6
134498.4
134499.212
134599.2
134614.5
135099.3
135599.1
136000.6
136663.4
136664.212
136764.2
136768.5
136875.4
136951.5
137264.3
137764.1
141830.6
141879.6
142352.211
142352.4
142353.1
142429.5
142556.6
143248.4
143249.212
143349.2
143355.5
143849.3
144349.1
144703.6
145514.4
145515.212
145615.2
145615.5
146115.3
146116.4
146498.5
146615.1
146719.6
147058.6
147648.4
147649.212
147730.5
147749.2
148249.3
148749.1
148973.6
149805.4
149806.212
149906.2
149922.5
150406.3
150906.1
152826.4
152927.5
153284.6
154194.4
154195.212
154295.2
154342.5
154712.4
154795.3
154869.5
155295.1
156118.6
156661.211
156661.4
156662.1
156694.5
156785.6
157548.4
157549.212
157631.5
157649.2
158149.3
158649.1
158872.6
159633.4
159634.212
159734.2
159752.5
160234.3
160383.4
160385.5
160391.4
160394.5
160399.4
160715.5
160734.1
160853.4
160998.5
161658.6
162480.4
162481.212
162567.5
162581.2
163081.3
163110.4
163197.5
163581.1
165282.6
166065.4
166066.212
166166.2
166182.5
166666.3
167166.1
167823.4
167852.5
167950.6
168579.4
168580.212
168680.2
168697.5
169180.3
169264.4
169391.5
169680.1
174138.6
174542.211
174542.4
174543.1
174576.5
174675.6
175180.211
175180.4
175181.1
175181.5
175184.4
175218.5
175339.6
175863.211
175863.4
175864.1
175890.5
176006.6
176993.4
176994.212
177094.2
177111.5
177594.3
177700.4
177804.5
178094.1
179703.4
179710.5
180000.9
123456789
12
12
15
12
12
15
14
FI
2
6
10
43
10
11
16
10
6
2
694
0
0
0
314159265
61
0
158
180000
314159265
0.1
321.6
678.211
678.4
679.1
718.5
767.6
1284.211
1284.4
1285.1
1308.5
1377.6
1929.6
2333.4
2334.212
2419.5
2434.2
2869.4
2912.5
2934.3
3306.6
3335.6
3434.1
3602.6
4311.4
4312.212
4402.5
4412.2
4912.3
4945.4
5152.5
5258.6
5412.1
5551.6
5584.6
6245.4
6246.212
6321.5
6346.2
6841.4
6846.3
6876.5
7200.6
7271.6
7346.1
8057.4
8082.5
8151.6
8911.4
8912.212
9012.2
9056.5
9444.4
9512.3
9631.5
10012.1
10207.6
10485.211
10485.4
10486.1
10508.5
10570.6
11277.4
11278.212
11373.5
11378.2
11878.3
12171.6
12378.1
12427.6
13087.4
13088.212
13188.2
13209.5
13661.4
13688.3
13883.5
14014.6
14188.1
14226.6
14283.6
14436.6
14508.6
15174.4
15175.212
15258.5
15275.2
15775.3
16275.1
17180.4
17287.5
17380.6
18060.4
18061.212
18142.5
18161.2
18661.3
19161.1
19923.4
20089.5
20183.6
20258.6
20340.6
20937.4
20938.212
21021.5
21038.2
21538.3
21700.4
21917.5
22038.1
22669.4
22704.5
22767.6
23557.4
23558.212
23647.5
23658.2
24158.3
24658.1
25881.4
25898.5
25944.4
26073.5
26190.6
26283.6
26919.4
26920.212
27019.5
27020.2
27520.3
27785.4
27826.5
27916.6
28020.1
28880.4
28941.5
29002.6
29854.4
29855.212
29955.2
29977.5
30455.3
30955.1
32438.4
32451.5
32461.4
32608.5
32691.6
33338.4
33339.212
33412.5
33439.2
33540.4
33612.5
33939.3
34439.1
36098.4
36286.5
36375.6
37015.4
37016.212
37116.2
37178.5
37487.4
37528.5
37616.3
38116.1
38219.4
38326.5
38442.6
39015.211
39015.4
39016.1
39116.5
39179.6
40097.4
40098.212
40198.2
40295.5
40698.3
40937.4
40993.5
41198.1
41512.6
42200.4
42201.212
42301.2
42313.5
42717.4
42785.5
42801.3
43022.4
43202.5
43301.1
43337.6
43846.211
43846.4
43847.1
43873.5
43932.6
44727.4
44728.212
44817.5
44828.2
45328.3
45365.4
45577.5
45828.1
46674.4
46698.5
46757.6
47497.4
47498.212
47587.5
47598.2
48098.3
48598.1
50140.4
50209.5
50294.6
51031.4
51032.212
51104.5
51132.2
51632.3
51936.4
52132.1
52210.5
52699.6
52746.6
53290.211
53290.4
53291.1
53338.5
53371.4
53422.5
53503.6
54260.4
54261.212
54350.5
54361.2
54861.3
54994.4
55287.5
55361.1
55681.6
56133.211
56133.4
56134.1
56159.5
56219.6
57203.4
57204.212
57290.5
57304.2
57804.3
57927.4
58115.5
58304.1
59006.6
59115.6
59887.4
59888.212
59965.5
59988.2
60477.4
60488.3
60570.5
60740.4
60827.5
60988.1
61080.6
61866.4
61867.212
61962.5
61967.2
62467.3
62967.1
63014.4
63025.5
63389.6
63420.6
64101.4
64102.212
64202.2
64224.5
64702.3
65202.1
67449.4
67823.5
67957.6
68798.4
68799.212
68899.2
68909.5
69399.3
69851.6
69866.6
69899.1
70820.4
70969.5
71103.6
72018.4
72019.212
72119.2
72122.5
72619.3
72638.4
72685.5
73119.1
73311.6
73763.6
74609.4
74610.212
74700.5
74710.2
75210.3
75710.1
76995.4
77325.5
77424.6
78165.4
78166.212
78243.5
78266.2
78766.3
79124.4
79266.1
79273.5
79859.6
80622.4
80623.212
80708.5
80723.2
81223.3
81281.4
81383.5
81723.1
82600.4
82817.5
82928.6
83785.4
83786.212
83870.5
83886.2
84386.3
84886.1
85059.6
85936.4
85937.212
86023.5
86037.2
86537.3
86541.4
86649.5
87037.1
87624.4
87647.5
89332.6
89546.211
89546.4
89547.1
89577.5
89623.4
89678.5
89755.6
90610.4
90611.212
90692.5
90711.2
91211.3
91711.1
93565.4
93636.5
93726.6
94390.4
94391.212
94487.5
94491.2
94991.3
95491.1
96470.4
96472.5
96525.4
96589.5
96693.6
97377.4
97378.212
97478.2
97494.5
97978.3
98028.4
98112.5
98457.4
98478.1
98563.5
98579.4
98648.5
98762.6
99431.4
99432.212
99532.2
99532.5
99808.4
99893.5
100032.3
100532.1
100638.4
100697.5
100828.6
101521.4
101522.212
101612.5
101622.2
102122.3
102381.4
102393.5
102394.4
102395.5
102622.1
102672.6
103653.4
103654.212
103754.2
103770.5
103871.4
104039.5
104254.3
104746.4
104754.1
104869.5
105170.6
105304.211
105304.4
105305.1
105329.5
105368.4
105382.5
105484.6
106220.4
106221.212
106311.5
106321.2
106708.4
106821.3
106831.5
107321.1
107454.6
108199.4
108200.212
108280.5
108300.2
108800.3
108911.4
109104.5
109300.1
109409.6
110312.4
110313.212
110398.5
110413.2
110804.4
110906.5
110913.3
111066.4
111157.5
111382.6
111413.1
111591.6
112439.4
112440.212
112519.5
112540.2
113040.3
113540.1
113902.6
114663.4
114664.212
114747.5
114764.2
114837.4
114879.5
115264.3
115269.4
115323.5
115764.1
115985.6
116899.4
116900.212
117000.2
117016.5
117500.3
118000.1
118562.6
119332.4
119333.212
119428.5
119433.2
119505.4
119633.5
119933.3
120433.1
121400.4
121516.5
121635.6
122352.4
122353.212
122453.2
122466.5
122953.3
123453.1
126193.4
126219.5
126344.6
127102.4
127103.212
127203.2
127219.5
127703.3
128203.1
128902.6
129725.4
129726.212
129826.2
129863.5
130326.3
130826.1
131739.6
132221.211
132221.4
132222.1
132265.5
132336.6
133337.4
133338.212
133438.2
133438.5
133859.4
133938.3
134034.5
134438.1
134893.6
135717.4
135718.212
135802.5
135818.2
136318.3
136359.4
136471.5
136614.6
136769.6
136818.1
136819.6
137712.4
137713.212
137803.5
137813.2
138313.3
138813.1
141145.4
141171.5
141287.6
142120.4
142121.212
142202.5
142221.2
142721.3
143221.1
146603.6
147167.211
147167.4
147168.1
147206.5
147303.6
148372.4
148373.212
148473.2
148514.5
148973.3
149265.4
149448.5
149473.1
149587.4
149658.5
149766.6
150003.6
150026.6
150738.4
150739.212
150839.2
150943.5
151339.3
151433.4
151674.5
151839.1
152194.6
153109.4
153110.212
153200.5
153210.2
153710.3
154210.1
156762.6
156884.211
156884.4
156885.1
156909.5
156974.6
157709.4
157710.212
157795.5
157810.2
158310.3
158586.4
158708.5
158810.1
159696.6
160616.4
160617.212
160717.2
160718.5
161217.3
161570.4
161597.5
161717.1
162858.6
163671.4
163672.212
163767.5
163772.2
164156.4
164169.5
164170.4
164171.5
164182.4
164188.5
164272.3
164772.1
165066.6
165870.4
165871.212
165950.5
165971.2
166471.3
166971.1
167145.4
167285.5
167483.4
167586.5
167696.6
168546.4
168547.212
168647.2
168663.5
168902.6
169147.3
169647.1
171235.6
172099.4
172100.212
172200.2
172287.5
172700.3
172712.4
172774.5
172983.4
173089.5
173200.1
173814.4
174077.5
174208.6
175119.4
175120.212
175202.5
175220.2
175720.3
175879.4
176073.5
176220.1
176661.4
176663.5
176754.6
177231.211
177231.4
177232.1
177318.5
177480.6
177901.211
177901.4
177902.1
180000.9
123456789
12
13
15
12
13
15
14
FI
2
6
10
43
11
11
16
10
6
2
743
0
0
0
314159265
63
0
157
180000
314159265
0.1
291.6
712.211
712.4
713.1
724.5
812.6
1352.211
1352.4
1353.1
1374.5
1429.6
2000.211
2000.4
2001.1
2009.5
2059.4
2114.5
2170.6
2839.4
2840.212
2940.2
3053.5
3182.4
3257.5
3440.3
3466.4
3518.5
3770.4
3878.5
3940.1
4401.6
5056.4
5057.212
5144.5
5157.2
5624.4
5627.5
5628.4
5630.5
5631.4
5657.3
5725.5
5898.4
6019.5
6157.1
6430.6
7100.4
7101.212
7201.2
7241.5
7701.3
7761.4
7787.5
8170.6
8201.1
8218.6
8555.211
8555.4
8556.1
8579.5
8638.6
9394.4
9395.212
9495.2
9561.5
9995.3
10237.4
10297.5
10495.1
10879.6
10941.6
11507.4
11508.212
11599.5
11608.2
12088.4
12108.3
12424.5
12608.1
13000.6
13283.211
13283.4
13284.1
13296.5
13358.6
14081.4
14082.212
14178.5
14182.2
14682.3
14709.4
14862.5
15079.6
15182.1
15413.6
15606.6
16274.4
16275.212
16354.5
16375.2
16824.4
16875.3
16900.5
17252.6
17273.6
17375.1
17659.6
17700.6
18424.4
18425.212
18504.5
18525.2
19025.3
19105.4
19235.5
19361.6
19525.1
19589.6
20487.4
20488.212
20576.5
20588.2
20670.6
20925.6
21088.3
21341.6
21581.6
21588.1
22041.4
22051.5
22110.6
22964.4
22965.212
23065.2
23135.5
23244.4
23391.5
23565.3
23989.4
24023.5
24065.1
24112.6
24458.6
24490.6
24771.4
24772.212
24872.2
24877.5
25281.4
25335.5
25372.3
25552.6
25872.1
25916.6
25931.6
26734.4
26735.212
26737.5
26739.4
26823.5
26835.2
27335.3
27703.6
27835.1
28024.6
28067.6
28757.4
28758.212
28858.2
28877.5
29358.3
29858.1
31428.6
32039.4
32040.212
32140.2
32141.5
32640.3
32993.4
33140.1
33173.5
33945.6
34537.211
34537.4
34538.1
34610.5
34681.6
35569.4
35570.212
35668.5
35670.2
36170.3
36308.6
36625.6
36670.1
36739.6
37552.4
37553.212
37630.5
37653.2
38153.3
38287.6
38575.6
38616.6
38653.1
39609.4
39639.5
39709.6
40432.4
40433.212
40506.5
40533.2
40837.4
40969.5
41033.3
41476.6
41533.1
41766.6
42408.4
42409.212
42509.2
42552.5
42916.4
42961.5
43009.3
43509.1
44083.6
44773.4
44774.212
44872.5
44874.2
45374.3
45874.1
47069.4
47140.5
47221.6
47887.4
47888.212
47961.5
47988.2
48488.3
48562.4
48633.5
48838.4
48918.5
48988.1
49035.6
49781.4
49782.212
49882.2
49945.5
50253.6
50382.3
50882.1
51087.4
51184.5
51440.6
52212.4
52213.212
52313.2
52344.5
52740.4
52813.3
52930.5
53103.6
53313.1
53985.6
54595.4
54596.212
54692.5
54696.2
55196.3
55696.1
58773.6
59358.211
59358.4
59359.1
59428.5
59496.6
60281.4
60282.212
60366.5
60382.2
60882.3
60937.4
61016.5
61126.6
61275.6
61382.1
62421.4
62446.5
62507.6
63370.4
63371.212
63471.2
63500.5
63971.3
64471.1
65567.4
65631.5
65858.6
66532.4
66533.212
66633.2
66682.5
66806.4
67133.3
67144.5
67326.6
67633.1
67767.6
67800.6
68357.211
68357.4
68358.1
68404.5
68484.6
69395.4
69396.212
69479.5
69496.2
69996.3
70140.4
70217.5
70466.4
70496.1
70534.5
70917.6
71642.4
71643.212
71743.2
71755.5
72243.3
72732.4
72743.1
72953.5
73122.6
73874.4
73875.212
73975.2
73991.5
74475.3
74858.4
74975.1
75159.5
75318.6
76136.4
76137.212
76231.5
76237.2
76737.3
77237.1
77812.6
78362.211
78362.4
78363.1
78412.5
78480.6
79373.4
79374.212
79474.2
79475.5
79974.3
80474.1
80917.6
81802.4
81803.212
81889.5
81903.2
82403.3
82903.1
84920.4
85004.5
85013.4
85033.5
85140.6
85900.4
85901.212
86001.2
86048.5
86501.3
87001.1
87527.6
88400.4
88401.212
88495.5
88501.2
89001.3
89214.4
89271.5
89501.1
90455.6
91197.4
91198.212
91291.5
91298.2
91798.3
91833.4
91913.5
92298.1
92589.6
93246.4
93247.212
93333.5
93347.2
93847.3
94347.1
96254.4
96382.5
96505.6
97228.4
97229.212
97329.2
97364.5
97829.3
97842.4
98150.5
98254.4
98329.1
98356.5
98357.4
98365.5
98694.6
99523.4
99524.212
99624.2
99662.5
100124.3
100624.1
101062.6
101945.4
101946.212
102046.2
102108.5
102546.3
102634.4
102783.5
103037.6
103046.1
104307.6
104777.211
104777.4
104778.1
104860.5
104931.6
105705.4
105706.212
105804.5
105806.2
106306.3
106462.4
106549.5
106806.1
107057.6
107732.4
107733.212
107833.2
107856.5
108267.4
108272.5
108274.4
108333.3
108557.5
108833.1
109234.6
109737.211
109737.4
109738.1
109799.5
109866.6
110557.4
110558.212
110658.2
110676.5
111158.3
111658.1
113328.6
113886.211
113886.4
113887.1
113973.5
114040.6
114825.4
114826.212
114926.2
114929.5
115426.3
115608.4
115739.5
115926.1
116406.6
117179.4
117180.212
117273.5
117280.2
117780.3
118280.1
120188.4
120522.5
120632.6
121323.4
121324.212
121414.5
121424.2
121862.6
121879.6
121924.3
122424.1
122527.6
123223.4
123224.212
123301.5
123324.2
123824.3
124324.1
125322.4
125459.5
125465.4
125466.5
125513.4
125573.5
125668.6
128640.4
128641.212
128714.5
128741.2
129241.3
129741.1
130059.6
130980.4
130981.212
131081.2
131247.5
131581.3
132081.1
135275.4
135369.5
135489.6
135577.6
136067.211
136067.4
136068.1
136116.5
136210.6
137069.4
137070.212
137170.2
137176.5
137670.3
138170.1
138734.6
139536.4
139537.212
139543.5
139553.4
139637.2
139661.5
140137.3
140637.1
140816.6
141446.4
141447.212
141533.5
141547.2
142047.3
142547.1
142891.6
143292.211
143292.4
143293.1
143328.5
143333.4
143336.5
143522.6
143857.211
143857.4
143858.1
143936.5
144098.6
144638.211
144638.4
144639.1
144669.5
145653.6
145740.211
145740.4
145741.1
145768.5
145829.6
146510.4
146511.212
146594.5
146611.2
147111.3
147611.1
148107.6
149026.4
149027.212
149111.5
149127.2
149627.3
150127.1
151991.4
152026.5
152111.6
152960.4
152961.212
153061.2
153079.5
153427.4
153487.5
153561.3
153856.6
154061.1
155368.6
156015.4
156016.212
156116.2
156119.5
156616.3
157116.1
157321.6
157440.211
157440.4
157441.1
157495.5
157559.6
157932.211
157932.4
157933.1
157934.5
157935.4
157961.5
158054.6
158459.211
158459.4
158460.1
158491.5
158611.6
159500.4
159501.212
159601.2
159610.5
159810.4
159891.5
160007.4
160101.3
160346.5
160601.1
160705.6
161219.6
161900.4
161901.212
162001.2
162018.5
162501.3
163001.1
163240.6
163664.211
163664.4
163665.1
163722.5
163815.6
164277.211
164277.4
164278.1
164294.5
164410.6
164825.211
164825.4
164826.1
164878.5
166181.6
166245.211
166245.4
166246.1
166282.5
166395.6
167077.6
167129.4
167130.212
167230.2
167348.5
167730.3
168230.1
168539.6
168618.211
168618.4
168619.1
168641.5
168644.4
168672.5
168734.6
169663.4
169664.212
169764.2
169782.5
170227.4
170264.3
170350.5
170764.1
170857.6
171891.4
171892.212
171992.2
172154.5
172333.4
172492.3
172954.5
172992.1
173231.6
173695.6
174556.4
174557.212
174644.5
174657.2
175157.3
175208.4
175411.5
175657.1
176070.6
176795.4
176796.212
176875.5
176896.2
177362.4
177396.3
177498.5
177525.4
177613.5
177617.4
177766.5
177896.1
178049.4
178050.5
179095.6
179703.4
179704.212
179794.5
180000.9
123456789
12
14
15
12
14
15
14
FI
2
6
10
44
31
11
17
30
6
2
742
0
0
0
314159265
62
0
155
180000
314159265
0.1
817.6
872.211
872.4
873.1
893.5
954.6
1241.6
1689.4
1690.212
1776.5
1790.2
2277.4
2290.3
2394.5
2636.6
2790.1
3223.4
3286.5
3343.6
4180.4
4181.212
4281.2
4533.5
4781.3
5182.4
5221.5
5281.1
5467.6
6022.211
6022.4
6023.1
6046.5
6097.6
6878.4
6879.212
6952.5
6979.2
7377.4
7479.3
7702.5
7960.6
7979.1
8040.6
8265.211
8265.4
8266.1
8277.5
8364.6
9117.4
9118.212
9198.5
9212.4
9218.2
9315.5
9389.6
9711.6
9718.3
9934.6
10218.1
10268.6
11052.4
11053.212
11153.2
11155.5
11456.4
11556.5
11653.3
11804.6
12153.1
12287.4
12304.5
12366.6
13164.4
13165.212
13251.5
13265.2
13535.4
13638.5
13765.3
13820.6
13990.6
14017.6
14060.6
14265.1
14468.6
14497.6
15308.4
15309.212
15409.2
15463.5
15865.4
15867.5
15877.4
15878.5
15894.4
15909.3
16000.5
16130.6
16409.1
16536.6
17154.4
17155.212
17255.2
17312.5
17395.4
17449.5
17755.3
18068.6
18255.1
18317.6
18694.211
18694.4
18695.1
18724.5
18798.6
19574.4
19575.212
19675.2
19717.5
20175.3
20306.4
20502.5
20594.6
20675.1
20901.6
20957.6
21529.4
21530.212
21623.5
21630.2
22064.4
22130.3
22264.5
22465.6
22585.6
22630.1
22718.6
23391.4
23392.212
23480.5
23492.2
23992.3
24068.4
24163.5
24492.1
24586.6
25002.211
25002.4
25003.1
25034.5
25101.6
25895.4
25896.212
25996.2
26032.5
26496.3
26996.1
28987.6
29605.4
29606.212
29706.2
29737.5
29988.4
30098.5
30206.3
30341.6
30538.6
30706.1
31504.4
31535.5
31614.6
32442.4
32443.212
32519.5
32543.2
32833.4
33043.3
33123.5
33379.6
33543.1
33884.6
34467.211
34467.4
34468.1
34504.5
34570.6
35265.4
35266.212
35352.5
35366.2
35866.3
36366.1
38299.4
38397.5
38504.6
39396.4
39397.212
39471.5
39497.2
39997.3
40497.1
40705.4
40856.5
40953.6
41435.211
41435.4
41436.1
41460.5
41520.6
42127.4
42128.212
42200.5
42228.2
42728.3
42838.6
43228.1
43286.6
43861.211
43861.4
43862.1
43903.5
43965.6
44899.4
44900.212
44993.5
45000.2
45500.3
45571.4
45792.5
46000.1
46303.6
46968.4
46969.212
47069.2
47095.5
47569.3
48069.1
49073.6
49580.211
49580.4
49581.1
49612.5
49676.6
50555.4
50556.212
50653.5
50656.2
51058.4
51129.5
51156.3
51656.1
51657.6
52386.4
52387.212
52482.5
52487.2
52746.4
52846.5
52987.3
53487.1
53921.6
54574.4
54575.212
54650.5
54675.2
55175.3
55325.4
55470.5
55675.1
55808.6
56194.211
56194.4
56195.1
56254.5
56316.6
57056.4
57057.212
57157.2
57172.5
57657.3
58157.1
60239.4
60507.5
60614.6
61245.4
61246.212
61346.2
61371.5
61846.3
62346.1
62368.6
63110.4
63111.212
63193.5
63211.2
63711.3
64211.1
65224.4
65375.5
65381.4
65402.5
65478.6
65551.6
66111.4
66112.212
66212.2
66216.5
66643.4
66712.3
66777.5
67072.6
67212.1
67559.6
68235.4
68236.212
68310.5
68336.2
68836.3
68997.4
69121.5
69336.1
70401.6
70975.211
70975.4
70976.1
71027.5
71110.6
71891.4
71892.212
71988.5
71992.2
72492.3
72992.1
73013.4
73015.5
73017.4
73019.5
73025.4
73260.5
73474.6
74138.4
74139.212
74239.2
74240.5
74739.3
74974.4
75086.5
75239.1
75679.4
75783.5
76126.4
76268.5
76461.6
76572.6
77214.4
77215.212
77315.2
77536.5
77718.6
77815.3
78072.6
78315.1
78647.6
78709.211
78709.4
78710.1
78733.5
78806.6
79436.4
79437.212
79537.2
79597.5
80037.3
80537.1
80670.6
80724.211
80724.4
80725.1
80742.5
80810.6
81557.4
81558.212
81643.5
81658.2
82020.4
82076.5
82158.3
82382.4
82390.5
82627.6
82658.1
82992.6
83040.6
83612.4
83613.212
83698.5
83713.2
84213.3
84713.1
85337.4
85362.5
85426.6
86107.4
86108.212
86208.2
86313.5
86708.3
87113.6
87208.1
88606.6
88666.211
88666.4
88667.1
88679.5
88748.6
89394.4
89395.212
89495.2
89498.5
89995.3
90495.1
90795.6
91546.4
91547.212
91647.2
91666.5
92147.3
92647.1
92884.6
93679.4
93680.212
93770.5
93780.2
94173.4
94231.5
94280.3
94670.6
94780.1
94843.6
95542.4
95543.212
95629.5
95643.2
96143.3
96643.1
96846.6
97565.4
97566.212
97647.5
97666.2
98166.3
98666.1
100514.6
101091.211
101091.4
101092.1
101139.5
101376.6
102108.4
102109.212
102196.5
102209.2
102548.4
102679.5
102709.3
103209.1
103336.6
104093.4
104094.212
104168.5
104194.2
104694.3
104883.4
104953.5
105194.1
105856.6
106717.4
106718.212
106804.5
106818.2
107167.4
107246.5
107318.3
107440.4
107547.5
107577.4
107635.5
107646.4
107757.5
107818.1
107880.6
108697.4
108698.212
108776.5
108798.2
109298.3
109798.1
109941.6
110568.4
110569.212
110645.5
110669.2
111169.3
111669.1
111920.6
112707.4
112708.212
112774.5
112808.2
113024.4
113286.5
113308.3
113808.1
114141.6
114832.4
114833.212
114933.2
114942.5
115352.4
115433.3
115579.5
115933.1
116140.6
116774.4
116775.212
116853.5
116875.2
117375.3
117513.4
117632.5
117875.1
118057.6
118757.4
118758.212
118830.5
118858.2
119358.3
119542.4
119628.5
119858.1
120920.6
121531.4
121532.212
121630.5
121632.2
121931.4
122132.3
122177.5
122632.1
122666.4
122688.5
122789.6
123462.4
123463.212
123563.2
123563.5
124063.3
124563.1
125926.4
126027.5
126129.6
126817.4
126818.212
126918.2
126922.5
127418.3
127494.4
127630.5
127918.1
128099.6
128125.6
128745.4
128746.212
128828.5
128846.2
129346.3
129846.1
130239.4
130251.5
131583.6
132303.4
132304.212
132404.2
132413.5
132866.4
132904.3
133009.5
133404.1
133584.6
134356.4
134357.212
134457.2
134573.5
134957.3
135279.4
135390.5
135457.1
136902.6
137454.211
137454.4
137455.1
137508.5
137582.6
138377.4
138378.212
138478.2
138492.5
138978.3
139478.1
139585.6
140101.211
140101.4
140102.1
140159.5
140281.6
140766.211
140766.4
140767.1
140832.5
141733.6
141903.211
141903.4
141904.1
141946.5
142231.6
142985.4
142986.212
143086.2
143110.5
143586.3
144086.1
144424.4
144432.5
144614.6
144898.6
144954.211
144954.4
144955.1
144983.5
145109.6
145571.211
145571.4
145572.1
145598.5
146546.6
147084.211
147084.4
147085.1
147108.5
148942.6
149420.211
149420.4
149421.1
149441.5
149546.6
150430.4
150431.212
150531.2
150584.5
151031.3
151531.1
151946.6
152688.4
152689.212
152781.5
152789.2
153289.3
153789.1
154000.6
154659.4
154660.212
154743.5
154760.2
155260.3
155281.4
155431.5
155760.1
156035.6
156709.4
156710.212
156810.2
156813.5
157310.3
157810.1
158383.4
158403.5
159868.4
159881.5
161632.4
161636.5
167233.6
167743.211
167743.4
167744.1
167798.5
167884.6
168419.211
168419.4
168420.1
168499.5
171725.6
173035.4
173036.212
173136.2
173146.5
173636.3
173838.4
173839.5
173842.4
174114.5
174136.1
174770.6
175503.4
175504.212
175604.2
175646.5
175952.4
176007.5
176104.3
176575.4
176604.1
176734.5
177117.6
177522.211
177522.4
177523.1
177565.5
178100.6
178645.211
178645.4
178646.1
178677.5
178825.6
179261.6
179365.211
179365.4
179366.1
179398.5
180000.9
123456789
12
15
15
12
15
15
14
FI
2
6
10
48
16
11
21
16
6
2
664
0
0
0
314159265
59
0
138
180000
314159265
0.1
1076.6
1386.211
1386.4
1387.1
1402.5
1459.6
2110.4
2111.212
2192.5
2211.2
2711.3
2766.4
2796.5
3211.1
3376.6
3947.211
3947.4
3948.1
4028.5
4083.6
4985.4
4986.212
5073.5
5086.2
5225.4
5285.5
5586.3
6086.1
6195.6
6945.6
7581.4
7582.212
7676.5
7682.2
8182.3
8617.6
8682.1
8698.6
9372.4
9373.212
9456.5
9473.2
9973.3
10254.4
10321.5
10473.1
10592.6
10615.6
11231.4
11232.212
11330.5
11332.2
11582.4
11645.5
11832.3
11844.4
11952.5
12332.1
12334.6
12390.6
12440.6
13071.4
13072.212
13172.2
13257.5
13573.4
13598.5
13672.3
13914.6
14172.1
14590.6
15069.211
15069.4
15070.1
15181.5
15240.6
15988.4
15989.212
16075.5
16089.2
16470.4
16528.5
16589.3
17089.1
17864.6
18122.211
18122.4
18123.1
18144.5
18195.6
18957.4
18958.212
19057.5
19058.2
19558.3
19676.6
20058.1
20237.6
20791.211
20791.4
20792.1
20816.5
20876.6
21499.4
21500.212
21579.5
21600.2
22100.3
22600.1
23552.4
23591.5
23661.6
23771.6
24058.6
24595.4
24596.212
24686.5
24696.2
25196.3
25585.6
25696.1
26171.6
26742.211
26742.4
26743.1
26777.5
27623.6
28122.211
28122.4
28123.1
28152.5
28207.6
28856.4
28857.212
28937.5
28957.2
29457.3
29957.1
30230.6
30871.4
30872.212
30960.5
30972.2
31472.3
31972.1
32555.6
33115.211
33115.4
33116.1
33140.5
33196.6
33909.4
33910.212
34010.2
34013.5
34510.3
35010.1
35251.4
35260.5
35325.6
36008.4
36009.212
36109.2
36148.5
36609.3
37109.1
37469.6
38145.4
38146.212
38220.5
38246.2
38624.4
38746.3
38832.5
39246.1
39944.6
40586.4
40587.212
40687.2
40733.5
40863.4
40909.5
41187.3
41205.4
41207.5
41209.4
41533.5
41687.1
42574.6
43112.211
43112.4
43113.1
43189.5
43257.6
44023.4
44024.212
44122.5
44124.2
44624.3
44654.4
44730.5
45022.4
45124.1
45482.5
46064.6
46552.211
46552.4
46553.1
46571.5
46629.6
47464.4
47465.212
47544.5
47565.2
47893.4
48027.5
48065.3
48557.4
48565.1
48816.5
49108.6
49732.4
49733.212
49830.5
49833.2
50333.3
50598.4
50642.5
50833.1
51205.6
51898.4
51899.212
51999.2
52039.5
52499.3
52540.4
52555.5
52559.4
52561.5
52562.4
52624.5
52999.1
54057.4
54068.5
54082.4
54169.5
54284.6
55013.4
55014.212
55107.5
55114.2
55496.4
55556.5
55614.3
56114.1
56934.4
56958.5
57018.6
57661.4
57662.212
57762.2
57798.5
58262.3
58762.1
59520.4
59533.5
60161.4
60463.5
60660.4
60832.5
61192.6
61345.6
61565.211
61565.4
61566.1
61648.5
61746.6
62299.211
62299.4
62300.1
62346.5
62452.6
63176.4
63177.212
63268.5
63277.2
63777.3
64221.4
64262.5
64277.1
64981.6
65744.4
65745.212
65833.5
65845.2
66345.3
66845.1
69182.6
69854.4
69855.212
69955.2
69976.5
70455.3
70955.1
74198.6
74548.211
74548.4
74549.1
74570.5
74632.6
75254.4
75255.212
75355.2
75366.5
75855.3
76355.1
78774.6
79426.4
79427.212
79511.5
79527.2
79808.4
79810.5
79817.4
79906.5
80027.3
80337.6
80527.1
82984.6
83046.211
83046.4
83047.1
83093.5
83096.4
83178.5
83266.6
83898.4
83899.212
83999.2
84043.5
84499.3
84999.1
85621.6
86182.211
86182.4
86183.1
86309.5
86962.6
87358.211
87358.4
87359.1
87391.5
87475.6
88131.4
88132.212
88213.5
88232.2
88732.3
88818.4
88993.5
89232.1
89363.6
90261.4
90262.212
90353.5
90362.2
90592.4
90782.5
90862.3
91261.6
91362.1
91784.6
92626.4
92627.212
92727.2
92729.5
93227.3
93255.4
93447.5
93727.1
94564.6
95409.4
95410.212
95510.2
95510.5
96010.3
96510.1
100821.6
101413.211
101413.4
101414.1
101475.5
101772.6
102629.4
102630.212
102722.5
102730.2
103230.3
103389.4
103730.1
103832.5
103980.6
104887.4
104888.212
104980.5
104988.2
105380.4
105440.5
105488.3
105618.4
105777.5
105988.1
106861.6
107588.4
107589.212
107676.5
107689.2
108189.3
108689.1
110811.4
110834.5
110920.6
111606.4
111607.212
111707.2
111727.5
112207.3
112707.1
112912.6
113591.4
113592.212
113692.2
113742.5
114192.3
114692.1
116306.4
116330.5
116953.6
117557.4
117558.212
117639.5
117658.2
118158.3
118658.1
119142.6
119979.4
119980.212
120073.5
120080.2
120580.3
120833.4
120945.5
121080.1
121222.6
121930.4
121931.212
122031.2
122038.5
122531.3
122849.4
122960.5
123031.1
123498.6
124282.4
124283.212
124383.2
124407.5
124859.4
124883.3
125036.5
125262.6
125383.1
125398.6
126261.4
126262.212
126347.5
126362.2
126862.3
126894.4
127058.5
127362.1
128533.6
129067.211
129067.4
129068.1
129130.5
129242.6
129306.6
129966.4
129967.212
130052.5
130067.2
130567.3
131067.1
131262.4
131307.5
131428.6
132230.4
132231.212
132331.2
132424.5
132831.3
133331.1
133780.6
134561.4
134562.212
134654.5
134662.2
135162.3
135662.1
138050.4
138079.5
138163.6
138914.4
138915.212
139009.5
139015.2
139515.3
140015.1
140257.6
141134.4
141135.212
141213.5
141235.2
141735.3
142235.1
142639.6
142799.6
143358.4
143359.212
143440.5
143459.2
143959.3
144459.1
144750.6
145534.4
145535.212
145627.5
145635.2
146071.4
146135.3
146275.5
146589.4
146615.5
146616.4
146617.5
146619.4
146624.5
146635.1
146637.4
146806.5
147240.6
147903.4
147904.212
148004.2
148037.5
148504.3
149004.1
151983.4
151987.5
151994.4
152138.5
152550.6
153126.211
153126.4
153127.1
153162.5
153304.6
153898.211
153898.4
153899.1
153939.5
154031.6
154788.4
154789.212
154889.2
154891.5
155389.3
155889.1
156384.6
156869.211
156869.4
156870.1
156902.5
157017.6
157914.4
157915.212
158015.2
158056.5
158515.3
159015.1
159532.6
160046.211
160046.4
160047.1
160067.5
160192.6
160971.4
160972.212
161072.2
161101.5
161572.3
162072.1
162837.6
163212.6
163892.4
163893.212
163993.2
164047.5
164493.3
164993.1
165622.6
166850.4
166851.212
166951.2
166987.5
167388.4
167398.5
167404.4
167451.3
167687.5
167951.1
168272.6
168643.6
169362.4
169363.212
169458.5
169463.2
169750.4
169830.5
169963.3
170377.6
170463.1
170719.6
171259.211
171259.4
171260.1
171315.5
171393.6
172208.4
172209.212
172309.2
172344.5
172809.3
173309.1
175112.6
175738.4
175739.212
175815.5
175839.2
176339.3
176644.6
176839.1
176901.6
177563.4
177564.212
177664.2
177755.5
178164.3
178664.1
180000.9
123456789
12
16
15
12
16
15
14
FI
2
6
10
50
03
11
23
03
6
2
710
0
0
0
314159265
64
0
148
180000
314159265
0.1
606.6
1224.4
1225.212
1325.2
1371.5
1672.4
1786.5
1825.3
2276.6
2325.1
2590.6
3181.211
3181.4
3182.1
3204.5
3285.6
4148.4
4149.212
4233.5
4249.2
4671.4
4724.5
4749.3
5073.6
5249.1
5610.6
6340.4
6341.212
6429.5
6441.2
6939.4
6941.3
7132.5
7441.1
7484.6
7499.6
7534.6
8245.4
8246.212
8251.5
8257.4
8346.2
8374.5
8846.3
8942.4
9329.5
9346.1
9451.6
9712.6
10343.4
10344.212
10444.2
10668.5
10940.6
10944.3
11159.6
11189.6
11444.1
11505.6
12358.4
12359.212
12443.5
12459.2
12675.4
12758.5
12959.3
13365.4
13459.1
13510.5
13819.6
14977.4
14978.212
15057.5
15078.2
15578.3
16078.1
17349.4
17387.5
18248.6
18965.4
18966.212
19043.5
19066.2
19356.4
19544.5
19566.3
19745.6
20066.1
20228.6
20916.4
20917.212
21009.5
21017.2
21517.3
21954.6
22017.1
22735.4
22763.5
22838.6
23497.4
23498.212
23598.2
23601.5
24018.4
24067.5
24098.3
24598.1
24972.6
25655.4
25656.212
25749.5
25756.2
26256.3
26347.6
26629.6
26756.1
27067.6
27792.4
27793.212
27881.5
27893.2
28349.4
28393.3
28406.5
28593.4
28780.5
28893.1
29050.6
30017.4
30018.212
30100.5
30118.2
30341.4
30618.3
30675.5
30962.6
31118.1
31519.6
32175.4
32176.212
32256.5
32276.2
32776.3
32853.4
33005.5
33276.1
33311.6
34204.4
34205.212
34305.2
34310.5
34805.3
34853.4
35092.5
35305.1
35345.6
36171.4
36172.212
36272.2
36320.5
36610.4
36611.5
36617.4
36641.5
36772.3
36892.6
37104.6
37272.1
37345.6
37375.6
37981.4
37982.212
38082.2
38113.5
38582.3
39082.1
39369.6
40053.4
40054.212
40154.2
40326.5
40449.4
40622.5
40654.3
41021.6
41038.6
41154.1
41259.6
41954.4
41955.212
41955.5
41957.4
42055.2
42074.5
42500.4
42555.3
42621.5
42938.6
43055.1
43412.6
44134.4
44135.212
44235.2
44244.5
44735.3
44979.6
45192.6
45235.1
45491.6
46039.211
46039.4
46040.1
46138.5
46204.6
46928.4
46929.212
47026.5
47029.2
47529.3
47735.6
47917.6
48029.1
48107.6
48727.4
48728.212
48817.5
48828.2
49300.4
49328.3
49348.5
49669.4
49718.5
49828.1
50172.6
50214.6
50789.4
50790.212
50890.2
50896.5
51390.3
51604.4
51613.5
51889.6
51890.1
52585.6
53148.211
53148.4
53149.1
53182.5
53254.6
54073.4
54074.212
54171.5
54174.2
54674.3
55174.1
56012.6
56729.4
56730.212
56830.2
56871.5
57330.3
57830.1
58152.6
58255.6
58856.4
58857.212
58957.2
58968.5
59457.3
59700.4
59957.1
60023.5
60173.6
60890.4
60891.212
60979.5
60991.2
61253.4
61257.5
61265.4
61309.5
61491.3
61846.4
61899.5
61991.1
62127.6
62654.211
62654.4
62655.1
62683.5
62756.6
63405.4
63406.212
63495.5
63506.2
64006.3
64506.1
65713.4
65720.5
65721.4
65722.5
65724.4
65876.5
66015.6
67542.4
67543.212
67619.5
67643.2
67812.4
67854.5
68143.3
68643.1
68679.4
68782.5
69333.6
70035.6
70606.4
70607.212
70689.5
70707.2
71207.3
71282.4
71298.5
71303.4
71305.5
71330.4
71391.5
71707.1
72187.6
72441.6
73026.4
73027.212
73108.5
73127.2
73627.3
74127.1
75463.4
75563.5
75957.6
76541.211
76541.4
76542.1
76629.5
76734.6
77429.4
77430.212
77522.5
77530.2
77655.4
78030.3
78190.5
78319.6
78530.1
78597.6
79544.4
79545.212
79624.5
79645.2
80145.3
80645.1
82398.4
82605.5
83113.6
83649.211
83649.4
83650.1
83718.5
83806.6
84556.4
84557.212
84657.2
84716.5
84782.4
84863.5
85157.3
85337.4
85657.1
85939.5
86043.6
86724.4
86725.212
86825.2
86878.5
87325.3
87825.1
89444.4
89445.5
89446.4
89545.5
89672.6
89795.6
89947.6
90340.4
90341.212
90441.2
90463.5
90830.4
90841.5
90846.4
90941.3
90948.5
91441.1
91804.6
92344.211
92344.4
92345.1
92373.5
92485.6
93256.4
93257.212
93357.2
93382.5
93857.3
94357.1
96819.4
96878.5
96979.6
97654.4
97655.212
97755.2
98049.5
98255.3
98591.6
98755.1
98869.6
99496.4
99497.212
99580.5
99597.2
99715.4
99776.5
100097.3
100430.4
100528.5
100597.1
103482.6
104242.4
104243.212
104331.5
104343.2
104601.4
104660.5
104843.3
104985.4
105011.5
105012.4
105016.5
105017.4
105054.5
105343.1
105472.6
106416.4
106417.212
106500.5
106517.2
106830.4
107017.3
107051.5
107218.6
107467.6
107517.1
107803.4
107902.5
108031.6
108697.4
108698.212
108798.2
108839.5
109298.3
109798.1
109977.6
110712.4
110713.212
110807.5
110813.2
111313.3
111813.1
112756.4
112793.5
113180.6
113258.6
113878.4
113879.212
113979.2
114022.5
114479.3
114630.4
114747.5
114979.1
115508.6
116117.4
116118.212
116215.5
116218.2
116718.3
116732.4
116829.5
117218.1
117366.6
117787.211
117787.4
117788.1
117816.5
117930.6
118762.4
118763.212
118863.2
118953.5
119363.3
119863.1
120125.6
120894.4
120895.212
120977.5
120995.2
121257.4
121344.5
121495.3
121995.1
122218.6
122951.4
122952.212
123027.5
123052.2
123552.3
123657.4
123887.5
124052.1
124168.6
124757.211
124757.4
124758.1
124818.5
124881.6
124958.6
125703.4
125704.212
125784.5
125804.2
126304.3
126804.1
127690.4
127752.5
127849.6
128432.211
128432.4
128433.1
128455.5
128528.6
129121.211
129121.4
129122.1
129153.5
129216.6
129934.4
129935.212
130028.5
130035.2
130535.3
131035.1
131235.6
131919.4
131920.212
132020.2
132036.5
132520.3
132830.6
133009.6
133020.1
133199.6
133833.4
133834.212
133916.5
133934.2
134152.4
134203.5
134434.3
134934.1
136354.6
136960.4
136961.212
137045.5
137061.2
137561.3
137606.4
138040.5
138061.1
138242.6
138464.6
139184.4
139185.212
139277.5
139285.2
139785.3
139964.4
140207.5
140285.1
140685.6
141180.211
141180.4
141181.1
141207.5
141394.6
141977.211
141977.4
141978.1
142005.5
142025.4
142068.5
142508.6
143172.6
143751.4
143752.212
143852.2
143861.5
144235.4
144352.3
144406.5
144852.1
145143.6
146159.4
146160.212
146232.5
146260.2
146760.3
147260.1
148773.4
148819.5
149084.6
149615.211
149615.4
149616.1
149647.5
149726.6
150415.4
150416.212
150489.5
150516.2
151016.3
151516.1
151770.6
152175.6
152857.4
152858.212
152947.5
152958.2
153458.3
153958.1
156600.6
157737.4
157738.212
157824.5
157838.2
158338.3
158838.1
159206.6
159907.6
160521.4
160522.212
160622.2
160641.5
160921.4
161025.5
161122.3
161622.1
163234.6
163766.211
163766.4
163767.1
163879.5
163996.6
164752.4
164753.212
164853.2
164871.5
165353.3
165853.1
168433.4
168525.5
168628.6
170089.4
170090.212
170190.2
170198.5
170690.3
171190.1
175188.6
175277.6
175878.4
175879.212
175979.2
176012.5
176479.3
176979.1
177220.6
177602.211
177602.4
177603.1
177632.5
177720.6
178232.6
179136.4
179137.212
179237.2
179239.5
180000.9
123456789
12
17
15
12
17
15
14
FI
2
6
10
48
00
11
21
00
6
2
687
0
0
0
314159265
64
0
145
180000
314159265
0.1
1.4
68.5
207.6
695.211
695.4
696.1
711.5
969.6
1839.4
1840.212
1940.2
2002.5
2126.4
2137.5
2183.4
2336.5
2440.3
2686.6
2908.6
2940.1
2955.6
3593.4
3594.212
3689.5
3694.2
4031.4
4194.3
4196.5
4571.6
4613.6
4694.1
5028.6
5736.4
5737.212
5825.5
5837.2
6337.3
6364.4
6377.5
6378.4
6385.5
6394.4
6571.5
6837.1
6963.6
6999.6
7563.211
7563.4
7564.1
7646.5
7709.6
8334.4
8335.212
8435.2
8445.5
8660.4
8910.5
8935.3
9071.6
9419.6
9435.1
9892.6
10684.4
10685.212
10784.5
10785.2
11035.4
11138.5
11285.3
11488.6
11709.6
11785.1
12358.4
12361.5
12443.6
13156.4
13157.212
13257.2
13278.5
13719.4
13757.3
13927.5
14257.1
14367.6
14654.211
14654.4
14655.1
14674.5
14739.6
15369.4
15370.212
15470.2
15474.5
15970.3
16470.1
17318.4
17415.5
18297.6
18843.211
18843.4
18844.1
18872.5
18945.6
19616.4
19617.212
19717.2
19719.5
20217.3
20717.1
20936.6
21323.6
21806.4
21807.212
21902.5
21907.2
22407.3
22907.1
23112.4
23134.5
23148.4
23150.5
23167.4
23265.5
23777.6
24268.6
24748.4
24749.212
24835.5
24849.2
25328.4
25349.3
25399.5
25705.4
25800.5
25849.1
26031.6
26076.6
26709.4
26710.212
26781.5
26810.2
27310.3
27314.4
27432.5
27810.1
27954.6
28759.4
28760.212
28843.5
28860.2
29293.4
29360.3
29380.5
29860.1
29890.6
30063.6
30751.4
30752.212
30852.2
30904.5
31352.3
31852.1
31904.6
32682.4
32683.212
32783.2
32795.5
33283.3
33783.1
35477.6
35803.6
36467.4
36468.212
36568.2
36636.5
37068.3
37374.4
37568.1
37788.5
38014.6
38913.4
38914.212
38983.5
39014.2
39514.3
40014.1
41271.6
41846.211
41846.4
41847.1
41958.5
42028.6
42861.4
42862.212
42943.5
42962.2
43462.3
43865.6
43962.1
44060.6
44839.4
44840.212
44940.2
44968.5
45439.6
45440.3
45940.1
46011.6
46888.4
46889.212
46973.5
46989.2
47489.3
47989.1
50512.4
50606.5
50711.6
50950.6
51465.4
51466.212
51566.2
51579.5
52066.3
52204.4
52392.5
52566.1
52694.6
53283.211
53283.4
53284.1
53355.5
53437.6
54308.4
54309.212
54387.5
54409.2
54909.3
55409.1
55760.6
56066.211
56066.4
56067.1
56086.5
56129.4
56137.5
56208.6
57076.4
57077.212
57160.5
57177.2
57677.3
58177.1
59831.4
59952.5
60094.6
61039.4
61040.212
61123.5
61140.2
61640.3
61643.4
62031.5
62140.1
62253.6
63212.4
63213.212
63299.5
63313.2
63813.3
64313.1
65250.4
65405.5
65533.6
65672.6
66324.4
66325.212
66415.5
66425.2
66925.3
67260.4
67425.1
67511.5
67814.6
68017.6
68637.4
68638.212
68719.5
68738.2
69238.3
69265.4
69433.5
69704.6
69738.1
69897.6
70649.4
70650.212
70744.5
70750.2
71250.3
71581.6
71750.1
71899.6
72636.4
72637.212
72737.2
72753.5
73235.4
73237.3
73286.5
73727.4
73732.5
73737.1
73767.4
73864.5
74386.6
75201.4
75202.212
75286.5
75302.2
75802.3
76302.1
77771.6
78185.211
78185.4
78186.1
78221.5
78327.6
79172.4
79173.212
79273.2
79285.5
79773.3
80170.4
80273.1
80320.5
80589.6
81432.4
81433.212
81533.2
81533.5
82033.3
82533.1
82938.6
83278.211
83278.4
83279.1
83341.5
83438.6
84296.4
84297.212
84381.5
84397.2
84643.4
84709.5
84864.4
84897.3
85122.5
85397.1
86010.6
87471.4
87472.212
87552.5
87572.2
87695.4
87742.5
88072.3
88572.1
88728.4
88838.5
89257.6
89938.4
89939.212
90039.2
90057.5
90412.4
90539.3
91039.1
91418.5
91435.4
91451.5
91567.6
92546.4
92547.212
92625.5
92647.2
93147.3
93628.4
93647.1
94033.5
94264.6
95147.4
95148.212
95248.2
95258.5
95748.3
96248.1
96477.6
97184.4
97185.212
97285.2
97285.5
97394.6
97785.3
98008.6
98269.6
98285.1
98542.6
99303.4
99304.212
99371.5
99404.2
99904.3
100404.1
101883.4
101969.5
102659.6
103271.4
103272.212
103353.5
103372.2
103737.4
103811.5
103872.3
104372.1
104450.6
105511.4
105512.212
105605.5
105612.2
106112.3
106612.1
108450.4
108664.5
108760.6
109656.4
109657.212
109757.2
109813.5
110257.3
110563.4
110701.5
110757.1
110984.6
111859.4
111860.212
111960.2
111969.5
112460.3
112592.4
112733.5
112929.6
112960.1
113278.6
114179.4
114180.212
114278.5
114280.2
114780.3
115280.1
116858.6
117664.4
117665.212
117739.5
117765.2
118083.4
118143.5
118228.4
118265.3
118335.5
118765.1
118929.6
119364.6
120008.4
120009.212
120109.2
120134.5
120609.3
121109.1
122527.4
122712.5
122801.6
123509.4
123510.212
123607.5
123610.2
123853.4
123894.5
124110.3
124610.1
124868.6
125076.211
125076.4
125077.1
125078.5
125079.4
125098.5
125171.6
125512.211
125512.4
125513.1
125536.5
125642.6
126429.4
126430.212
126511.5
126530.2
127030.3
127530.1
128064.6
128225.211
128225.4
128226.1
128262.5
128474.6
129135.4
129136.212
129220.5
129236.2
129736.3
130236.1
130441.6
130915.211
130915.4
130916.1
130942.5
131070.6
131807.4
131808.212
131908.2
131928.5
132408.3
132441.4
132528.5
132757.4
132908.1
132958.5
133193.6
134849.4
134850.212
134933.5
134950.2
135237.4
135438.5
135450.3
135950.1
136107.6
136130.6
136287.211
136287.4
136288.1
136374.5
136629.6
137506.4
137507.212
137607.2
137609.5
138107.3
138607.1
140282.4
140354.5
140477.6
141210.4
141211.212
141311.2
141333.5
141811.3
142311.1
142520.6
143181.4
143182.212
143273.5
143282.2
143782.3
144282.1
144519.4
144586.5
144701.6
145412.4
145413.212
145486.5
145513.2
145976.4
146013.3
146285.5
146513.1
147872.4
147874.5
148010.6
148755.4
148756.212
148856.2
148866.5
149070.4
149147.5
149356.3
149570.6
149856.1
150659.6
151397.4
151398.212
151498.2
151535.5
151998.3
152498.1
152808.6
153537.4
153538.212
153609.5
153638.2
154138.3
154399.4
154437.5
154638.1
159000.6
159609.4
159610.212
159700.5
159710.2
159974.4
160182.5
160210.3
160710.1
160992.6
161871.4
161872.212
161972.2
161985.5
162472.3
162972.1
163377.6
164352.4
164353.212
164453.2
164498.5
164953.3
165097.6
165453.1
166034.6
166712.4
166713.212
166813.2
166826.5
167313.3
167813.1
169536.4
169588.5
169591.4
169649.5
170415.6
170630.211
170630.4
170631.1
170638.5
171740.4
171767.5
172091.6
172714.4
172715.212
172796.5
172815.2
173281.4
173315.3
173378.5
173815.1
174080.6
174722.4
174723.212
174823.2
174829.5
175323.3
175800.4
175823.1
175878.5
177106.4
177136.5
177365.6
178403.4
178404.212
178502.5
178504.2
178625.4
178693.5
179004.3
180000.9
123456789
12
18
15
12
18
15
14
FI
2
6
10
50
02
11
23
02
6
2
759
0
0
0
314159265
68
0
155
180000
314159265
0.1
453.6
1106.4
1107.212
1178.5
1207.2
1644.4
1707.3
1734.5
2207.1
2511.6
3297.4
3298.212
3398.2
3406.5
3898.3
3981.4
4013.5
4095.6
4398.1
4654.6
5343.4
5344.212
5437.5
5444.2
5493.4
5587.5
5931.4
5944.3
5991.5
6070.6
6444.1
6522.6
7089.211
7089.4
7090.1
7168.5
7225.6
7920.4
7921.212
7997.5
8021.2
8175.4
8188.5
8208.4
8521.3
8598.5
8862.6
9021.1
9224.6
9506.211
9506.4
9507.1
9540.5
9605.6
10270.4
10271.212
10371.2
10422.5
10871.3
11038.4
11057.5
11371.1
11379.6
11408.6
11448.6
11964.211
11964.4
11965.1
11990.5
12047.6
12733.4
12734.212
12828.5
12834.2
13334.3
13628.6
13834.1
13939.6
14008.6
14041.6
14569.4
14570.212
14670.2
14673.5
15170.3
15635.4
15667.5
15670.1
15756.6
16577.4
16578.212
16678.2
16689.5
17178.3
17354.4
17596.5
17678.1
17865.6
18366.211
18366.4
18367.1
18424.5
18486.6
19214.4
19215.212
19315.2
19409.5
19815.3
20110.6
20254.6
20315.1
20769.6
21029.211
21029.4
21030.1
21061.5
21117.6
21822.4
21823.212
21923.2
22005.5
22423.3
22695.6
22923.1
22923.6
22958.6
23219.6
23884.4
23885.212
23984.5
23985.2
24485.3
24985.1
25986.4
26192.5
26286.6
26889.4
26890.212
26969.5
26990.2
27490.3
27751.4
27852.5
27990.1
28143.6
28685.211
28685.4
28686.1
29019.5
29153.6
29831.4
29832.212
29932.2
29932.5
30432.3
30716.6
30932.1
31063.6
31905.4
31906.212
32006.2
32020.5
32506.3
33006.1
33220.4
33491.5
33577.6
34025.211
34025.4
34026.1
34063.5
34129.6
34877.4
34878.212
34978.2
34985.5
35280.4
35478.3
35548.5
35687.4
35789.5
35795.4
35796.5
35978.1
35994.6
36334.6
36681.4
36682.212
36782.2
36801.5
37269.4
37281.5
37282.3
37560.6
37716.6
37738.6
37782.1
37954.6
39046.6
39605.4
39606.212
39706.2
39738.5
40206.3
40706.1
41519.6
42091.211
42091.4
42092.1
42149.5
42206.6
42916.4
42917.212
43017.2
43021.5
43517.3
44017.1
44182.6
44700.211
44700.4
44701.1
44757.5
44818.6
45506.4
45507.212
45607.2
45610.5
46107.3
46587.6
46607.1
47020.6
47602.211
47602.4
47603.1
47633.5
47697.6
48408.4
48409.212
48487.5
48509.2
48663.4
48726.5
49009.3
49509.1
49514.4
49800.5
49948.6
50788.4
50789.212
50889.2
50921.5
51389.3
51889.1
52802.4
52944.5
53028.6
53743.4
53744.212
53844.2
53899.5
54344.3
54463.6
54679.6
54844.1
55758.4
55783.5
55850.6
56548.4
56549.212
56649.2
56659.5
57149.3
57628.4
57649.1
57838.5
57966.6
58693.4
58694.212
58773.5
58794.2
59294.3
59301.4
59302.5
59303.4
59304.5
59312.4
59348.5
59794.1
60088.4
60113.5
60322.6
61112.4
61113.212
61195.5
61213.2
61543.4
61713.3
61818.5
61987.6
62156.6
62213.1
62536.6
63257.4
63258.212
63351.5
63358.2
63858.3
64031.4
64354.5
64358.1
64529.6
65178.4
65179.212
65257.5
65279.2
65779.3
66132.4
66216.5
66279.1
66515.6
67215.4
67216.212
67309.5
67316.2
67816.3
68316.1
69426.4
69475.5
69583.6
70171.211
70171.4
70172.1
70215.5
70282.6
71049.4
71050.212
71128.5
71150.2
71650.3
72150.1
72431.6
72940.6
73496.4
73497.212
73581.5
73597.2
73877.4
74097.3
74311.5
74440.6
74597.1
74696.6
74792.6
75289.211
75289.4
75290.1
75322.5
75386.6
76136.4
76137.212
76229.5
76237.2
76737.3
77237.1
78669.6
79276.4
79277.212
79377.2
79437.5
79877.3
80377.1
80518.6
81432.4
81433.212
81533.2
81537.5
82033.3
82533.1
83337.4
83475.5
83582.6
84301.4
84302.212
84388.5
84402.2
84902.3
85402.1
86560.6
87366.4
87367.212
87467.2
87480.5
87967.3
88467.1
88784.6
89551.4
89552.212
89635.5
89652.2
90152.3
90621.4
90652.1
90659.5
90851.6
91577.4
91578.212
91655.5
91678.2
92178.3
92375.6
92678.1
92804.6
93488.4
93489.212
93575.5
93589.2
94051.4
94052.5
94053.4
94055.5
94079.4
94084.5
94089.3
94092.4
94108.5
94589.1
94607.6
95410.4
95411.212
95508.5
95511.2
96011.3
96511.1
97228.4
97258.5
97360.6
97913.211
97913.4
97914.1
98017.5
98079.6
99033.4
99034.212
99134.2
99196.5
99634.3
99839.6
100073.6
100094.6
100134.1
100718.6
101733.4
101734.212
101834.2
101839.5
102120.4
102326.5
102334.3
102834.1
103340.6
104128.4
104129.212
104211.5
104229.2
104370.4
104393.5
104397.4
104404.5
104408.4
104488.5
104706.4
104729.3
104842.5
105105.6
105229.1
105417.6
106268.4
106269.212
106369.2
106370.5
106869.3
106932.4
106992.5
107369.1
107521.6
108530.4
108531.212
108602.5
108631.2
109131.3
109389.6
109513.6
109631.1
109956.6
110634.4
110635.212
110735.2
110774.5
111235.3
111735.1
113329.6
113652.6
114264.4
114265.212
114355.5
114365.2
114865.3
115365.1
115883.6
115967.6
116600.4
116601.212
116690.5
116701.2
117201.3
117624.4
117631.5
117701.1
117729.6
118413.4
118414.212
118514.2
118515.5
119014.3
119514.1
119715.6
120478.4
120479.212
120579.2
120585.5
120844.4
120919.5
121079.3
121382.4
121517.5
121579.1
122088.6
122103.6
122770.4
122771.212
122868.5
122871.2
123371.3
123871.1
123970.6
124403.211
124403.4
124404.1
124450.5
125890.6
126281.211
126281.4
126282.1
126324.5
126412.6
127182.4
127183.212
127257.5
127283.2
127783.3
128283.1
128580.6
129423.4
129424.212
129494.5
129524.2
130024.3
130524.1
130789.6
131056.6
131190.211
131190.4
131191.1
131201.5
131258.6
131491.211
131491.4
131492.1
131524.5
131608.6
132423.4
132424.212
132507.5
132524.2
133024.3
133524.1
134234.6
134587.211
134587.4
134588.1
134611.5
134690.4
134907.5
135030.6
135294.6
135775.4
135776.212
135779.5
135787.4
135876.2
135914.5
136376.3
136646.4
136849.5
136876.1
136967.4
137029.5
137743.4
137956.5
138098.6
138495.211
138495.4
138496.1
138568.5
139761.4
139768.5
140227.4
140328.5
141482.6
142214.4
142215.212
142315.2
142339.5
142815.3
143315.1
143594.6
144260.4
144261.212
144361.2
144381.5
144861.3
145361.1
148283.6
148759.211
148759.4
148760.1
148806.5
148881.6
149696.4
149697.212
149785.5
149797.2
150297.3
150797.1
150955.4
151079.5
151325.6
151716.211
151716.4
151717.1
151743.5
151838.6
152449.4
152450.212
152550.2
152554.5
153050.3
153550.1
153889.6
154518.4
154519.212
154616.5
154619.2
154979.4
155108.5
155119.3
155619.1
155744.6
156387.4
156388.212
156488.2
156507.5
156988.3
157488.1
158533.6
159236.4
159237.212
159325.5
159337.2
159837.3
160337.1
160639.6
161253.4
161254.212
161354.2
161825.5
161854.3
162354.1
162675.4
162688.5
162710.4
162712.5
162721.4
162728.5
162739.4
162882.5
163065.6
163830.4
163831.212
163931.2
163997.5
164431.3
164931.1
166178.6
166780.4
166781.212
166874.5
166881.2
167381.3
167881.1
168052.6
168741.4
168742.212
168842.2
168877.5
169342.3
169500.4
169606.5
169842.1
170787.6
171254.211
171254.4
171255.1
171295.5
171998.6
172727.4
172728.212
172828.2
172845.5
173328.3
173664.4
173828.1
173839.5
174562.6
175159.211
175159.4
175160.1
175218.5
175436.6
176443.4
176444.212
176523.5
176544.2
177044.3
177139.4
177142.5
177147.4
177275.5
177544.1
178777.6
179448.4
179449.212
179534.5
179549.2
179736.4
180000.9
123456789
12
19
15
12
19
15
14
FI
2
6
10
47
15
11
20
15
6
2
670
0
0
0
314159265
63
0
126
180000
314159265
0.1
182.6
937.4
938.212
1038.2
1090.5
1477.4
1538.3
1578.5
1758.6
2038.1
2290.6
3000.4
3001.212
3096.5
3101.2
3601.3
3677.4
3723.5
4101.1
4283.6
4886.4
4887.212
4987.2
4993.5
5487.3
5537.4
5587.5
5966.6
5987.1
6229.6
6906.4
6907.212
7007.2
7028.5
7452.4
7507.3
7558.5
8007.1
8019.6
8411.211
8411.4
8412.1
8441.5
8497.6
9377.4
9378.212
9478.2
9479.5
9978.3
10145.6
10478.1
10680.6
10702.6
11272.211
11272.4
11273.1
11318.5
11397.6
12187.4
12188.212
12288.2
12314.5
12680.4
12720.5
12788.3
12974.6
13177.6
13288.1
13384.6
13426.6
14085.4
14086.212
14180.5
14186.2
14568.4
14575.5
14577.4
14588.5
14599.4
14611.5
14686.3
14805.6
15160.6
15186.1
16049.6
16513.211
16513.4
16514.1
16585.5
16648.6
17385.4
17386.212
17486.2
17504.5
17986.3
18028.6
18352.6
18486.1
18661.6
18679.6
19185.211
19185.4
19186.1
19209.5
19270.6
19996.4
19997.212
20085.5
20097.2
20597.3
20835.6
21010.6
21097.1
21403.6
22096.4
22097.212
22174.5
22197.2
22697.3
23197.1
23933.4
24039.5
24115.6
24825.4
24826.212
24926.2
24927.5
25426.3
25926.1
27050.4
27230.5
27916.6
28374.211
28374.4
28375.1
28505.5
28610.6
29365.4
29366.212
29466.2
29517.5
29966.3
30328.6
30466.1
31271.6
32037.4
32038.212
32138.2
32152.5
32594.4
32609.5
32638.3
32819.6
33138.1
33817.6
34390.211
34390.4
34391.1
34463.5
34523.6
35276.4
35277.212
35374.5
35377.2
35877.3
36377.1
37459.4
37481.5
37563.6
38165.6
38589.4
38590.212
38690.2
38804.5
39190.3
39690.1
39888.6
40690.4
40691.212
40776.5
40791.2
41291.3
41791.1
42663.4
42699.5
42787.6
43445.4
43446.212
43546.2
43573.5
44046.3
44546.1
44627.6
45250.4
45251.212
45351.2
45362.5
45851.3
46323.6
46351.1
46581.6
47302.4
47303.212
47388.5
47403.2
47903.3
48403.1
48430.6
49293.4
49294.212
49388.5
49394.2
49894.3
50315.4
50394.1
50492.5
50671.6
51439.4
51440.212
51534.5
51540.2
51663.4
51738.5
52040.3
52131.4
52278.5
52540.1
52585.6
53393.4
53394.212
53494.2
53533.5
53994.3
54494.1
54526.6
54954.6
55598.4
55599.212
55699.2
55704.5
56199.3
56362.6
56699.1
57888.6
58396.211
58396.4
58397.1
58470.5
58567.6
59182.4
59183.212
59262.5
59283.2
59783.3
60283.1
60837.6
61465.4
61466.212
61545.5
61566.2
61784.4
61892.5
62066.3
62566.1
62882.4
63041.5
64060.4
64090.5
64155.6
64861.4
64862.212
64947.5
64962.2
65462.3
65962.1
67042.4
67104.5
67361.6
68190.4
68191.212
68275.5
68291.2
68791.3
68993.4
69139.5
69291.1
69395.6
70229.4
70230.212
70330.2
70355.5
70799.4
70830.3
70859.5
71330.1
71480.6
72189.4
72190.212
72290.2
72325.5
72790.3
73290.1
74032.6
74707.4
74708.212
74808.2
74808.5
75308.3
75401.4
75404.5
75409.4
75580.5
75808.1
76117.6
76887.4
76888.212
76987.5
76988.2
77488.3
77988.1
78262.6
78978.4
78979.212
79074.5
79079.2
79579.3
80079.1
80307.6
80969.4
80970.212
81070.2
81083.5
81570.3
82070.1
82196.6
82863.4
82864.212
82964.2
82984.5
83033.4
83081.5
83464.3
83888.4
83957.5
83964.1
84759.6
85386.4
85387.212
85487.2
85487.5
85987.3
86487.1
86805.6
87426.4
87427.212
87527.2
87556.5
87843.4
88027.3
88034.5
88440.6
88527.1
88749.6
89311.211
89311.4
89312.1
89425.5
89494.6
90321.4
90322.212
90420.5
90422.2
90922.3
91422.1
91637.6
91708.6
92346.4
92347.212
92428.5
92447.2
92947.3
93447.1
93625.6
94478.4
94479.212
94576.5
94579.2
95079.3
95500.4
95520.5
95579.1
95596.6
96416.4
96417.212
96502.5
96517.2
97017.3
97517.1
97634.6
98441.4
98442.212
98542.2
98550.5
98801.4
99031.5
99042.3
99542.1
99955.6
100629.4
100630.212
100730.2
100771.5
101230.3
101730.1
102345.6
102671.211
102671.4
102672.1
102716.5
102889.6
103244.211
103244.4
103245.1
103273.5
103809.6
104498.4
104499.212
104599.2
104616.5
105006.6
105099.3
105388.6
105599.1
105875.6
106525.4
106526.212
106626.2
106730.5
107126.3
107626.1
107905.6
108756.4
108757.212
108852.5
108857.2
109357.3
109857.1
109878.6
110721.4
110722.212
110822.2
110827.5
111322.3
111718.6
111822.1
112188.6
112934.4
112935.212
113031.5
113035.2
113535.3
113859.6
114032.6
114035.1
114177.6
114767.211
114767.4
114768.1
114841.5
114913.6
115660.4
115661.212
115754.5
115761.2
116261.3
116761.1
117741.6
118218.6
118706.4
118707.212
118787.5
118807.2
119216.4
119284.5
119307.3
119451.4
119483.5
119495.4
119690.5
119807.1
119905.6
120574.4
120575.212
120654.5
120675.2
121175.3
121675.1
121831.6
122525.4
122526.212
122605.5
122626.2
123126.3
123626.1
125497.4
125519.5
125609.6
126223.4
126224.212
126313.5
126324.2
126824.3
127324.1
129988.4
130011.5
130845.6
131553.4
131554.212
131647.5
131654.2
132154.3
132654.1
133969.6
134727.4
134728.212
134825.5
134828.2
135328.3
135828.1
138623.4
138757.5
138948.6
139531.211
139531.4
139532.1
139573.5
139664.6
140408.4
140409.212
140509.2
140516.5
140524.4
140620.5
141009.3
141509.1
141923.6
142349.211
142349.4
142350.1
142387.5
142612.6
143141.211
143141.4
143142.1
143197.5
143704.6
144322.4
144323.212
144423.2
144453.5
144923.3
145423.1
146981.6
147634.4
147635.212
147724.5
147735.2
148235.3
148735.1
149349.6
149774.211
149774.4
149775.1
149858.5
150465.6
151255.4
151256.212
151330.5
151356.2
151856.3
152356.1
152814.6
153812.4
153813.212
153913.2
153927.5
154413.3
154913.1
155020.6
155069.6
155328.6
155952.4
155953.212
156040.5
156053.2
156553.3
156726.4
156812.5
157053.1
157672.6
158197.6
158486.4
158487.212
158587.2
158613.5
159087.3
159587.1
161898.4
161939.5
162991.6
163573.211
163573.4
163574.1
163630.5
163932.6
164665.4
164666.212
164758.5
164766.2
165266.3
165766.1
166191.6
166629.211
166629.4
166630.1
166676.5
166854.6
167350.211
167350.4
167351.1
167422.5
167546.6
168358.4
168359.212
168459.2
168500.5
168959.3
169459.1
173524.4
173686.5
174198.4
174311.5
175070.4
175127.5
175432.6
175669.6
175985.211
175985.4
175986.1
176040.5
176185.6
176567.211
176567.4
176568.1
176597.5
176670.6
177088.6
177248.211
177248.4
177249.1
177287.5
177768.6
178134.211
178134.4
178135.1
178163.5
180000.9
123456789
12
20
15
12
20
15
14
FI
2
6
10
50
00
11
23
01
6
2
611
0
0
0
314159265
58
1
118
180000
314159265
0.1
167.6
594.6
1094.4
1095.212
1195.2
1199.5
1695.3
1734.4
1830.5
2195.1
2295.6
3201.4
3202.212
3281.5
3302.2
3802.3
3850.4
3919.5
4302.1
4307.4
4447.5
4723.6
5162.211
5162.4
5163.1
5181.5
5262.6
5897.4
5898.212
5981.5
5998.2
6498.3
6691.6
6995.6
6998.1
7746.4
7777.5
7849.6
8654.4
8655.212
8744.5
8755.2
9255.3
9428.6
9755.1
10219.4
10249.5
10316.6
11028.4
11029.212
11117.5
11129.2
11218.4
11269.5
11629.3
11882.4
12070.5
12129.1
12281.6
12690.6
13283.4
13284.212
13384.2
13428.5
13884.3
13909.4
14107.5
14384.1
14409.6
14728.211
14728.4
14729.1
14729.5
14802.6
15541.4
15542.212
15630.5
15642.2
16142.3
16642.1
16656.6
17392.4
17393.212
17490.5
17493.2
17993.3
18189.4
18409.5
18493.1
18736.6
19130.211
19130.4
19131.1
19153.5
19220.6
20019.4
20020.212
20120.2
20138.5
20620.3
20746.4
20881.5
21120.1
21730.6
22174.6
22555.6
23548.4
23549.212
23649.2
23653.5
24149.3
24374.4
24460.5
24644.6
24649.1
24947.6
24970.6
25663.4
25664.212
25764.2
25883.5
26264.3
26691.6
26764.1
26926.6
27880.4
27881.212
27981.2
27982.5
28481.3
28510.6
28682.6
28981.1
29014.6
29909.4
29910.212
29988.5
30010.2
30510.3
30702.6
31010.1
32305.4
32330.5
32396.6
33174.4
33175.212
33275.2
33282.5
33775.3
34275.1
34435.6
35106.4
35107.212
35207.2
35234.5
35707.3
36207.1
37347.6
37918.211
37918.4
37919.1
38039.5
38105.6
38983.4
38984.212
39084.2
39121.5
39584.3
39914.4
39983.5
40084.1
40126.6
41202.4
41203.212
41302.5
41303.2
41803.3
42303.1
43220.4
43293.5
43397.6
44039.4
44040.212
44124.5
44140.2
44640.3
45140.1
45290.6
46003.4
46004.212
46076.5
46104.2
46604.3
47104.1
47852.4
47912.5
48515.6
49207.4
49208.212
49303.5
49308.2
49808.3
50224.6
50308.1
50934.6
51522.211
51522.4
51523.1
51631.5
51723.6
52530.4
52531.212
52624.5
52631.2
53131.3
53630.6
53631.1
54778.4
54820.5
54889.6
55757.4
55758.212
55858.2
55909.5
56358.3
56858.1
56887.6
57786.4
57787.212
57887.2
57891.5
58387.3
58887.1
59089.6
59841.4
59842.212
59942.2
59980.5
60442.3
60942.1
61903.6
62358.211
62358.4
62359.1
62448.5
62516.6
63355.4
63356.212
63437.5
63456.2
63956.3
64456.1
64797.6
65153.211
65153.4
65154.1
65199.5
65352.6
66090.4
66091.212
66191.2
66197.5
66691.3
67136.4
67191.1
67312.5
68578.6
69377.4
69378.212
69462.5
69478.2
69859.4
69978.3
70039.5
70478.1
70592.6
71309.4
71310.212
71408.5
71410.2
71910.3
72273.4
72362.5
72410.1
72588.6
73209.4
73210.212
73310.2
73325.5
73810.3
74310.1
74543.6
74856.211
74856.4
74857.1
74875.5
74968.6
75634.4
75635.212
75718.5
75735.2
76235.3
76735.1
77141.6
77967.4
77968.212
78047.5
78068.2
78401.4
78416.5
78568.3
79068.1
79700.6
80039.211
80039.4
80040.1
80081.5
80154.6
80842.4
80843.212
80939.5
80943.2
81443.3
81845.6
81943.1
82212.6
82928.4
82929.212
83029.2
83049.5
83529.3
83631.4
83675.5
83702.4
83738.5
84029.1
84348.6
85122.4
85123.212
85223.2
85227.5
85723.3
86223.1
87164.6
87806.4
87807.212
87897.5
87907.2
88335.4
88387.5
88407.3
88907.1
89234.6
89978.4
89979.212
90050.5
90079.2
90579.3
91079.1
91759.6
92496.4
92497.212
92592.5
92597.2
93097.3
93391.4
93396.5
93400.4
93401.5
93597.1
94527.6
94937.211
94937.4
94938.1
94971.5
95028.6
95858.4
95859.212
95959.2
95986.5
96459.3
96959.1
100053.4
100122.5
100224.6
100295.6
100914.4
100915.212
101015.2
101018.5
101515.3
102015.1
103705.4
103752.5
103884.6
104626.4
104627.212
104727.2
104731.5
105227.3
105727.1
105953.4
106001.5
108941.6
109741.4
109742.212
109842.2
109866.5
110342.3
110842.1
110917.6
111346.211
111346.4
111347.1
111385.5
111540.6
112359.4
112360.212
112460.2
112487.5
112960.3
113460.1
114217.6
114601.211
114601.4
114602.1
114652.5
115942.6
116640.4
116641.212
116739.5
116741.2
117241.3
117741.1
117920.6
118297.6
118535.4
118536.212
118633.5
118636.2
118749.4
118803.5
119136.3
119180.4
119263.5
119636.1
120902.6
121625.4
121626.212
121726.2
121736.5
122226.3
122726.1
124494.6
124660.211
124660.4
124661.1
124679.5
124749.6
125364.4
125365.212
125460.5
125465.2
125965.3
126465.1
126843.6
127007.211
127007.4
127008.1
127032.5
127878.6
128442.211
128442.4
128443.1
128496.5
128563.6
129336.4
129337.212
129410.5
129437.2
129763.4
129869.5
129937.3
130437.1
130640.6
131167.211
131167.4
131168.1
131168.5
131169.4
131213.5
131732.6
132135.211
132135.4
132136.1
132165.5
132237.6
132973.4
132974.212
133055.5
133074.2
133574.3
133575.4
133620.5
134074.1
134615.4
134620.5
134736.6
135427.4
135428.212
135528.2
135779.5
136028.3
136528.1
137609.6
138427.4
138428.212
138528.2
138720.5
139028.3
139528.1
140927.6
141159.211
141159.4
141160.1
141180.5
141278.6
142242.4
142243.212
142343.2
142430.5
142843.3
143343.1
145269.4
145312.5
145318.4
145320.5
145520.6
145619.6
145917.211
145917.4
145918.1
145950.5
146010.6
146281.6
146812.4
146813.212
146913.2
147005.5
147413.3
147684.4
147702.5
147750.4
147816.5
147913.1
148196.6
148605.6
149018.6
149187.6
149778.4
149779.212
149879.2
149962.5
150379.3
150879.1
154463.6
154893.6
155068.4
155069.212
155169.2
155278.5
155669.3
156169.1
157001.6
157754.4
157755.212
157855.2
157857.5
158355.3
158855.1
163533.6
164780.4
164781.212
164881.2
164897.5
165381.3
165586.4
165675.5
165881.1
166044.4
166144.5
166627.4
166694.5
167306.6
168226.4
168227.212
168318.5
168327.2
168827.3
169327.1
175119.8
176925.6
178767.4
178768.212
178868.2
178938.5
179368.3
180000.9
123456789
12
21
15
12
21
15
14
FI
2
6
10
47
15
11
20
15
6
2
715
0
0
0
314159265
69
0
138
180000
314159265
0.1
1346.6
1967.4
1968.212
2045.5
2068.2
2568.3
2569.4
2571.5
2573.4
2886.5
3068.1
3095.6
3401.211
3401.4
3402.1
3427.5
3478.6
4220.4
4221.212
4299.5
4321.2
4635.4
4821.3
4903.5
5101.6
5321.1
6092.4
6116.5
6118.4
6127.5
6189.6
7035.4
7036.212
7125.5
7136.2
7330.4
7403.5
7636.3
7647.6
7808.6
8136.1
8719.4
8730.5
8809.6
9398.211
9398.4
9399.1
9461.5
9522.6
10303.4
10304.212
10379.5
10404.2
10904.3
11015.4
11038.5
11065.4
11142.5
11404.1
11617.6
12359.4
12360.212
12449.5
12460.2
12960.3
13138.6
13460.1
14165.6
14755.211
14755.4
14756.1
14788.5
14846.6
15537.4
15538.212
15638.2
15638.5
16138.3
16638.1
17007.6
17775.4
17776.212
17876.2
17957.5
18376.3
18876.1
19200.6
19805.4
19806.212
19896.5
19906.2
20228.4
20256.5
20406.3
20432.6
20834.6
20906.1
21374.6
21849.211
21849.4
21850.1
21881.5
21937.6
22655.4
22656.212
22739.5
22756.2
23136.4
23256.3
23291.5
23635.6
23756.1
23875.6
24679.4
24680.212
24780.2
24802.5
25280.3
25780.1
26021.6
26559.211
26559.4
26560.1
26594.5
26662.6
27326.4
27327.212
27419.5
27427.2
27927.3
28156.6
28363.6
28427.1
28607.6
29069.211
29069.4
29070.1
29186.5
29250.6
30020.4
30021.212
30114.5
30121.2
30621.3
31121.1
32235.6
32614.211
32614.4
32615.1
32641.5
32708.6
33220.211
33220.4
33221.1
33242.5
33323.6
34069.4
34070.212
34170.2
34253.5
34670.3
35134.6
35170.1
35271.6
35629.6
35950.6
36644.4
36645.212
36745.2
36758.5
37245.3
37745.1
37774.6
38397.4
38398.212
38481.5
38498.2
38998.3
39285.4
39466.5
39498.1
40308.6
40617.6
41236.4
41237.212
41337.2
41342.5
41837.3
42337.1
42444.6
43204.4
43205.212
43303.5
43305.2
43478.4
43481.5
43483.4
43719.5
43805.3
43933.6
44305.1
44373.6
44865.211
44865.4
44866.1
44889.5
44962.6
45621.4
45622.212
45722.2
45743.5
46222.3
46722.1
46810.6
47041.6
47645.4
47646.212
47746.2
47749.5
48246.3
48746.1
49078.6
49639.211
49639.4
49640.1
49680.5
49744.6
50429.4
50430.212
50530.2
50548.5
51030.3
51519.6
51530.1
52062.6
52664.4
52665.212
52765.2
52781.5
53265.3
53765.1
53939.6
54615.4
54616.212
54716.2
54736.5
55216.3
55433.4
55652.5
55716.1
55722.4
55846.5
55965.6
56386.211
56386.4
56387.1
56418.5
56513.6
57201.4
57202.212
57302.2
57317.5
57802.3
58302.1
58912.6
59494.211
59494.4
59495.1
59522.5
59584.6
60335.4
60336.212
60436.2
60460.5
60936.3
61436.1
61712.6
62591.4
62592.212
62684.5
62692.2
63192.3
63477.6
63692.1
63711.6
64344.4
64345.212
64445.2
64445.5
64945.3
65445.1
65651.6
66456.4
66457.212
66551.5
66557.2
67057.3
67557.1
70140.4
70167.5
70182.4
70238.5
70375.6
70724.6
71313.4
71314.212
71414.2
71452.5
71895.4
71911.5
71914.3
72165.6
72305.6
72414.1
72967.6
73635.4
73636.212
73717.5
73736.2
74236.3
74736.1
74751.4
74819.5
75486.6
76200.4
76201.212
76297.5
76301.2
76603.4
76746.5
76801.3
76992.6
77301.1
78529.6
79046.211
79046.4
79047.1
79090.5
79176.6
79907.4
79908.212
80008.2
80020.5
80051.4
80106.5
80508.3
80588.4
80825.5
81004.6
81008.1
81041.6
81186.6
81783.4
81784.212
81878.5
81884.2
82384.3
82397.4
82491.5
82607.4
82718.5
82884.1
82944.6
83633.4
83634.212
83720.5
83734.2
84234.3
84734.1
85340.6
85990.4
85991.212
86083.5
86091.2
86591.3
86692.4
86797.5
87058.4
87091.1
87183.5
87379.6
88126.4
88127.212
88209.5
88227.2
88727.3
89227.1
89390.4
89648.5
89818.6
90521.4
90522.212
90622.2
90648.5
91122.3
91622.1
91745.4
91750.5
92406.6
93047.4
93048.212
93138.5
93148.2
93648.3
94148.1
94641.6
95331.4
95332.212
95413.5
95432.2
95932.3
96432.1
97018.6
97732.4
97733.212
97820.5
97833.2
98333.3
98833.1
98975.4
99046.5
99157.6
99826.4
99827.212
99925.5
99927.2
100427.3
100927.1
101223.6
102066.4
102067.212
102151.5
102167.2
102667.3
103029.6
103167.1
103262.6
103964.4
103965.212
104056.5
104065.2
104517.4
104565.3
104595.5
104971.4
105065.1
105244.5
105386.6
106253.4
106254.212
106354.2
106363.5
106788.4
106854.3
106868.5
107067.6
107354.1
107555.6
108290.4
108291.212
108391.2
108395.5
108891.3
109391.1
109685.6
110077.6
110616.4
110617.212
110717.2
110725.5
111217.3
111681.4
111717.1
111821.5
111946.6
112226.6
112796.4
112797.212
112893.5
112897.2
113397.3
113897.1
113983.4
114156.5
114353.6
114512.6
114596.6
115147.4
115148.212
115224.5
115248.2
115748.3
115883.4
115928.5
116248.1
116771.6
117547.4
117548.212
117623.5
117648.2
117785.4
117838.5
118148.3
118648.1
119017.6
119737.4
119738.212
119838.2
119845.5
120338.3
120805.4
120838.1
121048.5
124824.6
125617.4
125618.212
125718.2
125759.5
125818.4
125859.5
126218.3
126699.4
126718.1
126742.5
127004.6
127745.4
127746.212
127834.5
127846.2
128346.3
128529.4
128544.5
128621.6
128846.1
128992.6
129675.4
129676.212
129759.5
129776.2
130276.3
130641.4
130706.5
130776.1
133881.4
133958.5
134046.6
134728.4
134729.212
134813.5
134829.2
135329.3
135829.1
136204.6
136930.4
136931.212
137031.2
137037.5
137444.4
137531.3
137547.5
138031.1
138414.6
139071.4
139072.212
139172.2
139194.5
139672.3
140172.1
140382.6
141137.4
141138.212
141225.5
141238.2
141738.3
141996.6
142238.1
142287.6
143048.4
143049.212
143149.2
143155.5
143649.3
144149.1
144634.6
145371.4
145372.212
145457.5
145472.2
145937.6
145972.3
146275.4
146283.5
146364.6
146472.1
146698.6
147086.6
147364.4
147365.212
147442.5
147465.2
147965.3
148079.4
148080.5
148086.4
148198.5
148465.1
148628.6
148644.6
149237.4
149238.212
149338.2
149349.5
149838.3
150181.4
150292.5
150338.1
150417.4
150478.5
150617.6
151661.4
151662.212
151759.5
151762.2
152262.3
152762.1
153379.6
154114.4
154115.212
154213.5
154215.2
154715.3
155215.1
155232.4
155354.5
155514.6
156215.4
156216.212
156309.5
156316.2
156816.3
157316.1
157616.6
158182.211
158182.4
158183.1
158219.5
158278.6
159023.4
159024.212
159122.5
159124.2
159624.3
160124.1
160575.6
160776.6
161332.4
161333.212
161421.5
161433.2
161933.3
162433.1
162924.6
163271.211
163271.4
163272.1
163303.5
163441.6
164144.4
164145.212
164245.2
164255.5
164745.3
164789.6
165031.6
165245.1
170367.6
170564.211
170564.4
170565.1
170588.5
170673.6
171421.4
171422.212
171515.5
171522.2
172022.3
172522.1
173767.6
174217.6
174895.4
174896.212
174996.2
175005.5
175496.3
175996.1
176507.6
177073.211
177073.4
177074.1
177149.5
177831.4
177855.5
178424.6
178589.211
178589.4
178590.1
178624.5
178691.6
179422.4
179423.212
179508.5
180000.9
123456789
