9
11
15
9
11
15
14
FI
2
6
10
48
00
11
21
00
6
2
1164
0
0
0
314159265
73
0
228
180000
314159265
0.1
278.6
332.6
332.211
366.4
368.5
369.4
445.5
526.6
595.6
729.6
775.6
847.6
909.6
946.4
987.5
1081.6
1179.6
1280.6
1345.6
1638.6
1734.6
1786.6
1832.3
2332.1
2420.6
2475.6
2475.211
2733.6
3975.3
4475.1
4675.6
4767.6
4767.211
4839.6
4980.6
5254.6
5441.4
5519.5
6267.3
6767.1
10309.6
10402.6
10402.211
11902.3
12402.1
13328.6
13444.4
13482.5
13511.4
13544.5
16490.6
16491.212
16757.2
16757.4
16854.5
17205.4
17217.5
17220.4
17257.3
17466.5
17757.1
18197.4
18238.5
18295.6
18357.6
18357.211
18483.4
18486.5
18488.4
18498.5
18572.6
18662.6
18892.6
18921.6
19085.6
19234.4
19262.5
19857.3
20357.1
20488.6
20753.6
20753.211
20873.4
20884.5
21359.4
21550.5
21554.4
21556.5
21560.4
21569.5
21571.4
21638.5
21646.4
21755.5
22145.6
22219.4
22252.5
22253.3
22753.1
23647.6
23699.6
23699.211
23758.4
23761.5
23762.4
23805.5
24017.6
24167.4
24363.5
25199.3
25699.1
25952.6
26861.6
26862.212
26923.2
26923.4
26971.5
27423.3
27461.4
27592.5
27673.4
27763.5
27923.1
28041.6
28249.6
28249.211
28319.4
28359.5
28632.4
28719.5
29749.3
29784.4
29814.5
29819.4
29863.5
30043.6
30249.1
30586.6
30624.4
30688.5
30689.4
30700.5
32030.6
32031.212
32145.2
32145.4
32199.5
32645.3
32895.4
32952.5
33134.6
33145.1
33305.6
33380.6
33380.211
33536.4
33558.5
33678.6
33719.4
33743.5
33750.4
33752.5
33855.6
34238.6
34880.3
35380.1
35567.6
35723.6
35723.211
35769.4
35801.5
35883.6
35921.4
36114.5
36216.6
36273.6
36370.4
36390.5
36396.4
36407.5
36682.6
36904.4
36910.5
37145.4
37147.5
37149.4
37151.5
37152.4
37183.5
37223.3
37411.6
37723.1
38169.4
38192.5
38202.4
38230.5
38787.6
39242.6
39243.212
39285.2
39285.4
39348.5
39785.3
39990.4
40016.5
40019.4
40051.5
40285.1
40337.6
40395.6
40395.211
40442.4
40467.5
40562.6
40609.4
40648.5
40833.6
40886.4
40929.5
40981.4
40984.5
40985.4
41040.5
41211.6
41882.6
41895.3
41978.6
42060.6
42273.6
42395.1
42602.6
42661.6
42661.211
42734.4
42768.5
42770.4
42771.5
43226.6
43449.4
43472.5
43476.4
43477.5
43653.4
43681.5
43792.6
43842.4
43852.5
43911.6
43944.4
43980.5
44043.6
44142.6
44161.3
44222.6
44378.4
44421.5
44661.1
44785.6
44881.6
44881.211
44917.4
44971.5
45053.4
45058.5
45071.4
45079.5
45095.4
45208.5
45329.6
45396.4
45432.5
45502.6
45587.6
45626.4
45635.5
45674.4
45890.5
45993.4
46092.5
46201.6
46339.4
46342.5
46381.3
46464.6
46881.1
47032.6
47115.6
47115.211
47369.4
47449.5
47521.6
47978.6
48043.6
48264.6
48373.6
48521.6
48615.3
49115.1
49268.6
49326.6
49326.211
49436.6
49571.6
49682.6
50394.6
50449.6
50514.6
50826.3
51178.6
51326.1
52323.6
52465.6
52465.211
52513.4
52531.5
52871.6
53398.6
53494.6
53566.6
53620.6
53873.6
53965.3
54120.6
54172.6
54419.6
54465.1
54681.6
54943.6
54943.211
55028.4
55090.5
55122.4
55123.5
55380.4
55399.5
55502.4
55537.5
55560.4
55704.5
56016.6
56126.4
56127.5
56210.6
56288.6
56443.3
56504.4
56552.5
56943.1
57004.6
57213.6
57213.211
58385.6
58713.3
58722.4
58855.5
59040.6
59213.1
60247.6
60998.6
60999.212
61146.2
61146.4
61173.5
61177.4
61227.5
61646.3
62146.1
62154.4
62184.5
62342.6
62409.6
62409.211
62709.6
63114.6
63176.6
63234.6
63568.6
63909.3
63977.6
64409.1
64485.6
64533.6
64533.211
65774.6
65827.6
65854.6
65995.6
66033.3
66034.4
66060.5
66232.6
66308.6
66494.6
66532.6
66533.1
66795.6
67152.6
67153.212
67252.2
67252.4
67254.5
67257.4
67297.5
67752.3
67805.4
68016.5
68113.4
68166.5
68252.1
68364.6
68587.6
68587.211
68727.6
68791.6
69086.6
69252.4
69365.5
69499.6
69635.6
69670.6
69884.6
69936.6
70016.6
70069.6
70087.3
70546.6
70587.1
71109.6
71152.6
71152.211
71634.6
72202.6
72308.6
72401.4
72446.5
72453.4
72455.5
72575.6
72652.3
72780.6
72955.6
73152.1
73254.6
73528.6
73528.211
73851.6
74566.6
74872.4
74884.5
75028.3
75528.1
75633.6
75873.6
75873.211
75914.4
75990.5
76143.6
76740.6
76841.6
77373.3
77873.1
78145.6
78201.6
78201.211
78265.4
78311.5
78971.6
79701.3
79742.4
79785.5
80201.1
80464.6
80937.6
80938.212
81042.2
81042.4
81101.5
81542.3
81609.4
81776.5
81869.4
81933.5
82015.6
82042.1
82242.6
82308.6
82308.211
82459.4
82472.5
83348.4
83349.5
83557.6
83676.6
83777.4
83780.5
83783.4
83808.3
83844.5
83856.4
83862.5
84308.1
84591.6
84683.6
84683.211
85126.6
85335.6
85631.6
86126.6
86183.3
86492.6
86683.1
87493.4
87510.5
87518.4
87571.5
87639.6
87746.6
87746.211
87824.4
87840.5
87847.4
87853.5
87872.4
87901.5
87915.4
87936.5
88186.6
88240.6
88633.6
89246.3
89491.6
89662.6
89746.1
89945.6
90011.6
90011.211
90598.4
90614.5
90698.6
90805.6
91004.6
91219.6
91511.3
91838.6
92011.1
92663.6
93131.6
93132.212
93233.2
93233.4
93298.5
93733.3
93927.4
94098.5
94233.1
94295.6
94426.6
94426.211
95926.3
96426.1
97997.4
98071.5
100231.6
100290.6
100290.211
100375.4
100384.5
100394.4
100399.5
100818.6
100972.4
101022.5
101353.6
101486.6
101544.6
101790.3
101861.6
101960.6
102070.6
102290.1
102326.6
102516.6
102516.211
103068.4
103072.5
103169.6
103243.6
103361.6
103398.4
103435.5
103441.4
103445.5
104016.3
104516.1
105982.6
106067.6
106067.211
106108.4
106228.5
106320.4
106517.5
107013.6
107112.6
107165.6
107219.4
107349.5
107430.6
107496.4
107529.5
107567.3
107581.6
108067.1
108075.6
108448.6
108449.212
108549.2
108549.4
108599.5
108870.4
109015.5
109049.3
109258.6
109549.1
109705.6
109933.6
109933.211
109984.4
110113.5
110146.4
110157.5
110434.6
110475.4
110502.5
110607.6
110683.6
110895.6
111069.6
111433.3
111933.1
112393.6
112446.6
112446.211
112601.4
112627.5
112632.4
112719.5
112897.6
112970.4
112978.5
113142.6
113211.6
113477.6
113946.3
114211.4
114227.5
114446.1
116479.6
116755.6
116755.211
118170.6
118255.3
118388.6
118510.6
118755.1
120321.6
121779.6
121780.212
121894.2
121894.4
121896.5
121899.4
121901.5
121902.4
121943.5
122296.4
122394.3
122528.5
122894.1
122906.4
123226.5
123562.6
123631.6
123631.211
123779.4
123808.5
123843.4
124021.5
124227.6
124305.4
124482.5
124561.6
124623.6
124688.4
124704.5
124752.4
124907.5
124971.6
125131.3
125347.6
125421.6
125535.6
125631.1
125684.6
125862.4
125886.5
125887.4
125894.5
126075.6
126076.212
126150.2
126150.4
126204.5
126422.4
126479.5
126650.3
126886.4
127098.5
127124.4
127150.1
127269.5
127329.4
127356.5
127448.6
127626.4
127668.5
127752.6
127753.212
127799.2
127799.4
127851.5
128299.3
128325.4
128382.5
128630.4
128799.1
128810.5
128819.4
128823.5
128975.6
129041.6
129041.211
129132.4
129246.5
129437.6
129502.4
129556.5
129797.6
129852.6
129970.6
130021.4
130185.5
130405.6
130467.4
130541.3
130572.5
130626.4
130668.5
130783.6
131007.6
131041.1
131053.6
131254.6
131254.211
131321.4
131359.5
132223.6
132324.6
132374.4
132454.5
132590.6
132630.4
132661.5
132663.4
132666.5
132754.3
132853.6
132918.6
133054.6
133240.6
133254.1
133631.4
133633.5
133635.4
133653.5
133711.6
133822.6
133822.211
134002.6
134084.6
134279.6
134491.4
134579.5
134764.6
134987.6
135052.6
135289.6
135322.3
135368.6
135532.6
135822.1
135826.6
136474.6
136475.212
136571.2
136571.4
136615.5
137071.3
137290.4
137357.5
137526.6
137571.1
137634.6
137689.6
137689.211
137806.4
137844.5
137904.6
137975.6
138187.6
138339.6
138406.4
138434.5
138441.4
138443.5
138580.6
138631.6
138693.6
138736.6
139007.6
139096.6
139119.6
139189.3
139336.6
139399.6
139487.6
139689.1
139831.6
139976.6
139976.211
140157.6
140229.4
140231.5
140232.4
140258.5
140259.4
140260.5
140413.6
140453.6
140497.4
140531.5
140692.6
140822.6
141476.3
141647.6
141971.6
141976.1
142126.6
142579.4
142587.5
142594.4
142596.5
142929.6
142930.212
143000.2
143000.4
143068.5
143471.4
143500.3
143529.5
143600.4
143985.5
144000.1
144172.6
144234.6
144234.211
144292.4
144311.5
144317.4
144320.5
144452.6
144544.6
144582.4
144616.5
144617.4
144618.5
144716.6
144757.6
144879.6
144938.4
144956.5
145144.6
145190.6
145313.4
145324.5
145375.6
145506.6
145734.3
145801.6
146025.6
146234.1
146417.6
146495.6
146495.211
146664.4
146685.5
146738.4
146747.5
146931.4
146947.5
147166.4
147178.5
147640.4
147665.5
147889.4
147890.5
147995.3
148051.6
148156.6
148212.6
148495.1
148661.6
148782.6
148782.211
148928.6
149016.4
149019.5
149032.4
149127.5
149196.6
149249.6
149363.6
149388.6
149605.6
149977.6
150102.6
150162.6
150256.6
150280.6
150282.3
150412.6
150463.6
150662.6
150782.1
150792.6
151202.6
151203.212
151403.2
151403.4
151405.5
151422.4
151468.5
151903.3
151930.6
152315.6
152403.1
152569.6
152910.6
152911.212
152988.2
152988.4
153057.5
153436.4
153488.3
153753.5
153754.4
153785.5
153790.4
153792.5
153935.6
153988.1
154174.6
154288.6
154288.211
154565.4
154596.5
154598.4
154599.5
154693.6
154772.6
154887.6
155062.6
155119.4
155126.5
155251.6
155290.6
155654.6
155788.3
155839.6
156058.6
156166.6
156288.1
156406.6
156554.6
156554.211
156663.4
156686.5
156819.6
156893.6
156935.6
157000.6
157186.4
157200.5
157433.6
157517.6
157603.6
157632.6
157819.6
158039.6
158054.3
158427.6
158484.6
158504.6
158554.1
158754.6
159161.6
159162.212
159244.2
159244.4
159285.5
159744.3
159778.4
159779.5
159781.4
159824.5
160067.4
160069.5
160070.4
160244.1
160282.5
160353.4
160358.5
160365.4
160385.5
160496.6
160528.6
160528.211
160736.4
160761.5
160831.6
160912.6
161340.6
161441.6
161648.6
161860.6
162028.3
162053.6
162144.6
162343.6
162374.6
162528.1
162536.6
162804.6
162804.211
162984.6
163121.6
163188.6
163347.4
163354.5
164304.3
164513.6
164778.6
164804.1
165018.6
165097.6
165097.211
165338.6
165559.6
165692.6
165819.4
165844.5
165918.6
166110.6
166450.6
166597.3
166706.6
166833.6
166875.6
167097.1
167332.6
167402.6
167402.211
167768.6
168262.6
168474.6
168548.6
168902.3
169005.6
169402.1
169492.6
169599.6
169599.211
169846.6
170075.6
170161.4
170170.5
170381.6
170746.6
170964.6
171099.3
171599.1
171935.6
172251.6
172252.212
172321.2
172321.4
172322.5
172323.4
172385.5
172821.3
173077.4
173147.5
173152.4
173158.5
173251.6
173321.1
173418.6
173675.6
173675.211
173763.4
173787.5
174003.6
174096.6
174254.6
174578.6
174767.6
175006.6
175175.3
175179.4
175263.5
175383.6
175557.6
175675.1
175857.4
175916.5
176004.6
176161.6
176161.211
176296.4
176298.5
176312.4
176339.5
176403.6
176461.6
176540.6
176682.6
176971.6
177075.6
177323.6
177661.3
178161.1
178269.6
178407.6
178407.211
178630.6
178866.6
178930.6
179141.4
179169.5
179227.6
179467.6
180000.9
123456789
9
12
15
9
12
15
14
FI
2
6
10
49
15
11
22
15
6
2
764
0
0
0
314159265
64
0
105
180000
314159265
0.1
878.6
1629.6
1630.212
1704.2
1704.4
1756.5
2204.3
2704.1
3609.6
3893.6
3893.211
5393.3
5666.6
5893.1
7466.6
8210.6
8211.212
8320.2
8320.4
8426.5
8820.3
9320.1
9879.6
10691.6
10692.212
10804.2
10804.4
10855.5
11304.3
11804.1
11972.6
12040.6
12040.211
12490.6
13072.6
13540.3
13938.6
13988.6
14040.1
14148.6
14236.6
14236.211
14908.6
15663.4
15668.5
15736.3
15739.6
16236.1
16550.6
17473.6
17474.212
17531.2
17531.4
17607.5
18031.3
18531.1
18711.6
18781.6
18781.211
18828.4
18837.5
18987.6
19678.6
20198.6
20281.3
20306.6
20575.6
20781.1
20908.6
21155.6
21155.211
21294.6
22510.6
22592.6
22655.3
23155.1
24108.6
24169.6
24169.211
24462.6
25222.6
25476.6
25669.3
26169.1
26905.6
27161.6
27161.211
27623.6
28103.6
28450.6
28661.3
29161.1
30549.6
31258.6
31259.212
31330.2
31330.4
31543.5
31830.3
32008.4
32200.5
32330.1
32434.6
32849.6
32850.212
32938.2
32938.4
33003.5
33438.3
33938.1
34889.6
35794.6
35795.212
35872.2
35872.4
35909.5
36294.4
36372.3
36485.5
36872.1
37416.6
37427.6
37427.211
37543.6
38318.6
38927.3
39427.1
39627.6
39739.6
39739.211
39883.6
40683.6
40873.6
41239.3
41739.1
42150.6
42260.6
42260.211
42493.6
42614.6
42860.6
43188.6
43559.6
43703.6
43760.3
43871.6
44260.1
46635.6
46748.6
46748.211
47834.6
47926.6
48248.3
48748.1
49021.6
49208.6
49208.211
49349.6
49403.6
49797.6
49920.6
50708.3
51208.1
52935.6
53383.6
53384.212
53467.2
53467.4
53532.5
53967.3
54467.1
55154.6
55200.6
55200.211
55400.6
55870.6
56700.3
57200.1
57510.6
57666.6
57666.211
58180.6
58262.6
58428.6
58502.6
58597.6
59142.6
59166.3
59666.1
60146.6
60213.6
60213.211
60725.6
60825.6
61571.6
61713.3
62138.4
62140.5
62213.1
62364.6
62679.6
62680.212
62761.2
62761.4
62813.5
63237.4
63261.3
63324.5
63555.4
63557.5
63558.4
63761.1
64257.5
64461.6
64813.6
64814.212
64889.2
64889.4
64941.5
65336.4
65389.3
65516.5
65814.6
65889.1
66670.6
66811.6
66811.211
66949.6
66994.6
67232.6
67348.6
67647.6
67869.6
68033.6
68050.6
68195.6
68260.4
68311.3
68445.5
68811.1
68927.6
68991.6
68991.211
69196.6
69288.6
69526.4
69570.5
69877.6
69891.6
70080.6
70291.6
70338.6
70491.3
70492.6
70724.6
70864.6
70991.1
71207.6
71248.6
71248.211
71386.6
71625.6
71792.6
72081.6
72211.4
72290.5
72748.3
73248.1
73852.6
73981.6
73981.211
74152.6
74355.6
74519.6
74601.6
75272.6
75392.6
75481.3
75494.6
75871.6
75981.1
76768.6
77187.6
77188.212
77265.2
77265.4
77347.5
77765.3
77947.6
78265.1
78561.6
78738.6
78738.211
79142.6
79242.6
79336.6
80238.3
80273.6
80394.6
80487.6
80738.1
80835.6
80997.6
80997.211
81216.6
81331.6
81473.6
81810.6
82041.6
82143.6
82264.6
82497.3
82743.6
82831.6
82997.1
83193.6
83374.6
83374.211
83456.6
83655.6
84057.6
84325.6
84566.6
84734.6
84874.3
85374.1
91880.6
92386.6
92387.212
92464.2
92464.4
92514.5
92964.3
93464.1
98060.4
98062.5
98065.4
98174.5
98291.6
98825.6
98826.212
98887.2
98887.4
99291.5
99387.3
99768.4
99887.1
99904.5
100299.6
101311.6
101312.212
101379.2
101379.4
101415.5
101879.3
101880.4
102189.5
102379.1
102454.6
102606.6
102606.211
102887.6
103003.6
103451.6
104106.3
104240.6
104606.1
105356.6
105472.6
105472.211
105707.6
105820.6
105955.6
106083.4
106110.5
106215.6
106315.6
106972.3
107472.1
107745.6
109502.4
109594.5
110103.6
110104.212
110157.2
110157.4
110221.5
110657.3
110659.4
110856.5
110912.4
110916.5
110921.4
110949.5
110950.4
110996.5
111112.6
111157.1
111413.6
111805.6
111806.212
111919.6
112009.2
112009.4
112063.5
112469.4
112484.5
112485.4
112487.5
112491.4
112509.3
112563.5
112716.6
112856.6
113009.1
113046.6
113183.6
113183.211
113490.6
113934.6
114531.6
114683.3
114696.6
115183.1
115200.6
115296.6
115296.211
115344.6
115524.6
115778.6
115878.4
115903.5
116193.6
116217.6
116401.6
116796.3
117055.4
117110.5
117191.6
117296.1
117302.6
117364.6
117364.211
117568.4
117591.5
117775.6
117977.6
118262.6
118471.6
118594.6
118789.4
118809.5
118864.3
119364.1
119584.6
119724.6
119724.211
119819.6
120332.6
120535.6
120658.6
121109.6
121224.3
121257.6
121460.6
121724.1
125101.6
125285.6
125285.211
125616.6
125662.6
126315.6
126499.4
126507.5
126785.3
127285.1
129595.6
129702.6
129702.211
129759.4
129798.5
130687.6
131202.3
131586.6
131702.1
131800.6
132028.6
132028.211
132132.4
132134.5
132304.6
132420.6
132560.6
132917.6
133005.6
133105.6
133199.6
133528.3
134028.1
137291.6
137345.6
137345.211
137396.4
137427.5
137809.6
138845.3
138911.6
139345.1
139703.6
139773.6
139773.211
139900.4
139909.5
140104.6
140921.6
141273.3
141652.6
141773.1
142810.4
142830.5
142911.6
143029.6
143029.211
143166.6
143646.6
143859.6
144529.3
145029.1
145527.6
145579.6
145579.211
145819.6
145976.6
146086.4
146107.5
146980.6
147029.6
147056.6
147079.3
147170.6
147579.1
148289.4
148301.5
148306.4
148367.5
148389.4
148460.5
148545.6
148740.6
148740.211
149033.6
149162.4
149168.5
149171.4
149263.5
149514.6
150240.3
150411.4
150468.5
150551.6
150651.6
150740.1
151711.6
151774.6
151774.211
151862.4
151864.5
151872.4
151992.5
152124.6
152413.6
152888.4
152892.5
152893.4
152905.5
152978.6
153082.6
153274.3
153615.4
153626.5
153774.1
154033.4
154053.5
154057.4
154058.5
154082.4
154614.5
154735.4
154752.5
154794.4
154813.5
154959.6
155055.4
155090.5
155103.4
155529.5
155617.4
155866.5
156249.6
156250.212
156330.2
156330.4
156402.5
156830.3
156831.4
157110.5
157178.4
157190.5
157201.4
157222.5
157226.4
157227.5
157330.1
157922.6
157982.6
157982.211
158044.4
158061.5
158065.4
158492.5
158549.4
158562.5
158690.4
158720.5
158756.4
158795.5
159157.4
159230.5
159385.4
159408.5
159409.4
159425.5
159428.4
159482.3
159494.5
159495.4
159497.5
159498.4
159529.5
159603.6
159741.6
159822.4
159836.5
159841.4
159857.5
159982.1
160148.4
160154.5
160244.6
160658.6
160659.212
160728.2
160728.4
160792.5
161228.3
161320.4
161394.5
161410.4
161413.5
161419.4
161422.5
161728.1
161905.6
162298.6
162299.212
162375.2
162375.4
162412.5
162875.3
162993.4
163022.5
163375.1
163554.6
163637.6
163637.211
163913.6
164060.6
164466.6
164521.4
164553.5
164724.6
164858.6
165113.4
165123.5
165137.3
165637.1
165838.6
165913.6
165913.211
166184.6
166306.4
166308.5
166338.4
166502.5
166737.6
167104.6
167266.6
167356.6
167413.3
167535.6
167902.6
167913.1
168102.6
168969.6
168970.212
169030.2
169030.4
169090.5
169530.3
169869.6
170030.1
170617.6
170686.6
170686.211
170998.6
171065.6
171120.6
171319.6
171502.6
171594.6
172035.4
172081.5
172186.3
172686.1
173079.6
173131.6
173131.211
173232.6
173306.6
173570.6
173733.6
174128.6
174235.6
174380.6
174510.6
174631.3
174748.6
175131.1
175301.6
175365.6
175365.211
175692.6
175900.6
175983.4
176000.5
176142.4
176164.5
176170.4
176176.5
176241.6
176376.6
176865.3
177276.6
177365.1
178167.6
178203.6
178203.211
178506.6
178736.6
179703.3
180000.9
123456789
9
13
15
9
13
15
14
FI
2
6
10
50
52
11
23
52
6
2
780
0
0
0
314159265
67
0
83
180000
314159265
0.1
1174.6
1237.6
1237.211
2737.3
2955.4
2959.5
2961.4
3016.5
3024.4
3066.5
3237.1
4093.6
5749.6
5750.212
5813.2
5813.4
5870.5
6313.3
6414.4
6464.5
6633.6
6813.1
7243.6
7517.6
7517.211
8172.6
8258.6
9015.6
9017.3
9517.1
9699.6
9974.6
9974.211
10100.4
10110.5
10116.4
10118.5
10124.4
10135.5
10414.6
11474.3
11516.6
11974.1
12514.6
12611.6
12611.211
12764.6
12994.4
13031.5
13444.6
14111.3
14611.1
17741.6
17803.6
17803.211
18011.6
18287.6
19110.6
19303.3
19803.1
20305.6
20583.6
20583.211
20718.6
20788.6
20993.4
20994.5
22083.3
22583.1
25003.6
25097.6
25097.211
25301.6
25821.6
25951.6
26180.6
26597.3
27097.1
27291.6
27466.6
27466.211
27588.4
27605.5
27613.4
27784.5
28876.6
28966.3
29088.6
29466.1
29714.6
29871.6
29871.211
29895.6
30855.6
31155.6
31301.6
31358.6
31371.3
31871.1
34188.6
34835.6
34836.212
34907.2
34907.4
34970.5
35407.3
35907.1
36089.6
36505.6
36506.212
36581.2
36581.4
36633.5
36995.4
37081.3
37126.5
37219.4
37324.5
37421.6
37581.1
37970.6
38927.6
38928.212
38976.2
38976.4
38978.5
38979.4
39045.5
39476.3
39736.6
39976.1
40000.6
40156.4
40255.5
40386.6
40387.212
40447.2
40447.4
40885.5
40947.3
41323.4
41411.5
41447.1
42009.4
42013.5
42015.4
42235.5
42368.6
42465.6
42465.211
42639.4
42846.5
42866.4
42869.5
43052.6
43304.4
43451.5
43455.4
43467.5
43628.6
43887.6
43965.3
44112.6
44338.4
44347.5
44407.4
44465.1
44560.5
44844.6
45390.6
45391.212
45444.2
45444.4
45484.5
45944.3
46331.4
46334.5
46342.4
46348.5
46444.1
46571.6
46801.6
46801.211
47235.6
47310.6
47562.6
47651.6
47843.6
48301.3
48415.6
48801.1
48921.6
48974.6
48974.211
49144.6
49251.6
49332.6
49818.6
50097.6
50150.6
50385.6
50419.6
50474.3
50974.1
51554.6
51609.6
51609.211
51825.6
51943.6
52042.6
52154.6
52432.6
52829.6
53109.3
53235.6
53562.6
53609.1
53813.6
53910.6
53910.211
54613.6
55409.6
55410.3
55486.6
55622.6
55910.1
55933.6
56335.6
56336.212
56409.2
56409.4
56540.5
56909.3
56988.4
57192.5
57202.4
57211.5
57366.6
57409.1
57731.6
58012.6
58012.211
58407.6
58705.6
58928.6
59254.6
59321.6
59512.3
59526.6
59570.6
59608.6
59791.6
59967.6
60012.1
60560.6
60611.6
60611.211
61067.6
61428.6
61505.6
61825.6
62111.3
62120.6
62203.6
62611.1
62791.6
62925.6
62925.211
63857.6
63992.6
64192.6
64425.3
64528.6
64546.6
64642.6
64925.1
65226.6
65304.6
65304.211
65556.6
65880.6
66804.3
67252.6
67304.1
67611.6
67837.6
67837.211
68046.6
69337.3
69837.1
71158.6
71260.6
71260.211
71371.6
71453.6
71559.4
71591.5
72190.6
72749.6
72760.3
73260.1
73594.6
73814.6
73814.211
74075.6
74150.6
74446.6
74766.6
74955.6
75185.6
75314.3
75814.1
76039.6
76185.6
76185.211
76269.4
76324.5
76447.6
76689.6
77038.6
77685.3
78185.1
78387.6
78907.6
78908.212
78988.2
78988.4
79079.5
79488.3
79668.4
79865.5
79988.1
80083.6
80232.6
80232.211
80403.6
80611.6
80691.4
80697.5
80933.6
81066.6
81324.6
81644.6
81732.3
81814.6
82185.4
82189.5
82232.1
82459.6
82522.6
82522.211
82581.4
82603.5
82852.6
83807.6
83883.6
84022.3
84522.1
86990.6
87721.6
87722.212
87777.2
87777.4
87832.5
88264.4
88277.3
88525.5
88638.6
88777.1
89397.6
89491.6
89491.211
89554.4
89639.5
89725.6
89826.6
90092.6
90189.6
90254.6
90541.6
90991.3
91491.1
93045.6
93461.6
93462.212
93518.2
93518.4
93570.5
94018.3
94518.1
94853.6
94939.6
94939.211
95067.6
95297.6
95406.6
95527.6
96439.3
96750.6
96939.1
97224.6
97412.6
97412.211
97912.6
98280.6
98575.4
98598.5
98912.3
98948.6
99233.6
99412.1
99608.6
99891.6
99891.211
100012.6
100293.6
100471.6
101022.6
101391.3
101891.1
102140.6
102171.6
102171.211
102263.4
102270.5
102368.6
102924.6
103021.6
103209.6
103403.4
103455.5
103671.3
104171.1
104375.6
104860.6
104861.212
104932.2
104932.4
104986.5
105359.4
105432.3
105434.5
105440.4
105445.5
105446.4
105455.5
105615.6
105838.6
105932.1
106170.6
107471.6
107472.212
107553.2
107553.4
107631.5
107886.4
107977.5
108053.3
108497.6
108553.1
109256.6
109329.6
109329.211
109573.6
109591.6
109725.6
110324.6
110827.6
110829.3
110905.6
111105.6
111329.1
111373.6
111582.6
111582.211
111757.6
111983.6
112562.4
112616.5
112730.6
112850.6
113082.3
113213.6
113356.6
113582.1
114027.6
114305.6
114305.211
114557.4
114573.5
115805.3
116305.1
116927.6
117010.6
117010.211
117221.6
117847.6
117922.6
118029.6
118356.6
118510.3
118514.6
119010.1
119144.6
119226.6
119226.211
119381.6
119452.6
120726.3
121226.1
122875.6
122941.6
122941.211
123094.6
123733.6
124158.6
124210.6
124441.3
124941.1
125209.6
125481.6
125481.211
125719.6
125877.6
125959.6
126981.3
127276.6
127481.1
127650.6
127820.6
127820.211
128081.6
128364.6
128679.6
129023.6
129320.3
129682.4
129691.5
129820.1
130547.4
130551.5
130662.6
130692.6
130692.211
130820.6
131280.6
131308.6
131426.6
131576.6
131996.6
132163.6
132192.3
132692.1
134126.6
134161.6
134161.211
134260.6
134395.6
134866.6
134933.6
135140.6
135661.3
135778.6
135981.4
136052.5
136161.1
136901.6
137026.6
137026.211
137253.6
137336.6
137460.6
137523.6
137687.6
137778.6
138526.3
139026.1
142116.6
142238.6
142238.211
142594.6
143009.6
143121.6
143704.6
143738.3
144238.1
145490.6
145686.6
145686.211
145818.4
145853.5
146697.6
146924.6
147186.3
147686.1
147837.6
148135.6
148135.211
148197.6
148463.6
148605.6
148995.6
149237.6
149509.6
149635.3
150050.6
150135.1
150161.6
150390.6
150390.211
150714.6
150858.6
151055.6
151284.6
151382.4
151399.5
151799.6
151890.3
151931.6
152098.6
152390.1
152707.6
152884.6
152884.211
153226.6
153385.6
153481.6
153646.6
153956.6
154384.3
154884.1
156393.6
156601.6
156601.211
156730.4
156771.5
156782.4
157027.5
157181.4
157323.5
157325.4
157329.5
157333.4
157337.5
157446.6
158071.6
158101.3
158218.6
158289.6
158601.1
158640.6
158776.6
158776.211
158939.6
160276.3
160612.6
160693.6
160776.1
160932.6
161007.6
161007.211
161160.6
161515.6
162275.6
162343.6
162441.4
162485.5
162507.3
163007.1
163294.6
163854.6
163855.212
163931.2
163931.4
164042.5
164123.4
164315.5
164431.3
164764.4
164768.5
164771.4
164931.1
165036.5
165126.6
165893.6
165894.212
165950.2
165950.4
166011.5
166450.3
166487.4
166614.5
166621.4
166627.5
166775.6
166911.6
166950.1
167131.6
167647.6
167648.212
167727.2
167727.4
167780.5
168227.3
168287.4
168358.5
168583.6
168727.1
169075.6
169207.6
169207.211
169549.6
170099.4
170459.5
170461.4
170487.5
170581.6
170625.6
170707.3
170762.6
170974.6
171040.6
171207.1
171700.6
171929.6
171929.211
172181.6
172605.6
173106.6
173353.6
173429.3
173539.6
173576.6
173838.6
173929.1
173970.4
173986.5
174173.6
174300.6
174300.211
174447.6
174782.6
175010.6
175119.4
175149.5
175150.4
175157.5
175292.4
175297.5
175373.6
175777.6
175800.3
175918.6
175987.6
176213.6
176300.1
176364.6
176484.6
176484.211
176549.6
176727.6
176880.6
176894.6
177002.6
177321.6
177650.6
177841.6
177984.3
178305.6
178484.1
178610.6
178745.6
178745.211
179088.6
179358.6
179632.6
180000.9
123456789
9
14
15
9
14
15
14
FI
2
6
10
50
30
11
23
30
6
2
918
0
0
0
314159265
67
3
137
180000
314159265
0.1
215.6
302.6
302.211
1692.6
1802.3
2302.1
2836.6
4004.6
4005.212
4074.2
4074.4
4081.5
4089.4
4119.5
4120.4
4125.5
4127.4
4176.5
4574.3
4996.6
5074.1
5912.6
6049.6
6049.211
6667.6
6796.6
7549.3
8049.1
8541.6
8671.6
8671.211
8757.6
8911.4
8918.5
9221.6
9425.6
9521.6
10171.3
10671.1
13281.6
13358.6
13358.211
13465.6
13638.6
14159.6
14343.6
14556.6
14858.3
15358.1
15573.6
16176.6
16177.212
16238.2
16238.4
16348.5
16738.3
17010.4
17129.5
17238.1
17241.6
17562.6
17563.212
17623.2
17623.4
17700.5
18123.3
18221.4
18349.5
18528.6
18623.1
18625.6
18853.6
18853.211
18989.6
19243.6
19375.6
19636.4
19754.5
19758.4
19761.5
19873.6
19991.6
20353.3
20638.6
20772.6
20853.1
20995.6
21182.6
21182.211
21306.6
22682.3
23182.1
23818.6
24171.6
24172.212
24229.2
24229.4
24231.5
24233.4
24306.5
24729.3
25229.1
25268.6
25329.6
25329.211
25563.6
25696.4
25729.5
25860.6
26308.6
26829.3
27329.1
27400.6
27506.6
27506.211
28169.4
28205.5
28272.6
28413.6
28547.4
28645.5
28776.6
29003.6
29006.3
29444.6
29506.1
29697.6
29806.6
29806.211
29876.4
29898.5
29900.4
29904.5
30011.6
30123.6
31045.6
31100.6
31306.3
31549.6
31684.6
31803.6
31806.1
31918.6
32151.6
32151.211
32325.6
32883.6
33096.6
33492.6
33553.4
33574.5
33651.3
33725.6
34151.1
36485.6
36586.6
36586.211
36698.6
36770.6
37065.6
37158.6
37793.6
37930.6
37968.6
38086.3
38173.6
38459.6
38586.1
38728.6
38977.6
38977.211
39209.6
39645.6
39872.6
40477.3
40973.6
40977.1
41141.6
41303.6
41303.211
41480.6
41658.6
41676.6
42066.6
42803.3
43303.1
45860.6
45998.6
45998.211
46127.6
46456.6
46576.6
46823.6
46969.6
47406.6
47498.3
47998.1
48261.6
48330.6
48330.211
48534.6
48793.4
48832.5
49337.6
49449.6
49830.3
50330.1
50486.6
50583.6
50583.211
50651.4
50684.5
51336.6
51795.6
52083.3
52583.1
52623.6
52823.6
52823.211
52954.6
53456.6
53562.6
53593.6
53690.6
53785.6
54323.3
54436.6
54823.1
55082.6
55140.6
55140.211
55238.6
55521.6
55866.6
55968.6
56164.6
56570.6
56640.3
57140.1
57573.6
58457.6
58458.212
58517.2
58517.4
58524.5
58528.4
58604.5
59017.3
59517.1
59693.6
60045.6
60046.212
60104.2
60104.4
60179.5
60604.3
61104.1
61321.6
61424.6
61424.211
61612.6
62075.6
62230.6
62539.6
62632.6
62793.6
62924.3
62939.6
63201.6
63373.4
63424.1
63483.5
63641.6
64049.6
64050.212
64095.2
64095.4
64142.5
64595.3
64655.4
64770.5
64921.6
65095.1
65143.6
65395.6
65395.211
65917.6
66184.6
66375.4
66442.5
66895.3
67395.1
67403.6
67497.6
67497.211
67677.6
67830.6
67902.4
67905.5
68154.6
68438.6
68686.6
68889.6
68997.3
69039.6
69288.4
69299.5
69309.4
69329.5
69335.4
69336.5
69337.4
69353.5
69354.4
69373.5
69374.4
69492.5
69496.4
69497.1
69499.5
69503.4
69506.5
69630.6
69727.6
69727.211
70366.6
70504.6
70934.6
71066.6
71199.6
71227.3
71412.6
71727.1
72753.6
72842.6
72842.211
72887.4
72889.5
72900.4
72910.5
72990.4
73064.5
73176.6
73314.6
73373.4
73389.5
73390.4
73396.5
73397.4
73443.5
73703.6
73813.6
74093.6
74342.3
74345.6
74397.6
74487.6
74842.1
74891.6
75052.6
75052.211
75227.6
75384.6
75575.6
76161.6
76341.6
76552.3
77052.1
78075.6
78116.6
78116.211
78283.6
78352.6
78461.6
78509.6
79070.6
79183.6
79360.6
79430.6
79505.6
79616.3
79924.6
80054.6
80116.1
80371.6
80517.6
80517.211
80567.4
80576.5
80651.6
80758.6
81039.6
81318.6
82017.3
82517.1
84620.6
84727.6
84727.211
84855.4
84905.5
84971.6
85433.6
85493.6
85561.6
85642.6
85758.6
85863.6
86227.3
86543.6
86711.6
86727.1
86837.6
86891.6
86891.211
86984.6
87420.6
87698.6
88081.6
88228.6
88391.3
88632.6
88767.6
88891.1
89450.6
89559.6
89559.211
89695.6
89853.6
89978.6
90478.6
90626.6
90986.6
91059.3
91487.6
91559.1
92415.6
92581.6
92581.211
92710.4
92758.5
92846.6
92914.6
93012.6
93046.6
94081.3
94581.1
96815.6
96896.6
96896.211
97095.6
97495.6
98347.6
98396.3
98479.6
98570.6
98896.1
99151.6
99357.4
99367.5
99370.4
99387.5
99395.4
99399.5
100182.6
100183.212
100236.2
100236.4
100354.5
100736.3
101102.4
101197.5
101236.1
101310.6
101392.6
101392.211
101545.6
101739.6
101847.6
101963.4
102002.5
102006.4
102008.5
102143.6
102242.6
102358.6
102451.6
102690.6
102849.6
102892.3
103244.6
103350.6
103392.1
103500.6
103651.6
103651.211
103957.6
105151.3
105651.1
106698.6
106820.6
106820.211
107640.4
107702.5
107797.6
108190.6
108319.6
108320.3
108612.6
108690.6
108820.1
109400.6
109757.6
109758.212
109810.2
109810.4
109878.5
110310.3
110423.4
110586.5
110676.6
110801.6
110810.1
110902.6
111025.6
111025.211
111217.6
111298.6
111423.6
111532.6
111695.6
111895.4
111919.5
111922.4
111924.5
112032.6
112166.6
112525.3
112598.6
112711.6
112883.6
113025.1
113172.6
113293.6
113293.211
113428.6
113545.6
113796.6
113975.6
114429.6
114535.6
114793.3
114857.6
115019.4
115031.5
115239.4
115242.5
115263.4
115293.1
115302.5
115385.6
115622.6
115622.211
115668.4
115670.5
115824.6
115974.6
116123.6
116282.6
117122.3
117622.1
119126.6
119388.6
119388.211
119486.6
119601.6
119870.6
120003.6
120438.6
120559.6
120888.3
121182.6
121388.1
121667.6
121744.6
121744.211
122124.4
122128.5
122139.4
122140.5
122142.4
122146.5
122147.4
122148.5
122152.4
122153.5
122254.6
122382.6
122836.6
123195.6
123244.3
123315.6
123744.1
124080.6
124151.6
124151.211
124284.6
124387.6
125651.3
126151.1
126289.6
126436.6
126436.211
126655.6
126817.4
126829.5
127045.6
127185.6
127220.6
127525.6
127936.3
128436.1
128721.6
128834.6
128834.211
128984.6
129050.6
130334.3
130434.6
130834.1
132629.4
132648.5
132720.6
132897.6
132897.211
133309.8
133386.8
133436.8
134002.6
134104.6
134210.4
134397.3
134425.5
134897.1
135056.6
135144.6
135144.211
135309.4
135325.5
135326.4
135547.5
135657.6
135775.6
136164.6
136291.6
136377.6
136593.6
136644.3
136672.4
136719.5
136721.4
136727.5
137144.1
137751.6
137826.6
137826.211
137887.4
137896.5
137900.4
137929.5
138017.6
138131.6
139326.3
139826.1
141029.6
141157.6
141157.211
141296.6
141374.4
141382.5
141402.4
141404.5
141769.6
141917.6
142145.6
142597.6
142657.3
142804.6
143157.1
143371.6
143636.6
143636.211
143820.6
143887.6
143998.6
144100.4
144123.5
144125.4
144131.5
144200.6
144402.6
144569.6
144723.6
144903.4
145000.5
145061.6
145136.3
145200.6
145636.1
146425.6
146552.6
146552.211
146671.6
146780.4
146804.5
147143.6
147385.6
147464.6
147570.4
147573.5
147941.6
148052.3
148552.1
148774.6
148873.6
148873.211
149004.6
149149.6
149223.4
149266.5
150373.3
150873.1
151017.6
151165.6
151165.211
151322.6
151457.6
152665.3
153165.1
153359.6
153464.6
153464.211
153595.6
153625.6
153732.4
153768.5
154551.6
154964.3
155464.1
156388.6
156578.6
156578.211
156635.4
156642.5
156831.6
158078.3
158578.1
159770.6
160095.6
160096.212
160153.2
160153.4
160206.5
160653.3
160660.4
160741.5
160901.6
161153.1
161244.6
161489.6
161489.211
161586.6
161819.6
162721.6
162892.4
162911.5
162917.4
162920.5
162988.6
162989.3
163166.6
163489.1
163624.6
163720.6
163720.211
164265.6
164471.6
164577.6
164900.6
165060.6
165171.6
165220.3
165232.6
165720.1
165723.6
165807.6
165807.211
166715.6
166786.6
166877.4
166988.5
167075.6
167157.4
167227.5
167229.4
167230.5
167307.3
167389.4
167406.5
167410.4
167414.5
167477.4
167568.5
167630.6
167807.1
167900.6
168035.6
168035.211
168168.6
168269.6
168417.4
168438.5
168440.4
168441.5
168442.4
168473.5
168485.4
168766.5
168849.6
168966.6
169026.6
169062.4
169200.5
169210.4
169211.5
169238.4
169535.3
169679.5
169754.4
170035.1
172010.5
172319.4
172708.5
172894.4
172898.5
172906.4
172926.5
172931.4
172946.5
172967.4
172983.5
173037.4
173594.5
173797.6
173953.4
173976.5
173979.4
174119.5
174122.4
174130.5
174133.4
174839.5
174840.4
175150.5
175151.4
175185.5
175187.4
175197.5
175198.4
175377.5
175378.4
175382.5
175856.4
175906.5
175908.4
176042.5
176163.4
176261.5
176502.4
176512.5
176552.4
176555.5
176559.4
176578.5
176581.4
176587.5
176588.4
176592.5
176597.4
176600.5
176604.4
176606.5
177538.4
177543.5
177547.4
177577.5
177676.4
177679.5
177725.4
177776.5
177885.6
177886.212
177952.2
177952.4
178452.3
178636.5
178952.1
179203.4
179258.5
179263.4
179293.5
179306.4
179411.5
179865.6
179960.6
180000.9
123456789
9
15
15
9
15
15
14
FI
2
6
10
52
12
11
25
12
6
2
2057
0
0
0
314159265
62
3
750
180000
314159265
0.1
237.6
310.6
310.211
759.6
1160.6
1300.6
1810.3
2310.1
3557.6
3636.6
3636.211
3756.6
3855.6
4098.4
4099.5
4101.4
4291.5
4413.4
4507.5
4710.6
4825.6
5136.3
5319.6
5419.6
5597.6
5636.1
5909.6
6175.6
6175.211
6467.6
6995.4
6999.5
7063.6
7176.6
7367.6
7675.3
8061.6
8175.1
8472.6
8876.6
8877.212
8940.2
8940.4
9008.5
9440.3
9834.6
9940.1
10138.6
10238.6
10238.211
10427.6
10471.6
10757.6
10893.6
11105.6
11464.6
11667.6
11738.3
12238.1
12405.6
12500.6
12500.211
12638.6
12783.6
13166.6
13606.6
14000.3
14500.1
14758.6
14851.6
14851.211
14978.6
15182.6
15437.6
16296.4
16351.3
16851.1
16855.5
16984.4
17026.5
17114.6
17211.6
17211.211
17316.6
17446.4
17975.5
18059.4
18225.5
18226.4
18230.5
18242.4
18273.5
18284.4
18361.5
18506.6
18612.4
18675.5
18711.3
18808.4
18851.5
18969.4
19004.5
19211.1
19271.4
19275.5
19425.4
19429.5
19438.4
19467.5
19472.4
19575.5
19718.4
19743.5
19823.4
19931.5
20141.6
20358.6
20358.211
20750.6
21013.6
21099.4
21270.5
21272.4
21277.5
21281.4
21284.5
21286.4
21354.5
21593.6
21692.6
21858.3
21882.4
21887.5
22022.6
22358.1
22529.6
22613.6
22613.211
22728.4
22745.5
22747.4
22749.5
22757.4
22768.5
23045.6
23120.6
23259.4
23294.5
23297.4
23387.5
23392.4
23397.5
23522.6
23639.6
23717.4
24113.3
24155.5
24156.4
24240.5
24241.4
24328.5
24329.4
24340.5
24343.4
24353.5
24357.4
24364.5
24369.4
24377.5
24380.4
24390.5
24392.4
24401.5
24403.4
24439.5
24441.4
24451.5
24455.4
24478.5
24480.4
24492.5
24493.4
24505.5
24509.4
24518.5
24522.4
24531.5
24534.4
24538.5
24539.4
24544.5
24548.4
24558.5
24561.4
24568.5
24574.4
24577.5
24579.4
24582.5
24586.4
24587.5
24590.4
24596.5
24598.4
24613.1
24634.5
24638.4
24647.5
24651.4
24661.5
24662.4
24673.5
24676.4
24683.5
24688.4
24691.5
24693.4
24698.5
24702.4
24712.5
24715.4
24724.5
24725.4
24732.5
24733.4
24738.5
24741.4
24752.5
24754.4
24763.5
24769.4
24772.5
24783.4
24791.5
24793.4
24803.5
24806.4
24811.5
24819.4
24822.5
24834.4
24843.5
24846.4
24856.5
24860.4
24869.5
24872.4
24874.5
24875.4
24883.5
24886.4
24903.5
24905.4
24910.5
24914.4
24915.5
24917.4
24924.5
24927.4
24939.5
24940.4
24951.5
24955.4
24957.5
24958.4
24965.5
24968.4
24979.5
24981.4
25006.5
25009.4
25049.5
25052.4
25062.5
25065.4
25076.5
25079.4
25087.5
25092.4
25101.5
25105.4
25115.5
25117.4
25134.5
25136.4
25140.5
25144.4
25154.5
25157.4
25162.5
25169.4
25172.5
25175.4
25178.5
25182.4
25192.5
25195.4
25205.5
25210.4
25225.5
25227.4
25232.5
25235.4
25260.5
25264.4
25281.5
25284.4
25288.5
25295.4
25302.5
25306.4
25309.5
25311.4
25321.5
25324.4
25328.5
25337.4
25349.5
25353.4
25362.5
25364.4
25372.5
25374.4
25394.5
25396.4
25401.5
25406.4
25414.5
25417.4
25434.5
25447.4
25453.5
25456.4
25458.5
25460.4
25467.5
25468.4
25493.5
25495.4
25505.5
25508.4
25518.5
25520.4
25531.5
25533.4
25543.5
25546.4
25551.5
25552.4
25554.5
25555.4
25557.5
25560.4
25562.5
25565.4
25570.5
25574.4
25584.5
25588.4
25604.5
25607.4
25614.5
25617.4
25619.5
25621.4
25634.5
25636.4
25640.5
25643.4
25646.5
25649.4
25654.5
25657.4
25674.5
25676.4
25684.5
25687.4
25691.5
25700.4
25704.5
25707.4
25726.5
25728.4
25736.5
25740.4
25742.5
25748.4
25765.5
25768.4
25772.5
25774.4
25807.5
25809.4
25840.5
25842.4
25846.5
25848.4
25929.5
25931.4
26026.5
26028.4
26030.5
26031.4
26039.5
26041.4
26053.5
26054.4
26094.5
26096.4
26114.5
26115.4
26120.5
26123.4
26134.5
26137.4
26166.5
26168.4
26172.5
26176.4
26186.5
26189.4
26206.5
26208.4
26214.5
26219.4
26235.5
26236.4
26241.5
26245.4
26256.5
26258.4
26287.5
26290.4
26295.5
26301.4
26308.5
26311.4
26339.5
26343.4
26347.5
26350.4
26352.5
26355.4
26367.5
26369.4
26374.5
26381.4
26519.5
26521.4
26532.5
26533.4
26546.5
26547.4
26788.5
26789.4
26978.5
26986.4
27022.5
27026.4
27028.5
27030.4
27037.5
27038.4
27042.5
27045.4
27052.5
27054.4
27057.5
27058.4
27067.5
27069.4
27087.5
27089.4
27093.5
27095.4
27098.5
27101.4
27108.5
27110.4
27724.5
27725.4
27729.5
27731.4
27779.5
28221.6
28355.4
28483.5
28619.4
28654.5
28655.4
28665.5
28668.4
28675.5
28678.4
28680.5
28683.4
28687.5
28690.4
28692.5
28694.4
28700.5
28704.4
28713.5
28715.4
28730.5
28733.4
28738.5
28742.4
28751.5
28753.4
28770.5
28771.4
28778.5
28780.4
28791.5
28792.4
28808.5
28810.4
28814.5
28816.4
28851.5
28852.4
28865.5
28866.4
28878.5
28880.4
28911.5
28912.4
28918.5
28919.4
29043.5
29044.4
29068.5
29193.6
29194.212
29259.2
29259.4
29343.5
29759.3
30123.4
30258.5
30259.1
30367.6
30705.6
30706.212
30756.2
30756.4
30810.5
31256.3
31756.1
33128.6
33178.6
33178.211
33431.6
33634.6
33732.4
33793.5
33869.6
34031.4
34208.5
34214.4
34222.5
34518.6
34632.4
34678.3
34766.5
34773.4
34781.5
34784.4
34787.5
34789.4
34796.5
35178.1
35474.4
35477.5
35489.4
35493.5
35539.4
35540.5
35741.6
35832.6
35832.211
35956.6
36033.6
36135.6
36239.6
36352.4
36381.5
36382.4
36387.5
36397.4
36401.5
36402.4
36405.5
36406.4
36779.5
36889.4
37332.3
37655.5
37809.6
37832.1
38234.4
38320.5
38331.4
38371.5
38390.4
38804.5
38943.6
39201.4
39356.5
39459.6
39460.212
39514.2
39514.4
39516.5
39517.4
39580.5
40014.3
40514.1
42806.6
43098.6
43098.211
43284.6
43404.4
43718.5
43804.6
44108.6
44242.4
44598.3
44609.5
44781.6
45014.4
45098.1
46922.5
47078.6
47174.4
47529.5
47653.6
47654.212
47709.2
47709.4
47762.5
48209.3
48709.1
49217.6
49284.6
49284.211
49357.6
49488.6
49589.4
49819.5
49895.6
50045.6
50128.4
50187.5
50190.4
50204.5
50317.6
50406.6
50512.4
50640.5
50649.4
50657.5
50739.6
50784.3
51051.6
51284.1
51345.6
51458.6
51458.211
51571.4
51737.5
51873.6
52197.4
52309.5
52417.6
52546.6
52619.4
52621.5
52632.4
52840.5
52841.4
52852.5
52869.4
52958.3
53017.5
53018.4
53020.5
53030.4
53032.5
53044.4
53074.5
53082.4
53237.5
53240.4
53243.5
53248.4
53278.5
53290.4
53292.5
53374.4
53458.1
53681.5
53778.6
53862.6
53862.211
53911.4
53928.5
53930.4
54047.5
54057.4
54070.5
54072.4
54075.5
54076.4
54080.5
54084.4
54371.5
54390.4
54463.5
54604.6
54682.6
54860.4
54907.5
55084.4
55109.5
55126.4
55129.5
55135.4
55163.5
55164.4
55166.5
55290.6
55362.3
55452.4
55694.5
55793.6
55862.1
56204.6
56323.6
56323.211
56520.4
56539.5
56680.6
56815.6
56905.6
56967.4
57043.5
57044.4
57050.5
57154.6
57823.3
58323.1
60385.6
60630.6
60630.211
60685.4
60702.5
60707.4
60718.5
60720.4
60722.5
60892.6
61156.4
61337.5
61390.4
61419.5
61511.6
62130.3
62630.1
62998.6
63098.6
63098.211
63215.6
63469.6
63510.6
63589.6
64077.6
64256.6
64598.3
64703.6
64816.6
65098.1
65352.6
65595.6
65595.211
65799.6
65962.6
66235.8
66489.4
66505.5
66586.6
66729.6
66821.6
67095.3
67143.6
67383.4
67384.5
67595.1
67624.4
67719.5
67735.4
67758.5
67829.6
68290.4
68356.5
68357.4
68361.5
68444.6
68445.212
68515.2
68515.4
68569.5
69015.3
69515.1
69690.6
69784.6
69784.211
69855.4
69863.5
69951.6
70068.6
70288.6
70535.6
70670.6
70980.6
71105.6
71284.3
71784.1
72059.6
72219.6
72219.211
72375.4
72417.5
72569.4
72599.5
72602.4
72624.5
72799.6
72912.6
72994.6
73115.6
73367.6
73468.4
73719.3
74219.1
74515.5
74646.6
74704.6
74704.211
74815.6
74947.6
75089.6
75271.4
75533.5
75611.6
75664.6
75743.6
75800.4
75821.5
75823.4
75836.5
75838.4
76204.3
76462.5
76601.6
76704.1
76779.4
76828.5
76929.6
77078.4
77217.5
77218.4
77436.5
77438.4
77550.5
77612.4
77631.5
77725.4
77788.5
77795.4
77813.5
77819.4
77916.5
77921.4
77928.5
77987.4
78030.5
78280.6
78281.212
78331.2
78331.4
78391.5
78831.3
78937.4
78953.5
79045.6
79106.6
79331.1
79413.6
79632.6
79632.211
79841.4
79849.5
79852.4
79868.5
79870.4
79934.5
80028.6
80164.6
80335.4
80362.5
80373.4
80386.5
80387.4
80442.5
81115.4
81132.3
81193.5
81200.4
81205.5
81287.6
81436.6
81632.1
81747.6
81849.6
81849.211
82376.6
82474.6
82758.6
82876.6
83349.3
83849.1
84009.6
84169.6
84169.211
84244.4
84268.5
84271.4
84274.5
84276.4
84280.5
84351.6
84556.6
84745.6
85484.6
85567.4
85584.5
85588.4
85603.5
85605.4
85612.5
85615.4
85623.5
85669.3
85891.8
86081.4
86169.1
86220.5
86405.6
86559.6
86559.211
86654.4
86697.5
86698.4
86758.5
86772.4
86799.5
86803.4
86804.5
87016.4
87095.5
87096.4
87119.5
87233.6
87413.4
87425.5
87431.4
87525.5
87648.4
87682.5
87709.4
87716.5
87720.4
87798.5
87803.4
87806.5
87816.4
87820.5
87904.4
88059.3
88077.5
88162.6
88324.6
88413.4
88417.5
88419.4
88504.5
88558.4
88559.1
88802.5
88883.6
88952.6
88952.211
88994.4
89044.5
89046.4
89168.5
89171.4
89196.5
89306.4
89433.5
89537.6
89612.6
89654.4
89712.5
89797.4
89798.5
89799.4
90016.5
90110.6
90210.4
90452.3
90551.5
90839.6
90952.1
90957.6
91173.6
91173.211
91327.6
91425.6
91539.6
91688.6
91862.4
91869.5
91990.6
92160.6
92297.6
92476.4
92493.5
92495.4
92524.5
92623.6
92673.3
93173.1
93607.4
93658.5
93690.4
93692.5
93699.4
93733.5
93749.4
93754.5
93756.4
93758.5
93884.4
93886.5
93891.4
93911.5
93919.4
93931.5
93932.4
93937.5
93938.4
93963.5
93987.4
93999.5
94001.4
94004.5
94006.4
94035.5
94495.4
94499.5
94831.6
94896.6
94896.211
94976.4
94987.5
95082.4
95196.5
95292.4
95411.5
95612.4
95723.5
95839.6
96100.4
96136.5
96214.6
96334.4
96355.5
96357.4
96367.5
96368.4
96374.5
96386.4
96396.3
96497.5
96662.4
96704.5
96706.4
96741.5
96816.6
96896.1
97147.6
97222.6
97222.211
97714.6
97876.4
97967.5
98127.6
98272.4
98278.5
98279.4
98291.5
98294.4
98298.5
98528.4
98585.5
98722.3
98929.6
99051.6
99117.6
99222.1
99466.6
99644.6
99644.211
100148.6
100401.6
100525.6
101144.3
101510.6
101644.1
101804.6
102072.6
102072.211
102424.6
102662.6
102721.6
102912.6
102973.4
102996.5
103505.6
103572.3
104072.1
110643.6
110763.6
110763.211
111094.6
111269.4
111365.5
111379.4
111435.5
111833.6
112031.6
112263.3
112763.1
113090.6
113280.6
113280.211
113444.6
113766.6
114780.3
115280.1
116128.4
116167.5
116296.6
116397.6
116397.211
116510.4
116533.5
116543.4
116607.5
116741.6
117044.4
117131.5
117225.6
117323.6
117897.3
118397.1
121402.6
121473.6
121473.211
121711.6
121896.6
122017.4
122071.5
122973.3
123061.6
123473.1
123790.6
123902.6
123902.211
124110.6
124789.6
125402.3
125902.1
126781.6
126885.6
126885.211
127208.6
127274.4
127294.5
128211.6
128385.3
128753.6
128885.1
129918.6
130198.6
130198.211
130317.4
130369.5
130461.6
130564.6
130817.6
131027.6
131034.6
131698.3
132198.1
132738.6
133411.6
133412.212
133467.2
133467.4
133515.5
133967.3
134467.1
135717.6
136066.6
136067.212
136130.2
136130.4
136179.5
136630.3
137130.1
139012.6
139419.6
139420.212
139479.2
139479.4
139564.5
139979.3
140479.1
140627.6
140745.6
140745.211
140931.6
141007.6
141264.6
141404.6
141600.6
141631.6
141855.6
142102.6
142245.3
142497.6
142594.6
142745.1
142960.6
143093.6
143093.211
143362.6
143573.6
143627.4
143711.5
143825.6
144053.6
144559.6
144593.3
144640.4
144659.5
144661.4
144726.5
144802.6
145067.6
145093.1
145617.6
145694.6
145694.211
145872.4
145896.5
145908.4
145937.5
145939.4
145942.5
146020.6
146245.6
146355.4
146446.5
146448.4
146454.5
146460.4
146716.5
146717.4
146728.5
146730.4
146739.5
146745.4
146750.5
146757.4
146763.5
146764.4
146774.5
146778.4
146786.5
146789.4
146792.5
146794.4
146795.5
146803.4
146811.5
146813.4
146823.5
146826.4
146833.5
146838.4
146844.5
146853.4
146861.5
146866.4
146871.5
146876.4
146901.5
146905.4
146916.5
146917.4
146927.5
146930.4
146938.5
146945.4
146952.5
146954.4
146964.5
146966.4
146975.5
146979.4
146982.5
146984.4
146989.5
146992.4
146994.5
146995.4
147002.5
147005.4
147013.5
147015.4
147021.5
147024.4
147026.5
147034.4
147040.5
147043.4
147045.5
147046.4
147051.5
147053.4
147071.5
147073.4
147078.5
147081.4
147082.5
147085.4
147091.5
147093.4
147104.5
147106.4
147115.5
147118.4
147123.5
147125.4
147127.5
147132.4
147135.5
147137.4
147142.5
147149.4
147154.5
147156.4
147164.5
147165.4
147173.5
147176.4
147181.5
147184.4
147194.3
147195.5
147197.4
147221.5
147225.4
147234.5
147236.4
147246.5
147248.4
147287.5
147291.4
147301.5
147303.4
147306.5
147308.4
147314.5
147317.4
147333.5
147335.4
147338.5
147341.4
147344.5
147346.4
147352.5
147354.4
147361.5
147362.4
147372.5
147380.4
147384.5
147387.4
147390.5
147394.4
147405.5
147406.4
147444.5
147447.4
147459.5
147462.4
147479.5
147483.4
147486.5
147490.4
147491.5
147494.4
147501.5
147504.4
147529.5
147531.4
147546.5
147548.4
147558.5
147562.4
147572.5
147575.4
147588.5
147591.4
147598.5
147603.4
147606.5
147607.4
147613.5
147620.4
147627.5
147631.4
147647.5
147651.4
147659.5
147663.4
147667.5
147668.4
147694.1
147701.5
147703.4
147710.5
147711.4
147719.5
147732.4
147762.5
147765.4
147769.5
147770.4
147773.5
147779.4
147801.5
147808.4
147816.5
147823.4
147824.5
147837.4
147843.5
147850.4
147855.5
147867.4
147870.5
147877.4
147886.5
147890.4
147898.5
147908.4
147913.5
147918.4
147927.5
147931.4
147938.5
147942.4
147946.5
147952.4
147953.5
147958.4
147968.5
147971.4
147981.5
147986.4
147996.5
147998.4
148002.5
148004.4
148008.5
148016.4
148024.5
148026.4
148054.5
148058.4
148061.5
148062.4
148069.5
148073.4
148074.5
148076.4
148084.5
148089.4
148098.5
148102.4
148104.5
148118.4
148124.5
148129.4
148144.5
148149.4
148156.5
148160.4
148165.5
148167.4
148211.5
148213.4
148220.5
148224.4
148233.5
148238.4
148269.5
148271.4
148285.5
148287.4
148290.5
148320.4
148322.5
148334.4
148343.5
148360.4
148362.5
148371.4
148385.5
148410.4
148413.5
148419.4
148421.5
148426.4
148428.5
148431.4
148532.5
148534.4
148537.5
148539.4
148545.5
148546.4
148552.5
148554.4
148560.5
148561.4
148567.5
148569.4
148580.5
148584.4
148588.5
148589.4
148609.5
148612.4
148620.5
148629.4
148650.5
148651.4
148660.5
148664.4
148688.5
148691.4
148695.5
148698.4
148700.5
148703.4
148708.5
148712.4
148729.5
148739.4
148741.5
148745.4
148752.5
148754.4
148765.5
148766.4
148773.5
148775.4
148782.5
148785.4
148811.5
148816.4
148824.5
148827.4
148836.5
148841.4
148842.5
148856.4
148863.5
148865.4
148868.5
148884.4
148888.5
148892.4
148893.5
148895.4
148904.5
148906.4
148918.5
148921.4
148929.5
148938.4
148944.5
148946.4
148965.5
148967.4
148972.5
148974.4
148978.5
148981.4
148984.5
148985.4
148996.5
148997.4
149006.5
149025.4
149026.5
149031.4
149032.5
149036.4
149042.5
149046.4
149047.5
149050.4
149055.5
149060.4
149063.5
149066.4
149069.5
149073.4
149093.5
149101.4
149107.5
149324.6
149365.6
149365.211
149490.4
149573.5
149575.4
149652.5
149655.4
149665.5
149668.4
149678.5
149680.4
149692.5
149694.4
149719.5
149722.4
149762.5
149764.4
150228.5
150230.4
150236.5
150237.4
150239.5
150242.4
150248.5
150254.4
150795.5
150805.4
150815.5
150822.4
150828.5
150837.4
150840.5
150847.4
150865.3
150871.5
150875.4
150880.5
150886.4
150895.5
150898.4
150900.5
150901.4
150906.5
150910.4
150912.5
150927.4
150929.5
150934.4
150964.5
150972.4
150978.5
150982.4
150995.5
150996.4
151033.5
151048.4
151052.5
151055.4
151072.5
151078.4
151084.5
151093.4
151111.5
151115.4
151120.5
151123.4
151125.5
151127.4
151132.5
151135.4
151139.5
151152.4
151191.5
151193.4
151202.5
151206.4
151210.5
151212.4
151214.5
151222.4
151228.5
151231.4
151247.5
151256.4
151258.5
151260.4
151266.5
151267.4
151278.5
151280.4
151324.5
151326.4
151343.5
151344.4
151365.1
151372.5
151374.4
151527.5
151528.4
151532.5
151533.4
151554.5
151555.4
151712.5
151714.4
151741.5
151745.4
151780.5
151785.4
151822.5
151830.4
151834.5
151841.4
151842.5
151843.4
151852.5
151854.4
151863.5
151866.4
151872.5
151880.4
151881.5
151887.4
151893.5
151896.4
151903.5
151905.4
151913.5
152083.6
152209.4
152664.5
152753.6
152754.212
152809.2
152809.4
152857.5
153309.3
153809.1
156847.4
156910.5
156925.4
156946.5
157048.6
157119.6
157119.211
157216.6
157317.4
157357.5
157358.4
157366.5
157367.4
157378.5
157400.4
157417.5
157422.4
157457.5
157645.6
157802.6
157866.4
157870.5
157879.4
157904.5
158059.4
158064.5
158069.4
158146.5
158152.4
158155.5
158158.4
158240.5
158339.6
158425.4
158619.3
158632.5
158677.4
158849.5
158850.4
158856.5
158948.6
159099.4
159110.5
159113.4
159116.5
159119.1
159329.6
159560.6
159560.211
159672.6
159744.4
159748.5
159756.4
159777.5
159779.4
159780.5
159827.4
159968.5
160085.6
160161.6
160304.4
160338.5
160340.4
160343.5
160439.6
160600.6
160656.4
160779.5
161031.6
161060.3
161155.4
161170.5
161181.4
161185.5
161186.4
161188.5
161189.4
161195.5
161196.4
161203.5
161204.4
161209.5
161560.1
161760.6
161848.6
161848.211
162049.4
162053.5
162110.4
162143.5
162146.4
162269.5
162353.6
162459.6
162499.4
162702.5
162889.6
163032.4
163149.5
163162.4
163170.5
163229.6
163347.6
163348.3
163521.6
163619.6
163674.4
163694.5
163697.4
163699.5
163750.4
163848.1
163924.5
163994.6
164202.6
164202.211
164492.6
164579.4
165633.5
165702.3
165740.6
165904.4
165922.5
165928.4
165947.5
165951.4
166063.5
166065.4
166076.5
166078.4
166088.5
166090.4
166099.5
166102.4
166112.5
166115.4
166124.5
166127.4
166138.5
166139.4
166151.5
166152.4
166202.1
166243.5
166244.4
166256.5
166259.4
166269.5
166272.4
166281.5
166284.4
166294.5
166295.4
166308.5
166312.4
166321.5
166326.4
166334.5
166336.4
166341.5
166342.4
166347.5
166350.4
166352.5
166354.4
166362.5
166365.4
166374.5
166377.4
166380.5
166381.4
166390.5
166392.4
166415.5
166417.4
166456.5
166459.4
166495.5
166497.4
166701.5
166857.6
167066.4
167178.5
167183.4
167198.5
167199.4
167201.5
167203.4
167599.5
167735.6
167736.212
167789.2
167789.4
167829.5
168289.3
168789.1
170445.4
170451.5
170452.4
170636.5
170767.6
170832.6
170832.211
170982.6
171199.4
171243.5
171371.6
171528.6
171589.6
171698.4
171835.5
171900.6
172056.6
172155.6
172242.4
172267.5
172277.4
172279.5
172282.4
172285.5
172332.3
172832.1
172940.6
173136.6
173136.211
173296.4
173309.5
173310.4
173325.5
173328.4
173330.5
173421.6
173463.6
173531.6
173642.6
174192.6
174339.6
174438.4
174449.5
174451.4
174453.5
174456.4
174459.5
174555.8
174636.3
174907.4
174909.5
174911.4
174927.5
174928.4
174932.5
174934.4
174954.5
175038.6
175136.1
175434.6
175727.4
175777.5
175833.6
175834.212
175885.2
175885.4
175945.5
176385.3
180000.9
123456789
9
16
15
9
16
15
14
FI
2
6
10
48
01
11
21
01
6
2
1949
0
0
0
314159265
130
0
418
180000
314159265
0.1
491.6
596.4
691.5
804.6
805.212
857.2
857.4
926.5
1357.3
1857.1
2250.4
2335.5
2707.4
2904.5
3032.6
3127.211
3127.6
3200.211
3200.6
3313.4
3420.5
3509.6
3510.212
3568.2
3568.4
3607.5
4068.3
4568.1
4569.4
4732.5
4832.6
4944.211
4944.6
5013.211
5013.6
5114.211
5114.6
5232.4
5375.5
5497.6
5498.212
5559.2
5559.4
5568.5
5574.4
5612.5
6059.3
6559.1
6682.6
6743.211
6743.6
6819.211
6819.6
6898.211
6898.6
7242.6
7243.212
7311.2
7311.4
7355.5
7811.3
8311.1
11141.4
11168.5
11250.6
11313.211
11313.6
11367.211
11367.6
11482.4
11532.5
11655.211
11655.6
11821.211
11821.6
12001.4
12131.5
12252.6
12253.212
12314.2
12314.4
12358.5
12814.3
13314.1
15032.6
15101.211
15101.6
15314.211
15314.6
15389.211
15389.6
15506.211
15506.6
15573.211
15573.6
15670.4
15703.5
15706.4
15723.5
15811.211
15811.6
15933.211
15933.6
16108.211
16108.6
16397.211
16397.6
16497.211
16497.6
16794.4
16976.5
17087.6
17088.212
17144.2
17144.4
17192.5
17644.3
18144.1
19065.6
19120.211
19120.6
19174.211
19174.6
19259.211
19259.6
19406.4
19454.5
19542.211
19542.6
19695.211
19695.6
19858.211
19858.6
20001.211
20001.6
20137.211
20137.6
20281.4
20326.5
20456.6
20457.212
20508.2
20508.4
20576.5
21008.3
21508.1
24263.6
24297.211
24297.6
24387.211
24387.6
24454.211
24454.6
24560.4
24585.5
24705.211
24705.6
24847.211
24847.6
24919.211
24919.6
25142.211
25142.6
25315.211
25315.6
25409.211
25409.6
25477.211
25477.6
25611.211
25611.6
25692.4
25831.5
25904.211
25904.6
26044.211
26044.6
26310.4
26325.5
26329.4
26333.5
26466.6
26467.212
26519.2
26519.4
26574.5
27019.3
27519.1
28441.6
28489.211
28489.6
28526.211
28526.6
28566.211
28566.6
28641.211
28641.6
28700.211
28700.6
28783.4
28814.5
28887.211
28887.6
29051.211
29051.6
29106.211
29106.6
29192.4
29299.5
29392.211
29392.6
29465.211
29465.6
29538.211
29538.6
29588.211
29588.6
29665.4
29822.5
29927.6
29928.212
29980.2
29980.4
30114.5
30480.3
30980.1
31002.6
31220.211
31220.6
31358.4
31471.5
31555.6
31556.212
31612.2
31612.4
31660.5
32112.3
32612.1
32804.4
33001.5
33106.6
33168.211
33168.6
33284.211
33284.6
33312.211
33312.6
33431.211
33431.6
33505.211
33505.6
33669.4
33707.5
33827.6
33828.212
33880.2
33880.4
33914.5
34380.3
34880.1
35896.6
35929.211
35929.6
35985.211
35985.6
36031.211
36031.6
36101.211
36101.6
36154.211
36154.6
36199.211
36199.6
36456.211
36456.6
36553.4
36582.5
36688.211
36688.6
36784.211
36784.6
36848.211
36848.6
36916.211
36916.6
36979.211
36979.6
37062.4
37236.5
37315.6
37316.212
37387.2
37387.4
37448.5
37887.3
38387.1
38960.6
39019.211
39019.6
39046.211
39046.6
39102.211
39102.6
39161.211
39161.6
39289.211
39289.6
39367.211
39367.6
39474.4
39588.5
39677.6
39678.212
39748.2
39748.4
39787.5
40248.3
40329.4
40510.5
40615.6
40679.6
40703.6
40748.1
40783.6
40850.211
40850.6
40967.211
40967.6
41091.211
41091.6
41249.4
41276.5
41343.211
41343.6
41404.211
41404.6
41495.211
41495.6
41587.211
41587.6
41687.211
41687.6
41746.211
41746.6
41814.211
41814.6
41887.211
41887.6
42013.211
42013.6
42139.4
42177.5
42183.4
42185.5
42189.4
42192.5
42299.211
42299.6
42433.211
42433.6
42518.211
42518.6
42619.211
42619.6
42754.211
42754.6
42917.211
42917.6
42981.211
42981.6
43778.4
43882.5
43946.6
43947.212
43997.2
43997.4
43998.5
43999.4
44062.5
44497.3
44997.1
45938.6
46021.211
46021.6
46064.211
46064.6
46111.211
46111.6
46132.211
46132.6
46201.4
46218.5
46305.211
46305.6
46446.211
46446.6
46519.211
46519.6
46624.4
46680.5
46757.211
46757.6
46829.211
46829.6
46945.211
46945.6
47054.4
47133.5
47139.4
47142.5
47230.211
47230.6
47347.211
47347.6
47414.211
47414.6
47497.211
47497.6
47570.4
47601.5
47606.4
47756.5
47846.6
47847.212
47895.2
47895.4
47959.5
48395.3
48895.1
49074.6
49177.211
49177.6
49225.211
49225.6
49259.211
49259.6
49329.211
49329.6
49432.4
49481.5
49555.211
49555.6
49753.211
49753.6
49944.211
49944.6
49995.4
50038.5
50179.211
50179.6
50251.211
50251.6
50455.4
50479.5
50488.4
50537.5
50594.6
50595.212
50649.2
50649.4
50695.5
51149.3
51649.1
52879.6
52978.211
52978.6
53059.211
53059.6
53140.211
53140.6
53279.4
53294.5
53399.211
53399.6
53534.211
53534.6
53626.211
53626.6
53719.4
53763.5
53908.211
53908.6
53985.211
53985.6
54056.211
54056.6
54301.211
54301.6
54381.4
54477.5
54543.211
54543.6
54709.211
54709.6
54791.4
54809.5
54816.4
54820.5
54953.211
54953.6
55057.211
55057.6
55159.211
55159.6
55281.211
55281.6
55389.4
55427.5
55495.211
55495.6
55648.211
55648.6
55755.4
55908.5
55911.4
56188.5
56270.6
56271.212
56320.2
56320.4
56383.5
56820.3
57320.1
57401.6
57496.211
57496.6
57593.211
57593.6
57667.4
57686.5
57786.211
57786.6
57893.211
57893.6
57967.211
57967.6
57997.211
57997.6
58062.4
58105.5
58204.211
58204.6
58285.211
58285.6
58406.211
58406.6
58488.4
58592.5
58598.4
58602.5
58700.211
58700.6
58868.211
58868.6
58922.4
59050.5
59147.211
59147.6
59251.211
59251.6
59357.4
59538.5
59540.4
59546.5
59549.4
59550.5
59551.4
59572.5
59675.6
59676.212
59727.2
59727.4
59765.5
60227.3
60381.4
60455.5
60521.4
60700.5
60727.1
60801.6
60890.211
60890.6
60985.211
60985.6
61059.4
61099.5
61174.211
61174.6
61254.211
61254.6
61327.211
61327.6
61399.4
61465.5
61499.4
61558.5
61644.6
61645.212
61698.2
61698.4
61775.5
62198.3
62698.1
64071.6
64206.211
64206.6
64356.4
64385.5
64501.211
64501.6
64579.211
64579.6
64717.211
64717.6
64837.4
64868.5
64972.211
64972.6
65048.211
65048.6
65134.211
65134.6
65231.4
65279.5
65356.211
65356.6
65533.4
65591.5
65718.6
65719.212
65771.2
65771.4
65824.5
66271.3
66771.1
68225.6
68348.211
68348.6
68422.4
68452.5
68560.211
68560.6
68646.211
68646.6
68745.4
68797.5
68946.211
68946.6
69104.4
69133.5
69137.4
69141.5
69260.6
69261.212
69308.2
69308.4
69350.5
69808.3
69956.4
70092.5
70173.6
70308.1
70336.6
70423.4
70443.5
70548.211
70548.6
70628.211
70628.6
70676.211
70676.6
70712.211
70712.6
70781.211
70781.6
70863.211
70863.6
70928.4
70954.5
71139.211
71139.6
71214.211
71214.6
71257.211
71257.6
71374.211
71374.6
71456.4
71907.5
71993.6
71994.212
72042.2
72042.4
72097.5
72542.3
73042.1
76371.6
76449.211
76449.6
76659.211
76659.6
76814.4
76839.5
76880.4
76964.5
77042.6
77043.212
77093.2
77093.4
77127.5
77593.3
77634.4
77873.5
78043.6
78093.1
78188.6
78272.4
78308.5
78416.211
78416.6
78488.211
78488.6
78566.211
78566.6
78640.211
78640.6
78723.211
78723.6
78817.211
78817.6
78900.4
78945.5
78947.4
78952.5
79058.211
79058.6
79165.211
79165.6
79252.211
79252.6
79386.211
79386.6
79465.211
79465.6
79531.4
79605.5
79612.4
79618.5
79714.211
79714.6
79798.211
79798.6
79871.211
79871.6
79943.211
79943.6
79993.211
79993.6
80065.4
80156.5
80265.211
80265.6
80344.211
80344.6
80445.211
80445.6
80583.4
80652.5
80653.4
80667.5
80744.211
80744.6
80919.4
80954.5
80961.4
80985.5
81223.4
81263.5
81322.6
81323.212
81376.2
81376.4
81407.5
81876.3
82376.1
82870.6
82968.211
82968.6
83072.211
83072.6
83129.4
83169.5
83240.211
83240.6
83404.4
83453.5
83573.6
83574.212
83630.2
83630.4
83682.5
84130.3
84627.4
84630.1
84704.5
84792.6
84912.211
84912.6
84981.4
85012.5
85106.211
85106.6
85342.211
85342.6
85467.211
85467.6
85580.4
85604.5
85690.211
85690.6
85884.211
85884.6
86188.6
86189.212
86234.2
86234.4
86285.5
86734.3
87234.1
87649.4
87733.5
87808.6
87875.211
87875.6
87947.211
87947.6
88027.4
88245.5
88321.6
88322.212
88369.2
88369.4
88433.5
88869.3
89366.4
89369.1
89453.5
89545.6
89618.211
89618.6
89686.211
89686.6
89764.4
89847.5
89927.211
89927.6
90011.211
90011.6
90085.211
90085.6
90181.4
90241.5
90243.4
90247.5
90258.4
90276.5
90377.211
90377.6
90470.211
90470.6
90554.4
90647.5
90712.211
90712.6
90861.4
90871.5
90884.4
90999.5
91100.4
91159.5
91228.6
91229.212
91276.2
91276.4
91322.5
91776.3
92276.1
92284.4
92318.5
92403.6
92455.211
92455.6
92639.211
92639.6
92708.4
92732.5
92882.211
92882.6
92958.211
92958.6
92989.211
92989.6
93052.211
93052.6
93132.4
93159.5
93271.211
93271.6
93380.211
93380.6
93509.211
93509.6
93624.4
93680.5
93795.211
93795.6
93845.211
93845.6
93986.211
93986.6
94092.4
94124.5
94127.4
94179.5
94252.211
94252.6
94445.211
94445.6
94690.211
94690.6
94917.4
95012.5
95068.6
95069.212
95112.2
95112.4
95172.5
95612.3
95751.4
95945.5
95946.4
95957.5
95959.4
95964.5
96029.4
96034.5
96112.1
96129.6
96244.4
96371.5
96449.6
96450.212
96499.2
96499.4
96559.5
96979.4
96999.3
97200.5
97208.4
97311.5
97393.6
97499.1
97514.4
97531.5
97541.4
97557.5
97637.6
97725.211
97725.6
97787.4
97880.5
97960.211
97960.6
98062.211
98062.6
98161.211
98161.6
98231.4
98314.5
98412.211
98412.6
98503.211
98503.6
98657.4
98812.5
98832.4
98895.5
98966.6
98967.212
99016.2
99016.4
99079.5
99516.3
99673.4
100016.1
100059.5
100089.4
100271.5
100383.6
100455.4
100484.5
100556.211
100556.6
100634.211
100634.6
100698.211
100698.6
100765.211
100765.6
100816.4
100895.5
101014.211
101014.6
101082.211
101082.6
101218.211
101218.6
101287.211
101287.6
101343.4
101440.5
101455.4
101478.5
101546.211
101546.6
101672.211
101672.6
101726.4
101764.5
101768.4
101773.5
101862.4
101943.5
102024.6
102025.212
102073.2
102073.4
102135.5
102573.3
102888.4
103050.5
103073.1
103165.6
103243.211
103243.6
103313.211
103313.6
103374.4
103452.5
103551.211
103551.6
103627.211
103627.6
103695.4
103815.5
103888.211
103888.6
104009.211
104009.6
104072.4
104279.5
104281.4
104291.5
104295.4
104315.5
104317.4
104322.5
104325.4
104327.5
104333.4
104339.5
104341.4
104343.5
104345.4
104350.5
104356.4
104358.5
104359.4
104368.5
104370.4
104375.5
104381.4
104419.5
104421.4
104426.5
104428.4
104446.5
104447.4
104455.5
104458.4
104463.5
104465.4
104493.5
104495.4
104500.5
104501.4
104510.5
104513.4
104528.5
104533.4
104538.5
104540.4
104578.5
104579.4
104588.5
104589.4
104626.5
104627.4
104630.5
104632.4
104639.5
104641.4
104852.5
104972.6
104973.212
105023.2
105023.4
105058.5
105514.4
105516.5
105520.4
105523.3
105658.5
105858.4
105900.5
105906.4
106023.1
106122.5
106281.6
106406.211
106406.6
106557.4
106633.5
106641.4
106649.5
106757.6
106758.212
106810.2
106810.4
106845.5
107310.3
107576.4
107722.5
107733.4
107745.5
107749.4
107810.1
107810.5
107942.6
108016.211
108016.6
108073.4
108079.5
108107.4
108324.5
108413.6
108414.212
108463.2
108463.4
108524.5
108659.4
108717.5
108963.3
109186.4
109357.5
109460.6
109463.1
109593.6
109713.211
109713.6
109801.4
109862.5
109979.211
109979.6
110059.211
110059.6
110133.211
110133.6
110193.211
110193.6
110244.211
110244.6
110313.4
110436.5
110553.6
110554.212
110601.2
110601.4
110634.5
111101.3
111102.4
111601.1
111637.5
111724.6
111786.211
111786.6
111868.4
112122.5
112216.6
112217.212
112269.2
112269.4
112309.5
112769.3
113269.1
115940.4
116068.5
116152.6
116221.211
116221.6
116300.4
116467.5
116560.6
116561.212
116613.2
116613.4
116675.5
117113.3
117613.1
118096.4
118097.5
118099.4
118116.5
118204.6
118313.211
118313.6
118427.211
118427.6
118521.4
118548.5
118638.211
118638.6
118720.211
118720.6
118813.211
118813.6
118918.4
118949.5
119083.211
119083.6
119228.211
119228.6
119303.4
119342.5
120146.6
120147.212
120192.2
120192.4
120253.5
120692.3
121192.1
121797.6
121862.211
121862.6
121963.211
121963.6
122031.4
122078.5
122213.211
122213.6
122287.211
122287.6
122381.211
122381.6
122440.4
122470.5
122571.211
122571.6
122890.6
122891.212
122942.2
122942.4
123037.5
123442.3
123485.4
123489.5
123491.4
123522.5
123524.4
123531.5
123533.4
123591.5
123752.6
123942.1
123942.6
124084.6
124175.211
124175.6
124258.4
124286.5
124402.211
124402.6
124473.211
124473.6
124539.211
124539.6
124644.4
124672.5
124750.4
124758.5
124826.211
124826.6
124982.4
125169.5
125237.6
125238.212
125281.2
125281.4
125340.5
125781.3
126164.4
126281.1
126348.5
126543.6
126638.211
126638.6
126722.4
126725.5
126825.211
126825.6
126921.211
126921.6
127058.211
127058.6
127112.4
127178.5
127277.211
127277.6
127400.211
127400.6
127615.211
127615.6
127701.4
127998.5
128070.6
128071.212
128116.2
128116.4
128161.5
128616.3
129111.4
129116.1
129145.5
129229.6
129383.211
129383.6
129465.4
129495.5
129498.4
129502.5
129590.211
129590.6
129835.211
129835.6
129911.4
129943.5
130032.211
130032.6
130163.4
130197.5
130295.211
130295.6
130436.4
130524.5
130566.4
130580.5
130581.4
130612.5
130617.4
130622.5
130715.6
130716.212
130771.2
130771.4
130840.5
131271.3
131771.1
132163.4
132250.5
132328.6
132402.211
132402.6
132476.4
132512.5
132521.4
132575.5
132658.211
132658.6
132741.211
132741.6
132789.4
132827.5
132845.4
132847.5
132850.4
132857.5
132873.4
132879.5
132905.4
133025.5
133109.6
133110.212
133163.2
133163.4
133222.5
133661.4
133663.3
133811.5
133827.4
133939.5
134021.6
134163.1
134166.4
134209.5
134330.6
134477.4
134498.5
134509.4
134510.5
134512.4
134518.5
134553.4
134753.5
134835.6
134836.212
134912.2
134912.4
134956.5
135376.4
135412.3
135574.5
135683.6
135776.4
135820.5
135842.4
135865.5
135912.1
136017.6
136061.4
136231.5
136322.6
136323.212
136365.2
136365.4
136410.5
136782.4
136865.3
136891.5
136969.4
137296.5
137365.1
137381.6
137465.211
137465.6
137530.4
137685.5
137748.211
137748.6
137840.211
137840.6
137912.211
137912.6
137959.4
138146.5
138162.4
138175.5
138177.4
138179.5
138246.6
138247.212
138291.2
138291.4
138323.5
138461.4
138540.5
138791.3
138843.4
139291.1
139339.5
139443.6
139511.211
139511.6
139569.4
139648.5
139714.211
139714.6
139840.211
139840.6
139886.4
140003.5
140019.4
140077.5
140080.4
140085.5
140153.6
140154.212
140199.2
140199.4
140255.5
140416.4
140418.5
140419.4
140525.5
140699.3
140888.4
141132.5
141199.1
141230.6
141294.211
141294.6
141372.211
141372.6
141427.4
141522.5
141524.4
141531.5
141628.211
141628.6
141738.211
141738.6
141788.4
141888.5
141978.211
141978.6
142104.211
142104.6
142151.4
142282.5
142327.4
142374.5
142476.6
142477.212
142525.2
142525.4
142601.5
143025.3
143091.4
143485.5
143525.1
143604.6
143693.211
143693.6
143767.211
143767.6
143830.4
143974.5
143991.4
144030.5
144119.6
144120.212
144167.2
144167.4
144220.5
144298.4
144423.5
144667.3
144767.4
144926.5
145033.6
145152.4
145167.1
145192.5
145198.4
145203.5
145247.4
145336.5
145425.6
145532.211
145532.6
145574.4
145676.5
145690.4
145729.5
145824.211
145824.6
145917.211
145917.6
145975.4
146091.5
146188.4
146194.5
146297.6
146298.212
146350.2
146350.4
146376.5
146850.3
147146.4
147310.5
147350.1
147442.6
147520.4
147561.5
147647.211
147647.6
147718.211
147718.6
147783.211
147783.6
147837.4
147980.5
147986.4
148030.5
148108.6
148109.212
148158.2
148158.4
148219.5
148658.3
149158.1
152270.6
152347.211
152347.6
152426.4
152460.5
152664.6
152665.212
152714.2
152714.4
152767.5
152886.4
153001.5
153214.3
153441.4
153695.5
153714.1
153793.6
154038.211
154038.6
154100.4
154155.5
154190.4
154208.5
154287.211
154287.6
154444.211
154444.6
154509.4
154553.5
154638.211
154638.6
154770.4
154864.5
154965.6
154966.212
155013.2
155013.4
155058.5
155513.3
155601.4
155760.5
155762.4
155894.5
155972.6
156013.1
156113.4
156143.5
156215.6
156282.211
156282.6
156340.211
156340.6
156420.4
156467.5
156537.211
156537.6
156686.4
156778.5
156780.4
156830.5
156948.6
156949.212
156997.2
156997.4
157046.5
157497.3
157928.4
157977.5
157997.1
158064.6
158130.211
158130.6
158231.4
158271.5
158276.4
158287.5
158299.4
158379.5
158465.6
158466.212
158509.2
158509.4
158548.5
159009.3
159043.4
159210.5
159298.6
159380.6
159433.4
159509.1
159580.5
159582.4
159589.5
159722.6
159813.211
159813.6
159873.4
160028.5
160044.4
160069.5
160130.6
160131.212
160178.2
160178.4
160244.5
160678.3
161178.1
164106.4
164148.5
164153.4
164167.5
164250.6
164347.211
164347.6
164409.4
164482.5
164488.4
164496.5
164532.4
164535.5
164690.6
164691.212
164743.2
164743.4
164788.5
165243.3
165743.1
166271.4
166346.5
166418.6
166493.211
166493.6
166586.4
166627.5
166633.4
166639.5
166684.4
166709.5
166719.4
166766.5
166845.6
166846.212
166892.2
166892.4
166938.5
167308.4
167392.3
167563.5
167823.4
167845.5
167872.4
167892.1
167938.5
168021.6
168094.211
168094.6
168173.211
168173.6
168220.4
168247.5
168255.4
168269.5
168275.4
168313.5
168315.4
168316.5
168333.4
168339.5
168345.4
168447.5
168581.6
168582.212
168625.2
168625.4
168627.5
168635.4
168691.5
168975.4
169044.5
169125.3
169141.4
169174.5
169223.4
169490.5
169622.6
169625.1
169682.4
169757.5
169778.4
169832.5
169909.6
169977.211
169977.6
170071.211
170071.6
170123.4
170150.5
170159.4
170164.5
170173.4
170181.5
170184.4
170198.5
170224.4
170247.5
170255.4
170265.5
170266.4
170330.5
170446.6
170447.212
170493.2
170493.4
170657.5
170993.3
171493.1
171559.4
171645.5
171733.6
171779.211
171779.6
171820.211
171820.6
171898.4
171968.5
172063.211
172063.6
172127.211
172127.6
172189.4
172309.5
172399.211
172399.6
172487.211
172487.6
172608.4
172703.5
172714.4
172719.5
172770.4
172782.5
172783.4
172792.5
172794.4
172800.5
172803.4
172869.5
172938.6
172939.212
172982.2
172982.4
173024.5
173440.4
173482.3
173499.5
173656.4
173982.1
174108.5
174109.4
174394.5
174500.6
174587.211
174587.6
174631.4
174730.5
174829.211
174829.6
174956.211
174956.6
175027.4
175259.5
175280.4
175290.5
175372.6
175373.212
175411.2
175411.4
175417.5
175424.4
175461.5
175911.3
175982.4
176128.5
176210.6
176301.4
176411.1
176434.5
176442.4
176449.5
176470.4
176490.5
176558.6
176649.211
176649.6
176737.4
176894.5
177000.6
177001.212
177045.2
177045.4
177083.5
177520.4
177545.3
177717.5
177824.6
177872.6
177962.4
177988.5
177990.4
178045.1
178105.5
178184.6
178250.211
178250.6
178320.4
178351.5
178355.4
178446.5
178528.211
178528.6
178612.211
178612.6
178734.4
178880.5
178950.6
178951.212
178987.2
178987.4
178990.5
178993.4
179068.5
179487.3
179622.4
179791.5
179881.6
180000.9
123456789
9
17
15
9
17
15
14
FI
2
6
10
40
23
11
13
23
6
2
1630
0
0
0
314159265
71
0
396
180000
314159265
0.1
181.6
525.6
526.212
586.2
586.4
640.5
1086.3
1478.4
1491.5
1495.4
1586.1
1715.5
1719.4
1731.5
1838.6
1916.211
1916.6
2226.6
2227.212
2280.2
2280.4
2407.5
2780.3
3280.1
3661.6
3729.211
3729.6
3869.211
3869.6
4063.211
4063.6
4190.4
4209.5
4322.211
4322.6
4471.211
4471.6
4623.4
4674.5
4777.6
4778.212
4830.2
4830.4
4912.5
5330.3
5815.4
5830.1
5843.5
5920.6
6138.211
6138.6
6246.211
6246.6
6355.211
6355.6
6869.6
6870.212
6926.2
6926.4
6967.5
7426.3
7641.4
7744.5
7830.6
7926.1
8040.6
8250.211
8250.6
8351.211
8351.6
8696.6
8697.212
8758.2
8758.4
8811.5
9258.3
9758.1
9993.6
10170.4
10191.5
10292.211
10292.6
10374.211
10374.6
10623.211
10623.6
10718.211
10718.6
10955.4
10977.5
11054.6
11055.212
11109.2
11109.4
11195.5
11609.3
12109.1
12501.4
12539.5
12644.6
12727.211
12727.6
12834.4
12870.5
13022.211
13022.6
13130.211
13130.6
13285.4
13319.5
13419.211
13419.6
13525.211
13525.6
13620.4
13655.5
13780.211
13780.6
13919.211
13919.6
14002.4
14032.5
14167.211
14167.6
14315.211
14315.6
15422.6
15423.212
15490.2
15490.4
15557.5
15990.3
16325.4
16376.5
16490.1
16584.6
16695.211
16695.6
16793.4
16824.5
17316.6
17317.212
17369.2
17369.4
17433.5
17869.3
18033.4
18108.5
18191.6
18369.1
18514.6
18643.211
18643.6
18729.4
18763.5
18873.211
18873.6
19037.211
19037.6
19243.211
19243.6
19402.211
19402.6
19488.4
19642.5
19784.6
19785.212
19843.2
19843.4
19844.5
19847.4
19880.5
20343.3
20843.1
21459.6
21609.4
21632.5
21724.211
21724.6
21877.4
21882.5
21885.4
21898.5
22008.211
22008.6
22132.4
22156.5
22225.211
22225.6
22371.211
22371.6
22453.4
22480.5
22592.211
22592.6
22699.211
22699.6
22995.211
22995.6
23150.4
23152.5
23159.4
23248.5
23320.6
23321.212
23365.2
23365.4
23418.5
23865.3
24319.4
24365.1
24408.5
24482.6
24644.4
24792.5
24937.6
24938.212
24989.2
24989.4
24994.5
24995.4
25046.5
25489.3
25935.4
25989.1
26096.5
26176.6
26283.211
26283.6
26367.4
26401.5
26457.4
26459.5
26460.4
26492.5
26568.211
26568.6
26670.4
26702.5
26778.211
26778.6
27281.6
27282.212
27340.2
27340.4
27404.5
27840.3
27960.4
28115.5
28167.4
28171.5
28177.4
28251.5
28328.6
28340.1
28961.6
29042.211
29042.6
29228.211
29228.6
29325.211
29325.6
29576.4
29682.5
29750.6
29751.212
29801.2
29801.4
29893.5
30301.3
30434.4
30516.5
30593.6
30801.1
31005.6
31122.4
31147.5
31210.211
31210.6
31320.211
31320.6
31660.6
31661.212
31721.2
31721.4
31722.5
31723.4
31747.5
32221.3
32491.4
32624.5
32721.1
32730.6
32882.211
32882.6
32944.4
32978.5
32993.4
32996.5
32999.4
33005.5
33107.211
33107.6
33577.6
33578.212
33637.2
33637.4
33691.5
34137.3
34392.4
34463.5
34537.6
34637.1
34875.4
34939.5
35012.6
35083.211
35083.6
35248.211
35248.6
35314.4
35338.5
35351.4
35412.5
36610.6
36611.212
36668.2
36668.4
36719.5
37153.4
37168.3
37290.5
37390.6
37542.6
37607.4
37644.5
37650.4
37668.1
37739.5
37812.6
37994.4
38068.5
38138.6
38139.212
38187.2
38187.4
38259.5
38503.4
38564.5
38687.3
38796.4
39187.1
39195.5
39306.6
39411.4
39539.5
39546.4
39625.5
39759.6
39760.212
39812.2
39812.4
39848.5
40192.4
40312.3
40560.5
40673.6
40812.1
40923.4
40951.5
41047.6
41188.211
41188.6
41343.211
41343.6
41410.211
41410.6
41466.4
41573.5
41637.211
41637.6
41822.4
41914.5
41995.6
41996.212
42050.2
42050.4
42114.5
42466.4
42550.3
42720.5
42839.6
42982.6
43050.1
43207.6
43297.4
43585.5
43657.6
43658.212
43727.2
43727.4
43736.5
43742.4
43766.5
44227.3
44379.4
44594.5
44727.1
44742.6
44997.4
45267.5
45357.6
45358.212
45415.2
45415.4
45480.5
45915.3
46077.4
46146.5
46254.6
46400.4
46415.1
46440.5
46552.6
46683.211
46683.6
46757.4
46781.5
47052.6
47053.212
47101.2
47101.4
47156.5
47601.3
48101.1
48151.4
48153.5
48154.4
48156.5
48167.4
48337.5
48351.4
48356.5
48359.4
48363.5
48460.6
48565.211
48565.6
48643.4
48671.5
48677.4
48693.5
48695.4
48742.5
48816.211
48816.6
48905.4
48934.5
48940.4
48943.5
48947.4
48950.5
48959.4
48963.5
48966.4
48972.5
48975.4
49043.5
49118.6
49119.212
49166.2
49166.4
49217.5
49666.3
49750.4
49890.5
50027.6
50166.1
50179.4
50227.5
50230.4
50233.5
50237.4
50274.5
50341.6
50499.4
50548.5
50552.4
50607.5
50627.4
50692.5
50755.6
50756.212
50804.2
50804.4
50852.5
51304.3
51344.4
51419.5
51426.4
51437.5
51447.4
51526.5
51587.6
51701.4
51718.5
51723.4
51728.5
51730.4
51802.5
51803.4
51804.1
51863.5
51864.4
51913.5
51981.6
52126.4
52271.5
52336.6
52337.212
52385.2
52385.4
52419.5
52885.3
53327.4
53385.1
53452.5
53554.6
53666.211
53666.6
53845.211
53845.6
53979.211
53979.6
54058.4
54085.5
54152.211
54152.6
54299.211
54299.6
54416.4
54435.5
54542.211
54542.6
54653.211
54653.6
55197.6
55198.212
55249.2
55249.4
55323.5
55749.3
56164.4
56249.1
56310.5
56397.6
56499.211
56499.6
56648.211
56648.6
56717.4
56745.5
56882.211
56882.6
56991.4
57042.5
57104.211
57104.6
57190.211
57190.6
57307.211
57307.6
57377.4
57492.5
57512.4
57516.5
57581.211
57581.6
58365.6
58366.212
58428.2
58428.4
58477.5
58928.3
59296.4
59402.5
59428.1
59490.6
59606.211
59606.6
59748.4
59753.5
59828.211
59828.6
59959.4
59987.5
60088.211
60088.6
60225.211
60225.6
60325.211
60325.6
60405.4
60428.5
60433.4
60532.5
60609.211
60609.6
60865.211
60865.6
60963.211
60963.6
61159.211
61159.6
61258.211
61258.6
61424.4
61558.5
61619.6
61620.212
61667.2
61667.4
61733.5
62167.3
62304.4
62434.5
62533.6
62667.1
62814.6
62921.211
62921.6
63150.211
63150.6
63258.4
63301.5
63304.4
63353.5
63413.211
63413.6
63529.211
63529.6
63621.4
63732.5
63734.4
63766.5
63863.6
63864.212
63914.2
63914.4
63962.5
64388.4
64414.3
64553.5
64555.4
64557.5
64559.4
64596.5
64663.6
64914.1
65086.6
65142.4
65167.5
65231.211
65231.6
65272.4
65349.5
65413.211
65413.6
65563.211
65563.6
65794.211
65794.6
65876.211
65876.6
65942.4
65972.5
65998.4
66060.5
66128.211
66128.6
66300.211
66300.6
66379.4
66546.5
66614.6
66615.212
66659.2
66659.4
66768.5
67159.3
67298.4
67359.5
67362.4
67367.5
67373.4
67376.5
67605.6
67659.1
67882.4
67921.5
68005.6
68135.211
68135.6
68304.211
68304.6
68413.211
68413.6
68532.4
68569.5
68576.4
68588.5
68594.4
68625.5
68688.211
68688.6
68726.211
68726.6
68869.211
68869.6
68938.4
68964.5
69021.211
69021.6
69280.211
69280.6
71216.6
71217.212
71261.2
71261.4
71313.5
71761.3
72261.1
72343.4
72510.5
72612.6
72741.211
72741.6
72821.4
72836.5
72924.211
72924.6
73049.4
73121.5
73230.6
73231.212
73279.2
73279.4
73341.5
73779.3
73784.4
74255.5
74279.1
74348.6
74498.4
74541.5
74639.4
74644.5
74649.4
74651.5
74718.6
74719.212
74763.2
74763.4
74836.5
75263.3
75327.4
75416.5
75634.4
75763.1
75766.5
75862.6
76234.6
76235.212
76279.2
76279.4
76334.5
76737.4
76779.3
76816.5
77279.1
77420.6
77523.211
77523.6
77617.211
77617.6
77688.4
77711.5
77786.211
77786.6
77887.211
77887.6
78164.4
78185.5
78203.4
78251.5
78309.6
78310.212
78356.2
78356.4
78406.5
78856.3
78908.4
78911.5
78915.4
79320.5
79356.1
79411.6
79530.211
79530.6
79588.4
79617.5
79619.4
79631.5
79633.4
79736.5
79795.211
79795.6
80134.6
80135.212
80186.2
80186.4
80246.5
80686.3
80706.4
80827.5
80931.4
80956.5
81037.6
81186.1
81461.6
81573.4
81689.5
81753.211
81753.6
81946.4
81974.5
81975.4
81982.5
81983.4
82035.5
82095.6
82096.212
82140.2
82140.4
82186.5
82640.3
82784.4
82978.5
82981.4
82996.5
83140.1
84710.6
84786.211
84786.6
84944.211
84944.6
85026.4
85045.5
85102.211
85102.6
86665.6
86666.212
86729.2
86729.4
86786.5
87229.3
87313.4
87537.5
87552.4
87572.5
87675.6
87729.1
87864.6
87936.4
87971.5
88034.211
88034.6
88143.211
88143.6
88212.4
88244.5
88249.4
88293.5
88354.211
88354.6
88566.4
88596.5
88599.4
88609.5
89271.6
89272.212
89318.2
89318.4
89382.5
89818.3
89919.4
90028.5
90318.1
90525.4
90649.5
90772.6
90860.211
90860.6
90909.4
90980.5
91038.211
91038.6
91251.211
91251.6
91370.4
91393.5
91474.211
91474.6
91569.211
91569.6
91901.6
91902.212
91949.2
91949.4
91982.5
92387.4
92424.5
92449.3
92949.1
93206.6
93305.211
93305.6
93378.211
93378.6
93446.4
93511.5
93569.211
93569.6
93779.211
93779.6
93837.211
93837.6
93952.211
93952.6
94015.4
94019.5
94037.4
94049.5
94050.4
94058.5
94059.4
94063.5
94134.211
94134.6
94272.211
94272.6
94543.211
94543.6
94591.211
94591.6
95336.6
95337.212
95388.2
95388.4
95427.5
95888.3
96288.4
96305.5
96322.4
96338.5
96388.1
96409.6
96602.211
96602.6
97128.6
97129.212
97192.2
97192.4
97251.5
97692.3
97723.4
97903.5
98042.4
98192.1
98332.5
98435.6
98516.4
98580.5
98646.211
98646.6
98737.4
98763.5
98766.4
98770.5
98777.4
98851.5
98984.6
98985.212
99031.2
99031.4
99106.5
99531.3
99604.4
99749.5
99788.4
99812.5
99814.4
99828.5
99899.6
100006.4
100022.5
100023.4
100031.1
100077.5
100079.4
100098.5
100165.6
100311.211
100311.6
100390.4
100439.5
100557.4
100569.5
100661.6
100662.212
100709.2
100709.4
100803.5
101209.3
101513.4
101656.5
101709.1
101861.6
101941.4
101967.5
101975.4
101979.5
101980.4
101991.5
101993.4
102065.5
102149.211
102149.6
102262.4
102294.5
102299.4
102301.5
102306.4
102496.5
102497.4
102552.5
102556.4
102567.5
102568.4
102580.5
102658.6
102659.212
102707.2
102707.4
102776.5
103207.3
103327.4
103630.5
103707.1
103720.6
103852.211
103852.6
103912.4
103942.5
103943.4
103948.5
103954.4
104008.5
104071.211
104071.6
104237.211
104237.6
104289.4
104465.5
104539.6
104540.212
104591.2
104591.4
104636.5
105091.3
105481.4
105591.1
105817.5
105908.4
106054.5
106134.6
106216.4
106254.5
106260.4
106296.5
106381.211
106381.6
106495.4
106539.5
106541.4
106690.5
106759.6
106760.212
106809.2
106809.4
106849.5
107309.3
107519.4
107723.5
107770.4
107798.5
107809.1
108042.6
108122.4
108148.5
108218.211
108218.6
108310.4
108336.5
108337.4
108339.5
108351.4
108375.5
108378.4
108429.5
108497.211
108497.6
108613.4
108704.5
108716.4
108729.5
108840.6
108841.212
108885.2
108885.4
108953.5
109385.3
109709.4
109846.5
109885.1
110014.6
110133.211
110133.6
110222.4
110279.5
110364.211
110364.6
110438.4
110471.5
110474.4
110531.5
110594.211
110594.6
110737.211
110737.6
110811.4
110837.5
110839.4
110850.5
110859.4
110867.5
111074.6
111075.212
111128.2
111128.4
111196.5
111628.3
112013.4
112128.1
112193.5
112327.6
112408.4
112429.5
112434.4
112470.5
112559.211
112559.6
112682.211
112682.6
112799.4
112830.5
112834.4
112861.5
112935.211
112935.6
113126.211
113126.6
113178.211
113178.6
113248.4
113251.5
113259.4
113278.5
113281.4
113282.5
113288.4
113293.5
113383.211
113383.6
113476.211
113476.6
114932.6
114933.212
114979.2
114979.4
115021.5
115479.3
115766.4
115865.5
115979.1
116129.6
116229.211
116229.6
116321.4
116347.5
116416.211
116416.6
117021.6
117022.212
117067.2
117067.4
117113.5
117567.3
117665.4
117777.5
118067.1
118116.6
118199.4
118223.5
118283.211
118283.6
118393.211
118393.6
118521.4
118537.5
118545.4
118560.5
118628.211
118628.6
118869.4
118906.5
118912.4
118920.5
118984.6
118985.212
119026.2
119026.4
119089.5
119526.3
119705.4
119928.5
119941.4
119988.5
120026.1
120067.6
120201.4
120292.5
120355.211
120355.6
120455.211
120455.6
120529.4
120554.5
120565.4
120570.5
120572.4
120609.5
120687.211
120687.6
120781.211
120781.6
121044.211
121044.6
121103.211
121103.6
121155.4
121556.5
121621.6
121622.212
121672.2
121672.4
121716.5
122082.4
122172.3
122208.5
122209.4
122229.5
122233.4
122234.5
122241.4
122247.5
122258.4
122266.5
122313.4
122353.5
122417.6
122540.4
122572.5
122576.4
122578.5
122581.4
122672.1
122721.5
122794.6
122908.4
123035.5
123105.6
123106.212
123154.2
123154.4
123186.5
123654.3
123804.4
123893.5
124152.4
124154.1
124178.5
124182.4
124187.5
124191.4
124244.5
124312.6
124384.4
124413.5
124763.6
124764.212
124812.2
124812.4
124866.5
125312.3
125469.4
125578.5
125713.6
125812.1
125925.6
126021.4
126035.5
126099.211
126099.6
126191.211
126191.6
126341.211
126341.6
126417.4
126463.5
126525.211
126525.6
126862.4
126926.5
126987.6
126988.212
127039.2
127039.4
127069.5
127539.3
127648.4
127871.5
127947.6
128039.1
128083.6
128571.4
128650.5
128732.6
128733.212
128782.2
128782.4
128893.5
129282.3
129782.1
133731.4
133817.5
133926.6
134101.211
134101.6
134956.6
134957.212
135007.2
135007.4
135069.5
135507.3
135532.4
135534.5
135536.4
135656.5
135828.4
136007.1
136206.5
136311.6
136476.4
136520.5
136602.211
136602.6
136715.4
136771.5
136839.211
136839.6
136942.211
136942.6
137024.4
137134.5
137201.211
137201.6
137300.4
137415.5
137496.211
137496.6
137594.4
137751.5
137816.6
137817.212
137862.2
137862.4
137931.5
138362.3
138673.4
138795.5
138854.4
138862.1
138891.5
138973.6
139106.4
139134.5
139616.4
139792.5
139924.6
139925.212
139971.2
139971.4
140008.5
140471.3
140635.4
140971.1
141062.5
141066.4
141072.5
141152.6
141248.4
141288.5
141415.211
141415.6
141526.4
141600.5
141668.211
141668.6
141791.211
141791.6
141852.4
141885.5
142105.6
142106.212
142155.2
142155.4
142193.5
142491.4
142586.5
142655.3
143155.1
143474.6
143535.211
143535.6
143651.4
143738.5
143802.211
143802.6
143974.4
144002.5
144067.211
144067.6
144156.4
144182.5
144753.6
144754.212
144808.2
144808.4
144844.5
145308.3
145678.4
145716.5
145808.1
146084.6
146216.211
146216.6
146278.211
146278.6
147913.6
147914.212
147955.2
147955.4
148015.5
148437.4
148455.3
148509.5
148955.1
150209.6
150290.211
150290.6
150544.211
150544.6
151745.6
151746.212
151807.2
151807.4
151857.5
152307.3
152706.4
152807.1
152848.5
152995.4
153153.5
153244.4
153261.5
153334.6
153506.4
153541.5
153642.6
153643.212
153682.2
153682.4
153743.5
154182.3
154287.4
154627.5
154682.1
154700.4
154728.5
154830.6
154969.4
154996.5
155000.4
155012.5
155013.4
155019.5
155022.4
155041.5
155044.4
155071.5
155193.4
155259.5
155331.6
155332.212
155387.2
155387.4
155457.5
155887.3
156165.4
156276.5
156387.1
156434.6
156511.211
156511.6
156927.4
156938.5
157018.6
157019.212
157064.2
157064.4
157144.5
157564.3
158031.4
158064.1
158125.5
158542.4
158557.5
158626.6
158779.211
158779.6
159646.6
159647.212
159695.2
159695.4
159742.5
160195.3
160415.4
160510.5
160695.1
160861.6
161005.211
161005.6
161130.211
161130.6
161381.211
161381.6
161448.4
161500.5
161551.211
161551.6
161665.211
161665.6
161775.211
161775.6
161830.211
161830.6
163197.6
163198.212
163241.2
163241.4
163308.5
163710.4
163741.3
163741.5
163841.6
164241.1
164611.6
164667.211
164667.6
164728.211
164728.6
166461.6
166462.212
166505.2
166505.4
166572.5
167005.3
167499.4
167505.1
167558.5
173521.6
173643.211
173643.6
174438.4
174448.5
174647.6
174648.212
174698.2
174698.4
174699.5
174700.4
174782.5
174959.4
175058.5
175198.3
180000.9
123456789
9
18
15
9
18
15
14
FI
2
6
10
48
00
11
21
00
6
2
2376
0
0
0
314159265
81
0
712
180000
314159265
0.1
320.6
389.211
389.6
578.211
578.6
678.4
738.5
829.211
829.6
941.211
941.6
1073.4
1114.5
1180.211
1180.6
1280.211
1280.6
1460.4
1481.5
1561.211
1561.6
1836.4
1859.5
1924.6
1925.212
1983.2
1983.4
2032.5
2483.3
2699.4
2792.5
2983.1
3124.6
3276.211
3276.6
3385.211
3385.6
3483.4
3518.5
3618.211
3618.6
3739.211
3739.6
3859.4
3863.5
3870.4
3907.5
3971.211
3971.6
4111.4
4152.5
4166.4
4224.5
4287.6
4288.212
4339.2
4339.4
4378.5
4839.3
5144.4
5250.5
5339.1
5378.6
5494.211
5494.6
5660.4
5745.5
5820.6
5821.212
5878.2
5878.4
5910.5
6378.3
6431.4
6617.5
6704.6
6878.1
7004.4
7080.5
7157.6
7258.211
7258.6
7382.211
7382.6
7482.4
7567.5
7641.211
7641.6
7869.4
7950.5
8024.6
8025.212
8074.2
8074.4
8132.5
8574.3
8999.4
9074.1
9104.5
9213.6
9331.211
9331.6
9420.4
9502.5
9585.211
9585.6
10395.6
10396.212
10448.2
10448.4
10517.5
10948.3
11332.4
11448.1
11572.5
11696.6
11814.211
11814.6
11903.4
11984.5
12050.211
12050.6
12173.211
12173.6
12250.4
12384.5
12450.211
12450.6
12548.4
12658.5
12739.211
12739.6
12856.211
12856.6
12954.4
13044.5
13117.211
13117.6
13216.4
13240.5
13246.4
13349.5
13431.6
13432.212
13490.2
13490.4
13551.5
13990.3
14074.4
14407.5
14408.4
14412.5
14490.1
14504.6
14560.4
14599.5
14680.211
14680.6
14817.211
14817.6
14895.4
14995.5
15057.211
15057.6
15304.211
15304.6
15400.4
15500.5
15567.211
15567.6
15779.4
15899.5
15967.6
15968.212
16013.2
16013.4
16057.5
16120.4
16172.5
16513.3
16527.4
16579.5
16778.4
17013.1
17173.5
17310.6
17454.211
17454.6
17531.4
17627.5
17706.211
17706.6
17879.4
17909.5
17911.4
18061.5
18146.6
18147.212
18194.2
18194.4
18281.5
18694.3
18877.4
19181.5
19194.1
19301.6
19439.211
19439.6
19588.4
19658.5
19723.211
19723.6
19834.4
19868.5
19870.4
19980.5
20047.6
20048.212
20094.2
20094.4
20159.5
20594.3
20675.4
20906.5
20963.4
21080.5
21094.1
21170.6
21266.4
21358.5
21469.211
21469.6
21690.4
21773.5
21782.4
21835.5
21898.6
21899.212
21941.2
21941.4
22002.5
22441.3
22734.4
22854.5
22937.6
22941.1
23044.6
23122.4
23343.5
23417.6
23418.212
23466.2
23466.4
23516.5
23864.4
23966.3
24278.5
24386.6
24461.4
24466.1
24529.5
24533.4
24559.5
24663.6
24771.4
24896.5
24966.6
24967.212
25013.2
25013.4
25042.5
25404.4
25513.3
25542.5
25615.4
25894.5
25910.4
25911.5
25915.4
26013.1
26117.5
26194.6
26350.4
26528.5
26596.6
26597.212
26635.2
26635.4
26703.5
27135.3
27635.1
27786.4
27872.5
27944.6
28113.4
28165.5
28275.6
28276.212
28322.2
28322.4
28379.5
28816.4
28822.3
29040.5
29119.6
29256.4
29299.5
29315.4
29322.1
29331.5
29339.4
29369.5
29383.4
29443.5
29520.6
29630.211
29630.6
29710.4
29822.5
29834.4
29843.5
29919.211
29919.6
30028.4
30182.5
30283.6
30284.212
30326.2
30326.4
30388.5
30826.3
31310.4
31326.1
31387.5
31479.6
31599.211
31599.6
31668.4
31708.5
31712.4
31750.5
31841.211
31841.6
31944.4
31973.5
31981.4
31982.5
31983.4
31989.5
32025.4
32027.5
32033.4
32047.5
32049.4
32105.5
32175.6
32176.212
32221.2
32221.4
32268.5
32721.3
32879.4
33014.5
33043.4
33096.5
33221.1
33244.6
33318.4
33418.5
33487.211
33487.6
33606.4
33714.5
33765.4
33766.5
33771.4
33835.5
33894.6
33895.212
33956.2
33956.4
34014.5
34456.3
34626.4
34768.5
34771.4
34800.5
34802.4
34833.5
34844.4
34870.5
34947.6
34956.1
35022.4
35224.5
35299.6
35415.211
35415.6
35472.4
35560.5
35608.4
35612.5
35615.4
35626.5
35631.4
35634.5
35700.211
35700.6
35755.211
35755.6
35810.4
35845.5
35846.4
35910.5
35921.4
35926.5
36032.211
36032.6
36148.211
36148.6
36227.4
36277.5
36280.4
36284.5
36285.4
36347.5
36418.211
36418.6
36524.4
36544.5
36555.4
36571.5
36576.4
36643.5
36821.6
36822.212
36870.2
36870.4
36903.5
37363.4
37370.3
37503.5
37573.6
37753.6
37810.4
37839.5
37866.4
37870.1
37918.5
37988.6
38101.211
38101.6
38176.4
38311.5
38378.211
38378.6
38558.211
38558.6
38665.4
38792.5
38858.211
38858.6
39061.211
39061.6
39134.4
39241.5
39243.4
39257.5
39319.211
39319.6
39408.4
39539.5
39603.211
39603.6
39769.4
39853.5
39920.6
39921.212
39962.2
39962.4
40011.5
40454.4
40462.3
40569.5
40595.4
40632.5
40739.6
40817.4
40838.5
40839.4
40890.5
40909.4
40953.5
40962.1
41027.6
41126.211
41126.6
41200.4
41239.5
41241.4
41247.5
41248.4
41345.5
41411.211
41411.6
41575.211
41575.6
41648.4
41686.5
41693.4
41724.5
41735.4
41759.5
42034.6
42035.212
42084.2
42084.4
42144.5
42584.3
42694.4
42766.5
42785.4
42831.5
43020.6
43084.1
43143.4
43164.5
43165.4
43169.5
43249.6
43336.4
43366.5
43367.4
43377.5
43417.4
43517.5
43518.4
43520.5
43598.6
43599.212
43642.2
43642.4
43710.5
44142.3
44149.4
44310.5
44316.4
44334.5
44470.6
44559.4
44579.5
44580.4
44586.5
44642.1
44726.6
44904.4
44935.5
45023.211
45023.6
45181.4
45204.5
45266.211
45266.6
45413.4
45437.5
45506.211
45506.6
45777.211
45777.6
45841.4
45965.5
46032.211
46032.6
46189.211
46189.6
46249.4
46277.5
46288.4
46321.5
46322.4
46336.5
46338.4
46345.5
46392.4
46409.5
46475.211
46475.6
46662.211
46662.6
46733.4
46807.5
46814.4
46824.5
46883.211
46883.6
46923.4
47052.5
48018.6
48019.212
48069.2
48069.4
48101.5
48569.3
49069.1
49185.6
49290.211
49290.6
49458.211
49458.6
49569.4
49624.5
49689.211
49689.6
49841.4
49866.5
49976.211
49976.6
50064.4
50132.5
50202.211
50202.6
50338.4
50424.5
50503.6
50504.212
50547.2
50547.4
50599.5
51047.3
51220.4
51402.5
51403.4
51404.5
51492.4
51547.1
51622.5
51696.6
51788.211
51788.6
51939.4
52064.5
52133.6
52134.212
52181.2
52181.4
52258.5
52681.3
52787.4
53177.5
53181.1
53296.6
53413.4
53487.5
53496.4
53509.5
53587.211
53587.6
53675.4
53766.5
53839.211
53839.6
53953.211
53953.6
54013.4
54168.5
54192.4
54257.5
54321.6
54322.212
54371.2
54371.4
54435.5
54871.3
55371.1
56334.6
56419.4
56448.5
56625.211
56625.6
56711.4
56816.5
56911.211
56911.6
57076.4
57106.5
57180.211
57180.6
57344.4
57391.5
57468.211
57468.6
57657.211
57657.6
57759.4
57951.5
58018.6
58019.212
58064.2
58064.4
58066.5
58068.4
58103.5
58564.3
58985.4
59064.1
59072.5
59101.4
59229.5
59298.6
59391.211
59391.6
59466.4
59515.5
59549.4
59611.5
59688.211
59688.6
59789.4
59808.5
59810.4
59812.5
59816.4
59992.5
60057.6
60058.212
60103.2
60103.4
60148.5
60603.3
60778.4
60963.5
61037.6
61103.1
61162.4
61181.5
61189.4
61252.5
61279.4
61308.5
61395.6
61550.211
61550.6
61625.4
61697.5
61768.211
61768.6
61942.211
61942.6
61997.4
62029.5
62036.4
62134.5
62139.4
62209.5
62282.6
62283.212
62328.2
62328.4
62387.5
62828.3
63108.4
63229.5
63232.4
63276.5
63328.1
63371.6
63536.4
63609.5
63614.4
63666.5
63674.4
63716.5
63782.6
63783.212
63834.2
63834.4
63898.5
64334.3
64549.4
64834.1
64927.5
65069.4
65184.5
65253.6
65322.4
65486.5
65557.6
65558.212
65596.2
65596.4
65666.5
66096.3
66101.4
66360.5
66443.6
66521.4
66583.5
66588.4
66596.1
66643.5
66656.4
66671.5
66742.6
66818.4
66835.5
66843.4
66845.5
66848.4
66862.5
66864.4
66868.5
66875.4
66882.5
66885.4
66960.5
67113.6
67114.212
67151.2
67151.4
67215.5
67642.4
67651.3
68053.5
68084.4
68085.5
68086.4
68141.5
68151.1
68252.6
68347.4
68501.5
68575.6
68576.212
68622.2
68622.4
68695.5
69122.3
69253.4
69399.5
69408.4
69460.5
69467.4
69622.1
69659.5
69739.6
69819.4
69853.5
69857.4
69874.5
69882.4
69940.5
69948.4
69949.5
69953.4
69996.5
70068.6
70069.212
70105.2
70105.4
70169.5
70605.3
70628.4
70668.5
70746.4
71053.5
71105.1
71146.6
71213.4
71303.5
71373.211
71373.6
71454.4
71572.5
71575.4
71579.5
71580.4
71622.5
71693.6
71694.212
71729.2
71729.4
71788.5
72229.3
72284.4
72509.5
72623.6
72729.1
72736.6
72794.4
72867.5
72868.4
72883.5
72990.211
72990.6
73066.4
73106.5
73111.4
73209.5
73287.211
73287.6
73407.4
73492.5
73494.4
73543.5
73613.6
73614.212
73657.2
73657.4
73738.5
73997.4
74138.5
74157.3
74187.4
74222.5
74294.6
74357.4
74467.5
74479.4
74525.5
74527.4
74560.5
74630.6
74657.1
74787.6
74846.4
74951.5
74961.4
74976.5
75045.211
75045.6
75139.211
75139.6
75209.4
75339.5
75340.4
75343.5
75346.4
75360.5
75369.4
75375.5
75381.4
75419.5
75515.6
75516.212
75560.2
75560.4
75598.5
76060.3
76104.4
76297.5
76316.4
76378.5
76475.6
76545.4
76560.1
76575.5
76577.4
76644.5
76660.4
76706.5
76768.6
80008.6
80009.212
80058.2
80058.4
80121.5
80558.3
80772.4
81058.1
81086.5
81088.4
81108.5
81111.4
81140.5
81221.6
81305.4
81339.5
81455.211
81455.6
81521.211
81521.6
81608.211
81608.6
81656.4
81752.5
81823.211
81823.6
81915.211
81915.6
81965.4
82009.5
82013.4
82015.5
82017.4
82037.5
82040.4
82076.5
82090.4
82098.5
82162.211
82162.6
82303.4
82451.5
82523.6
82524.212
82570.2
82570.4
82645.5
83070.3
83122.4
83483.5
83486.4
83570.1
83687.5
83742.6
83824.211
83824.6
83887.4
84041.5
84108.211
84108.6
84174.4
84362.5
84380.4
84385.5
84454.6
84455.212
84498.2
84498.4
84559.5
84998.3
85208.4
85317.5
85390.6
85498.1
85575.4
85635.5
85701.6
85828.211
85828.6
85869.4
85951.5
85963.4
86057.5
86129.6
86130.212
86170.2
86170.4
86236.5
86670.3
86763.4
86910.5
86952.4
87035.5
87108.6
87170.1
87175.4
87207.5
87230.4
87242.5
87248.4
87302.5
87309.4
87332.5
87398.6
87442.4
87501.5
87504.4
87506.5
87507.4
87610.5
87613.4
87694.5
87766.6
87767.212
87809.2
87809.4
87890.5
88280.4
88309.3
88517.5
88519.4
88522.5
88528.4
88539.5
88540.4
88549.5
88622.6
88684.4
88711.5
88733.4
88734.5
88739.4
88809.1
88850.5
88933.6
89005.4
89047.5
89061.4
89149.5
89219.211
89219.6
89299.4
89320.5
89323.4
89450.5
89517.211
89517.6
89580.4
89595.5
89597.4
89599.5
89601.4
89648.5
89650.4
89737.5
89817.211
89817.6
89902.4
89930.5
89932.4
90000.5
90003.4
90008.5
90018.4
90023.5
90024.4
90050.5
90057.4
90072.5
90073.4
90082.5
90083.4
90097.5
90166.6
90167.212
90210.2
90210.4
90288.5
90693.4
90710.3
90868.5
90948.4
91190.5
91210.1
91232.4
91244.5
91376.6
91435.4
91454.5
91466.4
91472.5
91475.4
91477.5
91489.4
91491.5
91498.4
91559.5
91649.211
91649.6
91720.4
91850.5
91913.211
91913.6
91982.4
92001.5
92010.4
92011.5
92015.4
92084.5
92150.211
92150.6
92224.4
92244.5
92251.4
92393.5
92485.6
92486.212
92522.2
92522.4
92568.5
93022.3
93033.4
93203.5
93235.4
93300.5
93302.4
93305.5
93408.6
93464.4
93499.5
93502.4
93505.5
93508.4
93522.1
93533.5
93536.4
93538.5
93539.4
93584.5
93596.4
93598.5
93610.4
93692.5
93762.6
93808.4
93961.5
93962.4
94008.5
94072.6
94073.212
94118.2
94118.4
94179.5
94618.3
94941.4
95067.5
95118.1
95165.6
95243.4
95247.5
95253.4
95269.5
95345.211
95345.6
95472.4
95493.5
95558.211
95558.6
95740.211
95740.6
95788.4
95839.5
96105.6
96106.212
96152.2
96152.4
96197.5
96505.4
96606.5
96652.3
97152.1
97169.4
97212.5
97294.6
97352.211
97352.6
97428.211
97428.6
97501.4
97563.5
97644.211
97644.6
97757.4
97770.5
97837.211
97837.6
97935.4
97994.5
98088.211
98088.6
98185.4
98278.5
98338.211
98338.6
98502.4
98712.5
98778.6
98779.212
98832.2
98832.4
98889.5
99238.4
99332.3
99387.5
99444.4
99511.5
99595.6
99665.4
99689.5
99690.4
99742.5
99808.6
99832.1
99887.4
99913.5
99922.4
99970.5
100033.6
100234.4
100259.5
100262.4
100352.5
100420.6
100421.212
100460.2
100460.4
100538.5
100960.3
100964.4
101165.5
101172.4
101184.5
101365.4
101379.5
101382.4
101390.5
101403.4
101425.5
101460.1
101494.6
101727.4
101772.5
101832.6
101833.212
101872.2
101872.4
101944.5
102372.3
102429.4
102684.5
102872.1
103027.6
103117.4
103130.5
103131.4
103134.5
103200.211
103200.6
103360.4
103377.5
103387.4
103398.5
103467.211
103467.6
103838.6
103839.212
103882.2
103882.4
103923.5
104382.3
104882.1
104976.6
105119.211
105119.6
105218.4
105243.5
105306.211
105306.6
105497.211
105497.6
105568.211
105568.6
105655.4
105739.5
105802.211
105802.6
105926.4
105949.5
105951.4
105978.5
105989.4
106044.5
106109.6
106110.212
106152.2
106152.4
106326.5
106417.6
106553.4
106652.3
106662.5
106723.6
106868.4
106960.5
107024.6
107132.4
107152.1
107226.5
107237.4
107320.5
107403.6
107510.211
107510.6
107585.4
107609.5
107611.4
107648.5
107650.4
107713.5
107780.211
107780.6
107821.4
107865.5
107930.211
107930.6
108113.211
108113.6
108181.4
108207.5
109158.6
109159.212
109209.2
109209.4
109261.5
109637.4
109709.3
109805.5
109838.4
109861.5
109864.4
109894.5
109956.6
110026.4
110123.5
110143.4
110209.1
110230.5
110293.6
110353.4
110354.5
110360.4
110426.5
110493.211
110493.6
110567.4
110588.5
110597.4
110620.5
110621.4
110623.5
110627.4
110630.5
110638.4
110693.5
110758.211
110758.6
110840.4
110864.5
110875.4
110878.5
110881.4
110934.5
110993.211
110993.6
111086.4
111246.5
111253.4
111267.5
111320.6
111321.212
111359.2
111359.4
111421.5
111859.3
111868.4
111941.5
112205.6
112359.1
112472.4
112517.5
112591.6
112746.211
112746.6
112820.4
112865.5
112971.211
112971.6
113112.211
113112.6
113661.6
113662.212
113707.2
113707.4
113745.5
114178.4
114207.3
114233.5
114579.6
114707.1
114822.6
115019.4
115072.5
115132.6
115133.212
115176.2
115176.4
115246.5
115657.4
115676.3
115678.5
115756.4
115827.5
115898.6
116135.6
116176.1
116248.4
116283.5
116345.6
116552.4
116602.5
116607.4
116622.5
116686.6
116687.212
116742.2
116742.4
116876.5
117242.3
117394.4
117464.5
117468.4
117474.5
117523.4
117602.5
117691.6
117742.1
117803.4
117860.5
117955.6
118243.211
118243.6
118307.4
118336.5
118342.4
118348.5
118358.4
118423.5
118488.211
118488.6
118606.4
118694.5
118746.211
118746.6
118829.4
118934.5
118998.211
118998.6
119070.4
119247.5
119326.6
119327.212
119373.2
119373.4
119425.5
119434.4
119460.5
119873.3
120023.4
120118.5
120141.4
120212.5
120294.6
120356.4
120373.1
120383.5
120387.4
120392.5
120395.4
120406.5
120409.4
120426.5
120432.4
120435.5
120437.4
120473.5
120562.6
120635.4
120697.5
120699.4
120842.5
120910.6
120911.212
120952.2
120952.4
121022.5
121452.3
121486.4
121590.5
121765.4
121791.5
121805.4
121809.5
121812.4
121828.5
121829.4
121862.5
121952.1
121954.4
122033.5
122092.6
122235.4
122325.5
122394.6
122395.212
122436.2
122436.4
122491.5
122936.3
123422.4
123436.1
123511.5
123566.4
123568.5
123571.4
123605.5
123723.6
123793.4
123884.5
123956.211
123956.6
124033.4
124054.5
124063.4
124094.5
124097.4
124144.5
124184.4
124269.5
124341.6
124342.212
124385.2
124385.4
124444.5
124869.4
124885.3
124959.5
124965.4
125059.5
125144.6
125209.4
125227.5
125241.4
125385.1
125385.5
125452.6
125522.4
125543.5
125544.4
125549.5
125558.4
125660.5
125744.211
125744.6
125814.4
125835.5
125836.4
125869.5
125990.211
125990.6
126171.4
126207.5
126211.4
126246.5
126247.4
126254.5
126257.4
126258.5
126264.4
126351.5
126413.6
126414.212
126457.2
126457.4
126495.5
126868.4
126957.3
126998.5
126999.4
127005.5
127044.4
127060.5
127156.6
127220.4
127247.5
127249.4
127288.5
127302.4
127314.5
127389.6
127455.4
127457.1
127476.5
127485.4
127486.5
127494.4
127495.5
127502.4
127547.5
127622.6
127683.4
127717.5
127718.4
127721.5
127729.4
127788.5
127856.211
127856.6
127916.4
127957.5
127962.4
127969.5
127970.4
127981.5
127990.4
128034.5
128114.211
128114.6
128203.4
128228.5
128236.4
128237.5
128244.4
128248.5
128256.4
128263.5
128266.4
128295.5
128357.211
128357.6
128459.4
128561.5
128577.4
128580.5
128646.211
128646.6
128729.4
128767.5
128770.4
128844.5
128907.211
128907.6
128978.4
129024.5
129033.4
129039.5
129378.6
129379.212
129421.2
129421.4
129483.5
129921.3
130306.4
130325.5
130421.1
130544.6
130593.4
130628.5
130702.211
130702.6
130797.211
130797.6
130863.4
130946.5
131018.211
131018.6
131134.4
131183.5
131269.211
131269.6
131337.4
131398.5
131589.6
131590.212
131630.2
131630.4
131685.5
132033.4
132123.5
132130.3
132326.6
132391.4
132399.5
132402.4
132423.5
132583.6
132630.1
132751.6
132819.4
132853.5
132936.211
132936.6
133143.211
133143.6
133438.211
133438.6
133768.6
133769.212
133833.2
133833.4
133913.5
134333.3
134641.4
134663.5
134833.1
135020.6
135113.211
135113.6
135321.211
135321.6
135431.4
135474.5
135543.211
135543.6
135768.4
135794.5
136018.6
136019.212
136061.2
136061.4
136130.5
136561.3
136776.4
136821.5
137061.1
137235.6
137337.4
137346.5
137408.211
137408.6
137478.4
137500.5
137569.211
137569.6
137673.211
137673.6
137875.211
137875.6
138008.211
138008.6
138112.4
138153.5
138218.4
138250.5
138311.6
138312.212
138356.2
138356.4
138398.5
138789.4
138856.3
139039.5
139163.4
139205.5
139356.1
139489.4
139494.5
139586.6
139931.6
139932.212
139982.2
139982.4
140050.5
140482.3
140752.6
140982.1
141214.6
141414.211
141414.6
141588.211
141588.6
141663.4
141684.5
141746.211
141746.6
141975.211
141975.6
142164.211
142164.6
142433.211
142433.6
142612.211
142612.6
143993.4
144003.5
144012.4
144117.5
144203.6
144204.212
144313.2
144313.4
144374.5
144813.3
144882.4
145041.5
145050.4
145060.5
145062.4
145067.5
145313.1
145436.6
145514.4
145536.5
145612.211
145612.6
145768.211
145768.6
147414.6
147415.212
147479.2
147479.4
147539.5
147979.3
148065.4
148090.5
148479.1
148988.6
149074.4
149097.5
149175.211
149175.6
149272.4
149296.5
149363.211
149363.6
149563.211
149563.6
149822.211
149822.6
149988.211
149988.6
151116.6
151117.212
151169.2
151169.4
151218.5
151669.3
151833.4
152042.5
152126.4
152169.1
152290.5
152377.6
152454.4
152539.5
152608.211
152608.6
152787.4
152904.5
152971.6
152972.212
153011.2
153011.4
153051.5
153511.3
153797.4
154011.1
154111.5
154113.4
154122.5
154198.6
154259.4
154367.5
154445.211
154445.6
154505.4
154616.5
154694.211
154694.6
154762.4
154785.5
154788.4
154851.5
154852.4
154858.5
154860.4
154914.5
154978.211
154978.6
155077.211
155077.6
155132.4
155247.5
155310.211
155310.6
155398.4
155458.5
155539.211
155539.6
155603.4
155733.5
155800.211
155800.6
155844.4
155926.5
155928.4
155993.5
155994.4
156014.5
156018.4
156020.5
156029.4
156034.5
156095.211
156095.6
156194.4
156257.5
156279.4
156283.5
156286.4
156342.5
156448.6
156449.212
156489.2
156489.4
156532.5
156835.4
156989.3
157038.5
157249.6
157300.4
157397.5
157401.4
157457.5
157489.1
157529.6
157602.4
157778.5
157779.4
157783.5
157855.6
157856.212
157896.2
157896.4
158000.5
158336.4
158396.3
158524.5
158692.4
158712.5
158718.4
158816.5
158819.4
158848.5
158896.1
158919.6
158990.4
159105.5
159110.4
159118.5
159178.211
159178.6
159263.4
159341.5
159346.4
159446.5
159526.6
159527.212
159570.2
159570.4
159670.5
160070.3
160124.4
160513.5
160570.1
160703.4
160737.5
160748.4
160773.5
160781.4
160818.5
160892.6
160998.4
161030.5
161038.4
161041.5
161052.4
161104.5
161110.4
161148.5
161217.6
161218.212
161264.2
161264.4
161328.5
161732.4
161764.3
161827.5
161835.4
161856.5
161864.4
161897.5
161910.4
161941.5
161951.4
162031.5
162033.4
162040.5
162121.6
162188.4
162223.5
162232.4
162264.1
162278.5
162295.4
162330.5
162356.4
162427.5
162539.6
162618.4
162678.5
162680.4
162724.5
162793.211
162793.6
162893.4
162986.5
162992.4
163020.5
163118.6
163119.212
163166.2
163166.4
163209.5
163579.4
163666.3
163726.5
163732.4
163766.5
163773.4
163779.5
163797.4
163849.5
163936.4
163969.5
164029.6
164166.1
164213.4
164283.5
164358.6
164424.4
164458.5
164459.4
164472.5
164476.4
164529.5
164601.211
164601.6
164948.6
164949.212
164985.2
164985.4
165027.5
165403.4
165485.3
165620.5
165653.4
165679.5
165684.4
165766.5
165840.6
165898.4
165942.5
165951.4
165959.5
165974.4
165985.1
166000.5
166036.4
166142.5
166249.6
166319.211
166319.6
166361.4
166509.5
166585.211
166585.6
166709.4
166761.5
166762.4
166765.5
166768.4
166827.5
166837.4
166865.5
166931.6
166932.212
166972.2
166972.4
167016.5
167321.4
167411.5
167434.4
167437.5
167458.4
167472.3
167540.5
167711.4
167747.5
167748.4
167749.5
167755.4
167794.5
167807.4
167812.5
167819.4
167873.5
167875.4
167876.5
167954.6
167972.1
168069.4
168156.5
168334.4
168370.5
168376.4
168406.5
168407.4
168475.5
168561.6
168702.4
168767.5
168832.211
168832.6
168945.4
168970.5
168981.4
168984.5
168994.4
169058.5
169123.211
169123.6
169201.4
169223.5
169236.4
169406.5
169407.4
169421.5
169505.6
169506.212
169547.2
169547.4
169660.5
170009.4
170047.3
170153.5
170168.4
170170.5
170172.4
170181.5
170388.6
170439.4
170464.5
170481.4
170483.5
170487.4
170547.1
170596.5
170663.6
170766.4
170850.5
170912.211
170912.6
171022.4
171052.5
171143.211
171143.6
172081.6
172082.212
172130.2
172130.4
172185.5
172494.4
172534.5
172535.4
172537.5
172538.4
172546.5
172561.4
172586.5
172630.3
173006.6
173113.4
173118.5
173130.1
173188.6
173436.211
173436.6
173498.4
173517.5
173590.211
173590.6
173734.211
173734.6
173799.4
173828.5
173831.4
173848.5
173937.211
173937.6
174145.211
174145.6
174296.211
174296.6
174700.4
174702.5
174762.6
174763.212
174815.2
174815.4
174853.5
175073.4
175168.5
175226.4
175315.3
175509.5
175622.6
175681.4
175707.5
175709.4
175741.5
175744.4
175745.5
175746.4
175753.5
175758.4
175768.5
175815.1
175839.6
176113.211
176113.6
176230.4
176254.5
176261.4
176285.5
176342.211
176342.6
176571.211
176571.6
176665.211
176665.6
176711.4
176734.5
176917.211
176917.6
177000.4
177030.5
177100.211
177100.6
177597.4
177600.5
177604.4
177614.5
177690.6
177691.212
177738.2
177738.4
177789.5
178238.3
178405.4
178407.5
178411.4
178528.5
178738.1
178981.6
179061.211
179061.6
179226.211
179226.6
179377.211
179377.6
179435.4
179471.5
179472.4
179495.5
179562.211
179562.6
179607.211
179607.6
179675.211
179675.6
179804.211
180000.9
123456789
9
19
15
9
19
15
14
FI
2
6
10
48
01
11
21
01
6
2
1744
0
0
0
314159265
73
1
501
180000
314159265
0.1
374.6
586.211
586.6
692.4
729.5
733.4
749.5
825.211
825.6
967.211
967.6
1122.211
1122.6
1301.211
1301.6
1342.4
1351.5
1352.4
1386.5
1475.211
1475.6
1731.4
1732.5
1735.4
1742.5
1840.6
1841.212
1886.2
1886.4
1921.5
2386.3
2886.1
2963.4
2991.5
3119.6
3444.6
3445.212
3496.2
3496.4
3566.5
3996.3
4496.1
4664.4
4701.5
4811.6
5003.211
5003.6
5107.4
5129.5
5222.211
5222.6
5348.4
5371.5
5447.211
5447.6
5576.4
5618.5
5689.211
5689.6
5824.4
5850.5
5953.211
5953.6
6072.211
6072.6
6198.4
6254.5
6319.211
6319.6
6477.211
6477.6
6809.6
6810.212
6865.2
6865.4
6917.5
7365.3
7679.4
7865.1
7889.5
8004.6
8121.211
8121.6
8243.4
8354.5
8437.6
8438.212
8493.2
8493.4
8526.5
8993.3
9083.4
9213.5
9315.4
9450.5
9493.1
9570.6
9725.4
9838.5
9910.6
9911.212
9960.2
9960.4
9962.5
9964.4
10018.5
10460.3
10593.4
10808.5
10946.6
10960.1
11227.6
11554.6
11555.212
11604.2
11604.4
11661.5
12104.3
12604.1
12910.6
13256.6
13257.212
13315.2
13315.4
13354.5
13815.3
13870.4
14144.5
14315.1
15324.6
15573.211
15573.6
15660.4
15772.5
15871.211
15871.6
15991.211
15991.6
16081.4
16167.5
16245.211
16245.6
16487.211
16487.6
16634.211
16634.6
16717.4
16789.5
16860.211
16860.6
16935.4
17017.5
17090.211
17090.6
17267.211
17267.6
17333.4
17419.5
17485.211
17485.6
17624.4
17665.5
17684.4
17699.5
17772.211
17772.6
18056.4
18077.5
18098.4
18121.5
18183.6
18184.212
18237.2
18237.4
18343.5
18737.3
18819.4
19132.5
19237.1
19286.6
19539.211
19539.6
19629.4
19710.5
19715.4
19736.5
19743.4
19765.5
19870.6
19871.212
19923.2
19923.4
19956.5
20337.4
20338.5
20341.4
20423.3
20809.5
20881.6
20923.1
21139.4
21184.5
21258.6
21400.211
21400.6
21497.4
21628.5
21855.6
21856.212
21903.2
21903.4
21937.5
22357.4
22403.3
22624.5
22658.4
22677.5
22687.4
22722.5
22838.6
22903.1
22914.4
22921.5
22926.4
23006.5
23074.6
23180.211
23180.6
23237.4
23313.5
23396.211
23396.6
23493.4
23598.5
23667.211
23667.6
23893.4
23895.5
23913.4
23945.5
24034.6
24035.212
24086.2
24086.4
24087.5
24090.4
24148.5
24586.3
24680.4
25017.5
25086.1
25209.6
25323.211
25323.6
25405.4
25509.5
25621.211
25621.6
26131.6
26132.212
26177.2
26177.4
26284.5
26677.3
26792.4
26886.5
26903.4
26940.5
27088.6
27177.1
27269.6
27343.4
27345.5
27346.4
27359.5
27445.4
27449.5
27464.4
27489.5
27558.211
27558.6
27701.211
27701.6
27787.4
27807.5
27901.4
27903.5
27980.211
27980.6
28279.211
28279.6
28355.211
28355.6
28468.4
28539.5
28631.211
28631.6
28762.211
28762.6
28856.211
28856.6
28909.4
28955.5
28981.4
29008.5
29075.211
29075.6
29358.211
29358.6
29564.211
29564.6
29670.4
29679.5
29702.4
29726.5
29784.211
29784.6
29933.4
29999.5
30011.4
30019.5
30030.4
30048.5
30122.6
30123.212
30173.2
30173.4
30232.5
30673.3
30947.4
31004.5
31161.4
31173.1
31319.5
31450.6
31664.4
31818.5
31894.6
31895.212
31940.2
31940.4
31986.5
32440.3
32940.1
36270.6
40896.6
40897.212
40958.2
40958.4
41000.5
41458.3
41619.4
41896.5
41958.1
42076.6
42328.211
42328.6
42437.4
42535.5
42640.6
42641.212
42700.2
42700.4
42730.5
43200.3
43700.1
44436.6
44629.211
44629.6
44734.4
44788.5
45014.6
45015.212
45073.2
45073.4
45126.5
45573.3
46073.1
46692.6
46853.211
46853.6
47088.211
47088.6
47224.4
47272.5
47370.211
47370.6
47530.211
47530.6
47709.211
47709.6
47803.4
47862.5
47874.4
47894.5
47974.211
47974.6
48115.4
48214.5
48315.6
48316.212
48369.2
48369.4
48422.5
48762.4
48869.3
48937.5
48947.4
49027.5
49115.6
49285.4
49355.5
49356.4
49358.5
49364.4
49368.5
49369.1
49370.4
49407.5
49495.6
49610.4
49671.5
49783.211
49783.6
49880.4
49994.5
50089.6
50090.212
50134.2
50134.4
50203.5
50634.3
51019.4
51134.1
51161.5
51231.6
51641.6
51642.212
51700.2
51700.4
51781.5
52128.4
52200.3
52308.5
52700.1
52801.4
52834.5
52940.6
53058.211
53058.6
53160.4
53288.5
53362.6
53363.212
53415.2
53415.4
53467.5
53915.3
54256.4
54370.5
54382.4
54415.1
54461.5
54572.6
54663.4
54792.5
54881.6
54882.212
54938.2
54938.4
55005.5
55438.3
55575.4
55736.5
55833.6
55926.4
55938.1
56028.5
56109.6
56187.4
56268.5
56269.4
56348.5
56429.6
56430.212
56474.2
56474.4
56515.5
56809.4
56884.5
56974.3
57049.4
57474.1
57528.5
57629.6
57735.4
57849.5
57954.6
57955.212
58006.2
58006.4
58062.5
58506.3
58572.4
58844.5
58975.4
59006.1
59358.5
59402.4
59436.5
59534.6
59622.4
59870.5
59952.6
59953.212
60005.2
60005.4
60036.5
60358.4
60505.3
60708.5
60712.4
60827.5
60939.6
61005.1
61038.4
61120.5
61219.6
61311.4
61416.5
61517.211
61517.6
61638.4
61867.5
61955.6
61956.212
62000.2
62000.4
62143.5
62500.3
62593.4
62839.5
62884.4
62944.5
63000.1
63102.6
63180.4
63243.5
63248.4
63298.5
63301.4
63308.5
63391.211
63391.6
63475.4
63591.5
63596.4
63614.5
63695.6
63696.212
63744.2
63744.4
63805.5
64244.3
64605.4
64744.1
64783.5
64795.4
64839.5
64841.4
64854.5
64970.6
65063.4
65100.5
65105.4
65185.5
65199.4
65203.5
65218.4
65252.5
65324.6
65325.212
65368.2
65368.4
65370.5
65373.4
65423.5
65868.3
65878.4
65982.5
65984.4
65988.5
65991.4
66073.5
66337.4
66368.1
66446.5
66532.6
66609.4
66738.5
66842.6
66843.212
66899.2
66899.4
66949.5
67399.3
67899.1
68478.4
68583.5
68589.4
68611.5
68690.6
68797.4
68847.5
68943.211
68943.6
68987.4
69105.5
69107.4
69109.5
69111.4
69154.5
69228.211
69228.6
69330.211
69330.6
69404.4
69452.5
69453.4
69507.5
69594.211
69594.6
69647.4
69685.5
69690.4
69721.5
69725.4
69727.5
69728.4
69804.5
69908.6
69909.212
69956.2
69956.4
69985.5
70456.3
70567.4
70780.5
70875.6
70956.1
70963.4
71032.5
71038.4
71042.5
71045.4
71077.5
71098.4
71142.5
71218.6
71311.4
71353.5
71354.4
71356.5
71358.4
71415.5
71495.211
71495.6
71773.211
71773.6
71829.4
71916.5
71981.211
71981.6
72083.4
72190.5
72191.4
72203.5
72304.6
72305.212
72346.2
72346.4
72349.5
72350.4
72396.5
72846.3
72886.4
73132.5
73346.1
73379.4
73390.5
73393.4
73432.5
73459.4
73502.5
73504.4
73506.5
73590.6
73710.211
73710.6
73771.4
73829.5
73845.4
73861.5
73865.4
73903.5
73972.211
73972.6
74133.4
74243.5
74261.4
74281.5
74380.6
74381.212
74420.2
74420.4
74457.5
74833.4
74920.3
74936.5
74939.4
74943.5
74944.4
74974.5
74989.4
75001.5
75004.4
75007.5
75010.4
75059.5
75091.4
75139.5
75142.4
75145.5
75260.6
75333.4
75385.5
75393.4
75420.1
75420.5
75544.6
75655.211
75655.6
75734.4
75871.5
75955.211
75955.6
76045.4
76147.5
76264.6
76265.212
76317.2
76317.4
76356.5
76817.3
76849.4
77053.5
77065.4
77106.5
77179.4
77273.5
77317.1
77450.4
77475.5
77482.4
77485.5
77489.4
77492.5
77494.4
77495.5
77496.4
77526.5
78179.4
78236.5
78471.4
78531.5
78541.4
78548.5
78745.4
78845.5
79019.4
79044.5
79046.4
79048.5
79050.4
79145.5
79162.4
79172.5
79353.4
79389.5
79391.4
79439.5
80540.4
80631.5
80801.4
80916.5
81540.4
81685.5
81750.6
81846.211
81846.6
82045.4
82067.5
82069.4
82101.5
82157.6
82158.212
82198.2
82198.4
82273.5
82698.3
82830.4
82996.5
83027.4
83087.5
83198.1
83437.6
83718.4
83798.5
83873.6
83874.212
83921.2
83921.4
83962.5
84421.3
84921.1
85035.6
85872.4
85925.5
85988.6
85989.212
86039.2
86039.4
86084.5
86539.3
86576.4
86919.5
86924.4
87039.1
87192.5
87195.4
87196.5
87198.4
87204.5
87211.4
87215.5
87297.6
87465.4
87471.5
87476.4
87526.5
87549.4
87550.5
87553.4
87559.5
87691.6
87692.212
87749.2
87749.4
87800.5
88249.3
88749.1
88820.4
88828.5
88910.6
89009.4
89142.5
89206.211
89206.6
89342.4
89464.5
89540.6
89541.212
89596.2
89596.4
89635.5
90096.3
90144.4
90501.5
90596.1
90622.4
90658.5
90734.6
90871.4
90927.5
90973.4
91001.5
91067.6
91068.212
91115.2
91115.4
91207.5
91580.4
91615.3
91751.5
91767.4
91812.5
92007.4
92033.5
92035.4
92072.5
92078.4
92080.5
92084.4
92098.5
92115.1
92212.6
92326.4
92437.5
92512.211
92512.6
92629.4
92814.5
92888.6
92889.212
92936.2
92936.4
93015.5
93436.3
93446.4
93750.5
93821.4
93936.1
94035.5
94061.4
94093.5
94182.6
94296.4
94379.5
94460.211
94460.6
94571.4
94728.5
94842.6
94843.212
94891.2
94891.4
94948.5
95391.3
95891.1
96329.6
96451.4
96507.5
96588.211
96588.6
96686.211
96686.6
96759.4
96797.5
96798.4
96801.5
96804.4
96884.5
97006.6
97007.212
97056.2
97056.4
97086.5
97556.3
97856.4
98056.1
98098.5
98181.6
98305.4
98391.5
98401.4
98461.5
98561.6
98562.212
98615.2
98615.4
98655.5
99115.3
99450.4
99615.1
100050.5
100133.6
100251.211
100251.6
100317.4
100383.5
100481.211
100481.6
100563.4
100690.5
100771.211
100771.6
100861.4
100971.5
100972.4
100974.5
101043.4
101117.5
101198.6
101199.212
101247.2
101247.4
101295.5
101747.3
101762.4
102131.5
102227.4
102247.1
102274.5
102275.4
102292.5
102368.6
102519.4
102623.5
102705.6
102706.212
102758.2
102758.4
102824.5
103258.3
103710.4
103758.1
103807.5
103905.6
104015.4
104084.5
104159.211
104159.6
104371.4
104394.5
104409.4
104444.5
104448.4
104470.5
104540.6
104541.212
104584.2
104584.4
104614.5
104971.4
105084.3
105210.5
105436.4
105478.5
105559.6
105584.1
105668.4
105700.5
105704.4
105741.5
105816.6
105934.4
106020.5
106042.4
106049.5
106226.4
106323.5
106333.4
106339.5
106548.4
106609.5
106612.4
106638.5
106643.4
106656.5
106668.4
106704.5
106874.4
106905.5
106911.4
106928.5
106933.4
106938.5
106943.4
107031.5
107449.4
107505.5
107808.4
107865.5
107866.4
107870.5
107871.4
107892.5
108115.4
108218.5
108446.4
108569.5
108751.4
108860.5
109031.4
109168.5
109333.4
109380.5
109385.4
109459.5
109800.4
109824.5
110726.6
110727.212
110771.2
110771.4
110826.5
111271.3
111405.4
111587.5
111771.1
111938.6
112025.4
112104.5
112174.211
112174.6
112401.4
112429.5
112433.4
112462.5
112522.6
112523.212
112576.2
112576.4
112610.5
112898.4
112953.5
112956.4
112977.5
113076.3
113508.6
113576.1
113666.4
113722.5
113782.6
113890.4
114027.5
114094.6
114095.212
114150.2
114150.4
114256.5
114650.3
114722.4
114867.5
114868.4
114883.5
115035.4
115064.5
115075.4
115139.5
115150.1
115296.4
115430.5
115431.4
115442.5
115647.4
115795.5
116005.4
116032.5
116035.4
116036.5
116040.4
116051.5
116052.4
116064.5
116073.4
116092.5
116099.4
116189.5
116368.4
116435.5
116436.4
116439.5
116442.4
116464.5
116475.4
116494.5
116496.4
116498.5
116505.4
116533.5
116675.4
116695.5
116698.4
116800.5
116970.4
117066.5
117067.4
117124.5
117286.4
117388.5
117743.4
117856.5
118039.4
118121.5
118452.4
118495.5
118552.6
118621.211
118621.6
118687.4
118785.5
118845.211
118845.6
118908.4
118990.5
119045.211
119045.6
119213.211
119213.6
119284.211
119284.6
119358.4
119388.5
119399.4
119459.5
119516.211
119516.6
119998.6
119999.212
120044.2
120044.4
120092.5
120544.3
120934.6
121044.1
121046.4
121065.5
121066.4
121072.5
121139.6
121393.211
121393.6
121469.4
121508.5
121573.211
121573.6
121674.4
121758.5
121813.211
121813.6
122075.4
122088.5
122149.6
122150.212
122208.2
122208.4
122250.5
122708.3
122864.4
122974.5
123208.1
123409.6
123492.211
123492.6
123541.4
123634.5
123697.211
123697.6
123790.211
123790.6
123850.4
124047.5
124113.6
124114.212
124165.2
124165.4
124235.5
124665.3
125165.1
125825.6
125886.4
125928.5
125930.4
125932.5
126009.211
126009.6
126056.211
126056.6
126214.4
126258.5
126316.211
126316.6
126388.4
126528.5
126590.211
126590.6
126691.4
126765.5
126848.211
126848.6
126938.4
127055.5
127124.211
127124.6
127207.4
127300.5
127325.4
127357.5
127429.6
127430.212
127477.2
127477.4
127531.5
127977.3
128262.8
128401.4
128444.5
128477.1
128528.6
128571.211
128571.6
128656.4
128722.5
128784.211
128784.6
128931.4
128958.5
128970.4
128973.5
128974.4
128984.5
129020.4
129075.5
129142.6
129143.212
129194.2
129194.4
129226.5
129694.3
130194.1
130460.6
130599.211
130599.6
130701.211
130701.6
130759.4
130812.5
130880.211
130880.6
130974.4
131027.5
131040.4
131090.5
131154.211
131154.6
131244.4
131345.5
131359.4
131366.5
131432.211
131432.6
131504.4
131588.5
131668.211
131668.6
131739.4
131822.5
131848.4
131857.5
131924.211
131924.6
132045.4
132158.5
132220.211
132220.6
132290.4
132351.5
132546.6
132547.212
132604.2
132604.4
132644.5
133104.3
133604.1
134009.6
134159.211
134159.6
134473.6
134474.212
134529.2
134529.4
134570.5
134866.4
135015.5
135021.4
135029.3
135051.5
135529.1
135572.6
135877.6
135878.212
135941.2
135941.4
136040.5
136441.3
136501.4
136502.5
136506.4
136929.5
136939.4
136941.1
137106.5
137222.6
137307.4
137366.5
137439.211
137439.6
137518.4
137627.5
137690.211
137690.6
137764.4
137807.5
137814.4
137841.5
137907.211
137907.6
137988.4
138069.5
138131.211
138131.6
138339.211
138339.6
138443.4
138507.5
138659.4
138786.5
138949.4
139063.5
139219.4
139251.5
139527.4
139676.5
139892.4
139980.5
141821.4
141885.5
142069.4
142188.5
142411.4
142420.5
142423.4
142436.5
142905.6
142906.212
142951.2
142951.4
143093.5
143451.3
143692.4
143854.5
143951.1
144141.6
144276.4
144313.5
144378.211
144378.6
144557.4
144617.5
144682.6
144683.212
144741.2
144741.4
144797.5
145201.4
145241.3
145252.5
145476.4
145693.5
145741.1
145991.4
146125.5
146190.6
146298.4
146523.5
146597.6
146598.212
146651.2
146651.4
146681.5
147019.4
147151.3
147302.5
147349.4
147651.1
147814.5
147914.4
148134.5
148213.6
148288.4
148594.5
148671.6
148672.212
148723.2
148723.4
148775.5
149223.3
149430.4
149438.5
149441.4
149723.1
149948.5
149949.4
149950.5
149958.4
149965.5
150040.6
150132.4
150484.5
150552.6
150553.212
150615.2
150615.4
150677.5
151037.4
151115.3
151615.1
151928.5
151984.4
152170.5
152252.6
152304.4
152570.5
152572.4
152574.5
152638.6
152639.212
152695.2
152695.4
152733.5
153195.3
153335.4
153658.5
153659.4
153695.1
153704.5
153797.6
153881.4
154094.5
154140.4
154230.5
154298.6
154299.212
154349.2
154349.4
154379.5
154849.3
154858.4
155129.5
155138.4
155150.5
155159.4
155173.5
155246.6
155337.4
155349.1
155536.5
155715.6
155878.4
156058.5
156124.6
156125.212
156173.2
156173.4
156207.5
156617.4
156673.3
156883.5
156885.4
156895.5
157173.1
161529.6
161738.211
161738.6
161836.4
161838.5
161977.211
161977.6
162107.211
162107.6
162218.4
162318.5
162413.6
162414.212
162463.2
162463.4
162516.5
162963.3
162982.4
163200.5
163434.4
163452.5
163463.1
163515.6
163671.211
163671.6
163757.4
163829.5
163898.211
163898.6
164005.4
164104.5
164109.4
164160.5
164224.6
164225.212
164273.2
164273.4
164309.5
164596.4
164701.5
164773.3
165025.4
165044.5
165273.1
165456.6
165657.211
165657.6
165905.211
165905.6
166042.4
166131.5
166195.211
166195.6
166294.4
166400.5
166474.211
166474.6
166521.4
166609.5
166666.211
166666.6
166895.4
166919.5
166975.6
166976.212
167020.2
167020.4
167100.5
167471.4
167520.3
167905.5
168020.1
168022.4
168062.5
168143.6
168404.211
168404.6
168661.211
168661.6
168774.211
168774.6
168904.4
168936.5
169134.6
169135.212
169189.2
169189.4
169234.5
169586.4
169689.3
169811.5
170161.6
170189.1
170294.6
170351.4
170484.5
170566.211
170566.6
170623.211
170623.6
170680.4
170760.5
170815.211
170815.6
170881.4
171006.5
171065.211
171065.6
171174.4
171212.5
171276.211
171276.6
171618.6
171619.212
171663.2
171663.4
171725.5
172163.3
172663.1
172870.6
172966.211
172966.6
173117.211
173117.6
173213.4
173251.5
173311.211
173311.6
173596.211
173596.6
173898.6
173899.212
173955.2
173955.4
173996.5
174309.4
174444.5
174455.3
174955.1
175150.6
175297.211
175297.6
175486.211
175486.6
175687.211
175687.6
176229.6
176230.212
176276.2
176276.4
176350.5
176602.4
176755.5
176776.3
177085.4
177108.5
177198.6
177276.1
177313.4
177323.5
177395.6
177478.211
177478.6
177573.211
177573.6
177950.6
177951.212
177997.2
177997.4
178030.5
178277.4
178391.5
178497.3
178997.1
179525.6
179713.211
179713.6
179790.4
180000.9
123456789
9
20
15
9
20
15
14
FI
2
6
10
47
00
11
20
00
6
2
1597
0
0
0
314159265
72
0
372
180000
314159265
0.1
191.6
255.211
255.6
409.211
409.6
628.211
628.6
676.4
714.5
773.211
773.6
860.211
860.6
1038.211
1038.6
1160.211
1160.6
1370.211
1370.6
1515.211
1515.6
1907.6
1908.212
1961.2
1961.4
2037.5
2394.4
2461.3
2725.5
2860.4
2961.1
2974.5
3067.6
3201.211
3201.6
3313.4
3436.5
3505.6
3506.212
3554.2
3554.4
3601.5
4015.4
4054.3
4283.5
4399.6
4508.4
4554.1
4569.5
4658.6
4775.4
4906.5
4981.6
4982.212
5021.2
5021.4
5022.5
5025.4
5077.5
5521.3
5682.4
5984.5
6021.1
6180.6
6321.211
6321.6
6431.4
6448.5
6513.211
6513.6
7189.6
7190.212
7241.2
7241.4
7243.5
7245.4
7296.5
7741.3
7928.6
8021.4
8097.5
8172.6
8241.1
8361.6
8475.4
8528.5
8596.211
8596.6
8718.4
8785.5
8883.211
8883.6
9010.4
9082.5
9174.211
9174.6
9330.4
9363.5
9439.211
9439.6
9588.4
9685.5
9753.6
9754.212
9804.2
9804.4
10092.5
10304.3
10804.1
10871.6
11038.211
11038.6
11121.4
11171.5
11257.211
11257.6
11470.211
11470.6
11554.4
11674.5
11734.211
11734.6
11780.4
11857.5
11859.4
11886.5
11953.211
11953.6
11998.4
12135.5
12203.211
12203.6
12330.4
12408.5
12469.211
12469.6
12694.211
12694.6
12834.211
12834.6
12965.4
13026.5
13086.211
13086.6
13205.4
13325.5
13381.211
13381.6
13627.4
13651.5
13783.6
13784.212
13850.2
13850.4
13897.5
14350.3
14675.4
14792.5
14800.4
14850.1
14905.5
15006.6
15116.4
15162.5
15174.4
15227.5
15296.211
15296.6
15414.4
15476.5
15545.211
15545.6
15674.4
15747.5
15769.4
15790.5
15858.6
15859.212
15932.2
15932.4
15963.5
16432.3
16785.4
16829.5
16895.6
16932.1
17047.6
17175.4
17282.5
17346.211
17346.6
17467.4
17550.5
17555.4
17590.5
17651.6
17652.212
17705.2
17705.4
17742.5
18177.4
18205.3
18287.5
18539.6
18634.4
18705.1
18752.5
18816.6
19014.4
19016.5
19076.211
19076.6
19201.4
19291.5
19362.211
19362.6
19623.211
19623.6
19775.4
19883.5
19952.6
19953.212
20000.2
20000.4
20042.5
20500.3
20852.6
21000.1
21057.6
21092.211
21092.6
21418.6
21419.212
21466.2
21466.4
21498.5
21966.3
22244.6
22408.4
22438.5
22466.1
22509.6
22689.4
22749.5
22808.211
22808.6
22952.211
22952.6
23214.211
23214.6
23421.211
23421.6
23586.211
23586.6
23851.211
23851.6
23965.211
23965.6
24112.4
24149.5
24210.211
24210.6
24330.4
24383.5
24384.4
24394.5
24453.211
24453.6
24606.211
24606.6
24697.4
24790.5
24859.211
24859.6
25013.211
25013.6
25087.4
25160.5
25219.211
25219.6
25370.4
25440.5
25497.211
25497.6
25640.211
25640.6
25673.211
25673.6
25796.211
25796.6
25849.4
25930.5
26001.211
26001.6
26042.4
26045.5
26046.4
26156.5
26217.211
26217.6
26392.211
26392.6
26513.4
26682.5
26745.6
26746.212
26795.2
26795.4
26796.5
26797.4
26833.5
27295.3
27795.1
27878.6
28224.6
28225.212
28283.2
28283.4
28348.5
28783.3
29283.1
29668.6
29740.4
29801.5
29873.211
29873.6
30016.4
30026.5
30094.211
30094.6
30451.6
30452.212
30513.2
30513.4
30553.5
31013.3
31513.1
31714.6
31905.211
31905.6
32131.211
32131.6
32201.4
32233.5
32295.211
32295.6
32339.4
32394.5
32480.211
32480.6
32747.211
32747.6
33014.211
33014.6
33075.211
33075.6
33158.4
33211.5
33275.211
33275.6
33341.211
33341.6
33462.211
33462.6
33637.4
33698.5
33758.211
33758.6
34059.6
34060.212
34117.2
34117.4
34191.5
34617.3
34983.4
35090.5
35117.1
35223.6
35469.211
35469.6
35634.4
35717.5
35786.6
35787.212
35842.2
35842.4
35905.5
36342.3
36760.4
36842.1
36872.5
37023.6
37105.4
37188.5
37263.211
37263.6
37521.211
37521.6
37668.4
37702.5
37705.4
37716.5
37787.211
37787.6
38083.4
38095.5
38193.6
38194.212
38250.2
38250.4
38304.5
38696.4
38750.3
38953.5
39178.6
39250.1
39378.6
39449.4
39554.5
39616.211
39616.6
39735.4
39831.5
39903.211
39903.6
40225.6
40226.212
40276.2
40276.4
40322.5
40776.3
41276.1
41521.6
41553.211
41553.6
41693.4
41725.5
41792.211
41792.6
42037.4
42063.5
42132.6
42133.212
42189.2
42189.4
42255.5
42656.4
42659.5
42662.4
42689.3
42732.5
43189.1
43620.6
43687.211
43687.6
43772.4
43845.5
43912.211
43912.6
44021.4
44176.5
44251.6
44252.212
44307.2
44307.4
44382.5
44807.3
45307.1
45673.6
45797.4
45882.5
45949.211
45949.6
46027.211
46027.6
46074.4
46275.5
46348.4
46418.5
46492.6
46493.212
46541.2
46541.4
46590.5
47041.3
47348.4
47351.5
47354.4
47541.1
47603.5
47607.4
47637.5
47640.4
47647.5
47747.6
47819.4
48033.5
48098.6
48099.212
48143.2
48143.4
48182.5
48643.3
49143.1
49396.4
49612.5
49692.6
49764.4
49903.5
49970.211
49970.6
50061.4
50186.5
50252.211
50252.6
50331.4
50499.5
50511.4
50555.5
50628.6
50629.212
50681.2
50681.4
50683.5
50685.4
50725.5
51181.3
51681.1
51866.4
52003.5
52076.6
52159.4
52269.5
52343.211
52343.6
52430.4
52611.5
52675.6
52676.212
52720.2
52720.4
52784.5
53220.3
53504.4
53638.5
53649.4
53658.5
53720.1
53982.4
54007.5
54161.6
54264.4
54358.5
54422.211
54422.6
54563.4
54625.5
54702.211
54702.6
54831.4
54984.5
55048.6
55049.212
55101.2
55101.4
55148.5
55381.4
55503.5
55601.3
55883.4
55894.5
55900.4
55908.5
55943.4
56101.1
56109.5
56126.4
56245.5
56359.6
56444.4
56544.5
56627.211
56627.6
56718.4
56876.5
56949.6
56950.212
56999.2
56999.4
57046.5
57499.3
57619.4
57743.5
57921.4
57933.5
57934.4
57999.1
58131.5
58552.6
58664.211
58664.6
58714.4
58824.5
58892.211
58892.6
59005.4
59083.5
59095.4
59110.5
59186.211
59186.6
59304.4
59427.5
59489.6
59490.212
59541.2
59541.4
59600.5
60041.3
60142.4
60406.5
60541.1
60557.4
60674.5
60752.6
60845.4
60932.5
61000.211
61000.6
61089.4
61272.5
61352.6
61353.212
61418.2
61418.4
61461.5
61918.3
61967.4
62198.5
62273.4
62325.5
62418.1
62472.6
62544.4
62674.5
62755.211
62755.6
62841.4
63012.5
63089.6
63090.212
63137.2
63137.4
63191.5
63637.3
63893.4
64092.5
64137.1
64171.4
64224.5
64447.4
64514.5
64580.6
64699.4
64795.5
64882.6
64883.212
64927.2
64927.4
64995.5
65427.3
65468.4
65613.5
65851.6
65916.4
65927.1
66035.5
66113.6
66194.4
66289.5
66356.211
66356.6
66512.4
66605.5
66683.6
66684.212
66733.2
66733.4
66807.5
67233.3
67345.4
67513.5
67517.4
67548.5
67733.1
68001.6
68175.211
68175.6
70704.6
70705.212
70748.2
70748.4
70804.5
71248.3
71748.1
71944.4
72155.5
72162.4
72184.5
73897.6
74076.211
74076.6
74232.4
74264.5
74334.211
74334.6
74462.4
74571.5
74647.6
74648.212
74695.2
74695.4
74725.5
75179.4
75195.3
75449.5
75653.6
75695.1
75722.4
75769.5
75915.6
75995.211
75995.6
76045.4
76139.5
76200.211
76200.6
76294.4
76394.5
76458.211
76458.6
76509.4
76564.5
76630.211
76630.6
77168.6
77169.212
77221.2
77221.4
77284.5
77599.4
77721.3
77763.5
78118.4
78221.1
78309.5
78380.6
78464.4
78551.5
78611.211
78611.6
78698.4
78735.5
78741.4
78765.5
78767.4
78785.5
78786.4
78815.5
78881.211
78881.6
79035.211
79035.6
79170.211
79170.6
79281.4
79322.5
79411.211
79411.6
79564.4
79716.5
79788.6
79789.212
79835.2
79835.4
79907.5
80335.3
80423.4
80473.5
80741.6
80835.1
80908.4
80943.5
81001.6
81118.4
81152.5
81215.211
81215.6
81349.4
81462.5
81536.6
81537.212
81581.2
81581.4
81620.5
82081.3
82408.4
82542.5
82545.4
82559.5
82581.1
82638.6
82804.4
82893.5
82958.6
82959.212
83009.2
83009.4
83042.5
83509.3
84009.1
84348.6
84416.4
84563.5
84635.211
84635.6
84770.4
84865.5
84935.211
84935.6
85023.4
85130.5
85200.211
85200.6
85275.4
85403.5
85498.211
85498.6
85580.4
85695.5
85708.4
85762.5
85839.6
85840.212
85891.2
85891.4
85960.5
86391.3
86577.4
86817.5
86891.1
87023.6
87097.4
87259.5
87322.211
87322.6
87399.4
87503.5
87571.211
87571.6
87643.4
87772.5
87845.211
87845.6
87961.211
87961.6
88028.4
88134.5
88210.211
88210.6
88297.4
88484.5
88554.6
88555.212
88605.2
88605.4
88635.5
88969.4
89105.3
89171.5
89267.6
89359.4
89383.5
89388.4
89440.5
89444.4
89480.5
89484.4
89568.5
89605.1
89648.6
89745.4
89835.5
89903.211
89903.6
89978.4
90089.5
90152.211
90152.6
90952.4
91006.5
91077.6
91078.212
91126.2
91126.4
91171.5
91526.4
91626.3
92041.5
92126.1
92231.4
92287.5
92353.6
92426.4
92532.5
92603.211
92603.6
92698.4
92935.5
93003.6
93004.212
93054.2
93054.4
93120.5
93554.3
93760.4
93998.5
94014.4
94054.1
94264.5
94350.6
94408.4
94529.5
94593.211
94593.6
94665.4
94867.5
94943.6
94944.212
94985.2
94985.4
95059.5
95485.3
95496.4
95872.5
95985.1
96125.6
96195.4
96326.5
96387.211
96387.6
96486.4
96586.5
96659.211
96659.6
96758.211
96758.6
96824.4
96941.5
97008.211
97008.6
97104.4
97287.5
97351.6
97352.212
97402.2
97402.4
97454.5
97766.4
97837.5
97902.3
97948.4
98181.5
98189.4
98262.5
98402.1
98649.6
98719.4
98779.5
98841.211
98841.6
98951.211
98951.6
99131.4
99170.5
99231.211
99231.6
99351.4
99423.5
99488.211
99488.6
99637.211
99637.6
99907.211
99907.6
100038.4
100043.5
100044.4
100178.5
100239.6
100240.212
100284.2
100284.4
100339.5
100784.3
100845.4
100958.5
101284.1
101576.6
101649.4
101757.5
101818.211
101818.6
101892.4
102037.5
102098.211
102098.6
102167.4
102376.5
102432.6
102433.212
102482.2
102482.4
102515.5
102944.4
102982.3
103100.5
103482.1
103621.6
103876.211
103876.6
104043.211
104043.6
104196.211
104196.6
104571.6
104572.212
104621.2
104621.4
104708.5
105103.4
105121.3
105261.5
105561.4
105621.1
105713.5
105928.4
105998.5
106066.6
106231.4
106398.5
106454.6
106455.212
106501.2
106501.4
106552.5
107001.3
107501.1
107786.6
107855.4
107902.5
107965.211
107965.6
108096.4
108200.5
108268.6
108269.212
108313.2
108313.4
108384.5
108813.3
108951.4
109313.1
109703.5
109785.6
109871.4
110156.5
110218.6
110219.212
110266.2
110266.4
110303.5
110766.3
111046.4
111266.1
111517.5
111590.6
111684.4
111761.5
111835.211
111835.6
111909.4
112077.5
112144.6
112145.212
112189.2
112189.4
112253.5
112689.3
113099.4
113102.5
113105.4
113189.1
113277.5
113335.4
113363.5
113536.4
113696.5
113763.6
113835.4
113894.5
113899.4
113969.5
114040.211
114040.6
114130.4
114216.5
114292.211
114292.6
114384.4
114536.5
114617.6
114618.212
114667.2
114667.4
114711.5
115167.3
115241.4
115497.5
115667.1
115787.4
115892.5
115960.6
116045.4
116154.5
116228.211
116228.6
116306.4
116368.5
116375.4
116487.5
116554.6
116555.212
116599.2
116599.4
116648.5
117099.3
117115.4
117394.5
117403.4
117462.5
117599.1
121834.6
121975.4
121982.5
122058.211
122058.6
122200.4
122270.5
122352.211
122352.6
122440.4
122586.5
122677.6
122678.212
122722.2
122722.4
122796.5
123222.3
123472.4
123572.5
123722.1
123797.6
123854.4
124144.5
124220.6
124221.212
124265.2
124265.4
124337.5
124715.4
124718.5
124719.4
124765.3
124776.5
124787.4
124802.5
125265.1
125499.6
125697.211
125697.6
125812.4
125855.5
125925.211
125925.6
126012.4
126049.5
126134.211
126134.6
126601.6
126602.212
126647.2
126647.4
126693.5
127147.3
127147.4
127286.5
127647.1
127783.6
128059.211
128059.6
128132.4
128159.5
128216.211
128216.6
128344.4
128382.5
128444.211
128444.6
128536.4
128620.5
128679.211
128679.6
128967.211
128967.6
129042.4
129051.5
129052.4
129086.5
129148.211
129148.6
129292.211
129292.6
129397.4
129458.5
129517.211
129517.6
129849.6
129850.212
129895.2
129895.4
129944.5
130202.4
130273.5
130354.4
130395.3
130436.5
130895.1
132275.6
132446.4
132504.5
132574.211
132574.6
133574.6
133575.212
133618.2
133618.4
133665.5
134088.4
134118.3
134148.5
134274.4
134540.5
134618.1
134959.6
135049.4
135052.5
135057.4
135133.5
135193.211
135193.6
135365.211
135365.6
135597.211
135597.6
135775.211
135775.6
136613.6
136614.212
136661.2
136661.4
136714.5
137161.3
137229.4
137232.5
137236.4
137238.5
137242.4
137389.5
137661.1
137830.4
137860.5
137921.6
138053.4
138088.5
138182.211
138182.6
138322.211
138322.6
138958.4
138995.5
139063.6
139064.212
139112.2
139112.4
139172.5
139572.4
139612.3
139689.5
140112.1
140516.4
140557.5
140613.6
142438.4
142447.5
142509.6
142510.212
142556.2
142556.4
142605.5
142947.4
143022.5
143056.3
143096.4
143214.5
143346.4
143556.1
143585.5
143624.4
143743.5
143831.6
143897.4
143940.5
143945.4
143960.5
144031.211
144031.6
144284.211
144284.6
144512.211
144512.6
144581.4
144682.5
144742.211
144742.6
144852.4
144961.5
145020.211
145020.6
145093.4
145222.5
145289.211
145289.6
145717.6
145718.212
145764.2
145764.4
145824.5
146264.3
146335.4
146599.5
146764.1
146990.6
147688.6
147689.212
147752.2
147752.4
147784.5
148252.3
148402.4
148482.5
148752.1
149480.6
149750.211
149750.6
149910.211
149910.6
150062.211
150062.6
150182.211
150182.6
150854.6
150855.212
150909.2
150909.4
150941.5
151409.3
151909.1
152307.6
152390.211
152390.6
152536.211
152536.6
152791.211
152791.6
152955.211
152955.6
153071.211
153071.6
153350.211
153350.6
153460.211
153460.6
153691.211
153691.6
153735.211
153735.6
154148.6
154149.212
154226.2
154226.4
154301.5
154726.3
155012.4
155226.1
155270.5
155393.4
155487.5
155633.4
155877.5
155961.6
156040.4
156282.5
156349.6
156350.212
156400.2
156400.4
156459.5
156774.4
156880.5
156900.3
157400.1
157554.6
157647.211
157647.6
157737.211
157737.6
157871.211
157871.6
158419.6
158420.212
158478.2
158478.4
158521.5
158876.4
158978.3
159052.5
159478.1
159669.6
159840.211
159840.6
160043.211
160043.6
161144.6
161145.212
161194.2
161194.4
161255.5
161694.3
161882.4
162137.5
162194.1
162321.4
162366.5
162370.4
162372.5
162381.4
162425.5
162495.6
162655.4
162708.5
162710.4
162725.5
162794.211
162794.6
163133.6
163134.212
163180.2
163180.4
163209.5
163579.4
163680.3
163778.5
164180.1
164297.6
164427.211
164427.6
164643.211
164643.6
164865.211
164865.6
164948.211
164948.6
165174.211
165174.6
165333.211
165333.6
165423.211
165423.6
165462.211
165462.6
165750.211
165750.6
165818.211
165818.6
166520.6
166521.212
166587.2
166587.4
166630.5
166941.4
166943.5
166944.4
167026.5
167087.3
167417.4
167468.5
167551.6
167587.1
167889.6
168593.6
168594.212
168649.2
168649.4
168742.5
169149.3
169156.4
169217.5
169649.1
170904.6
171868.6
171869.212
171928.2
171928.4
172024.5
172428.3
172928.1
173489.6
173529.211
173529.6
173656.211
173656.6
174521.6
174522.212
174570.2
174570.4
174638.5
175070.3
175171.4
175240.5
175570.1
175614.4
175727.5
176135.4
176153.5
176157.4
176171.5
176172.4
176178.5
176180.4
176185.5
176187.4
176210.5
176560.6
176896.6
176897.212
176966.2
176966.4
177019.5
177466.3
177742.4
177807.5
177966.1
178318.6
178613.211
178613.6
178681.4
178729.5
178793.211
178793.6
179043.211
179043.6
179252.211
179252.6
179356.211
179356.6
179478.4
179508.5
179611.211
179611.6
179783.211
179783.6
179853.211
180000.9
123456789
9
21
15
9
21
15
14
FI
2
6
10
48
31
11
21
31
6
2
1698
0
0
0
314159265
82
2
415
180000
314159265
0.1
164.6
453.211
453.6
621.211
621.6
680.4
799.5
855.211
855.6
1133.211
1133.6
1182.4
1312.5
1365.211
1365.6
1594.211
1594.6
1765.4
1778.5
1838.211
1838.6
1981.4
2062.5
2116.211
2116.6
2370.211
2370.6
2782.6
2783.212
2832.2
2832.4
2887.5
3212.4
3213.5
3214.4
3332.3
3339.5
3343.4
3424.5
3547.6
3643.4
3832.1
3890.5
3963.6
4032.4
4221.5
4279.6
4280.212
4329.2
4329.4
4377.5
4829.3
5088.4
5269.5
5329.1
5351.6
5422.4
5669.5
5747.6
5748.212
5784.2
5784.4
5816.5
6284.3
6374.4
6451.5
6609.6
6703.4
6784.1
6809.5
6874.6
6990.211
6990.6
7056.4
7176.5
7262.211
7262.6
7342.4
7430.5
7499.211
7499.6
7610.4
7702.5
7762.211
7762.6
7854.4
7973.5
8038.211
8038.6
8102.4
8285.5
8347.6
8348.212
8396.2
8396.4
8441.5
8896.3
9201.6
9273.4
9396.1
9452.5
9523.6
9604.4
9687.5
9751.211
9751.6
9882.4
9979.5
10048.211
10048.6
10138.4
10281.5
10344.211
10344.6
10436.4
10556.5
10602.4
10674.5
10735.6
10736.212
10781.2
10781.4
10853.5
11127.4
11281.3
11399.5
11432.4
11489.5
11551.6
11781.1
11836.4
11921.5
11986.6
12033.4
12153.5
12165.4
12178.5
12244.211
12244.6
12329.4
12449.5
12525.211
12525.6
12759.211
12759.6
12835.4
12966.5
13039.211
13039.6
13092.4
13314.5
13376.6
13377.212
13424.2
13424.4
13458.5
13864.4
13924.3
13963.5
13965.4
13987.5
14015.4
14107.5
14174.6
14279.4
14375.5
14424.1
14432.6
14540.211
14540.6
14729.4
14741.5
14770.4
14779.5
14847.6
14848.212
14892.2
14892.4
14962.5
15392.3
15892.1
16373.6
16633.211
16633.6
16716.4
16775.5
16844.211
16844.6
17131.211
17131.6
17223.4
17291.5
17366.211
17366.6
17567.211
17567.6
17688.4
17773.5
17788.4
17883.5
17949.6
17950.212
17997.2
17997.4
18028.5
18435.4
18497.3
18598.5
18913.4
18997.1
19010.5
19011.4
19013.5
19084.6
19183.4
19266.5
19324.211
19324.6
19422.211
19422.6
19498.4
19564.5
19589.4
19606.5
19672.211
19672.6
19947.211
19947.6
20152.211
20152.6
20563.6
20564.212
20611.2
20611.4
20659.5
21111.3
21203.4
21365.5
21611.1
21756.6
21867.4
21920.5
21981.211
21981.6
22330.6
22331.212
22379.2
22379.4
22444.5
22879.3
22911.4
23109.5
23379.1
23515.6
23660.4
23690.5
23751.211
23751.6
23871.211
23871.6
23979.4
24094.5
24165.211
24165.6
24421.211
24421.6
24504.4
24627.5
24685.211
24685.6
24888.211
24888.6
24948.211
24948.6
25009.4
25093.5
25149.211
25149.6
25920.6
25921.212
25991.2
25991.4
26032.5
26433.4
26491.3
26676.5
26991.1
27128.4
27138.5
27156.4
27198.5
27253.6
27585.6
27586.212
27638.2
27638.4
27690.5
28138.3
28396.4
28447.5
28638.1
28747.6
28864.4
28900.5
28960.211
28960.6
29369.6
29370.212
29425.2
29425.4
29549.5
29925.3
30425.1
30664.4
30692.5
30749.6
30904.4
30946.5
31004.211
31004.6
31135.211
31135.6
31204.4
31300.5
31367.211
31367.6
31639.211
31639.6
31713.4
31729.5
31749.4
31762.5
31814.211
31814.6
32124.6
32125.212
32175.2
32175.4
32218.5
32675.3
32770.4
32856.5
32857.4
32870.5
33097.6
33175.1
33425.6
33457.211
33457.6
33749.211
33749.6
33880.211
33880.6
33974.211
33974.6
34039.4
34072.5
34132.211
34132.6
34429.211
34429.6
34536.211
34536.6
34951.6
34952.212
35025.2
35025.4
35034.5
35039.4
35061.5
35525.3
35749.6
35892.4
35995.5
36025.1
36063.6
36402.6
36403.212
36449.2
36449.4
36628.5
36629.4
36949.3
37449.1
37715.5
37789.6
37825.4
37828.5
37829.4
38002.5
38009.4
38628.5
38728.6
38729.212
38777.2
38777.4
38835.5
39231.4
39277.3
39511.5
39658.6
39743.6
39777.1
39797.4
40008.5
40027.4
40037.5
40101.6
40273.4
40454.5
40533.6
40534.212
40579.2
40579.4
40620.5
40887.4
41079.3
41120.5
41196.6
41257.4
41579.1
41609.5
41613.4
41620.5
41690.6
41786.4
41942.5
42035.6
42036.212
42085.2
42085.4
42117.5
42585.3
42611.4
42684.5
43085.1
43361.4
43487.5
43635.4
43826.5
43914.6
44001.4
44146.5
44218.6
44219.212
44275.2
44275.4
44316.5
44762.4
44775.3
45108.5
45173.6
45245.4
45275.1
45343.5
45353.4
45443.5
45510.6
45552.211
45552.6
45586.211
45586.6
45644.4
45808.5
45889.6
45890.212
45930.2
45930.4
45963.5
46244.4
46430.3
46533.5
46545.4
46664.5
46737.6
46852.4
46867.5
46875.4
46921.5
46924.4
46926.5
46930.1
46930.4
46961.5
47229.6
47306.4
47466.5
47557.6
47558.212
47605.2
47605.4
47668.5
48105.3
48169.4
48513.5
48600.6
48605.1
48665.4
48736.5
48745.4
48779.5
48853.6
49026.4
49128.5
49191.6
49192.212
49245.2
49245.4
49248.5
49249.4
49288.5
49745.3
49885.4
50033.5
50043.4
50046.5
50051.4
50181.5
50196.4
50211.5
50212.4
50241.5
50245.1
50357.6
50431.4
50512.5
50581.211
50581.6
50657.4
50805.5
50879.211
50879.6
50975.4
51056.5
51057.4
51086.5
51093.4
51109.5
51193.6
51194.212
51238.2
51238.4
51280.5
51665.4
51738.3
52040.5
52207.4
52234.5
52238.1
52259.4
52308.5
52540.6
52612.4
52758.5
52845.6
52846.212
52891.2
52891.4
52925.5
53391.3
53396.4
53632.5
53637.4
53661.5
53891.1
53905.4
53976.5
54043.6
54320.4
54384.5
54391.4
54398.5
54459.6
54460.212
54505.2
54505.4
54548.5
55005.3
55505.1
55789.6
55884.211
55884.6
55933.4
56073.5
56129.211
56129.6
56276.4
56308.5
56369.211
56369.6
56466.4
56591.5
56600.4
56614.5
56675.6
56676.212
56714.2
56714.4
56814.5
57214.3
57714.1
57994.6
58182.211
58182.6
58787.6
58788.212
58833.2
58833.4
58889.5
59333.3
59338.4
59340.5
59345.4
59449.5
59833.1
59999.6
60107.4
60151.5
60153.4
60218.5
60278.211
60278.6
60353.211
60353.6
60455.4
60509.5
60514.4
60530.5
60531.4
60566.5
60645.211
60645.6
60745.4
60817.5
60829.4
60873.5
60948.6
60949.212
60997.2
60997.4
60998.5
61000.4
61053.5
61497.3
61625.4
61687.5
61741.4
61997.1
62048.5
62118.4
62175.5
62183.4
62223.5
62316.6
62412.211
62412.6
62468.4
62585.5
62656.211
62656.6
62718.4
62751.5
62756.4
62758.5
62761.4
62861.5
62879.4
62890.5
62951.211
62951.6
63046.4
63047.5
63049.4
63201.5
63286.6
63287.212
63339.2
63339.4
63394.5
63711.4
63839.3
63908.5
63949.4
64057.5
64086.4
64100.5
64183.6
64256.4
64277.5
64282.4
64283.5
64288.4
64300.5
64302.4
64328.5
64339.1
64345.4
64356.5
64433.6
64500.4
64526.5
64534.4
64600.5
64663.211
64663.6
64750.4
64830.5
64923.211
64923.6
64989.211
64989.6
65036.4
65162.5
65174.4
65197.5
65261.211
65261.6
65325.4
65494.5
65509.4
65517.5
65580.6
65581.212
65621.2
65621.4
65675.5
66086.4
66121.3
66256.5
66453.4
66555.5
66583.4
66585.5
66586.4
66589.5
66621.1
66642.4
66794.5
66864.6
66940.4
67079.5
67149.211
67149.6
67205.4
67386.5
67469.6
67470.212
67517.2
67517.4
67555.5
67839.4
67912.5
67960.4
68017.3
68109.5
68116.4
68126.5
68127.4
68230.5
68339.6
68421.4
68471.5
68481.4
68483.5
68488.4
68502.5
68517.1
68585.6
68711.4
68888.5
68964.6
68965.212
69013.2
69013.4
69057.5
69494.4
69495.5
69497.4
69513.3
69622.5
69634.4
69693.5
69712.4
69739.5
69888.6
70013.1
70025.4
70031.5
70040.4
70106.5
70172.6
70273.211
70273.6
70351.4
70584.5
70652.6
70653.212
70702.2
70702.4
70741.5
71202.3
71258.4
71370.5
71383.4
71494.5
71552.4
71573.5
71658.6
71702.1
71902.6
72030.211
72030.6
72107.4
72267.5
72328.211
72328.6
72437.4
72610.5
72669.6
72670.212
72731.2
72731.4
72732.5
72734.4
72765.5
73061.4
73231.3
73441.5
73495.6
73731.1
73891.6
73958.4
74067.5
74125.211
74125.6
74198.4
74317.5
74378.211
74378.6
75693.6
75694.212
75738.2
75738.4
75777.5
76238.3
76444.4
76682.5
76738.1
76910.4
76926.5
76928.4
76938.5
77008.6
77115.4
77368.5
77434.6
77435.212
77479.2
77479.4
77529.5
77889.4
77979.3
78041.5
78050.4
78060.5
78063.4
78067.5
78070.4
78074.5
78075.4
78130.5
78207.6
78479.1
78496.6
78566.4
78725.5
78784.211
78784.6
78851.4
79013.5
79081.211
79081.6
79136.4
79326.5
79394.6
79395.212
79445.2
79445.4
79482.5
79945.3
80065.4
80168.5
80173.4
80197.5
80209.4
80259.5
80445.1
80449.6
80643.211
80643.6
81167.6
81168.212
81251.2
81251.4
81330.5
81751.3
81998.4
82210.5
82251.1
82258.4
82552.5
82633.6
82777.4
83001.5
83060.6
83061.212
83109.2
83109.4
83177.5
83609.3
83869.4
84109.1
84154.5
84261.6
84331.4
84555.5
84620.6
84621.212
84672.2
84672.4
84712.5
85150.4
85172.3
85543.5
85604.6
85672.1
85676.4
85705.5
85711.4
85721.5
85723.4
85747.5
85753.4
85768.5
85798.4
85834.5
85835.4
85838.5
85909.6
86064.211
86064.6
86165.4
86167.5
86169.4
86367.5
86433.6
86434.212
86479.2
86479.4
86528.5
86625.4
86668.5
86979.3
87131.4
87479.1
87597.5
87802.4
87951.5
88016.6
88062.4
88200.5
88261.211
88261.6
88322.4
88487.5
88505.4
88524.5
88595.6
88596.212
88644.2
88644.4
88710.5
89144.3
89291.4
89506.5
89644.1
89781.6
89874.4
90188.5
90257.6
90258.212
90305.2
90305.4
90335.5
90805.3
90913.4
91250.5
91305.1
91425.6
91495.4
91628.5
91701.211
91701.6
91765.4
92002.5
92099.6
92100.212
92146.2
92146.4
92209.5
92529.4
92599.5
92646.3
92776.4
92881.5
93146.1
93195.4
93566.5
93600.4
93724.5
93802.6
93874.4
93967.5
94030.211
94030.6
94188.4
94343.5
94408.6
94409.212
94453.2
94453.4
94487.5
94947.4
94953.3
95453.1
95528.5
95596.6
95734.4
95848.5
95914.6
95915.212
95958.2
95958.4
96017.5
96307.4
96458.3
96587.5
96591.4
96771.5
96772.4
96777.5
96778.4
96830.5
96905.6
96958.1
97134.6
97179.4
97423.5
97491.6
97492.212
97535.2
97535.4
97609.5
97703.4
97754.5
98035.3
98072.4
98535.1
98563.5
98644.6
98713.211
98713.6
98764.4
98915.5
98973.211
98973.6
99032.4
99042.5
99049.4
99052.5
99054.4
99057.5
99060.4
99110.5
99295.6
99296.212
99342.2
99342.4
99390.5
99842.3
99965.4
100298.5
100342.1
100508.4
100613.5
100679.6
100734.4
100979.5
101046.6
101047.212
101088.2
101088.4
101150.5
101588.3
101735.4
102088.1
102370.5
102445.6
102508.211
102508.6
102567.4
102711.5
102777.211
102777.6
103010.211
103010.6
103066.211
103066.6
103117.4
103346.5
103413.6
103414.212
103461.2
103461.4
103491.5
103961.3
104141.4
104382.5
104461.1
104628.6
104681.4
104831.5
104895.211
104895.6
105293.6
105294.212
105345.2
105345.4
105389.5
105845.3
106002.4
106345.1
106474.5
106526.4
106645.5
106714.6
106758.4
106937.5
107004.211
107004.6
107065.4
107212.5
107284.211
107284.6
107508.211
107508.6
107561.211
107561.6
108538.6
108539.212
108596.2
108596.4
108647.5
109024.4
109061.5
109096.3
109596.1
109650.6
109738.4
109865.5
109925.211
109925.6
109984.4
110203.5
110268.6
110269.212
110317.2
110317.4
110378.5
110817.3
110871.4
110949.5
111305.6
111317.1
111496.4
111502.5
111566.6
111667.211
111667.6
111875.211
111875.6
112170.211
112170.6
112359.211
112359.6
112474.211
112474.6
112520.211
112520.6
112625.4
112735.5
112792.211
112792.6
112892.211
112892.6
113248.6
113249.212
113309.2
113309.4
113367.5
113809.3
113871.4
113913.5
114230.4
114297.5
114309.1
114388.4
114497.5
114617.4
114633.5
114635.4
114636.5
114640.4
114700.5
114886.6
114940.4
114991.5
114997.4
115022.5
115107.211
115107.6
115267.4
115304.5
115493.6
115494.212
115544.2
115544.4
115594.5
115962.4
116044.3
116089.5
116249.4
116377.5
116544.1
116890.6
117008.211
117008.6
117162.211
117162.6
117203.211
117203.6
118085.6
118086.212
118134.2
118134.4
118211.5
118634.3
118767.4
118930.5
119134.1
119442.6
119602.211
119602.6
119832.211
119832.6
119922.4
120030.5
120099.211
120099.6
120162.4
120315.5
120382.211
120382.6
120595.211
120595.6
120820.211
120820.6
120888.211
120888.6
120978.211
120978.6
121191.211
121191.6
121515.6
121516.212
121589.2
121589.4
121646.5
122089.3
122589.1
122890.6
122990.4
123170.5
123228.6
123229.212
123280.2
123280.4
123328.5
123715.4
123749.5
123780.3
124271.6
124280.1
124487.6
124605.211
124605.6
124920.4
124958.5
125012.6
125013.212
125059.2
125059.4
125177.5
125243.4
125301.5
125559.3
125924.4
126021.5
126059.1
126085.4
126385.5
126464.4
126532.5
126710.4
126783.5
126785.4
126797.5
126864.6
126942.4
127039.5
127209.6
127210.212
127256.2
127256.4
127321.5
127756.3
127921.4
128063.5
128256.1
128383.6
128664.211
128664.6
128739.211
128739.6
128800.211
128800.6
128966.211
128966.6
129115.211
129115.6
129314.211
129314.6
129392.211
129392.6
129683.211
129683.6
129919.211
129919.6
130012.211
130012.6
131113.6
131114.212
131160.2
131160.4
131231.5
131631.4
131660.3
131706.5
132160.1
132201.6
132311.211
132311.6
132471.211
132471.6
132742.211
132742.6
132880.211
132880.6
132963.211
132963.6
133128.211
133128.6
133727.6
133728.212
133768.2
133768.4
133819.5
134268.3
134293.4
134297.5
134298.4
134339.5
134768.1
135055.6
135159.211
135159.6
135340.211
135340.6
135623.211
135623.6
135754.211
135754.6
136472.6
136473.212
136520.2
136520.4
136546.5
137020.3
137290.8
137520.1
137743.6
137815.211
137815.6
137871.4
137926.5
137987.211
137987.6
138049.4
138095.5
138267.211
138267.6
138444.211
138444.6
138498.211
138498.6
138906.6
138907.212
138955.2
138955.4
139002.5
139232.4
139279.5
139375.4
139455.3
139607.5
139625.4
139656.5
139657.4
139662.5
139955.1
140204.6
140271.4
140321.5
140394.211
140394.6
140681.211
140681.6
141508.6
141509.212
141557.2
141557.4
141608.5
142057.3
142173.4
142323.5
142557.1
142859.6
142914.4
142951.5
143414.6
143415.212
143477.2
143477.4
143513.5
143740.4
143801.5
143969.4
143977.3
144032.5
144033.4
144057.5
144427.8
144477.1
145049.6
145109.4
145199.5
145259.211
145259.6
145324.4
145328.5
145751.6
145752.212
145798.2
145798.4
145852.5
146255.4
146281.5
146298.3
146798.1
146963.6
147975.6
147976.212
148020.2
148020.4
148078.5
148520.3
148650.4
148884.5
149020.1
150461.6
150585.211
150585.6
150714.211
150714.6
151740.6
151741.212
151785.2
151785.4
151881.5
152285.3
152474.4
152559.5
152785.1
152998.6
153145.4
153224.5
153286.211
153286.6
153418.211
153418.6
153458.211
153458.6
153647.211
153647.6
153922.211
153922.6
153980.211
153980.6
154445.6
154446.212
154492.2
154492.4
154548.5
154831.4
154833.5
154836.4
154842.5
154875.4
154986.5
154992.3
155492.1
155590.6
155696.211
155696.6
155932.211
155932.6
156256.6
156257.212
156322.2
156322.4
156373.5
156654.4
156770.5
156822.3
157290.6
157322.1
157772.6
157871.211
157871.6
157947.211
157947.6
158131.211
158131.6
158484.6
158485.212
158530.2
158530.4
158592.5
158973.4
159013.5
159030.3
159530.1
159775.6
159993.211
159993.6
160116.211
160116.6
160374.211
160374.6
160775.6
160776.212
160833.2
160833.4
160873.5
161239.4
161305.5
161333.3
161833.1
161939.6
162641.6
162642.212
162693.2
162693.4
162775.5
163193.3
163693.1
163981.6
164116.211
164116.6
164511.6
164512.212
164616.2
164616.4
164648.5
165116.3
165616.1
165947.6
166312.6
166313.212
166363.2
166363.4
166420.5
166740.4
166863.3
166869.5
167363.1
167618.6
167917.211
167917.6
168089.211
168089.6
169049.6
169050.212
169090.2
169090.4
169155.5
169590.3
169673.4
169719.5
169813.4
169998.5
170090.1
171176.6
171247.4
171332.5
171410.211
171410.6
171685.211
171685.6
171838.211
171838.6
172166.6
172167.212
172228.2
172228.4
172280.5
172552.4
172728.3
172780.5
173228.1
173286.6
173440.211
173440.6
174053.6
174054.212
174101.2
174101.4
174138.5
174601.3
175101.1
175225.6
175330.211
175330.6
175886.6
175887.212
175938.2
175938.4
176087.5
176438.3
176520.4
176624.5
176871.4
176888.5
176894.4
176938.1
176975.5
177056.6
177335.4
177345.5
178001.6
178002.212
178058.2
178058.4
178109.5
178525.4
178558.3
178691.5
178852.4
178881.5
179058.1
179432.6
179491.211
179491.6
179704.211
180000.9
123456789
9
22
15
9
22
15
14
FI
2
6
10
51
17
11
24
18
6
2
1538
0
0
0
314159265
80
1
384
180000
314159265
0.1
533.6
675.211
675.6
734.4
757.5
840.211
840.6
891.4
991.5
1097.211
1097.6
1178.4
1211.5
1335.211
1335.6
1402.4
1478.5
1557.211
1557.6
1609.4
1717.5
1792.211
1792.6
2148.6
2149.212
2207.2
2207.4
2278.5
2696.4
2707.3
2976.5
3022.4
3082.5
3083.4
3087.5
3175.6
3207.1
3277.4
3381.5
3447.6
3492.4
3632.5
3708.211
3708.6
3966.211
3966.6
4011.211
4011.6
4093.4
4221.5
4286.211
4286.6
4383.4
4520.5
4593.6
4594.212
4646.2
4646.4
4697.5
5146.3
5418.4
5646.1
5647.5
6000.6
6087.4
6229.5
6297.211
6297.6
6358.4
6456.5
6527.211
6527.6
6688.211
6688.6
6762.4
6856.5
6876.4
6985.5
7047.6
7048.212
7096.2
7096.4
7149.5
7596.3
7838.4
7929.5
7933.4
7935.5
8096.1
8132.6
8191.4
8282.5
8375.211
8375.6
8454.4
8681.5
8760.6
8761.212
8810.2
8810.4
8847.5
9310.3
9645.4
9810.1
9905.5
9942.4
9972.5
9973.4
9976.5
9978.4
10007.5
10008.4
10016.5
10019.4
10060.5
10268.6
10567.211
10567.6
10692.4
10751.5
10820.211
10820.6
10872.211
10872.6
10931.4
11000.5
11089.211
11089.6
11370.211
11370.6
11412.211
11412.6
11494.4
11602.5
11663.211
11663.6
11789.4
11920.5
12000.6
12001.212
12048.2
12048.4
12110.5
12548.3
12959.4
13048.1
13065.5
13103.4
13110.5
13114.4
13118.5
13455.4
13486.5
13545.6
13962.6
13963.212
14027.2
14027.4
14072.5
14527.3
14789.4
14867.5
15027.1
15274.6
15585.6
15586.212
15632.2
15632.4
15677.5
16079.4
16132.3
16224.5
16632.1
16703.6
16914.211
16914.6
17160.211
17160.6
17400.211
17400.6
17654.211
17654.6
17771.211
17771.6
17976.211
17976.6
18015.211
18015.6
18596.6
18597.212
18658.2
18658.4
18712.5
19097.4
19158.3
19260.5
19588.4
19638.5
19658.1
19709.6
19872.211
19872.6
19978.211
19978.6
20069.4
20154.5
20213.211
20213.6
20498.211
20498.6
20698.4
20718.5
20776.211
20776.6
20961.211
20961.6
21152.211
21152.6
21285.211
21285.6
21456.4
21488.5
21547.211
21547.6
21942.6
21943.212
22030.2
22030.4
22095.5
22530.3
23030.1
23439.6
23524.4
23553.5
23954.6
23955.212
24007.2
24007.4
24053.5
24507.3
25007.1
25152.4
25191.5
25342.6
25448.211
25448.6
25598.211
25598.6
25655.4
25726.5
25790.211
25790.6
25948.211
25948.6
26145.4
26151.5
26157.4
26199.5
26256.6
26257.212
26302.2
26302.4
26358.5
26802.3
26946.4
27036.5
27037.4
27119.5
27121.4
27140.5
27144.4
27148.5
27229.6
27302.1
27442.4
27459.5
27462.4
27507.5
27570.6
27680.4
27813.5
27884.6
27885.212
27930.2
27930.4
27978.5
28430.3
28458.4
28771.5
28811.4
28899.5
28930.1
29029.6
29117.4
29218.5
29289.211
29289.6
29389.4
29633.5
29710.6
29711.212
29752.2
29752.4
29807.5
30252.3
30283.4
30400.5
30608.6
30723.4
30752.1
30777.5
30785.4
30841.5
30905.6
30999.4
31133.5
31196.211
31196.6
31234.4
31397.5
31413.4
31442.5
31503.6
31504.212
31552.2
31552.4
31592.5
31979.4
32052.3
32115.5
32122.4
32173.5
32178.4
32336.5
32404.6
32478.6
32535.4
32552.1
32661.5
32674.4
32700.5
32762.6
32874.4
33042.5
33055.4
33064.5
33132.6
33133.212
33172.2
33172.4
33230.5
33672.3
33771.4
34105.5
34172.1
34179.6
34244.4
34374.5
34386.4
34406.5
34489.6
34490.212
34541.2
34541.4
34598.5
35041.3
35172.4
35295.5
35541.1
35561.4
35835.5
35937.6
35999.4
36023.5
36031.4
36099.5
36189.211
36189.6
36281.4
36432.5
36462.4
36478.5
36544.6
36545.212
36585.2
36585.4
36625.5
37085.3
37237.4
37585.1
37585.5
37586.4
37710.5
37811.6
37868.4
38009.5
38104.211
38104.6
38227.4
38491.5
38568.6
38569.212
38613.2
38613.4
38698.5
39113.3
39328.4
39613.1
39712.5
39812.6
39888.211
39888.6
39936.4
40142.5
40219.6
40220.212
40260.2
40260.4
40313.5
40760.3
41004.4
41260.1
41380.5
41463.6
41523.4
41690.5
41778.6
41779.212
41836.2
41836.4
41938.5
42336.3
42564.4
42836.1
42880.5
42965.6
43021.4
43246.5
43343.6
43344.212
43397.2
43397.4
43468.5
43897.3
43938.4
44330.5
44397.1
44476.6
44545.4
44797.5
44873.6
44874.212
44922.2
44922.4
45035.5
45334.4
45422.3
45916.5
45922.1
46024.6
46101.4
46247.5
46338.6
46339.212
46384.2
46384.4
46448.5
46884.3
47148.4
47384.1
47616.5
47701.6
47758.4
47962.5
48034.6
48035.212
48072.2
48072.4
48175.5
48572.3
48871.4
49072.1
49167.5
49251.6
49296.4
49398.5
49408.4
49411.5
49504.211
49504.6
49543.4
49734.5
49817.6
49818.212
49875.2
49875.4
49876.5
49882.4
49966.5
50375.3
50875.1
51900.4
52059.5
52152.6
52292.4
52386.5
52472.6
52473.212
52512.2
52512.4
52588.5
53012.3
53251.4
53390.5
53512.1
53617.4
53685.5
53763.6
53858.4
53990.5
54061.211
54061.6
54974.6
54975.212
55020.2
55020.4
55142.5
55520.3
55858.4
56020.1
56037.5
56096.4
56138.5
56539.6
56643.211
56643.6
56683.4
56816.5
56885.211
56885.6
56961.211
56961.6
57007.4
57137.5
57230.211
57230.6
57267.4
57434.5
57505.211
57505.6
57709.211
57709.6
57774.4
58074.5
58134.6
58135.212
58178.2
58178.4
58228.5
58678.3
58902.4
59082.5
59085.4
59090.5
59091.4
59093.5
59095.4
59097.5
59103.4
59152.5
59153.4
59158.5
59178.1
59514.4
59617.5
59680.6
59750.4
59842.5
59922.211
59922.6
60068.4
60158.5
60249.6
60250.212
60310.2
60310.4
60379.5
60810.3
60934.4
61310.1
61349.5
61432.6
61549.4
61619.5
61694.211
61694.6
62042.6
62043.212
62093.2
62093.4
62154.5
62468.4
62593.3
63052.5
63093.1
63307.4
63478.5
63542.6
63629.4
63775.5
63849.6
63850.212
63890.2
63890.4
63930.5
64390.3
64677.4
64785.5
64890.1
65130.4
65241.5
65312.6
65408.4
65527.5
65601.211
65601.6
65712.4
65840.5
65909.6
65910.212
65954.2
65954.4
66013.5
66309.4
66384.5
66454.3
66542.4
66620.5
66786.4
66954.1
67028.5
67322.4
67449.5
67523.6
67595.4
67702.5
67770.211
67770.6
67846.4
67997.5
68069.211
68069.6
68121.4
68222.5
68288.211
68288.6
68501.211
68501.6
68576.4
68679.5
68741.211
68741.6
68836.4
68930.5
68995.211
68995.6
69055.4
69079.5
69081.4
69084.5
69089.4
69098.5
69101.4
69111.5
69277.211
69277.6
69349.4
69509.5
69573.211
69573.6
69634.4
69742.5
69800.211
69800.6
69907.4
70131.5
70218.6
70219.212
70257.2
70257.4
70258.5
70260.4
70311.5
70596.4
70668.5
70757.3
71017.4
71240.5
71257.1
71492.4
71524.5
71886.6
71976.4
72074.5
72158.211
72158.6
72275.4
72478.5
72569.6
72570.212
72615.2
72615.4
72682.5
73115.3
73120.4
73350.5
73615.1
73791.6
73841.4
73990.5
74063.211
74063.6
74259.211
74259.6
74529.4
74602.5
74810.6
74811.212
74877.2
74877.4
74912.5
75319.4
75377.3
75640.5
75877.1
75973.4
76102.5
76168.6
76257.4
76499.5
76576.6
76577.212
76625.2
76625.4
76675.5
77125.3
77625.1
77673.4
77887.5
77956.6
78050.4
78232.5
78306.6
78307.212
78349.2
78349.4
78351.5
78353.4
78419.5
78849.3
78936.4
79019.5
79021.4
79027.5
79349.1
79353.4
79560.5
79628.6
79740.4
79889.5
79971.6
79972.212
80027.2
80027.4
80102.5
80527.3
80666.4
81027.1
81129.5
81130.4
81134.5
81307.4
81498.5
81594.6
81672.211
81672.6
81713.4
81857.5
81878.4
81927.5
81987.6
81988.212
82026.2
82026.4
82102.5
82526.3
82582.4
82587.5
82589.4
82960.5
83026.1
83036.6
83084.4
83399.5
83477.6
83478.212
83515.2
83515.4
83578.5
84015.3
84209.4
84473.5
84515.1
84572.6
84639.4
84678.5
84680.4
84735.5
84736.4
84869.5
84944.6
84945.212
84991.2
84991.4
85052.5
85491.3
85556.4
85808.5
85818.4
85828.5
85830.4
85833.5
85842.4
85844.5
85846.4
85849.5
85852.4
85930.5
85991.1
86029.6
86088.4
86282.5
86290.4
86327.5
86389.6
86390.212
86431.2
86431.4
86486.5
86931.3
87229.4
87431.1
87461.5
87462.4
87471.5
87472.4
87487.5
87505.4
87547.5
87619.6
87687.4
87692.5
87693.4
87867.5
87968.6
87969.212
88010.2
88010.4
88046.5
88389.4
88510.3
88720.5
88793.6
88882.4
89010.1
89133.5
89207.6
89250.4
89402.5
89477.211
89477.6
89607.4
89793.5
89899.6
89900.212
89951.2
89951.4
89953.5
89955.4
90014.5
90345.4
90451.3
90774.5
90850.6
90920.4
90951.1
91029.5
91117.6
91183.4
91295.5
91369.211
91369.6
91557.4
91616.5
91622.4
91626.5
91716.6
91717.212
91758.2
91758.4
91830.5
92258.3
92758.1
92909.4
93064.5
93146.6
93223.4
93373.5
93438.211
93438.6
93508.4
93659.5
93735.211
93735.6
93809.4
93938.5
94018.211
94018.6
95258.6
95259.212
95305.2
95305.4
95373.5
95756.4
95805.3
95959.5
96305.1
96305.4
96720.5
96903.4
96989.5
97066.6
97131.4
97180.5
97318.211
97318.6
97411.4
97413.5
97414.4
97561.5
97627.6
97628.212
97676.2
97676.4
97716.5
98107.4
98110.5
98111.4
98176.3
98384.5
98620.4
98676.1
98771.5
98848.6
98920.4
99071.5
99165.6
99166.212
99209.2
99209.4
99278.5
99709.3
99782.4
99890.5
100209.1
100295.6
100386.4
100510.5
100576.211
100576.6
100656.4
100779.5
100845.211
100845.6
100943.4
101065.5
101073.4
101080.5
101162.6
101163.212
101206.2
101206.4
101254.5
101706.3
101794.4
101880.5
102090.4
102206.1
102695.5
102707.4
102744.5
102748.4
102751.5
102846.6
102896.4
103050.5
103127.211
103127.6
103199.211
103199.6
103260.4
103360.5
103437.211
103437.6
103687.211
103687.6
103822.4
103982.5
104053.6
104054.212
104092.2
104092.4
104136.5
104592.3
104704.4
105092.1
105128.5
105143.4
105177.5
105241.6
105298.4
105350.5
105352.4
105464.5
105537.211
105537.6
105633.4
105746.5
105749.4
105769.5
105787.4
105810.5
105878.6
105879.212
105925.2
105925.4
105959.5
106310.4
106409.5
106425.3
106906.6
106925.1
107322.6
107414.4
107509.5
107515.4
107519.5
107583.211
107583.6
107645.4
107828.5
107891.6
107892.212
107936.2
107936.4
108009.5
108436.3
108597.4
108777.5
108780.4
108786.5
108788.4
108799.5
108801.4
108809.5
108936.1
109254.6
109341.4
109418.5
109506.211
109506.6
109593.4
109683.5
109720.4
109722.5
109728.4
109735.5
109737.4
109743.5
109800.211
109800.6
109903.4
110036.5
110100.211
110100.6
110389.211
110389.6
111558.6
111559.212
111614.2
111614.4
111719.5
112114.3
112614.1
112868.4
112969.5
113032.6
113310.211
113310.6
113404.4
113460.5
113517.211
113517.6
113747.211
113747.6
113818.4
113927.5
113990.211
113990.6
114100.211
114100.6
114406.4
114473.5
114531.6
114532.212
114571.2
114571.4
114613.5
115071.3
115265.4
115291.5
115571.1
115724.6
115831.211
115831.6
115971.211
115971.6
116141.211
116141.6
116193.211
116193.6
116486.211
116486.6
116734.211
116734.6
116969.211
116969.6
117697.6
117698.212
117744.2
117744.4
117814.5
118244.3
118248.4
118277.5
118744.1
119078.6
119626.6
119627.212
119669.2
119669.4
119712.5
120169.3
120262.4
120322.5
120669.1
121277.6
121365.4
121426.5
121486.211
121486.6
121631.4
121690.5
121693.4
121767.5
121834.6
121835.212
121882.2
121882.4
121946.5
122270.4
122272.5
122274.4
122382.3
122392.5
122668.4
122736.5
122882.1
123729.6
123797.4
123878.5
123938.211
123938.6
124003.4
124176.5
124239.6
124240.212
124294.2
124294.4
124360.5
124771.4
124794.3
124902.5
125294.1
125441.6
125487.4
125576.5
125584.4
125618.5
126235.6
126236.212
126287.2
126287.4
126322.5
126714.4
126787.3
126810.5
126812.4
126846.5
127287.1
127856.6
127921.4
128046.5
128111.211
128111.6
128173.4
128253.5
129017.6
129018.212
129057.2
129057.4
129111.5
129557.3
129933.8
130057.1
130697.6
130746.4
130843.5
131233.6
131234.212
131287.2
131287.4
131323.5
131787.3
132287.1
132715.6
132770.4
132800.5
133425.6
133426.212
133485.2
133485.4
133547.5
133985.3
134182.4
134461.5
134485.1
134495.4
134630.5
136054.6
136105.4
136144.5
136239.211
136239.6
136730.6
136731.212
136775.2
136775.4
136830.5
137230.4
137275.3
137444.5
137775.1
137867.4
137909.5
137990.6
138328.6
138329.212
138393.2
138393.4
138398.5
138401.4
138446.5
138893.3
139393.1
139568.6
139697.211
139697.6
139964.211
139964.6
140419.6
140420.212
140484.2
140484.4
140554.5
140910.4
140984.3
141119.5
141484.1
141754.6
142294.6
142295.212
142347.2
142347.4
142404.5
142847.3
143347.1
143627.6
144216.6
144217.212
144274.2
144274.4
144323.5
144774.3
145274.1
146287.6
146455.211
146455.6
146819.6
146820.212
146869.2
146869.4
146907.5
147369.3
147869.1
148319.6
148464.211
148464.6
148502.211
148502.6
149094.6
149095.212
149135.2
149135.4
149187.5
149635.3
150135.1
150698.6
150816.211
150816.6
151004.211
151004.6
151047.211
151047.6
151406.6
151407.212
151453.2
151453.4
151503.5
151953.3
152453.1
153509.6
153663.211
153663.6
153762.211
153762.6
153776.211
153776.6
153878.211
153878.6
154075.211
154075.6
154313.211
154313.6
154358.211
154358.6
154807.6
154808.212
154866.2
154866.4
154913.5
155366.3
155866.1
157035.6
157103.211
157103.6
157304.211
157304.6
157461.211
157461.6
157600.211
157600.6
159245.6
159246.212
159293.2
159293.4
159330.5
159793.3
160293.1
160721.6
161322.6
161323.212
161370.2
161370.4
161428.5
161445.4
161516.5
161820.4
161870.3
161992.5
162370.1
162673.6
164007.6
164008.212
164051.2
164051.4
164084.5
164502.4
164504.5
164510.4
164551.3
164844.5
165051.1
166719.6
166955.211
166955.6
167265.6
167266.212
167316.2
167316.4
167377.5
167816.3
167819.4
168128.5
168316.1
168607.6
168900.211
168900.6
169304.6
169305.212
169351.2
169351.4
169386.5
169695.4
169784.5
169851.3
169915.4
170107.5
170110.4
170114.5
170351.1
170407.4
170485.5
170602.6
170708.211
170708.6
171063.6
171064.212
171122.2
171122.4
171171.5
171622.3
171648.4
171976.5
172122.1
172385.4
172452.5
172529.6
172631.4
172705.5
172936.6
172937.212
173009.2
173009.4
173070.5
173509.3
173747.4
173834.5
174009.1
174277.4
174383.5
174511.6
174649.211
174649.6
174878.211
174878.6
174920.211
174920.6
175032.211
175032.6
175420.6
175421.212
175463.2
175463.4
175511.5
175963.3
176164.4
176245.5
176440.4
176463.1
176677.5
176686.4
176892.5
176897.4
176999.5
177071.4
177160.5
177345.4
177451.5
177522.6
177800.211
177800.6
177985.211
177985.6
178073.4
178149.5
178231.211
178231.6
178329.211
178329.6
178464.4
178486.5
178488.4
178522.5
178526.4
178532.5
178536.4
178541.5
178599.211
178599.6
178634.211
178634.6
178713.211
178713.6
178922.211
178922.6
179080.211
179080.6
179147.211
179147.6
179545.6
179546.212
179592.2
179592.4
180000.9
123456789
9
23
15
9
23
15
14
FI
2
6
10
49
00
11
22
00
6
2
1209
0
0
0
314159265
75
2
268
180000
314159265
0.1
269.6
340.4
396.5
485.211
485.6
905.6
906.212
966.2
966.4
1063.5
1466.3
1706.4
1708.5
1715.4
1882.5
1966.1
2086.6
2189.4
2234.5
2303.211
2303.6
2366.4
2465.5
2534.211
2534.6
2793.211
2793.6
2853.211
2853.6
2920.4
3025.5
3093.211
3093.6
3196.4
3301.5
3370.211
3370.6
3416.4
3575.5
3656.211
3656.6
3973.6
3974.212
4035.2
4035.4
4097.5
4535.3
4778.4
4838.5
4851.4
4884.5
5035.1
5091.6
5145.211
5145.6
5217.4
5302.5
5320.4
5335.5
5394.211
5394.6
5507.4
5651.5
5717.6
5718.212
5765.2
5765.4
5805.5
6265.3
6398.4
6588.5
6765.1
6839.6
6919.4
7032.5
7115.211
7115.6
7215.4
7248.5
7327.211
7327.6
7535.4
7557.5
7668.6
7669.212
7720.2
7720.4
7722.5
7723.4
7755.5
8040.4
8220.3
8269.5
8457.6
8611.4
8685.5
8720.1
8831.6
8937.4
9057.5
9141.6
9142.212
9188.2
9188.4
9261.5
9688.3
9716.4
9812.5
10087.4
10188.1
10367.5
10369.4
10385.5
10387.4
10417.5
10567.6
10714.4
10736.5
10793.211
10793.6
10910.211
10910.6
11149.211
11149.6
11480.6
11481.212
11534.2
11534.4
11561.5
12034.3
12186.4
12512.5
12534.1
12651.6
12876.211
12876.6
12962.4
13046.5
13115.211
13115.6
13212.211
13212.6
13497.211
13497.6
13639.4
13693.5
13695.4
13725.5
13795.211
13795.6
13850.4
13946.5
14002.211
14002.6
14709.6
14710.212
14758.2
14758.4
14853.5
15258.3
15450.4
15583.5
15758.1
15761.6
15850.4
16151.5
16212.6
16213.212
16267.2
16267.4
16326.5
16767.3
17021.4
17113.5
17267.1
17684.6
17793.4
17851.5
17857.4
17862.5
17935.211
17935.6
18279.6
18280.212
18339.2
18339.4
18389.5
18839.3
19339.1
19534.6
19631.4
19658.5
19902.4
19926.5
19996.6
19997.212
20046.2
20046.4
20096.5
20452.4
20467.5
20471.4
20546.3
20762.5
20767.4
20769.5
20771.4
20917.5
21046.1
21114.4
21198.5
21209.4
21253.5
21320.6
21394.211
21394.6
21444.4
21539.5
21543.4
21551.5
21627.211
21627.6
21815.4
21862.5
21921.211
21921.6
22219.211
22219.6
22362.4
22515.5
22597.6
22598.212
22641.2
22641.4
22687.5
23141.3
23641.1
23949.6
24259.6
24260.212
24303.2
24303.4
24305.5
24306.4
24371.5
24803.3
25303.1
25883.6
26175.211
26175.6
26252.4
26327.5
26401.211
26401.6
26579.4
26643.5
26709.6
26710.212
26756.2
26756.4
26827.5
27256.3
27453.4
27672.5
27673.4
27742.5
27756.1
27786.4
27834.5
27936.6
28071.4
28109.5
28184.211
28184.6
28223.211
28223.6
28531.6
28532.212
28597.2
28597.4
28645.5
29097.3
29597.1
29785.6
29955.4
29990.5
30053.211
30053.6
30215.4
30297.5
30360.6
30361.212
30407.2
30407.4
30461.5
30907.3
30969.4
31128.5
31132.4
31133.5
31140.4
31142.5
31144.4
31147.5
31150.4
31208.5
31298.6
31406.4
31407.1
31563.5
31648.6
31700.4
31701.5
31703.4
31834.5
31909.211
31909.6
31953.4
32147.5
32226.6
32227.212
32272.2
32272.4
32361.5
32772.3
33109.4
33272.1
33422.5
33509.6
33594.4
33737.5
33806.211
33806.6
33981.4
34092.5
34175.6
34176.212
34224.2
34224.4
34273.5
34724.3
35025.4
35160.5
35224.1
35340.4
35461.5
35466.4
35524.5
35608.6
35685.4
35787.5
35858.211
35858.6
35943.4
36118.5
36199.6
36200.212
36253.2
36253.4
36311.5
36729.4
36753.3
36890.5
36898.4
37013.5
37016.4
37036.5
37051.4
37061.5
37147.6
37253.1
37304.4
37378.5
37478.6
37547.4
37715.5
37807.6
37808.212
37851.2
37851.4
37879.5
38351.3
38851.1
38909.6
38983.4
39154.5
39232.6
39233.212
39273.2
39273.4
39353.5
39708.4
39773.3
39836.5
39901.4
40073.5
40273.1
40390.4
40396.5
40461.6
40549.4
40614.5
40684.211
40684.6
40786.4
40905.5
40988.6
40989.212
41036.2
41036.4
41101.5
41289.4
41346.5
41536.3
42036.1
42237.4
42524.5
42648.6
42803.4
42832.5
42913.211
42913.6
43008.4
43231.5
43240.4
43265.5
43342.6
43343.212
43376.2
43376.4
43428.5
43876.3
44132.4
44237.5
44376.1
44764.6
44842.4
44938.5
45008.211
45008.6
45156.4
45244.5
45334.6
45335.212
45378.2
45378.4
45448.5
45878.3
46209.4
46278.5
46378.1
46637.6
46709.4
46812.5
46920.211
46920.6
47031.211
47031.6
47389.6
47390.212
47443.2
47443.4
47502.5
47905.4
47943.3
48309.5
48443.1
48644.6
48824.211
48824.6
49194.6
49195.212
49250.2
49250.4
49330.5
49750.3
50250.1
50395.6
50718.6
50719.212
50768.2
50768.4
50802.5
51178.4
51262.5
51263.4
51268.3
51295.5
51768.1
51880.4
51888.5
52793.6
52863.211
52863.6
53095.211
53095.6
53339.211
53339.6
53585.211
53585.6
53835.211
53835.6
53908.4
54022.5
54090.211
54090.6
54203.4
54254.5
54309.211
54309.6
54450.4
54522.5
54586.211
54586.6
54755.211
54755.6
54811.4
54917.5
54975.211
54975.6
55354.6
55355.212
55414.2
55414.4
55466.5
55914.3
56414.1
56490.6
56661.211
56661.6
57258.6
57259.212
57311.2
57311.4
57375.5
57811.3
58029.4
58079.5
58311.1
58484.4
58508.5
58574.6
58690.211
58690.6
58764.4
58865.5
58936.211
58936.6
59130.211
59130.6
59233.4
59327.5
59406.211
59406.6
59492.4
59618.5
59695.211
59695.6
59787.211
59787.6
59853.4
59987.5
60081.211
60081.6
60187.4
60288.5
60289.4
60341.5
60415.6
60416.212
60464.2
60464.4
60521.5
60955.4
60964.3
60998.5
61101.4
61198.5
61335.4
61393.5
61464.1
61646.6
61794.4
61863.5
61936.211
61936.6
62066.4
62084.5
62088.4
62156.5
62234.211
62234.6
62462.211
62462.6
62689.211
62689.6
62762.4
62868.5
62925.211
62925.6
63077.211
63077.6
63473.6
63474.212
63519.2
63519.4
63584.5
63977.4
64014.5
64019.3
64519.1
64797.6
64854.4
64957.5
65024.211
65024.6
65085.4
65102.5
65104.4
65130.5
65165.4
65167.5
65170.4
65264.5
65333.6
65334.212
65377.2
65377.4
65628.5
65877.3
65956.4
66022.5
66377.1
66639.4
66884.5
67045.4
67176.5
67193.4
67209.5
67284.6
67332.4
67464.5
67548.211
67548.6
67625.4
67726.5
67800.211
67800.6
67887.4
68034.5
68120.6
68121.212
68166.2
68166.4
68218.5
68666.3
68674.4
68756.5
69166.1
69391.6
69453.4
69569.5
69649.211
69649.6
69718.4
69845.5
69912.211
69912.6
69969.4
70045.5
70052.4
70107.5
70284.6
70285.212
70338.2
70338.4
70370.5
70838.3
70986.4
70999.5
71338.1
71699.4
71717.5
71780.6
72102.6
72103.212
72163.2
72163.4
72219.5
72663.3
73079.8
73091.8
73163.1
73382.6
73487.4
73504.5
73718.4
73738.5
73818.6
73819.212
73868.2
73868.4
73919.5
74368.3
74624.4
74662.5
74868.1
75823.6
76069.4
76119.5
76283.6
76284.212
76331.2
76331.4
76390.5
76831.3
77331.1
77771.6
77860.4
77924.5
77985.211
77985.6
78056.4
78140.5
78144.4
78242.5
78301.6
78302.212
78346.2
78346.4
78393.5
78796.4
78846.3
79346.1
79419.5
79679.4
79692.5
79787.6
79910.4
79938.5
80000.211
80000.6
80144.4
80230.5
80291.211
80291.6
80413.4
80444.5
80536.211
80536.6
80772.211
80772.6
81690.6
81691.212
81756.2
81756.4
81794.5
82256.3
82756.1
83424.6
83685.211
83685.6
83760.4
83802.5
83871.211
83871.6
83992.4
84000.5
84066.211
84066.6
84538.6
84539.212
84590.2
84590.4
84629.5
85090.3
85590.1
86350.6
86398.4
86516.5
86568.211
86568.6
86638.4
86662.5
86874.6
86875.212
86919.2
86919.4
86957.5
87318.4
87322.5
87325.4
87419.3
87453.5
87919.1
88144.6
88251.4
88311.5
88372.211
88372.6
88440.4
88455.5
88939.6
88940.212
88993.2
88993.4
89040.5
89493.3
89993.1
90323.6
90478.4
90505.5
91358.6
91359.212
91404.2
91404.4
91445.5
91865.4
91904.3
91959.5
92404.1
92641.6
92979.6
92980.212
93023.2
93023.4
93055.5
93523.3
94023.1
94191.6
94661.6
94662.212
94714.2
94714.4
94760.5
95214.3
95368.4
95398.5
95714.1
95986.6
96307.6
96308.212
96357.2
96357.4
96396.5
96857.3
97357.1
97803.6
98241.6
98242.212
98303.2
98303.4
98361.5
98803.3
99303.1
99761.6
100154.6
100155.212
100207.2
100207.4
100263.5
100707.3
101207.1
101425.6
101672.211
101672.6
101797.211
101797.6
102231.6
102232.212
102298.2
102298.4
102356.5
102798.3
103298.1
103512.6
103648.4
103690.5
103757.211
103757.6
103866.211
103866.6
104157.211
104157.6
104518.6
104519.212
104563.2
104563.4
104595.5
105063.3
105529.6
105563.1
106034.6
106211.211
106211.6
106281.211
106281.6
106555.211
106555.6
106627.211
106627.6
106724.211
106724.6
106782.211
106782.6
106903.211
106903.6
107054.211
107054.6
107191.211
107191.6
107361.211
107361.6
107634.211
107634.6
107699.211
107699.6
107942.211
107942.6
108479.6
108480.212
108526.2
108526.4
108565.5
109026.3
109199.4
109391.5
109526.1
109762.6
110468.6
110469.212
110518.2
110518.4
110579.5
111018.3
111518.1
111935.4
111936.5
111941.4
111966.5
112743.6
112870.4
112881.5
112953.211
112953.6
113407.6
113408.212
113451.2
113451.4
113483.5
113815.4
113951.3
114073.5
114451.1
114789.6
115365.6
115366.212
115411.2
115411.4
115441.5
115749.4
115911.3
115938.5
116411.1
116564.6
117249.6
117250.212
117299.2
117299.4
117337.5
117785.4
117799.3
117884.5
118299.1
118833.6
119125.211
119125.6
120088.6
120089.212
120137.2
120137.4
120173.5
120637.3
121137.1
122013.6
122252.4
122289.5
122487.6
122488.212
122541.2
122541.4
122587.5
122910.4
122915.5
122922.4
122987.5
122990.4
122995.5
123041.3
123541.1
123611.6
123969.6
123970.212
124023.2
124023.4
124075.5
124523.3
125023.1
126017.6
126123.4
126181.5
126299.211
126299.6
126641.6
126642.212
126691.2
126691.4
126747.5
127191.3
127299.4
127346.5
127638.4
127691.1
127750.5
128080.4
128182.5
128357.4
128419.5
128538.6
128962.6
128963.212
129014.2
129014.4
129058.5
129514.3
130014.1
130883.6
131090.211
131090.6
131230.4
131246.5
131369.211
131369.6
131709.6
131710.212
131758.2
131758.4
131786.5
132258.3
132758.1
133236.6
133615.6
133616.212
133675.2
133675.4
133711.5
134175.3
134675.1
135932.6
136051.211
136051.6
136255.211
136255.6
136529.211
136529.6
137001.6
137002.212
137051.2
137051.4
137083.5
137551.3
137724.4
137731.5
138051.1
138836.6
139005.211
139005.6
139514.6
139515.212
139562.2
139562.4
139603.5
140062.3
140130.4
140238.5
140562.1
141459.6
141645.211
141645.6
142023.6
142024.212
142091.2
142091.4
142138.5
142591.3
143091.1
144526.6
144605.4
144702.5
144893.6
144894.212
144948.2
144948.4
145007.5
145448.3
145948.1
146512.6
147093.6
147094.212
147141.2
147141.4
147191.5
147641.3
147943.4
148141.1
148429.5
149151.6
149692.6
149693.212
149751.2
149751.4
149808.5
150251.3
150751.1
151633.6
152152.6
152153.212
152206.2
152206.4
152263.5
152706.3
152837.4
152962.5
153206.1
154705.6
158910.6
158911.212
158965.2
158965.4
159011.5
159465.3
159965.1
164147.6
165514.6
165515.212
165585.2
165585.4
165644.5
166085.3
166248.4
166352.5
166585.1
167411.6
168424.6
168425.212
168483.2
168483.4
168526.5
168983.3
169483.1
170962.6
171263.6
171264.212
171322.2
171322.4
171381.5
171822.3
172322.1
172672.6
174273.6
174274.212
174324.2
174324.4
174326.5
174328.4
174399.5
174824.3
175117.4
175182.5
175324.1
176522.6
176627.211
176627.6
177048.6
177049.212
177544.2
177544.4
177545.5
177546.4
177594.5
178010.4
178011.5
178017.4
178044.3
178245.5
178255.4
178351.5
178544.1
179057.6
179387.4
179451.5
179511.6
179512.212
179559.2
179559.4
180000.9
123456789
9
24
15
9
24
15
14
FI
2
6
10
39
48
11
12
48
6
2
295
0
0
0
314159265
23
2
66
180000
314159265
0.1
268.6
540.211
540.6
718.211
718.6
1128.6
1129.212
1181.2
1181.4
1237.5
1681.3
1829.4
1895.5
2181.1
2780.6
2845.4
2929.5
3101.6
3102.212
3185.2
3185.4
3266.5
3685.3
4185.1
5747.6
7222.6
7223.212
7277.2
7277.4
7339.5
7777.3
8277.1
13908.6
14093.211
14093.6
14146.211
14146.6
14696.6
14697.212
14772.2
14772.4
14775.5
14778.4
14862.5
15272.3
15772.1
17171.6
17319.211
17319.6
21975.4
22030.5
23005.6
23006.212
23063.2
23063.4
23263.5
23563.3
24063.1
26291.4
26331.5
31159.6
31279.211
31279.6
38205.6
38206.212
38262.2
38262.4
38433.5
38762.3
39262.1
39593.6
42426.4
42680.5
43635.6
43636.212
43711.2
43711.4
43833.5
44211.3
44400.4
44480.5
44711.1
44762.4
44838.5
45876.4
46200.5
47593.4
47721.5
47795.6
48119.4
48196.5
49095.6
49096.212
49168.2
49168.4
49218.5
49668.3
50168.1
51378.6
53850.8
54899.6
54900.212
54956.2
54956.4
54958.5
54960.4
55003.5
55456.3
55956.1
56269.6
61655.6
61656.212
61703.2
61703.4
61814.5
62203.3
62703.1
69038.8
69972.6
70084.211
70084.6
70094.211
70094.6
70132.211
70132.6
72988.6
72989.212
73052.2
73052.4
73222.5
73552.3
73986.4
74052.1
74210.5
74654.4
74751.5
75699.4
75827.5
75970.4
76030.5
76058.4
76062.5
76572.6
78953.6
78954.212
79134.6
82011.2
82011.4
82142.5
82511.3
83011.1
83564.6
84885.6
84886.212
86642.2
86642.4
86711.5
87142.3
87642.1
90618.6
93610.6
93611.212
93653.2
93653.4
93723.5
93747.4
93813.5
94153.3
94653.1
94829.6
116750.4
116988.5
121395.4
121510.5
121512.4
121514.5
122059.4
122122.5
122976.4
123034.5
124090.4
124100.5
124104.4
124191.5
124960.4
125213.5
125221.4
125228.5
126120.6
126121.212
126182.2
126182.4
126184.5
126187.4
126266.5
126682.3
126988.4
127182.1
127266.5
127273.4
127278.5
127287.4
127292.5
128094.6
128140.211
128140.6
129116.6
129117.212
129175.2
129175.4
129246.5
129675.3
130138.4
130175.1
130219.5
130536.4
130673.5
130812.4
130942.5
132361.6
136485.6
136486.212
136542.2
136542.4
136657.5
137042.3
137308.4
137309.5
137310.4
137416.5
137418.4
137434.5
137436.4
137442.5
137542.1
149283.6
151611.6
151612.212
151662.2
151662.4
151752.5
152162.3
152662.1
154930.6
155499.6
155500.212
155602.2
155602.4
155605.5
155606.4
155661.5
156102.3
156602.1
162136.6
166275.4
166363.5
167434.6
167435.212
167522.2
167522.4
167523.5
167526.4
167580.5
168022.3
168376.4
168522.1
168648.5
168860.6
169136.211
169136.6
174444.6
174445.212
174509.2
174509.4
174602.5
175009.3
175509.1
175605.4
175618.5
175621.4
175704.5
177337.6
177908.6
177909.212
177979.2
177979.4
178013.5
178479.3
178979.1
178995.6
179868.6
180000.9
123456789
9
25
15
9
25
15
14
FI
2
6
10
48
01
11
21
01
6
2
972
0
0
0
314159265
68
0
209
180000
314159265
0.1
273.6
533.211
533.6
958.6
959.212
1026.2
1026.4
1094.5
1526.3
2026.1
2147.6
2239.4
2305.5
2370.211
2370.6
2661.211
2661.6
2755.4
2833.5
2891.211
2891.6
2958.4
3032.5
3205.6
3206.212
3267.2
3267.4
3320.5
3767.3
4267.1
4274.6
4455.211
4455.6
4962.6
4963.212
5026.2
5026.4
5090.5
5526.3
5600.4
5700.5
5702.4
5718.5
5719.4
5725.5
6000.6
6026.1
6350.6
6424.4
6474.5
6537.211
6537.6
6802.211
6802.6
6897.4
7060.5
7135.6
7136.212
7182.2
7182.4
7249.5
7682.3
8021.4
8057.5
8182.1
8336.6
8402.4
8476.5
8538.211
8538.6
8756.211
8756.6
9024.211
9024.6
9104.211
9104.6
9239.211
9239.6
9384.211
9384.6
9647.211
9647.6
9831.211
9831.6
9952.4
10171.5
10238.6
10239.212
10284.2
10284.4
10287.5
10288.4
10324.5
10784.3
10814.4
11149.5
11154.4
11155.5
11162.4
11166.5
11284.1
11375.4
11456.5
11530.6
11786.211
11786.6
11891.4
11992.5
12070.211
12070.6
12220.4
12324.5
12409.6
12410.212
12456.2
12456.4
12517.5
12956.3
13036.4
13317.5
13392.6
13456.1
13504.4
13612.5
13687.6
13737.4
13838.5
13914.211
13914.6
14156.211
14156.6
14209.4
14283.5
14352.211
14352.6
14519.4
14610.5
14691.6
14692.212
14732.2
14732.4
14774.5
15232.3
15322.4
15732.1
15858.5
15939.6
16055.4
16172.5
16265.6
16266.212
16313.2
16313.4
16403.5
16813.3
17003.4
17313.1
17335.5
17425.6
17489.4
17590.5
17660.211
17660.6
17825.211
17825.6
17901.4
18020.5
18098.211
18098.6
19455.6
19456.212
19501.2
19501.4
19585.5
20001.3
20232.4
20458.5
20501.1
20638.6
20755.4
20949.5
21027.6
21028.212
21072.2
21072.4
21126.5
21572.3
21791.4
21953.5
21963.4
22055.5
22072.1
22141.6
22489.6
22490.212
22608.6
22699.2
22699.4
22756.5
23199.3
23477.4
23685.5
23699.1
23893.6
24018.4
24087.5
24156.211
24156.6
24231.4
24404.5
24476.6
24477.212
24524.2
24524.4
24569.5
25024.3
25258.4
25442.5
25446.4
25494.5
25524.1
25585.6
25708.4
25799.5
25862.211
25862.6
25914.4
26060.5
26133.211
26133.6
26337.4
26409.5
26483.6
26484.212
26532.2
26532.4
26599.5
27032.3
27532.1
27785.4
27887.5
27957.6
28056.4
28128.5
28209.211
28209.6
28317.4
28414.5
28481.211
28481.6
28682.4
28743.5
28813.6
28814.212
28868.2
28868.4
28900.5
29247.4
29249.5
29253.4
29368.3
29371.5
29377.4
29396.5
29398.4
29403.5
29404.4
29450.5
29868.1
30131.6
30201.4
30268.5
30330.211
30330.6
30387.4
30466.5
30679.6
30680.212
30736.2
30736.4
30801.5
31236.3
31736.1
31903.6
32476.6
32477.212
32542.2
32542.4
32621.5
33042.3
33171.4
33272.5
33542.1
33658.6
33919.211
33919.6
34149.211
34149.6
34176.211
34176.6
34538.4
34560.5
35281.6
35282.212
35337.2
35337.4
35378.5
35837.3
36337.1
36532.6
36586.4
36679.5
36740.211
36740.6
36787.4
36874.5
36941.211
36941.6
38069.6
38070.212
38130.2
38130.4
38170.5
38630.3
38687.4
39013.5
39130.1
39416.6
39687.211
39687.6
39787.4
39796.5
39866.211
39866.6
40076.211
40076.6
40185.211
40185.6
40270.4
40331.5
40391.211
40391.6
40604.211
40604.6
40747.4
40825.5
40890.211
40890.6
41204.6
41205.212
41265.2
41265.4
41328.5
41765.3
41917.4
42063.5
42259.4
42265.1
42291.5
42292.4
42441.5
42684.6
42802.4
42882.5
43295.6
43296.212
43348.2
43348.4
43386.5
43848.3
44348.1
45224.6
45603.6
45604.212
45673.2
45673.4
45730.5
46173.3
46673.1
47207.6
47530.6
47531.212
47593.2
47593.4
47630.5
47989.4
48065.5
48093.3
48593.1
48817.6
50003.6
50004.212
50050.2
50050.4
50107.5
50550.3
51050.1
51625.6
51669.4
51741.5
51928.6
51929.212
51983.2
51983.4
52062.5
52483.3
52983.1
53764.6
53840.4
53911.5
54049.4
54080.5
54237.6
54238.212
54279.2
54279.4
54326.5
54779.3
55279.1
55677.6
56334.6
56335.212
56380.2
56380.4
56525.5
56880.3
57380.1
57673.6
57952.211
57952.6
58023.4
58025.5
58026.4
58098.5
58166.211
58166.6
58414.211
58414.6
58560.211
58560.6
58758.211
58758.6
59160.6
59161.212
59218.2
59218.4
59251.5
59718.3
60218.1
60547.4
60647.5
60735.6
60992.211
60992.6
61561.6
61562.212
61610.2
61610.4
61643.5
62110.3
62610.1
62898.6
63019.4
63067.5
63645.6
63646.212
63693.2
63693.4
63724.5
64193.3
64693.1
65025.6
65436.6
65437.212
65493.2
65493.4
65539.5
65993.3
66493.1
67335.6
67849.6
67850.212
67894.2
67894.4
67949.5
68394.3
68894.1
69480.6
69731.211
69731.6
69825.4
69921.5
69991.211
69991.6
70044.4
70180.5
70247.211
70247.6
72985.6
72986.212
73038.2
73038.4
73042.5
73043.4
73118.5
73538.3
74038.1
74610.4
74713.5
74790.6
74868.4
74913.5
74919.4
74923.5
75091.6
75092.212
75139.2
75139.4
75141.5
75142.4
75211.5
75639.3
76139.1
76386.6
76474.4
76631.5
76690.6
76691.212
76732.2
76732.4
76837.5
76848.4
76923.5
77046.4
77232.3
77312.5
77377.6
77480.4
77618.5
77682.6
77732.1
77745.4
77857.5
77876.4
77884.5
77887.4
78070.5
78136.6
78396.211
78396.6
78452.4
78529.5
78716.6
78717.212
78760.2
78760.4
78810.5
79128.4
79209.5
79260.3
79488.4
79760.1
79866.5
80023.4
80329.5
80397.6
80464.4
80700.5
80776.6
80777.212
80819.2
80819.4
80820.5
80823.4
80851.5
81319.3
81344.4
81687.5
81819.1
81933.4
81988.5
82059.6
82152.4
82237.5
82299.211
82299.6
82409.4
82543.5
82603.6
82604.212
82650.2
82650.4
82685.5
83128.4
83150.3
83185.5
83388.4
83650.1
83667.5
84120.4
84291.5
84359.6
84459.4
84574.5
84583.4
84617.5
84699.6
84700.212
84745.2
84745.4
84778.5
85245.3
85392.4
85745.1
85826.5
85994.4
86129.5
86142.4
86242.5
86317.6
86356.4
86478.5
86557.211
86557.6
86634.4
86721.5
86732.4
86816.5
86896.6
86897.212
86941.2
86941.4
86989.5
87441.3
87501.4
87815.5
87941.1
88192.6
88601.6
88602.212
88658.2
88658.4
88702.5
89158.3
89658.1
89771.4
89835.5
89837.4
89841.5
89843.4
89891.5
89963.6
90029.4
90160.5
90226.211
90226.6
90291.4
90464.5
90475.4
90509.5
90512.4
90581.5
90641.6
90642.212
90688.2
90688.4
90770.5
91188.3
91354.4
91421.5
91423.4
91425.5
91427.4
91434.5
91438.4
91442.5
91688.1
92095.6
92187.4
92277.5
92346.211
92346.6
92399.4
92516.5
92590.211
92590.6
92809.211
92809.6
93046.211
93046.6
93913.6
93914.212
93970.2
93970.4
94019.5
94470.3
94970.1
95662.6
95870.4
95930.5
95999.6
96000.212
96040.2
96040.4
96080.5
96540.3
96615.4
96826.5
97040.1
97502.6
98148.6
98149.212
98202.2
98202.4
98239.5
98684.4
98702.3
98734.5
99202.1
99556.6
99965.6
99966.212
100011.2
100011.4
100070.5
100511.3
101011.1
101346.6
101433.4
101499.5
101650.4
101673.5
101858.6
101859.212
101905.2
101905.4
101965.5
102405.3
102905.1
103657.6
104002.6
104003.212
104049.2
104049.4
104112.5
104549.3
104631.4
104743.5
105049.1
106802.6
106936.211
106936.6
107154.211
107154.6
107228.4
107256.5
107321.211
107321.6
107662.6
107663.212
107720.2
107720.4
107774.5
108220.3
108225.4
108300.5
108720.1
109041.6
109106.211
109106.6
109172.4
109284.5
109349.211
109349.6
109628.211
109628.6
109726.211
109726.6
109972.4
110005.5
110057.6
110058.212
110102.2
110102.4
110151.5
110602.3
111102.1
111487.6
111789.6
111790.212
111847.2
111847.4
111879.5
112276.4
112347.3
112350.5
112847.1
113200.6
113647.6
113648.212
113699.2
113699.4
113743.5
114199.3
114699.1
115953.6
116002.4
116023.5
116228.211
116228.6
116900.6
116901.212
116945.2
116945.4
116994.5
117445.3
117945.1
118563.6
119222.6
119223.212
119285.2
119285.4
119322.5
119785.3
120285.1
120864.6
121586.6
121587.212
121654.2
121654.4
121724.5
122154.3
122654.1
123939.6
124578.6
124579.212
124651.2
124651.4
124707.5
125151.3
125651.1
128195.6
128519.6
128520.212
128565.2
128565.4
128611.5
129065.3
129565.1
130549.6
130898.6
130899.212
130954.2
130954.4
130990.5
131361.4
131362.5
131407.4
131453.5
131454.3
131954.1
132533.6
132787.211
132787.6
132943.4
132982.5
133882.6
133883.212
133934.2
133934.4
134021.5
134434.3
134934.1
136275.6
136348.211
136348.6
137573.6
137574.212
137625.2
137625.4
137697.5
138125.3
138625.1
140841.6
142810.6
142811.212
142854.2
142854.4
142902.5
143354.3
143854.1
147045.6
148040.4
148270.5
148325.4
148471.5
148949.4
149106.5
149396.6
149397.212
149439.2
149439.4
149585.5
149939.3
150139.4
150377.5
150439.1
150795.6
151068.211
151068.6
151164.4
151334.5
151413.6
151414.212
151455.2
151455.4
151520.5
151955.3
152318.4
152424.5
152455.1
153403.6
153857.6
153858.212
153913.2
153913.4
153956.5
154413.3
154913.1
156026.6
159053.6
159054.212
159100.2
159100.4
159184.5
159600.3
160100.1
160899.6
162397.6
162398.212
162454.2
162454.4
162528.5
162954.3
163454.1
164755.6
165088.6
165089.212
165150.2
165150.4
165199.5
165650.3
166150.1
168666.6
169400.6
169401.212
169436.2
169436.4
169508.5
169936.3
170436.1
171734.6
172700.6
172701.212
172785.2
172785.4
172853.5
173285.3
180000.9
123456789
9
26
15
9
26
15
14
FI
2
6
10
48
30
11
21
30
6
2
950
0
0
0
314159265
63
0
189
180000
314159265
0.1
204.6
379.211
379.6
712.6
713.212
780.2
780.4
826.5
1280.3
1683.4
1755.5
1780.1
1871.6
2176.6
2177.212
2229.2
2229.4
2288.5
2729.3
3070.4
3143.5
3211.6
3229.1
3390.4
3542.5
3611.6
3822.211
3822.6
3892.4
4002.5
4063.211
4063.6
4322.211
4322.6
4359.211
4359.6
4415.4
4558.5
4580.4
4595.5
4661.6
4662.212
4708.2
4708.4
4749.5
5208.3
5708.1
5842.4
5869.5
5930.6
6229.4
6271.5
6349.6
6350.212
6394.2
6394.4
6466.5
6894.3
7056.4
7150.5
7151.4
7160.5
7394.1
7646.6
7661.211
7661.6
7882.211
7882.6
8190.6
8191.212
8244.2
8244.4
8285.5
8744.3
9244.1
9312.6
9569.4
9597.5
9670.6
9671.212
9718.2
9718.4
9784.5
10218.3
10718.1
11256.6
11285.211
11285.6
11387.4
11433.5
11522.211
11522.6
11564.4
11673.5
11779.211
11779.6
12068.211
12068.6
12153.4
12228.5
12326.211
12326.6
12380.4
12444.5
12512.211
12512.6
12854.6
12855.212
12909.2
12909.4
12953.5
13409.3
13909.1
14605.6
14749.4
14767.5
14796.4
14827.5
14905.211
14905.6
15202.211
15202.6
15463.4
15480.5
15543.6
15544.212
15591.2
15591.4
15656.5
16091.3
16196.4
16379.5
16459.6
16494.6
16591.1
16703.4
16739.5
16741.4
16746.5
16805.6
16967.211
16967.6
17002.211
17002.6
17054.4
17143.5
17210.211
17210.6
17329.4
17391.5
17460.211
17460.6
17751.211
17751.6
17830.4
17932.5
17943.4
17979.5
18039.211
18039.6
18525.6
18526.212
18577.2
18577.4
18611.5
19077.3
19577.1
19780.4
19804.5
19844.4
19855.5
19862.4
19872.5
19995.6
20092.4
20174.5
20277.211
20277.6
20377.211
20377.6
20441.4
20529.5
20537.4
20540.5
20544.4
20574.5
20636.211
20636.6
20924.211
20924.6
20966.211
20966.6
21037.4
21140.5
21205.211
21205.6
21340.211
21340.6
21432.4
21456.5
21464.4
21496.5
21623.211
21623.6
21725.4
21863.5
21975.6
21976.212
22043.2
22043.4
22096.5
22543.3
22577.4
22619.5
22625.4
22679.5
22827.4
22967.5
23030.6
23043.1
23264.4
23347.5
23411.6
23514.4
23797.5
23901.6
23902.212
23940.2
23940.4
24015.5
24440.3
24556.4
24775.5
24781.4
24814.5
24940.1
25028.4
25118.5
25206.6
25246.4
25390.5
25467.211
25467.6
25586.4
25776.5
25865.6
25866.212
25911.2
25911.4
25943.5
26411.3
26730.4
26778.5
26785.4
26821.5
26835.4
26911.1
26918.5
26920.4
26937.5
26938.4
27106.5
27284.6
27322.211
27322.6
27419.4
27472.5
27542.211
27542.6
27734.211
27734.6
27806.4
27953.5
27969.4
27988.5
28060.6
28061.212
28109.2
28109.4
28158.5
28555.4
28609.3
28717.5
29109.1
29186.6
29450.4
29480.5
29541.6
29542.212
29593.2
29593.4
29658.5
30093.3
30593.1
30995.6
31038.211
31038.6
31232.4
31312.5
31371.6
31372.212
31415.2
31415.4
31502.5
31915.3
32194.4
32415.1
32464.5
32734.4
32763.5
32835.6
33062.4
33094.5
33157.6
33158.212
33210.2
33210.4
33283.5
33710.3
34210.1
34539.6
34638.211
34638.6
34690.4
34782.5
35003.6
35004.212
35042.2
35042.4
35119.5
35542.3
35754.4
35852.5
36042.1
36335.6
36368.211
36368.6
36430.4
36494.5
36573.211
36573.6
36797.4
36804.5
36811.4
36833.5
36902.6
36903.212
36948.2
36948.4
37005.5
37448.3
37948.1
38206.6
38231.211
38231.6
38581.6
38582.212
38625.2
38625.4
38672.5
39125.3
39256.4
39346.5
39619.6
39625.1
40038.6
40189.211
40189.6
40273.4
40348.5
40631.6
40632.212
40676.2
40676.4
40721.5
41176.3
41676.1
42067.6
42188.211
42188.6
42603.6
42604.212
42692.2
42692.4
42748.5
43192.3
43692.1
44129.6
44586.4
44591.5
44740.6
44741.212
44798.2
44798.4
44840.5
45298.3
45798.1
46077.6
46230.211
46230.6
46273.211
46273.6
46440.4
46457.5
46553.211
46553.6
46745.211
46745.6
47054.6
47055.212
47146.2
47146.4
47182.5
47646.3
48146.1
48424.6
48497.211
48497.6
48584.211
48584.6
48860.211
48860.6
49101.211
49101.6
49125.211
49125.6
49546.6
49547.212
49597.2
49597.4
49683.5
50097.3
50597.1
50656.4
50726.5
50986.6
51044.211
51044.6
51258.211
51258.6
51428.211
51428.6
51745.6
51746.212
51811.2
51811.4
51883.5
52311.3
52811.1
53036.4
53156.5
53236.6
53286.4
53477.5
53538.6
53539.212
53578.2
53578.4
53651.5
54078.3
54291.4
54412.5
54493.4
54562.5
54567.4
54578.1
54582.5
54583.4
54746.5
54822.6
54866.4
55026.5
55083.211
55083.6
55182.4
55358.5
55625.6
55626.212
55666.2
55666.4
55710.5
56166.3
56378.4
56666.1
56750.5
56907.4
56968.5
57091.4
57235.5
57334.6
57431.4
57634.5
57717.6
57718.212
57758.2
57758.4
57798.5
58258.3
58605.4
58758.1
58865.5
59029.4
59158.5
59239.6
59313.4
59391.5
59473.211
59473.6
59751.211
59751.6
59930.4
60004.5
60075.6
60076.212
60119.2
60119.4
60168.5
60619.3
60920.4
61119.1
61135.5
61335.4
61361.5
61362.4
61454.5
61544.6
61608.4
61683.5
61769.211
61769.6
62693.6
62694.212
62734.2
62734.4
62736.5
62739.4
62779.5
63234.3
63348.4
63420.5
63696.4
63734.1
63828.5
63834.4
63884.5
64082.4
64112.5
64411.6
64497.4
64519.5
64520.4
64529.5
64532.4
64534.5
64760.4
64770.5
64855.6
64856.212
64900.2
64900.4
64960.5
65400.3
65498.4
65640.5
65900.1
66193.6
66368.211
66368.6
66681.6
66682.212
66730.2
66730.4
66808.5
67230.3
67730.1
68284.6
68391.4
68419.5
68537.211
68537.6
68746.211
68746.6
68784.211
68784.6
68880.211
68880.6
69119.211
69119.6
69179.4
69257.5
69493.6
69494.212
69560.2
69560.4
69598.5
70060.3
70560.1
70880.6
70962.211
70962.6
71262.211
71262.6
71328.211
71328.6
71552.211
71552.6
71626.4
71686.5
71751.211
71751.6
71895.211
71895.6
71980.211
71980.6
72067.4
72108.5
72171.211
72171.6
72436.211
72436.6
72680.211
72680.6
72915.211
72915.6
72984.4
73115.5
73177.211
73177.6
73460.211
73460.6
73550.4
73613.5
73742.4
73809.5
74009.6
74010.212
74075.2
74075.4
74134.5
74575.3
75075.1
75547.6
76097.6
76098.212
76140.2
76140.4
76201.5
76640.3
77140.1
78063.6
78115.211
78115.6
78175.211
78175.6
78411.211
78411.6
78743.6
78744.212
78785.2
78785.4
78841.5
79285.3
79785.1
80256.4
80279.5
80735.6
80871.211
80871.6
81153.211
81153.6
81321.211
81321.6
81426.211
81426.6
81952.6
81953.212
82014.2
82014.4
82040.5
82514.3
83014.1
85525.6
85584.4
85591.5
87075.6
87076.212
87124.2
87124.4
87175.5
87624.3
88124.1
88899.6
90286.6
90287.212
90327.2
90327.4
90387.5
90827.3
91327.1
92141.6
92183.4
92204.5
92724.6
92725.212
92768.2
92768.4
92826.5
93268.3
93768.1
94643.6
94935.211
94935.6
94989.211
94989.6
96865.6
96866.212
96909.2
96909.4
96945.5
97409.3
97909.1
99836.6
99893.4
99899.5
100551.6
100552.212
100603.2
100603.4
100635.5
101103.3
101603.1
102334.6
102763.6
102764.212
102807.2
102807.4
102864.5
103232.4
103258.5
103307.3
103807.1
104550.6
105136.6
105137.212
105180.2
105180.4
105264.5
105680.3
106180.1
106900.6
108286.6
108287.212
108329.2
108329.4
108362.5
108829.3
109329.1
112454.6
112503.4
112561.5
112752.211
112752.6
112799.211
112799.6
113745.6
113746.212
113789.2
113789.4
113836.5
114289.3
114789.1
115501.6
116609.6
116610.212
116653.2
116653.4
116729.5
116858.4
116911.5
117089.4
117153.3
117159.5
117653.1
117905.6
118404.6
118405.212
118475.2
118475.4
118477.5
118478.4
118545.5
118975.3
119475.1
120026.6
120213.211
120213.6
120306.211
120306.6
120828.6
120829.212
120886.2
120886.4
120931.5
121386.3
121886.1
122402.6
122577.4
122608.5
123165.6
123166.212
123219.2
123219.4
123292.5
123719.3
123773.4
123928.5
123945.4
124219.1
124321.5
124944.6
125621.6
125622.212
125666.2
125666.4
125706.5
126166.3
126666.1
128232.6
129651.6
129652.212
129689.2
129689.4
129751.5
130189.3
130523.4
130646.5
130689.1
131913.6
132659.6
132660.212
132715.2
132715.4
132745.5
133193.4
133215.3
133306.5
133715.1
134969.6
135032.211
135032.6
135261.211
135261.6
135577.4
135589.5
135606.4
135668.5
135729.6
135730.212
135768.2
135768.4
135849.5
136268.3
136768.1
137958.6
140380.6
140381.212
140433.2
140433.4
140471.5
140933.3
141433.1
142619.6
143722.6
143723.212
143766.2
143766.4
143833.5
144266.3
144766.1
146305.6
147044.6
147045.212
147097.2
147097.4
147157.5
147597.3
148097.1
149348.4
149352.5
151853.6
151976.211
151976.6
152108.211
152108.6
152785.6
152786.212
152827.2
152827.4
152911.5
153327.3
153827.1
156530.6
156582.4
156603.5
156671.211
156671.6
158759.6
158760.212
158829.2
158829.4
158876.5
159329.3
159829.1
160363.6
160503.211
160503.6
161291.6
161292.212
161347.2
161347.4
161403.5
161847.3
162347.1
169826.6
170925.6
170926.212
170970.2
170970.4
171048.5
171470.3
171970.1
173747.6
176446.6
176447.212
176515.2
176515.4
176610.5
177015.3
177515.1
177608.4
177859.5
178667.6
179724.6
179725.212
179797.2
179797.4
180000.9
123456789
9
27
15
9
27
15
14
FI
2
6
10
50
36
11
23
36
6
2
1221
0
0
0
314159265
74
1
255
180000
314159265
0.1
218.6
375.211
375.6
790.6
791.212
843.2
843.4
911.5
1343.3
1718.4
1729.5
1843.1
1990.6
2072.4
2161.5
2253.211
2253.6
2482.211
2482.6
2779.211
2779.6
2822.211
2822.6
2855.211
2855.6
2897.211
2897.6
2960.4
3043.5
3102.211
3102.6
3221.4
3267.5
3354.211
3354.6
3813.6
3814.212
3867.2
3867.4
3905.5
4367.3
4744.4
4867.1
4914.5
5221.6
5274.4
5443.5
5508.211
5508.6
5604.4
5702.5
5795.211
5795.6
5834.4
6000.5
6079.211
6079.6
6207.4
6278.5
6394.6
6395.212
6455.2
6455.4
6620.5
6955.3
7128.4
7392.5
7455.1
7474.6
7522.4
7722.5
7794.6
7795.212
7832.2
7832.4
7869.5
8262.4
8332.3
8484.5
8556.6
8721.4
8769.5
8776.4
8815.5
8832.1
8888.6
9016.211
9016.6
9060.4
9130.5
9245.211
9245.6
9292.211
9292.6
9363.4
9543.5
9601.6
9602.212
9641.2
9641.4
9687.5
10135.4
10141.3
10395.5
10452.4
10590.5
10641.1
10677.6
10749.4
10837.5
10928.211
10928.6
11153.4
11180.5
11264.6
11265.212
11308.2
11308.4
11391.5
11808.3
11850.4
12089.5
12180.6
12248.4
12308.1
12310.5
12324.4
12429.5
12508.6
12558.4
12777.5
12848.6
12849.212
12887.2
12887.4
12938.5
13273.4
13387.3
13519.5
13600.6
13763.4
13843.5
13887.1
13913.6
13951.4
14153.5
14218.6
14219.212
14258.2
14258.4
14303.5
14758.3
14796.4
14960.5
14971.4
14980.5
14981.4
15077.5
15096.4
15183.5
15258.1
15277.6
15353.4
15429.5
15497.211
15497.6
15754.211
15754.6
15824.4
15952.5
16035.211
16035.6
16074.4
16163.5
16233.211
16233.6
16408.211
16408.6
16506.4
16560.5
16632.211
16632.6
16705.4
16846.5
16917.211
16917.6
16959.4
17058.5
17179.211
17179.6
17216.211
17216.6
17373.4
17410.5
17491.211
17491.6
17868.6
17869.212
17919.2
17919.4
17975.5
18419.3
18541.4
18700.5
18703.4
18846.5
18919.1
18929.6
18985.4
18992.5
19000.4
19227.5
19239.4
19242.5
19311.6
19312.212
19351.2
19351.4
19380.5
19851.3
19988.4
20297.5
20351.1
20397.6
20453.4
20610.5
20631.4
20637.5
20707.6
20708.212
20750.2
20750.4
20788.5
21129.4
21221.5
21250.3
21360.4
21750.1
21834.5
21912.6
21958.4
22103.5
22113.4
22206.5
22287.6
22288.212
22325.2
22325.4
22397.5
22825.3
22996.4
23221.5
23325.1
23497.4
23537.5
23603.6
23684.4
23796.5
23801.4
23857.5
23935.6
23936.212
23979.2
23979.4
24031.5
24479.3
24604.4
24938.5
24979.1
25019.6
25089.4
25130.5
25131.4
25164.5
25166.4
25189.5
25274.211
25274.6
25484.211
25484.6
25628.4
25698.5
25760.211
25760.6
26474.6
26475.212
26520.2
26520.4
26561.5
26960.4
27020.3
27213.5
27411.6
27520.1
27616.4
27646.5
27703.6
27867.4
28006.5
28074.6
28075.212
28117.2
28117.4
28154.5
28617.3
28713.4
28972.5
28985.4
29117.1
29129.5
29476.4
29503.5
29560.6
29676.4
29728.5
29736.4
29755.5
29815.211
29815.6
30093.211
30093.6
30141.211
30141.6
30193.4
30466.5
30530.6
30531.212
30569.2
30569.4
30659.5
31069.3
31569.1
31827.6
31845.211
31845.6
32242.6
32243.212
32284.2
32284.4
32345.5
32684.4
32752.5
32784.3
33271.4
33284.1
33679.5
33795.6
33908.4
33993.5
34139.6
34140.212
34181.2
34181.4
34256.5
34681.3
34722.4
34958.5
35181.1
35432.6
35685.211
35685.6
35734.4
35861.5
35944.211
35944.6
36019.4
36197.5
36258.6
36259.212
36298.2
36298.4
36366.5
36798.3
37298.1
38124.6
38229.4
38295.5
38314.4
38364.5
38435.6
38436.212
38486.2
38486.4
38518.5
38986.3
39093.4
39317.5
39486.1
40034.4
40044.5
40080.4
40102.5
40162.6
40384.211
40384.6
40428.211
40428.6
40479.4
40645.5
40707.211
40707.6
40783.4
40947.5
41065.6
41066.212
41106.2
41106.4
41181.5
41606.3
42106.1
42438.6
42610.211
42610.6
42680.211
42680.6
42733.4
42849.5
42911.211
42911.6
43123.211
43123.6
43219.4
43284.5
43368.211
43368.6
43558.211
43558.6
43645.4
43769.5
43770.4
43772.5
43789.4
43804.5
43874.6
43875.212
43912.2
43912.4
43945.5
44393.4
44412.3
44505.5
44912.1
45092.6
45654.6
45655.212
45700.2
45700.4
45757.5
46200.3
46422.6
46700.1
46700.6
46786.4
46858.5
46919.6
46999.4
47057.5
47239.6
47240.212
47288.2
47288.4
47361.5
47788.3
48091.4
48170.5
48288.1
48372.6
48442.4
48550.5
48611.211
48611.6
48774.4
48961.5
49034.6
49035.212
49076.2
49076.4
49136.5
49576.3
50076.1
50333.4
50363.5
50465.6
50670.211
50670.6
50913.211
50913.6
50968.4
51127.5
51199.211
51199.6
51250.4
51358.5
51359.4
51362.5
51443.211
51443.6
51818.6
51819.212
51895.2
51895.4
51946.5
52395.3
52895.1
53081.6
53457.6
53458.212
53505.2
53505.4
53545.5
54005.3
54148.4
54245.5
54505.1
54802.6
55065.211
55065.6
55109.211
55109.6
55161.211
55161.6
55419.211
55419.6
55627.211
55627.6
55883.211
55883.6
55954.211
55954.6
56024.4
56147.5
56208.211
56208.6
56444.211
56444.6
56507.211
56507.6
56565.4
56693.5
56761.211
56761.6
56958.211
56958.6
57032.211
57032.6
57974.6
57975.212
58030.2
58030.4
58070.5
58530.3
59030.1
59411.6
59760.6
59761.212
59873.2
59873.4
59919.5
60373.3
60649.6
60746.6
60873.1
60971.6
61019.4
61231.5
61297.6
61298.212
61333.2
61333.4
61361.5
61755.4
61833.3
61862.5
62152.4
62333.1
62511.5
62784.6
62952.4
63217.5
63287.6
63288.212
63340.2
63340.4
63388.5
63837.4
63840.3
64108.5
64340.1
64616.6
64670.211
64670.6
65134.6
65135.212
65210.2
65210.4
65259.5
65710.3
65729.4
65731.5
65733.4
66020.5
66210.1
66682.6
66884.211
66884.6
67216.6
67217.212
67260.2
67260.4
67312.5
67760.3
67959.4
68204.5
68260.1
68755.6
68910.211
68910.6
68986.4
69157.5
69230.6
69231.212
69269.2
69269.4
69332.5
69769.3
70093.4
70201.5
70269.1
70682.8
71121.6
71177.4
71225.5
71316.211
71316.6
71355.4
71467.5
71518.211
71518.6
71640.211
71640.6
71784.211
71784.6
72001.211
72001.6
72133.4
72233.5
72291.211
72291.6
72470.211
72470.6
72493.211
72493.6
72533.211
72533.6
72819.211
72819.6
72943.211
72943.6
73235.211
73235.6
73313.4
73532.5
73612.6
73613.212
73648.2
73648.4
73649.5
73650.4
73737.5
74148.3
74648.1
75737.6
75825.4
75935.5
75987.211
75987.6
76043.4
76075.5
76076.4
76101.5
76335.6
76336.212
76382.2
76382.4
76419.5
76565.4
76627.5
76882.3
76994.4
77047.5
77093.4
77328.5
77353.4
77382.1
77458.5
77665.4
77818.5
77892.6
77959.4
78141.5
78229.6
78230.212
78279.2
78279.4
78312.5
78779.3
78880.4
79067.5
79068.4
79073.5
79279.1
79593.4
79661.5
79729.6
79841.4
79927.5
79990.211
79990.6
80110.4
80160.5
80228.211
80228.6
80487.211
80487.6
80549.4
80682.5
80757.211
80757.6
80877.211
80877.6
81229.6
81230.212
81276.2
81276.4
81307.5
81751.4
81776.3
82027.5
82276.1
82606.6
82716.4
82839.5
82919.6
82920.212
82966.2
82966.4
83009.5
83374.4
83466.3
83565.5
83648.4
83966.1
84376.5
84447.6
84506.4
84715.5
84784.6
84785.212
84827.2
84827.4
84854.5
85327.3
85510.4
85573.5
85827.1
86330.6
86607.211
86607.6
86672.4
86839.5
86914.6
86915.212
86954.2
86954.4
87030.5
87454.3
87954.1
88252.4
88410.5
88477.6
88543.4
88678.5
88692.4
88756.5
88825.6
88826.212
88869.2
88869.4
88903.5
89369.3
89869.1
90122.4
90232.5
90291.6
90336.4
90507.5
90583.211
90583.6
90623.4
90819.5
90903.6
90904.212
90943.2
90943.4
90999.5
91443.3
91799.4
91819.5
91820.4
91877.5
91879.4
91943.1
91957.5
91959.4
91966.5
92067.6
92209.4
92306.5
92383.6
92384.212
92421.2
92421.4
92475.5
92921.3
92939.4
93421.1
93488.5
93702.6
93934.211
93934.6
93993.4
94069.5
94144.211
94144.6
94237.4
94324.5
94349.4
94422.5
94490.6
94491.212
94542.2
94542.4
94568.5
95042.3
95542.1
96625.6
96674.4
96785.5
96842.211
96842.6
97063.211
97063.6
98011.6
98012.212
98072.2
98072.4
98141.5
98572.3
99072.1
99399.6
99474.4
99494.5
99769.6
99770.212
99840.2
99840.4
99873.5
100340.3
100840.1
100844.6
101223.6
101224.212
101297.2
101297.4
101357.5
101797.3
102297.1
102824.6
102890.211
102890.6
103299.6
103300.212
103374.2
103374.4
103400.5
103835.4
103874.3
104167.5
104374.1
104418.6
104609.211
104609.6
104747.211
104747.6
104804.4
104906.5
104968.211
104968.6
105131.4
105189.5
105254.211
105254.6
105385.211
105385.6
105632.211
105632.6
105719.211
105719.6
105976.211
105976.6
106092.211
106092.6
106147.4
106353.5
106386.4
106475.5
106539.6
106540.212
106584.2
106584.4
106627.5
107084.3
107584.1
108592.6
108693.211
108693.6
108891.4
109015.5
109070.6
109071.212
109107.2
109107.4
109146.5
109607.3
110107.1
111222.4
111437.5
111529.4
111718.5
111789.6
111867.4
112085.5
112167.6
112168.212
112208.2
112208.4
112261.5
112708.3
113208.1
113748.4
113768.5
113838.6
113940.211
113940.6
114270.6
114271.212
114338.2
114338.4
114423.5
114838.3
115073.6
115338.1
115515.6
115661.211
115661.6
115785.211
115785.6
115958.211
115958.6
116125.211
116125.6
116575.6
116576.212
116629.2
116629.4
116672.5
117129.3
117306.4
117331.5
117414.4
117629.1
117636.5
118648.6
119050.6
119051.212
119106.2
119106.4
119146.5
119606.3
120106.1
121381.6
121610.211
121610.6
121665.4
121742.5
121799.211
121799.6
122042.211
122042.6
122092.211
122092.6
122729.6
122730.212
122776.2
122776.4
122818.5
123276.3
123776.1
124303.6
125902.6
125903.212
125957.2
125957.4
126012.5
126457.3
126957.1
127433.6
127622.211
127622.6
128033.6
128034.212
128085.2
128085.4
128211.5
128585.3
129030.4
129085.1
129263.5
129718.6
129950.211
129950.6
130155.211
130155.6
130676.6
130677.212
130724.2
130724.4
130769.5
131224.3
131724.1
132367.6
132413.4
132582.5
132677.6
132678.212
132718.2
132718.4
132759.5
133218.3
133718.1
134813.6
134921.4
135068.5
135131.6
135132.212
135181.2
135181.4
135205.5
135681.3
136181.1
136557.6
136680.4
136973.5
137039.6
137040.212
137088.2
137088.4
137124.5
137588.3
138088.1
138728.6
138848.4
138907.5
138975.211
138975.6
139086.4
139206.5
139277.6
139278.212
139344.2
139344.4
139375.5
139844.3
140344.1
141065.6
142794.6
142795.212
142853.2
142853.4
142878.5
143353.3
143853.1
144198.6
144388.211
144388.6
144455.4
144515.5
144580.211
144580.6
144756.211
144756.6
144828.211
144828.6
145282.6
145283.212
145334.2
145334.4
145385.5
145834.3
145878.4
145945.5
146087.4
146108.5
146334.1
146955.6
147007.4
147090.5
147142.211
147142.6
147562.6
147563.212
147613.2
147613.4
147690.5
148113.3
148613.1
149965.6
150100.211
150100.6
150272.211
150272.6
151742.6
151743.212
151794.2
151794.4
151836.5
152294.3
152794.1
153738.6
153998.211
153998.6
154388.6
154389.212
154439.2
154439.4
154501.5
154939.3
155439.1
156026.6
156885.6
156886.212
156940.2
156940.4
156992.5
157440.3
157940.1
159001.6
159048.4
159050.5
159054.4
159169.5
159228.211
159228.6
159449.211
159449.6
159493.211
159493.6
160009.6
160010.212
160050.2
160050.4
160101.5
160550.3
160748.4
161050.1
161068.5
162431.6
162711.211
162711.6
163049.6
163050.212
163112.2
163112.4
163182.5
163612.3
163736.4
163807.5
164112.1
167287.6
168739.6
168740.212
168787.2
168787.4
168849.5
169287.3
169787.1
171846.6
172039.211
172039.6
172109.211
172109.6
172683.6
172684.212
172731.2
172731.4
172794.5
173231.3
173731.1
174811.6
174940.4
175053.5
177602.6
177603.212
177654.2
177654.4
177714.5
178154.3
180000.9
123456789
9
28
15
9
28
15
14
FI
2
6
10
47
15
11
20
15
6
2
1186
0
0
0
314159265
73
0
270
180000
314159265
0.1
323.6
462.211
462.6
853.6
854.212
913.2
913.4
970.5
1413.3
1837.6
1913.1
2044.6
2199.4
2302.5
2468.6
2469.212
2551.2
2551.4
2596.5
3051.3
3447.4
3533.5
3543.4
3545.5
3551.1
3715.6
3876.4
3986.5
4061.6
4062.212
4106.2
4106.4
4165.5
4606.3
5106.1
5155.4
5197.5
5377.4
5482.5
5556.6
5781.4
5883.5
5958.6
5959.212
6007.2
6007.4
6052.5
6507.3
6606.4
6724.5
6746.4
6751.5
7007.1
7061.6
7116.4
7273.5
7358.211
7358.6
7413.4
7414.5
7416.4
7486.5
7554.211
7554.6
7812.211
7812.6
7900.4
8048.5
8121.6
8122.212
8168.2
8168.4
8290.5
8296.4
8330.5
8394.6
8668.3
8704.6
8749.6
8800.6
8875.4
9048.5
9116.6
9168.1
9246.6
9543.211
9543.6
9617.4
9765.5
9877.6
9878.212
9920.2
9920.4
9955.5
10420.3
10434.4
10436.5
10441.4
10494.5
10687.4
10917.5
10920.1
11007.4
11223.5
11227.4
11231.5
11346.6
11421.4
11575.5
11644.211
11644.6
11693.4
11800.5
11825.4
11881.5
11961.6
11962.212
12011.2
12011.4
12070.5
12511.3
13011.1
13103.4
13393.5
13463.6
13609.211
13609.6
13644.211
13644.6
13741.4
13878.5
13944.211
13944.6
14145.211
14145.6
14369.4
14447.5
14513.6
14514.212
14563.2
14563.4
14596.5
15012.4
15063.3
15279.5
15563.1
15611.4
15638.5
15696.6
15897.4
15958.5
16028.6
16029.212
16090.2
16090.4
16122.5
16571.4
16590.3
16756.5
17090.1
17351.6
17730.6
17731.212
17784.2
17784.4
17826.5
18284.3
18524.4
18606.5
18784.1
19193.4
19284.5
19355.6
19405.4
19679.5
19767.6
19768.212
19815.2
19815.4
19855.5
20315.3
20414.4
20442.5
20445.4
20449.5
20815.1
21193.6
21339.4
21416.5
21509.6
21510.212
21554.2
21554.4
21630.5
22054.3
22554.1
22652.6
22867.211
22867.6
23152.211
23152.6
23201.4
23349.5
23414.211
23414.6
24396.6
24397.212
24453.2
24453.4
24510.5
24953.3
25032.4
25358.5
25453.1
25800.6
25991.4
26048.5
26131.6
26132.212
26183.2
26183.4
26216.5
26683.3
27183.1
27494.6
27755.211
27755.6
27889.211
27889.6
27919.211
27919.6
28090.211
28090.6
28145.4
28233.5
28317.211
28317.6
28577.211
28577.6
28659.4
28797.5
28866.211
28866.6
29133.211
29133.6
29415.211
29415.6
29486.4
29636.5
29701.211
29701.6
29746.4
29889.5
29954.211
29954.6
30200.211
30200.6
30240.211
30240.6
30306.211
30306.6
30361.4
30573.5
30660.6
30661.212
30702.2
30702.4
30767.5
31202.3
31702.1
32399.6
32664.211
32664.6
33185.6
33186.212
33226.2
33226.4
33285.5
33726.3
34226.1
34758.6
34788.211
34788.6
34920.4
35022.5
35111.6
35112.212
35157.2
35157.4
35208.5
35518.4
35590.5
35657.3
35706.4
36042.5
36049.4
36054.5
36157.1
36655.6
36863.211
36863.6
37220.6
37221.212
37272.2
37272.4
37330.5
37772.3
37836.4
37899.5
38212.4
38220.5
38226.4
38272.1
38426.5
38886.6
38931.4
39062.5
39132.211
39132.6
39333.4
39514.5
39592.6
39593.212
39634.2
39634.4
39677.5
40134.3
40634.1
40993.4
41139.5
41157.4
41175.5
41244.6
41283.4
41477.5
41545.6
41546.212
41589.2
41589.4
41636.5
42089.3
42589.1
43073.6
43115.4
43413.5
43490.6
43491.212
43532.2
43532.4
43600.5
44032.3
44149.4
44367.5
44532.1
45423.6
46248.6
46249.212
46292.2
46292.4
46352.5
46792.3
46867.4
47016.5
47292.1
48040.6
48204.4
48269.5
48333.211
48333.6
48376.4
48552.5
48571.4
48573.5
48697.6
48698.212
48734.2
48734.4
48822.5
49234.3
49408.4
49479.5
49485.4
49492.5
49734.1
50363.6
50612.211
50612.6
50674.4
50731.5
50733.4
50774.5
50848.211
50848.6
51141.211
51141.6
51217.4
51413.5
51487.6
51488.212
51521.2
51521.4
51593.5
52021.3
52521.1
53121.6
53175.4
53318.5
53384.211
53384.6
53423.4
53621.5
53676.211
53676.6
53746.4
53869.5
53878.4
53885.5
53954.211
53954.6
54094.211
54094.6
54147.4
54307.5
54391.211
54391.6
54537.4
54688.5
54765.6
54766.212
54813.2
54813.4
54851.5
55313.3
55384.4
55445.5
55813.1
56735.6
56897.4
57039.5
57103.6
57104.212
57141.2
57141.4
57183.5
57594.4
57641.3
57699.5
58141.1
58566.6
58624.4
58743.5
58758.4
58800.5
58872.6
58873.212
58916.2
58916.4
58952.5
59416.3
59916.1
60746.4
60752.5
60818.6
61120.6
61121.212
61182.2
61182.4
61252.5
61682.3
62182.1
62277.4
62440.5
62517.6
62590.4
62822.5
62903.6
62904.212
62946.2
62946.4
62989.5
63446.3
63946.1
64743.4
64858.5
64938.6
65011.4
65158.5
65286.6
65287.212
65325.2
65325.4
65400.5
65825.3
65940.4
66325.1
66393.5
66483.6
66524.211
66524.6
66640.4
66706.5
66795.211
66795.6
66857.4
66995.5
67006.4
67035.5
67107.6
67108.212
67147.2
67147.4
67208.5
67647.3
68013.4
68147.1
68329.5
68393.4
68472.5
68615.6
68695.4
68759.5
68769.4
68868.5
68949.6
68950.212
68990.2
68990.4
69052.5
69490.3
69990.1
71410.6
71722.6
71723.212
71766.2
71766.4
71832.5
72266.3
72505.4
72603.5
72606.4
72714.5
72766.1
73119.4
73196.5
73283.6
73486.4
73581.5
73651.6
73652.212
73690.2
73690.4
73757.5
73929.4
74000.5
74190.3
74690.1
75403.4
75520.5
75625.6
75918.211
75918.6
75981.4
76118.5
76199.211
76199.6
76244.4
76367.5
76374.4
76398.5
76407.4
76409.5
76512.6
76513.212
76551.2
76551.4
76584.5
77051.3
77551.1
78444.4
78467.5
78540.6
78593.4
78737.5
78814.211
78814.6
78856.4
79008.5
80078.6
80079.212
80122.2
80122.4
80200.5
80622.3
81122.1
81914.6
82117.4
82170.5
82246.6
82247.212
82285.2
82285.4
82327.5
82785.3
82950.4
83011.5
83285.1
84397.6
84684.211
84684.6
84886.4
84937.5
85008.6
85009.212
85053.2
85053.4
85103.5
85553.3
85871.4
85896.5
86053.1
86425.6
86490.4
86628.5
86688.211
86688.6
86756.211
86756.6
86832.4
86941.5
87028.211
87028.6
87116.4
87214.5
87281.211
87281.6
87344.211
87344.6
87538.211
87538.6
87614.4
87802.5
87862.6
87863.212
87907.2
87907.4
87948.5
88407.3
88907.1
89341.4
89499.5
89569.6
89625.211
89625.6
89680.4
89745.5
89756.4
89760.5
89763.4
89764.5
89768.4
89865.5
89948.6
89949.212
89991.2
89991.4
90023.5
90435.4
90491.3
90512.5
90991.1
91365.6
91458.4
91486.5
91659.211
91659.6
91717.211
91717.6
91760.4
91899.5
91972.211
91972.6
92254.211
92254.6
92352.4
92525.5
92610.6
92611.212
92651.2
92651.4
92700.5
92854.4
92902.5
93151.3
93651.1
93684.4
93979.5
94039.4
94090.5
94092.4
94097.5
94394.4
94541.5
94602.6
94663.4
94807.5
94874.211
94874.6
94940.211
94940.6
94998.4
95157.5
95221.211
95221.6
95284.4
95463.5
95574.6
95575.212
95612.2
95612.4
95673.5
96112.3
96342.4
96344.5
96346.4
96612.1
96689.5
97014.4
97113.5
97120.4
97239.5
97310.6
97384.4
97534.5
97610.211
97610.6
97691.4
97812.5
97889.211
97889.6
97949.4
98087.5
98179.211
98179.6
98381.4
98432.5
98574.6
98575.212
98624.2
98624.4
98659.5
99045.4
99091.5
99124.3
99624.1
100143.6
100198.4
100296.5
100366.211
100366.6
100621.211
100621.6
100679.4
100871.5
100938.6
100939.212
100978.2
100978.4
101025.5
101478.3
101978.1
102600.4
102720.5
102913.4
102995.5
103154.6
103226.211
103226.6
103288.4
103403.5
103461.211
103461.6
103700.211
103700.6
103755.4
103942.5
104028.6
104029.212
104066.2
104066.4
104102.5
104566.3
105066.1
105476.4
105583.5
105849.6
106015.211
106015.6
106119.4
106169.5
106320.6
106321.212
106380.2
106380.4
106443.5
106880.3
107124.4
107268.5
107274.4
107339.5
107380.1
108604.6
109134.6
109135.212
109179.2
109179.4
109229.5
109679.3
110179.1
110396.4
110447.5
110757.6
111123.6
111124.212
111185.2
111185.4
111239.5
111685.3
111736.4
111802.5
112185.1
113032.6
113196.4
113281.5
113349.6
113350.212
113388.2
113388.4
113453.5
113802.4
113852.5
113888.3
114388.1
115235.6
115870.6
115871.212
115917.2
115917.4
115973.5
116376.4
116417.3
116575.5
116917.1
119968.6
120015.4
120058.5
120135.211
120135.6
120404.211
120404.6
120462.4
120594.5
120659.211
120659.6
120769.4
120832.5
120916.211
120916.6
121190.211
121190.6
121282.4
121463.5
121547.6
121548.212
121585.2
121585.4
121625.5
122085.3
122560.4
122585.1
122652.5
122731.4
122864.5
123375.4
123406.5
123519.6
123637.4
123752.5
123825.6
123826.212
123866.2
123866.4
123926.5
124366.3
124866.1
125304.6
125412.211
125412.6
125519.211
125519.6
125658.211
125658.6
125944.211
125944.6
126438.4
126449.5
126531.6
126532.212
126587.2
126587.4
126623.5
127087.3
127587.1
127807.4
127883.5
127957.6
127991.211
127991.6
128103.4
128225.5
128299.6
128300.212
128348.2
128348.4
128387.5
128692.4
128737.5
128750.4
128848.3
129013.5
129348.1
130237.6
130361.211
130361.6
130407.211
130407.6
130456.211
130456.6
130583.4
130631.5
130695.211
130695.6
131571.6
131572.212
131625.2
131625.4
131666.5
132125.3
132559.6
132625.1
133087.6
133271.211
133271.6
133422.211
133422.6
133668.211
133668.6
133865.211
133865.6
134039.211
134039.6
134081.211
134081.6
134157.211
134157.6
134475.4
134488.5
134549.6
134550.212
134591.2
134591.4
134649.5
135091.3
135591.1
136356.6
136648.211
136648.6
137045.6
137046.212
137088.2
137088.4
137155.5
137588.3
138088.1
138689.6
140615.4
140675.5
140748.6
140749.212
140794.2
140794.4
140878.5
141074.4
141136.5
141294.3
141433.4
141631.5
141794.1
141807.4
142197.5
142241.4
142253.5
142255.4
142273.5
142278.4
142357.5
142424.6
142529.4
142729.5
142793.6
142794.212
142832.2
142832.4
142875.5
143246.4
143332.3
143359.5
143832.1
144436.6
144841.6
144842.212
144893.2
144893.4
144941.5
145393.3
145459.4
145536.5
145893.1
147044.6
147404.6
147405.212
147446.2
147446.4
147515.5
147946.3
148446.1
149608.4
149706.5
149774.6
149932.4
150006.5
150085.6
150086.212
150126.2
150126.4
150192.5
150455.4
150559.5
150626.3
150875.4
151126.1
151239.5
151430.4
151513.5
151526.4
151539.5
151550.4
151557.5
151777.6
151883.4
152033.5
152103.6
152104.212
152145.2
152145.4
152185.5
152645.3
152692.4
152873.5
153145.1
153810.6
154051.211
154051.6
154112.4
154165.5
154245.211
154245.6
154432.4
154527.5
154595.6
154596.212
154633.2
154633.4
154671.5
155133.3
155633.1
156367.4
156403.5
156485.6
156542.4
156658.5
156737.211
156737.6
156819.211
156819.6
156870.4
156948.5
157040.211
157040.6
157371.6
157372.212
157450.2
157450.4
157486.5
157950.3
158450.1
159004.4
159067.5
159170.6
159208.211
159208.6
159416.211
159416.6
159466.211
159466.6
160049.6
160050.212
160088.2
160088.4
160153.5
160588.3
160745.4
160816.5
161088.1
162545.6
163297.6
163298.212
163337.2
163337.4
163421.5
163837.3
164337.1
164748.6
165282.6
165283.212
165339.2
165339.4
165373.5
165839.3
166152.4
166243.5
166339.1
167234.6
167697.6
167698.212
167749.2
167749.4
167804.5
168249.3
168749.1
169484.6
170400.6
170401.212
170438.2
170438.4
170480.5
170938.3
171018.4
171160.5
171438.1
171699.6
172428.6
172429.212
172483.2
172483.4
172521.5
172983.3
173483.1
174292.6
174630.6
174631.212
174684.2
174684.4
174742.5
175184.3
175684.1
176235.6
178174.6
178175.212
178227.2
178227.4
178272.5
178727.3
180000.9
123456789
9
29
15
9
29
15
14
FI
2
6
10
47
50
11
20
50
6
2
1062
0
0
0
314159265
73
0
238
180000
314159265
0.1
579.6
654.4
686.5
792.211
792.6
1237.6
1238.212
1288.2
1288.4
1338.5
1788.3
2108.6
2288.1
2443.6
2719.211
2719.6
2788.4
2881.5
2982.211
2982.6
3186.211
3186.6
3230.211
3230.6
3293.4
3565.5
3631.6
3632.212
3679.2
3679.4
3737.5
4179.3
4679.1
5483.4
5628.5
5710.6
5771.211
5771.6
5813.4
5991.5
6051.211
6051.6
6308.211
6308.6
6366.4
6688.5
6774.6
6775.212
6810.2
6810.4
6884.5
7310.3
7332.4
7810.1
7829.5
7930.6
8365.6
8366.212
8417.2
8417.4
8510.5
8575.4
8636.5
8917.3
8998.4
9417.1
9496.5
9577.6
9619.4
9900.5
10048.6
10049.212
10089.2
10089.4
10150.5
10589.3
10810.4
11041.5
11089.1
11274.6
11372.4
11635.5
11794.6
11795.212
11841.6
11895.2
11895.4
11927.5
12371.4
12395.3
12670.5
12814.4
12895.1
12997.5
13133.6
13220.4
13515.5
13596.6
13597.212
13638.2
13638.4
13681.5
14138.3
14287.4
14458.5
14638.1
14973.6
15030.4
15118.5
15313.6
15314.212
15369.2
15369.4
15431.5
15869.3
16369.1
16685.4
16716.5
16806.6
17343.6
17344.212
17401.2
17401.4
17441.5
17901.3
17911.4
17999.5
18401.1
18697.6
18739.211
18739.6
19587.6
19588.212
19636.2
19636.4
19699.5
20136.3
20636.1
20919.4
20972.5
21127.6
21714.6
21715.212
21760.2
21760.4
21798.5
22228.4
22260.3
22388.5
22760.1
23394.6
23923.6
23924.212
23973.2
23973.4
24045.5
24473.3
24973.1
25552.6
25667.4
25804.5
25884.6
25885.212
25932.2
25932.4
25967.5
26432.3
26465.4
26556.5
26932.1
27498.6
27555.4
27586.5
27672.211
27672.6
27969.211
27969.6
28035.211
28035.6
28297.211
28297.6
28332.211
28332.6
28442.211
28442.6
28561.211
28561.6
28780.4
28921.5
28986.6
28987.212
29027.2
29027.4
29092.5
29527.3
29564.4
29743.5
30027.1
31397.6
31440.211
31440.6
32273.6
32274.212
32317.2
32317.4
32375.5
32817.3
32881.4
32977.5
33317.1
33703.6
33902.4
33929.5
33936.4
33962.5
34040.6
34041.212
34078.2
34078.4
34142.5
34578.3
35078.1
36220.6
36249.211
36249.6
36895.6
36896.212
36938.2
36938.4
37016.5
37438.3
37938.1
38321.6
38969.6
38970.212
39025.2
39025.4
39099.5
39525.3
40025.1
41250.6
42117.6
42118.212
42156.2
42156.4
42224.5
42656.3
43156.1
43451.4
43669.5
43752.6
43811.211
43811.6
43852.4
43941.5
44206.6
44207.212
44267.2
44267.4
44296.5
44767.3
44926.4
45060.5
45267.1
45979.6
46085.4
46297.5
46357.6
46358.212
46396.2
46396.4
46430.5
46896.3
47192.4
47295.5
47396.1
47782.6
48256.6
48257.212
48322.2
48322.4
48374.5
48822.3
48935.4
48939.5
48941.4
49111.5
49116.4
49172.5
49322.1
50069.4
50144.5
50279.6
50322.211
50322.6
50396.4
50463.5
50468.4
50590.5
50654.6
50655.212
50693.2
50693.4
50754.5
51193.3
51693.1
52366.4
52425.5
52501.6
52855.6
52856.212
52912.2
52912.4
52944.5
53379.4
53412.3
53437.5
53912.1
53973.4
54062.5
54294.4
54368.5
54436.6
54749.6
54750.212
54807.2
54807.4
54853.5
55307.3
55537.4
55604.5
55608.4
55615.5
55627.4
55633.5
55807.1
55894.6
55994.4
56207.5
56289.6
56290.212
56326.2
56326.4
56382.5
56826.3
57179.4
57326.1
57344.5
57349.4
57355.5
57364.4
57368.5
57890.6
57948.4
58141.5
58211.6
58212.212
58250.2
58250.4
58300.5
58729.4
58750.3
58767.5
58773.4
58875.5
59250.1
59518.6
59563.4
59764.5
59768.4
59866.5
59931.6
59932.212
59981.2
59981.4
60062.5
60481.3
60773.4
60981.1
60988.5
61076.4
61082.5
61083.4
61195.5
61333.6
61520.4
61584.5
61684.6
61685.212
61730.2
61730.4
61786.5
62230.3
62420.4
62584.5
62730.1
63022.4
63075.5
63213.6
63420.4
63528.5
63614.6
63615.212
63660.2
63660.4
63662.5
63663.4
63700.5
64160.3
64660.1
64969.4
65091.5
65115.4
65134.5
65137.4
65139.5
65264.6
65288.211
65288.6
65367.4
65674.5
65757.6
65758.212
65798.2
65798.4
65838.5
66298.3
66798.1
67235.6
67289.211
67289.6
67367.4
67445.5
67531.211
67531.6
68483.6
68484.212
68529.2
68529.4
68597.5
69029.3
69529.1
70049.4
70099.5
70172.6
70456.211
70456.6
70479.211
70479.6
70609.4
70646.5
70826.6
70827.212
70877.2
70877.4
70927.5
71377.3
71877.1
72281.6
72385.4
72496.5
72577.211
72577.6
72648.4
72767.5
72807.4
72831.5
72938.6
72939.212
72994.2
72994.4
73043.5
73494.3
73994.1
74269.4
74305.5
74440.6
74634.211
74634.6
74849.211
74849.6
75484.6
75485.212
75527.2
75527.4
75582.5
76027.3
76527.1
77869.6
78087.211
78087.6
78258.211
78258.6
78431.211
78431.6
78676.211
78676.6
78733.211
78733.6
79485.6
79486.212
79538.2
79538.4
79694.5
80038.3
80268.4
80434.5
80538.1
82323.6
83205.6
83206.212
83257.2
83257.4
83298.5
83757.3
83763.4
83816.5
84257.1
84442.4
84561.5
86222.6
86347.4
86532.5
86605.6
86606.212
86645.2
86645.4
86696.5
87145.3
87259.4
87318.5
87645.1
88206.6
88442.211
88442.6
88485.4
88613.5
88681.211
88681.6
88979.211
88979.6
89022.211
89022.6
89111.4
89259.5
89282.4
89284.5
89352.6
89353.212
89393.2
89393.4
89397.5
89399.4
89456.5
89893.3
90253.4
90384.5
90393.1
91237.4
91294.5
91367.6
91403.211
91403.6
91604.211
91604.6
91644.211
91644.6
91686.4
91811.5
91892.211
91892.6
92069.4
92182.5
92197.4
92221.5
92302.6
92303.212
92345.2
92345.4
92379.5
92845.3
93345.1
93847.4
93893.5
94543.4
94563.5
94864.6
94919.4
95086.5
95089.4
95107.5
95182.6
95183.212
95219.2
95219.4
95270.5
95719.3
96219.1
97045.6
97116.4
97157.5
97382.6
97383.212
97423.2
97423.4
97460.5
97923.3
98263.4
98398.5
98423.1
99826.6
100337.6
100338.212
100377.2
100377.4
100431.5
100877.3
100962.4
101100.5
101377.1
102575.6
102856.211
102856.6
102938.4
102977.5
103239.6
103240.212
103292.2
103292.4
103330.5
103792.3
104292.1
105457.6
106120.6
106121.212
106180.2
106180.4
106210.5
106680.3
107180.1
108976.6
109010.211
109010.6
110707.4
110734.5
110795.6
110796.212
110836.2
110836.4
110910.5
111336.3
111836.1
113163.6
113257.4
113327.5
113465.6
113466.212
113504.2
113504.4
113577.5
114004.3
114504.1
115256.4
115292.5
115402.6
115595.211
115595.6
115819.211
115819.6
115856.211
115856.6
116284.6
116285.212
116323.2
116323.4
116364.5
116756.4
116774.5
116823.3
117323.1
118931.6
118985.211
118985.6
119232.211
119232.6
119518.4
119550.5
119931.6
119932.212
119994.2
119994.4
120065.5
120494.3
120630.4
120642.5
120651.4
120653.5
120662.4
120688.5
120994.1
121967.6
122018.211
122018.6
122356.6
122357.212
122415.2
122415.4
122447.5
122915.3
123415.1
123580.4
123673.5
123742.6
123812.4
124039.5
124106.6
124107.212
124143.2
124143.4
124211.5
124643.3
125143.1
125309.4
125376.5
125463.6
125528.4
125550.5
125566.4
125574.5
125576.4
125711.5
125757.4
125777.5
126389.6
126390.212
126444.2
126444.4
126503.5
126944.3
127124.4
127141.5
127444.1
129105.6
129174.4
129316.5
129382.211
129382.6
129718.6
129719.212
129777.2
129777.4
129810.5
130277.3
130777.1
131092.4
131203.5
131269.6
131531.211
131531.6
131725.4
131819.5
131900.6
131901.212
131940.2
131940.4
131999.5
132303.4
132370.5
132440.3
132509.4
132697.5
132940.1
133499.6
133725.211
133725.6
133774.4
133921.5
133981.211
133981.6
134042.211
134042.6
134082.4
134261.5
134340.211
134340.6
134511.4
134618.5
134688.6
134689.212
134726.2
134726.4
134769.5
135226.3
135238.4
135307.5
135490.4
135631.5
135726.1
136212.4
136352.5
136418.6
136487.4
136683.5
136747.6
136748.212
136789.2
136789.4
136846.5
137246.4
137289.3
137315.5
137458.4
137589.5
137789.1
137979.4
138144.5
138222.6
138291.4
138424.5
138509.211
138509.6
138614.4
138815.5
138928.6
138929.212
138970.2
138970.4
139032.5
139259.4
139368.5
139470.3
139851.6
139938.4
139970.1
140043.5
140121.6
141190.6
141191.212
141239.2
141239.4
141267.5
141739.3
141785.4
141856.5
142239.1
142822.6
142957.4
142991.5
143074.211
143074.6
143255.211
143255.6
143307.4
143357.5
144022.6
144023.212
144069.2
144069.4
144134.5
144569.3
145069.1
145724.4
145848.5
145917.6
145991.4
146072.5
146296.6
146297.212
146346.2
146346.4
146385.5
146846.3
147081.4
147346.1
147346.5
148124.6
148183.4
148239.5
148296.4
148300.5
148303.4
148363.5
148468.6
148469.212
148510.2
148510.4
148545.5
149010.3
149510.1
149982.6
150451.6
150452.212
150492.2
150492.4
150579.5
150992.3
151492.1
152077.4
152120.5
152837.6
152929.4
153103.5
153328.6
153329.212
153398.2
153398.4
153474.5
153898.3
154398.1
155568.4
155643.5
155713.6
155775.4
155977.5
156039.6
156040.212
156079.2
156079.4
156143.5
156579.3
157079.1
157469.4
157494.5
158224.6
158310.4
158315.5
158319.4
158348.5
158503.211
158503.6
158562.211
158562.6
159055.6
159056.212
159107.2
159107.4
159137.5
159607.3
160107.1
160781.6
160825.4
160891.5
161159.6
161160.212
161201.2
161201.4
161265.5
161701.3
162201.1
162845.6
162909.4
162993.5
163196.6
163197.212
163240.2
163240.4
163241.5
163242.4
163321.5
163740.3
164240.1
165724.6
165819.211
165819.6
165985.211
165985.6
166107.4
166156.5
166212.211
166212.6
166454.211
166454.6
166777.6
166778.212
166818.2
166818.4
166871.5
167318.3
167818.1
168760.4
168836.5
168918.6
169016.211
169016.6
169181.211
169181.6
169284.211
169284.6
169333.4
169410.5
169496.211
169496.6
169643.211
169643.6
169691.211
169691.6
170187.6
170188.212
170233.2
170233.4
170285.5
170733.3
171233.1
171691.6
172017.6
172018.212
172066.2
172066.4
172134.5
172505.4
172566.3
172634.5
172708.4
172967.5
173066.1
173978.6
174058.4
174109.5
174491.6
174492.212
174539.2
174539.4
174583.5
175039.3
175539.1
176305.6
176354.4
176432.5
176506.211
176506.6
176970.6
176971.212
177017.2
177017.4
177094.5
177457.4
177517.3
177798.5
178015.4
178017.1
178073.5
178289.6
178348.4
178493.5
178526.4
178619.5
178688.6
178689.212
178735.2
178735.4
178785.5
179235.3
179265.4
179430.5
179485.4
179626.5
179657.4
179735.1
180000.9
123456789
9
30
15
9
30
15
14
FI
2
6
10
48
00
11
21
00
6
2
1044
0
0
0
314159265
72
0
268
180000
314159265
0.1
285.6
481.211
481.6
900.6
901.212
950.2
950.4
993.5
1450.3
1896.4
1950.1
1962.5
2309.6
2414.4
2565.5
2640.6
2641.212
2690.2
2690.4
2764.5
3190.3
3236.4
3238.5
3239.4
3393.5
3600.4
3690.1
3719.5
3731.4
3737.5
3741.4
3745.5
3944.4
4035.5
4120.6
4226.4
4238.5
4731.6
4732.212
4774.2
4774.4
4870.5
4871.4
4911.5
5017.4
5145.5
5274.3
5361.6
5393.6
5737.6
5774.1
5778.6
5816.211
5816.6
5866.211
5866.6
5920.4
6023.5
6086.211
6086.6
6127.4
6339.5
6405.6
6406.212
6443.2
6443.4
6483.5
6847.4
6909.5
6943.3
7427.4
7443.1
7549.5
7935.4
8087.5
8202.6
8348.4
8496.5
8585.6
8586.212
8630.2
8630.4
8695.5
9130.3
9421.4
9630.1
9676.5
9954.4
10120.5
10205.6
10287.4
10425.5
10497.211
10497.6
10673.4
10753.5
10829.6
10830.212
10877.2
10877.4
10922.5
11377.3
11596.4
11777.5
11813.4
11828.5
11831.4
11877.1
11977.5
12055.6
12309.211
12309.6
12377.4
12484.5
12485.4
12500.5
12565.211
12565.6
12815.4
12939.5
13007.6
13008.212
13045.2
13045.4
13101.5
13545.3
13879.4
14041.5
14045.1
14164.6
14257.4
14351.5
14360.4
14465.5
14530.6
14531.212
14573.2
14573.4
14639.5
15073.3
15573.1
15718.4
15784.5
15851.6
16024.4
16151.5
16233.6
16234.212
16281.2
16281.4
16313.5
16769.4
16781.3
16912.5
16915.4
16920.5
17247.4
17281.1
17406.5
17493.6
17618.4
17859.5
17960.6
17961.212
18001.2
18001.4
18079.5
18501.3
18819.4
19001.1
19024.5
19500.6
19637.4
19846.5
19934.6
19935.212
19973.2
19973.4
20010.5
20473.3
20581.4
20684.5
20935.4
20973.1
21146.5
21214.6
21290.4
21452.5
21545.6
21546.212
21585.2
21585.4
21642.5
21778.4
21847.5
22085.3
22585.1
23008.4
23145.5
23249.6
23352.4
23534.5
23612.6
23613.212
23660.2
23660.4
23704.5
24160.3
24240.4
24598.5
24599.4
24625.5
24660.1
24859.4
25092.5
25162.6
25210.4
25362.5
25371.4
25388.5
25407.4
25420.5
25502.6
25503.212
25540.2
25540.4
25621.5
26040.3
26171.4
26540.1
26630.5
26705.6
26808.4
27014.5
27099.6
27100.212
27139.2
27139.4
27195.5
27639.3
27658.4
27951.5
28139.1
28178.4
28370.5
28465.6
28599.4
28737.5
28746.4
28758.5
28828.6
28829.212
28869.2
28869.4
28937.5
29369.3
29398.4
29869.1
30090.5
30184.6
30231.4
30454.5
30540.6
30541.212
30582.2
30582.4
30586.5
30595.4
30652.5
31082.3
31582.1
32484.6
32750.211
32750.6
32843.4
33008.5
33014.4
33022.5
33109.6
33110.212
33150.2
33150.4
33227.5
33510.4
33650.3
33840.5
33940.4
34053.5
34066.4
34148.5
34150.1
34219.6
34338.4
34445.5
34448.4
34475.5
34480.4
34580.5
34646.6
34647.212
34689.2
34689.4
34737.5
35189.3
35242.4
35396.5
35689.1
36120.4
36447.5
36507.6
36566.4
36711.5
36716.4
36815.5
36903.6
36904.212
36940.2
36940.4
36986.5
37440.3
37756.4
37836.5
37940.1
38624.4
38786.5
38852.6
38891.4
39100.5
39171.6
39172.212
39209.2
39209.4
39265.5
39709.3
39889.4
40049.5
40209.1
40307.6
41076.6
41077.212
41135.2
41135.4
41221.5
41550.4
41557.5
41562.4
41635.3
41652.5
42135.1
42175.4
42341.5
42423.6
42609.4
42793.5
42857.6
42858.212
42895.2
42895.4
42965.5
43395.3
43895.1
43896.4
43950.5
43952.4
43959.5
44635.4
44766.5
44832.6
45004.4
45176.5
45255.6
45256.212
45296.2
45296.4
45371.5
45796.3
46296.1
46732.6
46809.4
46912.5
46933.4
46944.5
47032.211
47032.6
47169.4
47257.5
47317.211
47317.6
47559.211
47559.6
47614.4
47799.5
47873.6
47874.212
47914.2
47914.4
47979.5
48414.3
48914.1
48990.4
49099.5
49326.6
49386.211
49386.6
49425.4
49637.5
49721.6
49722.212
49760.2
49760.4
49805.5
50260.3
50331.4
50416.5
50760.1
50823.4
50968.5
51425.4
51578.5
51723.6
51917.4
52023.5
52107.6
52108.212
52147.2
52147.4
52286.5
52647.3
52651.4
52746.5
53136.4
53147.1
53309.5
53383.6
53531.4
53675.5
53736.6
53737.212
53775.2
53775.4
53827.5
54275.3
54775.1
55216.4
55277.5
55480.4
55655.5
55742.6
55794.4
55961.5
55969.4
56052.5
56117.6
56118.212
56155.2
56155.4
56215.5
56655.3
57155.1
58866.4
58936.5
60558.6
60647.4
60776.5
60893.6
60894.212
60932.2
60932.4
60973.5
61432.3
61491.4
61557.5
61775.4
61932.1
61967.5
62179.4
62271.5
62557.4
62854.5
62913.6
63006.211
63006.6
63143.4
63348.5
63410.6
63411.212
63449.2
63449.4
63530.5
63949.3
64449.1
64952.4
65034.5
65114.6
65264.4
65265.5
65266.4
65374.5
65428.6
65429.212
65474.2
65474.4
65530.5
65974.3
66474.1
66608.4
66743.5
66814.6
66956.4
67129.5
67192.6
67193.212
67233.2
67233.4
67280.5
67733.3
68129.4
68208.5
68213.4
68233.1
68371.5
68540.6
68669.4
68903.5
68994.6
68995.212
69033.2
69033.4
69124.5
69533.3
69679.4
69880.5
69932.4
69990.5
70030.4
70033.1
70099.5
70882.6
71084.4
71147.5
71208.6
71209.212
71247.2
71247.4
71298.5
71747.3
72247.1
72749.4
72841.5
72910.6
73123.4
73362.5
73438.6
73439.212
73474.2
73474.4
73477.5
73478.4
73542.5
73974.3
74474.1
74884.4
74998.5
75329.6
75396.4
75605.5
75607.4
75630.5
75711.6
75712.212
75751.2
75751.4
75785.5
76251.3
76751.1
77636.4
77764.5
77848.6
77974.4
78120.5
78195.6
78196.212
78231.2
78231.4
78279.5
78731.3
79231.1
79274.4
79366.5
79730.4
79850.5
79923.6
79989.4
80241.5
80306.6
80307.212
80346.2
80346.4
80410.5
80846.3
80884.4
80950.5
81346.1
81834.4
81965.5
82044.6
82089.4
82294.5
82376.6
82377.212
82412.2
82412.4
82479.5
82912.3
83412.1
83676.4
83729.5
84042.4
84175.5
84245.6
84467.211
84467.6
84542.4
84642.5
84658.4
84676.5
84684.4
84737.5
84801.6
84802.212
84838.2
84838.4
84873.5
85338.3
85838.1
86300.4
86513.5
86573.6
86614.4
86781.5
86846.211
86846.6
86906.4
87075.5
87181.6
87182.212
87219.2
87219.4
87275.5
87719.3
88219.1
88858.4
88975.5
89034.6
90177.6
90178.212
90220.2
90220.4
90360.5
90720.3
91220.1
92172.6
92308.4
92456.5
92520.6
92521.212
92558.2
92558.4
92617.5
93058.3
93558.1
94428.6
94476.4
94613.5
94619.4
94662.5
94725.211
94725.6
94938.4
95108.5
95169.6
95170.212
95209.2
95209.4
95242.5
95709.3
96209.1
97359.6
97412.4
97515.5
97520.4
97528.5
97644.211
97644.6
97802.4
97875.5
97881.4
97890.5
97960.6
97961.212
98002.2
98002.4
98051.5
98502.3
99002.1
99939.6
100236.211
100236.6
100288.4
100375.5
100443.211
100443.6
100734.211
100734.6
100809.4
100955.5
101020.211
101020.6
101330.6
101331.212
101370.2
101370.4
101425.5
101870.3
102370.1
102947.4
103136.5
103203.6
103279.4
103433.5
103503.211
103503.6
103645.4
103750.5
103815.6
103816.212
103854.2
103854.4
103908.5
104354.3
104854.1
104963.4
105064.5
105886.4
106085.5
106170.6
106419.211
106419.6
106458.4
106686.5
106752.6
106753.212
106790.2
106790.4
106887.5
107290.3
107790.1
108066.6
108114.4
108268.5
108326.211
108326.6
108417.4
108653.5
108729.6
108730.212
108769.2
108769.4
108968.5
109269.3
109769.1
110707.4
110743.5
110844.6
110945.4
111018.5
111095.211
111095.6
111322.211
111322.6
111396.4
111621.5
111704.6
111705.212
111742.2
111742.4
111809.5
112242.3
112561.4
112742.1
112780.5
114235.4
114306.5
114383.6
114595.4
114820.5
114892.6
114893.212
114928.2
114928.4
115002.5
115348.4
115387.5
115428.3
115928.1
117185.6
117296.4
117554.5
117630.6
117631.212
117667.2
117667.4
117712.5
118167.3
118667.1
124363.6
124444.4
124614.5
124638.4
124654.5
124724.6
124725.212
124761.2
124761.4
124826.5
125261.3
125761.1
126957.4
127190.5
127273.6
127314.4
127438.5
127511.211
127511.6
127565.4
127570.5
127571.4
127609.5
127613.4
127616.5
127898.6
127899.212
127943.2
127943.4
128012.5
128443.3
128943.1
130066.6
130119.4
130192.5
130306.211
130306.6
130497.4
130640.5
130715.6
130716.212
130753.2
130753.4
130804.5
131253.3
131753.1
134303.6
134850.6
134851.212
134888.2
134888.4
134944.5
135388.3
135888.1
136394.6
136823.6
136824.212
136867.2
136867.4
136899.5
137367.3
137867.1
138167.4
138221.5
138407.6
139185.6
139186.212
139229.2
139229.4
139297.5
139729.3
139936.4
140028.5
140229.1
140959.6
142221.6
142222.212
142277.2
142277.4
142337.5
142777.3
143277.1
144181.4
144235.5
144320.6
144465.4
144553.5
144636.6
144637.212
144672.2
144672.4
144706.5
145172.3
145672.1
146997.6
147184.4
147241.5
147318.6
147319.212
147353.2
147353.4
147427.5
147853.3
148353.1
148843.6
148891.4
148942.5
149099.211
149099.6
149535.6
149536.212
149574.2
149574.4
149613.5
150074.3
150574.1
151431.6
151493.4
151575.5
151649.211
151649.6
151775.4
151859.5
151914.211
151914.6
152124.211
152124.6
152264.4
152330.5
152479.6
152480.212
152534.2
152534.4
152617.5
153034.3
153534.1
156415.6
156526.4
156584.5
156775.6
156776.212
156826.2
156826.4
156862.5
157326.3
157826.1
160954.6
162560.6
162561.212
162687.2
162687.4
162751.5
163187.3
163687.1
164216.6
164269.211
164269.6
164609.6
164610.212
164649.2
164649.4
164764.5
165149.3
165649.1
166170.4
166232.5
166401.6
166562.4
166641.5
166784.6
166785.212
166820.2
166820.4
166861.5
167320.3
167820.1
168362.6
168568.211
168568.6
168626.4
168695.5
168913.6
168914.212
168960.2
168960.4
168999.5
169460.3
169960.1
171288.6
171426.4
171481.5
171715.6
171716.212
171764.2
171764.4
171829.5
172264.3
172764.1
175431.6
175691.211
175691.6
175938.4
175986.5
176062.6
176063.212
176102.2
176102.4
176156.5
176602.3
177102.1
177486.4
177540.5
177632.6
177716.4
177789.5
177993.6
177994.212
178038.2
178038.4
178070.5
178538.3
178794.4
178796.5
178798.4
178926.5
180000.9
123456789
10
01
15
10
01
15
14
FI
2
6
10
49
13
11
22
13
6
2
769
0
0
0
314159265
57
2
191
180000
314159265
0.1
248.6
421.211
421.6
747.6
748.212
812.2
812.4
852.5
1247.4
1312.3
1340.5
1812.1
1944.6
2091.4
2190.5
2252.6
2253.212
2306.2
2306.4
2346.5
2806.3
3306.1
3338.4
3415.5
3480.6
3611.4
3741.5
3807.6
3808.212
3857.2
3857.4
3896.5
4357.3
4857.1
5234.4
5396.5
5412.4
5426.5
5493.6
5816.6
5817.212
5858.2
5858.4
5905.5
6358.3
6858.1
7040.6
7058.211
7058.6
7283.211
7283.6
7334.4
7449.5
7516.211
7516.6
7814.211
7814.6
7867.4
8112.5
8171.6
8172.212
8209.2
8209.4
8243.5
8709.3
9209.1
9296.6
9567.4
9701.5
9802.6
9803.212
9846.2
9846.4
9893.5
10346.3
10411.4
10552.5
10846.1
11061.6
11780.6
11781.212
11851.2
11851.4
11893.5
12351.3
12828.4
12851.1
12920.5
13266.4
13321.5
13390.6
13478.4
13716.5
13787.6
13788.212
13824.2
13824.4
13825.5
13826.4
13879.5
14324.3
14824.1
15397.6
15476.4
15684.5
15756.6
15757.212
15806.2
15806.4
15858.5
16306.3
16336.4
16771.5
16774.4
16777.5
16806.1
17411.4
17546.5
17609.6
17706.4
17786.5
17979.6
17980.212
18024.2
18024.4
18078.5
18524.3
19024.1
19747.6
19792.4
19872.5
20130.6
20131.212
20180.2
20180.4
20209.5
20568.4
20680.3
20900.5
21180.1
21906.6
21964.4
22026.5
22258.6
22259.212
22300.2
22300.4
22358.5
22751.4
22800.3
22825.5
22974.4
23052.5
23263.4
23283.5
23288.4
23300.1
23536.5
23642.4
23734.5
24642.6
24700.4
24859.5
24922.211
24922.6
25024.4
25105.5
25321.6
25322.212
25365.2
25365.4
25428.5
25865.3
26365.1
27117.4
27216.5
27389.6
27451.4
27493.5
27877.4
27968.5
28023.6
28024.212
28056.2
28056.4
28105.5
28556.3
29056.1
29811.4
29948.5
30020.6
30122.4
30306.5
30373.6
30374.212
30414.2
30414.4
30415.5
30417.4
30465.5
30914.3
31414.1
34238.6
34346.4
34374.5
34582.6
34583.212
34626.2
34626.4
34659.5
35126.3
35277.4
35386.5
35626.1
36921.4
36931.5
36998.6
38091.6
38092.212
38152.2
38152.4
38212.5
38652.3
39152.1
39480.4
39618.5
39720.6
39793.4
39990.5
40055.6
40056.212
40094.2
40094.4
40153.5
40154.4
40157.5
40594.3
40740.4
40844.5
41015.4
41036.5
41038.4
41094.1
41096.5
41996.4
42052.5
42131.6
42186.4
42290.5
42490.6
42491.212
42533.2
42533.4
42568.5
42844.4
42889.5
43033.3
43533.1
43783.6
43824.211
43824.6
43925.4
43958.5
44169.6
44170.212
44217.2
44217.4
44344.5
44439.4
44492.5
44717.3
44930.4
45042.5
45217.1
46287.6
46827.6
46828.212
46880.2
46880.4
46930.5
47380.3
47880.1
49421.6
49482.4
49588.5
49658.211
49658.6
49955.211
49955.6
50100.211
50100.6
51147.6
51148.212
51200.2
51200.4
51247.5
51700.3
51746.4
51789.5
52008.4
52111.5
52200.1
52205.4
52271.5
53813.6
54794.6
54795.212
54837.2
54837.4
54894.5
55337.3
55450.4
55663.5
55700.4
55709.5
55712.4
55744.5
55837.1
56636.6
56984.6
56985.212
57065.2
57065.4
57071.5
57075.4
57097.5
57565.3
57648.4
57819.5
58065.1
58907.6
59501.4
59530.5
59600.6
59601.212
59642.2
59642.4
59725.5
59888.4
59944.5
60142.3
60642.1
60659.4
60758.5
61608.6
62150.6
62151.212
62196.2
62196.4
62230.5
62696.3
62715.4
62775.5
63196.1
64080.6
64181.4
64280.5
64566.6
64567.212
64624.2
64624.4
64652.5
65124.3
65624.1
66249.6
66343.4
66400.5
66485.211
66485.6
66598.211
66598.6
66726.211
66726.6
67174.6
67175.212
67215.2
67215.4
67315.5
67715.3
68215.1
68413.4
68531.5
68642.6
68818.4
68887.5
68961.6
68962.212
69003.2
69003.4
69068.5
69187.4
69257.5
69503.3
69811.4
70003.1
70187.5
71564.6
72097.6
72098.212
72156.2
72156.4
72204.5
72656.3
72808.4
73083.5
73156.1
73638.4
73639.5
73641.4
73785.5
73902.6
73984.4
74153.5
74216.6
74217.212
74252.2
74252.4
74315.5
74752.3
74892.4
75225.5
75252.1
75928.4
76062.5
76136.6
76372.4
76443.5
76505.6
76506.212
76543.2
76543.4
76608.5
77043.3
77543.1
78445.6
78554.4
78643.5
78709.211
78709.6
78745.4
78800.5
78982.211
78982.6
79452.6
79453.212
79494.2
79494.4
79495.5
79496.4
79548.5
79992.4
79994.3
80039.5
80494.1
83025.6
83561.6
83562.212
83599.2
83599.4
83647.5
84099.3
84599.1
85102.4
85181.5
85327.6
86141.6
86142.212
86214.2
86214.4
86296.5
86714.3
86716.4
86792.5
87214.1
87922.4
87971.5
88254.6
88332.4
88371.5
88850.6
88851.212
88894.2
88894.4
88952.5
89394.3
89537.4
89626.5
89894.1
92696.4
92747.5
92833.6
93001.4
93027.5
93474.6
93475.212
93512.2
93512.4
93564.5
94012.3
94512.1
95141.6
96366.6
96367.212
96420.2
96420.4
96482.5
96920.3
97000.4
97119.5
97420.1
100525.6
101471.6
101472.212
101537.2
101537.4
101599.5
102037.3
102058.4
102186.5
102537.1
102992.6
103309.4
103349.5
103405.6
103406.212
103441.2
103441.4
103485.5
103901.4
103941.3
103953.5
104164.4
104394.5
104441.1
106064.6
107044.6
107045.212
107098.2
107098.4
107099.5
107101.4
107138.5
107578.4
107579.5
107585.4
107596.5
107598.3
107602.4
107672.5
108098.1
109222.6
109815.6
109816.212
109857.2
109857.4
109905.5
110357.3
110857.1
112476.4
112525.5
113960.6
114528.6
114529.212
114605.2
114605.4
114676.5
115105.3
115133.4
115189.5
115397.4
115562.5
115605.1
116536.6
116855.4
116933.5
117027.6
117028.212
117067.2
117067.4
117117.5
117567.3
118067.1
118983.6
119366.6
119367.212
119445.2
119445.4
119508.5
119945.3
119946.4
120004.5
120445.1
122762.6
125161.6
125162.212
125231.2
125231.4
125427.5
125571.6
125704.4
125731.3
125988.5
126054.6
126187.4
126231.1
126235.5
126493.6
126583.4
126672.5
126745.211
126745.6
127164.6
127165.212
127232.2
127232.4
127300.5
127653.4
127715.5
127732.3
128232.1
129710.4
129803.5
129909.6
130041.4
130103.5
130279.6
130280.212
130318.2
130318.4
130365.5
130818.3
130836.4
130947.5
131318.1
134278.6
134737.6
134738.212
134781.2
134781.4
134868.5
135194.4
135221.5
135281.3
135781.1
139258.6
139313.4
139392.5
139821.6
139822.212
139892.2
139892.4
139939.5
140392.3
140425.4
140427.5
140428.4
140511.5
140723.4
140753.5
140771.4
140828.5
140892.1
142593.6
142751.211
142751.6
142808.4
142831.5
142834.4
142842.5
142850.4
142855.5
142888.4
142896.5
142903.4
142906.5
142917.4
142933.5
142995.211
142995.6
143859.6
143860.212
143911.2
143911.4
143988.5
144411.3
144638.4
144776.5
144911.1
145021.4
145122.5
146349.4
146414.5
147405.6
147741.6
147742.212
147811.2
147811.4
147910.5
148311.3
148419.4
148441.5
148442.4
148447.5
148455.4
148457.5
148477.4
148613.5
148811.1
149416.6
149785.4
149856.5
149857.4
149863.5
149987.6
149988.212
150044.2
150044.4
150115.5
150544.3
151044.1
151289.4
151357.5
154556.6
154648.211
154648.6
161253.8
161616.8
165633.6
165634.212
165675.2
165675.4
165730.5
166175.3
166675.1
167699.6
168420.6
168421.212
168466.2
168466.4
168508.5
168789.4
168933.5
168966.3
169466.1
170001.4
170180.5
170250.6
170393.4
170459.5
170670.6
170671.212
170714.2
170714.4
170752.5
171157.4
171214.3
171307.5
171714.1
175080.6
177759.6
177760.212
177810.2
177810.4
177848.5
178310.3
180000.9
123456789
10
02
15
10
02
15
14
FI
2
6
10
49
00
11
22
00
6
2
1165
0
0
0
314159265
72
0
288
180000
314159265
0.1
327.6
463.211
463.6
510.4
529.5
1041.6
1042.212
1096.2
1096.4
1130.5
1596.3
1739.4
1938.5
2064.4
2096.1
2254.5
2328.6
2554.4
2654.5
2713.6
2714.212
2752.2
2752.4
2817.5
3252.3
3393.4
3537.5
3752.1
3766.6
3876.4
4012.5
4103.6
4104.212
4143.2
4143.4
4178.5
4643.3
4774.4
4777.5
4781.4
4934.5
4995.4
5023.5
5143.1
5177.6
5393.4
5506.5
5573.6
5574.212
5612.2
5612.4
5681.5
6009.4
6112.3
6354.5
6359.4
6368.5
6604.4
6612.1
6688.5
6756.6
6810.211
6810.6
6916.4
6988.5
7043.211
7043.6
7143.4
7238.5
7305.211
7305.6
7532.211
7532.6
7655.4
7794.5
7844.6
7845.212
7889.2
7889.4
7950.5
8389.3
8449.4
8519.5
8889.1
9086.4
9173.5
9231.6
9271.4
9416.5
9479.211
9479.6
9655.211
9655.6
9677.211
9677.6
9827.211
9827.6
9895.4
10005.5
10064.4
10083.5
10151.6
10152.212
10192.2
10192.4
10229.5
10692.3
11192.1
11219.4
11313.5
11424.6
11580.4
11699.5
11703.4
11712.5
11791.6
11792.212
11831.2
11831.4
11893.5
12331.3
12808.4
12831.1
12936.5
13037.6
13119.4
13235.5
13248.4
13270.5
13273.4
13398.5
13472.6
13473.212
13515.2
13515.4
13582.5
14015.3
14070.4
14196.5
14515.1
14519.6
14593.4
14712.5
14813.211
14813.6
14951.4
15081.5
15145.6
15146.212
15197.2
15197.4
15251.5
15697.3
15735.4
16105.5
16107.4
16123.5
16179.4
16182.5
16186.4
16197.1
16199.5
16200.4
16392.5
16455.6
16606.4
16742.5
16812.6
16813.212
16855.2
16855.4
16857.5
16858.4
16909.5
17355.3
17623.4
17855.1
18018.5
18089.6
18126.4
18328.5
18331.4
18335.5
18394.6
18395.212
18430.2
18430.4
18476.5
18930.3
18968.4
19242.5
19332.6
19421.4
19430.1
19578.5
19585.4
19713.5
19785.6
19821.4
19963.5
19970.4
19974.5
20051.211
20051.6
20090.4
20217.5
20221.4
20263.5
20323.211
20323.6
21061.6
21062.212
21102.2
21102.4
21187.5
21602.3
21992.4
22095.5
22100.4
22102.1
22204.5
22267.6
22390.4
22501.5
22567.211
22567.6
22719.211
22719.6
22777.4
23107.5
23169.6
23170.212
23205.2
23205.4
23354.5
23661.4
23688.5
23694.4
23705.3
24087.5
24205.1
24282.4
24423.5
24499.6
24633.4
24752.5
24823.6
24824.212
24856.2
24856.4
24904.5
25356.3
25504.4
25636.5
25696.4
25715.5
25718.4
25856.1
25873.5
26002.6
26046.211
26046.6
26169.4
26317.5
26386.6
26387.212
26425.2
26425.4
26478.5
26925.3
27024.4
27277.5
27354.4
27425.1
27491.5
27567.6
27650.4
27671.5
27675.4
27791.5
27876.6
27877.212
27921.2
27921.4
27993.5
28421.3
28921.1
28923.4
29036.5
29596.6
29713.4
29889.5
29962.6
29963.212
29998.2
29998.4
30046.5
30498.3
30998.1
31405.4
31447.5
31610.6
31676.4
31751.5
31811.211
31811.6
31856.4
31997.5
32061.211
32061.6
32136.4
32315.5
32399.6
32400.212
32432.2
32432.4
32505.5
32859.4
32932.3
33044.5
33239.4
33371.5
33432.1
33437.6
33474.4
33750.5
33819.6
33820.212
33854.2
33854.4
33900.5
34354.3
34854.1
34959.4
35113.5
35192.6
35267.4
35455.5
35512.6
35513.212
35545.2
35545.4
35638.5
36045.3
36420.4
36545.1
36618.5
36773.4
36843.5
36915.6
36990.4
37186.5
37253.6
37254.212
37291.2
37291.4
37322.5
37782.4
37791.3
38126.5
38188.4
38205.5
38207.4
38291.1
38357.5
38605.4
38690.5
38755.6
38794.4
38926.5
38933.4
38945.5
39029.211
39029.6
39142.4
39227.5
39298.211
39298.6
39610.4
39690.5
39746.6
39747.212
39784.2
39784.4
39857.5
40284.3
40498.4
40633.5
40784.1
41174.4
41247.5
41256.4
41273.5
41389.4
41442.5
41496.6
41628.4
41703.5
41765.211
41765.6
42017.211
42017.6
42182.4
42258.5
42318.6
42319.212
42357.2
42357.4
42396.5
42857.3
43357.1
43633.4
43686.5
43939.4
44020.5
44076.6
44253.4
44319.5
44380.6
44381.212
44423.2
44423.4
44474.5
44923.3
45423.1
45504.4
45566.5
45622.6
45764.4
45838.5
45915.211
45915.6
46037.4
46136.5
46143.4
46153.5
46257.6
46258.212
46300.2
46300.4
46337.5
46800.3
47300.1
47646.4
47777.5
47840.6
47969.4
48116.5
48185.6
48186.212
48224.2
48224.4
48291.5
48724.3
49224.1
49243.4
49329.5
49480.6
49575.4
49752.5
49816.6
49817.212
49857.2
49857.4
49920.5
50357.3
50857.1
51089.6
51142.4
51400.5
51476.6
51477.212
51510.2
51510.4
51626.5
52010.3
52353.4
52438.5
52510.1
52624.4
52789.5
52802.4
52812.5
52815.4
52819.5
53010.4
53124.5
53233.6
53369.4
53472.5
53544.6
53545.212
53582.2
53582.4
53657.5
54082.3
54403.4
54467.5
54582.1
54992.4
54993.5
54994.4
55110.5
55194.6
55340.211
55340.6
55387.4
55492.5
55518.4
55536.5
55602.211
55602.6
55744.4
55871.5
55949.6
55950.212
55985.2
55985.4
56045.5
56464.4
56485.3
56524.5
56985.1
58661.6
58714.4
58754.5
58820.211
58820.6
59070.211
59070.6
59223.4
59266.5
59352.211
59352.6
59426.4
59564.5
59645.211
59645.6
59884.211
59884.6
59939.211
59939.6
59994.4
60140.5
60213.211
60213.6
60377.211
60377.6
60432.4
60566.5
60627.211
60627.6
60719.211
60719.6
60764.4
60877.5
60950.211
60950.6
61202.211
61202.6
61254.211
61254.6
61304.4
61469.5
61534.211
61534.6
61576.4
61698.5
61762.211
61762.6
61860.4
62033.5
62147.6
62148.212
62204.2
62204.4
62236.5
62704.3
63010.4
63035.5
63204.1
63475.6
63541.4
63665.5
63722.211
63722.6
63824.4
64038.5
64147.6
64148.212
64190.2
64190.4
64239.5
64690.3
64864.4
64977.5
65190.1
65770.6
65954.4
66028.5
66093.6
66094.212
66132.2
66132.4
66199.5
66632.3
66756.4
66858.5
67132.1
67180.6
67322.211
67322.6
67415.4
67523.5
67581.211
67581.6
67687.4
67854.5
67914.6
67915.212
67953.2
67953.4
68018.5
68453.3
68953.1
70009.6
70032.211
70032.6
70109.4
70221.5
70282.211
70282.6
70379.4
70498.5
70567.211
70567.6
70666.4
70730.5
70900.6
70901.212
70941.2
70941.4
71004.5
71441.3
71941.1
72118.4
72247.5
72470.4
72553.5
72763.4
72829.5
72925.6
73035.4
73162.5
73222.211
73222.6
73469.211
73469.6
73546.4
73715.5
73785.6
73786.212
73824.2
73824.4
73873.5
74324.3
74824.1
75259.4
75305.5
75457.4
75470.5
75704.6
75744.4
75846.5
75939.211
75939.6
76271.6
76272.212
76330.2
76330.4
76394.5
76830.3
77330.1
78374.6
78722.6
78723.212
78777.2
78777.4
78829.5
79159.4
79277.3
79418.5
79777.1
82578.6
82660.4
82748.5
82841.211
82841.6
82884.4
82992.5
83061.211
83061.6
83102.4
83221.5
83976.6
83977.212
84018.2
84018.4
84073.5
84518.3
84877.4
84989.5
85018.1
85350.4
85412.5
85492.6
85571.4
85734.5
85814.6
85815.212
85854.2
85854.4
85903.5
86354.3
86585.4
86748.5
86854.1
87413.4
87439.5
87574.6
87821.211
87821.6
87924.4
88022.5
88088.211
88088.6
88295.211
88295.6
88349.4
88445.5
88531.211
88531.6
88799.211
88799.6
88925.4
89072.5
89135.6
89136.212
89172.2
89172.4
89237.5
89672.3
90172.1
90367.6
90409.211
90409.6
90573.211
90573.6
90629.4
90765.5
90842.211
90842.6
90878.4
91032.5
91091.211
91091.6
91224.4
91359.5
91421.6
91422.212
91461.2
91461.4
91523.5
91961.3
92461.1
92806.4
92889.5
93268.6
93607.4
93685.5
93753.6
93754.212
93790.2
93790.4
93873.5
94290.3
94790.1
95166.4
95352.5
95418.6
95495.4
95630.5
95694.211
95694.6
95729.4
95870.5
95963.211
95963.6
96027.4
96418.5
96507.6
96508.212
96543.2
96543.4
96613.5
97043.3
97543.1
97966.6
98180.211
98180.6
98354.211
98354.6
98415.4
98417.5
98419.4
98491.5
98594.211
98594.6
98698.4
98882.5
98953.6
98954.212
98990.2
98990.4
99038.5
99490.3
99541.4
99871.5
99990.1
100143.6
100303.4
100441.5
100503.6
100504.212
100545.2
100545.4
100584.5
101045.3
101545.1
101884.4
101949.5
102390.4
102502.5
102708.4
102840.5
102917.6
103031.4
103202.5
103284.6
103285.212
103323.2
103323.4
103364.5
103823.3
103990.4
104136.5
104323.1
105093.4
105109.5
105116.4
105203.5
105273.6
105506.4
105580.5
105637.6
105638.212
105674.2
105674.4
105718.5
105871.4
105931.5
106174.3
106531.4
106553.5
106557.4
106640.5
106674.1
106784.4
107174.5
107430.4
107599.5
107681.6
107775.4
108033.5
108110.6
108111.212
108145.2
108145.4
108230.5
108565.4
108645.3
108790.5
109145.1
109307.4
109400.5
109594.6
109666.4
109861.5
109940.6
109941.212
109972.2
109972.4
110007.5
110472.3
110972.1
111482.4
111577.5
111796.6
112105.6
112106.212
112151.2
112151.4
112206.5
112651.3
113151.1
114071.4
114169.5
114243.6
114286.4
114417.5
114485.211
114485.6
114612.4
114691.5
114786.6
114787.212
114827.2
114827.4
114887.5
115327.3
115459.4
115530.5
115534.4
115541.5
115827.1
116485.6
116982.6
116983.212
117023.2
117023.4
117088.5
117523.3
118023.1
119038.6
119089.4
119213.5
119281.211
119281.6
119308.211
119308.6
119364.4
119447.5
119448.4
119532.5
119633.6
119634.212
119675.2
119675.4
119722.5
120175.3
120675.1
123406.6
123466.4
123526.5
123586.211
123586.6
123806.4
123854.5
123965.6
123966.212
123998.2
123998.4
124047.5
124498.3
124998.1
125334.6
125526.211
125526.6
125692.211
125692.6
125852.211
125852.6
126120.211
126120.6
126525.6
126526.212
126589.2
126589.4
126653.5
127089.3
127589.1
129195.6
129371.211
129371.6
129800.6
129801.212
129834.2
129834.4
129895.5
130334.3
130834.1
131767.4
131825.5
131905.6
132002.4
132185.5
132269.6
132270.212
132305.2
132305.4
132346.5
132805.3
133305.1
133892.6
133942.4
134012.5
134075.211
134075.6
134424.6
134425.212
134486.2
134486.4
134537.5
134986.3
135486.1
137128.6
137183.4
137195.5
137253.211
137253.6
137557.6
137558.212
137612.2
137612.4
137642.5
138112.3
138612.1
140677.6
140714.211
140714.6
141333.6
141334.212
141383.2
141383.4
141414.5
141883.3
142383.1
143694.6
143829.4
143842.5
144244.6
144245.212
144297.2
144297.4
144354.5
144797.3
145297.1
146670.6
147109.6
147110.212
147148.2
147148.4
147212.5
147648.3
148148.1
149798.6
150355.6
150356.212
150399.2
150399.4
150456.5
150790.4
150796.5
150802.4
150882.5
150899.3
150937.4
151077.5
151399.1
153777.6
154143.6
154144.212
154184.2
154184.4
154245.5
154684.3
154806.4
154810.5
154856.4
155001.5
155184.1
157531.6
157935.6
157936.212
157978.2
157978.4
158040.5
158478.3
158625.4
158728.5
158733.4
158791.5
158978.1
161330.6
162829.6
162830.212
162871.2
162871.4
162909.5
163371.3
163871.1
164678.6
165243.6
165244.212
165278.2
165278.4
165356.5
165441.4
165497.5
165778.3
165802.4
166025.5
166278.1
167772.6
168314.6
168315.212
168371.2
168371.4
168437.5
168871.3
169371.1
169935.4
170044.5
170251.6
170612.6
170613.212
170692.2
170692.4
170693.5
170695.4
170772.5
171192.3
171542.4
171657.5
171692.1
172867.6
173450.6
173451.212
173494.2
173494.4
173529.5
173994.3
174494.1
177213.6
177651.6
177652.212
177706.2
177706.4
177737.5
178206.3
178706.1
180000.9
123456789
10
03
15
10
03
15
14
FI
2
6
10
48
44
11
21
44
6
2
1387
0
0
0
314159265
57
1
359
180000
314159265
0.1
320.6
457.211
457.6
826.211
826.6
877.211
877.6
930.4
982.5
1057.211
1057.6
1410.211
1410.6
1438.211
1438.6
1469.211
1469.6
1550.4
1640.5
1721.211
1721.6
1765.4
1846.5
2073.211
2073.6
2163.4
2261.5
2314.211
2314.6
2672.211
2672.6
2727.4
2754.5
3134.6
3135.212
3193.2
3193.4
3235.5
3693.3
3985.4
4046.5
4193.1
4846.6
5235.211
5235.6
5341.4
5478.5
5543.211
5543.6
5584.4
5731.5
5800.211
5800.6
5992.211
5992.6
6213.4
6343.5
6410.6
6411.212
6448.2
6448.4
6505.5
6948.3
7014.4
7108.5
7448.1
7596.6
7772.4
7895.5
8016.6
8017.212
8083.6
8125.2
8125.4
8175.5
8625.3
8629.4
8795.5
9105.4
9125.1
9211.5
9326.6
9483.4
9641.5
9722.211
9722.6
9840.4
10015.5
10130.6
10131.212
10176.2
10176.4
10255.5
10676.3
10941.4
11053.5
11176.1
11438.4
11594.5
11662.6
11781.4
11931.5
12024.211
12024.6
12087.211
12087.6
12127.4
12253.5
12372.211
12372.6
12573.4
12731.5
12821.6
12822.212
12865.2
12865.4
12905.5
13365.3
13391.4
13576.5
13865.1
14032.4
14170.5
14255.6
14369.4
14530.5
14611.211
14611.6
14646.4
14812.5
14879.211
14879.6
14915.4
15098.5
15129.4
15173.5
15240.211
15240.6
15374.211
15374.6
15431.211
15431.6
15489.211
15489.6
15704.211
15704.6
15759.4
15967.5
16094.211
16094.6
16371.211
16371.6
16556.4
16623.5
16765.211
16765.6
16884.4
16978.5
17108.211
17108.6
17156.211
17156.6
17199.211
17199.6
17492.211
17492.6
17526.211
17526.6
17600.4
17712.5
17769.211
17769.6
17930.211
17930.6
18254.211
18254.6
18423.4
18476.5
18593.211
18593.6
18665.211
18665.6
18806.211
18806.6
18835.211
18835.6
18841.211
18841.6
18970.211
18970.6
19313.211
19313.6
19615.4
19709.5
19873.6
19874.212
19927.2
19927.4
19981.5
20411.4
20427.3
20468.5
20827.4
20927.1
21059.5
21064.4
21071.5
21082.4
21083.5
21469.4
21558.5
21646.6
21926.211
21926.6
21971.211
21971.6
22085.4
22238.5
22386.6
22387.212
22469.2
22469.4
22499.5
22789.4
22839.5
22969.3
22979.4
23082.5
23469.1
23535.4
23723.5
23784.6
23890.4
24038.5
24129.211
24129.6
24195.4
24401.5
24485.211
24485.6
24645.4
24776.5
24784.4
24797.5
24871.211
24871.6
24964.4
25226.5
25497.6
25498.212
25539.2
25539.4
25629.5
26039.3
26539.1
27038.4
27190.5
27268.6
27397.4
27484.5
27516.4
27592.5
27666.211
27666.6
27768.4
27906.5
27910.4
27960.5
28038.211
28038.6
28177.4
28339.5
28405.211
28405.6
28682.211
28682.6
28756.211
28756.6
28834.4
28956.5
28962.4
29052.5
29113.211
29113.6
29275.211
29275.6
29320.4
29601.5
29612.4
29665.5
29778.6
29779.212
29892.2
29892.4
29937.5
30392.3
30405.4
30458.5
30543.4
30656.5
30857.6
30892.1
30904.6
31375.6
31376.212
31431.2
31431.4
31471.5
31931.3
32208.4
32392.5
32412.4
32431.1
32564.5
32718.6
32908.4
33030.5
33106.211
33106.6
33247.4
33453.5
33467.4
33522.5
33597.6
33598.212
33638.2
33638.4
33698.5
34105.4
34138.3
34190.5
34567.4
34638.1
34642.5
34757.6
35123.4
35248.5
35308.6
35309.212
35348.2
35348.4
35395.5
35848.3
35986.4
36027.5
36348.1
36458.4
36550.5
36558.4
36569.5
36634.6
36788.211
36788.6
36835.4
36982.5
36986.4
37073.5
37135.211
37135.6
37239.4
37392.5
37404.4
37411.5
37523.211
37523.6
37700.211
37700.6
37755.4
37901.5
38161.6
38162.212
38198.2
38198.4
38258.5
38698.3
39007.4
39117.5
39198.1
39515.4
39666.5
39726.6
39875.4
40006.5
40065.211
40065.6
40322.4
40397.5
40463.211
40463.6
40619.4
40786.5
40795.4
40809.5
40873.6
40874.212
40912.2
40912.4
40967.5
41412.3
41912.1
42814.4
42865.5
45031.6
45078.4
45124.5
45356.211
45356.6
45465.4
45466.5
45468.4
45506.5
45560.211
45560.6
45677.211
45677.6
45806.211
45806.6
45831.211
45831.6
46101.211
46101.6
46360.211
46360.6
46477.211
46477.6
46535.4
46567.5
46840.4
46932.5
47010.6
47011.212
47049.2
47049.4
47109.5
47549.3
47724.4
47802.5
48049.1
48835.4
48876.5
48879.4
48895.5
48958.6
49170.211
49170.6
49270.211
49270.6
49395.4
49498.5
49564.211
49564.6
49644.4
49665.5
49667.4
49791.5
49866.211
49866.6
50125.211
50125.6
50182.4
50505.5
50576.6
50577.212
50613.2
50613.4
50683.5
51113.3
51354.4
51411.5
51613.1
52911.4
53034.5
53088.6
53126.4
53271.5
53339.211
53339.6
53376.4
53582.5
53674.211
53674.6
53835.4
53954.5
54011.211
54011.6
54066.4
54309.5
54315.4
54330.5
54421.6
54422.212
54457.2
54457.4
54522.5
54957.3
55196.4
55448.5
55457.1
55643.4
55823.5
55891.6
55925.4
56147.5
56216.211
56216.6
56257.4
56509.5
56587.211
56587.6
56711.4
56796.5
56867.211
56867.6
57010.4
57152.5
57245.211
57245.6
57371.4
57616.5
57622.4
57669.5
57769.6
57770.212
57807.2
57807.4
57875.5
58307.3
58524.4
58645.5
58807.1
59217.4
59316.5
59373.6
59585.4
59646.5
59708.211
59708.6
59853.4
60023.5
60082.211
60082.6
60170.4
60353.5
60374.4
60478.5
60568.6
60569.212
60610.2
60610.4
60657.5
61110.3
61191.4
61426.5
61432.4
61493.5
61610.1
62091.4
62223.5
62227.4
62232.5
62304.6
62486.4
62638.5
62702.211
62702.6
62746.4
62953.5
62962.4
62969.5
63047.211
63047.6
63414.4
63584.5
63645.6
63646.212
63683.2
63683.4
63733.5
64183.3
64592.4
64656.5
64683.1
64761.4
64988.5
65199.4
65375.5
65382.4
65451.5
65515.6
65635.4
65659.5
65853.211
65853.6
65928.4
66272.5
66399.6
66400.212
66444.2
66444.4
66519.5
66898.4
66944.3
67444.1
67487.5
67488.4
67543.5
67812.4
68153.5
68279.6
68356.4
68464.5
68467.4
68538.5
68615.211
68615.6
68767.4
68997.5
69059.6
69060.212
69094.2
69094.4
69163.5
69534.4
69594.3
69729.5
70094.1
70276.4
70336.5
70485.4
70684.5
70744.6
70836.4
71176.5
71234.6
71235.212
71273.2
71273.4
71316.5
71773.3
72165.4
72273.1
72355.5
72444.4
72578.5
72580.4
72605.5
72667.6
72742.4
73162.5
73239.6
73240.212
73279.2
73279.4
73323.5
73779.3
73988.4
74097.5
74120.4
74150.5
74279.1
74553.4
74868.5
74933.6
74971.4
75161.5
75162.4
75197.5
75260.211
75260.6
75360.4
75403.5
75406.4
75407.5
75410.4
75637.5
75700.6
75701.212
75736.2
75736.4
75808.5
76236.3
76736.1
77153.4
77240.5
77244.4
77305.5
77363.6
77511.4
77609.5
77622.4
77738.5
77798.6
77799.212
77836.2
77836.4
77875.5
78237.4
78336.3
78589.5
78836.1
79389.4
79526.5
79533.4
79544.5
79600.6
79754.211
79754.6
79866.4
80067.5
80136.211
80136.6
80174.4
80344.5
80433.211
80433.6
80469.4
80653.5
80734.211
80734.6
80780.4
81011.5
81073.211
81073.6
81345.4
81434.5
82338.6
82339.212
82382.2
82382.4
82435.5
82882.3
83382.1
83429.4
83583.5
83603.4
83608.5
83620.4
83622.5
84041.4
84161.5
84226.6
84283.4
84304.5
84306.4
84424.5
84433.4
84444.5
84507.211
84507.6
84641.4
84785.5
84853.211
84853.6
84906.4
84928.5
84930.4
85064.5
85284.6
85285.212
85326.2
85326.4
85377.5
85642.4
85696.5
85826.3
86139.4
86231.5
86274.4
86326.1
86385.5
86735.4
86893.5
86973.6
87096.4
87289.5
87371.211
87371.6
87558.211
87558.6
87599.211
87599.6
87667.4
87898.5
87957.211
87957.6
88124.4
88300.5
88392.6
88393.212
88427.2
88427.4
88483.5
88927.3
89427.1
89462.4
89546.5
89558.4
89567.5
89568.4
89569.5
89570.4
89576.5
89648.6
89937.211
89937.6
90253.211
90253.6
90346.4
90430.5
90618.211
90618.6
90662.4
90907.5
90981.211
90981.6
91281.4
91391.5
91483.6
91484.212
91523.2
91523.4
91555.5
92023.3
92523.1
92688.4
92829.5
92856.4
92876.5
93487.4
93639.5
93647.4
93714.5
93775.6
93852.4
94095.5
94163.211
94163.6
94268.4
94414.5
94422.4
94445.5
94537.211
94537.6
94689.4
94864.5
94973.6
94974.212
95013.2
95013.4
95053.5
95342.4
95395.5
95513.3
95933.4
96013.1
96473.5
96583.6
96643.4
96955.5
97017.6
97018.212
97054.2
97054.4
97099.5
97554.3
97847.4
98054.1
98255.5
98351.4
98374.5
98376.4
98381.5
98385.4
98541.5
98618.6
98954.4
99179.5
99295.6
99296.212
99357.2
99357.4
99359.5
99360.4
99392.5
99476.4
99534.5
99857.3
100062.4
100357.1
100640.5
100713.6
100751.4
101068.5
101139.6
101140.212
101186.2
101186.4
101216.5
101686.3
101935.4
102186.1
102251.5
103241.4
103257.5
103262.4
103333.5
103341.4
103345.5
103353.4
103356.5
103541.6
103694.211
103694.6
104038.211
104038.6
104109.4
104267.5
104270.4
104316.5
104382.211
104382.6
104424.4
104587.5
104648.211
104648.6
104725.4
104861.5
104934.211
104934.6
105022.4
105084.5
105253.211
105253.6
105294.4
105506.5
105511.4
105518.5
105521.4
105562.5
105622.211
105622.6
105690.4
105691.5
105692.4
105846.5
106021.211
106021.6
106368.211
106368.6
106612.211
106612.6
106719.4
106813.5
106873.211
106873.6
106946.4
107160.5
107615.6
107616.212
107658.2
107658.4
107704.5
107952.4
108018.5
108158.3
108241.4
108441.5
108658.1
108845.4
109085.5
109162.6
109292.4
109502.5
109559.211
109559.6
109653.4
109821.5
109824.4
109826.5
109890.211
109890.6
109968.4
110073.5
110263.211
110263.6
110353.4
110487.5
110657.211
110657.6
110840.211
110840.6
110998.4
111054.5
111224.211
111224.6
111270.211
111270.6
111333.4
111422.5
111477.211
111477.6
111843.211
111843.6
112010.211
112010.6
112068.4
112146.5
112281.211
112281.6
112726.6
112727.212
112768.2
112768.4
112852.5
113268.3
113768.1
115309.6
115754.6
115755.212
115794.2
115794.4
115900.5
116294.3
116327.4
116389.5
116794.1
117693.6
118589.6
118590.212
118628.2
118628.4
118694.5
119128.3
119628.1
120355.4
120608.5
120614.4
120619.5
120714.6
120780.4
120912.5
121040.4
121086.5
121376.6
121377.212
121412.2
121412.4
121461.5
121912.3
122078.4
122217.5
122318.4
122339.5
122366.4
122412.1
122520.5
122936.4
123069.5
123450.4
123510.5
123569.6
123719.4
123834.5
123840.4
123854.5
123925.211
123925.6
123992.4
124172.5
124291.211
124291.6
124370.4
124462.5
124650.211
124650.6
125000.211
125000.6
125147.4
125243.5
125301.211
125301.6
125482.211
125482.6
125626.4
125754.5
125963.6
125964.212
126001.2
126001.4
126038.5
126420.4
126501.3
126558.5
127001.1
128357.6
128509.211
128509.6
128592.4
128636.5
128981.6
128982.212
129016.2
129016.4
129084.5
129516.3
130016.1
130349.4
130445.5
130676.4
130783.5
130961.6
131394.6
131395.212
131433.2
131433.4
131474.5
131933.3
132069.4
132149.5
132433.1
132667.4
132712.5
132727.4
132730.5
133148.6
133741.6
133742.212
133783.2
133783.4
133855.5
134283.3
134473.4
134475.5
134480.4
134783.1
135067.5
135361.4
135446.5
136359.6
136421.4
136531.5
136629.211
136629.6
137012.211
137012.6
137088.4
137127.5
137330.211
137330.6
137560.211
137560.6
137888.211
137888.6
137932.4
138039.5
138144.211
138144.6
138354.211
138354.6
138813.6
138814.212
138867.2
138867.4
138907.5
139350.4
139367.3
139503.5
139867.1
140652.6
140977.211
140977.6
141178.211
141178.6
141504.211
141504.6
142173.6
142174.212
142215.2
142215.4
142276.5
142662.4
142715.3
142825.5
143215.1
143558.4
143584.5
143686.8
143969.6
144464.6
144465.212
144520.2
144520.4
144564.5
145020.3
145262.4
145388.5
145520.1
145838.4
145916.5
146411.4
146539.5
146598.6
146674.4
146759.5
147003.6
147004.212
147041.2
147041.4
147090.5
147541.3
148041.1
148355.4
148383.5
153871.6
154138.211
154138.6
154419.4
154469.5
154681.6
154682.212
154725.2
154725.4
154781.5
155225.3
155725.1
156183.4
156282.5
156429.6
156559.4
156659.5
156850.6
156851.212
156898.2
156898.4
157006.5
157398.3
157898.1
159429.6
159496.4
159659.5
159715.211
159715.6
159873.4
159949.5
160166.6
160167.212
160232.2
160232.4
160268.5
160732.3
161232.1
162004.4
162124.5
162185.6
162506.211
162506.6
162562.4
162747.5
162804.211
162804.6
162851.4
162936.5
163485.6
163486.212
163525.2
163525.4
163583.5
164025.3
164525.1
165000.4
165148.5
165212.6
165367.4
165550.5
165646.6
165647.212
165687.2
165687.4
165872.5
166187.3
166574.4
166687.1
166929.5
167102.4
167389.5
167500.6
167540.4
167786.5
167956.6
167957.212
167994.2
167994.4
168087.5
168494.3
168994.1
169184.4
169387.5
169475.6
169556.4
169823.5
169883.6
169884.212
169924.2
169924.4
169956.5
170424.3
170721.4
170730.5
170743.4
170924.1
170935.5
171201.6
171259.4
171634.5
171775.4
171847.5
171903.6
171904.212
171943.2
171943.4
171988.5
172443.3
172868.4
172943.1
173057.5
173205.4
173221.5
173224.4
173227.5
173232.4
173329.5
173399.6
173492.4
173673.5
173764.211
173764.6
173830.4
174013.5
174075.211
174075.6
174169.4
174332.5
174641.6
174642.212
174699.2
174699.4
174760.5
175199.3
175405.4
175562.5
175699.1
176053.6
176192.211
176192.6
176256.4
176401.5
176495.211
176495.6
176817.211
176817.6
176915.211
176915.6
177070.211
177070.6
177437.211
177437.6
177500.4
177728.5
177919.6
177920.212
177954.2
177954.4
177995.5
178454.3
178838.4
178954.1
178966.5
179443.6
179512.4
179637.5
179694.211
179694.6
179972.211
180000.9
123456789
10
04
15
10
04
15
14
FI
2
6
10
53
40
11
26
39
6
2
1536
0
0
0
314159265
72
1
439
180000
314159265
0.1
386.6
588.211
588.6
988.211
988.6
1047.4
1196.5
1276.211
1276.6
1321.4
1457.5
1601.211
1601.6
1698.4
1808.5
1875.211
1875.6
1929.4
1949.5
1952.4
2006.5
2160.211
2160.6
2327.4
2499.5
2607.6
2608.212
2662.2
2662.4
2718.5
3162.3
3523.4
3662.1
3816.5
4045.6
4214.4
4378.5
4443.211
4443.6
4479.4
4641.5
4720.211
4720.6
4827.4
5053.5
5139.6
5140.212
5178.2
5178.4
5229.5
5678.3
5834.4
6057.5
6178.1
6246.4
6526.5
6610.6
6643.4
6871.5
6946.211
6946.6
6996.4
7204.5
7256.4
7268.5
7382.6
7383.212
7449.2
7449.4
7529.5
7949.3
8171.4
8291.5
8449.1
8851.6
8983.4
9095.5
9179.211
9179.6
9220.4
9376.5
9450.211
9450.6
10079.6
10080.212
10116.2
10116.4
10216.5
10616.3
10903.4
11058.5
11116.1
11208.6
11317.4
11484.5
11548.211
11548.6
11624.4
11750.5
11757.4
11826.5
11908.211
11908.6
11949.4
11972.5
11985.4
12151.5
12208.211
12208.6
12274.4
12300.5
12301.4
12304.5
12311.4
12397.5
12544.211
12544.6
12680.4
12832.5
12899.211
12899.6
13038.211
13038.6
13098.4
13283.5
13357.211
13357.6
13503.4
13750.5
13836.6
13837.212
13872.2
13872.4
13940.5
14316.4
14372.3
14511.5
14707.6
14872.1
14898.4
15108.5
15187.6
15299.4
15518.5
15599.6
15600.212
15643.2
15643.4
15718.5
16143.3
16270.4
16271.5
16273.4
16629.5
16643.1
16773.6
16847.4
17123.5
17188.6
17189.212
17228.2
17228.4
17310.5
17728.3
17986.4
18110.5
18228.1
18840.4
19034.5
19100.6
19196.4
19308.5
19409.211
19409.6
19546.4
19694.5
19772.211
19772.6
19818.4
20034.5
20105.211
20105.6
20175.4
20297.5
20397.211
20397.6
20610.211
20610.6
20680.4
20866.5
20870.4
20970.5
21070.6
21071.212
21108.2
21108.4
21160.5
21608.3
21718.4
22021.5
22108.1
22194.4
22434.5
22503.6
22656.4
22878.5
22956.6
22957.212
22996.2
22996.4
23052.5
23097.4
23147.5
23496.3
23696.4
23967.5
23996.1
24138.6
24314.4
24464.5
24535.211
24535.6
24749.4
25003.5
25074.6
25075.212
25111.2
25111.4
25157.5
25611.3
25681.4
26111.1
26247.5
26330.6
26547.4
26814.5
26883.6
26884.212
26927.2
26927.4
27030.5
27427.3
27770.4
27927.1
27983.5
27984.4
27986.5
28684.4
28804.5
28876.6
28957.4
29304.5
29375.6
29376.212
29409.2
29409.4
29476.5
29909.3
30044.4
30319.5
30409.1
30543.4
30796.5
30857.6
30999.4
31120.5
31127.4
31167.5
31236.211
31236.6
31272.4
31478.5
31483.4
31499.5
31577.211
31577.6
31686.4
31930.5
32010.6
32011.212
32052.2
32052.4
32093.5
32552.3
32669.4
32673.5
32674.4
33040.5
33052.1
33242.4
33418.5
33484.6
33644.4
33908.5
33968.6
33969.212
34003.2
34003.4
34050.5
34503.3
34648.4
35003.1
35163.5
35244.6
35292.4
35470.5
35552.211
35552.6
35639.4
35850.5
35861.4
35923.5
36001.6
36002.212
36036.2
36036.4
36114.5
36536.3
36641.4
36917.5
37036.1
37153.4
37460.5
37535.6
37573.4
37802.5
37879.211
37879.6
37967.4
38221.5
38299.6
38300.212
38331.2
38331.4
38366.5
38831.3
39082.4
39320.5
39331.1
39454.6
39492.211
39492.6
39533.4
39808.5
39876.211
39876.6
39931.4
39934.5
39936.4
40124.5
40192.211
40192.6
40263.4
40464.5
40535.211
40535.6
40668.4
40968.5
41035.6
41036.212
41069.2
41069.4
41119.5
41552.4
41569.3
41622.5
41696.4
42025.5
42069.1
42298.4
42551.5
42626.6
42846.4
43098.5
43171.6
43172.212
43208.2
43208.4
43289.5
43708.3
43861.4
44208.1
44375.5
44455.6
44498.4
44803.5
44866.6
44867.212
44906.2
44906.4
44954.5
45262.4
45406.3
45554.5
45906.1
45959.4
46297.5
46370.6
46409.4
46697.5
46754.211
46754.6
46821.4
47028.5
47038.4
47247.5
47326.6
47327.212
47361.2
47361.4
47429.5
47751.4
47861.3
48160.5
48175.4
48199.5
48361.1
48399.4
48506.5
48511.4
48569.5
48633.6
48829.4
49047.5
49132.6
49133.212
49171.2
49171.4
49220.5
49671.3
49759.4
49860.5
50171.1
50530.4
50703.5
50760.6
50969.4
51118.5
51178.6
51179.212
51211.2
51211.4
51257.5
51711.3
51820.4
51824.5
51828.4
52211.1
52422.5
52597.6
52672.4
52821.5
52908.211
52908.6
52956.4
53116.5
53131.4
53314.5
53390.6
53391.212
53425.2
53425.4
53484.5
53925.3
54425.1
55125.4
55243.5
55408.4
55576.5
55653.6
55702.4
55782.5
55822.4
55864.5
55925.211
55925.6
56036.4
56231.5
56300.211
56300.6
56353.4
56508.5
56509.4
56558.5
56661.211
56661.6
56740.4
56899.5
57647.6
57648.212
57686.2
57686.4
57757.5
58186.3
58307.4
58666.5
58677.4
58686.1
58745.5
58868.6
58926.4
59128.5
59189.211
59189.6
59308.4
59459.5
59463.4
59491.5
59567.211
59567.6
59742.4
59866.5
59941.211
59941.6
60064.4
60067.5
60069.4
60214.5
60287.211
60287.6
60378.4
60559.5
60567.4
60589.5
60657.211
60657.6
60901.211
60901.6
61012.4
61291.5
61364.6
61365.212
61409.2
61409.4
61440.5
61909.3
62080.4
62204.5
62374.6
62409.1
62729.4
62827.5
62906.6
63038.4
63298.5
63371.6
63372.212
63404.2
63404.4
63473.5
63904.3
64014.4
64350.5
64404.1
64664.6
64747.4
64883.5
64892.4
64989.5
65062.211
65062.6
65188.4
65359.5
65425.211
65425.6
65485.4
65486.5
65490.4
65515.5
65655.211
65655.6
65815.4
66121.5
66217.6
66218.212
66257.2
66257.4
66289.5
66757.3
67062.4
67161.5
67257.1
67447.4
67647.5
67715.6
67751.4
68083.5
68139.6
68140.212
68178.2
68178.4
68234.5
68678.3
68813.4
68929.5
69178.1
69311.4
69430.5
69502.6
69645.211
69645.6
69677.4
69869.5
69931.211
69931.6
70047.4
70371.5
70437.6
70438.212
70471.2
70471.4
70538.5
70971.3
71108.4
71297.5
71471.1
71599.4
71879.5
71937.6
72043.4
72210.5
72283.211
72283.6
72403.4
72561.5
72570.4
72646.5
72714.6
72715.212
72749.2
72749.4
72797.5
73138.4
73249.3
73271.5
73574.6
73749.1
73813.4
74024.5
74085.6
74286.211
74286.6
74333.211
74333.6
74394.4
74616.5
74620.4
74651.5
74722.211
74722.6
74858.211
74858.6
74990.4
75262.5
75328.6
75329.212
75367.2
75367.4
75455.5
75857.4
75867.3
76100.5
76147.4
76205.5
76367.1
76389.4
76444.5
76448.4
76535.5
76539.4
76543.5
76749.6
76889.4
77130.5
77216.6
77217.212
77253.2
77253.4
77324.5
77753.3
77858.4
77971.5
78033.4
78253.1
78293.5
78466.6
78527.4
78741.5
78821.211
78821.6
78864.4
78994.5
79065.211
79065.6
79196.4
79388.5
79473.6
79474.212
79511.2
79511.4
79554.5
79997.4
80011.3
80284.5
80511.1
80565.4
80719.5
80794.6
80890.4
81124.5
81182.211
81182.6
81251.4
81440.5
81510.211
81510.6
81616.4
81840.5
81920.6
81921.212
81952.2
81952.4
82013.5
82452.3
82567.4
82782.5
82793.4
82831.5
82890.4
82919.5
82952.1
83196.4
83419.5
83480.6
83575.4
83719.5
83800.211
83800.6
83851.4
83979.5
84199.211
84199.6
85208.6
85209.212
85254.2
85254.4
85336.5
85754.3
85835.4
85943.5
86254.1
88875.6
88955.4
89083.5
89181.211
89181.6
89284.4
89403.5
89419.4
89431.5
89493.211
89493.6
89581.4
89782.5
89857.211
89857.6
89975.4
90078.5
90148.211
90148.6
90210.4
90304.5
90483.211
90483.6
90596.4
90812.5
90881.211
90881.6
91071.211
91071.6
91167.4
91372.5
91448.211
91448.6
91514.211
91514.6
91607.4
91751.5
91833.211
91833.6
91968.4
92232.5
92315.6
92316.212
92356.2
92356.4
92392.5
92747.4
92856.3
92932.5
93013.4
93194.5
93350.6
93356.1
93475.4
93666.5
93755.6
93840.4
94027.5
94035.4
94110.5
94177.6
94178.212
94212.2
94212.4
94272.5
94712.3
94921.4
94992.5
95212.1
95386.4
95585.5
95656.6
95778.4
96037.5
96100.6
96101.212
96141.2
96141.4
96206.5
96365.4
96462.5
96641.3
96990.4
97141.1
97172.5
97236.4
97366.5
97554.4
97803.5
97866.6
97978.4
98180.5
98246.211
98246.6
98403.4
98529.5
98602.211
98602.6
98733.4
98881.5
98962.211
98962.6
99066.4
99248.5
99276.4
99373.5
99445.6
99446.212
99485.2
99485.4
99552.5
99985.3
100069.4
100143.5
100485.1
100786.4
100967.5
101021.6
101161.4
101382.5
101442.6
101443.212
101478.2
101478.4
101540.5
101978.3
102186.4
102259.5
102478.1
102918.4
102979.5
103157.6
103213.4
103461.5
103533.211
103533.6
103680.4
103742.5
103808.211
103808.6
103964.4
104203.5
104270.6
104271.212
104309.2
104309.4
104362.5
104791.4
104809.3
104914.5
105132.4
105309.1
105405.5
105465.6
105567.4
105761.5
105839.211
105839.6
105876.4
106130.5
106132.4
106228.5
106288.6
106289.212
106324.2
106324.4
106396.5
106625.4
106824.3
107198.5
107324.1
107360.6
107405.4
107625.5
107690.211
107690.6
107849.4
108045.5
108054.4
108171.5
108236.6
108237.212
108276.2
108276.4
108339.5
108560.4
108633.5
108776.3
108777.4
109276.1
109377.5
109461.6
109502.4
109811.5
109885.6
109886.212
109924.2
109924.4
109970.5
110191.4
110424.3
110579.5
110680.6
110737.4
110924.1
110994.5
111004.4
111044.5
111115.6
111161.4
111327.5
111426.211
111426.6
111479.4
111976.5
112061.6
112062.212
112098.2
112098.4
112145.5
112492.4
112598.3
112766.5
112941.4
113098.1
113184.5
113263.6
113333.4
113556.5
113561.4
113631.5
113717.6
113718.212
113751.2
113751.4
113794.5
114080.4
114251.3
114690.5
114751.1
114772.6
114820.4
115136.5
115148.4
115228.5
115306.6
115307.212
115332.2
115332.4
115424.5
115832.3
115907.4
116156.5
116178.4
116203.5
116211.4
116235.5
116237.4
116243.5
116247.4
116251.5
116305.4
116332.1
116398.5
116500.6
116585.4
116804.5
116866.211
116866.6
116941.4
117058.5
117137.211
117137.6
117194.4
117459.5
117476.4
117581.5
117656.6
117657.212
117690.2
117690.4
117751.5
118120.4
118190.3
118275.5
118616.4
118690.1
118764.5
118780.4
118877.5
118941.6
119023.4
119243.5
119259.4
119331.5
119396.6
119397.212
119433.2
119433.4
119477.5
119933.3
120029.4
120125.5
120433.1
120597.4
120688.5
120852.4
121005.5
121013.4
121026.5
121098.6
121162.4
121288.5
121290.4
121419.5
121488.211
121488.6
121524.4
121845.5
121928.6
121929.212
121961.2
121961.4
122009.5
122401.4
122461.3
122510.5
122961.1
123080.4
123356.5
123442.6
123517.4
123813.5
123882.6
123883.212
123921.2
123921.4
123976.5
124192.4
124196.5
124199.4
124358.5
124421.3
124633.4
124846.5
124921.1
126584.6
126640.4
126747.5
126748.4
126753.5
126781.4
126913.5
126993.6
126994.212
127029.2
127029.4
127073.5
127529.3
127615.4
127958.5
127997.4
128029.1
128130.5
128205.6
128280.4
128464.5
128548.211
128548.6
128615.4
128901.5
128973.6
128974.212
129005.2
129005.4
129078.5
129505.3
129664.4
129787.5
130005.1
130397.4
130540.5
130609.6
130675.4
130853.5
130867.4
130907.5
131003.211
131003.6
131042.4
131248.5
131317.211
131317.6
131396.4
131537.5
131611.211
131611.6
131702.4
131955.5
132032.6
132033.212
132066.2
132066.4
132145.5
132243.4
132566.3
132731.5
132782.4
132933.5
132938.4
132991.5
133066.1
133069.6
133112.4
133427.5
133523.6
133524.212
133562.2
133562.4
133602.5
133930.4
134062.3
134311.5
134386.6
134502.4
134562.1
134666.5
134743.6
134859.4
135064.5
135138.211
135138.6
135245.4
135478.5
135548.6
135549.212
135591.2
135591.4
135626.5
135895.4
136091.3
136091.5
136092.4
136097.5
136107.4
136134.5
136135.4
136138.5
136196.4
136316.5
136446.6
136529.6
136591.1
136643.4
136742.5
136814.6
136992.4
137170.5
137246.6
137247.212
137285.2
137285.4
137325.5
137643.4
137785.3
137988.5
138036.4
138285.1
138336.5
138338.4
138460.5
138559.6
138625.4
138920.5
139060.4
139073.5
139076.4
139087.5
139090.4
139212.5
139231.4
139323.5
139383.6
139384.212
139419.2
139419.4
139506.5
139919.3
139928.4
140140.5
140419.1
140539.4
140718.5
140783.6
140860.4
141176.5
141267.6
141268.212
141301.2
141301.4
141732.5
141801.3
141814.6
141871.4
142013.5
142014.4
142173.5
142244.6
142301.1
142331.4
142620.5
142708.6
142751.4
143006.5
143085.211
143085.6
143143.4
143345.5
143378.4
143460.5
143538.6
143539.212
143576.2
143576.4
143625.5
143774.4
143836.5
144076.3
144337.4
144363.5
144367.4
144371.5
144576.1
144735.4
144932.5
145094.4
145261.5
145321.6
145439.4
145700.5
145789.6
145790.212
145824.2
145824.4
145877.5
146324.3
146383.4
146486.5
146672.8
146813.4
146824.1
146888.5
147228.4
147390.5
147450.6
147623.4
147773.5
147779.4
147809.5
147877.6
147878.212
147917.2
147917.4
147983.5
148392.4
148417.3
148482.5
148917.1
153255.6
153304.4
153388.5
153475.211
153475.6
153805.211
153805.6
153919.4
154159.5
154227.6
154228.212
154260.2
154260.4
154325.5
154760.3
155260.1
155574.6
155705.4
155774.5
155840.211
155840.6
155914.4
156066.5
156159.211
156159.6
156230.4
156467.5
156540.211
156540.6
156612.4
156843.5
157122.6
157123.212
157169.2
157169.4
157238.5
157669.3
158169.1
158929.6
159062.4
159414.5
159483.6
159484.212
159519.2
159519.4
159551.5
159957.4
159962.5
159965.4
160019.3
160118.5
160519.1
160816.6
160941.4
161068.5
161125.211
161125.6
161212.4
161442.5
161502.211
161502.6
161612.4
161748.5
161901.211
161901.6
162016.4
162271.5
162324.6
162325.212
162358.2
162358.4
162401.5
162849.4
162858.3
162996.5
163358.1
163565.4
163708.5
164070.6
164202.4
164474.5
164532.6
164533.212
164569.2
164569.4
164620.5
165024.4
165069.3
165230.5
165569.1
166551.6
166851.211
166851.6
166917.4
167109.5
167165.211
167165.6
167239.4
167454.5
167518.211
167518.6
167571.4
167760.5
167851.211
167851.6
167895.4
167910.5
167911.4
167916.5
167920.4
167942.5
167951.4
167955.5
167956.4
168052.5
168132.211
168132.6
168301.4
168376.5
168447.211
168447.6
168518.4
168695.5
168879.6
168880.212
168919.2
168919.4
168997.5
169306.4
169419.3
169649.5
169919.1
170019.4
170240.5
170395.6
170482.4
170635.5
170865.6
170866.212
170920.2
170920.4
170966.5
171420.3
171920.1
172055.4
172227.5
172374.4
172593.5
172731.4
172846.5
173154.6
173245.4
173561.5
173656.6
173657.212
173689.2
173689.4
173740.5
174189.3
174279.4
174447.5
174689.1
174804.6
175101.4
175194.5
175261.6
175262.212
175299.2
175299.4
175359.5
175740.4
175799.3
175812.5
175984.4
176231.5
176299.1
176737.4
177006.5
177133.6
177182.4
177386.5
177461.211
177461.6
177518.4
177799.5
177857.211
177857.6
177900.4
178176.5
178255.211
178255.6
178397.211
178397.6
178440.4
178610.5
178619.4
178655.5
178733.211
178733.6
178767.4
179030.5
179101.211
179101.6
179168.4
179360.5
179432.211
179432.6
179527.4
179774.5
179838.6
179839.212
179870.2
179870.4
180000.9
123456789
10
05
15
10
05
15
14
FI
2
6
10
52
37
11
25
37
6
2
1467
0
0
0
314159265
37
0
354
180000
314159265
0.1
522.6
929.211
929.6
994.4
1119.5
1179.211
1179.6
1710.6
1711.212
1774.2
1774.4
1826.5
2089.4
2172.5
2274.3
2729.4
2774.1
2940.5
3271.4
3454.5
3543.6
3654.4
3829.5
3911.211
3911.6
3976.4
4155.5
4323.4
4470.5
4563.6
4564.212
4607.2
4607.4
4670.5
5107.3
5273.4
5597.5
5607.1
5902.4
6076.5
6201.6
6317.4
6656.5
6750.6
6751.212
6795.2
6795.4
6849.5
7295.3
7632.4
7789.5
7795.1
8134.4
8238.5
8314.6
8408.4
8527.5
8612.211
8612.6
8751.4
8851.5
8869.4
8882.5
8962.211
8962.6
9092.4
9174.5
9180.4
9243.5
9328.211
9328.6
9373.4
9487.5
9495.4
9640.5
9712.211
9712.6
9859.4
10013.5
10084.211
10084.6
10125.4
10347.5
10368.4
10420.5
10478.211
10478.6
10556.4
10720.5
10793.4
10868.5
10957.211
10957.6
11121.4
11272.5
11358.211
11358.6
11407.4
11644.5
11733.211
11733.6
11780.4
11953.5
12080.211
12080.6
12118.211
12118.6
12168.4
12387.5
12459.211
12459.6
12595.4
12856.5
12934.211
12934.6
13062.4
13280.5
13407.211
13407.6
13453.211
13453.6
13517.211
13517.6
13702.4
13852.5
13947.211
13947.6
13995.4
14176.5
14189.4
14245.5
14363.211
14363.6
14436.4
14659.5
14733.211
14733.6
14776.4
14791.5
14795.4
14799.5
14802.4
15007.5
15084.211
15084.6
15758.4
15775.5
15779.4
15813.5
15887.6
15888.212
15932.2
15932.4
15986.5
16432.3
16498.4
16499.5
16501.4
16766.5
16783.4
16829.5
16932.1
17006.6
17079.4
17493.5
17567.6
17568.212
17607.2
17607.4
17670.5
18107.3
18157.4
18334.5
18592.4
18607.1
18719.5
18797.6
18838.4
19041.5
19108.211
19108.6
19217.4
19495.5
19565.211
19565.6
19680.4
19871.5
19984.211
19984.6
20051.4
20052.5
20053.4
20199.5
20342.211
20342.6
20565.211
20565.6
20630.4
20753.5
20819.211
20819.6
20883.4
20979.5
21098.211
21098.6
21287.4
21484.5
21566.211
21566.6
21612.4
21617.5
21622.4
21635.5
21638.4
21872.5
21933.211
21933.6
21997.4
22057.5
22124.211
22124.6
22324.4
22451.5
22522.211
22522.6
22665.211
22665.6
22862.4
22916.5
23061.211
23061.6
23128.4
23282.5
23286.4
23317.5
23414.211
23414.6
23517.4
23646.5
23650.4
23651.5
23722.211
23722.6
23863.4
24057.5
24153.211
24153.6
24215.211
24215.6
24427.4
24626.5
24702.211
24702.6
24919.211
24919.6
25058.211
25058.6
25288.211
25288.6
25417.211
25417.6
25705.211
25705.6
25792.211
25792.6
26100.211
26100.6
26230.211
26230.6
26354.211
26354.6
26408.211
26408.6
26615.211
26615.6
26803.211
26803.6
26861.4
26928.5
27173.211
27173.6
27210.211
27210.6
27315.4
27473.5
27586.211
27586.6
27718.4
27841.5
28018.211
28018.6
28047.211
28047.6
28074.211
28074.6
28364.211
28364.6
28812.211
28812.6
29100.211
29100.6
29481.211
29481.6
29640.4
29768.5
29853.211
29853.6
30472.6
30473.212
30510.2
30510.4
30557.5
31010.3
31400.4
31497.5
31510.1
31915.4
32050.5
32319.4
32371.5
32446.6
32619.4
32776.5
32843.211
32843.6
32948.4
33004.5
33208.211
33208.6
33242.211
33242.6
33313.4
33499.5
33571.211
33571.6
33680.4
33790.5
34064.4
34173.5
34241.6
34242.212
34283.2
34283.4
34363.5
34783.3
35165.4
35274.5
35283.1
35538.4
35752.5
35841.6
35892.211
35892.6
36063.4
36162.5
36168.4
36197.5
36203.4
36294.5
36370.211
36370.6
36461.4
36656.5
36723.211
36723.6
36844.211
36844.6
36905.4
37018.5
37128.211
37128.6
37245.4
37435.5
37509.211
37509.6
37766.211
37766.6
37837.4
38043.5
38112.211
38112.6
38449.211
38449.6
38510.4
38721.5
38775.211
38775.6
38938.211
38938.6
39199.211
39199.6
40410.6
40411.212
40452.2
40452.4
40535.5
40952.3
41159.4
41452.1
41526.5
41550.4
41951.5
42040.6
42076.4
42577.5
42668.6
42669.212
42705.2
42705.4
42763.5
43144.4
43205.3
43577.5
43595.4
43705.1
43737.5
43819.6
43865.4
44024.5
44123.211
44123.6
44169.4
44400.5
44421.4
44488.5
44567.211
44567.6
44684.4
44957.5
45064.211
45064.6
45398.211
45398.6
45440.4
45705.5
45779.211
45779.6
45821.4
46076.5
46224.211
46224.6
46273.4
46541.5
46639.211
46639.6
46698.4
46881.5
46966.211
46966.6
47122.4
47308.5
47382.211
47382.6
47436.4
47439.5
47440.4
47750.5
47814.211
47814.6
47954.4
48050.5
48203.211
48203.6
48278.4
48562.5
48723.6
48724.212
48763.2
48763.4
48826.5
48924.4
48971.5
49263.3
49626.4
49724.5
49763.1
49830.4
50102.5
50254.4
50499.5
50580.6
50648.4
50838.5
50933.211
50933.6
51013.4
51128.5
51288.211
51288.6
51322.211
51322.6
51399.4
51564.5
51566.4
51636.5
51694.211
51694.6
51862.4
52044.5
52132.211
52132.6
52233.4
52454.5
52546.211
52546.6
52646.4
52914.5
52995.211
52995.6
53071.4
53288.5
53338.4
53420.5
53519.6
53520.212
53565.2
53565.4
53618.5
54065.3
54246.4
54396.5
54565.1
54931.4
55104.5
55190.6
55270.4
55510.5
55591.211
55591.6
55764.4
55880.5
55883.4
55978.5
56074.211
56074.6
56272.4
56445.5
56529.211
56529.6
56631.4
56830.5
56990.211
56990.6
57169.4
57303.5
57318.4
57333.5
57401.211
57401.6
57580.211
57580.6
57850.211
57850.6
57920.4
58052.5
58097.4
58204.5
58275.211
58275.6
59076.6
59077.212
59119.2
59119.4
59181.5
59619.3
60032.4
60119.1
60202.5
60217.4
60317.5
60422.6
60613.4
60749.5
60843.211
60843.6
60944.4
61098.5
61178.211
61178.6
61393.4
61560.5
61647.211
61647.6
61923.211
61923.6
62012.4
62223.5
62288.211
62288.6
62340.4
62519.5
62612.211
62612.6
62919.211
62919.6
62961.211
62961.6
63015.4
63265.5
63322.211
63322.6
63382.4
63515.5
63841.6
63842.212
63880.2
63880.4
63933.5
64380.3
64470.4
64880.1
65048.5
65132.6
65450.211
65450.6
65624.4
65846.5
65922.211
65922.6
65966.4
66259.5
66328.211
66328.6
66421.4
66535.5
66558.4
66719.5
66793.211
66793.6
67067.4
67173.5
67176.4
67199.5
67267.211
67267.6
67396.4
67499.5
67567.211
67567.6
67640.4
67800.5
67886.211
67886.6
68137.211
68137.6
68201.211
68201.6
68503.211
68503.6
68567.4
69112.5
69179.6
69180.212
69224.2
69224.4
69266.5
69724.3
69998.4
70061.5
70224.1
70627.6
70695.4
70957.5
71014.211
71014.6
71121.4
71169.5
71172.4
71173.5
71277.211
71277.6
71538.211
71538.6
72508.6
72509.212
72558.2
72558.4
72588.5
73058.3
73080.4
73189.5
73195.4
73218.5
73558.1
73951.6
74141.211
74141.6
74299.4
74376.5
74430.211
74430.6
74840.211
74840.6
75096.211
75096.6
75597.6
75598.212
75638.2
75638.4
75687.5
76138.3
76435.4
76512.5
76638.1
76953.4
77029.5
77087.6
77411.4
77453.5
77516.211
77516.6
77705.211
77705.6
77773.4
77893.5
77972.211
77972.6
78122.4
78197.5
78260.211
78260.6
78389.4
78496.5
78565.211
78565.6
78650.211
78650.6
78814.211
78814.6
78918.4
79035.5
79113.211
79113.6
79443.211
79443.6
79499.4
79661.5
79720.211
79720.6
79952.211
79952.6
80214.211
80214.6
80380.4
80463.5
80558.211
80558.6
80730.211
80730.6
80952.211
80952.6
81048.4
81139.5
81244.211
81244.6
81599.211
81599.6
81643.4
81767.5
81841.211
81841.6
81985.4
82059.5
82133.211
82133.6
82924.6
82925.212
82966.2
82966.4
83014.5
83466.3
83796.4
83959.5
83966.1
83976.4
84121.5
84320.4
84454.5
84532.6
85160.4
85240.5
85297.6
85298.212
85337.2
85337.4
85426.5
85721.4
85837.3
85876.5
85900.4
85978.5
86244.6
86296.4
86337.1
86449.5
86557.6
86664.4
86759.5
86854.211
86854.6
86944.4
87033.5
87188.211
87188.6
87233.211
87233.6
87352.211
87352.6
87493.211
87493.6
87559.4
87661.5
87732.211
87732.6
87899.211
87899.6
88142.211
88142.6
88188.4
88277.5
88331.211
88331.6
88471.211
88471.6
88497.211
88497.6
88781.211
88781.6
88886.4
88970.5
89347.6
89348.212
89407.2
89407.4
89462.5
89827.4
89907.3
89930.5
89933.4
90021.5
90407.1
94017.6
94207.211
94207.6
94269.4
94539.5
94605.211
94605.6
94800.211
94800.6
94856.4
95094.5
95178.211
95178.6
95300.4
95398.5
95593.211
95593.6
95735.4
95805.5
95888.211
95888.6
96055.211
96055.6
96417.211
96417.6
96719.211
96719.6
96987.211
96987.6
97044.211
97044.6
97276.211
97276.6
97821.6
97822.212
97875.2
97875.4
97930.5
98375.3
98595.4
98620.5
98875.1
101897.6
102630.6
102631.212
102673.2
102673.4
102720.5
103173.3
103673.1
105051.6
105339.211
105339.6
105593.4
105707.5
105784.211
105784.6
105858.4
105911.5
106151.211
106151.6
106760.6
106761.212
106802.2
106802.4
106869.5
107302.3
107802.1
108255.4
108462.5
108535.6
108611.4
108854.5
108929.211
108929.6
108996.4
109345.5
109422.211
109422.6
109481.4
109836.5
109898.211
109898.6
109974.4
109993.5
109997.4
110000.5
110005.4
110148.5
110231.211
110231.6
110358.4
110549.5
110622.211
110622.6
110684.4
110699.5
110702.4
110706.5
110713.4
110720.5
110723.4
110997.5
111008.4
111030.5
111088.211
111088.6
111176.4
111452.5
111539.211
111539.6
111599.4
111827.5
111891.4
111917.5
111948.4
111954.5
112062.6
112063.212
112101.2
112101.4
112141.5
112601.3
112735.4
113101.1
113529.5
113616.6
113695.4
113822.5
113828.4
113961.5
114032.211
114032.6
114110.4
114312.5
114413.211
114413.6
114817.211
114817.6
115054.211
115054.6
115618.6
115619.212
115680.2
115680.4
115711.5
116180.3
116557.4
116680.1
116733.5
117004.4
117193.5
117294.6
117488.4
117670.5
117740.211
117740.6
117824.4
117999.5
118088.211
118088.6
118419.211
118419.6
118635.211
118635.6
118703.4
118806.5
118870.211
118870.6
119039.211
119039.6
119168.211
119168.6
119298.4
119444.5
119505.211
119505.6
119629.211
119629.6
119727.211
119727.6
119792.4
119962.5
120084.211
120084.6
120442.211
120442.6
120496.4
120644.5
120735.211
120735.6
120798.4
121022.5
121112.211
121112.6
121189.4
121196.5
121198.4
121296.5
121458.211
121458.6
121719.211
121719.6
121998.211
121998.6
122213.211
122213.6
122609.211
122609.6
122666.4
122748.5
122818.211
122818.6
123125.211
123125.6
123238.211
123238.6
123454.211
123454.6
124764.6
124765.212
124807.2
124807.4
124854.5
125307.3
125364.4
125580.5
125807.1
127669.6
128089.211
128089.6
128179.4
128313.5
128387.211
128387.6
128502.4
128525.5
128837.211
128837.6
129104.211
129104.6
129354.211
129354.6
129610.211
129610.6
129989.211
129989.6
130048.4
130121.5
130702.6
130703.212
130743.2
130743.4
130798.5
131243.3
131743.1
131988.4
132083.5
132167.6
132916.6
132917.212
132964.2
132964.4
132997.5
133276.4
133371.5
133464.3
133512.4
133714.5
133749.4
133857.5
133964.1
134679.6
135238.6
135239.212
135298.2
135298.4
135329.5
135785.4
135798.3
135850.5
136293.6
136298.1
136351.6
136989.6
136990.212
137035.2
137035.4
137099.5
137535.3
138035.1
138257.4
138320.5
138327.4
138328.5
138556.4
138668.5
139179.6
139405.211
139405.6
139509.211
139509.6
139705.211
139705.6
139972.211
139972.6
140297.211
140297.6
140625.211
140625.6
140697.4
140777.5
141088.4
141169.5
141460.6
141461.212
141506.2
141506.4
141537.5
141993.4
141994.5
141998.4
142006.3
142276.5
142506.1
142655.6
142966.211
142966.6
143075.4
143237.5
143323.211
143323.6
143466.4
143599.5
143606.4
143607.5
143609.4
143711.5
143778.211
143778.6
143866.4
144095.5
144181.211
144181.6
144289.4
144545.5
144643.211
144643.6
144695.4
144839.5
144850.4
144878.5
144935.211
144935.6
145113.211
145113.6
145166.4
145374.5
145446.211
145446.6
145579.211
145579.6
145830.211
145830.6
145928.4
146010.5
146282.211
146282.6
146702.211
146702.6
146948.211
146948.6
147014.4
147143.5
147205.211
147205.6
147299.4
147341.5
147470.4
147519.5
147590.211
147590.6
147657.4
147741.5
147751.4
147895.5
147954.211
147954.6
148099.4
148275.5
148329.211
148329.6
148386.4
148396.5
148398.4
148460.5
148468.4
148546.5
148548.4
148637.5
148640.4
148645.5
148649.4
148651.5
148655.4
148673.5
148676.4
148677.5
148679.4
148724.5
148799.211
148799.6
148894.4
149082.5
149133.4
149212.5
149274.211
149274.6
149328.4
149339.5
149342.4
149351.5
149365.4
149368.5
149372.4
149517.5
149616.211
149616.6
149749.4
149774.5
149781.4
149858.5
149944.211
149944.6
150049.4
150053.5
150060.4
150061.5
150072.4
150080.5
150081.4
150134.5
150308.4
150381.5
150524.4
150587.5
150592.4
150664.5
151081.4
151157.5
151531.6
151532.212
151573.2
151573.4
151620.5
152073.3
152573.1
155065.6
155127.4
155177.5
155763.6
155764.212
155814.2
155814.4
155852.5
156314.3
156360.4
156814.1
157003.5
157192.4
157448.5
159999.6
160300.211
160300.6
160383.4
160583.5
160654.211
160654.6
160733.4
161047.5
161152.211
161152.6
161448.211
161448.6
161503.4
161689.5
161836.211
161836.6
162025.4
162087.5
162211.211
162211.6
163252.6
163253.212
163298.2
163298.4
163362.5
163798.3
164256.4
164298.1
164689.5
164897.4
165229.5
165297.6
165378.4
165620.5
165751.211
165751.6
165829.4
166122.5
166187.4
166296.5
166368.6
166369.212
166417.2
166417.4
166452.5
166917.3
167417.1
167531.4
167664.5
167977.4
168150.5
168220.6
168283.4
168466.5
168546.211
168546.6
168693.4
168706.5
168715.4
168843.5
168964.211
168964.6
169253.211
169253.6
169429.211
169429.6
170015.6
170016.212
170053.2
170053.4
170096.5
170553.3
170657.4
171036.5
171053.1
171054.4
171072.5
171114.4
171259.5
171416.6
171464.4
171696.5
171767.211
171767.6
171844.4
171886.5
171888.4
172027.5
172106.211
172106.6
172243.211
172243.6
172285.4
172514.5
172593.211
172593.6
172660.4
172715.5
172731.4
172779.5
172873.211
172873.6
172975.4
173105.5
173513.6
173514.212
173557.2
173557.4
173605.5
174057.3
174224.4
174226.5
174557.1
174978.4
175004.5
175012.4
175176.5
175187.4
175216.5
175426.4
175447.5
175643.6
176016.211
176016.6
176679.6
176680.212
176725.2
176725.4
176757.5
177225.3
177336.4
177664.5
177724.4
177725.1
177782.5
178259.4
178470.5
178513.4
178572.5
178740.4
178897.5
179082.6
179152.4
179388.5
179478.211
179478.6
179659.211
179659.6
179917.211
179917.6
180000.9
123456789
10
06
15
10
06
15
14
FI
2
6
10
49
31
11
22
32
6
2
1119
0
0
0
314159265
46
1
252
180000
314159265
0.1
356.6
921.6
922.212
967.2
967.4
1045.5
1467.3
1668.4
1672.5
1674.4
1894.5
1967.1
2156.4
2275.5
2445.4
2546.5
2893.6
2948.4
3165.5
3253.211
3253.6
3636.211
3636.6
3702.4
3895.5
4344.6
4345.212
4391.2
4391.4
4419.5
4891.3
4965.4
5082.5
5253.4
5334.5
5391.1
5650.4
5764.5
5858.6
6081.211
6081.6
6296.4
6553.5
6635.6
6636.212
6691.2
6691.4
6744.5
7134.4
7191.3
7342.5
7640.4
7691.1
7820.5
7889.6
8010.4
8237.5
8300.211
8300.6
8446.211
8446.6
8527.4
8669.5
8717.4
8760.5
8766.4
8853.5
8945.211
8945.6
9109.211
9109.6
9141.211
9141.6
9342.211
9342.6
9528.211
9528.6
9692.211
9692.6
9783.4
9924.5
9943.4
9955.5
10024.211
10024.6
10457.211
10457.6
10534.4
10609.5
10768.211
10768.6
11145.211
11145.6
11718.6
11719.212
11762.2
11762.4
11823.5
12262.3
12536.4
12577.5
12762.1
14202.6
14418.211
14418.6
14833.211
14833.6
15186.211
15186.6
15678.211
15678.6
15896.4
15940.5
16160.211
16160.6
16188.211
16188.6
16250.4
16338.5
16467.211
16467.6
16911.211
16911.6
17301.211
17301.6
17461.211
17461.6
17820.211
17820.6
18161.4
18246.5
18483.6
18484.212
18547.2
18547.4
18552.5
18556.4
18605.5
19047.3
19123.4
19547.1
19582.5
19739.6
21008.6
21009.212
21056.2
21056.4
21095.5
21492.4
21556.3
21874.5
22056.1
22260.6
23088.6
23089.212
23138.2
23138.4
23187.5
23638.3
23792.4
23902.5
24138.1
24503.6
24606.4
24774.5
24919.211
24919.6
25261.211
25261.6
25417.211
25417.6
25557.4
25683.5
25801.211
25801.6
26217.4
26305.5
26431.6
26432.212
26501.2
26501.4
26539.5
27001.3
27044.4
27155.5
27421.6
27501.1
27680.6
27727.4
27754.5
27759.4
27870.5
28059.211
28059.6
28124.4
28175.5
28189.4
28269.5
28383.211
28383.6
28595.4
28771.5
28839.211
28839.6
29097.211
29097.6
29146.211
29146.6
29262.4
29388.5
29460.211
29460.6
29787.211
29787.6
29858.211
29858.6
30255.211
30255.6
30297.4
30382.5
30385.4
30428.5
30436.4
30498.5
30586.211
30586.6
30631.211
30631.6
31056.4
31084.5
31145.6
31146.212
31184.2
31184.4
31293.5
31684.3
31869.4
32074.5
32097.4
32118.5
32184.1
32751.6
32793.4
32899.5
33972.6
33973.212
34012.2
34012.4
34076.5
34512.3
34716.4
34893.5
35012.1
35889.6
36323.4
36335.5
36400.6
36401.212
36450.2
36450.4
36518.5
36950.3
37450.1
37757.6
37991.211
37991.6
38571.6
38572.212
38612.2
38612.4
38666.5
39112.3
39612.1
39707.6
39752.4
39805.5
40179.211
40179.6
40231.4
40233.5
40237.4
40266.5
40621.211
40621.6
41061.211
41061.6
41484.211
41484.6
41679.211
41679.6
41840.211
41840.6
41929.211
41929.6
42256.211
42256.6
42686.211
42686.6
43013.211
43013.6
43296.211
43296.6
43348.4
43408.5
43682.211
43682.6
43958.211
43958.6
44383.211
44383.6
44726.211
44726.6
44865.211
44865.6
45276.211
45276.6
45429.211
45429.6
45796.211
45796.6
46057.4
46169.5
46181.4
46306.5
46427.6
46428.212
46475.2
46475.4
46529.5
46938.4
46975.3
47019.5
47475.1
47661.4
47727.5
47812.6
48850.6
48851.212
48898.2
48898.4
48959.5
49398.3
49613.4
49788.5
49898.1
50549.4
50680.5
50683.4
50685.5
50759.8
51134.6
52469.6
52470.212
52510.2
52510.4
52549.5
53010.3
53206.4
53306.5
53510.1
53635.4
53739.5
53836.6
53974.4
54157.5
54235.211
54235.6
54357.4
54547.5
54630.211
54630.6
54769.4
54799.5
54806.4
54934.5
54940.4
54949.5
55099.211
55099.6
55419.211
55419.6
56161.6
56162.212
56213.2
56213.4
56244.5
56713.3
56721.4
56874.5
57213.1
58355.6
58744.211
58744.6
58831.4
58901.5
59126.211
59126.6
59899.6
59900.212
59952.2
59952.4
59995.5
60452.3
60469.4
60578.5
60952.1
61221.6
61291.4
61401.5
61592.211
61592.6
61907.211
61907.6
61970.4
61995.5
62246.211
62246.6
62647.211
62647.6
62853.211
62853.6
63083.211
63083.6
63401.211
63401.6
64100.6
64101.212
64150.2
64150.4
64182.5
64650.3
64678.4
64703.5
65150.1
65227.4
65288.5
65653.4
65696.5
65928.4
65939.5
66371.6
67191.6
67192.212
67235.2
67235.4
67289.5
67735.3
67780.4
67966.5
68235.1
68954.6
69054.4
69059.5
69065.4
69066.5
69168.4
69209.5
69289.211
69289.6
69744.211
69744.6
70617.6
70618.212
70666.2
70666.4
70767.5
70772.4
70816.5
70936.4
70971.5
71121.6
71166.3
71261.6
71666.1
71667.6
71715.4
71764.5
71843.211
71843.6
72435.6
72436.212
72475.2
72475.4
72518.5
72928.4
72975.3
73138.5
73390.4
73475.1
73552.5
77318.6
77642.211
77642.6
77909.211
77909.6
78322.211
78322.6
78625.211
78625.6
79053.211
79053.6
79245.211
79245.6
79392.4
79495.5
79573.211
79573.6
79764.211
79764.6
80022.211
80022.6
80442.211
80442.6
80781.211
80781.6
80873.4
80971.5
81060.211
81060.6
81669.6
81670.212
81718.2
81718.4
81761.5
82218.3
82283.4
82484.5
82487.4
82488.5
82490.4
82539.5
82718.1
84571.6
84641.4
84774.5
84884.211
84884.6
85428.6
85429.212
85473.2
85473.4
85527.5
85973.3
86473.1
89139.4
89233.5
89323.6
89394.4
89597.5
89683.211
89683.6
89757.4
89996.5
90187.6
90188.212
90237.2
90237.4
90314.5
90737.3
91237.1
94791.6
95405.6
95406.212
95452.2
95452.4
95507.5
95952.3
95967.4
96007.5
96011.4
96014.5
96452.1
96816.6
96914.4
97003.5
97174.211
97174.6
97614.211
97614.6
98715.6
98716.212
98766.2
98766.4
98798.5
99266.3
99384.4
99397.5
99399.4
99406.5
99417.4
99481.5
99766.1
99812.4
99934.5
100163.4
100358.5
100456.6
100749.211
100749.6
100855.4
101010.5
101110.211
101110.6
101575.211
101575.6
101783.211
101783.6
102092.211
102092.6
102289.4
102408.5
102492.211
102492.6
103002.6
103003.212
103045.2
103045.4
103093.5
103313.4
103545.3
103574.5
104045.1
104337.6
105046.6
105047.212
105091.2
105091.4
105162.5
105591.3
106091.1
106525.4
106553.5
106686.4
106736.5
107196.6
107638.211
107638.6
107789.211
107789.6
108170.211
108170.6
108365.211
108365.6
108716.211
108716.6
108807.4
108958.5
109083.211
109083.6
109227.4
109309.5
109425.211
109425.6
109800.211
109800.6
110286.211
110286.6
110803.6
110804.212
110876.2
110876.4
110993.5
111376.3
111519.4
111876.1
111952.5
111953.4
111962.5
112591.4
112653.5
112898.4
113012.5
113093.6
113121.211
113121.6
113169.4
113184.5
113186.4
113212.5
113214.4
113266.5
113268.4
113434.5
113443.4
113464.5
113489.4
113512.5
113622.6
113623.212
113668.2
113668.4
113734.5
114168.3
114668.1
114913.4
115016.5
115018.4
115021.5
115023.4
115030.5
115031.4
115045.5
115048.4
115074.5
115075.4
115083.5
115193.6
115281.4
115447.5
115476.4
115513.5
115608.211
115608.6
115682.4
115769.5
115773.4
115877.5
115903.4
115969.5
116094.211
116094.6
116180.4
116289.5
116421.211
116421.6
116483.4
116537.5
116540.4
116654.5
116822.211
116822.6
116878.4
117024.5
117233.211
117233.6
117568.211
117568.6
117736.211
117736.6
117968.211
117968.6
118163.4
118204.5
118209.4
118361.5
118467.211
118467.6
118542.4
118555.5
118576.4
118632.5
118783.211
118783.6
119091.211
119091.6
119172.4
119195.5
119197.4
119202.5
119853.6
119854.212
119894.2
119894.4
119932.5
120326.4
120394.3
120477.5
120894.1
123049.6
123540.211
123540.6
123747.211
123747.6
124075.211
124075.6
124610.6
124611.212
124654.2
124654.4
124695.5
125154.3
125197.4
125555.5
125557.4
125559.5
125563.4
125654.1
126089.5
126194.6
126264.4
126277.5
126278.4
126285.5
126288.4
126486.5
126549.211
126549.6
126627.4
126637.5
126641.4
126714.5
126728.4
126819.5
126931.211
126931.6
126991.4
127203.5
127265.211
127265.6
127346.4
127429.5
127581.211
127581.6
127633.4
127636.5
127640.4
127649.5
127651.4
127670.5
127672.4
127673.5
127675.4
127796.5
127888.211
127888.6
127958.4
128055.5
128213.211
128213.6
128585.211
128585.6
129695.6
129696.212
129738.2
129738.4
129777.5
130223.4
130238.3
130313.5
130738.1
131090.4
131207.5
131497.6
131910.211
131910.6
132421.6
132422.212
132464.2
132464.4
132520.5
132964.3
133464.1
134096.6
134142.4
134215.5
134317.211
134317.6
135163.6
135164.212
135213.2
135213.4
135241.5
135713.3
136213.1
136752.4
136783.5
137285.6
137636.211
137636.6
137954.211
137954.6
138078.211
138078.6
138327.211
138327.6
138422.4
138429.5
138820.211
138820.6
138865.4
138936.5
139407.6
139408.212
139451.2
139451.4
139505.5
139951.3
140451.1
143699.6
144104.211
144104.6
144213.211
144213.6
144345.4
144412.5
144898.6
144899.212
144938.2
144938.4
144989.5
145438.3
145554.4
145557.5
145559.4
145654.5
145938.1
147103.6
147479.211
147479.6
148031.6
148032.212
148074.2
148074.4
148131.5
148574.3
149074.1
149225.4
149265.5
150142.6
150747.6
150748.212
150796.2
150796.4
150831.5
151296.3
151634.4
151796.1
151954.5
152081.6
152573.4
152656.5
153156.6
153157.212
153200.2
153200.4
153262.5
153646.4
153650.5
153653.4
153671.5
153683.4
153687.5
153689.4
153691.5
153693.4
153694.5
153700.3
153701.4
153780.5
154016.6
154200.1
154672.4
154696.5
154698.4
154700.5
154704.4
154828.5
155028.4
155186.5
155270.6
155335.4
155374.5
155377.4
155380.5
155587.211
155587.6
155916.211
155916.6
156107.211
156107.6
156392.211
156392.6
156476.4
156572.5
157029.6
157030.212
157077.2
157077.4
157107.5
157577.3
157695.4
157756.5
157827.4
158039.5
158077.1
158435.4
158553.5
158800.4
158873.5
158972.6
159505.6
159506.212
159553.2
159553.4
159599.5
160053.3
160231.4
160301.5
160553.1
160682.4
160913.5
161119.6
161227.4
161342.5
161343.4
161383.5
161398.4
161459.5
161565.211
161565.6
161740.4
161770.5
161771.4
161776.5
161780.4
161844.5
162043.4
162084.5
162148.4
162182.5
162185.4
162189.5
162268.6
162269.212
162309.2
162309.4
162350.5
162809.3
163142.4
163225.5
163309.1
164812.6
165363.6
165364.212
165405.2
165405.4
165443.5
165905.3
166034.4
166222.5
166405.1
167632.6
167941.211
167941.6
168408.211
168408.6
168781.211
168781.6
168854.4
169036.5
169132.211
169132.6
169350.211
169350.6
169805.4
169839.5
170020.6
170021.212
170081.2
170081.4
170111.5
170581.3
170595.4
170610.5
170634.4
170781.5
171081.1
172464.6
172893.211
172893.6
172974.4
172991.5
173112.211
173112.6
173466.211
173466.6
173755.211
173755.6
174156.211
174156.6
174238.4
174273.5
174374.211
174374.6
174520.211
174520.6
174822.211
174822.6
175166.211
175166.6
175302.211
175302.6
175607.211
175607.6
176037.211
176037.6
176541.6
176542.212
176591.2
176591.4
176655.5
177037.4
177091.3
177303.5
177591.1
178700.6
179152.211
179152.6
179283.4
179371.5
179440.211
179440.6
179504.4
179521.5
179763.211
180000.9
123456789
10
07
15
10
07
15
14
FI
2
6
10
59
03
11
32
03
6
2
1186
0
0
0
314159265
47
1
271
180000
314159265
0.1
279.6
344.4
377.5
649.211
649.6
768.4
818.5
899.211
899.6
1034.211
1034.6
1378.211
1378.6
1456.4
1457.5
1458.4
1504.5
1577.211
1577.6
1901.211
1901.6
1984.4
2048.5
2252.211
2252.6
2299.211
2299.6
2455.4
2522.5
2630.211
2630.6
2978.211
2978.6
3210.211
3210.6
3663.211
3663.6
4092.211
4092.6
4159.4
4206.5
4327.211
4327.6
4685.211
4685.6
4932.211
4932.6
5173.211
5173.6
5598.211
5598.6
5866.211
5866.6
6023.211
6023.6
6373.211
6373.6
6539.211
6539.6
6849.211
6849.6
6897.4
6983.5
7264.211
7264.6
7807.6
7808.212
7852.2
7852.4
7897.5
8352.3
8626.4
8852.1
8956.5
9028.4
9058.5
9060.4
9149.5
9246.6
9353.4
9409.5
9411.4
9413.5
9416.4
9530.5
9626.211
9626.6
10010.4
10142.5
10223.6
10224.212
10266.2
10266.4
10341.5
10742.4
10766.3
10841.5
11266.1
11365.4
11774.5
11838.4
11965.5
12212.4
12506.5
12561.4
12590.5
12605.4
12642.5
12721.6
12846.4
12967.5
12968.4
12974.5
12975.4
13127.5
13220.211
13220.6
13476.4
13578.5
13586.4
13646.5
13702.211
13702.6
13863.4
13959.5
13975.4
13995.5
14071.211
14071.6
14132.4
14206.5
14209.4
14335.5
14402.4
14414.5
14495.211
14495.6
14651.4
14859.5
14988.211
14988.6
15282.211
15282.6
15391.211
15391.6
15730.211
15730.6
15933.211
15933.6
16255.211
16255.6
16573.4
16630.5
16721.211
16721.6
17072.211
17072.6
18152.6
18153.212
18198.2
18198.4
18261.5
18698.3
18841.4
19029.5
19198.1
19608.6
20056.211
20056.6
20107.4
20249.5
20318.211
20318.6
20728.211
20728.6
21486.6
21487.212
21541.2
21541.4
21587.5
22041.3
22168.4
22471.5
22541.1
22662.4
23003.5
23058.4
23071.5
23073.4
23075.5
23232.4
23346.5
23360.4
23362.5
23504.6
23673.4
23821.5
23826.4
23905.5
23980.211
23980.6
24301.211
24301.6
24568.211
24568.6
25011.4
25103.5
25168.6
25169.212
25207.2
25207.4
25266.5
25629.4
25707.3
25862.5
26207.1
26629.6
27063.211
27063.6
27302.211
27302.6
27640.211
27640.6
28031.211
28031.6
28232.211
28232.6
28497.211
28497.6
29126.6
29127.212
29176.2
29176.4
29252.5
29676.3
29837.4
29902.5
30061.4
30065.5
30067.4
30176.1
30433.5
30478.4
30617.5
30824.4
31044.5
31413.6
31501.4
31660.5
31677.4
31757.5
31816.211
31816.6
31875.4
31889.5
31891.4
31894.5
31897.4
31899.5
31900.4
31924.5
31926.4
31994.5
32125.211
32125.6
32639.6
32640.212
32687.2
32687.4
32773.5
33187.3
33687.1
33726.4
33940.5
34212.4
34560.5
34573.4
34614.5
34683.6
34782.4
34919.5
35012.211
35012.6
35212.211
35212.6
35572.211
35572.6
35829.211
35829.6
35872.4
36008.5
36014.4
36106.5
36176.211
36176.6
36275.4
36290.5
36294.4
36343.5
36779.6
36780.212
36819.2
36819.4
36859.5
37319.3
37423.4
37487.5
37819.1
37923.4
38114.5
38194.6
38378.211
38378.6
39060.6
39061.212
39110.2
39110.4
39167.5
39610.3
39690.4
39747.5
39839.4
39960.5
40110.1
42462.6
42520.4
42628.5
42749.211
42749.6
43173.211
43173.6
43230.4
43364.5
43430.211
43430.6
43965.6
43966.212
44004.2
44004.4
44061.5
44235.4
44265.5
44266.4
44279.5
44284.4
44296.5
44357.4
44504.3
44518.5
45004.1
45854.6
46172.211
46172.6
46225.4
46269.5
46475.211
46475.6
46884.211
46884.6
47253.211
47253.6
47725.211
47725.6
47771.4
47805.5
47875.211
47875.6
48445.6
48446.212
48485.2
48485.4
48553.5
48985.3
49055.4
49150.5
49485.1
50556.6
50925.211
50925.6
51424.211
51424.6
51439.211
51439.6
51515.211
51515.6
51861.211
51861.6
52266.211
52266.6
52489.4
52529.5
52863.6
52864.212
52914.2
52914.4
52946.5
53414.3
53587.4
53914.1
53971.5
54100.6
54158.4
54239.5
54242.4
54244.5
55144.4
55162.5
55304.6
55305.212
55370.2
55370.4
55428.5
55826.4
55870.3
56201.5
56370.1
57812.6
57885.4
58124.5
58126.4
58128.5
58132.4
58299.5
58366.4
58446.5
58508.6
58509.212
58549.2
58549.4
58616.5
59049.3
59239.4
59492.5
59494.4
59502.5
59549.1
59573.4
59654.5
59810.4
59828.5
59833.4
59837.5
59839.4
59929.5
59982.4
60031.5
60113.6
60269.4
60360.5
60363.4
60427.5
60514.211
60514.6
61204.6
61205.212
61246.2
61246.4
61305.5
61650.4
61723.5
61746.3
62246.1
62299.8
62636.4
62670.5
62757.6
62813.4
62829.5
62834.4
62841.5
62843.4
62965.5
63385.6
63386.212
63437.2
63437.4
63480.5
63937.3
64437.1
67672.6
67815.4
67850.5
67917.4
67924.5
67927.4
67937.5
68287.6
68288.212
68329.2
68329.4
68360.5
68829.3
69171.4
69200.5
69329.1
69698.6
69938.211
69938.6
70063.211
70063.6
70153.4
70300.5
70307.4
70371.5
70437.211
70437.6
70741.211
70741.6
71308.6
71309.212
71376.2
71376.4
71427.5
71876.3
72376.1
72651.6
72738.4
72827.5
73321.6
73322.212
73364.2
73364.4
73398.5
73864.3
74013.4
74072.5
74364.1
74580.4
74780.5
74847.6
74949.4
75240.5
75318.211
75318.6
75506.211
75506.6
75601.211
75601.6
76534.6
76535.212
76597.2
76597.4
76649.5
77097.3
77269.4
77415.5
77597.1
78086.6
78169.4
78314.5
78436.211
78436.6
78754.211
78754.6
79382.6
79383.212
79423.2
79423.4
79466.5
79489.4
79545.5
79906.4
79923.3
79978.5
80423.1
80496.4
80498.5
80499.4
80714.5
81002.4
81168.5
81246.6
81340.4
81368.5
81371.4
81471.5
81647.211
81647.6
81981.211
81981.6
82290.211
82290.6
82382.4
82505.5
82512.4
82566.5
82625.211
82625.6
82692.4
82717.5
82719.4
82722.5
82728.4
82879.5
82967.211
82967.6
83046.4
83097.5
83131.4
83164.5
83258.211
83258.6
83310.4
83314.5
83316.4
83432.5
83585.211
83585.6
83634.4
83685.5
83691.4
83744.5
83781.4
83786.5
83799.4
83869.5
83871.4
83908.5
83993.211
83993.6
84060.4
84062.5
84063.4
84137.5
84171.4
84332.5
84417.211
84417.6
84619.211
84619.6
84968.211
84968.6
85017.4
85204.5
85335.211
85335.6
85479.211
85479.6
85794.211
85794.6
85948.211
85948.6
86313.211
86313.6
86398.4
86488.5
86683.211
86683.6
87023.211
87023.6
87311.211
87311.6
87465.4
87508.5
87622.211
87622.6
87973.211
87973.6
88350.211
88350.6
88483.211
88483.6
88894.211
88894.6
88958.4
89082.5
89120.4
89127.5
89131.4
89138.5
89608.6
89609.212
89659.2
89659.4
89715.5
90159.3
90659.1
92453.6
93292.6
93293.212
93339.2
93339.4
93403.5
93839.3
94167.4
94219.5
94237.4
94310.5
94339.1
94831.6
95669.6
95670.212
95714.2
95714.4
95780.5
96214.3
96714.1
97159.4
97237.5
97554.6
98103.6
98104.212
98156.2
98156.4
98190.5
98544.4
98656.3
99156.1
99703.5
99789.6
99869.4
99927.5
99928.4
100274.5
100368.6
100369.212
100414.2
100414.4
100473.5
100914.3
100952.4
101414.1
101571.5
101572.4
101580.5
101696.6
101760.4
101925.5
101926.4
101929.5
101931.4
101945.5
101946.4
102161.5
102246.6
102247.212
102287.2
102287.4
102325.5
102787.3
103036.4
103215.5
103237.4
103287.1
103514.5
103643.6
103708.4
103718.5
103721.4
103728.5
103735.4
103785.5
103789.4
103997.5
104069.211
104069.6
104134.4
104407.5
104413.4
104513.5
104602.6
104603.212
104645.2
104645.4
104708.5
105145.3
105270.4
105360.5
105645.1
105722.4
105819.5
105823.4
105827.5
105835.4
105935.5
106099.4
106173.5
106182.4
106293.5
106364.6
106442.4
106447.5
106448.4
106464.5
106466.4
106526.5
106528.4
106693.5
106783.211
106783.6
106886.4
106927.5
106933.4
106943.5
106957.4
106986.5
107070.211
107070.6
107127.4
107207.5
107262.4
107343.5
107461.211
107461.6
107606.4
107877.5
107959.211
107959.6
108013.4
108032.5
108034.4
108084.5
108258.211
108258.6
108606.211
108606.6
109630.6
109631.212
109688.2
109688.4
109747.5
110188.3
110341.4
110381.5
110688.1
111494.6
111597.4
111699.5
111773.211
111773.6
111829.4
111849.5
111853.4
111944.5
112111.211
112111.6
112463.211
112463.6
112605.211
112605.6
112953.4
113025.5
113085.211
113085.6
113447.211
113447.6
113636.211
113636.6
114034.211
114034.6
114164.211
114164.6
114774.6
114775.212
114815.2
114815.4
114851.5
115190.4
115238.5
115315.3
115451.4
115625.5
115815.1
116659.6
117177.6
117178.212
117217.2
117217.4
117218.5
117219.4
117262.5
117685.4
117716.5
117717.3
118217.1
118728.6
118877.4
118950.5
119168.211
119168.6
119611.211
119611.6
119865.211
119865.6
120059.211
120059.6
120103.211
120103.6
120405.211
120405.6
120749.211
120749.6
121309.6
121310.212
121355.2
121355.4
121434.5
121855.3
121973.4
122228.5
122355.1
123524.6
123944.211
123944.6
124480.6
124481.212
124523.2
124523.4
124569.5
124711.4
124765.5
125023.3
125026.4
125136.5
125523.1
125571.4
125645.5
126926.6
127350.211
127350.6
127781.211
127781.6
128263.211
128263.6
128425.211
128425.6
128520.4
128553.5
128743.211
128743.6
129467.6
129468.212
129506.2
129506.4
129547.5
130006.3
130114.4
130299.5
130506.1
131391.4
131429.5
131692.6
132330.6
132331.212
132378.2
132378.4
132420.5
132759.4
132878.3
132953.5
133368.4
133378.1
133392.5
133405.4
133585.5
133788.6
133957.211
133957.6
134119.211
134119.6
134216.211
134216.6
134648.211
134648.6
134713.211
134713.6
134751.211
134751.6
134944.211
134944.6
135373.211
135373.6
135783.211
135783.6
136046.211
136046.6
136289.211
136289.6
136735.211
136735.6
137133.211
137133.6
137352.211
137352.6
137710.211
137710.6
137941.211
137941.6
138159.211
138159.6
138370.211
138370.6
138684.211
138684.6
139334.6
139335.212
139377.2
139377.4
139474.5
139877.3
139894.4
139897.5
139920.4
140011.5
140377.1
140828.6
141679.6
141680.212
141747.2
141747.4
141800.5
142247.3
142747.1
143815.6
144118.4
144172.5
144269.211
144269.6
144610.211
144610.6
144946.211
144946.6
145356.211
145356.6
145740.211
145740.6
146328.6
146329.212
146375.2
146375.4
146428.5
146638.4
146716.5
146875.3
147375.1
149883.6
150465.6
150466.212
150510.2
150510.4
150556.5
151010.3
151510.1
151994.6
152080.4
152101.5
152115.4
152168.5
152268.211
152268.6
152726.211
152726.6
153082.211
153082.6
153446.211
153446.6
153610.211
153610.6
154175.6
154176.212
154228.2
154228.4
154281.5
154658.4
154716.5
154728.3
154949.4
155156.5
155228.1
156959.6
157370.211
157370.6
157441.4
157846.5
157851.4
157939.5
158015.6
158016.212
158061.2
158061.4
158124.5
158561.3
159061.1
160325.6
160860.6
160861.212
160905.2
160905.4
160935.5
161242.4
161330.5
161405.3
161905.1
162363.4
162450.5
162982.6
163462.211
163462.6
163627.211
163627.6
163745.4
163859.5
163934.211
163934.6
164363.211
164363.6
165313.6
165314.212
165369.2
165369.4
165406.5
165869.3
166026.4
166036.5
166369.1
166800.4
166822.5
167486.6
167801.4
167802.5
167811.4
167814.5
167876.211
167876.6
168209.211
168209.6
168881.6
168882.212
168937.2
168937.4
169004.5
169437.3
169548.4
169569.5
169909.4
169935.5
169937.1
170857.6
170953.211
170953.6
171060.211
171060.6
171383.211
171383.6
171728.211
171728.6
172172.211
172172.6
172762.6
172763.212
172821.2
172821.4
172881.5
173321.3
173821.1
175364.6
175555.211
175555.6
175968.211
175968.6
176935.6
176936.212
176975.2
176975.4
177047.5
177475.3
177543.4
177609.5
177816.6
177975.1
178115.6
178488.4
178586.5
178658.6
178659.212
178697.2
178697.4
178753.5
179197.3
179369.4
179427.5
179697.1
180000.9
123456789
10
08
15
10
08
15
14
FI
2
6
10
47
04
11
20
04
6
2
1049
0
0
0
314159265
41
0
201
180000
314159265
0.1
280.6
358.4
413.5
501.211
501.6
847.211
847.6
1195.211
1195.6
1612.211
1612.6
1922.211
1922.6
2106.211
2106.6
2304.211
2304.6
2624.211
2624.6
2846.211
2846.6
3043.211
3043.6
3306.211
3306.6
3843.6
3844.212
3890.2
3890.4
3931.5
4390.3
4700.4
4890.1
4903.5
4978.4
5040.5
5099.6
5375.4
5481.5
5487.4
5591.5
5675.6
5676.212
5726.2
5726.4
5798.5
6226.3
6284.4
6497.5
6503.4
6515.5
6518.4
6519.5
6726.1
6798.6
6973.4
7219.5
7290.211
7290.6
7458.211
7458.6
7726.211
7726.6
7869.211
7869.6
7979.4
8273.5
8354.211
8354.6
8679.211
8679.6
8837.4
8861.5
8866.4
8940.5
9016.211
9016.6
9158.4
9212.5
9225.4
9227.5
9272.4
9287.5
9514.211
9514.6
9856.211
9856.6
10031.4
10091.5
10200.211
10200.6
10729.6
10730.212
10777.2
10777.4
10832.5
11277.3
11414.4
11743.5
11777.1
11839.6
11997.211
11997.6
12365.4
12489.5
12559.6
12560.212
12605.2
12605.4
12671.5
13105.3
13224.4
13585.5
13587.4
13605.1
13696.5
13769.6
13910.4
14162.5
14235.211
14235.6
14380.4
14534.5
14609.211
14609.6
14779.4
15085.5
15165.6
15166.212
15213.2
15213.4
15269.5
15713.3
15740.4
15844.5
15848.4
15852.5
16213.1
16777.6
17733.6
17734.212
17780.2
17780.4
17841.5
18280.3
18476.4
18640.5
18780.1
19310.6
19417.211
19417.6
19599.211
19599.6
19706.4
19897.5
19964.211
19964.6
20320.211
20320.6
20467.211
20467.6
20861.211
20861.6
21327.211
21327.6
21419.4
21611.5
21956.4
21987.5
22057.6
22058.212
22096.2
22096.4
22142.5
22596.3
22629.4
22908.5
23096.1
23278.6
23331.4
23575.5
23648.211
23648.6
23812.211
23812.6
24087.211
24087.6
24264.4
24311.5
24312.4
24594.5
24675.6
24676.212
24716.2
24716.4
24761.5
25216.3
25463.4
25548.5
25716.1
28033.6
28140.4
28267.5
28325.211
28325.6
28522.211
28522.6
28803.211
28803.6
29137.211
29137.6
29359.211
29359.6
29531.211
29531.6
29695.211
29695.6
29934.211
29934.6
30269.211
30269.6
30325.4
30469.5
30533.211
30533.6
30702.211
30702.6
30824.211
30824.6
31288.211
31288.6
31362.211
31362.6
31507.4
31532.5
31535.4
31540.5
31541.4
31671.5
31742.211
31742.6
31809.4
31835.5
32072.211
32072.6
32566.211
32566.6
33054.211
33054.6
33282.211
33282.6
33331.4
33475.5
33533.211
33533.6
33928.211
33928.6
34391.211
34391.6
34896.6
34897.212
34944.2
34944.4
34999.5
35444.3
35944.1
38685.6
39149.211
39149.6
39611.211
39611.6
39681.4
39979.5
40034.211
40034.6
40562.6
40563.212
40603.2
40603.4
40691.5
41103.3
41302.4
41354.5
41603.1
42043.6
42240.4
42310.5
43009.6
43010.212
43059.2
43059.4
43113.5
43457.4
43559.3
43565.5
44059.1
45962.6
46548.6
46549.212
46598.2
46598.4
46641.5
47098.3
47598.1
48015.6
48430.211
48430.6
48543.4
48605.5
48608.4
48670.5
48728.211
48728.6
48770.4
48857.5
48869.4
48876.5
48964.211
48964.6
49173.211
49173.6
49337.211
49337.6
49714.211
49714.6
49935.211
49935.6
50112.4
50265.5
50342.211
50342.6
50420.4
50512.5
50576.4
50588.5
50745.211
50745.6
50845.4
50941.5
50955.4
50957.5
51061.211
51061.6
51191.4
51281.5
51385.211
51385.6
51586.4
51730.5
51820.211
51820.6
52180.211
52180.6
52243.211
52243.6
52367.211
52367.6
53206.6
53207.212
53247.2
53247.4
53304.5
53747.3
53789.4
53860.5
54247.1
54721.6
54833.4
54854.5
55209.211
55209.6
55241.211
55241.6
55718.211
55718.6
56323.6
56324.212
56362.2
56362.4
56363.5
56364.4
56419.5
56560.4
56613.5
56862.3
57052.4
57362.1
57591.5
57596.4
57713.5
57841.4
58078.5
58143.6
58244.4
58548.5
58631.211
58631.6
58741.4
58919.5
58979.211
58979.6
59123.211
59123.6
59406.211
59406.6
59491.4
59724.5
59789.211
59789.6
59919.211
59919.6
60212.211
60212.6
60374.4
60632.5
60687.211
60687.6
60790.4
60819.5
60823.4
60990.5
61073.211
61073.6
61411.211
61411.6
61647.211
61647.6
61742.4
61937.5
62181.6
62182.212
62231.2
62231.4
62265.5
62537.4
62731.3
63231.1
63258.5
63333.6
63406.4
63718.5
63733.4
63750.5
63810.211
63810.6
63874.4
63886.5
63892.4
63908.5
63997.211
63997.6
64120.211
64120.6
64231.4
64462.5
64578.211
64578.6
64610.211
64610.6
64682.4
64810.5
64983.211
64983.6
65258.211
65258.6
65337.211
65337.6
65462.4
65619.5
65622.4
65624.5
65686.211
65686.6
65901.4
66022.5
66135.211
66135.6
66482.211
66482.6
66573.211
66573.6
66676.211
66676.6
66847.211
66847.6
67267.211
67267.6
67409.211
67409.6
67755.211
67755.6
67855.4
67962.5
68023.211
68023.6
68340.211
68340.6
68560.211
68560.6
68904.211
68904.6
69402.211
69402.6
69709.211
69709.6
70169.211
70169.6
70535.211
70535.6
71037.6
71038.212
71080.2
71080.4
71132.5
71580.3
72080.1
73944.6
74573.6
74574.212
74617.2
74617.4
74662.5
75115.4
75117.3
75237.5
75617.1
76781.6
77265.211
77265.6
77462.211
77462.6
77702.211
77702.6
78263.6
78264.212
78308.2
78308.4
78361.5
78683.4
78808.3
79087.5
79138.4
79271.5
79308.1
79573.4
79661.5
79727.6
79939.4
80123.5
80193.211
80193.6
80398.211
80398.6
80901.6
80902.212
80963.2
80963.4
81036.5
81457.4
81463.3
81618.5
81963.1
82322.4
82426.5
82460.4
82611.5
82690.6
82898.4
83026.5
83564.6
83565.212
83607.2
83607.4
83637.5
84055.4
84107.3
84423.5
84607.1
85420.6
85801.211
85801.6
86171.4
86310.5
86382.6
86383.212
86435.2
86435.4
86503.5
86847.4
86935.3
87075.5
87435.1
87864.6
88721.6
88722.212
88763.2
88763.4
88793.5
89119.4
89155.5
89263.3
89763.1
90034.6
90603.6
90604.212
90652.2
90652.4
90708.5
91152.3
91652.1
93484.6
93692.4
93785.5
93849.211
93849.6
94039.211
94039.6
94305.4
94355.5
94417.211
94417.6
94611.211
94611.6
94693.4
94791.5
94868.211
94868.6
95175.211
95175.6
95445.211
95445.6
95522.4
95530.5
95540.4
95572.5
95659.211
95659.6
96121.211
96121.6
97060.6
97061.212
97106.2
97106.4
97141.5
97606.3
97820.4
97827.5
97833.4
97916.5
98106.1
98459.6
98815.211
98815.6
99154.211
99154.6
99251.4
99288.5
99347.211
99347.6
99728.211
99728.6
99993.211
99993.6
100513.6
100514.212
100558.2
100558.4
100611.5
101058.3
101094.4
101104.5
101143.4
101251.5
101558.1
101776.6
101856.4
102026.5
102027.4
102100.5
102167.211
102167.6
102638.211
102638.6
102722.4
102835.5
103116.211
103116.6
103489.211
103489.6
103551.4
103580.5
103652.4
103664.5
104177.6
104178.212
104215.2
104215.4
104275.5
104715.3
105215.1
107320.6
107467.4
107520.5
107872.6
107873.212
107928.2
107928.4
107963.5
108239.4
108428.3
108578.5
108928.1
112073.6
112142.4
112301.5
112389.211
112389.6
112790.211
112790.6
112870.4
113025.5
113234.211
113234.6
113666.211
113666.6
114104.211
114104.6
114259.211
114259.6
114669.211
114669.6
115079.211
115079.6
115298.211
115298.6
115787.211
115787.6
115856.4
116034.5
116116.211
116116.6
116419.211
116419.6
116844.211
116844.6
117259.211
117259.6
117316.4
117405.5
117466.211
117466.6
117840.211
117840.6
118226.211
118226.6
118665.211
118665.6
118778.4
118904.5
119332.6
119333.212
119375.2
119375.4
119376.5
119378.4
119447.5
119875.3
119900.4
119971.5
120060.4
120375.1
120693.5
120706.4
120715.5
120716.4
120719.5
120947.4
121069.5
121071.4
121072.5
121073.4
121453.5
121519.6
121591.4
121851.5
121943.211
121943.6
122140.4
122340.5
122415.211
122415.6
122542.4
122600.5
122603.4
122607.5
122613.4
122625.5
122789.211
122789.6
122937.4
123157.5
123163.4
123214.5
123291.6
123292.212
123336.2
123336.4
123394.5
123836.3
123942.4
124091.5
124336.1
128165.6
128581.211
128581.6
128940.211
128940.6
129004.4
129160.5
129262.211
129262.6
129513.211
129513.6
130024.6
130025.212
130070.2
130070.4
130109.5
130331.4
130570.3
131070.1
131097.5
131170.6
131276.4
131498.5
131559.211
131559.6
131638.4
131756.5
131875.211
131875.6
132015.4
132152.5
132242.211
132242.6
132620.211
132620.6
132728.4
132774.5
133034.211
133034.6
133862.6
133863.212
133906.2
133906.4
133945.5
134406.3
134626.4
134647.5
134906.1
137805.6
138197.211
138197.6
138513.211
138513.6
138882.211
138882.6
139298.211
139298.6
139406.211
139406.6
139789.211
139789.6
140165.211
140165.6
140542.211
140542.6
140736.211
140736.6
141339.6
141340.212
141403.2
141403.4
141440.5
141903.3
142141.4
142245.5
142299.4
142301.5
142306.4
142366.5
142403.1
144387.6
144499.4
144641.5
144647.4
144758.5
144822.211
144822.6
144907.4
144916.5
145566.6
145567.212
145618.2
145618.4
145668.5
146118.3
146238.4
146239.5
146252.4
146270.5
146618.1
146942.6
147354.211
147354.6
147871.6
147872.212
147914.2
147914.4
147981.5
148319.4
148364.5
148414.3
148914.1
151540.6
151999.211
151999.6
152433.211
152433.6
152926.211
152926.6
153295.211
153295.6
153685.211
153685.6
153779.4
153797.5
154055.211
154055.6
154876.6
154877.212
154918.2
154918.4
154970.5
155418.3
155642.4
155845.5
155861.4
155889.5
155918.1
156948.6
157367.211
157367.6
157714.211
157714.6
157903.4
158145.5
158211.211
158211.6
158356.211
158356.6
158449.4
158661.5
158733.211
158733.6
159102.211
159102.6
159506.211
159506.6
159582.4
159588.5
159593.4
159597.5
159628.4
159660.5
159713.211
159713.6
160126.211
160126.6
160616.211
160616.6
160925.211
160925.6
161198.211
161198.6
161503.211
161503.6
161874.211
161874.6
161931.211
161931.6
161980.4
162113.5
162544.6
162545.212
162598.2
162598.4
162638.5
163098.3
163598.1
166926.6
167397.211
167397.6
168154.6
168155.212
168204.2
168204.4
168244.5
168704.3
169204.1
170309.6
171307.6
171308.212
171350.2
171350.4
171382.5
171850.3
172350.1
172506.6
173305.6
173306.212
173349.2
173349.4
173401.5
173849.3
173850.4
173919.5
174349.1
174910.6
176241.6
176242.212
176283.2
176283.4
176312.5
176777.4
176783.3
177142.5
177283.1
178497.6
179276.6
179277.212
179319.2
179319.4
179379.5
179819.3
180000.9
123456789
10
09
15
10
09
15
14
FI
2
6
10
48
01
11
21
01
6
2
1212
0
0
0
314159265
62
0
306
180000
314159265
0.1
413.6
622.211
622.6
1002.211
1002.6
1096.4
1194.5
1353.211
1353.6
1633.211
1633.6
2126.211
2126.6
2167.211
2167.6
2270.4
2378.5
2418.4
2489.5
2548.211
2548.6
2651.211
2651.6
2736.4
2940.5
3092.211
3092.6
3716.6
3717.212
3759.2
3759.4
3824.5
4259.3
4373.4
4587.5
4759.1
4776.6
4801.211
4801.6
4875.4
5198.5
5200.4
5250.5
5347.6
5348.212
5397.2
5397.4
5449.5
5897.3
6060.4
6347.5
6397.1
6676.6
6699.211
6699.6
7113.4
7300.5
7364.6
7365.212
7415.2
7415.4
7477.5
7915.3
8139.4
8303.5
8332.4
8415.1
8439.5
8558.6
8749.4
9018.5
9075.6
9076.212
9139.2
9139.4
9191.5
9639.3
9790.4
10066.5
10091.4
10139.1
10298.5
10372.6
10545.4
10960.5
11046.6
11047.212
11087.2
11087.4
11147.5
11587.3
11670.4
12087.1
12205.5
12278.6
12335.4
12674.5
12744.211
12744.6
12862.211
12862.6
12967.4
13211.5
13280.211
13280.6
13401.4
13748.5
13841.6
13842.212
13885.2
13885.4
13947.5
14385.3
14450.4
14818.5
14829.4
14885.1
15174.5
15239.6
15285.4
15369.5
15467.4
15595.5
15672.211
15672.6
15729.4
15755.5
15756.4
15917.5
16025.211
16025.6
16339.211
16339.6
16391.4
16393.5
16395.4
16696.5
16786.211
16786.6
17009.211
17009.6
17206.4
17317.5
17386.211
17386.6
17474.211
17474.6
17593.211
17593.6
17917.211
17917.6
17991.4
18206.5
18273.211
18273.6
18547.211
18547.6
19357.6
19358.212
19405.2
19405.4
19480.5
19905.3
20209.4
20309.5
20405.1
23155.6
23481.211
23481.6
23553.4
23877.5
23950.211
23950.6
24070.4
24288.5
24347.4
24409.5
24464.6
24465.212
24507.2
24507.4
24539.5
25007.3
25140.4
25362.5
25382.4
25391.5
25507.1
26798.6
26869.4
27117.5
27318.6
27319.212
27361.2
27361.4
27412.5
27638.4
27701.5
27861.3
28168.4
28361.1
28556.5
28589.4
28742.5
28748.4
28877.5
28960.6
29004.4
29350.5
29439.211
29439.6
29492.4
29790.5
29868.211
29868.6
29923.4
30190.5
30273.211
30273.6
30489.4
30886.5
30959.6
30960.212
30999.2
30999.4
31062.5
31499.3
31725.4
31863.5
31899.4
31908.5
31911.4
31999.1
32159.5
32316.6
32422.4
32855.5
32938.6
32939.212
32979.2
32979.4
33020.5
33413.4
33479.3
33813.5
33922.6
33979.1
34044.4
34386.5
34462.6
34703.211
34703.6
34945.4
35302.5
35371.6
35372.212
35413.2
35413.4
35442.5
35845.4
35913.3
36158.5
36290.6
36413.1
36478.4
36764.5
36839.6
37004.211
37004.6
37937.6
37938.212
37987.2
37987.4
38016.5
38487.3
38987.1
39025.4
39115.5
39401.4
39560.5
39627.6
39857.211
39857.6
39928.4
40290.5
40360.6
40361.212
40403.2
40403.4
40519.5
40903.3
40981.4
41177.5
41403.1
44059.6
44123.4
44303.5
44335.4
44364.5
44432.211
44432.6
44474.4
44801.5
44865.211
44865.6
44963.4
45247.5
45312.211
45312.6
45573.211
45573.6
45728.4
45764.5
45787.4
45791.5
45810.4
45881.5
45938.211
45938.6
46098.4
46197.5
46284.211
46284.6
46703.211
46703.6
47138.211
47138.6
47384.211
47384.6
47507.4
47671.5
47728.211
47728.6
48203.211
48203.6
48700.211
48700.6
49198.211
49198.6
49586.4
49623.5
49693.211
49693.6
49863.211
49863.6
49935.4
50070.5
50076.4
50155.5
50169.4
50201.5
50279.211
50279.6
50674.4
50686.5
50752.211
50752.6
51022.4
51177.5
51244.211
51244.6
51389.4
51558.5
51572.4
51606.5
51672.211
51672.6
51780.4
52073.5
52151.211
52151.6
52223.4
52362.5
52372.4
52405.5
52472.211
52472.6
52810.211
52810.6
53328.6
53329.212
53368.2
53368.4
53433.5
53868.3
54219.4
54368.1
54396.5
54720.4
54835.5
54926.6
55245.211
55245.6
55299.4
55561.5
55621.211
55621.6
55887.211
55887.6
56219.211
56219.6
56551.211
56551.6
56774.211
56774.6
56902.4
56974.5
57036.211
57036.6
57236.211
57236.6
57533.211
57533.6
57589.4
57684.5
57746.211
57746.6
57907.211
57907.6
58330.211
58330.6
58670.211
58670.6
58941.4
58997.5
59072.211
59072.6
59522.211
59522.6
59771.211
59771.6
59884.4
59919.5
60175.211
60175.6
61272.6
61273.212
61316.2
61316.4
61347.5
61816.3
62000.4
62316.1
62719.5
62802.6
62840.4
63191.5
63275.211
63275.6
63351.4
63767.5
63843.6
63844.212
63881.2
63881.4
64381.3
64533.5
64657.6
64728.4
64881.1
64906.5
64911.4
64917.5
64919.4
65132.5
65215.6
65278.4
65417.5
65539.211
65539.6
65619.4
65901.5
65970.211
65970.6
66135.4
66387.5
66389.4
66439.5
66538.6
66539.212
66578.2
66578.4
66617.5
67078.3
67317.4
67388.5
67396.4
67465.5
67466.4
67578.1
67667.5
68135.6
68253.4
68510.5
68583.211
68583.6
68758.4
69061.5
69141.6
69142.212
69180.2
69180.4
69225.5
69666.4
69680.3
69790.5
69833.4
69994.5
70180.1
72505.6
72577.4
72877.5
72910.4
72919.5
72921.4
72927.5
72933.4
73026.5
73085.6
73086.212
73126.2
73126.4
73197.5
73626.3
73701.4
73756.5
73911.4
74126.1
74402.5
74548.6
74599.4
74995.5
75069.6
75070.212
75109.2
75109.4
75147.5
75609.3
75792.4
76039.5
76043.4
76045.5
76051.4
76085.5
76109.1
76331.4
76858.5
76937.6
76978.4
77381.5
77474.6
77475.212
77512.2
77512.4
77567.5
77998.4
78012.3
78512.1
78560.5
78647.6
78713.4
79126.5
79203.6
79204.212
79245.2
79245.4
79321.5
79745.3
79786.4
79846.5
79858.4
79870.5
80245.1
80673.6
80853.4
81001.5
81080.211
81080.6
82170.6
82171.212
82210.2
82210.4
82257.5
82635.4
82698.5
82710.3
82739.4
83210.1
83414.5
83490.6
83538.4
83926.5
84010.6
84011.212
84051.2
84051.4
84138.5
84551.3
84741.4
85051.1
85098.5
85112.4
85340.5
85425.6
85516.4
85916.5
85990.6
85991.212
86030.2
86030.4
86092.5
86519.4
86530.3
86996.5
87030.1
87079.6
87133.4
87148.5
87150.4
87577.5
87641.6
87642.212
87687.2
87687.4
87747.5
88178.4
88187.3
88273.5
88450.4
88488.5
88494.4
88687.1
89242.5
89318.6
89397.4
89943.5
90032.6
90033.212
90075.2
90075.4
90129.5
90575.3
90769.4
91075.1
91201.5
91279.6
91376.4
91647.5
91671.4
91809.5
91889.6
91890.212
91927.2
91927.4
91974.5
92415.4
92427.3
92481.5
92529.4
92927.1
93403.5
93484.6
93534.4
93881.5
93948.211
93948.6
94026.4
94297.5
94403.211
94403.6
94653.211
94653.6
94733.4
95022.5
95103.211
95103.6
95290.4
95698.5
95780.6
95781.212
95818.2
95818.4
95874.5
96318.3
96452.4
96818.1
97299.5
97369.6
97450.4
97925.5
98008.6
98009.212
98043.2
98043.4
98127.5
98543.3
98719.4
99043.1
99374.5
99398.4
99529.5
99642.6
99705.4
100103.5
100187.6
100188.212
100226.2
100226.4
100268.5
100726.3
100959.4
101226.1
101775.5
101867.6
101930.4
101966.5
101972.4
101994.5
102061.4
102456.5
102526.6
102527.212
102569.2
102569.4
102612.5
102938.4
103069.3
103569.1
103795.5
103883.6
103949.4
104399.5
104514.6
104515.212
104558.2
104558.4
104624.5
105058.3
105215.4
105558.1
105757.5
105839.6
105903.4
106169.5
106280.211
106280.6
106524.211
106524.6
106788.4
107052.5
107180.6
107181.212
107216.2
107216.4
107277.5
107705.4
107716.3
107978.5
108137.4
108216.1
108364.5
108428.6
108487.4
108800.5
108872.211
108872.6
108986.4
109309.5
109391.6
109392.212
109432.2
109432.4
109498.5
109932.3
110259.4
110432.1
110745.5
110818.6
110886.4
111246.5
111318.211
111318.6
111404.4
111653.5
111762.211
111762.6
111832.4
112148.5
112288.6
112289.212
112327.2
112327.4
112391.5
112800.4
112827.3
112885.5
112987.4
113327.1
113441.5
113549.6
113593.4
113640.5
113642.4
113937.5
114010.211
114010.6
114116.4
114454.5
114536.6
114537.212
114578.2
114578.4
114618.5
115078.3
115196.4
115578.1
115971.5
116043.6
116103.4
116541.5
116627.6
116628.212
116668.2
116668.4
116705.5
117005.4
117168.3
117668.1
117785.5
117874.6
117923.4
118391.5
118467.6
118468.212
118509.2
118509.4
118772.5
119009.3
119509.1
119553.4
119854.5
119942.6
120032.4
120344.5
120462.6
120463.212
120498.2
120498.4
120563.5
120998.3
121317.4
121498.1
121836.5
121956.6
121997.4
122333.5
122424.211
122424.6
122515.4
122522.5
122524.4
122788.5
122935.6
122936.212
122972.2
122972.4
123045.5
123472.3
123571.4
123972.1
124265.5
124377.6
124421.4
124699.5
124773.211
124773.6
125169.211
125169.6
126463.6
126464.212
126514.2
126514.4
126582.5
127014.3
127334.4
127511.5
127514.1
127562.4
127685.5
127762.6
130020.6
130021.212
130061.2
130061.4
130154.5
130561.3
130583.4
130793.5
130830.4
131051.5
131061.1
131135.6
131210.4
131574.5
131636.6
131637.212
131678.2
131678.4
131716.5
132178.3
132254.4
132636.5
132678.1
132868.6
132910.4
133438.5
133502.6
133503.212
133544.2
133544.4
133580.5
134005.4
134018.5
134044.3
134062.4
134544.1
134813.5
134891.6
134972.4
135216.5
135320.211
135320.6
135393.4
135544.5
135663.211
135663.6
135903.211
135903.6
135988.4
136235.5
136337.211
136337.6
136385.4
136409.5
136412.4
136687.5
136828.211
136828.6
137542.6
137543.212
137598.2
137598.4
137625.5
138098.3
138122.4
138389.5
138598.1
138926.6
138985.4
139363.5
139443.6
139444.212
139482.2
139482.4
139573.5
139982.3
140127.4
140255.5
140273.4
140423.5
140430.4
140482.1
140502.5
140608.6
140652.4
141052.5
141135.6
141136.212
141174.2
141174.4
141207.5
141646.4
141674.3
142174.1
142501.5
142582.6
142642.4
142951.5
143059.211
143059.6
143183.4
143503.5
143570.6
143571.212
143614.2
143614.4
143643.5
144111.4
144114.3
144412.5
144416.4
144614.1
144622.5
144697.6
144778.4
145171.5
145253.6
145254.212
145293.2
145293.4
145382.5
145793.3
146018.4
146293.1
146678.5
146772.6
146860.4
147069.5
147072.4
147283.5
147357.6
147358.212
147401.2
147401.4
147449.5
147901.3
147955.4
148007.5
148139.4
148401.1
148767.5
148858.6
148922.4
149220.5
149305.211
149305.6
149461.4
149760.5
149822.6
149823.212
149861.2
149861.4
149929.5
150361.3
150609.4
150826.5
150844.4
150861.1
151253.5
151328.6
151394.4
151714.5
151842.6
151843.212
151886.2
151886.4
151953.5
152386.3
152666.4
152886.1
152940.5
153111.6
153607.211
153607.6
153723.4
153813.5
153877.211
153877.6
154077.211
154077.6
154145.4
154433.5
154502.211
154502.6
154618.4
154797.5
154906.211
154906.6
155750.6
155751.212
155792.2
155792.4
155838.5
156180.4
156292.3
156384.5
156420.4
156422.5
156792.1
158526.6
158603.4
158787.5
158854.211
158854.6
159162.4
159468.5
159537.6
159538.212
159574.2
159574.4
159633.5
160074.3
160166.4
160574.1
160624.5
160626.4
160627.5
160719.6
160767.4
161091.5
161150.211
161150.6
161428.211
161428.6
161758.211
161758.6
161882.4
162212.5
162288.6
162289.212
162325.2
162325.4
162382.5
162825.3
162917.4
163004.5
163325.1
163759.6
163917.4
164160.5
164224.211
164224.6
164292.4
164518.5
164589.211
164589.6
164716.4
165021.5
165022.4
165105.5
165163.6
165164.212
165203.2
165203.4
165270.5
165703.3
165834.4
165890.5
166203.1
169710.6
170840.6
170841.212
170891.2
170891.4
170949.5
171391.3
171891.1
172399.6
172534.4
172651.5
172719.211
172719.6
173431.6
173432.212
173472.2
173472.4
173533.5
173972.3
174472.1
175221.6
175294.4
175550.5
175616.211
175616.6
175700.4
175897.5
175975.211
175975.6
176073.4
176094.5
176095.4
176294.5
176359.211
176359.6
176447.4
176852.5
176920.6
176921.212
176954.2
176954.4
177026.5
177454.3
177725.4
177748.5
177954.1
178314.4
178488.5
178495.4
178587.5
178654.6
178720.4
179193.5
179261.6
179262.212
179300.2
179300.4
179348.5
179800.3
180000.9
123456789
10
10
15
10
10
15
14
FI
2
6
10
48
30
11
21
30
6
2
946
0
0
0
314159265
40
4
215
180000
314159265
0.1
368.6
453.4
462.5
847.211
847.6
966.211
966.6
1145.211
1145.6
1534.211
1534.6
1635.4
1701.5
1705.4
1706.5
1800.211
1800.6
2376.211
2376.6
2615.211
2615.6
3055.211
3055.6
3367.211
3367.6
3782.4
3863.5
3931.211
3931.6
4546.6
4547.212
4597.2
4597.4
4672.5
5097.3
5523.4
5597.1
5848.5
6133.4
6320.5
6395.6
6462.4
6855.5
6925.211
6925.6
7028.4
7372.5
7449.211
7449.6
7913.211
7913.6
8408.211
8408.6
8601.211
8601.6
8651.4
8935.5
9017.211
9017.6
9113.4
9418.5
9493.4
9584.5
9659.6
9660.212
9699.2
9699.4
9780.5
10199.3
10500.4
10699.1
10985.5
11030.4
11133.5
11205.6
11251.4
11684.5
11779.211
11779.6
11889.4
12227.5
12318.211
12318.6
12365.4
12678.5
12680.4
12696.5
12703.4
12836.5
12917.211
12917.6
13001.4
13019.5
13028.4
13166.5
13282.4
13335.5
13409.211
13409.6
14349.6
14350.212
14402.2
14402.4
14441.5
14902.3
15358.4
15361.5
15362.4
15402.1
16190.5
16279.6
17028.6
17029.212
17082.2
17082.4
17129.5
17582.3
17866.4
18082.1
18324.5
18347.4
18742.5
18880.6
19311.211
19311.6
19440.4
19593.5
19696.211
19696.6
21334.4
22128.5
22252.6
22253.212
22301.2
22301.4
22345.5
22801.3
22933.4
23301.1
23638.5
23714.6
23777.4
24130.5
24212.211
24212.6
24485.211
24485.6
24546.4
24810.5
24879.211
24879.6
25096.211
25096.6
25157.4
25364.5
25478.211
25478.6
25588.4
25759.5
26322.6
26323.212
26366.2
26366.4
26436.5
26866.3
27157.4
27366.1
28053.5
28137.6
28261.4
28594.5
28617.4
28625.5
28768.6
28769.212
28825.2
28825.4
28901.5
29325.3
29825.1
29826.4
30192.5
30522.6
30601.4
30947.5
31028.211
31028.6
31199.211
31199.6
31301.4
31513.5
31580.211
31580.6
32057.211
32057.6
32125.211
32125.6
32172.4
32330.5
32428.211
32428.6
32490.4
32527.5
32856.211
32856.6
33203.211
33203.6
33723.211
33723.6
34868.6
34869.212
34928.2
34928.4
35007.5
35428.3
35928.1
36070.4
36189.5
36617.4
36769.5
36774.4
36843.5
36920.6
37880.6
37881.212
37930.2
37930.4
37998.5
38430.3
38930.1
40775.6
41128.211
41128.6
41209.4
41254.5
41692.211
41692.6
41830.211
41830.6
42400.211
42400.6
42826.211
42826.6
43311.211
43311.6
44031.6
44032.212
44088.2
44088.4
44177.5
44588.3
45088.1
45106.4
45253.5
45282.4
45341.5
46898.4
47011.5
47022.4
47073.5
47150.6
47303.4
47464.5
47586.211
47586.6
48006.211
48006.6
48446.211
48446.6
48522.4
48548.5
49209.6
49210.212
49253.2
49253.4
49319.5
49753.3
50084.4
50240.5
50253.1
52202.6
52823.6
52824.212
52872.2
52872.4
52936.5
53372.3
53748.4
53846.5
53872.1
54687.6
55649.6
55650.212
55702.2
55702.4
55746.5
56167.4
56202.3
56702.1
57045.5
57110.4
57261.5
57360.6
57489.4
57798.5
57882.211
57882.6
58174.4
58399.5
58509.6
58510.212
58552.2
58552.4
58619.5
59052.3
59461.4
59552.1
59569.5
59623.4
59779.5
59903.6
60370.211
60370.6
60439.4
60759.5
60834.211
60834.6
60986.4
61018.5
61023.4
61024.5
61033.4
61125.5
61294.211
61294.6
61759.211
61759.6
62273.211
62273.6
62350.4
62517.5
62543.4
62611.5
62680.211
62680.6
63116.211
63116.6
63578.211
63578.6
64053.211
64053.6
64653.211
64653.6
64877.4
64908.5
65040.211
65040.6
65383.211
65383.6
66157.8
66463.4
66601.5
66682.6
66683.212
66726.2
66726.4
66806.5
67226.3
67719.4
67726.1
67822.5
68324.8
68865.6
68941.4
68972.5
68980.4
69047.5
69478.6
69479.212
69523.2
69523.4
69585.5
70023.3
70369.4
70519.5
70523.1
70525.4
70553.5
71978.6
72045.4
72102.5
72299.211
72299.6
72771.211
72771.6
73811.6
73812.212
73853.2
73853.4
73937.5
74353.3
74651.4
74819.5
74825.4
74850.5
74853.1
75421.6
75643.4
75773.5
75840.211
75840.6
76059.211
76059.6
76422.211
76422.6
76712.211
76712.6
77000.211
77000.6
77347.211
77347.6
78685.4
78749.5
78751.4
78764.5
78853.6
78854.212
78894.2
78894.4
78965.5
79394.3
79894.1
80074.4
80078.5
83034.6
83096.4
83098.5
83101.4
83119.5
83617.211
83617.6
83916.211
83916.6
84337.211
84337.6
84808.211
84808.6
85183.211
85183.6
85835.6
85836.212
85876.2
85876.4
85988.5
86376.3
86816.4
86876.1
86973.5
87203.4
87426.5
87568.4
87570.5
87572.4
87619.5
87705.6
88211.211
88211.6
88569.211
88569.6
88962.211
88962.6
89603.6
89604.212
89643.2
89643.4
89698.5
90143.3
90349.4
90428.5
90643.1
90718.4
91490.5
91580.6
91688.4
92039.5
92046.4
92050.5
92053.4
92123.5
92192.6
92193.212
92237.2
92237.4
92339.5
92737.3
93237.1
93287.4
93644.5
93754.4
93969.5
94042.6
94508.211
94508.6
94664.211
94664.6
94723.4
94879.5
95231.211
95231.6
95817.211
95817.6
96386.211
96386.6
96900.211
96900.6
97178.211
97178.6
97588.211
97588.6
98083.211
98083.6
98442.211
98442.6
99069.6
99070.212
99114.2
99114.4
99165.5
99614.3
99768.4
99882.5
100114.1
101775.6
101838.4
101868.5
101869.4
101873.5
102793.6
102794.212
102840.2
102840.4
102891.5
103340.3
103385.4
103523.5
103540.4
103563.5
103840.1
104453.6
104510.4
104623.5
104703.8
105488.6
105489.212
105534.2
105534.4
105575.5
106034.3
106222.4
106390.5
106448.4
106498.5
106534.1
107653.6
108547.6
108548.212
108586.2
108586.4
108675.5
109086.3
109257.4
109586.1
109697.5
109701.4
109707.5
110756.6
110867.4
110949.5
110980.4
111110.5
111190.211
111190.6
111254.4
111277.5
111286.4
111294.5
111297.4
111425.5
111823.6
111824.212
111863.2
111863.4
111932.5
112363.3
112722.4
112863.1
112951.5
112954.4
112957.5
112960.4
112965.5
113027.4
113030.5
113032.4
113046.5
113051.4
113512.5
113654.4
113656.5
113661.4
113691.5
113695.4
114515.5
114602.6
114668.4
115052.5
115127.211
115127.6
115224.4
115513.5
115595.211
115595.6
115731.4
115744.5
115749.4
115786.5
115802.4
115819.5
115921.211
115921.6
116023.4
116045.5
116047.4
116155.5
116372.211
116372.6
116763.211
116763.6
116874.4
116901.5
118098.6
118099.212
118140.2
118140.4
118187.5
118640.3
118949.4
119083.5
119140.1
119746.6
120024.4
120171.5
120229.211
120229.6
121241.6
121242.212
121296.2
121296.4
121369.5
121796.3
122180.4
122296.1
122307.5
124938.6
125010.4
125054.5
125536.211
125536.6
125649.211
125649.6
126203.211
126203.6
126523.211
126523.6
127179.6
127180.212
127247.2
127247.4
127291.5
127747.3
128175.4
128247.1
128433.5
128435.4
128563.5
128799.4
129024.5
129090.6
129263.4
129320.5
129332.4
129476.5
129698.6
129699.212
129743.2
129743.4
129781.5
130243.3
130514.4
130628.5
130743.1
131242.4
131405.5
131486.6
131873.4
131965.5
132026.211
132026.6
132285.4
132291.5
132293.4
132376.5
132438.211
132438.6
132888.211
132888.6
133178.211
133178.6
133234.4
133281.5
133619.211
133619.6
133702.211
133702.6
134154.211
134154.6
134591.211
134591.6
134886.211
134886.6
135268.211
135268.6
135727.211
135727.6
136289.211
136289.6
136889.211
136889.6
136961.4
137048.5
137087.4
137093.5
137102.4
137188.5
137286.211
137286.6
137829.211
137829.6
137990.211
137990.6
138409.211
138409.6
139008.211
139008.6
139209.211
139209.6
139692.211
139692.6
140117.211
140117.6
140206.4
140214.5
140956.6
140957.212
140996.2
140996.4
141068.5
141496.3
141755.4
141996.1
142059.5
142073.4
142246.5
142247.4
142252.5
143437.6
144189.6
144190.212
144229.2
144229.4
144294.5
144729.3
145229.1
145280.4
145300.5
145367.4
145578.5
145645.4
145659.5
145665.4
145668.5
145673.4
145837.5
146087.4
146329.5
146333.4
146345.5
146351.4
146360.5
146362.4
146369.5
146432.4
146478.5
146509.4
146646.5
146710.6
146877.4
147021.5
147222.211
147222.6
147766.211
147766.6
147971.211
147971.6
148309.211
148309.6
148678.211
148678.6
148750.4
148823.5
149417.6
149418.212
149469.2
149469.4
149501.5
149969.3
150266.4
150469.1
151042.5
151202.4
151237.5
151239.4
151282.5
151911.6
152120.4
152177.5
152481.211
152481.6
152629.4
152654.5
152735.211
152735.6
153192.211
153192.6
153657.211
153657.6
154190.211
154190.6
154666.211
154666.6
155122.211
155122.6
155274.211
155274.6
157523.6
157524.212
157569.2
157569.4
157629.5
158069.3
158323.4
158469.5
158569.1
159238.6
159754.211
159754.6
161033.6
161034.212
161076.2
161076.4
161137.5
161576.3
161886.4
162018.5
162076.1
163285.6
164683.6
164684.212
164736.2
164736.4
164801.5
165236.3
165637.4
165655.5
165657.4
165695.5
165736.1
167425.6
167919.211
167919.6
168488.211
168488.6
169615.6
169616.212
169680.2
169680.4
169726.5
169876.4
170180.3
170489.5
170659.6
170680.1
170723.4
170840.5
170857.4
170930.5
171028.6
171482.211
171482.6
172097.6
172098.212
172137.2
172137.4
172220.5
172637.3
173137.1
173885.4
174030.5
174148.6
174321.211
174321.6
175043.6
175044.212
175086.2
175086.4
175138.5
175586.3
175599.4
175981.5
176086.1
177274.6
177351.4
177375.5
178374.6
178375.212
178414.2
178414.4
178463.5
178914.3
179104.4
179155.5
179414.1
180000.9
123456789
10
11
15
10
11
15
14
FI
2
6
10
47
54
11
20
54
6
2
1030
0
0
0
314159265
41
3
218
180000
314159265
0.1
658.6
747.4
806.5
1082.211
1082.6
1244.4
1387.5
1450.211
1450.6
1855.211
1855.6
2322.211
2322.6
3060.6
3061.212
3120.2
3120.4
3192.5
3620.3
4033.4
4120.1
4343.5
4422.4
4545.5
4635.6
4735.4
5027.5
5102.211
5102.6
5669.4
5741.5
5818.6
5819.212
5868.2
5868.4
5930.5
6368.3
6435.4
6868.1
7103.5
7199.6
7265.4
7589.5
7672.211
7672.6
7748.4
7772.5
7775.4
7782.5
7784.4
7786.5
7788.4
8055.5
8124.211
8124.6
8384.211
8384.6
8442.4
8716.5
8786.211
8786.6
9235.211
9235.6
9447.4
9735.5
9805.211
9805.6
9883.4
10089.5
10197.211
10197.6
10587.211
10587.6
10864.211
10864.6
11706.6
11707.212
11758.2
11758.4
11805.5
12258.3
12758.1
12957.4
13187.5
13485.4
13783.5
13842.6
14255.211
14255.6
14448.211
14448.6
14635.4
14823.5
14898.211
14898.6
15106.4
15483.5
15577.6
15578.212
15620.2
15620.4
15718.5
16120.3
16267.4
16556.5
16601.4
16607.5
16614.4
16616.5
16620.1
16627.4
16863.5
16961.6
17041.4
17279.5
17347.4
17357.5
17358.4
17423.5
17493.211
17493.6
17989.211
17989.6
18452.211
18452.6
18654.4
18656.5
18657.4
18678.5
18819.211
18819.6
19143.4
19368.5
19386.4
19395.5
19499.6
19500.212
19548.2
19548.4
19581.5
20048.3
20244.4
20548.1
20764.5
20813.4
20964.5
21039.6
21844.6
21845.212
21894.2
21894.4
21943.5
22394.3
22443.4
22894.1
23061.5
23149.6
23463.211
23463.6
23741.4
23980.5
24052.211
24052.6
24217.4
24243.5
24244.4
24246.5
24248.4
24370.5
24437.211
24437.6
24619.211
24619.6
25015.211
25015.6
25522.211
25522.6
25682.4
25911.5
25991.211
25991.6
26170.4
26176.5
26259.4
26289.5
26291.4
26310.5
26314.4
26316.5
26317.4
26320.5
26323.4
26329.5
26331.4
26406.5
26481.211
26481.6
26820.211
26820.6
27262.211
27262.6
27646.211
27646.6
27901.211
27901.6
28026.4
28217.5
28298.211
28298.6
29131.6
29132.212
29186.2
29186.4
29188.5
29190.4
29229.5
29571.4
29686.3
29795.5
29802.4
29970.5
30186.1
30504.6
31173.6
31174.212
31218.2
31218.4
31256.5
31718.3
32218.1
34663.6
34757.4
34952.5
35019.211
35019.6
35104.4
35216.5
35311.211
35311.6
35670.211
35670.6
36177.211
36177.6
36587.211
36587.6
36665.4
36909.5
37080.211
37080.6
37158.4
37442.5
37528.211
37528.6
37820.211
37820.6
37886.4
37906.5
37910.4
37914.5
38168.211
38168.6
39277.6
39278.212
39320.2
39320.4
39400.5
39820.3
39961.4
40013.5
40320.1
40704.6
40959.211
40959.6
41021.4
41095.5
41195.211
41195.6
41570.211
41570.6
42129.211
42129.6
42226.4
42234.5
42238.4
42247.5
42330.211
42330.6
42661.211
42661.6
42717.4
42739.5
42743.4
42744.5
43206.211
43206.6
43674.211
43674.6
44326.6
44327.212
44377.2
44377.4
44476.5
44877.3
45069.4
45304.5
45312.4
45377.1
45403.5
45677.4
45913.5
45998.6
47244.6
47245.212
47288.2
47288.4
47330.5
47788.3
47997.4
48288.1
48423.5
48475.4
48488.5
48489.4
48567.5
48883.4
49118.5
49191.6
49483.4
49810.5
49875.6
49876.212
49918.2
49918.4
49964.5
50418.3
50918.1
51033.4
51116.5
51572.6
51722.211
51722.6
52136.211
52136.6
52408.211
52408.6
52520.4
52664.5
52667.4
52673.5
52681.4
52687.5
52764.211
52764.6
53663.6
53664.212
53720.2
53720.4
53788.5
54220.3
54256.4
54380.5
54650.8
54720.1
54832.6
55394.211
55394.6
55465.4
55786.5
55847.211
55847.6
56155.211
56155.6
56227.4
56490.5
56553.211
56553.6
56814.4
56836.5
56838.4
56982.5
57070.211
57070.6
57183.4
57204.5
57210.4
57337.5
57495.211
57495.6
57858.211
57858.6
58024.4
58202.5
58280.211
58280.6
58351.4
58406.5
58555.211
58555.6
58671.4
58714.5
59172.6
59173.212
59219.2
59219.4
59366.5
59719.3
59916.4
60219.1
60409.5
60484.4
60505.5
60508.4
60674.5
60754.6
60886.4
61276.5
61352.211
61352.6
61547.4
61662.5
61729.211
61729.6
61845.4
62230.5
62307.211
62307.6
62719.211
62719.6
63155.211
63155.6
63706.211
63706.6
63765.4
63942.5
64124.4
64271.5
64433.6
64434.212
64475.2
64475.4
64548.5
64975.3
65088.4
65250.5
65285.4
65290.5
65475.1
67590.6
67946.211
67946.6
68595.6
68596.212
68635.2
68635.4
68723.5
69135.3
69629.4
69635.1
69750.5
72532.6
72624.4
72644.5
72645.4
72923.5
72987.211
72987.6
73040.4
73325.5
73404.211
73404.6
73670.4
74022.5
74089.6
74090.212
74127.2
74127.4
74178.5
74627.3
74808.4
75007.5
75127.1
75798.6
75897.4
76103.5
76169.211
76169.6
76989.6
76990.212
77044.2
77044.4
77087.5
77544.3
78044.1
78136.4
78142.5
78146.4
78426.5
78692.4
79080.5
79158.6
79256.4
79273.5
79277.4
79633.5
79700.211
79700.6
79797.4
79822.5
79823.4
79836.5
80104.211
80104.6
80236.4
80366.5
80427.211
80427.6
80573.4
80605.5
80756.211
80756.6
80994.211
80994.6
81291.211
81291.6
81685.211
81685.6
82144.211
82144.6
82290.211
82290.6
82769.211
82769.6
82848.4
82870.5
83143.211
83143.6
83527.211
83527.6
83587.4
83698.5
84156.6
84157.212
84197.2
84197.4
84257.5
84697.3
85197.1
85639.4
86238.5
86306.6
86398.4
86662.5
86734.211
86734.6
86887.4
87125.5
87201.211
87201.6
87342.4
87358.5
87366.4
87368.5
87526.211
87526.6
87924.211
87924.6
88216.211
88216.6
88278.4
88280.5
88459.211
88459.6
88822.211
88822.6
89224.211
89224.6
89636.211
89636.6
89680.4
89687.5
90329.6
90330.212
90376.2
90376.4
90431.5
90876.3
91118.4
91360.5
91376.1
91396.4
91402.5
92335.6
92400.4
92581.5
92592.4
92607.5
92747.211
92747.6
92833.4
92855.5
93466.6
93467.212
93507.2
93507.4
93577.5
93980.4
94007.3
94047.5
94244.4
94251.5
94256.4
94279.5
94290.4
94495.5
94507.1
95248.6
95809.211
95809.6
96193.211
96193.6
97114.6
97115.212
97174.2
97174.4
97252.5
97674.3
97994.4
98174.1
99106.5
99182.6
99236.4
99681.5
99750.211
99750.6
99824.4
99830.5
99834.4
99842.5
99848.4
100098.5
100165.211
100165.6
100281.4
100616.5
100690.211
100690.6
100761.4
100765.5
100770.4
100779.5
100783.4
100787.5
100789.4
100798.5
100804.4
100947.5
101072.211
101072.6
101154.4
101423.5
101492.211
101492.6
102188.6
102189.212
102230.2
102230.4
102300.5
102730.3
102878.4
103061.5
103230.1
105310.6
105453.211
105453.6
105687.211
105687.6
105937.211
105937.6
106610.6
106611.212
106664.2
106664.4
106727.5
107164.3
107337.4
107558.5
107664.1
108139.6
108895.6
108896.212
108938.2
108938.4
108939.5
108944.4
109030.5
109438.3
109608.4
109613.5
109938.1
110175.6
110241.4
110442.5
110690.4
110788.5
111236.6
111237.212
111293.2
111293.4
111351.5
111793.3
111840.4
112270.5
112293.1
112984.6
113358.211
113358.6
113907.211
113907.6
113985.211
113985.6
114029.4
114115.5
114917.6
114918.212
114969.2
114969.4
115008.5
115469.3
115969.1
116389.6
116450.4
116494.5
116888.211
116888.6
117347.211
117347.6
117805.211
117805.6
117954.211
117954.6
118347.211
118347.6
118611.4
118779.5
118873.211
118873.6
119322.211
119322.6
119430.211
119430.6
119813.211
119813.6
120185.211
120185.6
120337.211
120337.6
120566.211
120566.6
120636.4
120674.5
121263.6
121264.212
121321.2
121321.4
121424.5
121821.3
122049.4
122166.5
122321.1
123402.6
123976.211
123976.6
124092.8
124511.8
124826.6
124827.212
124870.2
124870.4
124942.5
125370.3
125611.4
125774.5
125870.1
126601.4
126606.5
127408.6
127539.4
127716.5
127814.211
127814.6
128118.211
128118.6
128547.211
128547.6
128625.4
128827.5
128901.211
128901.6
129310.211
129310.6
130562.6
130563.212
130614.2
130614.4
130698.5
131114.3
131449.4
131579.5
131614.1
132624.6
133005.211
133005.6
133639.6
133640.212
133683.2
133683.4
133758.5
134183.3
134290.4
134299.5
134683.1
135086.6
135657.211
135657.6
135725.4
135767.5
136047.211
136047.6
136925.6
136926.212
136968.2
136968.4
137076.5
137468.3
137968.1
138767.6
138907.211
138907.6
139171.211
139171.6
139619.211
139619.6
139654.211
139654.6
140255.6
140256.212
140299.2
140299.4
140401.5
140799.3
141299.1
141694.4
142350.5
142412.6
142492.4
142516.5
142989.211
142989.6
143182.4
143329.5
143396.211
143396.6
143658.211
143658.6
143736.4
143877.5
143995.211
143995.6
144136.211
144136.6
144240.4
144258.5
144436.211
144436.6
144736.211
144736.6
145382.6
145383.212
145448.2
145448.4
145497.5
145896.4
145948.3
146018.5
146198.4
146372.5
146376.4
146399.5
146448.1
147426.6
147853.211
147853.6
148161.211
148161.6
148453.211
148453.6
148756.211
148756.6
149114.211
149114.6
149554.211
149554.6
149739.4
149804.5
149930.211
149930.6
150339.211
150339.6
150754.211
150754.6
151122.211
151122.6
151779.6
151780.212
151832.2
151832.4
151876.5
152332.3
152832.1
156064.6
156186.4
156189.5
156199.4
156209.5
156261.4
156373.5
156665.6
156666.212
156712.2
156712.4
156767.5
156992.4
157212.3
157460.5
157712.1
158189.6
158537.211
158537.6
158931.211
158931.6
159647.6
159648.212
159689.2
159689.4
159748.5
160189.3
160689.1
160907.4
160982.5
161190.4
161288.5
161805.6
162238.211
162238.6
162563.211
162563.6
162990.211
162990.6
163990.6
163991.212
164056.2
164056.4
164087.5
164535.4
164556.3
164678.5
165056.1
165901.6
165996.4
166188.5
166322.211
166322.6
166399.4
166590.5
166691.211
166691.6
167062.211
167062.6
167408.211
167408.6
167608.211
167608.6
167889.4
167965.5
168030.211
168030.6
168564.211
168564.6
169124.211
169124.6
169786.6
169787.212
169838.2
169838.4
169885.5
170338.3
170838.1
171363.6
171865.211
171865.6
172271.211
172271.6
172728.211
172728.6
173217.211
173217.6
173707.211
173707.6
174107.211
174107.6
174692.211
174692.6
175339.6
175340.212
175389.2
175389.4
175445.5
175889.3
176389.1
177282.6
178313.6
178314.212
178354.2
178354.4
178417.5
178854.3
180000.9
123456789
10
12
15
10
12
15
14
FI
2
6
10
49
30
11
22
30
6
2
856
0
0
0
314159265
41
0
164
180000
314159265
0.1
208.6
508.211
508.6
736.211
736.6
1171.211
1171.6
1271.4
1272.5
1273.4
1516.5
1615.211
1615.6
1773.4
1796.5
1797.4
2005.5
2099.211
2099.6
2178.4
2181.5
2187.4
2379.5
2382.4
2383.5
2489.211
2489.6
2662.4
2848.5
2921.211
2921.6
3262.211
3262.6
3428.4
3591.5
3636.4
3715.5
3778.211
3778.6
4483.6
4484.212
4538.2
4538.4
4598.5
5038.3
5417.4
5538.1
5841.5
5970.6
6106.4
6285.5
6346.211
6346.6
6834.211
6834.6
6906.4
7163.5
7255.211
7255.6
7724.211
7724.6
8321.211
8321.6
8816.211
8816.6
9284.211
9284.6
9790.4
9943.5
10012.6
10013.212
10059.2
10059.4
10123.5
10500.4
10559.3
11024.5
11059.1
11558.6
12224.6
12225.212
12277.2
12277.4
12345.5
12777.3
13026.4
13082.5
13277.1
13297.4
13843.5
13890.4
14083.5
14160.6
14528.211
14528.6
14670.4
14887.5
14957.211
14957.6
15480.211
15480.6
15574.4
15881.5
15944.211
15944.6
16359.211
16359.6
16815.211
16815.6
17263.211
17263.6
17546.211
17546.6
17962.211
17962.6
18208.211
18208.6
18560.211
18560.6
18790.4
18793.5
19157.211
19157.6
19415.4
19582.5
19645.211
19645.6
20052.211
20052.6
20532.211
20532.6
20986.211
20986.6
21567.211
21567.6
21696.4
21857.5
21962.211
21962.6
22116.4
22141.5
22526.211
22526.6
22959.211
22959.6
23545.211
23545.6
24786.6
24787.212
24834.2
24834.4
24894.5
25334.3
25626.4
25834.1
25966.5
25978.4
26201.5
26287.4
26426.5
26614.4
26681.5
26682.4
26686.5
26687.4
26775.5
26890.6
27141.4
27370.5
27423.211
27423.6
27600.4
27862.5
27916.211
27916.6
28167.211
28167.6
28303.4
28486.5
28555.211
28555.6
28681.4
28722.5
28730.4
28969.5
29040.211
29040.6
29187.4
29289.5
29496.211
29496.6
29908.211
29908.6
30439.211
30439.6
31050.6
31051.212
31097.2
31097.4
31178.5
31597.3
32097.1
33497.6
34257.6
34258.212
34305.2
34305.4
34338.5
34805.3
34934.4
35117.5
35232.4
35250.5
35305.1
37349.6
37814.211
37814.6
37968.211
37968.6
38326.211
38326.6
38726.211
38726.6
39274.211
39274.6
39497.211
39497.6
39947.211
39947.6
40373.211
40373.6
40629.4
40797.5
40881.211
40881.6
41247.211
41247.6
41706.211
41706.6
42056.211
42056.6
42589.211
42589.6
42973.211
42973.6
43360.211
43360.6
43803.211
43803.6
44456.6
44457.212
44500.2
44500.4
44634.5
44756.4
45000.3
45096.5
45500.1
46746.6
48553.6
48554.212
48602.2
48602.4
48685.5
49102.3
49247.4
49529.5
49568.4
49602.1
49643.5
50108.4
50207.5
50694.6
51135.211
51135.6
51555.211
51555.6
51671.211
51671.6
51759.4
51859.5
51920.211
51920.6
52384.211
52384.6
53041.6
53042.212
53088.2
53088.4
53165.5
53588.3
53921.4
54088.1
54165.5
54718.4
54804.5
55209.6
55647.211
55647.6
55790.211
55790.6
56740.6
56741.212
56785.2
56785.4
56849.5
57285.3
57785.1
59553.6
59644.4
59738.5
60276.6
60277.212
60327.2
60327.4
60414.5
60827.3
61327.1
61932.6
62003.4
62020.5
62021.4
62023.5
62026.4
62116.5
62658.6
62659.212
62696.2
62696.4
62769.5
63067.4
63136.5
63196.3
63696.1
63932.4
64131.5
64332.4
64653.5
64722.6
64841.211
64841.6
64886.4
65151.5
65213.211
65213.6
65336.4
65718.5
65781.211
65781.6
66198.211
66198.6
66628.211
66628.6
67069.211
67069.6
67470.4
67472.5
67473.4
67582.5
67647.211
67647.6
67704.4
67812.5
68328.6
68329.212
68364.2
68364.4
68469.5
68633.4
68758.5
68864.3
69263.6
69364.1
69766.6
70240.211
70240.6
70663.211
70663.6
70987.211
70987.6
71359.211
71359.6
71447.4
71570.5
71645.211
71645.6
72133.211
72133.6
72605.211
72605.6
72847.211
72847.6
73421.211
73421.6
73493.4
73610.5
74415.6
74416.212
74453.2
74453.4
74509.5
74953.3
75083.4
75336.5
75453.1
75923.6
76020.4
76075.5
76436.211
76436.6
76906.211
76906.6
77674.6
77675.212
77712.2
77712.4
77797.5
78212.3
78712.1
79424.6
79815.211
79815.6
80362.211
80362.6
80751.211
80751.6
81202.211
81202.6
81353.4
81354.5
81704.211
81704.6
82382.6
82383.212
82432.2
82432.4
82492.5
82903.4
82932.3
83088.5
83432.1
83539.4
83818.5
83884.6
83965.4
83973.5
83987.4
83990.5
83994.4
83999.5
84289.211
84289.6
84398.4
84428.5
84430.4
84434.5
84701.211
84701.6
85070.211
85070.6
85698.6
85699.212
85749.2
85749.4
85795.5
86249.3
86749.1
87128.6
87469.211
87469.6
87891.211
87891.6
88419.211
88419.6
89569.6
89570.212
89620.2
89620.4
89676.5
90120.3
90189.4
90306.5
90620.1
93920.6
93979.4
94182.5
94244.211
94244.6
95196.6
95197.212
95239.2
95239.4
95282.5
95739.3
95797.4
96060.5
96239.1
98562.6
98630.4
98774.5
98786.4
98799.5
99306.6
99307.212
99351.2
99351.4
99400.5
99851.3
99995.4
100077.5
100351.1
101775.6
101860.4
101997.5
102008.4
102094.5
102154.211
102154.6
102775.6
102776.212
102817.2
102817.4
102872.5
103317.3
103517.4
103817.1
103920.5
103942.4
104005.5
104371.4
104499.5
104561.6
105107.211
105107.6
105586.211
105586.6
106108.211
106108.6
106660.211
106660.6
107701.6
107702.212
107751.2
107751.4
107818.5
108251.3
108751.1
108813.4
109693.5
109836.4
110184.5
110191.4
110245.5
110307.6
110408.4
110832.5
110897.211
110897.6
111324.211
111324.6
111489.211
111489.6
111932.211
111932.6
112278.211
112278.6
112782.211
112782.6
113358.211
113358.6
113589.211
113589.6
114033.211
114033.6
114524.211
114524.6
114983.211
114983.6
115495.211
115495.6
116141.6
116142.212
116185.2
116185.4
116250.5
116542.4
116685.3
116783.5
117185.1
117589.6
117651.4
117777.5
118483.6
118484.212
118521.2
118521.4
118592.5
119021.3
119198.4
119450.5
119521.1
120030.6
121162.6
121163.212
121200.2
121200.4
121279.5
121700.3
121801.4
122058.5
122200.1
125166.6
125683.211
125683.6
125758.4
125900.5
126305.6
126306.212
126353.2
126353.4
126411.5
126853.3
127082.4
127353.1
127456.5
127613.4
127823.5
128499.6
128987.211
128987.6
129384.211
129384.6
129809.211
129809.6
130048.4
130526.5
130587.6
130588.212
130626.2
130626.4
130703.5
130968.4
131068.5
131126.3
131626.1
131682.4
131940.5
132194.4
132342.5
132343.4
132489.5
132501.4
132636.5
132709.6
133599.6
133600.212
133638.2
133638.4
133688.5
134138.3
134140.4
134339.5
134638.1
136080.6
136197.4
136358.5
136416.211
136416.6
137210.6
137211.212
137259.2
137259.4
137300.5
137759.3
138259.1
139124.6
139959.6
139960.212
140012.2
140012.4
140049.5
140512.3
140608.4
140616.5
140617.4
140731.5
141012.1
141563.6
142852.6
142853.212
142909.2
142909.4
142952.5
143409.3
143909.1
144473.6
144864.211
144864.6
145540.6
145541.212
145590.2
145590.4
145649.5
145953.4
145998.5
146090.3
146368.4
146544.5
146590.1
147647.6
147741.4
147922.5
148389.6
148390.212
148432.2
148432.4
148494.5
148932.3
149232.4
149432.1
149606.5
149615.4
149690.5
149852.4
150039.5
150396.6
150893.211
150893.6
150983.4
151066.5
151159.211
151159.6
151860.6
151861.212
151902.2
151902.4
151969.5
152402.3
152664.4
152765.5
152902.1
153280.6
154351.6
154352.212
154390.2
154390.4
154439.5
154890.3
154966.4
155026.5
155334.4
155390.1
155463.5
156562.6
156632.4
156720.5
157070.211
157070.6
157594.211
157594.6
158030.211
158030.6
158426.211
158426.6
159400.6
159401.212
159441.2
159441.4
159502.5
159941.3
160247.4
160310.5
160441.1
160524.4
160976.5
162334.6
162659.4
162759.5
162827.211
162827.6
162890.4
162965.5
163336.211
163336.6
164088.6
164089.212
164127.2
164127.4
164173.5
164627.3
164709.4
164721.5
165127.1
165279.4
165405.5
166231.6
166683.211
166683.6
167076.211
167076.6
167489.211
167489.6
167898.211
167898.6
168368.211
168368.6
168991.6
168992.212
169043.2
169043.4
169084.5
169543.3
170043.1
171097.6
171904.6
171905.212
171955.2
171955.4
172007.5
172245.4
172455.3
172469.5
172955.1
173373.6
173859.211
173859.6
174609.6
174610.212
174652.2
174652.4
174705.5
175152.3
175652.1
176471.6
177050.211
177050.6
177146.211
177146.6
177625.211
177625.6
178174.211
178174.6
178339.4
178353.5
178878.6
178879.212
178919.2
178919.4
178982.5
179341.4
179405.5
179419.3
180000.9
123456789
10
13
15
10
13
15
14
FI
2
6
10
52
13
11
25
13
6
2
785
0
0
0
314159265
50
1
152
180000
314159265
0.1
283.6
765.211
765.6
1365.211
1365.6
2351.6
2352.212
2402.2
2402.4
2465.5
2902.3
3227.4
3297.5
3402.1
3936.6
4671.6
4672.212
4723.2
4723.4
4799.5
5223.3
5553.4
5635.5
5723.1
6073.6
6551.211
6551.6
6874.211
6874.6
7350.211
7350.6
7913.211
7913.6
8372.211
8372.6
8947.211
8947.6
9577.6
9578.212
9632.2
9632.4
9670.5
10132.3
10269.4
10632.1
10644.5
11322.6
11535.211
11535.6
12300.6
12301.212
12354.2
12354.4
12429.5
12854.3
13354.1
13594.6
14010.211
14010.6
14223.4
14458.5
14539.211
14539.6
15081.211
15081.6
15153.4
15447.5
15511.211
15511.6
16118.6
16119.212
16165.2
16165.4
16215.5
16655.4
16665.3
16795.5
17165.1
17534.6
18203.6
18204.212
18253.2
18253.4
18322.5
18753.3
18832.4
18968.5
19253.1
19471.6
20048.211
20048.6
20087.211
20087.6
20133.4
20346.5
20347.4
20382.5
20435.211
20435.6
20992.211
20992.6
21778.6
21779.212
21818.2
21818.4
21898.5
22318.3
22403.4
22460.5
22727.4
22818.1
23961.5
24130.6
24223.211
24223.6
24275.4
24807.5
24861.6
24862.212
24898.2
24898.4
24970.5
25398.3
25398.4
25695.5
25698.4
25710.5
25898.1
26644.4
26645.5
26647.4
26901.5
26962.6
27618.6
27619.212
27663.2
27663.4
27713.5
28139.4
28163.3
28298.5
28663.1
28800.6
29461.6
29462.212
29503.2
29503.4
29586.5
30003.3
30162.4
30503.1
30552.5
31032.6
31081.4
31393.5
31507.211
31507.6
31589.4
31704.5
32187.6
32188.212
32226.2
32226.4
32300.5
32726.3
32758.4
32813.5
33226.1
33566.6
34349.6
34350.212
34390.2
34390.4
34462.5
34890.3
34911.4
35007.5
35390.1
35503.6
36235.6
36236.212
36276.2
36276.4
36337.5
36776.3
37276.1
39469.6
39899.211
39899.6
41338.6
41339.212
41394.2
41394.4
41454.5
41894.3
42394.1
42786.4
42964.5
43033.6
43823.6
43824.212
43866.2
43866.4
43932.5
44366.3
44713.4
44822.5
44866.1
45282.6
45823.211
45823.6
46377.211
46377.6
47042.6
47043.212
47083.2
47083.4
47158.5
47583.3
47878.4
47954.5
48083.1
48096.4
48499.5
48636.4
48764.5
49349.6
49800.211
49800.6
50169.211
50169.6
50229.4
50314.5
50701.211
50701.6
51136.211
51136.6
51705.211
51705.6
52319.6
52320.212
52361.2
52361.4
52397.5
52861.3
52935.4
53178.5
53361.1
53700.6
53753.4
53795.5
54422.6
54423.212
54459.2
54459.4
54539.5
54959.3
55123.4
55249.5
55459.1
55926.6
55992.4
56281.5
56351.211
56351.6
56903.211
56903.6
56948.4
57134.5
57139.4
57143.5
57605.6
57606.212
57645.2
57645.4
57682.5
58145.3
58228.4
58532.5
58645.1
58961.6
59015.4
59227.5
59618.6
59619.212
59662.2
59662.4
59723.5
60162.3
60345.4
60391.5
60662.1
60946.6
61003.4
61286.5
61833.6
61834.212
61872.2
61872.4
61917.5
62256.4
62372.3
62441.5
62872.1
63300.6
63877.211
63877.6
64858.6
64859.212
64903.2
64903.4
64956.5
65403.3
65903.1
66420.6
66872.211
66872.6
67279.211
67279.6
67338.4
67424.5
67857.211
67857.6
68693.6
68694.212
68740.2
68740.4
68842.5
69034.4
69069.5
69240.3
69717.6
69740.1
69802.4
69889.5
70726.6
71178.211
71178.6
71631.211
71631.6
72152.211
72152.6
72746.211
72746.6
72799.4
72829.5
73508.6
73509.212
73549.2
73549.4
73715.5
74048.4
74049.3
74395.5
74549.1
74962.4
75387.5
75453.6
76815.6
76816.212
76856.2
76856.4
76923.5
77356.3
77856.1
77940.4
78087.5
78700.6
79220.211
79220.6
80616.6
80617.212
80659.2
80659.4
80727.5
81159.3
81257.4
81411.5
81659.1
83300.6
83784.211
83784.6
84181.211
84181.6
84569.211
84569.6
85068.211
85068.6
85452.211
85452.6
85505.4
85578.5
85998.211
85998.6
86617.6
86618.212
86657.2
86657.4
86697.5
87157.3
87201.4
87324.5
87657.1
90543.6
91063.211
91063.6
91621.211
91621.6
92418.6
92419.212
92458.2
92458.4
92506.5
92958.3
93031.4
93156.5
93296.4
93428.5
93458.1
94331.6
94387.4
94565.5
94715.211
94715.6
94791.4
95012.5
95079.211
95079.6
95554.211
95554.6
96170.6
96171.212
96212.2
96212.4
96266.5
96712.3
96803.4
96929.5
97212.1
98212.6
98726.211
98726.6
99133.211
99133.6
99550.211
99550.6
99909.211
99909.6
100517.6
100518.212
100574.2
100574.4
100606.5
101074.3
101184.4
101387.5
101574.1
102520.8
102881.6
102972.4
102974.5
102978.4
102999.5
103000.4
103026.5
103611.6
103612.212
103650.2
103650.4
103702.5
104150.3
104302.4
104351.5
104650.1
105630.4
105825.5
106011.4
106046.5
106047.4
106053.5
106522.4
106678.5
106747.6
107253.211
107253.6
107709.211
107709.6
107763.4
107827.5
108228.211
108228.6
108711.211
108711.6
109108.211
109108.6
109772.6
109773.212
109848.2
109848.4
109850.5
109906.4
109943.5
110348.3
110848.1
111421.4
111424.5
111427.4
111521.5
112345.6
112812.211
112812.6
113671.6
113672.212
113718.2
113718.4
113800.5
114218.3
114718.1
117581.6
118784.6
118785.212
118845.2
118845.4
118910.5
119345.3
119845.1
120905.6
121390.211
121390.6
121448.4
121597.5
121988.211
121988.6
122375.211
122375.6
123007.6
123008.212
123059.2
123059.4
123103.5
123559.3
124059.1
124654.6
124717.4
124746.5
124927.211
124927.6
126439.6
126440.212
126478.2
126478.4
126524.5
126978.3
127104.4
127290.5
127478.1
128262.6
128838.211
128838.6
128907.4
128941.5
129287.211
129287.6
129520.211
129520.6
130505.6
130506.212
130557.2
130557.4
130634.5
131057.3
131282.4
131344.5
131498.4
131557.1
131573.5
132946.6
133776.6
133777.212
133810.2
133810.4
133976.5
134310.3
134546.6
134810.1
135304.6
135374.4
135420.5
135770.211
135770.6
136399.6
136400.212
136463.2
136463.4
136518.5
136963.3
137463.1
137872.6
138315.211
138315.6
138652.211
138652.6
138705.4
138725.5
139180.211
139180.6
139738.211
139738.6
139792.4
139871.5
140485.6
140486.212
140527.2
140527.4
140562.5
140976.4
141027.3
141527.1
142054.5
142056.4
142067.5
142071.4
142178.5
142251.6
142300.4
142564.5
142970.4
143148.5
143657.4
143817.5
144236.6
144237.212
144289.2
144289.4
144321.5
144789.3
145206.4
145289.1
145343.5
147033.6
147525.211
147525.6
148410.6
148411.212
148458.2
148458.4
148517.5
148958.3
148979.4
149146.5
149256.4
149346.5
149458.1
150263.6
150827.211
150827.6
151587.6
151588.212
151627.2
151627.4
151698.5
152127.3
152323.4
152339.5
152344.4
152350.5
152377.4
152447.5
152627.1
155990.6
156510.211
156510.6
156947.211
156947.6
157305.211
157305.6
157658.4
157674.5
157735.211
157735.6
158292.211
158292.6
159070.6
159071.212
159107.2
159107.4
159146.5
159565.4
159583.5
159603.4
159607.3
159783.5
160107.1
161264.6
162183.6
162184.212
162224.2
162224.4
162292.5
162724.3
162824.4
162877.5
163224.1
163459.4
163731.5
164261.4
164263.5
164264.4
164341.5
164987.6
165975.6
165976.212
166027.2
166027.4
166067.5
166380.4
166391.5
166527.3
167027.1
167185.4
167192.5
167251.6
167897.6
167898.212
167964.2
167964.4
168012.5
168297.4
168332.5
168464.3
168964.1
169770.6
169875.211
169875.6
170381.211
170381.6
170456.211
170456.6
171480.6
171481.212
171520.2
171520.4
171577.5
172020.3
172520.1
172672.4
172704.5
172708.4
172711.5
172833.6
173408.211
173408.6
173702.211
173702.6
173814.211
173814.6
174154.211
174154.6
174382.211
174382.6
175343.6
175344.212
175387.2
175387.4
175429.5
175887.3
176387.1
176935.6
177467.4
177491.5
177657.6
177658.212
177714.2
177714.4
177748.5
178214.3
178714.1
178865.4
178904.5
179074.6
179299.211
180000.9
123456789
10
14
15
10
14
15
14
FI
2
6
10
48
00
11
21
00
6
2
658
0
0
0
314159265
41
0
114
180000
314159265
0.1
286.6
395.4
397.5
404.4
497.5
578.211
578.6
1207.6
1208.212
1272.2
1272.4
1341.5
1772.3
1920.4
1972.5
2257.4
2272.1
2401.5
3458.6
3689.211
3689.6
3764.4
3997.5
4103.211
4103.6
4138.211
4138.6
5009.6
5010.212
5057.2
5057.4
5118.5
5557.3
6057.1
6122.4
6429.5
6504.6
7050.211
7050.6
7139.4
7223.5
7505.211
7505.6
8038.211
8038.6
8425.211
8425.6
8493.4
8585.5
8891.211
8891.6
8909.211
8909.6
9434.211
9434.6
9640.211
9640.6
9809.211
9809.6
10180.211
10180.6
10719.211
10719.6
11159.211
11159.6
11617.211
11617.6
12047.211
12047.6
12146.4
12222.5
12777.6
12778.212
12821.2
12821.4
12887.5
13321.3
13821.1
13903.6
14111.4
14281.5
14282.4
14346.5
14448.211
14448.6
14477.211
14477.6
14963.211
14963.6
15173.4
15458.5
15520.211
15520.6
16010.211
16010.6
16420.211
16420.6
16930.211
16930.6
17471.211
17471.6
17990.211
17990.6
18490.211
18490.6
18542.211
18542.6
18597.4
18693.5
18938.211
18938.6
19296.211
19296.6
19933.6
19934.212
19975.2
19975.4
20018.5
20475.3
20613.4
20918.5
20975.1
22785.6
22869.4
22952.5
23487.6
23488.212
23538.2
23538.4
23583.5
24038.3
24088.4
24467.5
24538.1
25923.6
26461.211
26461.6
26560.4
26589.5
27081.6
27082.212
27128.2
27128.4
27192.5
27628.3
28095.4
28104.5
28110.4
28128.1
28183.5
28553.4
28625.5
29124.6
30114.6
30115.212
30158.2
30158.4
30207.5
30658.3
31158.1
31416.6
31597.4
32013.5
32072.6
32073.212
32119.2
32119.4
32176.5
32619.3
32662.4
32971.5
33119.1
34430.6
34812.211
34812.6
35005.4
35365.5
35423.6
35424.212
35463.2
35463.4
35540.5
35963.3
36463.1
36467.4
36606.5
36621.4
36790.5
36978.4
37252.5
37307.6
37399.4
37502.5
37607.211
37607.6
37995.211
37995.6
38073.4
38426.5
38494.211
38494.6
38761.211
38761.6
39149.4
39442.5
39502.6
39503.212
39543.2
39543.4
39605.5
40043.3
40333.4
40461.5
40543.1
41008.4
41151.5
41218.6
41925.6
41926.212
41968.2
41968.4
42026.5
42429.4
42468.3
42495.5
42918.4
42968.1
43250.5
43809.6
44509.6
44510.212
44552.2
44552.4
44611.5
45052.3
45174.4
45235.5
45552.1
45691.4
45995.5
46000.4
46121.5
46389.4
46604.5
46669.6
47222.211
47222.6
47634.211
47634.6
47874.211
47874.6
48167.211
48167.6
48611.211
48611.6
49108.211
49108.6
49338.211
49338.6
49437.4
49546.5
49609.211
49609.6
49701.4
49777.5
49991.211
49991.6
50412.211
50412.6
50832.211
50832.6
51107.211
51107.6
51986.6
51987.212
52032.2
52032.4
52090.5
52532.3
53032.1
53843.6
54253.211
54253.6
54556.211
54556.6
55002.211
55002.6
55800.6
55801.212
55846.2
55846.4
55897.5
56346.3
56552.4
56728.5
56846.1
57012.4
57062.5
57644.6
57703.4
57829.5
58250.6
58251.212
58290.2
58290.4
58349.5
58790.3
58875.4
58944.5
59228.4
59290.1
59335.5
60422.6
61070.6
61071.212
61114.2
61114.4
61175.5
61614.3
62114.1
62179.4
62225.5
62699.6
62770.4
62873.5
63438.6
63439.212
63476.2
63476.4
63530.5
63976.3
64476.1
64914.6
65122.211
65122.6
65387.211
65387.6
65435.4
65513.5
65713.211
65713.6
66056.211
66056.6
66534.211
66534.6
66971.211
66971.6
67254.211
67254.6
68875.6
68876.212
68929.2
68929.4
68985.5
69429.3
69929.1
70826.6
70897.4
70933.5
71343.211
71343.6
71690.211
71690.6
71733.211
71733.6
72387.6
72388.212
72438.2
72438.4
72485.5
72938.3
73438.1
76605.6
76769.4
76782.5
77300.6
77301.212
77359.2
77359.4
77418.5
77859.3
78359.1
80498.6
81065.211
81065.6
81860.6
81861.212
81918.2
81918.4
81980.5
82418.3
82918.1
83717.6
84307.211
84307.6
84711.211
84711.6
85302.211
85302.6
85766.211
85766.6
86502.6
86503.212
86555.2
86555.4
86618.5
87055.3
87555.1
87882.6
88485.6
88486.212
88535.2
88535.4
88569.5
89035.3
89535.1
90346.6
91059.6
91060.212
91102.2
91102.4
91155.5
91602.3
92102.1
92457.6
93149.6
93150.212
93185.2
93185.4
93255.5
93685.3
94119.4
94185.1
94333.5
95451.6
96235.6
96236.212
96272.2
96272.4
96338.5
96772.3
96968.4
97034.5
97272.1
98991.6
99070.4
99110.5
99589.211
99589.6
99874.211
99874.6
100813.6
100814.212
100854.2
100854.4
100895.5
101354.3
101408.4
101569.5
101854.1
102881.6
103663.6
103664.212
103704.2
103704.4
103782.5
104204.3
104704.1
105291.6
105835.211
105835.6
105914.211
105914.6
106341.211
106341.6
106938.211
106938.6
107768.6
107769.212
107831.2
107831.4
107841.5
107846.4
107880.5
108331.3
108763.4
108831.1
108960.5
109969.6
110400.211
110400.6
112062.6
112063.212
112125.2
112125.4
112191.5
112625.3
113125.1
113391.4
113454.5
113767.4
113780.5
115594.6
116269.6
116270.212
116333.2
116333.4
116434.5
116833.3
117333.1
117342.4
117502.5
117829.4
118002.5
118069.6
118167.4
118468.5
118524.211
118524.6
118641.4
118876.5
118938.211
118938.6
119555.6
119556.212
119612.2
119612.4
119644.5
120112.3
120612.1
121678.6
122161.211
122161.6
122679.211
122679.6
123098.211
123098.6
123692.211
123692.6
124885.6
124886.212
124933.2
124933.4
125043.5
125162.4
125226.5
125433.3
125933.1
126407.6
127010.6
127011.212
127058.2
127058.4
127118.5
127558.3
128058.1
133518.6
134270.6
134271.212
134319.2
134319.4
134420.5
134819.3
135319.1
138301.6
138795.211
138795.6
139256.211
139256.6
139366.211
139366.6
139530.211
139530.6
139719.211
139719.6
140143.211
140143.6
140268.211
140268.6
140452.211
140452.6
140900.211
140900.6
141625.6
141626.212
141690.2
141690.4
141830.5
141853.4
141855.5
141857.4
141940.5
142155.4
142190.3
142284.5
142466.4
142547.5
142690.1
143636.4
143692.5
144428.4
144484.5
145442.4
145514.5
148095.6
148796.6
148797.212
148857.2
148857.4
149072.5
149179.4
149263.5
149357.3
149857.1
150136.6
155350.6
155351.212
155394.2
155394.4
155572.5
155619.4
155835.5
155894.3
156394.1
159548.6
160427.6
160428.212
160491.2
160491.4
160547.5
160564.4
160629.5
160991.3
161491.1
161674.6
163068.6
163069.212
163111.2
163111.4
163251.5
163611.3
164111.1
164654.4
164678.5
171608.6
171684.211
171684.6
172446.6
172447.212
172501.2
172501.4
172534.5
173001.3
173501.1
180000.9
123456789
10
15
15
10
15
15
14
FI
2
6
10
50
52
11
23
52
6
2
817
0
0
0
314159265
46
0
137
180000
314159265
0.1
198.6
665.211
665.6
1122.211
1122.6
1525.211
1525.6
1911.211
1911.6
2011.4
2186.5
2513.6
2514.212
2578.2
2578.4
2634.5
3025.4
3078.3
3180.5
3578.1
3774.6
3985.211
3985.6
4501.211
4501.6
5074.211
5074.6
5284.211
5284.6
5620.211
5620.6
6039.211
6039.6
6216.4
6291.5
6424.211
6424.6
7027.6
7028.212
7077.2
7077.4
7343.5
7577.3
7840.4
7842.5
7843.4
7850.5
7865.4
8077.1
8466.5
8539.6
8756.4
9087.5
9155.6
9156.212
9197.2
9197.4
9262.5
9629.4
9694.5
9697.3
10040.4
10197.1
10420.5
10514.6
10665.4
10668.5
10671.4
11002.5
11088.211
11088.6
11305.211
11305.6
11781.211
11781.6
11893.4
12196.5
12339.211
12339.6
12805.211
12805.6
13182.211
13182.6
13772.211
13772.6
14330.211
14330.6
14937.6
14938.212
14988.2
14988.4
15041.5
15488.3
15866.4
15988.1
16052.5
16641.6
16933.211
16933.6
17179.211
17179.6
17721.211
17721.6
18404.6
18405.212
18443.2
18443.4
18520.5
18943.3
19149.4
19248.5
19443.1
19904.6
20804.6
20805.212
20844.2
20844.4
20897.5
21344.3
21756.4
21844.1
21852.5
22612.6
22788.4
22933.5
23001.211
23001.6
23356.4
23598.5
23651.6
23652.212
23696.2
23696.4
23751.5
24196.3
24333.4
24453.5
24696.1
25083.6
25804.6
25805.212
25840.2
25840.4
25887.5
26116.4
26121.5
26124.4
26126.5
26128.4
26340.3
26678.5
26756.6
26840.1
27233.6
27751.211
27751.6
28097.211
28097.6
28452.211
28452.6
28806.211
28806.6
29474.6
29475.212
29521.2
29521.4
29597.5
30021.3
30097.4
30351.5
30417.4
30521.1
30628.5
30712.6
30784.4
31183.5
31236.211
31236.6
31302.4
31602.5
31662.211
31662.6
31771.4
32144.5
32213.211
32213.6
32343.4
32739.5
32791.211
32791.6
33183.211
33183.6
33435.4
33518.5
33811.6
33812.212
33854.2
33854.4
33910.5
34354.3
34575.4
34854.1
35070.5
35133.6
35181.4
35508.5
35570.211
35570.6
35791.4
35796.5
35798.4
35801.5
35803.4
35809.5
36396.6
36397.212
36437.2
36437.4
36485.5
36937.3
37154.4
37263.5
37437.1
38140.6
38860.6
38861.212
38899.2
38899.4
38946.5
39399.3
39723.4
39899.1
40111.5
40740.6
40978.4
41121.5
41183.211
41183.6
41413.211
41413.6
41490.4
41951.5
42024.6
42025.212
42060.2
42060.4
42108.5
42560.3
42819.4
43060.1
43074.5
43486.6
43532.4
43734.5
43783.211
43783.6
44047.211
44047.6
44256.211
44256.6
44427.4
44655.5
44709.211
44709.6
45129.211
45129.6
45622.211
45622.6
45705.4
45895.5
45968.211
45968.6
46600.6
46601.212
46641.2
46641.4
46702.5
47092.4
47141.3
47153.5
47445.4
47641.1
47661.5
48322.6
48393.4
48648.5
48699.211
48699.6
48802.4
49002.5
49113.211
49113.6
49687.211
49687.6
50204.211
50204.6
50601.211
50601.6
51089.211
51089.6
51608.211
51608.6
51906.4
52088.5
52175.211
52175.6
52612.211
52612.6
52675.4
52726.5
53219.6
53220.212
53260.2
53260.4
53381.5
53760.3
54039.4
54186.5
54260.1
55141.6
55356.211
55356.6
56101.6
56102.212
56144.2
56144.4
56176.5
56638.4
56644.3
56699.5
57144.1
57309.6
58122.6
58123.212
58165.2
58165.4
58230.5
58665.3
59165.1
59653.6
59727.4
59893.5
60411.6
60412.212
60448.2
60448.4
60533.5
60948.3
61239.4
61329.5
61448.1
62857.6
63439.211
63439.6
63737.211
63737.6
64069.211
64069.6
64601.211
64601.6
64664.4
64787.5
64958.211
64958.6
65469.211
65469.6
66162.6
66163.212
66199.2
66199.4
66284.5
66699.3
67199.1
68619.6
69492.6
69493.212
69542.2
69542.4
69584.5
70042.3
70542.1
72412.4
73111.5
73187.6
73389.211
73389.6
73492.4
73766.5
73834.211
73834.6
74281.211
74281.6
74601.211
74601.6
74995.211
74995.6
75634.6
75635.212
75671.2
75671.4
75735.5
76171.3
76298.4
76400.5
76671.1
77386.6
77895.211
77895.6
78505.6
78506.212
78543.2
78543.4
78601.5
79043.3
79371.4
79457.5
79543.1
79776.4
80117.5
80371.4
80564.5
80622.4
80828.5
80896.6
80957.4
80962.5
80967.4
81041.5
81124.4
81272.5
81334.211
81334.6
81902.211
81902.6
81982.4
82099.5
82412.211
82412.6
82887.211
82887.6
83317.211
83317.6
83755.211
83755.6
83812.4
83890.5
84292.211
84292.6
84847.211
84847.6
85247.211
85247.6
85713.211
85713.6
86085.211
86085.6
86615.211
86615.6
87521.6
87522.212
87565.2
87565.4
87601.5
88065.3
88167.4
88212.5
88565.1
88660.4
88663.5
88669.4
88759.5
89717.6
89782.4
89897.5
90291.211
90291.6
90785.211
90785.6
91151.211
91151.6
91736.211
91736.6
91798.4
91876.5
92431.6
92432.212
92466.2
92466.4
92503.5
92966.3
93247.4
93338.5
93466.1
93484.4
93494.5
93544.4
93664.5
94744.6
94807.4
94932.5
95520.6
95521.212
95563.2
95563.4
95627.5
96063.3
96550.4
96563.1
96583.5
98209.6
98707.211
98707.6
98813.211
98813.6
99262.211
99262.6
99730.211
99730.6
100192.211
100192.6
100718.211
100718.6
101283.211
101283.6
101730.211
101730.6
102082.211
102082.6
102655.211
102655.6
102734.4
102805.5
103170.211
103170.6
103540.211
103540.6
104206.6
104207.212
104243.2
104243.4
104280.5
104743.3
105243.1
105782.6
106273.211
106273.6
107066.6
107067.212
107103.2
107103.4
107147.5
107603.3
107634.4
107743.5
108103.1
108680.6
109119.211
109119.6
109175.4
109279.5
109689.211
109689.6
109801.4
109802.5
110049.211
110049.6
110322.211
110322.6
110709.211
110709.6
111099.211
111099.6
111138.4
111215.5
111477.211
111477.6
111941.211
111941.6
112285.211
112285.6
112767.211
112767.6
113327.211
113327.6
114042.6
114043.212
114080.2
114080.4
114158.5
114580.3
115080.1
116125.6
116655.211
116655.6
117358.6
117359.212
117402.2
117402.4
117436.5
117902.3
118402.1
119524.6
120200.6
120201.212
120249.2
120249.4
120347.5
120749.3
121249.1
122108.6
122942.6
122943.212
122992.2
122992.4
123031.5
123492.3
123992.1
124006.4
124052.5
125709.6
125960.211
125960.6
126291.211
126291.6
126902.6
126903.212
126939.2
126939.4
126994.5
127439.3
127939.1
128286.4
128293.5
128456.6
129011.211
129011.6
129325.211
129325.6
130328.6
130329.212
130364.2
130364.4
130483.5
130864.3
131364.1
131833.6
132317.211
132317.6
132801.211
132801.6
133198.211
133198.6
133818.6
133819.212
133858.2
133858.4
133903.5
134358.3
134858.1
136088.6
136645.211
136645.6
137367.6
137368.212
137412.2
137412.4
137470.5
137912.3
138412.1
139022.4
139080.5
139146.6
139679.211
139679.6
140614.6
140615.212
140658.2
140658.4
140710.5
141158.3
141258.4
141308.5
141647.4
141658.1
141747.5
142953.6
143413.211
143413.6
144624.6
144625.212
144665.2
144665.4
144747.5
145165.3
145406.4
145411.5
145665.1
146307.6
146666.211
146666.6
147199.211
147199.6
148432.6
148433.212
148496.2
148496.4
148548.5
148996.3
149177.4
149372.5
149413.4
149496.1
149631.5
150018.6
150502.211
150502.6
150831.211
150831.6
151494.6
151495.212
151542.2
151542.4
151610.5
152042.3
152542.1
152878.6
153231.211
153231.6
153681.211
153681.6
154271.211
154271.6
154651.211
154651.6
155309.6
155310.212
155349.2
155349.4
155392.5
155849.3
156349.1
157228.6
157515.211
157515.6
157979.211
157979.6
158891.6
158892.212
158939.2
158939.4
158999.5
159439.3
159939.1
160940.6
161371.211
161371.6
161738.211
161738.6
162237.211
162237.6
162619.211
162619.6
163383.6
163384.212
163417.2
163417.4
163448.5
163917.3
164417.1
165202.6
165980.6
165981.212
166021.2
166021.4
166095.5
166521.3
166872.4
167021.1
167270.5
167283.4
167318.5
167321.4
167327.5
168524.6
169427.6
169428.212
169467.2
169467.4
169509.5
169967.3
170194.4
170467.1
170476.5
172048.6
172325.211
172325.6
173232.6
173233.212
173267.2
173267.4
173332.5
173767.3
174267.1
175472.6
175949.211
175949.6
176944.6
176945.212
177002.2
177002.4
177075.5
177502.3
178002.1
180000.9
123456789
10
16
15
10
16
15
14
FI
2
6
10
49
30
11
22
30
6
2
775
0
0
0
314159265
50
0
106
180000
314159265
0.1
226.6
737.211
737.6
1170.211
1170.6
1604.211
1604.6
1899.211
1899.6
2303.211
2303.6
2652.211
2652.6
3274.6
3275.212
3326.2
3326.4
3385.5
3826.3
4319.6
4326.1
4382.4
4513.5
5166.6
5769.6
5770.212
5808.2
5808.4
5877.5
6308.3
6808.1
7559.6
8151.211
8151.6
8376.211
8376.6
8813.211
8813.6
9660.6
9661.212
9706.2
9706.4
9752.5
10206.3
10262.4
10343.5
10706.1
10956.6
11600.6
11601.212
11650.2
11650.4
11689.5
12018.4
12020.5
12023.4
12150.3
12167.5
12650.1
12863.6
13436.211
13436.6
13689.211
13689.6
14457.6
14458.212
14499.2
14499.4
14544.5
14969.4
14999.3
15279.5
15499.1
15772.6
15864.4
15884.5
15889.4
16056.5
16128.211
16128.6
16472.211
16472.6
16949.211
16949.6
17730.6
17731.212
17767.2
17767.4
17826.5
18245.4
18267.3
18572.5
18767.1
19321.6
19439.4
19678.5
19740.211
19740.6
20258.211
20258.6
20827.211
20827.6
21284.211
21284.6
21832.211
21832.6
21907.4
21995.5
22517.6
22518.212
22555.2
22555.4
22612.5
23055.3
23096.4
23264.5
23555.1
23966.6
24026.4
24077.5
24643.6
24644.212
24683.2
24683.4
24747.5
25183.3
25683.1
27010.6
27539.211
27539.6
27873.211
27873.6
28272.211
28272.6
28849.211
28849.6
28923.4
29023.5
29616.6
29617.212
29665.2
29665.4
29702.5
30165.3
30197.4
30321.5
30665.1
31058.6
31112.4
31156.5
31560.211
31560.6
32266.6
32267.212
32305.2
32305.4
32349.5
32805.3
33305.1
34053.6
34327.211
34327.6
38897.6
38898.212
38978.2
38978.4
39035.5
39478.3
39978.1
40640.6
41893.6
41894.212
41956.2
41956.4
42011.5
42456.3
42760.4
42815.5
42956.1
43050.4
43139.5
43403.4
43810.5
44254.6
44535.4
44814.5
44874.6
44875.212
44912.2
44912.4
44966.5
45412.3
45609.4
45751.5
45912.1
46136.6
46264.211
46264.6
46661.211
46661.6
46955.211
46955.6
47007.4
47171.5
47230.211
47230.6
47552.4
47554.5
47556.4
47673.5
47731.211
47731.6
47860.211
47860.6
47997.211
47997.6
48054.4
48300.5
48351.211
48351.6
48580.211
48580.6
49587.6
49588.212
49626.2
49626.4
49680.5
50126.3
50360.4
50384.5
50397.4
50477.5
50626.1
51152.4
51287.5
51288.4
51344.5
51416.6
51748.211
51748.6
52205.211
52205.6
52412.211
52412.6
52533.211
52533.6
52889.211
52889.6
53158.211
53158.6
53654.211
53654.6
53931.211
53931.6
54415.211
54415.6
54497.4
54533.5
55014.211
55014.6
55400.4
55415.5
56046.6
56047.212
56084.2
56084.4
56145.5
56584.3
57084.1
57160.6
57263.211
57263.6
57658.211
57658.6
57699.211
57699.6
57818.211
57818.6
58514.6
58515.212
58586.2
58586.4
58654.5
59086.3
59168.4
59406.5
59586.1
60498.6
60825.211
60825.6
61315.211
61315.6
61645.211
61645.6
62014.211
62014.6
62163.211
62163.6
62972.6
62973.212
63021.2
63021.4
63092.5
63521.3
64021.1
64333.4
64399.5
65051.6
65654.6
65655.212
65692.2
65692.4
65753.5
66192.3
66692.1
66834.6
66887.4
66953.5
67698.6
67699.212
67738.2
67738.4
67790.5
68238.3
68738.1
69679.6
70353.6
70354.212
70390.2
70390.4
70444.5
70880.4
70890.3
71018.5
71390.1
71521.6
72047.211
72047.6
72161.4
72209.5
72596.211
72596.6
73070.211
73070.6
74289.6
74290.212
74330.2
74330.4
74409.5
74830.3
75131.4
75187.5
75330.1
75855.6
75918.4
75961.5
76329.211
76329.6
76931.6
76932.212
76968.2
76968.4
77027.5
77468.3
77527.4
77611.5
77968.1
78255.6
78873.6
78874.212
78911.2
78911.4
79014.5
79411.3
79744.4
79911.1
79912.5
80549.4
80637.5
80785.6
81484.6
81485.212
81520.2
81520.4
81614.5
82020.3
82415.4
82520.1
82691.5
83381.6
83895.211
83895.6
83961.4
84223.5
84274.211
84274.6
84321.4
84444.5
84922.6
84923.212
84960.2
84960.4
85024.5
85460.3
85960.1
85981.4
85989.5
86562.6
87110.211
87110.6
87804.6
87805.212
87845.2
87845.4
87888.5
88345.3
88845.1
89399.6
89859.211
89859.6
90581.6
90582.212
90620.2
90620.4
90662.5
91120.3
91620.1
92119.6
92163.4
92214.5
92550.211
92550.6
92786.211
92786.6
92865.211
92865.6
93281.211
93281.6
93786.211
93786.6
94437.6
94438.212
94474.2
94474.4
94511.5
94974.3
95197.4
95309.5
95474.1
96239.6
97139.6
97140.212
97194.2
97194.4
97262.5
97694.3
98194.1
98756.6
99629.6
99630.212
99697.2
99697.4
99745.5
100197.3
100507.6
100697.1
100976.6
101324.211
101324.6
101557.211
101557.6
101725.4
101760.5
101866.211
101866.6
102121.211
102121.6
102632.211
102632.6
102855.211
102855.6
104036.6
104037.212
104090.2
104090.4
104137.5
104590.3
105090.1
105283.6
105921.6
105922.212
105959.2
105959.4
106046.5
106459.3
106959.1
107292.6
107842.211
107842.6
107890.4
107952.5
108468.6
108469.212
108503.2
108503.4
108600.5
109003.3
109503.1
110880.6
111305.211
111305.6
111757.211
111757.6
112257.211
112257.6
112874.6
112875.212
112914.2
112914.4
112976.5
113414.3
113457.4
113472.5
113914.1
114200.6
120844.6
120845.212
121023.2
121023.4
121105.5
121523.3
121981.4
122023.1
122036.5
122211.6
123285.6
123286.212
123357.2
123357.4
123412.5
123857.3
124357.1
125182.6
125228.211
125228.6
125759.211
125759.6
126130.211
126130.6
126861.6
126862.212
126921.2
126921.4
126999.5
127421.3
127921.1
128596.6
129019.211
129019.6
129261.211
129261.6
129674.211
129674.6
129886.211
129886.6
130254.211
130254.6
130605.211
130605.6
130910.211
130910.6
131263.211
131263.6
131532.211
131532.6
132086.211
132086.6
132272.211
132272.6
132563.211
132563.6
132883.211
132883.6
133523.6
133524.212
133557.2
133557.4
133614.5
134057.3
134557.1
134619.6
134986.211
134986.6
135261.211
135261.6
135598.211
135598.6
136241.6
136242.212
136311.2
136311.4
136360.5
136811.3
137077.4
137177.5
137287.4
137311.1
137624.5
137776.4
137858.5
137953.6
138461.211
138461.6
138617.211
138617.6
139122.211
139122.6
139681.211
139681.6
140094.211
140094.6
141200.6
141201.212
141261.2
141261.4
141307.5
141761.3
142261.1
142821.6
142934.211
142934.6
143252.211
143252.6
143517.211
143517.6
144128.6
144129.212
144189.2
144189.4
144256.5
144689.3
145189.1
145616.6
145829.211
145829.6
146204.211
146204.6
146704.211
146704.6
146954.211
146954.6
147412.211
147412.6
147483.211
147483.6
148016.211
148016.6
148392.211
148392.6
149340.6
149341.212
149400.2
149400.4
149482.5
149900.3
150400.1
151176.6
151870.6
151871.212
151922.2
151922.4
151960.5
152422.3
152922.1
153633.6
154092.211
154092.6
154566.211
154566.6
154921.211
154921.6
155603.6
155604.212
155662.2
155662.4
155741.5
155955.4
156011.5
156162.3
156662.1
157338.6
158204.6
158205.212
158246.2
158246.4
158297.5
158746.3
159246.1
160775.6
160944.211
160944.6
161468.211
161468.6
161969.211
161969.6
162256.211
162256.6
162475.211
162475.6
163048.211
163048.6
163241.211
163241.6
164304.6
164305.212
164364.2
164364.4
164416.5
164864.3
165364.1
166901.6
167181.211
167181.6
168341.6
168342.212
168400.2
168400.4
168470.5
168865.4
168900.3
168913.5
169400.1
169830.6
172327.6
172328.212
172379.2
172379.4
172443.5
172690.4
172730.5
172879.3
172946.6
173379.1
173466.6
173698.211
173698.6
174196.211
174196.6
174684.211
174684.6
174843.211
174843.6
175294.211
175294.6
175488.211
175488.6
175781.211
175781.6
176418.6
176419.212
176461.2
176461.4
176494.5
176961.3
177461.1
178340.6
179244.6
179245.212
179285.2
179285.4
179345.5
180000.9
123456789
10
17
15
10
17
15
14
FI
2
6
10
50
03
11
23
03
6
2
808
0
0
0
314159265
47
0
129
180000
314159265
0.1
275.6
352.4
532.5
632.211
632.6
1032.211
1032.6
1240.211
1240.6
1626.211
1626.6
2071.211
2071.6
2138.4
2345.5
2498.211
2498.6
2961.211
2961.6
3040.4
3068.5
3612.6
3613.212
3651.2
3651.4
3710.5
4151.3
4509.4
4613.5
4629.4
4651.1
4796.5
5447.6
5938.211
5938.6
6538.211
6538.6
6602.4
6738.5
6850.211
6850.6
7323.211
7323.6
7795.211
7795.6
8511.6
8512.212
8570.2
8570.4
8652.5
9070.3
9207.4
9495.5
9500.4
9570.1
9573.5
10358.6
10905.211
10905.6
11273.211
11273.6
11805.211
11805.6
12091.211
12091.6
13078.6
13079.212
13118.2
13118.4
13181.5
13618.3
13628.4
13935.5
14118.1
14858.6
15506.6
15507.212
15547.2
15547.4
15605.5
16047.3
16143.4
16285.5
16547.1
16641.4
16851.5
16861.4
16963.5
17085.6
18282.6
18283.212
18386.2
18386.4
18431.5
18886.3
19053.4
19167.5
19386.1
20054.6
20611.211
20611.6
21179.211
21179.6
21372.211
21372.6
22180.6
22181.212
22241.2
22241.4
22341.5
22741.3
22779.4
22874.5
23241.1
23409.6
23577.211
23577.6
24138.211
24138.6
24205.4
24400.5
24455.211
24455.6
24534.4
24555.5
24564.4
24733.5
24815.211
24815.6
24899.4
25164.5
25219.211
25219.6
25289.4
25349.5
25874.6
25875.212
25916.2
25916.4
25962.5
26416.3
26916.1
27780.6
27990.211
27990.6
28325.4
28478.5
28548.211
28548.6
29170.6
29171.212
29210.2
29210.4
29212.5
29213.4
29275.5
29710.3
30210.1
30386.6
30762.211
30762.6
30888.211
30888.6
31175.4
31350.5
31413.211
31413.6
31784.211
31784.6
32205.211
32205.6
32349.211
32349.6
32595.211
32595.6
32724.4
32802.5
32889.211
32889.6
33090.211
33090.6
33243.211
33243.6
35320.6
35321.212
35376.2
35376.4
35436.5
35876.3
36084.4
36321.5
36376.1
37174.6
37349.211
37349.6
37388.211
37388.6
37960.211
37960.6
38217.211
38217.6
38560.211
38560.6
38795.211
38795.6
39269.211
39269.6
39410.211
39410.6
39969.211
39969.6
40704.6
40705.212
40749.2
40749.4
40786.5
41249.3
41444.4
41574.5
41749.1
41798.6
42339.211
42339.6
42460.4
42801.5
42858.211
42858.6
42904.4
43157.5
43229.211
43229.6
43316.211
43316.6
43862.211
43862.6
43992.4
44362.5
44369.4
44391.5
44394.4
44396.5
44398.4
44704.5
44787.6
44788.212
44828.2
44828.4
44876.5
45328.3
45385.4
45720.5
45814.4
45828.1
46497.5
46568.6
46621.4
46767.5
46798.4
46803.5
46807.4
46919.5
46992.211
46992.6
47485.211
47485.6
47548.211
47548.6
47608.4
47886.5
47940.211
47940.6
47997.4
48041.5
48043.4
48046.5
48458.211
48458.6
48612.211
48612.6
49084.211
49084.6
49502.211
49502.6
50163.6
50164.212
50201.2
50201.4
50296.5
50701.3
51201.1
51306.4
51428.5
51518.6
52095.211
52095.6
52194.211
52194.6
52543.211
52543.6
53057.211
53057.6
53771.6
53772.212
53830.2
53830.4
53874.5
54330.3
54450.4
54531.5
54830.1
55047.6
55490.211
55490.6
55557.4
55711.5
55831.211
55831.6
56301.211
56301.6
56589.211
56589.6
57291.6
57292.212
57333.2
57333.4
57409.5
57833.3
58333.1
58798.6
58863.4
58957.5
59076.211
59076.6
59134.211
59134.6
59782.6
59783.212
59822.2
59822.4
59824.5
59825.4
59888.5
60322.3
60822.1
61097.6
61599.211
61599.6
61673.4
61753.5
62293.6
62294.212
62330.2
62330.4
62384.5
62830.3
62974.4
62992.5
62993.4
62996.5
63033.4
63126.5
63330.1
63736.6
63795.4
63883.5
64312.211
64312.6
64840.211
64840.6
65476.6
65477.212
65518.2
65518.4
65603.5
65607.4
65698.5
66018.3
66518.1
67053.6
67779.6
67780.212
67815.2
67815.4
67858.5
68315.3
68591.4
68642.5
68815.1
69014.4
69221.5
69422.4
69715.5
70303.6
71321.6
71322.212
71366.2
71366.4
71404.5
71866.3
72346.4
72366.1
72577.5
73127.6
73665.211
73665.6
73923.211
73923.6
74196.211
74196.6
74995.6
74996.212
75060.2
75060.4
75107.5
75560.3
75584.4
75703.5
76060.1
76308.6
76521.211
76521.6
76755.211
76755.6
77137.211
77137.6
77333.211
77333.6
78017.6
78018.212
78054.2
78054.4
78127.5
78554.3
78995.4
79054.1
79135.5
79652.6
79968.211
79968.6
80269.211
80269.6
80952.6
80953.212
80994.2
80994.4
81060.5
81494.3
81729.4
81830.5
81832.4
81850.5
81994.1
82369.6
82948.211
82948.6
83480.211
83480.6
83685.211
83685.6
84276.211
84276.6
84650.211
84650.6
85210.211
85210.6
85410.211
85410.6
85779.211
85779.6
86342.211
86342.6
86895.211
86895.6
87517.6
87518.212
87555.2
87555.4
87615.5
88038.4
88055.3
88112.5
88263.4
88555.1
89290.5
89368.6
89548.211
89548.6
89631.4
89953.5
90055.211
90055.6
90109.4
90120.5
90123.4
90124.5
90127.4
90223.5
90245.4
90329.5
90431.211
90431.6
90582.211
90582.6
90623.4
90784.5
90846.4
90913.5
90971.211
90971.6
91394.211
91394.6
91808.211
91808.6
92298.211
92298.6
92709.211
92709.6
93197.211
93197.6
94179.6
94180.212
94233.2
94233.4
94267.5
94733.3
94853.4
94989.5
95233.1
96221.6
97389.6
97390.212
97432.2
97432.4
97491.5
97932.3
98220.6
98432.1
98750.6
99272.211
99272.6
100913.6
100914.212
100974.2
100974.4
101051.5
101474.3
101974.1
102370.6
102510.211
102510.6
102983.211
102983.6
103311.211
103311.6
103784.211
103784.6
104102.211
104102.6
104471.211
104471.6
104916.211
104916.6
105132.211
105132.6
105758.6
105759.212
105797.2
105797.4
105870.5
106297.3
106797.1
108403.6
108521.211
108521.6
109191.6
109192.212
109241.2
109241.4
109311.5
109741.3
110241.1
111227.6
111830.6
111831.212
111870.2
111870.4
111913.5
112370.3
112870.1
114078.6
114126.4
114174.5
116850.6
116851.212
116891.2
116891.4
116949.5
117391.3
117891.1
117961.4
117962.5
117965.4
117977.5
122226.6
122523.211
122523.6
125385.6
125386.212
125428.2
125428.4
125484.5
125928.3
126428.1
126564.4
126656.5
126797.6
128362.6
128363.212
128435.2
128435.4
128490.5
128935.3
129435.1
129562.6
130076.211
130076.6
130271.211
130271.6
130559.211
130559.6
130910.211
130910.6
131790.6
131791.212
131858.2
131858.4
131900.5
132358.3
132858.1
134123.6
134195.4
134326.5
134418.211
134418.6
135658.6
135659.212
135709.2
135709.4
135746.5
136209.3
136709.1
137624.6
137694.4
137751.5
139294.6
139295.212
139330.2
139330.4
139401.5
139830.3
140330.1
140531.6
140900.211
140900.6
141244.4
141246.5
141322.211
141322.6
142549.6
142550.212
142602.2
142602.4
142652.5
143102.3
143602.1
147732.6
148561.6
148562.212
148607.2
148607.4
148662.5
149107.3
149383.4
149385.5
149386.4
149523.5
149607.1
150029.6
150731.6
150732.212
150783.2
150783.4
150894.5
151283.3
151783.1
151958.4
152035.5
152700.6
153137.211
153137.6
153775.6
153776.212
153827.2
153827.4
153897.5
154327.3
154827.1
155045.6
155482.211
155482.6
155854.211
155854.6
156129.211
156129.6
156303.211
156303.6
156966.6
156967.212
157017.2
157017.4
157151.5
157517.3
157981.6
158017.1
158597.6
159099.211
159099.6
159645.211
159645.6
160215.211
160215.6
160971.6
160972.212
161027.2
161027.4
161079.5
161527.3
162027.1
162713.6
163582.6
163583.212
163623.2
163623.4
163673.5
164123.3
164623.1
164957.4
165055.5
165852.6
166463.6
166464.212
166500.2
166500.4
166558.5
166915.4
166983.5
167000.3
167205.4
167500.1
167755.5
167848.6
169379.6
169380.212
169433.2
169433.4
169446.5
169447.4
169490.5
169933.3
170433.1
170489.6
171444.6
171445.212
171521.2
171521.4
171601.5
171988.6
172021.3
172521.1
173051.6
173397.211
173397.6
173845.211
173845.6
174362.211
174362.6
174576.211
174576.6
174953.211
174953.6
175807.6
175808.212
175866.2
175866.4
175930.5
176366.3
176866.1
177770.6
178390.6
178391.212
178466.2
178466.4
178502.5
178966.3
180000.9
123456789
10
18
15
10
18
15
14
FI
2
6
10
49
00
11
22
00
6
2
808
0
0
0
314159265
55
0
130
180000
314159265
0.1
519.6
635.4
641.5
643.4
742.5
749.4
896.5
1039.211
1039.6
1706.4
1822.5
1957.6
1958.212
2009.2
2009.4
2086.5
2509.3
2924.4
3009.1
3032.5
3586.6
3684.4
4025.5
4093.211
4093.6
4351.211
4351.6
5031.6
5032.212
5079.2
5079.4
5151.5
5579.3
5852.4
5854.5
5863.4
5979.5
6079.1
6580.6
7438.6
7439.212
7482.2
7482.4
7547.5
7982.3
7983.4
8059.5
8286.4
8482.1
8499.5
9434.6
9499.211
9499.6
9560.4
9737.5
10265.6
10266.212
10311.2
10311.4
10374.5
10811.3
11311.1
11928.6
12014.4
12115.5
12648.6
12649.212
12692.2
12692.4
12760.5
13192.3
13692.1
13965.6
14540.211
14540.6
14702.4
14923.5
15013.211
15013.6
15240.4
15348.5
15412.211
15412.6
15788.211
15788.6
16423.6
16424.212
16470.2
16470.4
16532.5
16970.3
17065.4
17129.5
17470.1
18164.6
19152.6
19153.212
19199.2
19199.4
19307.5
19699.3
19932.4
19933.5
19936.4
20060.5
20199.1
20578.6
21260.6
21261.212
21352.2
21352.4
21406.5
21852.3
21881.4
22352.1
22707.5
22787.6
22856.4
23152.5
23212.211
23212.6
23380.4
23394.5
23397.4
23442.5
23526.4
23840.5
23905.6
23906.212
23948.2
23948.4
24024.5
24448.3
24550.4
24552.5
24554.4
24860.5
24902.4
24948.1
25338.5
25418.6
25507.4
25796.5
25859.211
25859.6
25942.4
25945.5
25949.4
26484.5
26563.6
26564.212
26609.2
26609.4
26663.5
27109.3
27186.4
27396.5
27460.4
27544.5
27609.1
28116.6
28442.4
28627.5
28687.211
28687.6
29426.6
29427.212
29466.2
29466.4
29503.5
29966.3
30347.6
30466.1
30546.6
30980.211
30980.6
31092.4
31174.5
31230.211
31230.6
31629.211
31629.6
31779.211
31779.6
32078.211
32078.6
32353.211
32353.6
32609.211
32609.6
33151.211
33151.6
33681.211
33681.6
33755.4
33865.5
33990.211
33990.6
34656.6
34657.212
34700.2
34700.4
34755.5
35200.3
35700.1
37383.6
37483.4
37633.5
37709.211
37709.6
38076.211
38076.6
38504.211
38504.6
38773.211
38773.6
39315.211
39315.6
39873.211
39873.6
40214.211
40214.6
40358.4
40412.5
40730.211
40730.6
41011.211
41011.6
41473.211
41473.6
41858.211
41858.6
42531.6
42532.212
42576.2
42576.4
42640.5
43076.3
43215.4
43451.5
43576.1
44063.6
45196.6
45197.212
45238.2
45238.4
45277.5
45738.3
46238.1
46942.6
47578.6
47579.212
47631.2
47631.4
47728.5
48131.3
48278.4
48361.5
48631.1
48908.6
49801.6
49802.212
49847.2
49847.4
49902.5
50347.3
50847.1
51345.6
51558.211
51558.6
52442.6
52443.212
52487.2
52487.4
52540.5
52987.3
53487.1
54126.6
54974.6
54975.212
55021.2
55021.4
55104.5
55521.3
56021.1
56301.6
56797.4
56964.5
57628.6
57629.212
57677.2
57677.4
57737.5
58177.3
58677.1
59278.6
59338.4
59401.5
59979.6
59980.212
60020.2
60020.4
60091.5
60520.3
61020.1
61934.6
61999.4
62058.5
62668.6
62669.212
62707.2
62707.4
62759.5
63207.3
63315.4
63707.1
63926.5
64007.6
64871.6
64872.212
64911.2
64911.4
64971.5
65222.4
65284.5
65411.3
65911.1
66555.6
66801.4
66903.5
67449.6
67450.212
67492.2
67492.4
67551.5
67992.3
68492.1
69210.6
69261.4
69362.5
70360.6
70361.212
70398.2
70398.4
70478.5
70898.3
71398.1
71734.6
72187.211
72187.6
72594.211
72594.6
73195.6
73196.212
73244.2
73244.4
73310.5
73744.3
74013.4
74244.1
74251.5
74803.6
75198.211
75198.6
75613.211
75613.6
76457.6
76458.212
76496.2
76496.4
76579.5
76996.3
77496.1
78065.6
78836.6
78837.212
78877.2
78877.4
78943.5
79377.3
79877.1
81797.6
82156.211
82156.6
82764.6
82765.212
82809.2
82809.4
82845.5
83309.3
83413.4
83483.5
83698.4
83809.1
83959.5
84296.6
84444.211
84444.6
84836.211
84836.6
85085.4
85195.5
85268.211
85268.6
85678.211
85678.6
86111.211
86111.6
86458.211
86458.6
86828.211
86828.6
86938.4
87172.5
87241.211
87241.6
87423.211
87423.6
88065.6
88066.212
88109.2
88109.4
88151.5
88609.3
89109.1
89391.6
89474.4
89517.5
90251.6
90252.212
90288.2
90288.4
90376.5
90788.3
91288.1
91538.6
91584.4
91607.5
92197.6
92198.212
92233.2
92233.4
92293.5
92733.3
92774.4
92931.5
93233.1
93611.6
93661.4
93728.5
94564.6
94565.212
94603.2
94603.4
94691.5
95103.3
95603.1
96691.6
97043.211
97043.6
97273.211
97273.6
97807.211
97807.6
97866.4
97941.5
98457.6
98458.212
98497.2
98497.4
98545.5
98997.3
99497.1
99966.6
100476.211
100476.6
101120.6
101121.212
101159.2
101159.4
101283.5
101659.3
102159.1
102793.6
102853.211
102853.6
103090.211
103090.6
103312.211
103312.6
104084.6
104085.212
104136.2
104136.4
104174.5
104636.3
105136.1
105672.6
106431.6
106432.212
106496.2
106496.4
106582.5
106996.3
107009.4
107194.5
107484.6
107496.1
107698.6
108199.211
108199.6
108326.4
108347.5
108416.211
108416.6
109038.6
109039.212
109088.2
109088.4
109155.5
109588.3
109608.4
109666.5
109832.4
109926.5
110088.1
110521.6
110994.211
110994.6
111423.211
111423.6
111715.211
111715.6
112094.211
112094.6
112632.211
112632.6
114433.6
114434.212
114477.2
114477.4
114570.5
114652.4
114721.5
114977.3
115090.4
115170.5
115174.4
115202.5
115477.1
115694.6
116332.6
116333.212
116374.2
116374.4
116436.5
116874.3
117374.1
120139.6
120491.211
120491.6
120565.4
120668.5
120764.211
120764.6
120976.211
120976.6
121360.211
121360.6
121536.211
121536.6
122168.6
122169.212
122221.2
122221.4
122284.5
122721.3
123221.1
123788.6
124287.211
124287.6
124566.211
124566.6
124999.211
124999.6
125190.211
125190.6
125737.211
125737.6
126393.6
126394.212
126429.2
126429.4
126468.5
126929.3
127429.1
127806.6
128300.211
128300.6
129266.6
129267.212
129304.2
129304.4
129359.5
129719.4
129773.5
129804.3
130304.1
130602.6
130826.211
130826.6
131005.211
131005.6
131088.4
131126.5
131643.6
131644.212
131682.2
131682.4
131764.5
132182.3
132597.4
132682.1
132694.5
133154.4
133293.5
133932.6
133979.4
133997.5
134796.6
134797.212
134833.2
134833.4
134889.5
134959.4
135015.5
135333.3
135833.1
138384.6
138921.211
138921.6
139817.6
139818.212
139869.2
139869.4
139908.5
140369.3
140869.1
141296.6
141333.4
141499.5
141564.211
141564.6
141801.211
141801.6
142118.211
142118.6
142476.211
142476.6
142910.211
142910.6
143204.211
143204.6
143486.211
143486.6
143942.211
143942.6
144696.6
144697.212
144746.2
144746.4
144797.5
145246.3
145746.1
147506.6
147735.211
147735.6
148501.6
148502.212
148558.2
148558.4
148633.5
149058.3
149558.1
149568.4
149655.5
149838.4
150094.5
150781.6
151241.211
151241.6
151685.211
151685.6
152164.211
152164.6
152559.211
152559.6
152826.211
152826.6
153243.211
153243.6
153469.211
153469.6
153654.211
153654.6
154521.6
154522.212
154558.2
154558.4
154636.5
155058.3
155558.1
156255.6
156930.6
156931.212
156965.2
156965.4
157030.5
157465.3
157965.1
158288.6
158337.211
158337.6
158799.211
158799.6
159367.211
159367.6
160002.6
160003.212
160036.2
160036.4
160081.5
160536.3
160748.4
160879.5
161036.1
162586.6
163375.6
163376.212
163419.2
163419.4
163590.5
163919.3
164419.1
164723.6
164796.211
164796.6
165286.211
165286.6
165888.6
165889.212
165943.2
165943.4
166000.5
166139.4
166232.5
166443.3
166943.1
166991.4
167179.5
168067.4
168125.5
168774.6
169426.6
169427.212
169476.2
169476.4
169522.5
169976.3
170476.1
170834.6
171335.211
171335.6
172526.6
172527.212
172572.2
172572.4
172607.5
173072.3
173572.1
173747.6
175181.6
175182.212
175223.2
175223.4
175264.5
175723.3
176223.1
176916.6
177421.211
177421.6
177666.211
177666.6
177926.211
177926.6
178002.211
178002.6
178425.211
178425.6
178831.211
178831.6
179300.211
179300.6
179728.211
180000.9
123456789
10
19
15
10
19
15
14
FI
2
6
10
47
15
11
20
15
6
2
762
0
0
0
314159265
50
0
123
180000
314159265
0.1
476.6
1194.6
1195.212
1240.2
1240.4
1287.5
1740.3
1946.4
2057.5
2240.1
2677.6
3186.211
3186.6
3804.6
3805.212
3848.2
3848.4
3913.5
4348.3
4508.4
4647.5
4848.1
5102.6
5161.4
5286.5
5727.6
5728.212
5767.2
5767.4
5812.5
6267.3
6290.4
6511.5
6767.1
6979.6
7358.4
7490.5
8049.6
8050.212
8088.2
8088.4
8159.5
8588.3
9088.1
9385.6
10085.6
10086.212
10167.2
10167.4
10201.5
10667.3
10934.4
10987.5
11167.1
11190.4
11294.5
11855.6
12220.211
12220.6
12341.4
12530.5
12594.211
12594.6
12697.4
12860.5
12864.4
12918.5
12974.211
12974.6
13038.4
13383.5
13443.211
13443.6
13879.211
13879.6
13941.4
13944.5
13948.4
13977.5
13980.4
14088.5
14162.211
14162.6
14668.211
14668.6
14910.211
14910.6
15323.211
15323.6
15946.6
15947.212
15988.2
15988.4
16047.5
16488.3
16496.4
16662.5
16988.1
17229.6
17677.211
17677.6
18305.6
18306.212
18349.2
18349.4
18403.5
18835.4
18849.3
18871.5
19349.1
19679.6
20098.211
20098.6
20532.211
20532.6
21229.6
21230.212
21272.2
21272.4
21339.5
21772.3
21781.4
22035.5
22272.1
22296.6
22594.211
22594.6
23082.211
23082.6
23497.211
23497.6
23914.211
23914.6
24517.6
24518.212
24557.2
24557.4
24613.5
24992.4
25057.3
25072.5
25224.4
25358.5
25557.1
25893.6
26772.6
26773.212
26812.2
26812.4
26878.5
27312.3
27812.1
28048.6
28530.211
28530.6
28938.211
28938.6
29879.6
29880.212
29916.2
29916.4
29985.5
30416.3
30916.1
31442.6
31516.4
31568.5
32192.6
32193.212
32230.2
32230.4
32295.5
32414.4
32540.5
32730.3
32739.4
32978.5
33230.1
33608.4
33765.5
33782.4
33984.5
34078.6
34385.211
34385.6
34849.211
34849.6
35291.211
35291.6
35754.211
35754.6
36447.6
36448.212
36485.2
36485.4
36576.5
36985.3
37485.1
38119.4
38180.5
38591.6
39182.211
39182.6
39721.211
39721.6
40322.6
40323.212
40367.2
40367.4
40404.5
40867.3
41095.4
41367.1
41402.5
42535.6
42636.4
42714.5
43138.6
43139.212
43179.2
43179.4
43240.5
43679.3
44179.1
44206.4
44385.5
44972.6
45050.4
45368.5
45797.6
45798.212
45837.2
45837.4
45894.5
46337.3
46837.1
47314.6
47871.211
47871.6
48405.211
48405.6
48476.4
48749.5
49084.6
49085.212
49120.2
49120.4
49193.5
49620.3
50120.1
50347.4
50411.5
50611.4
50746.5
50870.6
51594.6
51595.212
51649.2
51649.4
51701.5
52149.3
52231.4
52296.5
52478.4
52569.5
52649.1
53679.6
54081.211
54081.6
54498.211
54498.6
54742.211
54742.6
55004.211
55004.6
55215.211
55215.6
55422.211
55422.6
55894.211
55894.6
56412.211
56412.6
57085.6
57086.212
57134.2
57134.4
57194.5
57634.3
58132.6
58134.1
58391.6
58591.211
58591.6
59012.211
59012.6
59454.211
59454.6
59805.211
59805.6
60242.211
60242.6
60813.211
60813.6
60869.4
60943.5
61621.6
61622.212
61657.2
61657.4
61711.5
62157.3
62268.4
62327.5
62657.1
63753.6
64298.211
64298.6
64896.211
64896.6
65356.211
65356.6
65804.211
65804.6
66624.6
66625.212
66685.2
66685.4
66845.5
66941.4
67127.5
67185.3
67685.1
68442.6
69173.6
69174.212
69209.2
69209.4
69261.5
69709.3
69877.4
69979.5
70136.4
70209.1
70352.5
70424.4
70500.5
71109.6
71664.211
71664.6
72267.6
72268.212
72304.2
72304.4
72356.5
72804.3
72866.4
73304.1
73564.5
73637.4
73681.5
73686.4
73690.5
73694.4
73725.5
73746.4
73803.5
73880.6
74419.211
74419.6
74839.211
74839.6
74973.211
74973.6
75463.211
75463.6
75503.211
75503.6
76319.6
76320.212
76371.2
76371.4
76411.5
76871.3
77371.1
77597.4
77807.5
78208.6
78986.6
78987.212
79044.2
79044.4
79096.5
79443.4
79544.3
79695.5
79959.4
80044.1
80112.5
81192.6
81449.211
81449.6
81541.4
81583.5
82628.6
82629.212
82670.2
82670.4
82740.5
83170.3
83670.1
83990.6
84218.211
84218.6
84752.211
84752.6
85000.211
85000.6
85500.211
85500.6
85963.211
85963.6
86165.211
86165.6
86473.211
86473.6
87167.6
87168.212
87219.2
87219.4
87280.5
87719.3
87906.4
87908.5
87935.4
88201.5
88219.1
89448.6
90020.211
90020.6
90073.4
90118.5
90585.211
90585.6
91299.6
91300.212
91339.2
91339.4
91412.5
91839.3
92133.4
92339.1
92816.5
94122.6
94636.211
94636.6
95137.211
95137.6
96032.6
96033.212
96070.2
96070.4
96137.5
96570.3
96904.4
97070.1
97174.5
97234.4
97415.5
97661.6
98162.211
98162.6
98942.6
98943.212
98980.2
98980.4
99016.5
99480.3
99650.4
99781.5
99980.1
100427.6
100480.4
100615.5
101086.6
101087.212
101123.2
101123.4
101188.5
101623.3
102123.1
102679.6
104734.6
104735.212
104781.2
104781.4
104817.5
105281.3
105501.4
105622.5
105781.1
109062.6
109203.211
109203.6
109459.211
109459.6
110446.6
110447.212
110502.2
110502.4
110558.5
111002.3
111502.1
111646.6
112459.6
112460.212
112519.2
112519.4
112622.5
113019.3
113256.6
113519.1
113601.6
114622.6
114623.212
114681.2
114681.4
114742.5
115181.3
115342.4
115343.5
115345.4
115390.5
115681.1
117185.6
117905.6
117906.212
117956.2
117956.4
118002.5
118456.3
118956.1
118965.4
119027.5
119213.4
119339.5
119444.4
119605.5
119630.4
119643.5
120012.6
120928.6
120929.212
120983.2
120983.4
121035.5
121053.4
121056.5
121062.4
121098.5
121483.3
121983.1
122821.6
123296.211
123296.6
123755.211
123755.6
124223.211
124223.6
124663.211
124663.6
125174.211
125174.6
125871.6
125872.212
125906.2
125906.4
125952.5
126406.3
126906.1
129532.6
129626.4
129790.5
129888.211
129888.6
130518.6
130519.212
130583.2
130583.4
130624.5
131083.3
131583.1
134324.6
134695.211
134695.6
135659.6
135660.212
135707.2
135707.4
135800.5
136207.3
136707.1
136756.4
136818.5
137390.6
137471.4
137502.5
138288.6
138289.212
138336.2
138336.4
138377.5
138836.3
139336.1
139530.6
139661.211
139661.6
140740.6
140741.212
140791.2
140791.4
140874.5
141291.3
141791.1
142715.6
142976.211
142976.6
143580.6
143581.212
143622.2
143622.4
143674.5
144122.3
144622.1
145917.6
146034.211
146034.6
146328.211
146328.6
146556.211
146556.6
147073.211
147073.6
148554.6
148555.212
148595.2
148595.4
148652.5
149095.3
149595.1
152885.6
153620.6
153621.212
153667.2
153667.4
153714.5
154167.3
154667.1
155031.6
155333.211
155333.6
155586.211
155586.6
156075.211
156075.6
156303.211
156303.6
156462.211
156462.6
156569.211
156569.6
156992.211
156992.6
157257.211
157257.6
158044.6
158045.212
158083.2
158083.4
158144.5
158583.3
159083.1
160174.6
161173.6
161174.212
161234.2
161234.4
161322.5
161502.4
161515.5
161538.4
161578.5
161734.3
162234.1
162312.4
162622.5
163490.6
163672.211
163672.6
164711.6
164712.212
164779.2
164779.4
164872.5
165279.3
165779.1
168183.6
168560.4
168603.5
168771.211
168771.6
169178.211
169178.6
169521.211
169521.6
169706.211
169706.6
170153.211
170153.6
170761.6
170762.212
170822.2
170822.4
170901.5
171322.3
171822.1
172773.6
173129.211
173129.6
173484.211
173484.6
174118.6
174119.212
174184.2
174184.4
174232.5
174684.3
175184.1
175475.6
175574.211
175574.6
175762.211
175762.6
176125.211
176125.6
176508.211
176508.6
176771.211
176771.6
177081.211
177081.6
177343.211
177343.6
177591.211
177591.6
178056.211
178056.6
178442.211
180000.9
123456789
10
20
15
10
20
15
14
FI
2
6
10
51
39
11
24
38
6
2
839
0
0
0
314159265
47
3
123
180000
314159265
0.1
229.6
303.4
374.5
704.211
704.6
1182.211
1182.6
1608.211
1608.6
2123.211
2123.6
2365.211
2365.6
2841.211
2841.6
3078.4
3124.5
3292.211
3292.6
3796.211
3796.6
4412.6
4413.212
4468.2
4468.4
4519.5
4968.3
5139.4
5307.5
5468.1
6033.6
6517.211
6517.6
7011.211
7011.6
7616.6
7617.212
7659.2
7659.4
7723.5
8120.4
8159.3
8339.5
8659.1
9061.6
9269.211
9269.6
9736.211
9736.6
10124.211
10124.6
10513.211
10513.6
11051.211
11051.6
11113.4
11593.5
11655.6
11656.212
11704.2
11704.4
11742.5
12204.3
12301.4
12364.5
12612.4
12704.1
12839.5
13367.6
13909.211
13909.6
14169.211
14169.6
14385.211
14385.6
14490.4
14597.5
14657.211
14657.6
15230.211
15230.6
15673.211
15673.6
16223.211
16223.6
16673.211
16673.6
16726.4
17028.5
17085.211
17085.6
17519.211
17519.6
17660.211
17660.6
17802.211
17802.6
18103.211
18103.6
18270.211
18270.6
18627.211
18627.6
19207.211
19207.6
19748.211
19748.6
19829.4
19921.5
20206.211
20206.6
20273.4
20518.5
20615.211
20615.6
21318.6
21319.212
21355.2
21355.4
21422.5
21855.3
22355.1
22471.6
23134.6
23135.212
23172.2
23172.4
23207.5
23672.3
24172.1
24761.6
24956.211
24956.6
25312.211
25312.6
25431.4
25491.5
25942.6
25943.212
25989.2
25989.4
26060.5
26489.3
26831.4
26908.5
26989.1
27390.6
27439.4
27603.5
27673.211
27673.6
28158.211
28158.6
28276.211
28276.6
28528.211
28528.6
28721.211
28721.6
28976.211
28976.6
29175.211
29175.6
29448.211
29448.6
29972.211
29972.6
30059.4
30179.5
30562.211
30562.6
30828.211
30828.6
31178.211
31178.6
31220.4
31318.5
31665.211
31665.6
32143.211
32143.6
32716.211
32716.6
33101.211
33101.6
33831.6
33832.212
33872.2
33872.4
33923.5
34270.4
34372.3
34378.5
34872.1
35100.6
35572.211
35572.6
35635.4
35652.5
36176.6
36177.212
36216.2
36216.4
36276.5
36716.3
37216.1
37574.6
37622.4
37802.5
37839.4
37858.5
37921.211
37921.6
38220.211
38220.6
38462.211
38462.6
38726.211
38726.6
39315.211
39315.6
39722.211
39722.6
39771.4
39966.5
40059.211
40059.6
40685.6
40686.212
40722.2
40722.4
40794.5
41222.3
41722.1
42038.6
43017.6
43018.212
43077.2
43077.4
43185.5
43577.3
44077.1
44098.4
44246.5
44368.6
44626.4
44943.5
45010.6
45011.212
45062.2
45062.4
45131.5
45562.3
45727.4
45865.5
46062.1
46434.6
46634.211
46634.6
47487.6
47488.212
47521.2
47521.4
47587.5
48021.3
48096.4
48184.5
48521.1
48713.6
49048.8
49065.8
49670.6
49671.212
49704.2
49704.4
49765.5
50204.3
50704.1
50811.8
51274.6
51313.4
51394.5
51873.211
51873.6
52322.211
52322.6
52791.211
52791.6
53362.211
53362.6
53570.211
53570.6
54653.6
54654.212
54700.2
54700.4
54805.5
54806.4
54933.5
55200.3
55700.1
55736.6
56196.211
56196.6
56845.6
56846.212
56882.2
56882.4
57038.5
57382.3
57845.6
57882.1
58605.6
58672.4
58689.5
59461.6
59462.212
59507.2
59507.4
59557.5
60007.3
60207.4
60332.5
60352.4
60423.5
60507.1
61020.6
61667.6
61668.212
61711.2
61711.4
61765.5
62211.3
62325.4
62530.5
62711.1
63564.6
64015.211
64015.6
64460.211
64460.6
64949.211
64949.6
65329.211
65329.6
65512.211
65512.6
66025.211
66025.6
66158.4
66216.5
66271.211
66271.6
66749.211
66749.6
67021.211
67021.6
67308.211
67308.6
67624.211
67624.6
67944.211
67944.6
68505.211
68505.6
68973.211
68973.6
69300.4
69422.5
69480.211
69480.6
70215.6
70216.212
70263.2
70263.4
70313.5
70763.3
70925.4
70989.5
71263.1
71410.4
71658.5
71677.4
71747.5
71870.6
72891.6
72892.212
72925.2
72925.4
73007.5
73425.3
73565.4
73847.5
73925.1
74681.6
74801.4
74932.5
74993.211
74993.6
75062.4
75341.5
75403.211
75403.6
75920.211
75920.6
76560.6
76561.212
76626.2
76626.4
76704.5
77126.3
77318.4
77626.1
78129.5
78278.6
78690.211
78690.6
78808.4
79115.5
79180.211
79180.6
79666.211
79666.6
80223.211
80223.6
81348.6
81349.212
81387.2
81387.4
81485.5
81887.3
82177.4
82387.1
82622.5
82636.4
82784.5
83426.6
83745.211
83745.6
83885.4
83998.5
84077.211
84077.6
84809.6
84810.212
84841.2
84841.4
84902.5
85341.3
85841.1
88442.6
88548.4
88641.5
89111.6
89112.212
89155.2
89155.4
89255.5
89655.3
90155.1
90480.6
91060.211
91060.6
91278.4
91368.5
91454.211
91454.6
92051.211
92051.6
92681.6
92682.212
92719.2
92719.4
92818.5
92911.4
92971.5
93219.3
93404.4
93685.5
93719.1
94282.6
94942.6
94943.212
94984.2
94984.4
95058.5
95484.3
95984.1
97023.6
97093.4
97448.5
97519.211
97519.6
97586.4
97617.5
98081.211
98081.6
98576.211
98576.6
98674.4
98760.5
99309.6
99310.212
99346.2
99346.4
99452.5
99700.4
99778.5
99846.3
100346.1
100517.4
100736.5
101371.6
101432.4
101689.5
102131.6
102132.212
102165.2
102165.4
102364.5
102665.3
103165.1
105405.6
106095.6
106096.212
106145.2
106145.4
106200.5
106645.3
107074.4
107145.1
107157.5
108364.6
108862.211
108862.6
108898.4
108978.5
109450.211
109450.6
109813.211
109813.6
110243.211
110243.6
110975.6
110976.212
111043.2
111043.4
111104.5
111543.3
112043.1
112636.6
113069.211
113069.6
113557.211
113557.6
113807.211
113807.6
114360.211
114360.6
114664.211
114664.6
115115.211
115115.6
115693.211
115693.6
116247.211
116247.6
116416.4
116636.5
116782.211
116782.6
116869.4
117160.5
117229.211
117229.6
117289.4
117417.5
117941.6
117942.212
117974.2
117974.4
118061.5
118474.3
118761.4
118941.5
118953.4
118958.5
118974.1
119742.6
120193.211
120193.6
121658.6
121659.212
121698.2
121698.4
121760.5
122198.3
122698.1
123003.6
123676.6
123677.212
123726.2
123726.4
123788.5
124226.3
124726.1
124826.4
124886.5
125268.4
125490.5
125650.6
126106.211
126106.6
126519.211
126519.6
126661.211
126661.6
126954.211
126954.6
127238.211
127238.6
127705.211
127705.6
128066.211
128066.6
128161.4
128177.5
128507.211
128507.6
128958.211
128958.6
129502.211
129502.6
130123.6
130124.212
130161.2
130161.4
130217.5
130661.3
131161.1
131612.6
132472.6
132473.212
132509.2
132509.4
132580.5
133009.3
133509.1
134403.6
134898.211
134898.6
135354.211
135354.6
135890.211
135890.6
136439.211
136439.6
136945.211
136945.6
137530.211
137530.6
137601.4
137651.5
138382.6
138383.212
138422.2
138422.4
138485.5
138922.3
139259.6
139422.1
139722.6
139950.211
139950.6
140175.211
140175.6
140340.211
140340.6
140842.211
140842.6
141819.6
141820.212
141904.2
141904.4
142008.5
142404.3
142819.4
142868.5
142904.1
143314.6
143934.6
143935.212
143980.2
143980.4
144029.5
144480.3
144980.1
145490.6
146296.6
146297.212
146350.2
146350.4
146451.5
146850.3
147350.1
147860.6
148061.211
148061.6
148534.211
148534.6
149155.6
149156.212
149192.2
149192.4
149237.5
149692.3
150192.1
150409.4
150457.5
152031.6
152762.6
152763.212
152826.2
152826.4
152873.5
153326.3
153826.1
154948.6
155588.6
155589.212
155643.2
155643.4
155692.5
156143.3
156643.1
156802.6
157217.211
157217.6
157489.211
157489.6
158598.6
158599.212
158650.2
158650.4
158690.5
159150.3
159650.1
162034.6
162393.211
162393.6
162750.211
162750.6
163114.211
163114.6
163541.211
163541.6
164099.211
164099.6
164595.211
164595.6
165140.211
165140.6
165525.211
165525.6
165998.211
165998.6
166349.211
166349.6
166644.211
166644.6
166972.211
166972.6
168090.6
168091.212
168154.2
168154.4
168217.5
168654.3
168884.4
168930.5
169057.4
169138.5
169154.1
170319.6
171016.6
171017.212
171063.2
171063.4
171124.5
171563.3
171886.4
172063.1
172086.5
173453.6
173634.211
173634.6
174280.6
174281.212
174320.2
174320.4
174356.5
174820.3
175320.1
175752.6
176114.211
176114.6
176744.6
176745.212
176758.6
176787.2
176787.4
176788.5
176789.4
176860.5
177209.4
177270.5
177287.3
177390.4
177518.5
177521.4
177669.5
177681.4
177787.1
177854.5
178435.6
178683.211
178683.6
178769.211
178769.6
179310.4
179413.5
179504.6
179505.212
179548.2
179548.4
180000.9
123456789
10
21
15
10
21
15
14
FI
2
6
10
49
31
11
22
31
6
2
753
0
0
0
314159265
45
2
101
180000
314159265
0.1
213.6
680.211
680.6
762.211
762.6
1373.6
1374.212
1458.2
1458.4
1522.5
1958.3
2458.1
3470.6
3508.211
3508.6
3883.211
3883.6
4091.211
4091.6
4157.211
4157.6
4346.211
4346.6
4883.211
4883.6
5493.6
5494.212
5547.2
5547.4
5624.5
6047.3
6547.1
6579.4
6630.5
6832.6
6976.211
6976.6
7393.211
7393.6
7701.211
7701.6
8292.211
8292.6
8799.211
8799.6
9303.211
9303.6
9880.211
9880.6
10632.6
10633.212
10672.2
10672.4
10732.5
11172.3
11202.4
11311.5
11672.1
12220.6
12857.6
12858.212
12906.2
12906.4
13031.5
13406.3
13627.4
13906.1
13957.5
14198.6
14709.211
14709.6
14914.211
14914.6
15498.211
15498.6
16095.211
16095.6
16631.211
16631.6
16816.4
16904.5
17299.6
17300.212
17343.2
17343.4
17379.5
17695.4
17765.5
17843.3
18229.4
18285.5
18343.1
18914.6
19673.6
19674.212
19729.2
19729.4
19810.5
20229.3
20729.1
20953.6
21056.4
21171.5
21680.6
21681.212
21724.2
21724.4
21813.5
22224.3
22724.1
23195.6
23622.211
23622.6
24044.211
24044.6
24559.211
24559.6
25433.6
25434.212
25488.2
25488.4
25522.5
25988.3
26488.1
26716.6
27551.6
27552.212
27591.2
27591.4
27660.5
28091.3
28591.1
29256.6
29513.211
29513.6
30036.211
30036.6
30321.211
30321.6
30726.211
30726.6
31242.211
31242.6
31774.211
31774.6
32276.211
32276.6
32799.211
32799.6
32847.4
33152.5
33212.211
33212.6
33261.4
33418.5
33771.211
33771.6
34357.211
34357.6
34880.211
34880.6
35550.6
35551.212
35588.2
35588.4
35649.5
36088.3
36588.1
37501.4
37627.5
37665.4
37675.5
37980.6
38333.211
38333.6
38604.211
38604.6
38674.211
38674.6
38767.211
38767.6
38769.211
38769.6
39248.211
39248.6
39573.211
39573.6
39997.211
39997.6
40344.211
40344.6
40847.211
40847.6
41424.211
41424.6
41919.211
41919.6
42411.211
42411.6
42900.211
42900.6
42973.4
43181.5
43299.211
43299.6
43778.211
43778.6
43820.4
43929.5
44069.211
44069.6
44775.6
44776.212
44817.2
44817.4
44879.5
45317.3
45817.1
47230.6
47874.6
47875.212
47919.2
47919.4
47968.5
48419.3
48919.1
50533.6
50905.211
50905.6
51495.211
51495.6
52107.6
52108.212
52152.2
52152.4
52231.5
52652.3
52737.4
52808.5
53132.4
53152.1
53241.5
53932.6
54276.211
54276.6
54695.211
54695.6
54981.211
54981.6
55170.211
55170.6
55768.211
55768.6
55825.4
55875.5
56291.211
56291.6
56800.211
56800.6
57459.6
57460.212
57502.2
57502.4
57577.5
58002.3
58502.1
59369.6
59550.211
59550.6
60272.6
60273.212
60310.2
60310.4
60387.5
60810.3
61310.1
61662.6
62372.6
62373.212
62411.2
62411.4
62482.5
62911.3
63411.1
64177.6
64750.211
64750.6
64832.4
64873.5
65349.211
65349.6
65727.211
65727.6
66492.6
66493.212
66545.2
66545.4
66603.5
67045.3
67545.1
68075.6
68579.211
68579.6
69117.211
69117.6
69853.6
69854.212
69891.2
69891.4
69939.5
70391.3
70458.4
70519.5
70665.4
70814.5
70891.1
74219.6
74428.211
74428.6
74937.211
74937.6
75152.211
75152.6
75355.211
75355.6
75880.211
75880.6
75957.4
76059.5
76179.211
76179.6
76871.6
76872.212
76913.2
76913.4
76948.5
77317.4
77382.5
77413.3
77481.4
77643.5
77913.1
77990.8
79061.6
79123.4
79154.5
79161.4
79181.5
79684.6
79685.212
79719.2
79719.4
79800.5
80219.3
80222.4
80352.5
80719.1
80925.6
81673.6
81674.212
81712.2
81712.4
81750.5
82212.3
82712.1
82848.6
83535.6
83536.212
83569.2
83569.4
83625.5
84069.3
84296.4
84403.5
84569.1
85581.6
86211.6
86212.212
86247.2
86247.4
86310.5
86747.3
87032.4
87247.1
87423.5
87873.6
88033.211
88033.6
88134.211
88134.6
88708.211
88708.6
88890.211
88890.6
89130.211
89130.6
89571.211
89571.6
90171.211
90171.6
90719.211
90719.6
91437.6
91438.212
91477.2
91477.4
91543.5
91977.3
92167.4
92477.1
92615.5
93364.6
93699.211
93699.6
93732.211
93732.6
94278.211
94278.6
94594.211
94594.6
94921.211
94921.6
95124.211
95124.6
95878.6
95879.212
95913.2
95913.4
95954.5
96413.3
96913.1
99199.6
99867.6
99868.212
99905.2
99905.4
99967.5
100405.3
100661.4
100783.5
100905.1
101624.6
101674.4
101692.5
102293.6
102294.212
102328.2
102328.4
102373.5
102828.3
103328.1
103907.6
103955.4
104040.5
104588.6
104589.212
104621.2
104621.4
104691.5
105121.3
105621.1
106022.6
106515.211
106515.6
107093.211
107093.6
107801.6
107802.212
107836.2
107836.4
107901.5
108336.3
108836.1
109503.6
109936.211
109936.6
110410.211
110410.6
110471.4
110502.5
110989.211
110989.6
111288.211
111288.6
111758.211
111758.6
112471.6
112472.212
112506.2
112506.4
112586.5
113006.3
113506.1
114348.6
115087.6
115088.212
115119.2
115119.4
115187.5
115619.3
116119.1
117702.6
117755.211
117755.6
118679.6
118680.212
118721.2
118721.4
118786.5
119098.4
119221.3
119265.5
119462.4
119703.5
119721.1
120423.6
121723.6
121724.212
121768.2
121768.4
121820.5
122268.3
122328.4
122768.1
122797.5
123251.6
123781.211
123781.6
124339.211
124339.6
124634.211
124634.6
125449.6
125450.212
125480.2
125480.4
125527.5
125980.3
126140.4
126454.5
126480.1
126504.4
126535.5
127461.6
127564.4
127633.5
128025.211
128025.6
128717.6
128718.212
128754.2
128754.4
128809.5
129254.3
129468.4
129669.5
129754.1
130468.6
130580.8
130946.211
130946.6
131402.211
131402.6
131958.211
131958.6
132008.4
132154.5
132298.211
132298.6
132872.211
132872.6
133419.211
133419.6
134041.6
134042.212
134079.2
134079.4
134183.5
134579.3
135079.1
135664.6
136229.211
136229.6
136901.6
136902.212
136939.2
136939.4
136985.5
137439.3
137939.1
138031.6
138429.211
138429.6
138859.211
138859.6
139404.211
139404.6
140233.6
140234.212
140268.2
140268.4
140340.5
140768.3
140976.4
141207.5
141268.1
141848.6
142387.211
142387.6
142593.211
142593.6
143081.211
143081.6
143603.211
143603.6
144202.211
144202.6
144689.211
144689.6
145079.211
145079.6
145658.211
145658.6
146200.211
146200.6
146495.211
146495.6
147738.6
147739.212
147778.2
147778.4
147779.5
147780.4
147855.5
147948.4
147994.5
148278.3
148778.1
151137.4
151455.5
151683.6
152215.211
152215.6
152257.211
152257.6
152407.211
152407.6
153171.6
153172.212
153214.2
153214.4
153278.5
153714.3
154214.1
154914.6
155320.211
155320.6
155836.211
155836.6
156311.211
156311.6
156393.4
156431.5
156879.211
156879.6
157408.211
157408.6
158182.6
158183.212
158226.2
158226.4
158282.5
158678.4
158726.3
158814.5
159163.4
159226.1
159263.5
159394.4
159506.5
161644.6
161952.211
161952.6
162493.211
162493.6
163112.6
163113.212
163161.2
163161.4
163230.5
163417.4
163606.5
163661.3
163705.4
163898.5
164161.1
167324.6
167662.211
167662.6
167933.4
167964.5
168289.6
168290.212
168361.2
168361.4
168362.5
168363.4
168401.5
168861.3
169361.1
170419.4
170423.5
170425.4
170627.5
170768.6
171111.211
171111.6
171459.211
171459.6
172250.6
172251.212
172291.2
172291.4
172368.5
172791.3
173291.1
175126.4
175335.5
175426.6
175859.211
175859.6
176179.211
176179.6
176466.211
176466.6
176681.211
176681.6
177195.211
177195.6
177705.211
177705.6
178314.6
178315.212
178348.2
178348.4
178420.5
178848.3
179114.4
179348.1
180000.9
123456789
10
22
15
10
22
15
14
FI
2
6
10
52
51
11
25
51
6
2
696
0
0
0
314159265
47
1
113
180000
314159265
0.1
746.6
1268.211
1268.6
1846.211
1846.6
2333.211
2333.6
2830.211
2830.6
3019.211
3019.6
3055.211
3055.6
3236.211
3236.6
3368.211
3368.6
3925.211
3925.6
4535.6
4536.212
4586.2
4586.4
4588.5
4589.4
4632.5
5086.3
5586.1
6385.4
6489.5
6623.6
7092.211
7092.6
7554.211
7554.6
8368.6
8369.212
8407.2
8407.4
8563.5
8907.3
9407.1
10168.6
10549.211
10549.6
11279.6
11280.212
11368.2
11368.4
11416.5
11868.3
12368.1
12809.6
12975.4
13218.5
13293.211
13293.6
13869.211
13869.6
14073.211
14073.6
14176.211
14176.6
14348.211
14348.6
14482.4
14755.5
14834.211
14834.6
15520.6
15521.212
15570.2
15570.4
15643.5
15883.4
16006.5
16070.3
16353.4
16570.1
16828.5
16906.6
17400.211
17400.6
17481.211
17481.6
17692.4
17787.5
17874.211
17874.6
18353.211
18353.6
18409.211
18409.6
19133.6
19134.212
19174.2
19174.4
19456.5
19577.6
19674.3
20174.1
20188.6
20263.4
20318.5
20869.6
20870.212
20917.2
20917.4
20973.5
21417.3
21458.4
21655.5
21814.4
21917.1
22102.5
23070.6
23537.211
23537.6
24027.211
24027.6
24055.211
24055.6
24645.211
24645.6
25225.211
25225.6
25699.211
25699.6
26214.211
26214.6
26739.211
26739.6
27302.211
27302.6
27575.211
27575.6
28104.211
28104.6
28851.6
28852.212
28892.2
28892.4
28972.5
29344.4
29392.3
29399.5
29557.4
29624.5
29892.1
30362.4
30717.5
32341.6
32650.4
32699.5
32795.211
32795.6
33367.211
33367.6
34722.6
34723.212
34765.2
34765.4
34819.5
35265.3
35412.4
35593.5
35765.1
36366.6
37048.6
37049.212
37087.2
37087.4
37137.5
37519.4
37587.3
38087.1
38277.5
38373.6
38943.211
38943.6
39829.6
39830.212
39871.2
39871.4
39978.5
40371.3
40608.4
40871.1
41337.5
41408.6
41466.4
41757.5
41823.211
41823.6
42410.211
42410.6
42490.4
42604.5
42691.211
42691.6
42793.4
42907.5
43363.6
43364.212
43407.2
43407.4
43473.5
43907.3
44076.4
44079.5
44085.4
44179.5
44181.4
44184.5
44214.4
44322.5
44407.1
44989.6
45800.6
45801.212
45839.2
45839.4
45884.5
46339.3
46649.4
46713.5
46839.1
47043.4
47216.5
47899.6
48565.6
48566.212
48608.2
48608.4
48649.5
49108.3
49144.4
49266.5
49608.1
49648.4
49657.5
50505.6
51903.6
51904.212
51955.2
51955.4
51959.5
51963.4
52014.5
52455.3
52955.1
54447.6
54528.4
54534.5
55071.6
55072.212
55109.2
55109.4
55149.5
55609.3
56109.1
57600.6
58444.6
58445.212
58478.2
58478.4
58497.5
58533.4
58598.5
58978.3
59248.4
59417.5
59478.1
60301.6
61100.6
61101.212
61141.2
61141.4
61302.5
61641.3
62141.1
62419.6
62478.4
62542.5
62991.211
62991.6
63517.211
63517.6
63665.211
63665.6
64377.6
64378.212
64419.2
64419.4
64420.5
64423.4
64483.5
64919.3
65249.4
65419.1
65505.5
66414.6
67148.6
67149.212
67189.2
67189.4
67249.5
67689.3
68189.1
69510.6
70108.211
70108.6
70651.211
70651.6
71013.211
71013.6
71449.211
71449.6
72308.6
72309.212
72348.2
72348.4
72400.5
72848.3
73348.1
74547.6
74619.4
74643.5
75807.6
75808.212
75848.2
75848.4
75924.5
76348.3
76494.4
76503.5
76848.1
77730.6
78459.6
78460.212
78496.2
78496.4
78575.5
78996.3
79175.4
79240.5
79496.1
79508.4
79576.5
81051.6
81573.211
81573.6
82228.6
82229.212
82265.2
82265.4
82318.5
82765.3
82837.4
82893.5
82899.4
83086.5
83265.1
84114.6
84761.6
84762.212
84807.2
84807.4
84887.5
85307.3
85807.1
85843.4
85996.5
86047.4
86056.5
86058.4
86060.5
86126.4
86224.5
86731.6
88220.6
88221.212
88271.2
88271.4
88316.5
88771.3
89241.4
89271.1
89373.5
90924.4
91093.5
91214.6
91622.211
91622.6
91779.211
91779.6
92075.211
92075.6
92277.211
92277.6
92353.211
92353.6
92613.211
92613.6
92864.211
92864.6
93765.6
93766.212
93822.2
93822.4
93866.5
94322.3
94664.4
94822.1
95130.5
95303.6
96047.6
96048.212
96129.2
96129.4
96174.5
96629.3
97129.1
98567.4
98660.5
99006.4
99516.5
99642.6
99996.211
99996.6
100457.211
100457.6
100955.211
100955.6
101634.6
101635.212
101676.2
101676.4
101768.5
102176.3
102266.4
102411.5
102676.1
103733.4
103835.5
103953.6
104716.6
104717.212
104769.2
104769.4
104854.5
105148.4
105240.5
105269.3
105769.1
108292.6
108662.211
108662.6
109071.211
109071.6
109881.6
109882.212
109918.2
109918.4
109973.5
110418.3
110883.4
110918.1
110938.5
111154.4
111264.5
112320.6
112735.211
112735.6
113725.6
113726.212
113763.2
113763.4
113850.5
114263.3
114669.4
114763.1
115038.5
115815.6
116232.211
116232.6
116891.6
116892.212
116929.2
116929.4
117001.5
117429.3
117772.4
117929.1
118360.5
118439.6
118634.4
118769.5
118832.211
118832.6
119593.6
119594.212
119637.2
119637.4
119721.5
120137.3
120576.4
120637.1
120671.5
122278.6
123148.6
123149.212
123187.2
123187.4
123225.5
123687.3
124187.1
125628.6
126108.211
126108.6
127241.6
127242.212
127288.2
127288.4
127340.5
127788.3
128288.1
129431.6
130463.6
130464.212
130512.2
130512.4
130554.5
131012.3
131512.1
133305.6
134235.6
134236.212
134278.2
134278.4
134471.5
134778.3
135278.1
135293.4
135368.5
136763.6
137447.6
137448.212
137485.2
137485.4
137533.5
137985.3
138485.1
138992.8
139588.6
139693.211
139693.6
139887.211
139887.6
140010.211
140010.6
140124.211
140124.6
140217.211
140217.6
140566.211
140566.6
140627.211
140627.6
140758.211
140758.6
141278.211
141278.6
141370.211
141370.6
142165.6
142166.212
142217.2
142217.4
142252.5
142717.3
143217.1
144252.6
144460.211
144460.6
144906.211
144906.6
145802.6
145803.212
145846.2
145846.4
145914.5
146346.3
146595.4
146846.1
146910.5
147223.6
148095.6
148096.212
148144.2
148144.4
148248.5
148644.3
149144.1
150327.6
151563.6
151564.212
151623.2
151623.4
151683.5
152123.3
152378.4
152575.5
152623.1
153883.6
157699.6
157700.212
157772.2
157772.4
157825.5
158272.3
158539.4
158671.5
158772.1
160491.6
162229.6
162230.212
162282.2
162282.4
162383.5
162782.3
163282.1
165220.6
165553.211
165553.6
165792.211
165792.6
165875.211
165875.6
166051.211
166051.6
166137.211
166137.6
166399.211
166399.6
166899.211
166899.6
167337.211
167337.6
168211.6
168212.212
168274.2
168274.4
168351.5
168774.3
169171.4
169274.1
169528.5
170692.6
171061.211
171061.6
171834.6
171835.212
171899.2
171899.4
171960.5
172399.3
172681.4
172884.5
172899.1
173748.6
174192.211
174192.6
174789.211
174789.6
175539.6
175540.212
175579.2
175579.4
175656.5
176079.3
176492.4
176542.5
176579.1
179042.6
179225.211
179225.6
179480.211
179480.6
179695.211
179695.6
179785.211
180000.9
123456789
10
23
15
10
23
15
14
FI
2
6
10
47
30
11
20
30
6
2
684
0
0
0
314159265
54
0
125
180000
314159265
0.1
234.6
767.211
767.6
1366.211
1366.6
1963.211
1963.6
2307.211
2307.6
2983.6
2984.212
3076.2
3076.4
3117.5
3118.4
3133.5
3576.3
3770.4
4018.5
4076.1
4829.6
6049.6
6050.212
6092.2
6092.4
6172.5
6592.3
7092.1
7939.6
8378.211
8378.6
8741.211
8741.6
9542.6
9543.212
9584.2
9584.4
9647.5
10084.3
10335.4
10448.5
10584.1
11288.6
11635.211
11635.6
12361.6
12362.212
12410.2
12410.4
12449.5
12910.3
13410.1
14070.6
14812.6
14813.212
14854.2
14854.4
14899.5
15354.3
15586.4
15596.5
15854.1
16551.6
17328.6
17329.212
17364.2
17364.4
17435.5
17864.3
18364.1
18642.6
19388.6
19389.212
19431.2
19431.4
19484.5
19931.3
20431.1
21562.6
22110.211
22110.6
22287.211
22287.6
22515.211
22515.6
22669.211
22669.6
22826.4
22912.5
23013.211
23013.6
23094.211
23094.6
23427.211
23427.6
23903.211
23903.6
24205.211
24205.6
24847.6
24848.212
24885.2
24885.4
24927.5
25385.3
25885.1
26200.6
27026.6
27027.212
27072.2
27072.4
27114.5
27572.3
27585.4
27691.5
28072.1
28514.6
29015.211
29015.6
29326.211
29326.6
29816.211
29816.6
30556.6
30557.212
30593.2
30593.4
30650.5
31093.3
31593.1
33204.6
33771.211
33771.6
34732.6
34733.212
34772.2
34772.4
34842.5
35272.3
35772.1
35997.6
36072.4
36190.5
36194.4
36239.5
37065.6
37066.212
37104.2
37104.4
37210.5
37373.4
37604.3
38104.1
38398.5
38469.6
38515.4
39039.5
39114.6
39115.212
39152.2
39152.4
39326.5
39652.3
39778.4
40152.1
40433.5
40512.6
40560.4
40970.5
41055.211
41055.6
41223.211
41223.6
41298.4
41474.5
41485.4
41574.5
41648.211
41648.6
41723.4
41729.5
41734.4
41803.5
41810.4
42403.5
42416.4
42451.5
42527.6
42528.212
42564.2
42564.4
42654.5
43046.4
43064.3
43140.5
43564.1
43677.4
43923.5
44126.6
44622.211
44622.6
44771.4
45028.5
45105.4
45188.5
45251.6
45252.212
45302.2
45302.4
45350.5
45802.3
46055.4
46264.5
46302.1
47030.6
48139.6
48140.212
48187.2
48187.4
48254.5
48687.3
49187.1
50969.6
51273.211
51273.6
51519.211
51519.6
51823.4
51954.5
52133.4
52260.5
52384.6
52385.212
52424.2
52424.4
52627.5
52924.3
53183.6
53424.1
53652.6
54824.6
54825.212
54863.2
54863.4
54910.5
55161.4
55214.5
55363.3
55863.1
56496.6
56591.4
56652.5
57126.6
57127.212
57165.2
57165.4
57242.5
57665.3
57665.4
57784.5
58165.1
58535.6
59038.4
59110.5
59587.6
59588.212
59618.2
59618.4
59687.5
60118.3
60618.1
62111.6
62332.4
62386.5
63349.6
63350.212
63389.2
63389.4
63468.5
63889.3
64389.1
64901.6
65236.211
65236.6
65334.4
65357.5
66329.6
66330.212
66366.2
66366.4
66435.5
66866.3
67366.1
70294.6
70488.4
70505.5
70984.6
70985.212
71020.2
71020.4
71138.5
71520.3
72020.1
72387.6
73037.6
73038.212
73071.2
73071.4
73158.5
73571.3
73830.4
74042.5
74071.1
75287.6
75347.4
75382.5
76009.6
76010.212
76040.2
76040.4
76105.5
76540.3
77040.1
78001.6
78564.211
78564.6
79076.211
79076.6
79946.6
79947.212
79981.2
79981.4
80054.5
80481.3
80981.1
82309.6
82465.211
82465.6
83148.6
83149.212
83186.2
83186.4
83263.5
83686.3
84186.1
85232.4
85269.5
85838.6
87509.6
87510.212
87556.2
87556.4
87626.5
88056.3
88556.1
90323.6
91080.6
91081.212
91115.2
91115.4
91195.5
91615.3
91756.4
92115.1
92395.5
92431.4
92635.5
92808.4
92907.5
93252.6
93909.6
93910.212
93947.2
93947.4
94009.5
94447.3
94947.1
95640.4
95704.5
96961.6
97848.6
97849.212
97884.2
97884.4
97956.5
98384.3
98571.4
98707.5
98884.1
99402.6
99466.4
99573.5
100138.6
100139.212
100174.2
100174.4
100434.5
100674.3
101012.4
101050.5
101174.1
101904.6
101985.4
102026.5
103004.6
103005.212
103042.2
103042.4
103090.5
103542.3
104042.1
104536.6
104781.211
104781.6
105515.6
105516.212
105548.2
105548.4
105602.5
106048.3
106548.1
107532.6
107834.211
107834.6
108074.211
108074.6
108872.6
108873.212
108908.2
108908.4
108969.5
109408.3
109459.4
109795.5
109908.1
110689.6
111187.211
111187.6
111694.211
111694.6
111778.4
111912.5
112015.211
112015.6
112763.6
112764.212
112801.2
112801.4
112869.5
113301.3
113466.4
113674.5
113801.1
114672.6
115087.211
115087.6
115711.6
115712.212
115746.2
115746.4
115842.5
116246.3
116746.1
117615.6
118259.6
118260.212
118294.2
118294.4
118373.5
118794.3
119254.4
119294.1
119475.5
121330.4
121356.5
121360.4
121502.5
122045.6
122601.211
122601.6
123040.211
123040.6
123773.6
123774.212
123817.2
123817.4
123863.5
124068.4
124156.5
124317.3
124659.4
124719.5
124817.1
125681.4
125712.5
126248.6
126704.211
126704.6
127252.211
127252.6
127749.211
127749.6
128907.6
128908.212
128941.2
128941.4
129010.5
129441.3
129941.1
131372.4
131387.5
132498.6
133061.211
133061.6
133646.211
133646.6
134279.6
134280.212
134317.2
134317.4
134380.5
134817.3
135317.1
137506.6
137760.211
137760.6
138483.6
138484.212
138515.2
138515.4
138583.5
139015.3
139243.4
139311.5
139515.1
139667.4
139753.5
140650.6
141242.211
141242.6
142098.6
142099.212
142132.2
142132.4
142215.5
142632.3
143004.4
143132.1
143145.5
144035.6
144455.211
144455.6
145072.6
145073.212
145110.2
145110.4
145220.5
145610.3
146110.1
146802.6
147434.6
147435.212
147465.2
147465.4
147516.5
147965.3
148465.1
149717.6
149854.211
149854.6
150582.6
150583.212
150612.2
150612.4
150688.5
151112.3
151277.4
151543.5
151612.1
151717.4
151743.5
153389.6
153920.211
153920.6
154678.6
154679.212
154717.2
154717.4
154753.5
155217.3
155301.4
155421.5
155586.4
155710.5
155717.1
156935.6
157326.211
157326.6
157783.211
157783.6
158694.6
158695.212
158729.2
158729.4
158786.5
159229.3
159461.4
159538.5
159723.4
159729.1
159787.5
161330.6
161390.4
161446.5
162587.6
162588.212
162623.2
162623.4
162684.5
162796.4
162851.5
163123.3
163250.4
163285.5
163623.1
164270.6
164946.6
164947.212
164985.2
164985.4
165050.5
165485.3
165985.1
167062.6
167512.211
167512.6
168387.6
168388.212
168422.2
168422.4
168469.5
168922.3
169422.1
169854.6
169907.4
169929.5
170724.6
170725.212
170756.2
170756.4
170833.5
171256.3
171756.1
173090.6
173835.6
173836.212
173868.2
173868.4
173941.5
174368.3
174594.4
174649.5
174795.4
174868.1
175185.5
176429.6
176864.211
176864.6
177521.6
177522.212
177558.2
177558.4
177598.5
178058.3
178378.4
178463.5
178558.1
179009.4
179012.5
179013.4
180000.9
123456789
10
24
15
10
24
15
14
FI
2
6
10
48
00
11
21
00
6
2
607
0
0
0
314159265
44
1
104
180000
314159265
0.1
657.6
914.4
977.5
1089.211
1089.6
1224.4
1247.5
1958.6
1959.212
1999.2
1999.4
2043.5
2499.3
2647.4
2699.5
2705.4
2716.5
2999.1
3471.6
3844.4
3884.5
4303.6
4304.212
4343.2
4343.4
4419.5
4843.3
5343.1
7050.6
8287.6
8288.212
8340.2
8340.4
8411.5
8840.3
9340.1
10164.6
10741.211
10741.6
11089.211
11089.6
11202.4
11283.5
11392.211
11392.6
11545.211
11545.6
11907.211
11907.6
12521.6
12522.212
12558.2
12558.4
12626.5
12946.4
13058.3
13558.1
13672.5
13774.4
13923.5
14000.6
14078.4
14275.5
14660.6
14661.212
14703.2
14703.4
14774.5
15173.4
15203.3
15410.5
15463.4
15703.1
15802.5
15895.4
15989.5
16058.6
16185.4
16295.5
16734.6
16735.212
16800.2
16800.4
16804.5
16806.4
16862.5
17300.3
17741.4
17795.5
17800.1
19076.6
19595.211
19595.6
19925.211
19925.6
20348.211
20348.6
21026.6
21027.212
21063.2
21063.4
21122.5
21563.3
21635.4
21954.5
22063.1
22763.6
23157.211
23157.6
23870.6
23871.212
23906.2
23906.4
23961.5
24406.3
24906.1
25437.6
26014.211
26014.6
26081.4
26105.5
27517.6
27518.212
27556.2
27556.4
27666.5
28017.4
28056.3
28075.5
28556.1
29713.6
30123.211
30123.6
30735.6
30736.212
30781.2
30781.4
30830.5
31281.3
31553.4
31647.5
31781.1
32771.6
33259.211
33259.6
33867.6
33868.212
33924.2
33924.4
33966.5
34424.3
34924.1
36099.4
36831.5
36916.6
37091.211
37091.6
37190.4
37361.5
37432.211
37432.6
37876.211
37876.6
38615.6
38616.212
38659.2
38659.4
38729.5
39159.3
39380.4
39539.5
39659.1
40998.6
41541.211
41541.6
42703.6
42704.212
42762.2
42762.4
42833.5
43262.3
43564.4
43664.5
43762.1
44831.6
45621.6
45622.212
45672.2
45672.4
45715.5
46172.3
46672.1
47788.6
48385.211
48385.6
48523.211
48523.6
49091.211
49091.6
49268.211
49268.6
49456.211
49456.6
49902.211
49902.6
50232.211
50232.6
50669.211
50669.6
50963.211
50963.6
51570.6
51571.212
51646.2
51646.4
51714.5
52146.3
52646.1
53370.6
53751.211
53751.6
54497.6
54498.212
54551.2
54551.4
54591.5
55051.3
55551.1
56486.6
57278.6
57279.212
57324.2
57324.4
57424.5
57824.3
58324.1
58471.4
58884.5
59163.6
59343.4
59798.5
59862.6
59863.212
59902.2
59902.4
59961.5
60402.3
60902.1
61834.4
62059.5
62329.6
62620.211
62620.6
63067.211
63067.6
64045.6
64046.212
64099.2
64099.4
64159.5
64440.4
64501.5
64599.3
65099.1
65103.4
65261.5
65647.6
65819.4
65878.5
65949.211
65949.6
66282.211
66282.6
66951.6
66952.212
67007.2
67007.4
67214.5
67507.3
67822.4
67909.5
68007.1
68421.6
68681.211
68681.6
68883.211
68883.6
69218.211
69218.6
69404.211
69404.6
69767.211
69767.6
70110.211
70110.6
70600.211
70600.6
70977.211
70977.6
71754.6
71755.212
71801.2
71801.4
71848.5
72301.3
72801.1
73186.4
73852.5
73855.4
73946.5
74029.6
74071.4
74094.5
74096.4
74350.5
74423.211
74423.6
74478.4
74604.5
74660.4
74663.5
74671.4
74682.5
74686.4
74688.5
74689.4
74761.5
74838.211
74838.6
75378.211
75378.6
75953.211
75953.6
76695.6
76696.212
76732.2
76732.4
76777.5
77232.3
77423.4
77732.1
77829.5
78426.6
78902.211
78902.6
79406.211
79406.6
79953.211
79953.6
80424.211
80424.6
80851.211
80851.6
81049.211
81049.6
81202.211
81202.6
81803.6
81804.212
81840.2
81840.4
81912.5
82340.3
82554.4
82840.1
82880.5
83128.8
84699.6
85401.6
85402.212
85444.2
85444.4
85515.5
85944.3
86021.4
86113.5
86444.1
88010.6
88458.211
88458.6
88937.211
88937.6
89026.4
89102.5
89702.6
89703.212
89738.2
89738.4
89828.5
90238.3
90738.1
92376.6
93339.6
93340.212
93382.2
93382.4
93474.5
93872.4
93882.3
94043.5
94382.1
94590.4
94658.5
94660.4
94742.5
96583.6
97954.6
97955.212
97993.2
97993.4
98062.5
98493.3
98812.4
98875.5
98993.1
99085.4
99195.5
100026.6
100935.6
100936.212
100974.2
100974.4
101014.5
101474.3
101974.1
104773.6
105376.6
105377.212
105423.2
105423.4
105524.5
105923.3
106423.1
107853.6
108558.6
108559.212
108611.2
108611.4
108655.5
109111.3
109611.1
111499.6
111877.211
111877.6
112124.211
112124.6
112694.211
112694.6
113354.6
113355.212
113419.2
113419.4
113530.5
113919.3
114419.1
114542.6
115235.6
115236.212
115276.2
115276.4
115406.5
115733.4
115776.3
115813.5
116276.1
118207.6
118922.6
118923.212
118976.2
118976.4
119053.5
119476.3
119976.1
120698.4
120729.5
121582.6
122142.211
122142.6
122745.6
122746.212
122779.2
122779.4
122866.5
123279.3
123613.4
123676.5
123779.1
125703.6
127117.6
127118.212
127174.2
127174.4
127317.5
127547.4
127625.5
127674.3
128174.1
129211.6
129826.6
129827.212
129867.2
129867.4
129940.5
130367.3
130867.1
131886.6
132319.211
132319.6
132862.211
132862.6
134647.6
134648.212
134698.2
134698.4
134750.5
135198.3
135698.1
137044.6
137851.6
137852.212
137907.2
137907.4
137909.5
137911.4
138039.5
138131.4
138213.5
138218.4
138334.5
138407.3
138907.1
139241.6
139731.211
139731.6
139870.211
139870.6
140842.6
140843.212
140899.2
140899.4
140949.5
141399.3
141621.6
141899.1
144934.6
146168.6
146169.212
146218.2
146218.4
146271.5
146718.3
147218.1
149240.6
149847.6
149848.212
149906.2
149906.4
149922.5
150406.3
150906.1
153898.6
157225.6
157226.212
157269.2
157269.4
157281.5
157769.3
158190.6
158269.1
159097.6
159437.211
159437.6
159482.211
159482.6
161831.6
161832.212
161884.2
161884.4
161994.5
161996.4
161997.5
162384.3
162866.4
162884.1
163077.5
163145.4
163325.5
163389.4
163500.5
167795.6
168280.211
168280.6
168716.211
168716.6
171285.6
171286.212
171359.2
171359.4
171502.5
171590.4
171681.5
171859.3
172359.1
180000.9
123456789
10
25
15
10
25
15
14
FI
2
6
10
47
31
11
20
31
6
2
674
0
0
0
314159265
42
0
108
180000
314159265
0.1
499.6
1139.6
1140.212
1203.2
1203.4
1309.5
1493.4
1558.5
1703.3
2203.1
3100.6
3621.211
3621.6
4232.6
4233.212
4273.2
4273.4
4318.5
4773.3
5031.4
5155.5
5273.1
5843.6
6392.4
6466.5
6911.6
6912.212
6953.2
6953.4
7041.5
7453.3
7953.1
7977.4
8074.5
8781.6
8968.4
9091.5
9159.211
9159.6
10283.6
10284.212
10321.2
10321.4
10387.5
10821.3
11321.1
11676.6
12293.6
12294.212
12339.2
12339.4
12653.5
12839.3
13190.6
13339.1
13727.6
14174.211
14174.6
14643.211
14643.6
15153.211
15153.6
15735.211
15735.6
16279.211
16279.6
16872.211
16872.6
17372.211
17372.6
17449.4
17506.5
18007.6
18008.212
18044.2
18044.4
18106.5
18544.3
19044.1
20001.6
20617.6
20618.212
20665.2
20665.4
20770.5
21165.3
21642.4
21665.1
22025.5
22113.6
23099.6
23100.212
23142.2
23142.4
23348.5
23642.3
23936.4
24040.5
24142.1
24624.4
24756.5
24834.6
25324.211
25324.6
25405.4
25515.5
25624.211
25624.6
26297.6
26298.212
26334.2
26334.4
26407.5
26834.3
27334.1
27475.4
27619.5
27622.4
27759.5
27774.4
27926.5
27987.6
28026.4
28216.5
28243.4
28257.5
28383.4
28389.5
28396.4
28434.5
28517.211
28517.6
28584.4
28850.5
28917.211
28917.6
28979.4
28981.5
28987.4
29028.5
29331.211
29331.6
29417.4
29689.5
29746.211
29746.6
29803.4
29818.5
29822.4
29824.5
29825.4
29829.5
29830.4
29983.5
30338.211
30338.6
30596.4
30636.5
30999.6
31000.212
31041.2
31041.4
31130.5
31541.3
32041.1
32997.6
33535.211
33535.6
34269.6
34270.212
34309.2
34309.4
34353.5
34809.3
34809.4
34861.5
35240.4
35309.1
35539.5
36222.6
36463.211
36463.6
36961.211
36961.6
37199.211
37199.6
37540.211
37540.6
38266.6
38267.212
38307.2
38307.4
38350.5
38807.3
39307.1
40077.6
40527.211
40527.6
41063.211
41063.6
41347.211
41347.6
41725.211
41725.6
42508.6
42509.212
42562.2
42562.4
42563.5
42566.4
42604.5
43062.3
43562.1
44252.6
44611.211
44611.6
45089.211
45089.6
45595.211
45595.6
46240.6
46241.212
46283.2
46283.4
46323.5
46783.3
47184.4
47260.5
47283.1
48244.6
48583.211
48583.6
48994.211
48994.6
49393.211
49393.6
49844.211
49844.6
50415.211
50415.6
50912.211
50912.6
50964.4
51034.5
52256.6
52257.212
52291.2
52291.4
52332.5
52791.3
52815.4
52995.5
53291.1
53834.4
53858.5
54360.6
55164.6
55165.212
55200.2
55200.4
55259.5
55700.3
56200.1
56490.4
56634.5
56816.6
57643.6
57644.212
57678.2
57678.4
57755.5
57836.4
57871.5
58178.3
58215.4
58217.5
58219.4
58678.1
58916.5
58943.4
59064.5
59139.6
59250.4
59466.5
59933.6
59934.212
59966.2
59966.4
60020.5
60466.3
60966.1
61752.6
61802.4
61902.5
62352.211
62352.6
62880.211
62880.6
63576.6
63577.212
63609.2
63609.4
63658.5
63994.4
64033.5
64109.3
64609.1
65114.6
66379.6
66380.212
66425.2
66425.4
66484.5
66925.3
67425.1
68479.6
69112.6
69113.212
69156.2
69156.4
69193.5
69656.3
70156.1
70481.6
71055.211
71055.6
71174.211
71174.6
71593.211
71593.6
72032.211
72032.6
72485.211
72485.6
72550.4
72570.5
72985.211
72985.6
73019.4
73082.5
73482.211
73482.6
73546.4
73632.5
74119.6
74120.212
74152.2
74152.4
74208.5
74652.3
74791.4
74895.5
75152.1
76875.6
77343.211
77343.6
77729.211
77729.6
78259.211
78259.6
78369.211
78369.6
78556.211
78556.6
79278.6
79279.212
79313.2
79313.4
79360.5
79813.3
80313.1
81610.6
82139.211
82139.6
82562.211
82562.6
83017.211
83017.6
83860.6
83861.212
83893.2
83893.4
83963.5
84393.3
84893.1
85806.6
86779.6
86780.212
86820.2
86820.4
86879.5
87320.3
87458.4
87591.5
87820.1
88343.4
88391.5
89207.6
90157.6
90158.212
90204.2
90204.4
90260.5
90704.3
90796.4
90971.5
91074.4
91204.1
91217.5
91310.6
91905.211
91905.6
92274.211
92274.6
92670.211
92670.6
93015.211
93015.6
93322.211
93322.6
93385.211
93385.6
93877.211
93877.6
93966.211
93966.6
94428.211
94428.6
94605.211
94605.6
94850.211
94850.6
95258.211
95258.6
96104.6
96105.212
96139.2
96139.4
96180.5
96639.3
96930.4
97016.5
97139.1
97806.4
97881.5
98612.6
98910.4
98965.5
99023.211
99023.6
99443.211
99443.6
99941.211
99941.6
100518.211
100518.6
100596.4
100684.5
101146.6
101147.212
101180.2
101180.4
101318.5
101321.4
101400.5
101680.3
102180.1
102560.6
103079.211
103079.6
103922.6
103923.212
103975.2
103975.4
104052.5
104264.4
104328.5
104475.3
104634.4
104812.5
104975.1
107456.6
107882.211
107882.6
108325.211
108325.6
109395.6
109396.212
109447.2
109447.4
109503.5
109947.3
110447.1
111027.6
111122.211
111122.6
111752.6
111753.212
111792.2
111792.4
111852.5
112292.3
112792.1
113493.6
114311.6
114312.212
114351.2
114351.4
114415.5
114455.4
114851.3
115233.5
115351.1
115672.4
115713.5
116503.6
116899.211
116899.6
117147.211
117147.6
117553.211
117553.6
117982.211
117982.6
118457.211
118457.6
118508.4
118535.5
118981.211
118981.6
119545.211
119545.6
120021.211
120021.6
120114.211
120114.6
120726.6
120727.212
120764.2
120764.4
120832.5
121264.3
121764.1
121980.6
122013.211
122013.6
122721.6
122722.212
122759.2
122759.4
122838.5
123259.3
123759.1
125703.6
125992.211
125992.6
126407.211
126407.6
126987.211
126987.6
127752.6
127753.212
127794.2
127794.4
127894.5
128294.3
128794.1
129153.6
129264.211
129264.6
129709.211
129709.6
129796.4
129943.5
131177.6
131178.212
131246.2
131246.4
131300.5
131746.3
132246.1
133419.6
134488.6
134489.212
134553.2
134553.4
134564.5
135053.3
135529.6
135553.1
136159.6
136829.6
136830.212
136881.2
136881.4
136963.5
137381.3
137881.1
141128.6
141946.6
141947.212
142022.2
142022.4
142023.5
142025.4
142039.5
142097.6
142522.3
143022.1
143758.6
144245.211
144245.6
144877.6
144878.212
144929.2
144929.4
145211.5
145429.3
145863.4
145926.5
145929.1
146386.4
146468.5
147302.4
147372.5
148526.4
148604.5
152064.6
153269.6
153270.212
153445.6
157720.6
158096.6
158509.6
159102.6
159319.6
160245.6
160336.6
166877.6
167260.6
168154.6
171625.6
172648.6
173760.2
173760.4
173789.5
173795.4
174048.5
174260.3
174760.1
174929.6
175425.211
175425.6
175667.211
175667.6
176919.6
176920.212
176960.2
176960.4
177139.5
177460.3
177960.1
178627.6
179014.211
179014.6
179345.211
179345.6
179387.211
179387.6
179468.211
180000.9
123456789
10
26
15
10
26
15
14
FI
2
6
10
47
01
11
20
01
6
2
786
0
0
0
314159265
51
2
144
180000
314159265
0.1
168.6
593.211
593.6
1367.6
1368.212
1417.2
1417.4
1473.5
1917.3
2192.4
2262.5
2417.1
2754.6
2843.4
2929.5
3166.211
3166.6
3791.6
3792.212
3839.2
3839.4
3904.5
4339.3
4839.1
4920.6
5230.211
5230.6
5512.211
5512.6
5858.211
5858.6
6435.211
6435.6
6507.4
6566.5
7013.211
7013.6
7621.6
7622.212
7665.2
7665.4
7728.5
8165.3
8397.4
8665.1
8686.5
9319.6
10090.6
10091.212
10132.2
10132.4
10173.5
10632.3
10780.4
10982.5
11132.1
11851.6
12255.211
12255.6
12893.6
12894.212
12931.2
12931.4
13003.5
13417.4
13431.3
13475.5
13862.4
13931.1
13997.5
14716.6
15145.211
15145.6
15547.211
15547.6
16041.211
16041.6
16132.4
16151.5
16578.211
16578.6
17202.6
17203.212
17243.2
17243.4
17302.5
17703.4
17743.3
17752.5
18094.4
18237.5
18243.1
19038.6
19986.6
19987.212
20021.2
20021.4
20096.5
20521.3
20706.4
20740.5
21021.1
21964.6
22480.211
22480.6
23041.211
23041.6
23759.6
23760.212
23805.2
23805.4
23865.5
24305.3
24805.1
25592.6
25736.4
25832.5
25895.211
25895.6
26368.211
26368.6
26475.4
26587.5
27111.6
27112.212
27146.2
27146.4
27192.5
27646.3
28146.1
28766.6
28825.4
28923.5
29468.6
29469.212
29510.2
29510.4
29572.5
30010.3
30510.1
31018.6
31520.211
31520.6
31598.4
31629.5
31998.211
31998.6
32568.211
32568.6
32651.4
32680.5
32749.8
33213.6
33214.212
33249.2
33249.4
33310.5
33749.3
34249.1
34970.6
35032.4
35054.5
35597.6
35598.212
35631.2
35631.4
35701.5
36131.3
36410.4
36474.5
36631.1
37842.6
38649.6
38650.212
38683.2
38683.4
38737.5
39183.3
39683.1
40128.6
40178.4
40200.5
40637.211
40637.6
41107.211
41107.6
41175.4
41183.5
41576.211
41576.6
42698.6
42699.212
42737.2
42737.4
42783.5
43237.3
43737.1
44248.4
44274.5
44445.4
44656.5
44734.6
44783.4
44818.5
44819.4
44829.5
44835.4
44939.5
45330.211
45330.6
45356.211
45356.6
46076.6
46077.212
46115.2
46115.4
46176.5
46615.3
46803.4
46867.5
46977.4
47115.1
47243.5
48037.6
48470.211
48470.6
48872.211
48872.6
49089.4
49178.5
49233.211
49233.6
49810.211
49810.6
50454.6
50455.212
50493.2
50493.4
50569.5
50993.3
51493.1
52033.4
52173.5
52235.6
53038.6
53039.212
53069.2
53069.4
53143.5
53569.3
53654.4
53802.5
54069.1
54299.4
54418.5
55384.6
56159.6
56160.212
56197.2
56197.4
56277.5
56697.3
57197.1
58142.4
58164.5
58844.6
58990.4
59053.5
59558.6
59559.212
59590.2
59590.4
59726.5
60090.3
60590.1
61109.6
61581.211
61581.6
62209.6
62210.212
62242.2
62242.4
62321.5
62508.4
62723.5
62742.3
63242.1
64806.6
65646.6
65647.212
65682.2
65682.4
65740.5
65923.4
65991.5
66148.4
66182.3
66299.5
66682.1
67094.6
67971.6
67972.212
68024.2
68024.4
68090.5
68524.3
68662.4
68664.5
68665.4
68666.5
68675.4
68904.5
69024.1
69534.4
69538.5
69638.6
69822.4
69994.5
70058.211
70058.6
70804.6
70805.212
70850.2
70850.4
70924.5
71350.3
71850.1
72647.4
72648.5
72667.4
72789.5
72918.6
73339.211
73339.6
73678.211
73678.6
73999.211
73999.6
74222.211
74222.6
74528.211
74528.6
74707.4
74734.5
75017.211
75017.6
75740.6
75741.212
75779.2
75779.4
75853.5
75904.4
75942.5
76258.4
76279.3
76391.5
76779.1
77206.6
77750.211
77750.6
78134.211
78134.6
79111.6
79112.212
79162.2
79162.4
79222.5
79662.3
80162.1
81299.6
81333.4
81368.5
81378.4
81475.5
83019.6
83020.212
83061.2
83061.4
83103.5
83561.3
84061.1
84811.6
85551.6
85552.212
85590.2
85590.4
85684.5
86090.3
86590.1
87487.6
87542.4
87571.5
88268.6
88269.212
88311.2
88311.4
88373.5
88811.3
88865.4
88959.5
89311.1
90448.6
91052.6
91053.212
91091.2
91091.4
91140.5
91591.3
91648.4
91779.5
91785.4
91921.5
91934.4
91953.5
91962.4
92091.1
92241.5
92321.6
92387.4
92411.5
92413.4
92414.5
92415.4
92424.5
92427.4
92450.5
92456.4
92675.5
92679.4
92698.5
92699.4
92704.5
92866.211
92866.6
92918.4
93193.5
93252.4
93316.5
93318.4
93323.5
93397.211
93397.6
93510.4
93539.5
93544.4
93813.5
93898.211
93898.6
94409.211
94409.6
94948.211
94948.6
95635.6
95636.212
95673.2
95673.4
95780.5
96173.3
96657.4
96673.1
96894.5
97211.4
97251.5
97252.4
97321.5
97355.4
97375.5
97472.6
97646.4
97648.5
97888.8
98315.6
98316.212
98356.2
98356.4
98407.5
98856.3
98949.4
99169.5
99356.1
99844.6
99924.4
100079.5
100692.6
100693.212
100729.2
100729.4
100803.5
101097.4
101147.5
101229.3
101292.4
101364.5
101729.1
101887.4
102154.5
102156.4
102162.5
102215.4
102271.5
102390.6
103276.6
103277.212
103311.2
103311.4
103811.3
103841.5
103852.4
103887.5
104311.1
104514.6
104928.211
104928.6
105660.6
105661.212
105709.2
105709.4
105767.5
106209.3
106227.4
106239.5
106709.1
107320.6
107463.4
107489.5
107559.211
107559.6
107959.211
107959.6
108423.211
108423.6
108506.211
108506.6
108814.211
108814.6
108899.211
108899.6
109545.6
109546.212
109595.2
109595.4
109666.5
110095.3
110595.1
110970.6
111849.6
111850.212
111899.2
111899.4
111957.5
112399.3
112899.1
114825.6
114921.211
114921.6
114989.4
115108.5
115111.4
115214.5
115272.211
115272.6
115738.211
115738.6
116116.211
116116.6
116597.211
116597.6
116648.4
116679.5
117347.6
117348.212
117386.2
117386.4
117465.5
117886.3
118386.1
119238.6
119841.6
119842.212
119908.2
119908.4
119952.5
120408.3
120472.4
120484.5
120487.4
120492.5
120908.1
121585.6
122178.211
122178.6
122661.211
122661.6
123218.211
123218.6
123578.211
123578.6
123947.211
123947.6
125212.6
125213.212
125246.2
125246.4
125303.5
125746.3
126246.1
127137.6
127167.211
127167.6
127172.211
127172.6
127757.211
127757.6
129237.6
129238.212
129276.2
129276.4
129334.5
129776.3
130276.1
131795.6
132004.211
132004.6
132421.211
132421.6
132783.211
132783.6
132914.211
132914.6
133223.211
133223.6
133631.211
133631.6
134509.6
134510.212
134567.2
134567.4
134634.5
135067.3
135567.1
136330.6
136784.211
136784.6
136892.4
137001.5
137090.211
137090.6
137777.6
137778.212
137827.2
137827.4
137860.5
138327.3
138512.6
138827.1
139213.6
140403.6
140404.212
140451.2
140451.4
140497.5
140629.4
140668.5
140951.3
141035.4
141126.5
141451.1
142971.6
143994.6
143995.212
144044.2
144044.4
144078.5
144544.3
144818.4
144905.5
145044.1
146460.6
146754.211
146754.6
147301.211
147301.6
147696.211
147696.6
147798.211
147798.6
148287.211
148287.6
148313.211
148313.6
148740.211
148740.6
149615.6
149616.212
149654.2
149654.4
149709.5
150154.3
150654.1
152246.6
152694.211
152694.6
153196.211
153196.6
153354.211
153354.6
154212.6
154213.212
154261.2
154261.4
154323.5
154761.3
155007.4
155056.5
155261.1
156106.6
156494.211
156494.6
156980.211
156980.6
157080.211
157080.6
158199.6
158200.212
158237.2
158237.4
158283.5
158737.3
159069.4
159142.5
159237.1
160735.6
161476.6
161477.212
161533.2
161533.4
161581.5
162033.3
162533.1
164658.6
167178.6
167179.212
167211.2
167211.4
167269.5
167711.3
168211.1
170113.6
170459.211
170459.6
171046.211
171046.6
171148.211
171148.6
171720.211
171720.6
171989.211
171989.6
172441.211
172441.6
172783.211
172783.6
173242.211
173242.6
173867.6
173868.212
173901.2
173901.4
173978.5
174401.3
174901.1
175967.6
176388.211
176388.6
178175.6
178176.212
178222.2
178222.4
178276.5
178632.4
178722.3
178743.5
180000.9
123456789
10
27
15
10
27
15
14
FI
2
6
10
47
26
11
20
26
6
2
723
0
0
0
314159265
52
0
125
180000
314159265
0.1
173.6
528.211
528.6
825.211
825.6
1535.6
1536.212
1579.2
1579.4
1661.5
2079.3
2579.1
3482.6
3762.211
3762.6
4435.6
4436.212
4476.2
4476.4
4533.5
4976.3
5476.1
5983.6
6315.211
6315.6
6951.6
6952.212
6997.2
6997.4
7048.5
7497.3
7618.4
7680.5
7938.4
7997.1
8087.5
8913.6
9821.6
9822.212
9858.2
9858.4
9916.5
10031.4
10156.5
10358.3
10739.4
10858.1
11093.5
11967.6
12473.211
12473.6
12543.4
12666.5
12672.4
12767.5
13188.6
13189.212
13232.2
13232.4
13260.5
13659.4
13732.3
13824.5
14232.1
14435.6
15083.6
15084.212
15171.2
15171.4
15257.5
15642.4
15671.3
15747.5
16171.1
16794.6
17275.211
17275.6
17913.6
17914.212
17970.2
17970.4
18027.5
18470.3
18945.4
18970.1
19069.5
20317.6
20401.4
20421.5
20431.4
20495.5
21036.6
21037.212
21082.2
21082.4
21157.5
21582.3
22082.1
22517.6
23153.6
23154.212
23189.2
23189.4
23257.5
23689.3
23727.4
23841.5
23997.4
24189.1
24204.5
24209.4
24213.5
25118.6
25364.211
25364.6
26176.6
26177.212
26238.2
26238.4
26283.5
26738.3
26816.4
26883.5
27110.4
27238.1
27689.5
27698.4
27723.5
27733.4
27739.5
27744.4
27752.5
28465.6
28958.211
28958.6
29592.6
29593.212
29629.2
29629.4
29664.5
30129.3
30291.4
30325.5
30629.1
30760.4
30917.5
30986.6
31457.211
31457.6
31518.4
31568.5
32417.6
32418.212
32456.2
32456.4
32543.5
32956.3
33456.1
34258.6
34739.211
34739.6
35419.6
35420.212
35460.2
35460.4
35516.5
35960.3
36460.1
36788.6
37601.6
37602.212
37638.2
37638.4
37719.5
38138.3
38638.1
39560.6
40202.6
40203.212
40237.2
40237.4
40311.5
40737.3
41237.1
41493.4
41608.5
41680.6
42221.211
42221.6
42825.6
42826.212
42877.2
42877.4
42913.5
43377.3
43877.1
45353.6
45819.211
45819.6
46244.211
46244.6
46793.211
46793.6
47328.211
47328.6
48380.6
48381.212
48430.2
48430.4
48496.5
48930.3
49173.4
49284.5
49430.1
50388.6
50777.211
50777.6
51261.211
51261.6
52115.6
52116.212
52154.2
52154.4
52213.5
52654.3
53154.1
53591.4
53680.5
53751.6
53800.4
53807.5
53814.4
53851.5
54341.211
54341.6
55225.6
55226.212
55262.2
55262.4
55315.5
55762.3
56180.4
56190.5
56262.1
57592.6
57625.4
57627.5
57628.4
57694.5
58843.6
58844.212
58882.2
58882.4
58945.5
59382.3
59882.1
60147.4
60233.5
60370.6
60838.211
60838.6
61381.211
61381.6
62142.6
62143.212
62179.2
62179.4
62234.5
62679.3
62724.4
62788.5
63179.1
64204.6
64766.211
64766.6
65510.6
65511.212
65551.2
65551.4
65612.5
66051.3
66076.4
66122.5
66551.1
68140.6
68188.4
68215.5
69075.6
69076.212
69131.2
69131.4
69197.5
69285.4
69330.5
69631.3
70131.1
71132.4
71217.5
71407.6
71575.4
71692.5
71757.211
71757.6
72072.211
72072.6
72504.211
72504.6
72944.211
72944.6
73539.211
73539.6
74234.6
74235.212
74296.2
74296.4
74360.5
74796.3
75296.1
75818.4
75910.5
76722.6
77839.6
77840.212
77873.2
77873.4
77919.5
78373.3
78873.1
79873.6
80336.211
80336.6
80388.4
80543.5
80614.211
80614.6
81093.211
81093.6
81750.6
81751.212
81787.2
81787.4
81850.5
82287.3
82787.1
84704.4
84791.5
84884.6
86146.6
86147.212
86181.2
86181.4
86266.5
86623.4
86624.5
86644.4
86681.3
86814.5
86821.4
86844.5
87181.1
87908.6
88423.211
88423.6
88533.211
88533.6
89129.211
89129.6
89469.211
89469.6
89827.211
89827.6
90356.211
90356.6
90888.211
90888.6
91493.6
91494.212
91528.2
91528.4
91588.5
92028.3
92528.1
92664.4
92725.5
92726.4
92731.5
93238.6
93979.6
93980.212
94014.2
94014.4
94060.5
94514.3
95014.1
96401.6
96463.4
96529.5
97069.6
97070.212
97107.2
97107.4
97191.5
97607.3
97682.4
97886.5
98107.1
99182.6
99284.4
99326.5
99330.4
99341.5
99345.4
99461.5
99599.211
99599.6
100130.211
100130.6
100176.4
100266.5
100928.6
100929.212
100965.2
100965.4
101035.5
101465.3
101600.4
101608.5
101610.4
101695.5
101965.1
102656.6
102968.211
102968.6
103449.211
103449.6
103951.211
103951.6
104567.6
104568.212
104599.2
104599.4
104663.5
105099.3
105599.1
106637.6
106768.4
106838.5
107523.6
107524.212
107556.2
107556.4
107601.5
107971.4
108030.5
108056.3
108556.1
109135.6
109442.211
109442.6
109987.211
109987.6
110087.211
110087.6
110408.211
110408.6
111240.6
111241.212
111277.2
111277.4
111321.5
111777.3
111782.4
111863.5
112197.4
112277.1
112279.5
113700.6
114327.6
114328.212
114368.2
114368.4
114444.5
114868.3
115368.1
115488.4
115577.5
116803.6
117565.6
117566.212
117606.2
117606.4
117666.5
118106.3
118606.1
119044.6
119376.211
119376.6
119866.211
119866.6
119969.211
119969.6
120414.211
120414.6
120877.211
120877.6
121317.211
121317.6
121776.211
121776.6
122432.6
122433.212
122463.2
122463.4
122567.5
122963.3
122980.4
123028.5
123463.1
125493.6
125642.211
125642.6
126324.6
126325.212
126374.2
126374.4
126440.5
126874.3
127374.1
128977.6
129555.4
129609.5
129689.6
129690.212
129736.2
129736.4
129812.5
130236.3
130736.1
133597.6
134538.6
134539.212
134573.2
134573.4
134647.5
135073.3
135127.4
135218.5
135378.4
135454.5
135573.1
135879.4
136030.5
136112.6
136246.4
136272.5
136276.4
136283.5
136286.4
136292.5
136490.4
136502.5
136566.211
136566.6
137173.6
137174.212
137235.2
137235.4
137302.5
137735.3
137969.4
138190.5
138235.1
139863.6
141015.6
141016.212
141052.2
141052.4
141148.5
141552.3
142052.1
142271.6
142813.211
142813.6
143117.211
143117.6
143186.211
143186.6
143470.211
143470.6
143844.211
143844.6
144211.211
144211.6
144850.6
144851.212
144884.2
144884.4
145110.5
145384.3
145884.1
146254.6
147377.6
147378.212
147426.2
147426.4
147509.5
147926.3
148426.1
148603.6
149036.211
149036.6
149839.6
149840.212
149891.2
149891.4
150307.5
150311.4
150331.5
150391.3
150891.1
151280.6
151902.6
151903.212
151962.2
151962.4
152079.5
152275.6
152462.3
152962.1
153111.6
153198.211
153198.6
153519.211
153519.6
154022.211
154022.6
155500.6
155501.212
155557.2
155557.4
155573.5
155587.4
155842.5
156057.3
156557.1
157505.6
158719.6
158720.212
158770.2
158770.4
158863.5
159270.3
159770.1
160004.4
160197.5
160528.4
160724.5
160932.6
161040.211
161040.6
162001.6
162002.212
164786.6
164886.6
166691.2
166691.4
166915.5
167191.3
167691.1
168475.6
168825.211
168825.6
169043.211
169043.6
169366.211
169366.6
169513.211
169513.6
170075.211
170075.6
170328.211
170328.6
170664.211
170664.6
170770.211
170770.6
171074.211
171074.6
171100.211
171100.6
171966.6
171967.212
172016.2
172016.4
172037.5
172516.3
173016.1
173537.6
173691.4
173742.5
173827.211
173827.6
175358.6
175359.212
175420.2
175420.4
175544.5
175920.3
176420.1
176595.6
177365.6
177366.212
177422.2
177422.4
177572.5
177922.3
178422.1
179310.6
179449.211
180000.9
123456789
10
28
15
10
28
15
14
FI
2
6
10
47
00
11
20
00
6
2
772
0
0
0
314159265
53
0
143
180000
314159265
0.1
435.6
654.4
685.5
1087.6
1088.212
1130.2
1130.4
1185.5
1630.3
1676.4
1739.5
2130.1
2382.6
2910.211
2910.6
3656.6
3657.212
3702.2
3702.4
3771.5
4202.3
4466.4
4532.5
4698.4
4702.1
4856.5
5842.6
6147.211
6147.6
6504.211
6504.6
6931.211
6931.6
7264.211
7264.6
8229.6
8230.212
8272.2
8272.4
8339.5
8772.3
9272.1
10234.6
10558.211
10558.6
10675.4
10921.5
10990.211
10990.6
11657.6
11658.212
11695.2
11695.4
11735.5
12085.4
12195.3
12502.5
12695.1
13565.6
13594.211
13594.6
13685.4
13903.5
13964.211
13964.6
14049.4
14114.5
14115.4
14361.5
14752.6
14753.212
14787.2
14787.4
14835.5
15250.4
15287.3
15430.5
15787.1
16112.6
16207.4
16437.5
16438.4
16531.5
16583.211
16583.6
17165.211
17165.6
17233.211
17233.6
17288.4
17347.5
17783.211
17783.6
17867.4
17965.5
18367.211
18367.6
18430.4
18505.5
18985.6
18986.212
19026.2
19026.4
19098.5
19526.3
19631.4
19675.5
20026.1
20502.6
20563.4
20592.5
21206.6
21207.212
21244.2
21244.4
21299.5
21514.4
21592.5
21744.3
21809.4
21920.5
22244.1
22692.6
22756.4
22996.5
23396.6
23397.212
23437.2
23437.4
23482.5
23937.3
24437.1
24594.4
24798.5
24900.6
25366.211
25366.6
25540.4
25645.5
25723.211
25723.6
26040.211
26040.6
26139.211
26139.6
26422.211
26422.6
27070.6
27071.212
27123.2
27123.4
27125.5
27128.4
27166.5
27623.3
27636.4
27722.5
28003.4
28123.1
28129.5
28228.6
28555.211
28555.6
28789.211
28789.6
28969.211
28969.6
29084.211
29084.6
29241.211
29241.6
29303.4
29399.5
29703.211
29703.6
30275.211
30275.6
30881.6
30882.212
30939.2
30939.4
31059.5
31439.3
31570.4
31678.5
31939.1
32581.6
33023.211
33023.6
33103.4
33194.5
33680.6
33681.212
33749.2
33749.4
33804.5
34249.3
34749.1
35000.4
35040.5
35701.6
35768.4
35883.5
36820.6
36821.212
36862.2
36862.4
36906.5
37362.3
37862.1
38765.6
39056.211
39056.6
39366.211
39366.6
40354.6
40355.212
40394.2
40394.4
40552.5
40894.3
41394.1
41679.6
41832.211
41832.6
41957.211
41957.6
42127.4
42153.5
42154.4
42162.5
42465.211
42465.6
43117.6
43118.212
43160.2
43160.4
43203.5
43615.4
43646.5
43660.3
44160.1
44302.6
44962.6
44963.212
44999.2
44999.4
45095.5
45096.4
45108.5
45499.3
45742.6
45999.1
46516.6
46832.4
46864.5
47569.6
47570.212
47608.2
47608.4
47679.5
48058.4
48108.3
48120.5
48608.1
49094.6
50006.6
50007.212
50055.2
50055.4
50112.5
50555.3
51055.1
51374.6
52321.6
52322.212
52358.2
52358.4
52457.5
52858.3
53038.4
53328.5
53358.1
54003.6
54222.211
54222.6
54844.6
54845.212
54884.2
54884.4
54964.5
55384.3
55884.1
56227.4
56311.5
56994.6
57058.4
57163.5
57723.6
57724.212
57763.2
57763.4
57829.5
58263.3
58763.1
59445.6
59701.4
59747.5
60213.6
60214.212
60255.2
60255.4
60320.5
60755.3
60869.4
60971.5
61255.1
62486.6
62565.4
62620.5
63281.6
63282.212
63316.2
63316.4
63392.5
63816.3
64078.4
64135.5
64237.4
64316.1
64409.5
65180.6
65261.4
65352.5
66027.6
66028.212
66065.2
66065.4
66358.5
66565.3
66573.6
66706.4
66841.5
66844.4
66884.5
67065.1
67583.6
68159.211
68159.6
68249.4
68295.5
68695.211
68695.6
69133.211
69133.6
69596.211
69596.6
69657.4
69690.5
70110.211
70110.6
70624.211
70624.6
71204.211
71204.6
71992.6
71993.212
72031.2
72031.4
72081.5
72531.3
72619.4
72914.5
72916.4
72922.5
72926.4
72945.5
73031.1
73649.6
74366.6
74367.212
74404.2
74404.4
74458.5
74749.4
74806.5
74904.3
75299.4
75404.1
75438.5
76190.6
79555.6
79556.212
79603.2
79603.4
79656.5
80103.3
80603.1
81327.6
82329.6
82330.212
82371.2
82371.4
82411.5
82871.3
83025.4
83089.5
83318.4
83371.1
83434.5
83437.4
83443.5
85268.6
85800.211
85800.6
86327.211
86327.6
86947.6
86948.212
86984.2
86984.4
87020.5
87484.3
87984.1
88927.6
89503.211
89503.6
89869.211
89869.6
90554.6
90555.212
90593.2
90593.4
90650.5
91093.3
91593.1
93415.6
93484.4
93547.5
94076.6
94077.212
94122.2
94122.4
94168.5
94622.3
95122.1
95623.6
96095.211
96095.6
96260.4
96299.5
96378.211
96378.6
96941.211
96941.6
97414.211
97414.6
97870.211
97870.6
97920.4
97928.5
97936.4
97939.5
98478.6
98479.212
98516.2
98516.4
98598.5
99016.3
99204.4
99302.5
99516.1
100197.6
100331.211
100331.6
101325.6
101326.212
101368.2
101368.4
101426.5
101868.3
102368.1
103912.4
104055.5
104175.6
104628.211
104628.6
105130.211
105130.6
106102.6
106103.212
106166.2
106166.4
106238.5
106666.3
107166.1
108634.6
108889.211
108889.6
109172.211
109172.6
109849.6
109850.212
109892.2
109892.4
110006.5
110392.3
110892.1
113396.6
113711.211
113711.6
113819.211
113819.6
113946.211
113946.6
114147.211
114147.6
114154.211
114154.6
114230.211
114230.6
114339.211
114339.6
114593.211
114593.6
114701.211
114701.6
114914.211
114914.6
115124.211
115124.6
115369.211
115369.6
115815.211
115815.6
116303.211
116303.6
116852.211
116852.6
116940.4
116973.5
117693.6
117694.212
117729.2
117729.4
117851.5
118229.3
118401.4
118502.5
118709.4
118729.1
119012.5
119920.6
120352.211
120352.6
121307.6
121308.212
121342.2
121342.4
121420.5
121842.3
122342.1
123938.4
124121.5
124199.6
124356.4
124376.5
124380.4
124409.5
124560.211
124560.6
125157.211
125157.6
126302.6
126303.212
126346.2
126346.4
126378.5
126756.4
126757.5
126758.4
126846.3
126925.5
127346.1
127774.6
128137.211
128137.6
128659.211
128659.6
129226.211
129226.6
129789.211
129789.6
130388.211
130388.6
130437.4
130467.5
131083.6
131084.212
131125.2
131125.4
131198.5
131625.3
132125.1
132726.6
133429.6
133430.212
133465.2
133465.4
133546.5
133965.3
134465.1
135509.6
136582.6
136583.212
136641.2
136641.4
136690.5
137141.3
137172.4
137251.5
137641.1
138986.4
139094.5
139173.6
139675.211
139675.6
140080.211
140080.6
140767.6
140768.212
140808.2
140808.4
140850.5
141308.3
141808.1
143412.6
143509.4
143561.5
144371.6
144372.212
144419.2
144419.4
144511.5
144919.3
145419.1
146029.6
146739.6
146740.212
146780.2
146780.4
146873.5
147280.3
147780.1
151196.6
151252.4
151283.5
152269.6
152270.212
152314.2
152314.4
152388.5
152814.3
153314.1
153542.4
153661.5
154248.6
154743.211
154743.6
155349.6
155350.212
155385.2
155385.4
155444.5
155885.3
156385.1
156710.6
156774.4
156840.5
157341.6
157342.212
157377.2
157377.4
157470.5
157877.3
158377.1
158553.6
159326.6
159327.212
159367.2
159367.4
159414.5
159867.3
160367.1
162266.6
162414.4
162495.5
162676.4
162689.5
163386.6
163387.212
163423.2
163423.4
163506.5
163923.3
164423.1
165010.6
165060.4
165102.5
165729.6
165730.212
165767.2
165767.4
165873.5
166267.3
166671.6
166716.4
166726.5
166730.4
166737.5
166767.1
167393.6
168229.6
168230.212
168269.2
168269.4
168349.5
168769.3
169269.1
169440.4
169441.5
169446.4
169453.5
169471.4
169541.5
170950.6
171184.211
171184.6
171820.6
171821.212
171865.2
171865.4
171942.5
172365.3
172865.1
174050.4
174209.5
174896.6
175591.6
175592.212
175630.2
175630.4
175707.5
176130.3
176517.4
176630.1
177011.5
177013.4
177107.5
177954.6
178601.6
178602.212
178635.2
178635.4
178701.5
179135.3
179392.4
179557.5
180000.9
123456789
10
29
15
10
29
15
14
FI
2
6
10
51
49
11
24
49
6
2
621
0
0
0
314159265
56
1
106
180000
314159265
0.1
732.6
1353.6
1354.212
1405.2
1405.4
1481.5
1865.4
1905.3
2019.5
2405.1
2771.6
2896.4
2927.5
3410.6
3411.212
3453.2
3453.4
3492.5
3953.3
4236.4
4388.5
4453.1
5251.6
5802.211
5802.6
5864.4
5891.5
6573.6
6574.212
6608.2
6608.4
6667.5
7108.3
7204.4
7422.5
7608.1
8199.6
8963.6
8964.212
8998.2
8998.4
9062.5
9498.3
9576.4
9741.5
9998.1
10660.6
10929.4
10950.5
11056.211
11056.6
11694.6
11695.212
11730.2
11730.4
11815.5
12230.3
12730.1
12924.6
13835.6
13836.212
13874.2
13874.4
13937.5
14374.3
14558.4
14835.5
14874.1
16150.6
16851.6
16852.212
16889.2
16889.4
16948.5
17389.3
17889.1
18726.6
19609.6
19610.212
19649.2
19649.4
19691.5
20065.4
20149.3
20182.5
20649.1
20969.6
21030.4
21139.5
21728.6
21729.212
21766.2
21766.4
21819.5
22131.4
22227.5
22266.3
22766.1
22892.6
23760.6
23761.212
23796.2
23796.4
23868.5
24296.3
24796.1
25990.6
26289.211
26289.6
27100.6
27101.212
27134.2
27134.4
27250.5
27634.3
28134.1
29193.6
29859.6
29860.212
29914.2
29914.4
29989.5
30414.3
30914.1
31737.6
32322.211
32322.6
32937.6
32938.212
32975.2
32975.4
33027.5
33475.3
33975.1
35249.6
35306.4
35323.5
35755.211
35755.6
36135.211
36135.6
36705.211
36705.6
36746.4
36756.5
37338.6
37339.212
37374.2
37374.4
37455.5
37874.3
38050.4
38170.5
38374.1
39349.6
39982.6
39983.212
40018.2
40018.4
40128.5
40518.3
40635.4
40716.5
40898.4
41018.1
41035.5
42542.6
43094.211
43094.6
43829.6
43830.212
43865.2
43865.4
43926.5
44365.3
44585.4
44639.5
44865.1
46862.6
47420.211
47420.6
48138.6
48139.212
48171.2
48171.4
48232.5
48671.3
48926.4
48990.5
49171.1
49321.4
49522.5
50803.6
51278.211
51278.6
51347.4
51370.5
51817.211
51817.6
52194.211
52194.6
52902.6
52903.212
52938.2
52938.4
53022.5
53438.3
53754.4
53938.1
53943.5
54833.4
55007.5
55078.6
55706.6
55707.212
55741.2
55741.4
55795.5
56241.3
56741.1
57719.6
58199.211
58199.6
58647.211
58647.6
59229.211
59229.6
59736.211
59736.6
60476.6
60477.212
60508.2
60508.4
60570.5
61008.3
61508.1
62330.6
62933.6
62934.212
62966.2
62966.4
62968.5
62969.4
63016.5
63466.3
63966.1
64599.6
65248.6
65249.212
65284.2
65284.4
65431.5
65784.3
66284.1
67362.6
67414.4
67448.5
68013.6
68014.212
68047.2
68047.4
68106.5
68547.3
69047.1
69503.6
70589.6
70590.212
70625.2
70625.4
70700.5
71125.3
71625.1
71817.6
72883.6
72884.212
72943.2
72943.4
72995.5
73443.3
73649.4
73889.5
73943.1
75037.6
75576.211
75576.6
76210.6
76211.212
76246.2
76246.4
76322.5
76746.3
77246.1
77861.4
77960.5
79261.6
79640.4
79670.5
80153.6
80154.212
80186.2
80186.4
80283.5
80686.3
81186.1
82484.6
82929.211
82929.6
83527.211
83527.6
83599.4
83612.5
84277.6
84278.212
84310.2
84310.4
84362.5
84810.3
85310.1
86101.6
86660.211
86660.6
87245.211
87245.6
87654.211
87654.6
88266.6
88267.212
88307.2
88307.4
88387.5
88807.3
89307.1
90784.6
91419.6
91420.212
91453.2
91453.4
91562.5
91953.3
92453.1
95325.6
95960.6
95961.212
95999.2
95999.4
96100.5
96499.3
96999.1
97225.4
97243.5
97972.6
98656.6
98657.212
98689.2
98689.4
98755.5
99189.3
99689.1
99843.6
101192.6
101193.212
101227.2
101227.4
101275.5
101727.3
102009.4
102177.5
102227.1
103097.6
104108.6
104109.212
104151.2
104151.4
104241.5
104651.3
105151.1
105783.6
106322.211
106322.6
106834.211
106834.6
107403.211
107403.6
107642.211
107642.6
108111.211
108111.6
108796.6
108797.212
108836.2
108836.4
108907.5
109336.3
109432.4
109577.5
109716.4
109819.5
109836.1
111955.6
112653.6
112654.212
112689.2
112689.4
112755.5
113102.4
113112.5
113114.4
113120.5
113121.4
113189.3
113221.5
113689.1
113747.4
113759.5
114228.6
114785.211
114785.6
115198.211
115198.6
115729.211
115729.6
116517.6
116518.212
116556.2
116556.4
116643.5
117056.3
117556.1
120496.6
121154.6
121155.212
121190.2
121190.4
121335.5
121690.3
122190.1
122730.6
123672.6
123673.212
123708.2
123708.4
123768.5
124208.3
124708.1
126809.6
127693.6
127694.212
127728.2
127728.4
127788.5
128228.3
128728.1
131469.6
132007.211
132007.6
132671.6
132672.212
132707.2
132707.4
132771.5
133207.3
133707.1
134609.6
135272.6
135273.212
135330.2
135330.4
135391.5
135830.3
136330.1
139115.6
139185.4
139252.5
140428.6
140429.212
140467.2
140467.4
140539.5
140967.3
141466.4
141467.1
141760.5
141768.4
141775.5
141869.6
142107.211
142107.6
142204.4
142298.5
142378.211
142378.6
142785.4
142838.5
142848.4
142960.5
143038.6
143039.212
143076.2
143076.4
143126.5
143576.3
144076.1
144835.6
145501.6
145502.212
145533.2
145533.4
145630.5
145884.4
145944.5
146033.3
146533.1
147117.4
147226.5
147784.6
148513.6
148514.212
148547.2
148547.4
148636.5
149047.3
149547.1
151259.6
151653.211
151653.6
152296.6
152297.212
152336.2
152336.4
152409.5
152836.3
153336.1
154178.6
154864.6
154865.212
154901.2
154901.4
154971.5
155401.3
155901.1
157705.6
157789.4
157857.5
158502.6
158503.212
158533.2
158533.4
158598.5
159033.3
159533.1
159714.4
159769.5
159909.6
160698.6
160699.212
160731.2
160731.4
160791.5
161231.3
161287.4
161384.5
161731.1
162713.6
163433.6
163434.212
163469.2
163469.4
163521.5
163969.3
164469.1
165870.4
165909.5
165990.6
166962.6
166963.212
167000.2
167000.4
167125.5
167500.3
168000.1
168533.6
169241.6
169242.212
169276.2
169276.4
169345.5
169776.3
170276.1
170575.8
171141.6
171855.6
171856.212
171892.2
171892.4
171965.5
172392.3
172892.1
173985.6
175161.6
175162.212
175198.2
175198.4
175283.5
175698.3
176048.4
176198.1
176201.5
177035.6
177755.6
177756.212
177791.2
177791.4
177908.5
178182.4
178291.3
178317.5
178791.1
180000.9
123456789
