7
08
15
7
08
15
1
FI
1
1
10
25
58
10
55
58
6
2
88
0
0
0
314159265
11
0
26
180000
314159265
0.1
4944.2
4944.4
5187.5
5944.3
7242.1
8629.2
8629.4
8685.5
9629.3
12955.4
13201.5
15506.4
15671.5
15897.1
22312.2
22312.4
22639.5
22668.4
22674.5
23312.3
25198.4
25240.5
25255.1
29403.2
29403.4
29452.5
29947.4
29964.5
30403.3
34006.1
39757.2
39757.4
39781.5
40757.3
41425.4
41637.5
42700.4
42704.5
42709.4
42723.5
47283.4
47440.5
47444.4
47478.5
49380.1
50928.2
50928.4
50983.5
51928.3
53418.4
53493.5
54624.1
62839.2
62839.4
62845.5
63839.3
77063.4
77073.5
77075.4
77077.5
77078.4
77088.5
78701.1
97668.2
97668.4
97694.5
98668.3
98900.1
108011.2
108011.4
108161.5
109011.3
109744.1
114362.2
114362.4
114548.5
114558.4
114561.5
115362.3
120101.1
137231.2
137231.4
137342.5
138231.3
180000.9
123456789
7
09
15
7
09
15
1
FI
1
1
9
53
28
10
23
28
6
2
51
0
0
0
314159265
4
2
15
180000
314159265
0.1
11953.2
11953.4
12219.5
12953.3
13185.1
19536.2
19536.4
19741.5
20320.4
20332.5
20337.4
20536.3
20818.5
21162.4
21206.5
24167.4
24169.5
24178.4
24378.5
25275.1
32615.2
32615.4
32644.5
33615.3
35233.4
35409.5
35410.4
35412.5
36083.4
36087.5
36088.4
36094.5
38221.6
38222.7
39309.4
39522.5
39883.1
41694.2
41694.4
42011.5
42056.4
42059.5
42694.3
43160.8
43161.8
43269.8
43270.8
180000.9
123456789
7
10
15
7
10
15
1
FI
1
1
9
51
29
10
21
29
6
2
192
0
0
0
314159265
20
0
65
180000
314159265
0.1
24094.2
24094.4
24103.5
24107.4
24349.5
25094.3
27109.4
27110.5
27115.4
27323.5
28059.4
28265.5
34649.4
34820.5
37285.1
43038.2
43038.4
43180.5
43819.4
44038.3
44357.5
45241.1
56892.2
56892.4
56976.5
57892.3
59534.1
61926.2
61926.4
62222.5
62926.3
63703.4
63820.5
64399.4
64633.5
65656.1
69253.2
69253.4
69406.5
69702.4
69820.5
70253.3
73687.1
73974.2
73974.4
74178.5
74974.3
76495.4
76661.5
79293.1
80347.2
80347.4
80469.5
81347.3
82748.4
83134.5
86753.4
86761.5
86763.4
86814.5
86855.1
87127.2
87127.4
87591.5
88127.3
90270.1
92318.2
92318.4
92441.5
92757.4
92871.5
93318.3
93804.4
94468.5
96618.4
97466.5
97669.4
97822.5
100657.1
106296.2
106296.4
106357.5
107296.3
108896.4
108941.5
111427.4
111627.5
111649.4
111654.5
111995.4
112075.5
114923.4
114927.5
114930.4
115735.5
115995.4
116158.5
116648.4
116760.5
119487.1
120360.2
120360.4
120404.5
121360.3
123418.4
123511.5
124794.1
128170.2
128170.4
128174.5
128175.4
128302.5
129170.3
130373.1
130812.2
130812.4
130995.5
131812.3
133831.4
134007.5
134542.1
136135.2
136135.4
136247.5
136251.4
136309.5
136311.4
136323.5
136324.4
136334.5
136336.4
136511.5
137135.3
140337.4
140340.5
141723.4
141725.5
142107.4
142158.5
144474.1
147794.2
147794.4
147814.5
148378.4
148605.5
148794.3
150436.1
153219.2
153219.4
153391.5
154219.3
156362.1
157728.2
157728.4
158019.5
158728.3
161180.4
161266.5
163047.1
164768.2
164768.4
164809.5
165768.3
169068.4
169115.5
170997.4
170998.5
171000.4
171276.1
171278.2
171927.5
172278.3
172787.4
172809.5
172821.4
173147.5
173180.4
173397.5
173401.4
173406.5
177463.4
177744.5
177745.4
177755.5
177786.1
178796.2
178796.4
178915.5
180000.9
123456789
7
11
15
7
11
15
1
FI
1
1
10
01
28
10
31
28
6
2
276
0
0
0
314159265
24
0
101
180000
314159265
0.1
5961.2
5961.4
6017.5
6197.4
6837.5
6961.3
7892.4
7934.5
8771.4
9050.5
9067.4
9195.5
9691.1
10928.2
10928.4
11103.5
11175.4
11431.5
11928.3
15066.4
15667.5
16443.4
16783.5
16786.4
16799.5
16840.4
16915.5
18207.4
18297.5
18797.4
19209.5
19215.4
19223.5
19267.1
19494.2
19494.4
19676.5
20494.3
21769.4
21868.5
25192.4
25291.5
26147.4
26245.5
28753.4
28925.5
29375.4
29436.5
29438.4
29439.5
32685.1
35195.2
35195.4
35469.5
36195.3
37398.1
37639.2
37639.4
37829.5
38639.3
39561.4
39912.5
39914.4
39925.5
40281.1
40797.2
40797.4
40966.5
41283.4
41511.5
41517.4
41558.5
41566.4
41590.5
41797.3
43596.4
43751.5
45231.1
50225.2
50225.4
50274.5
50880.4
51053.5
51225.3
55544.1
70676.2
70676.4
70887.5
71279.4
71676.3
72252.5
72381.4
72408.5
74254.4
75661.5
75971.4
76163.5
76196.4
76199.5
76296.4
76814.5
76835.4
77049.5
77184.1
78645.2
78645.4
78739.5
79645.3
81788.1
82250.2
82250.4
82255.5
82260.4
82339.5
82471.4
82746.5
83250.3
85016.4
85088.5
85980.1
86136.2
86136.4
86300.5
86525.4
86736.5
87136.3
87216.4
87218.5
87221.4
87319.5
90993.4
91143.5
92866.4
93114.5
93157.4
93297.5
93522.4
93815.5
93830.4
93866.5
94475.1
96653.2
96653.4
96692.5
96822.4
96951.5
97653.3
98568.4
98708.5
99796.1
104156.2
104156.4
104274.5
104346.4
104376.5
105156.3
108590.1
110521.2
110521.4
110742.5
111491.4
111521.3
111593.5
113767.4
113896.5
113915.4
114013.5
115556.4
115606.5
116844.4
116852.5
117552.4
117878.5
117972.4
118088.5
120886.4
121186.5
123078.4
123124.5
123712.1
126307.2
126307.4
126413.5
126785.4
127059.5
127071.4
127097.5
127307.3
128392.4
128510.1
128512.2
128767.5
128833.4
129045.5
129047.4
129049.5
129110.4
129512.3
129584.5
130508.4
130836.5
131154.1
131416.2
131416.4
131645.5
132416.3
136527.4
136583.5
136735.1
136842.2
136842.4
136928.5
137842.3
139296.4
139610.5
143350.1
143913.2
143913.4
144015.5
144913.3
148609.4
148782.5
152436.4
152832.5
152869.4
153021.5
153026.4
153033.5
153828.4
153831.5
153833.4
153874.5
156180.4
156335.5
156472.4
156575.5
157104.1
159135.2
159135.4
159189.5
160135.3
163053.4
163569.1
163571.2
163794.5
163806.4
163808.5
163818.4
163822.5
163915.4
164237.5
164571.3
165774.1
169365.2
169365.4
169432.5
170365.3
171416.4
171546.5
172007.1
172540.2
172540.4
172819.5
173540.3
174441.4
174485.5
176571.4
176624.5
177859.1
178949.2
178949.4
178989.5
180000.9
123456789
7
12
15
7
12
15
1
FI
1
1
9
51
36
10
21
36
6
2
298
0
0
0
314159265
28
0
106
180000
314159265
0.1
1298.2
1298.4
1456.5
2298.3
3687.4
3807.5
4206.4
4507.5
4513.4
4581.5
5547.4
5711.5
5718.4
5722.5
8209.4
8225.5
8228.4
8233.5
8234.4
9076.5
9090.4
9108.5
10857.4
11387.5
12211.4
12290.5
12565.4
12658.5
14489.1
15559.2
15559.4
15641.5
16559.3
18339.4
18624.5
18702.1
19731.2
19731.4
19811.5
20731.3
22373.1
22736.2
22736.4
22819.5
23736.3
24599.4
24846.5
26092.4
26857.5
26995.4
27057.5
27170.1
31222.2
31222.4
31388.5
32222.3
32386.4
32448.5
32476.4
32641.5
33111.4
33351.5
33425.1
33786.2
33786.4
33932.5
34786.3
36787.4
36852.5
37273.4
37550.5
39105.1
39409.2
39409.4
39549.5
40409.3
42109.4
42431.5
42588.4
42618.5
43139.1
44356.2
44356.4
44473.5
44520.4
44641.5
45008.4
45146.5
45356.3
45941.4
47061.5
47062.4
47068.5
47782.4
48390.5
48690.4
48831.5
49074.4
49077.5
49079.4
49545.5
50864.1
52919.2
52919.4
53160.5
53919.3
54946.4
55107.5
56128.4
56533.5
56559.4
56633.5
58197.4
58373.5
59904.4
59997.5
61191.4
61258.1
61260.2
61307.5
62260.3
63902.1
65260.2
65260.4
65392.5
66157.4
66260.3
66283.5
66368.4
66493.5
68998.4
69293.5
69694.1
70022.2
70022.4
70564.5
70925.4
71022.3
71078.5
71420.4
71525.5
74902.4
75113.5
75408.4
75509.5
76530.1
78615.2
78615.4
78616.5
78704.4
78705.5
78859.4
79006.5
79425.4
79570.5
79615.3
82288.4
82505.5
82761.4
83029.5
83805.4
83877.5
83934.1
84115.2
84115.4
84608.5
85115.3
86318.1
86479.2
86479.4
86642.5
86648.4
86650.5
86866.4
87067.5
87479.3
88771.4
88780.5
88782.4
88806.5
90209.1
91542.2
91542.4
91766.5
92542.3
94012.4
94102.5
96672.4
97076.5
99881.1
100430.2
100430.4
100585.5
101430.3
105913.4
106002.5
107742.4
107891.5
108126.4
108746.5
110397.4
110623.5
110922.4
111161.5
113621.1
114234.2
114234.4
114433.5
115234.3
117377.1
118594.2
118594.4
118691.5
119594.3
120456.4
120858.5
121232.4
121368.5
123109.4
123226.5
126139.4
126455.5
130000.4
130243.5
131423.4
131533.5
131785.1
132121.2
132121.4
132299.5
133121.3
134333.4
134429.5
138629.1
142713.2
142713.4
142805.5
143713.3
146443.1
147054.2
147054.4
147207.5
147456.4
147532.5
148054.3
149257.1
150284.2
150284.4
150347.5
151284.3
152926.1
153361.2
153361.4
153749.5
154361.3
154813.4
154818.5
154821.4
155363.5
156504.1
159805.2
159805.4
159948.5
160805.3
163576.4
163578.5
163581.4
163680.5
165124.1
165366.2
165366.4
165646.5
165998.4
166146.5
166366.3
168682.4
169076.5
169377.4
169618.5
172201.4
172736.5
173705.1
173807.2
173807.4
174473.5
174807.3
176959.4
177025.5
177919.4
178241.1
178243.2
178288.5
178562.4
178704.5
180000.9
123456789
7
13
15
7
13
15
1
FI
1
1
9
55
00
10
23
42
6
2
595
0
0
0
314159265
31
0
250
172193
314159265
0.1
1040.2
1040.4
1270.5
2040.3
2086.4
2241.5
2467.4
2778.5
2928.4
3026.5
4068.4
4308.5
4314.4
4321.5
4346.4
4354.5
4361.4
4366.5
4778.4
5018.5
5423.4
5588.5
6243.4
6606.5
6835.4
6917.5
8739.4
8984.5
9379.1
10313.2
10313.4
10390.5
11313.3
12493.4
12715.5
12854.4
12953.5
13105.4
13180.5
14390.4
14411.5
14536.4
14644.5
15010.4
15164.5
15399.4
15452.5
16700.4
17453.5
17457.4
17464.5
17559.4
17656.5
17987.4
18265.5
18347.4
18370.5
19996.4
20009.5
20056.4
20624.5
20704.4
20776.5
21259.4
21260.5
21267.4
21338.5
21531.4
21694.5
23504.1
23738.2
23738.4
23810.5
24714.4
24735.5
24738.3
24739.4
24744.5
24822.4
25108.5
25114.4
25119.5
25121.4
25161.5
25323.4
25400.5
25562.4
25989.5
26146.4
26178.5
26539.4
26661.5
27468.1
27729.2
27729.4
27793.5
28729.3
28799.4
28802.5
28805.4
28988.5
29087.4
29187.5
29191.4
29202.5
29276.4
29395.5
29966.4
30055.5
30063.4
30102.5
30103.4
30105.5
30510.4
30695.5
30942.4
31274.5
31336.4
31390.5
32019.4
32163.1
32165.2
32204.5
32673.4
32719.5
33165.3
34107.4
34284.5
34368.1
34446.2
34446.4
34494.5
34932.4
35038.5
35446.3
36919.4
37088.1
37090.2
37206.5
38090.3
38592.4
39058.5
39224.4
39363.5
39481.4
39550.5
39654.4
39857.5
40029.4
40111.5
40133.4
40203.5
40233.1
41297.2
41297.4
41298.5
41299.4
41354.5
42297.3
42609.4
42825.5
42971.4
43081.5
43181.4
43219.5
43222.4
43258.5
43465.4
43574.5
43691.4
43700.5
43701.4
43758.5
43862.4
43868.5
44306.4
44485.5
44546.4
44641.5
44730.4
44784.5
45291.4
45567.5
45690.4
45769.5
46508.4
46616.1
46618.2
46746.5
47618.3
48189.4
48430.5
48662.4
48898.5
49029.4
49085.5
49433.4
49573.5
49966.4
50024.5
50409.4
50634.5
50712.4
51348.5
51716.4
51819.5
51893.4
52220.5
52234.4
52236.5
52350.4
52456.5
52521.4
52579.5
52784.4
52879.5
53126.1
53455.2
53455.4
53581.5
54455.3
54590.4
54837.5
55043.4
55205.5
55334.4
55416.5
55570.4
55664.5
56090.4
56203.5
56340.4
56427.5
56554.4
56628.5
58754.4
58914.5
58984.4
59029.5
59146.4
59192.5
59543.4
59612.5
59632.4
59635.5
59642.4
59731.5
60082.4
60154.5
61053.4
61169.5
61236.4
61242.5
61245.4
61444.5
61453.4
61457.5
61764.4
61794.1
61796.2
61918.5
62796.3
63644.4
63814.5
64528.4
64696.5
64806.4
64881.5
65296.4
65498.5
65805.4
65941.5
67310.4
67391.5
67483.4
68023.5
68110.4
68269.5
68472.4
68514.5
68686.4
68865.5
69113.4
69263.5
69361.4
69426.5
69958.4
70076.5
70192.4
70293.5
70673.4
70866.5
70941.4
71132.5
71221.4
71330.5
72321.4
72463.5
72585.4
72673.5
72803.4
72878.5
73896.4
74009.5
74442.4
74578.5
74671.4
74764.5
74987.1
76207.2
76207.4
76283.5
77164.4
77207.3
77616.5
77757.4
78031.5
78337.4
78459.5
78744.4
78834.5
78949.4
78982.5
80427.4
80532.5
80692.4
80873.5
81084.4
81215.5
81526.1
81674.2
81674.4
81696.5
81700.4
81794.5
82674.3
83194.4
83419.5
83610.4
83671.5
83816.4
83984.5
84297.4
84345.5
84817.1
85040.2
85040.4
85084.5
86040.3
86702.4
86865.5
87485.4
87539.5
87635.4
87722.5
88000.4
88060.5
88329.4
88447.5
88743.4
88859.5
88970.4
89032.5
89415.4
89474.1
89476.2
89580.5
90476.3
90492.4
90671.5
90807.4
90983.5
91110.4
91229.5
91360.4
91428.5
91520.4
91734.5
91832.4
91924.5
92088.4
92181.5
92333.4
92430.5
92704.4
92900.5
92903.4
92912.5
93057.4
93206.1
93208.2
93314.5
94208.3
94772.4
95126.5
95263.4
95344.5
95523.4
95770.5
95850.1
95975.2
95975.4
96031.5
96975.3
98178.1
98692.2
98692.4
98896.5
99692.3
101118.4
101122.5
101123.4
101184.5
102199.4
102357.5
102684.4
102845.5
103679.4
104291.5
104443.4
104628.5
104703.4
104852.5
105027.4
105199.5
105200.1
105295.2
105295.4
105367.5
106295.3
107699.4
107787.5
108261.4
108409.5
108549.4
108662.5
109025.1
109235.2
109235.4
109339.5
109539.4
109781.5
110235.3
111887.4
111898.5
111899.4
111914.5
111920.4
112017.5
112378.1
112923.2
112923.4
113029.5
113548.4
113637.5
113923.3
114082.4
114227.5
114228.4
114230.5
115586.4
115696.5
115697.4
115751.5
115929.4
116000.5
116314.4
116415.5
116532.4
116598.5
117407.4
117631.5
117809.4
117839.5
118783.4
118926.5
118998.4
119030.5
119202.4
119322.5
119431.1
120160.2
120160.4
120162.5
120164.4
120247.5
121160.3
121893.4
122009.5
122478.4
122547.5
123131.4
123185.5
123189.4
123310.5
124166.4
124230.5
124472.4
124532.5
128162.4
128182.5
128499.1
128774.2
128774.4
128833.5
129708.4
129762.5
129774.3
132955.4
133005.5
134093.1
134419.2
134419.4
134504.5
135221.4
135286.5
135419.3
137750.4
137809.5
142233.4
142310.5
143776.4
143816.5
147610.1
148204.2
148204.4
148399.5
149204.3
149690.4
149759.5
151633.4
151723.5
152527.4
152587.5
152638.1
152764.2
152764.4
152827.5
153764.3
154126.4
154148.5
154967.1
155655.2
155655.4
155728.5
155766.4
155779.5
156655.3
157530.4
157585.5
157694.4
157777.5
158297.1
158360.2
158360.4
158414.5
159360.3
159647.4
159652.5
159653.4
159762.5
160563.1
160992.2
160992.4
161108.5
161399.4
161456.5
161992.3
163743.4
163901.5
164722.1
165471.2
165471.4
165536.5
166471.3
168480.4
168488.5
168560.4
168815.5
170790.1
171192.2
171192.4
171194.5
171200.4
171279.5
171368.4
171381.5
171396.4
171403.5
171405.4
171439.5
172193.9
123456789
7
14
15
7
14
15
1
FI
1
1
9
45
54
10
15
55
6
2
624
0
0
0
314159265
30
0
266
180000
314159265
0.1
110.2
110.4
198.5
771.4
954.5
1110.3
1133.4
1370.5
1492.4
1645.5
1655.4
1659.5
2138.4
2333.5
2397.4
2603.5
2619.4
2621.5
2635.4
2639.5
2665.4
2667.5
2769.4
2966.5
3589.4
3752.5
3946.4
4196.5
4465.4
4741.5
5300.4
5422.5
6276.4
6422.5
6525.4
6636.5
6768.4
6972.5
7361.4
7418.5
7591.4
7786.5
7793.4
7801.5
8449.1
8956.2
8956.4
9068.5
9704.4
9956.3
10261.5
10339.4
10344.5
10345.4
10551.5
10739.4
10797.5
10897.4
11032.5
11195.4
11393.5
11397.4
11406.5
11550.4
11610.5
11866.4
11922.5
12037.4
12675.5
12691.4
12766.5
12843.4
12931.5
13218.4
13302.5
13310.4
13313.5
13752.4
13805.5
13890.4
14017.5
14129.4
14313.5
14469.4
14501.5
15001.4
15136.5
15247.4
15353.5
16294.4
16752.5
16880.4
16968.5
17840.4
17883.5
18154.4
18225.5
18470.4
18547.5
19084.4
19133.5
19152.4
19267.5
19648.4
19805.5
20771.4
20867.5
21354.4
21355.5
21357.4
21402.5
21555.4
21720.5
22056.4
22147.1
22148.5
22259.2
22259.4
22367.5
23259.3
23260.4
23545.5
23647.4
23822.5
23954.4
24000.5
24142.4
24255.5
24439.4
24462.1
24464.2
24548.5
25030.4
25423.5
25464.3
25508.4
25812.5
25879.4
26175.5
26304.4
26538.5
26604.4
26908.5
26984.4
27055.5
27143.4
27244.5
27709.4
28097.5
28194.1
28198.2
28198.4
28339.5
28763.4
28900.5
28910.4
29051.5
29145.4
29198.3
29267.5
29319.4
29413.5
29516.4
30081.5
30159.4
30441.5
30633.4
30867.5
30947.4
31056.5
31123.4
31225.5
31341.1
31435.2
31435.4
31498.5
32326.4
32435.3
32537.5
32655.4
32857.5
33020.4
33106.5
33195.4
33307.5
33358.4
33464.5
33585.4
33766.5
33904.4
34006.5
34179.4
34483.5
34680.4
34925.5
35094.4
35236.5
35321.4
35448.5
35648.4
35708.5
35869.1
36081.2
36081.4
36264.5
36942.4
37081.3
37341.5
37380.4
37422.5
37531.4
37534.5
37539.4
37651.5
37810.4
37817.5
37819.4
37998.5
38568.4
38615.5
38723.1
38815.2
38815.4
38866.5
39441.4
39717.5
39815.3
40094.4
40155.5
40274.4
40468.5
40778.4
41002.5
41050.4
41149.5
41156.4
41341.5
41444.4
41571.5
41677.4
41944.5
42150.4
42238.5
42348.4
42433.5
42659.4
42782.5
42784.4
42787.5
43035.4
43270.5
43411.4
43480.5
43778.4
44037.5
44134.1
44208.2
44208.4
44282.5
45208.3
45239.4
45375.5
45405.4
45502.5
45621.4
45696.5
45827.4
45968.5
46078.4
46162.5
46282.4
46389.5
46525.4
46617.5
46808.4
47029.5
47156.4
47224.5
48188.4
48316.5
50716.1
51487.2
51487.4
51489.5
51492.4
51577.5
51918.4
52056.5
52173.4
52261.5
52487.3
52859.4
53007.5
53160.4
53232.5
53462.4
53613.5
53690.1
53828.2
53828.4
53896.5
54599.4
54691.5
54828.3
57028.4
57171.5
57257.4
57458.5
57636.4
57717.5
57733.4
58091.5
58232.4
58262.1
58264.2
58632.5
59264.3
59626.4
59732.5
59875.4
60010.5
60160.4
60225.5
60386.4
60480.5
60655.4
60748.5
60878.4
60972.5
61166.4
61489.5
61526.4
61687.5
61994.1
62176.2
62176.4
62228.5
63119.4
63176.3
63234.5
63367.4
63555.5
63726.4
63779.5
63867.4
63919.5
64108.4
64204.5
64306.4
64388.5
64575.4
64642.5
64707.4
64822.5
65438.4
65490.5
65711.4
65873.5
66308.4
66566.5
66568.4
66843.5
66926.4
67030.5
67352.4
67476.5
67477.4
67495.1
67497.2
67572.5
68497.3
68594.4
68597.5
68598.4
68694.5
69126.4
69532.5
69662.4
69665.5
69666.4
69672.5
69677.4
69715.5
70404.4
70474.5
72659.4
73025.5
73111.4
73244.5
73397.4
73492.5
73598.4
73687.5
73970.4
74005.1
74007.2
74171.5
75007.3
75326.4
75520.5
75686.4
75874.5
76082.4
76224.5
76352.4
76448.5
76649.1
76781.2
76781.4
76822.5
77722.4
77781.3
77999.5
78471.4
78553.5
78852.4
78859.5
79395.4
79520.5
79924.1
80313.2
80313.4
80391.5
81313.3
81672.4
81892.5
81937.4
82029.5
82738.4
82814.5
83326.4
83677.5
84190.4
84339.5
84507.4
84542.5
84928.4
85163.5
86058.4
86205.5
86368.4
86415.5
87567.4
87715.5
88055.4
88155.5
88183.4
88258.5
88260.4
88323.5
88652.1
88767.2
88767.4
88827.5
89767.3
90169.4
90267.5
91312.4
91354.5
92821.4
92826.5
92827.4
92857.5
92916.4
92919.5
92921.4
93047.5
93313.4
93357.5
96162.4
96210.5
98876.4
98878.5
98883.4
98891.5
98892.4
98894.5
99064.4
99137.5
101738.4
101845.5
101958.1
102678.2
102678.4
102720.5
103289.4
103571.5
103678.3
103874.4
103931.5
104550.4
104767.5
104988.4
105220.5
105381.4
105489.5
105896.4
106062.5
106169.4
106408.1
106410.2
106524.5
107410.3
107872.4
107918.5
107919.4
108030.5
108613.4
108782.5
108786.4
108892.5
109052.1
109116.2
109116.4
109151.5
110116.3
110543.4
110747.5
111071.4
111167.5
111319.1
111485.2
111485.4
111586.5
112485.3
112997.4
113110.5
114406.4
114443.5
116356.4
116404.5
116738.4
116765.5
116804.1
116877.2
116877.4
116978.5
117877.3
120020.1
120310.2
120310.4
120405.5
120981.4
121030.5
121310.3
124815.4
125020.5
125197.4
125325.5
125335.4
125336.5
125342.4
125345.5
125644.4
125720.5
133185.4
133226.5
133501.1
133894.2
133894.4
133936.5
134894.3
135278.4
135415.5
135632.4
135651.5
136237.4
136295.5
139847.4
139863.5
139865.4
139869.5
141686.4
141718.5
142233.1
142355.2
142355.4
142416.5
143355.3
146789.1
149325.2
149325.4
149379.5
150325.3
155833.1
155876.2
155876.4
155927.5
156750.4
156813.5
156876.3
156898.4
157045.5
157181.4
157261.5
159606.1
161217.2
161217.4
161261.5
162217.3
162937.4
162940.5
162941.4
162994.5
166536.1
171109.2
171109.4
171174.5
172109.3
173937.4
173986.5
174562.4
174611.5
175369.4
175391.5
175396.4
175402.5
176877.4
176961.5
178432.4
180000.9
123456789
7
15
15
7
15
15
1
FI
1
1
9
53
35
10
23
35
6
2
988
0
0
0
314159265
33
0
443
180000
314159265
0.1
1.4
2.2
180.5
667.4
1002.3
1438.5
1530.4
1736.5
1824.4
1918.5
2004.4
2185.5
2355.4
2507.5
2572.4
3068.5
3145.1
3150.2
3150.4
3407.5
4061.4
4150.3
4280.5
4377.4
4904.5
5087.4
5269.5
5424.4
5730.5
5818.4
6007.5
6114.4
6210.5
6373.4
6705.5
6736.4
6874.5
6983.4
7094.5
7097.4
7100.5
7110.4
7113.5
7175.4
7298.5
7305.4
7311.5
7316.4
7514.5
7660.4
7954.5
7980.4
8135.5
8172.4
8295.5
8318.4
8321.5
8446.4
8627.5
8775.4
8860.5
9179.4
9462.5
9584.4
9693.5
10997.4
11067.5
11156.4
11360.5
11455.4
11542.5
11784.4
11954.5
12095.4
12201.5
12396.4
12540.5
13003.4
13185.5
13240.4
13352.5
13437.4
13618.5
13712.4
13788.5
13966.4
14257.5
14340.4
14507.5
14613.4
14734.5
14830.4
14992.5
15981.4
16124.5
16147.4
16341.1
16343.2
16576.5
16878.4
17296.5
17343.3
17343.4
17408.5
17508.4
17636.5
17741.4
18012.5
18120.4
18207.5
18291.4
18411.5
18436.4
18599.5
18666.4
18917.5
18919.4
19122.5
19217.4
19733.5
19801.4
19948.5
20068.4
20073.1
20075.2
20221.5
20643.4
20990.5
21075.3
21083.4
21331.5
21400.4
21608.5
21626.4
22039.5
22070.4
22163.5
22288.4
22457.5
22625.4
22919.5
23000.4
23326.5
23412.4
23537.5
23567.4
23640.5
23664.4
23783.5
23926.4
24061.5
24164.4
24288.5
24319.4
24394.5
24509.1
24521.2
24521.4
24598.5
25087.4
25342.5
25416.4
25521.3
25617.5
25618.4
25619.5
25670.4
25830.5
25949.4
26107.5
26170.4
26441.5
26472.4
26559.5
26601.4
26762.5
26830.4
26929.5
26996.4
27089.5
27205.4
27304.5
27393.4
27463.5
27591.4
27909.5
27986.4
28179.5
28190.4
28329.5
28426.4
28492.5
28547.4
28588.5
28766.4
29426.5
29515.4
29700.5
29712.4
29885.5
29968.4
30142.5
30257.4
30343.5
30451.4
30696.5
30759.4
30855.5
30955.4
31015.5
31017.4
31029.1
31031.2
31110.5
31370.4
31543.5
31551.4
31594.5
31770.4
32031.3
32042.5
32185.4
32265.5
32606.4
32694.5
32763.4
32974.5
33029.4
33234.1
33236.2
33335.5
33368.4
33501.5
33946.4
34236.3
34648.5
34789.4
35476.5
35543.4
35788.5
35830.4
35878.1
35880.2
35973.5
36754.4
36880.3
37299.5
37418.4
37744.5
37866.4
38054.5
38176.4
38598.5
38686.4
39022.5
39111.4
39304.5
39395.4
40105.5
40141.4
40345.5
40471.4
40899.5
40968.4
41205.5
41255.4
41504.5
41618.4
41878.5
41952.4
42215.5
42225.4
42232.5
42948.4
43081.5
43160.4
43395.5
43496.4
43822.5
43823.4
43858.5
43914.4
44167.5
44219.1
44274.2
44274.4
44428.5
44928.4
45274.3
45316.5
45321.4
45406.5
45501.4
45503.5
45511.4
45613.5
45715.4
45922.5
45964.4
46115.5
46202.4
46444.5
46532.4
46592.5
46710.4
47106.5
47118.4
47182.5
47265.4
47529.5
47589.4
47639.5
47648.4
47721.5
47829.4
47983.5
48065.4
48111.5
48265.4
48424.5
48498.4
48559.5
49178.4
49344.5
49347.4
49498.5
49523.4
49593.1
49595.2
49598.5
49630.4
49689.5
49703.4
49916.5
50319.4
50498.5
50535.4
50595.3
50835.5
50936.4
51196.5
51216.4
51336.5
51453.4
51607.5
51671.4
51911.5
52010.4
52233.5
52263.4
52579.5
52590.4
52728.5
52770.4
52944.5
52950.4
53069.5
53166.4
53325.1
53327.2
53413.5
53850.4
54327.3
54550.5
54561.4
54684.5
54685.4
54886.5
54887.4
55005.5
55050.4
55247.5
55298.4
55482.5
55550.4
55702.5
55808.4
55873.5
55961.4
56061.5
56137.4
56223.5
56313.4
56399.5
56470.1
56529.2
56529.4
56647.5
57322.4
57504.5
57529.3
57534.4
57618.5
57711.4
57861.5
57941.4
58023.5
58140.4
58214.5
58227.4
58309.5
58393.4
58481.5
58611.4
58676.5
58799.4
58890.5
59066.4
59145.5
59277.4
59424.5
59686.4
59962.5
59972.4
60349.5
60450.4
60718.5
60764.4
60989.5
61079.4
61282.5
61376.4
61502.5
61579.4
61766.5
61780.4
61848.1
61850.2
61978.5
62655.4
62775.5
62777.4
62850.3
63097.5
63167.4
63222.5
63338.4
63731.5
63829.4
63982.5
64102.4
64201.5
64272.4
64355.5
64492.1
64956.2
64956.4
65126.5
65645.4
65932.5
65942.4
65956.3
66086.5
66127.4
66205.5
66246.4
66351.5
66356.4
66511.5
66590.4
66694.5
66816.4
66970.5
67256.4
67484.5
67587.4
67711.5
69342.4
69553.5
69572.4
69675.5
69739.4
70042.5
70117.4
70372.5
70502.4
70664.5
70813.4
70969.5
71159.4
71470.5
71895.4
72205.5
72217.4
72327.5
72407.4
72661.5
72669.4
72858.5
73032.4
73384.5
73447.4
73488.5
73577.4
73816.5
73977.4
74099.5
74149.4
74358.5
74479.4
74792.5
74880.4
75019.5
75122.4
75292.5
75369.4
75544.5
75648.4
75650.5
75659.4
75755.5
75882.4
75950.5
76287.4
76559.5
76673.4
76862.5
76877.4
77126.5
77184.4
77340.5
77343.4
77396.5
77439.4
77510.5
77606.4
77696.5
77750.4
78021.5
78048.4
78147.1
78149.2
78307.5
79128.4
79149.3
79281.5
79395.4
79489.5
79506.4
79559.5
79789.4
80007.5
80185.4
80272.5
80483.4
80731.5
80755.4
80877.5
80963.4
81099.5
81156.4
81253.5
81330.4
81493.5
82245.4
82342.5
82440.4
82511.5
82555.4
82829.5
82895.4
83008.5
83154.4
83257.5
83430.4
83572.5
83663.4
83769.5
83778.4
83970.5
84024.4
84303.5
84397.4
84485.5
84520.4
84732.5
84838.4
85197.5
85300.4
85483.5
85642.4
85863.5
86247.4
86443.5
86454.4
86488.1
86490.2
86621.5
86976.4
87291.5
87375.4
87490.3
87644.5
87668.4
87776.5
87929.4
88016.5
88108.4
88165.5
88303.4
88352.5
88767.4
89013.5
89108.4
89376.5
92998.1
93554.2
93554.4
93563.5
93564.4
93674.5
94016.4
94126.5
94162.4
94212.5
94332.4
94554.3
94630.5
94750.4
94848.5
95757.1
96155.2
96155.4
97155.3
99332.5
99463.4
99587.5
99823.4
100589.1
100591.2
100682.5
101432.4
101532.5
101591.3
102196.4
102482.5
102598.4
102780.5
102794.1
102795.4
102796.2
102873.5
103478.4
103784.5
103796.3
103912.4
104006.5
104162.4
104434.5
104454.4
104826.5
104846.4
105058.5
105129.4
105266.5
105353.4
105476.5
105656.4
105899.5
105929.4
105939.1
105941.2
106063.5
106939.4
106941.3
107066.5
107083.4
107121.5
107215.4
107304.5
107480.4
107901.5
107925.4
107978.5
107991.4
108032.5
108098.4
108490.5
108505.4
108583.1
108585.2
108803.5
109585.3
109686.4
109837.5
109884.4
109975.5
110138.4
110212.5
111452.4
111634.5
111660.4
111803.5
111821.4
111833.5
111877.4
112026.5
112173.4
112270.5
112344.4
112557.5
112633.4
112689.5
113019.1
113804.2
113804.4
113907.5
114691.4
114804.3
114809.5
114928.4
114984.5
115072.4
115198.5
116608.4
116749.5
116862.4
116930.5
116964.4
117054.5
117181.4
117229.5
119123.1
119916.2
119916.4
119996.5
120916.3
120979.4
121084.5
121364.4
121556.5
121653.4
121756.5
121841.4
121914.5
122082.4
122202.5
122254.4
122311.5
122743.4
123007.5
123085.4
123254.5
123258.4
123327.5
123432.4
123467.5
123612.4
123740.5
124136.4
124626.5
124651.4
124755.5
124809.4
125081.5
125140.4
125463.5
125577.4
125775.5
125888.4
125957.5
126139.4
126241.5
126242.4
126464.5
126550.4
126970.5
127136.4
127318.5
127374.4
127430.5
127442.4
127530.5
127609.4
127949.5
128206.4
128242.5
128254.4
128670.5
128823.4
128878.5
129109.4
129289.5
129290.4
129297.5
129302.4
129306.5
129309.4
129523.5
129562.4
129816.5
129941.4
130005.5
130119.4
130270.5
130331.4
130360.5
130703.4
130964.5
131075.4
131153.5
131814.4
132037.5
132212.4
132526.5
132539.4
132546.5
132697.4
132970.5
133107.1
133132.2
133132.4
133217.5
133843.4
134022.5
134050.4
134067.5
134075.4
134132.3
134149.5
134243.4
134301.5
134519.4
134577.5
136526.4
136588.5
136862.1
137578.2
137578.4
137669.5
138578.3
138594.4
138742.5
138974.4
139116.5
140596.4
140756.5
141169.4
141234.5
142130.4
142268.5
142383.4
142494.5
142733.4
142866.5
142943.4
143092.5
143157.4
143203.5
143270.4
143466.5
143537.4
143583.5
143700.4
143788.5
143865.4
143976.5
144086.1
144263.2
144263.4
144342.5
145056.4
145142.5
145154.4
145228.5
145263.3
145374.4
145462.5
145923.4
145988.5
146132.4
146196.5
147720.4
147724.5
147755.4
147823.5
147946.4
147999.5
149717.4
149774.5
151741.4
151748.5
152007.4
152190.5
152602.1
153477.2
153477.4
153539.5
154051.4
154417.5
154477.3
154799.4
154859.5
156620.1
156708.2
156708.4
156779.5
157708.3
158125.4
158428.5
159082.4
159200.5
159760.4
160061.5
161835.4
161932.5
162171.4
162232.5
162669.4
162754.5
163216.1
164905.2
164905.4
164982.5
165905.3
166266.4
166460.5
166510.4
166673.5
167020.4
167120.5
167429.4
167761.5
168940.4
169381.5
169536.4
169639.5
169754.4
169874.5
171884.4
171931.5
171955.4
172069.5
172307.4
172418.5
172565.6
172566.7
173042.4
173128.5
173188.4
173231.5
173244.1
173295.2
173295.4
173386.5
173892.4
173952.5
173959.4
174026.5
174102.4
174139.5
174295.3
174512.4
174619.5
174641.4
174656.5
174657.4
174676.5
174926.4
175233.5
175498.1
175797.2
175797.4
175850.5
176503.4
176627.5
176719.4
176745.5
176797.3
176998.4
177062.5
177186.4
177222.5
177772.4
177810.5
177841.4
177875.5
178395.4
178439.1
178441.2
178529.5
179441.3
179534.4
179927.5
180000.9
123456789
7
16
15
7
16
15
1
FI
1
1
9
49
07
10
19
07
6
2
1015
0
0
0
314159265
33
0
457
180000
314159265
0.1
67.2
67.4
405.5
412.4
1067.3
1095.5
1477.4
1762.5
1997.4
2066.5
2216.4
2276.5
2384.4
2548.5
2709.1
2742.2
2742.4
2808.5
3274.4
3421.5
3525.4
3677.5
3736.4
3742.3
3845.5
3989.4
4080.5
4177.4
4371.5
4446.4
4650.5
4713.4
4779.5
4953.4
5285.5
5335.4
5409.5
5564.4
5779.5
5885.1
5890.2
5890.4
6006.5
6435.4
6742.5
6830.4
6890.3
6940.5
7079.4
7083.5
7123.4
7228.5
7402.4
7534.5
7572.4
7683.5
7686.4
7690.5
7728.4
7812.5
7926.4
8037.5
8150.4
8269.5
8386.4
8589.5
8833.4
8904.5
9026.4
9060.5
9276.4
9582.5
9620.1
9664.2
9664.4
9830.5
10098.4
10226.5
10487.4
10556.5
10664.3
10744.4
10852.5
11191.4
11288.5
11510.4
11696.5
11719.4
11837.5
11981.4
12019.5
12054.4
12129.5
12309.4
12363.5
12618.4
12666.5
12808.4
12900.5
12905.4
12971.5
13422.4
13471.5
13549.4
13589.5
13700.4
13774.5
13833.4
13873.5
14059.4
14270.5
14345.4
14479.5
14607.4
14957.5
15038.4
15140.5
15300.4
15304.5
15305.4
15332.5
15338.4
15381.5
16614.4
16796.5
17005.4
17069.5
17144.4
17210.5
17400.4
17478.5
17602.4
17610.5
17657.4
17776.5
17920.4
17960.5
18003.1
18039.2
18039.4
18172.5
18692.4
18814.5
19006.4
19039.3
19342.5
19578.4
19629.5
19766.4
19969.5
20071.4
20075.5
20191.4
20254.5
20431.4
20473.5
21134.4
21241.5
21517.4
21575.5
21631.4
21636.5
21870.4
21923.5
22105.4
22171.5
22240.4
22242.5
22244.4
22255.5
22259.4
22266.5
22267.4
22269.5
22271.4
22275.5
22276.4
22311.5
22497.4
22804.5
22956.4
23041.5
23048.4
23076.5
23718.4
23840.5
24011.4
24071.5
24120.4
24320.5
24359.4
24458.5
24460.4
24675.5
24772.4
24815.5
24819.4
24997.5
25139.4
25210.5
25477.4
25665.5
26420.4
26596.5
26629.4
26735.5
26779.4
26920.5
26960.4
27109.5
27601.4
27689.5
27765.4
27811.5
27851.4
27907.5
27934.4
28052.5
28075.4
28125.5
28237.4
28373.5
28850.4
29123.5
29283.4
29391.5
29511.4
29615.5
29731.4
29814.5
30055.4
30204.5
30381.4
30425.5
30643.4
30680.5
31090.4
31230.1
31232.2
31236.5
31245.4
31322.5
31789.4
31951.5
32140.4
32217.5
32232.3
32597.4
32641.5
33204.4
33346.5
33361.4
33424.5
33435.1
33477.2
33477.4
33529.5
33644.4
33813.5
34004.4
34132.5
34239.4
34292.5
34477.3
34578.4
34613.5
35316.4
35402.5
35480.4
35522.5
35986.4
36052.5
36090.4
36154.5
36205.4
36399.5
36495.4
36566.5
36655.4
36793.5
36865.4
36909.5
37230.4
37519.5
37687.4
37746.5
37857.4
37994.5
37995.4
38013.5
38219.4
38250.5
38282.4
38339.5
38468.4
38553.5
38796.1
39032.2
39032.4
39101.5
39521.4
39750.5
39796.4
39867.5
39873.4
39899.5
40017.4
40032.3
40065.5
40208.4
40319.5
40466.4
40473.5
40527.4
40916.5
40922.4
40927.5
40983.4
41167.5
41274.4
41346.5
41477.4
41593.5
41905.4
41940.5
42151.4
42233.5
42358.4
42385.5
42733.4
42809.5
42881.4
42922.5
43096.4
43132.5
43311.4
43356.5
43360.4
43388.5
43466.1
43580.2
43580.4
43653.5
44415.4
44517.5
44580.3
44653.4
44689.5
44838.4
44890.5
44895.4
44968.5
45206.4
45243.5
45474.4
45519.5
45715.4
45760.5
45937.4
45960.5
46210.4
46268.5
46323.4
46420.5
46473.4
46617.5
46755.4
46783.5
47222.4
47294.5
47573.4
47659.5
48352.4
48353.5
48358.4
48421.5
48462.4
48541.5
48698.4
48746.5
48769.4
48801.5
49073.4
49207.5
49278.4
49282.5
50052.4
50088.1
50090.2
50182.5
50617.4
50861.5
50875.4
50968.5
51090.3
51133.4
51171.5
51296.4
51429.5
51463.4
51477.5
51660.4
51716.5
51917.4
51972.5
52153.4
52277.5
52293.1
52309.2
52309.4
52399.5
52903.4
53038.5
53127.4
53203.5
53277.4
53309.3
53334.5
53456.4
53511.5
53992.4
54136.5
54146.4
54450.5
54451.4
54514.5
54640.4
54810.5
55015.4
55108.5
55210.4
55251.5
55553.4
55614.5
55882.4
56229.5
56309.4
56450.5
56550.4
56585.5
56863.4
56910.5
57061.4
57063.5
57073.4
57106.5
57302.4
57342.5
57416.4
57496.5
58129.4
58199.5
58351.4
58396.5
58470.4
58628.5
58689.4
58787.5
58822.4
58905.5
59041.4
59138.5
59161.4
59221.5
59480.4
59509.5
59560.4
59759.5
59848.4
59924.5
60189.4
60250.5
60796.4
60964.5
61001.4
61035.5
61055.4
61101.5
61316.4
61370.5
61521.4
61605.5
61710.4
61820.5
62135.4
62261.5
62490.4
62578.5
62775.4
62860.5
62956.4
63054.5
63292.4
63321.5
63328.4
63379.5
63454.4
63477.5
63741.4
63769.5
64428.4
64560.5
65500.1
65691.2
65691.4
65746.5
66530.4
66644.5
66691.3
66994.4
67095.5
67228.4
67291.5
67327.4
67358.5
67567.4
67635.5
68439.4
68539.5
68627.4
68682.5
69182.4
69228.5
69421.1
69446.2
69446.4
69538.5
69917.4
70014.5
70058.4
70143.5
70446.3
70599.4
70759.5
71827.4
71892.5
72167.4
72198.5
72232.4
72308.5
72470.4
72487.5
72488.4
72548.5
72782.4
72791.5
73145.4
73220.5
73673.4
73741.5
73843.4
73894.5
74480.4
74588.5
74659.4
74688.5
74955.4
74997.5
75223.4
75282.5
75334.4
75408.5
75629.4
75720.5
75788.4
75828.5
75954.1
76021.2
76021.4
76162.5
76784.4
77021.3
77082.5
77157.4
77205.5
77370.4
77951.5
78229.4
78240.5
78411.4
78503.5
78593.4
78625.5
78663.1
78688.2
78688.4
78767.5
79510.4
79594.5
79688.3
79853.4
79856.5
79857.4
79896.5
81046.4
81102.5
81831.1
82165.2
82165.4
82219.5
82904.4
83165.3
83202.5
83425.4
83448.5
83939.4
84047.5
84081.4
84122.5
84355.4
84408.5
85125.4
85184.5
85656.4
85715.5
85793.4
85973.5
86225.4
86374.5
86857.4
86884.5
87219.4
87286.5
87410.4
87443.5
87484.1
87516.2
87516.4
87601.5
88138.4
88250.5
88516.3
88564.4
88588.5
88930.4
89024.5
89099.4
89142.5
89591.4
89632.5
89955.4
90023.5
90251.4
90327.5
90534.4
90583.5
90693.4
90731.5
90939.4
91055.5
91170.4
91221.5
91468.4
91508.5
91546.4
91593.5
91606.4
91850.5
91870.4
91944.5
92124.4
92154.5
92882.4
92996.5
93424.4
93457.5
94590.4
94672.5
95855.1
95863.2
95863.4
95972.5
96863.3
96911.4
97175.5
97195.4
97305.5
97835.4
97901.5
98114.4
98201.5
98746.4
98823.5
98909.4
98988.5
99262.4
99359.5
99669.4
99701.5
99963.4
99969.5
99971.4
99972.5
100297.1
100370.2
100370.4
100409.5
101343.4
101370.3
101434.5
101899.4
101945.5
102467.4
102528.5
103064.4
103114.5
103475.4
103483.5
103798.4
104023.5
104100.1
104123.2
104123.4
104202.5
105123.3
105255.4
105345.5
105844.4
106039.5
106076.4
106124.5
106394.4
106400.5
106683.4
106765.1
106767.2
106859.5
107703.4
107767.3
107827.5
108311.4
108382.5
108674.4
108724.5
108735.4
108831.5
108970.1
109152.2
109152.4
109197.5
110008.4
110141.5
110152.3
110209.4
110359.5
110364.4
110369.5
110576.4
110610.5
110861.4
110935.5
110993.4
111023.5
111263.4
111293.5
111546.4
111701.5
111757.4
111790.5
111969.4
112024.5
112254.4
112354.5
112442.4
112693.5
112993.4
113096.5
113354.4
113418.5
113604.4
113614.5
113800.4
113861.5
114010.4
114044.5
114072.4
114199.5
114361.4
114373.5
115269.4
115340.5
115379.4
115428.5
115544.4
115612.5
115747.4
115789.5
116089.4
116121.5
116327.4
116460.5
116772.4
116844.5
116927.4
116959.5
117184.4
117223.5
117491.1
117539.2
117539.4
117612.5
118539.3
118570.4
118621.5
119231.4
119355.5
119999.4
120075.5
120653.4
120701.5
120736.4
120882.5
122081.4
122099.5
122487.4
122663.5
123103.4
123144.5
123202.4
123300.5
123580.4
123618.5
124017.4
124211.5
124366.4
124394.5
124418.4
124459.5
124508.4
124547.5
125556.4
125606.5
126087.4
126293.5
126633.4
126667.5
126670.4
126789.5
127470.4
127509.5
127894.4
127948.5
128464.4
128546.5
128787.4
128826.5
129995.4
130075.5
130099.4
130145.5
130730.1
130877.2
130877.4
130957.5
131877.3
132286.4
132366.5
133115.4
133416.5
133499.4
133551.5
135311.1
136321.2
136321.4
136372.5
137297.4
137321.3
137401.5
137806.4
137886.5
138187.4
138205.5
139571.4
139629.5
139647.4
139679.5
140451.4
140555.5
141640.1
141694.2
141694.4
141759.5
142694.3
142980.4
143335.5
144155.4
144208.5
144837.1
145187.2
145187.4
145240.5
146187.3
146250.4
146306.5
147300.4
147384.5
148492.4
148500.5
148502.4
148507.5
148523.4
148549.5
149575.4
149641.5
151313.4
151346.5
151695.1
152061.2
152061.4
152133.5
153034.4
153036.5
153039.4
153061.3
153172.5
153903.4
153959.5
155002.4
155032.5
156452.4
156495.1
156497.2
156500.5
156511.4
156585.5
157461.4
157497.3
157598.5
158131.4
158472.5
158959.4
159057.5
159136.4
159139.1
159141.2
159277.5
160141.3
160367.4
160524.5
161250.4
161302.5
162661.4
162719.5
163759.4
163816.5
164134.4
164218.5
164308.4
164334.5
164460.1
164680.2
164680.4
164762.5
164992.4
165072.5
165680.3
167195.4
167197.5
167198.4
167399.5
167823.1
168323.2
168323.4
168547.5
169323.3
169826.4
169913.5
170216.4
170514.5
170638.4
170710.5
170934.4
170984.5
171129.4
171158.5
171309.4
171359.5
171363.4
171436.5
172242.4
172275.5
172297.4
172347.5
173127.4
173167.5
173224.4
173261.5
173285.4
173370.5
173422.4
173458.5
173528.4
173639.5
173731.4
173765.5
174547.4
174572.5
175288.4
175365.5
175712.4
175754.5
176546.4
176614.5
176662.1
176742.2
176742.4
176782.5
177742.3
179041.4
179143.5
179762.4
180000.9
123456789
7
17
15
7
17
15
1
FI
1
1
7
50
12
12
53
12
6
2
3899
0
0
0
314159265
95
0
1086
1800000
314159265
0.1
1.4
129.5
3784.4
3809.5
5608.4
5662.5
7132.4
7191.5
10075.4
10117.5
12944.4
12999.5
15663.4
15740.5
21475.4
21515.5
22954.6
22955.212
22955.7
23313.2
23313.4
23362.5
23634.4
23748.5
23813.3
24018.4
24105.5
24287.4
24507.5
24825.4
24908.5
25034.4
25167.5
25475.4
25588.5
27014.4
27183.5
27337.4
27350.5
27397.4
27400.5
27408.4
27414.5
27415.4
27419.5
27462.4
27516.5
27540.4
27677.5
28552.1
28712.4
28812.5
29752.4
29821.5
30305.4
30345.5
30837.4
30906.5
31114.4
31245.5
32171.4
32236.5
32328.4
32429.5
32533.4
32544.5
34973.4
35055.5
35186.4
35254.5
35426.4
35535.5
37458.4
37523.5
37686.4
37757.5
38256.4
38346.5
38373.4
38612.5
38720.4
38775.5
39415.4
39528.5
40237.4
40254.5
40442.4
40605.5
40731.4
40981.5
41184.4
41219.5
41317.4
41425.5
41481.4
41571.5
41603.4
41771.5
41819.4
41860.5
42620.4
42700.5
42864.4
42903.5
43441.4
43524.5
43525.4
43831.5
43894.4
44005.5
44099.4
44250.5
44268.4
44322.5
44341.4
44351.5
44449.4
44507.5
44701.4
44793.5
45018.4
45048.5
45354.4
45405.5
45921.4
45972.5
48879.4
48978.5
50973.4
51027.5
51037.4
51093.5
51187.4
51235.5
52427.4
52472.5
52486.4
52604.5
52655.4
52719.5
52809.4
52866.5
52940.4
52968.5
53844.4
54002.5
54028.4
54103.5
54514.4
54680.5
54740.4
54779.5
55439.4
55499.5
55580.4
55620.5
55817.4
55884.5
56259.4
56272.5
57110.4
57164.5
57271.4
57310.5
57852.4
57918.5
58818.4
58862.5
59285.4
59382.5
59436.4
59532.5
59578.4
59624.5
59782.4
59850.5
60125.4
60173.5
62695.4
62932.5
62968.4
63231.5
63266.4
63378.5
63467.4
63587.5
63694.4
63738.5
63783.4
64175.5
64255.4
64349.5
64357.4
64597.5
64607.4
64739.5
64800.4
64872.5
65030.4
65124.5
65163.4
65237.5
65504.4
65572.5
65798.4
66034.5
66057.4
66151.5
66156.4
66434.5
66439.4
66512.5
66686.4
66745.5
66838.4
66991.5
67050.4
67499.5
68923.4
69002.5
69039.4
69084.5
69120.4
69388.5
69407.4
69414.5
69464.4
69482.5
69505.4
69645.5
69677.4
69794.5
69808.4
69872.5
69876.4
69953.5
70463.4
70498.5
71398.4
71462.5
71926.4
71966.5
72012.4
72100.5
72124.4
72163.5
72212.4
72243.5
72972.4
73056.5
73771.4
73778.5
73779.4
73780.5
73788.4
74095.5
74136.4
74178.5
74206.4
74335.5
74360.4
74423.5
74444.4
74556.5
74585.4
74654.5
74658.4
74742.5
74781.4
74824.5
74829.4
74839.5
75000.4
75250.5
75279.4
75327.5
75333.4
75476.5
75939.4
76088.5
76188.4
76213.5
76245.4
76278.5
76543.4
76595.5
76656.4
76702.5
76711.4
76773.5
77192.4
77222.5
77243.4
77344.5
77362.4
77402.5
77438.4
77467.5
77809.4
77814.5
77817.4
77818.5
77885.4
77913.5
78382.4
78494.5
79942.4
80028.5
80095.4
80124.5
80440.4
80463.5
81875.4
81900.5
83966.4
84012.5
84014.4
84042.5
84439.4
84483.5
85961.4
85996.5
86019.4
86076.5
86091.4
86165.5
87248.4
87297.5
87340.4
87381.5
88488.4
88543.5
89801.4
89856.5
90072.4
90113.5
90330.4
90404.5
91887.4
92010.5
92391.4
92472.5
92544.4
92609.5
94319.4
94353.5
94883.4
94981.5
95795.4
96031.5
96087.4
96126.5
96133.4
96197.5
96240.4
96277.5
96401.4
96445.5
96832.4
96871.5
96927.4
96956.5
97752.4
97869.5
97930.4
98016.5
98079.4
98111.5
98296.4
98399.5
98597.4
98821.5
98909.4
98982.5
99059.4
99101.5
99157.4
99315.5
99875.4
99928.5
100050.4
100090.5
101788.4
101856.5
102454.4
102483.5
102993.4
103069.5
103414.4
103435.5
104372.4
104440.5
105901.4
105956.5
106023.4
106063.5
106096.4
106130.5
106419.4
106449.5
119193.4
119342.5
122262.4
122277.5
129523.4
129866.5
129968.4
130005.5
130808.4
130894.5
131110.4
131111.5
131113.4
131165.5
131546.4
131646.5
131938.4
132022.5
132314.4
132396.5
132452.4
132483.5
132557.4
132614.5
132660.4
132703.5
132742.4
132800.5
132826.4
132906.5
133877.4
133911.5
133938.4
133966.5
137213.4
137303.5
138602.4
138630.5
140271.4
140345.5
141740.4
141824.5
141830.4
141856.5
144261.4
144364.5
144757.4
144777.5
145057.4
145085.5
148346.4
148448.5
148498.4
148566.5
149173.4
149177.5
149179.4
149211.5
149386.4
149436.5
152546.4
152582.5
157570.4
157620.5
157802.4
157811.5
160168.4
160212.5
164773.4
164837.5
167411.4
167511.5
169022.4
169041.5
171568.4
171593.5
176559.4
176581.5
176595.4
176683.5
176730.4
176945.5
177126.4
177289.5
177346.4
177351.5
177365.4
177392.5
177419.4
177486.5
179384.4
179464.5
179474.4
179476.5
179479.4
179492.5
179547.4
179586.5
181396.4
181615.5
182712.4
182806.5
186693.4
186720.5
188409.4
188463.5
188528.4
188971.5
189298.4
189469.5
189842.4
189903.5
189918.4
189932.5
189966.4
190471.5
190702.4
191249.5
191256.4
192775.5
193078.4
194144.5
194529.4
194860.5
195060.4
195182.5
195199.4
195220.5
196927.4
197783.5
198162.4
198336.5
198376.4
198424.5
202184.4
202275.5
202372.4
202405.5
202438.4
202572.5
202817.4
202985.5
203101.4
203148.5
203168.4
203247.5
203639.4
203684.5
204587.4
204742.5
204778.4
204822.5
204921.4
204963.5
205298.4
205305.5
205353.4
205464.5
205620.4
205693.5
206298.4
206386.5
206883.4
206971.5
207248.4
207301.5
207955.4
208015.5
208065.4
208147.5
208150.4
208186.5
208219.4
208296.5
208421.4
208488.5
208505.4
208628.5
208793.4
208919.5
210324.4
210333.5
214599.4
214712.5
215886.4
215914.5
216866.4
216868.5
219265.4
219301.5
219355.4
219375.5
240703.4
240988.5
253179.4
253691.5
253815.4
254172.5
254453.4
254580.5
254898.4
254948.5
254984.4
255047.5
255098.4
255536.5
255915.4
256026.5
256129.4
256282.5
256525.4
256649.5
256671.4
256783.5
256886.4
257146.5
257463.4
257729.5
258143.4
258355.5
258524.4
258632.5
258702.4
258781.5
258828.4
258934.5
265293.4
265416.5
266973.4
267044.5
271242.4
271321.5
277450.4
277672.5
277676.4
277820.5
278133.4
278183.5
278215.4
278745.5
279245.4
279315.5
279360.4
279396.5
279402.4
279440.5
279493.4
279536.5
280624.4
280666.5
280948.4
281032.5
281956.4
282007.5
282098.4
282182.5
282240.4
282299.5
282351.4
282423.5
282835.4
282872.5
284237.4
284360.5
284548.4
284627.5
284637.4
284666.5
284719.4
284751.5
287794.4
287877.5
290524.4
290659.5
293111.4
293256.5
293656.4
293792.5
306187.4
306256.5
307226.4
307438.5
308585.4
308690.5
310753.4
310766.5
311072.4
311148.5
312448.4
312493.5
318594.4
318731.5
318767.4
318810.5
322880.4
322989.5
325143.4
325292.5
325306.4
325361.5
325563.4
325633.5
325636.4
325647.5
325949.4
325979.5
326064.4
326193.5
327319.4
327425.5
328841.4
328922.5
329110.4
329688.5
329892.4
330320.5
330321.4
330327.5
333972.4
334579.5
334638.4
334696.5
334753.4
334867.5
342810.4
342870.5
350692.4
350746.5
355086.4
355212.5
355615.4
355651.5
357688.4
357830.5
359748.4
359788.5
365982.4
366026.5
368078.4
368082.5
368084.4
368099.5
368106.4
368213.5
368243.4
368297.5
368335.4
368470.5
368525.4
368697.5
369616.4
369657.5
376887.4
376949.5
378629.4
378665.5
379682.4
379837.5
382587.4
382605.5
382642.4
382835.5
386213.4
386296.5
386318.4
386351.5
389378.4
389499.5
394311.4
394379.5
401288.4
401422.5
404401.4
404526.5
405639.4
405771.5
405804.4
405849.5
405883.4
405922.5
406589.4
406759.5
407083.4
407117.5
410254.4
410256.5
410257.4
410313.5
410459.4
410626.5
411631.4
411692.5
412713.4
412778.5
413262.4
413294.5
416012.4
416063.5
423305.4
423341.5
426130.4
426324.5
431148.4
431213.5
433455.4
433497.5
434872.4
434890.5
438889.4
438919.5
442023.4
442074.5
455684.4
455760.5
463011.4
463012.5
463015.4
463079.5
467057.4
467150.5
467824.4
467940.5
474004.4
474180.5
478957.4
479137.5
479524.4
479919.5
480116.4
480209.5
482256.4
482259.5
482264.4
482268.5
482270.4
482454.5
486971.4
487168.5
487191.4
487482.5
490763.4
490978.5
491011.4
491129.5
493216.4
493464.5
493562.4
493608.5
493884.4
493935.5
493952.4
493986.5
494025.4
494097.5
494123.4
494201.5
494688.4
494801.5
494815.4
494920.5
496363.4
496422.5
496530.4
496703.5
496754.4
496799.5
496816.4
496854.5
496944.4
497258.5
497492.4
497571.5
497646.4
497694.5
498067.4
498119.5
498375.4
498419.5
498867.4
498904.5
501353.4
501394.5
505017.4
505080.5
505093.4
505172.5
506061.4
506123.5
506140.4
506184.5
506269.4
506322.5
509276.4
509337.5
510846.4
511069.5
513528.4
513596.5
514969.4
515047.5
516292.4
516489.5
516920.4
517018.5
517151.4
517200.5
517212.4
517287.5
518266.4
518326.5
519092.4
519395.5
519702.4
519870.5
524014.4
524015.5
524019.4
524292.5
527743.4
527818.5
528416.4
528599.5
530615.4
530681.5
532144.4
532215.5
532235.4
532817.5
533178.4
533295.5
533312.4
533324.5
533332.4
533486.5
533520.4
533612.5
533621.4
533625.5
533658.4
533833.5
534500.4
534643.5
534671.4
534882.5
535009.4
535152.5
538055.4
538145.5
538151.4
538300.5
538642.4
538682.5
540394.4
540433.5
542312.4
542384.5
542477.4
542509.5
543034.4
543094.5
544312.4
544405.5
544450.4
544511.5
544530.4
544587.5
544621.4
544892.5
545050.4
545102.5
545260.4
545330.5
545343.4
545449.5
545556.4
545581.5
548260.4
548301.5
549300.4
549387.5
549456.4
549517.5
549703.4
549781.5
550486.4
550532.5
552379.4
552413.5
552469.4
552608.5
552845.4
553115.5
553344.4
553366.5
554243.4
554272.5
554322.4
554347.5
556047.4
556090.5
556119.4
556157.5
560143.4
560210.5
563192.4
563210.5
564834.4
564849.5
565535.4
565569.5
566563.4
566585.5
567010.4
567024.5
571082.4
571091.5
575005.4
575032.5
575050.4
575138.5
575159.4
575178.5
578469.4
578511.5
578529.4
578552.5
590020.4
590060.5
590103.4
590179.5
591081.4
591121.5
597548.4
597586.5
597989.4
598064.5
601608.4
601665.5
605510.4
605565.5
606345.4
606413.5
608838.4
609138.5
610199.4
610441.5
613064.4
613168.5
613205.4
613261.5
614641.4
614717.5
616428.4
616468.5
616486.4
616556.5
619515.4
619573.5
623112.4
623193.5
623437.4
623460.5
626970.4
627015.5
633682.4
633805.5
635894.4
635901.5
637671.4
637790.5
640251.4
640368.5
642149.4
642185.5
653643.4
653877.5
653907.4
654226.5
654344.4
654427.5
655260.4
655310.5
658705.4
658775.5
660547.4
660736.5
661876.4
661928.5
665809.4
665907.5
666764.4
666831.5
666864.4
666919.5
668160.4
668202.5
673582.4
674273.5
677043.4
677087.5
678240.4
678483.5
679671.4
679674.5
681233.4
681257.5
681939.4
681986.5
682007.4
682093.5
682176.4
682242.5
682789.4
682883.5
684724.4
684748.5
686268.4
686271.5
686788.4
686849.5
687294.4
687308.5
688568.4
688792.5
696063.4
696369.5
696586.4
696650.5
698531.6
698532.212
698532.7
699344.2
699344.4
699540.5
699601.4
699670.5
699844.3
700945.4
701008.5
701323.4
701385.5
701545.4
701591.5
701612.4
701694.5
701701.4
701782.5
702068.4
702116.5
702310.4
702354.5
703195.4
703372.5
703705.4
703775.5
704094.4
704166.5
704208.4
704242.5
704361.4
704394.5
705202.4
705239.5
705242.4
705340.5
705889.4
705965.5
705980.4
705996.5
706112.1
708035.4
708072.5
708536.6
708537.212
708537.7
708985.2
708985.4
709251.5
709485.3
709521.4
709643.5
710091.4
710257.5
710563.4
710688.5
711016.4
711128.5
711139.4
711200.5
711242.4
711384.5
711402.4
711449.5
711603.4
711604.5
712019.6
712020.7
712400.4
712460.5
712610.4
712651.5
712733.4
712841.5
713167.4
713236.5
713580.4
713702.5
714035.6
714036.7
714085.6
714086.7
714438.4
714518.5
714803.4
714837.5
715103.4
715161.5
715499.6
715500.7
715674.6
715675.7
716073.4
716211.5
716487.4
716520.5
716549.4
716620.5
716942.6
716943.7
717281.4
717328.5
717497.4
717576.5
717718.6
717719.7
717752.6
717753.7
717812.6
717813.7
718108.1
718421.6
718422.212
718422.7
718806.2
718806.4
718858.5
718861.4
718864.5
718867.4
718871.5
718888.4
719050.5
719306.3
719350.4
719386.5
720039.4
720169.5
720203.4
720242.5
720258.4
720342.5
720391.4
720423.5
722129.4
722164.5
722167.4
722228.5
722648.6
722649.7
723217.4
723230.5
723610.6
723611.7
723971.4
724013.5
724830.4
724882.5
725441.4
725461.5
725630.6
725631.7
725932.6
725933.7
726317.4
726379.5
726846.4
726913.5
727019.4
727088.5
727745.4
727784.5
727914.6
727915.7
728264.4
728573.5
728863.4
728910.5
729121.4
729123.5
729124.4
729185.5
730230.6
730231.7
730412.6
730413.7
731133.4
731162.5
731733.4
731952.5
732159.4
732367.5
732776.4
732814.5
732841.4
732879.5
733918.4
734021.5
734087.4
734118.5
734168.1
734957.4
734975.5
735542.4
735556.5
736699.6
736700.212
736700.7
737049.2
737049.4
737549.3
737701.5
737706.4
737728.5
737781.1
737936.4
738050.5
738899.4
739375.5
739471.4
739588.5
739634.4
739933.5
740105.4
740230.5
740282.4
740346.5
740642.6
740643.212
740643.7
740981.2
740981.4
741181.5
741283.4
741481.3
741930.5
741974.4
742115.5
742160.4
742214.1
742313.5
742371.4
742486.5
742562.4
742627.5
742740.4
742959.5
742992.4
743123.5
743168.4
743209.5
743354.4
743459.5
743767.4
743823.5
744250.6
744251.212
744251.7
744328.6
744329.7
744568.6
744569.7
744829.2
744829.4
744949.5
744992.4
745329.3
745364.5
745548.4
745684.5
746015.4
746081.5
746405.6
746406.7
746627.1
746775.4
746966.5
747565.6
747566.212
747566.7
747828.2
747828.4
747923.5
748328.3
748376.4
748502.5
748541.4
748604.5
749129.4
749167.5
749344.4
749383.5
749440.4
749480.5
749680.6
749681.7
749687.6
749688.7
749957.4
750004.5
750018.4
750073.5
750152.4
750207.5
750271.1
750658.6
750659.212
750659.7
750905.2
750905.4
751002.5
751405.3
751652.4
751737.5
752210.4
752330.5
752598.6
752599.7
752913.4
752952.5
752955.4
752992.5
753006.4
753053.5
753086.4
753228.5
753269.4
753277.5
753323.4
753339.5
753530.6
753531.7
753782.4
753861.5
754101.1
754185.6
754186.212
754186.7
754412.2
754412.4
754464.5
754912.3
755215.4
755385.5
755848.4
755911.5
756411.4
756522.5
756647.6
756648.7
756776.6
756777.7
756848.6
756849.7
757014.4
757169.5
757429.6
757430.7
757630.4
757709.5
757933.4
757935.5
757937.4
757967.5
758233.6
758234.7
758515.1
758537.4
758592.5
759026.6
759027.212
759027.7
759275.2
759275.4
759372.5
759415.4
759421.5
759449.4
759546.5
759775.3
760228.4
760354.5
760567.6
760568.7
760581.6
760582.7
760875.4
760942.5
761053.4
761203.5
761399.6
761400.7
761662.4
761740.5
761846.4
761934.5
762271.6
762272.7
762953.6
762954.7
763393.6
763394.7
763763.4
763847.5
764133.6
764134.7
764723.4
764914.5
764948.4
764987.5
765672.4
765705.5
765948.6
765949.7
766238.4
766245.5
766257.4
766316.5
766324.4
766387.5
766388.4
766402.5
766754.6
766755.7
766795.6
766796.7
767208.4
767210.5
767238.4
767274.5
767795.6
767796.7
767898.6
767899.7
768187.4
768237.5
768398.1
768408.6
768409.212
768409.7
768661.2
768661.4
769108.5
769161.3
769194.4
769301.5
769615.6
769616.7
770082.4
770102.5
770143.4
770287.5
770823.4
770895.5
771104.1
772065.6
772066.212
772066.7
772254.2
772254.4
772345.5
772754.3
772770.4
772826.5
773285.4
773311.5
773646.6
773647.7
773897.4
773954.5
774075.4
774193.5
774361.6
774362.7
774572.4
774576.5
774577.4
774624.5
774777.6
774778.7
774927.6
774928.7
775403.6
775404.7
775636.4
775715.5
775892.6
775893.7
776329.6
776330.7
776568.4
776661.5
776844.6
776845.7
777084.4
777103.5
777547.6
777548.7
777741.4
777748.5
777905.4
778013.5
778036.4
778096.5
778132.4
778168.5
778333.6
778334.7
778652.6
778653.7
779018.6
779019.7
779127.6
779128.7
779568.4
779634.5
780258.6
780259.7
780420.4
780496.5
780711.6
780712.7
780919.4
780948.5
781045.6
781046.7
781561.4
781637.5
781828.6
781829.7
782524.4
782580.5
782607.4
782694.5
782968.6
782969.7
783446.6
783447.7
783678.4
783723.5
783744.4
783769.5
784237.6
784238.7
784391.4
784394.5
784424.4
784461.5
784884.4
784926.5
785206.6
785207.7
785414.4
785608.5
785927.6
785928.7
786267.4
786314.5
786477.4
786509.5
786576.4
786578.5
786961.6
786962.7
787383.4
787414.5
787616.1
788332.4
788353.5
788398.4
788441.5
788453.4
788529.5
788560.4
788635.5
788637.4
788671.5
790034.6
790035.212
790035.7
790197.2
790197.4
790285.5
790697.3
790779.4
790840.5
791021.6
791022.7
791247.4
791318.5
791453.6
791454.7
791895.6
791896.7
792219.6
792220.7
792459.6
792460.7
792693.4
792783.5
792807.4
792839.5
792859.4
792909.5
792931.4
792986.5
793140.6
793141.7
793393.1
793812.6
793813.212
793813.7
794000.2
794000.4
794044.5
794500.3
794585.4
794667.5
794732.1
794868.6
794869.212
794869.7
795072.2
795072.4
795112.5
795529.4
795572.3
795594.5
795928.6
795929.7
796173.4
796228.5
796377.6
796378.7
796569.4
796586.5
796741.6
796742.7
796870.1
796885.6
796886.212
796886.7
796973.2
796973.4
796997.5
797062.4
797168.5
797473.3
797897.4
797929.5
798346.6
798347.7
798619.4
798622.5
798623.4
798641.5
798679.4
798723.5
798840.6
798841.7
799037.4
799276.5
799316.4
799344.5
799510.6
799511.7
799867.6
799868.7
800310.6
800311.7
800943.6
800944.7
801076.1
801372.4
801436.5
802128.6
802129.212
802129.7
802183.6
802184.7
802316.2
802316.4
802403.5
802720.4
802784.5
802816.3
803011.6
803012.7
803098.6
803099.7
803388.6
803389.7
803549.1
803644.4
803690.5
803800.6
803801.212
803801.7
804033.6
804034.7
804187.2
804187.4
804272.5
804656.4
804687.3
804745.5
805037.6
805038.7
805200.4
805288.5
805431.6
805432.7
805681.4
805692.5
805781.6
805782.7
806122.6
806123.7
806185.6
806186.7
806401.4
806462.5
806584.6
806585.7
806687.6
806688.7
806876.4
806945.5
807033.6
807034.7
807088.6
807089.7
807382.6
807383.7
807587.6
807588.7
807788.4
807789.5
807790.4
807895.5
807932.4
807964.5
808175.6
808176.7
808518.6
808519.7
808876.6
808877.7
809426.1
810823.6
810824.212
810824.7
810976.2
810976.4
811137.5
811476.3
811647.4
811651.5
811652.4
811667.5
811973.6
811974.7
812260.6
812261.7
812359.6
812360.7
812583.4
812591.5
812592.4
812605.5
812606.4
812677.5
812756.6
812757.7
812772.6
812773.7
812841.6
812842.7
812851.6
812852.7
812893.6
812894.7
813182.6
813183.7
813539.6
813540.7
813643.6
813644.7
813684.6
813685.7
813974.6
813975.7
814428.6
814429.7
814572.4
814596.5
814718.6
814719.7
814884.4
814919.5
815014.6
815015.7
815080.6
815081.7
816170.6
816171.7
816537.6
816538.7
816836.4
816944.5
817099.6
817100.7
817498.6
817499.7
817744.1
819337.6
819338.212
819338.7
819490.2
819490.4
819572.5
819990.3
820159.4
820169.5
820318.6
820319.7
820733.6
820734.7
820807.6
820808.7
820830.6
820831.7
820842.6
820843.7
820981.6
820982.7
821101.4
821114.5
821486.4
821523.5
821673.6
821674.7
821928.6
821929.7
822397.6
822398.7
822578.4
822647.5
822803.6
822804.7
822894.6
822895.7
822998.4
823042.5
823043.4
823136.5
823186.4
823219.5
823222.4
823234.5
823260.4
823302.5
823529.6
823530.7
823593.1
823898.6
823899.212
823899.7
824107.2
824107.4
824199.5
824595.4
824607.3
824674.5
824910.4
825008.5
825162.6
825163.7
825436.6
825437.7
825843.6
825844.7
826237.6
826238.7
826417.4
826462.5
826607.6
826608.7
826670.6
826671.7
826820.4
826860.5
827006.6
827007.7
827234.6
827235.7
827543.6
827544.7
827754.4
827783.5
829126.6
829127.7
829375.6
829376.7
829607.6
829608.7
829620.6
829621.7
829739.4
829843.5
830016.6
830017.7
830875.1
830939.6
830940.212
830940.7
831091.2
831091.4
831134.5
831586.4
831591.3
831609.5
831872.6
831873.7
832109.6
832110.7
832518.6
832519.7
832778.6
832779.7
833066.6
833067.7
833161.6
833162.7
833488.6
833489.7
833523.6
833524.7
833553.6
833554.7
833794.6
833795.7
833856.6
833857.7
834105.6
834106.7
834378.6
834379.7
834621.4
834826.5
835539.6
835540.7
835602.6
835603.7
835835.6
835836.7
836128.6
836129.7
836284.6
836285.7
836330.1
836699.6
836700.212
836700.7
836849.2
836849.4
836898.5
837341.4
837349.3
837398.5
837624.6
837625.7
837631.6
837632.7
839005.6
839006.7
839145.6
839146.7
839395.6
839396.7
839684.6
839685.7
839992.6
839993.7
840045.1
840128.4
840131.5
840137.4
840153.5
840750.6
840751.212
840751.7
840834.6
840835.7
840982.2
840982.4
841052.5
841482.3
841855.6
841856.7
841940.6
841941.7
842091.4
842184.5
842215.1
842442.6
842443.212
842443.7
842591.2
842591.4
842699.5
843091.3
843323.1
843468.4
843541.5
843657.6
843658.212
843658.7
843777.6
843778.7
843896.2
843896.4
844032.5
844396.3
844583.4
845330.5
845580.6
845581.7
845694.1
845762.4
846006.5
846153.4
846190.5
846338.6
846339.212
846339.7
846502.2
846502.4
846553.5
846896.4
846993.5
847002.3
847446.6
847447.7
847496.6
847497.7
847552.6
847553.7
847737.4
847896.5
847934.4
847953.5
848067.6
848068.7
848240.4
848331.5
848332.4
848338.5
848373.4
848558.5
848715.4
848745.5
848925.6
848926.7
848945.1
849082.4
849108.5
849126.4
849137.5
849351.6
849352.212
849352.7
849484.2
849484.4
849608.5
849984.3
850454.4
850573.5
850577.4
850598.5
850759.6
850760.7
851032.6
851033.7
851259.6
851260.7
851472.6
851473.7
851760.4
851918.5
851920.4
851922.5
851954.4
851988.5
851989.4
852003.5
852044.4
852081.5
852244.6
852245.7
852252.6
852253.7
852510.4
852562.5
853573.6
853574.7
853798.4
853842.5
853926.6
853927.7
853961.6
853962.7
854161.4
854181.5
854265.6
854266.7
854474.4
854475.5
854479.4
854560.5
854657.6
854658.7
854778.6
854779.7
855072.6
855073.7
855095.6
855096.7
855128.6
855129.7
855279.6
855280.7
855448.4
855450.5
855538.6
855539.7
855553.6
855554.7
855657.6
855658.7
856013.6
856014.7
856264.6
856265.7
856478.4
856535.5
856549.4
856560.5
856731.6
856732.7
856832.6
856833.7
857017.4
857246.5
857434.6
857435.7
857693.6
857694.7
857938.6
857939.7
858107.6
858108.7
858536.6
858537.7
858607.1
858817.4
858876.5
858908.4
858933.5
859365.6
859366.212
859366.7
859658.2
859658.4
859709.5
860158.3
860214.4
860436.5
860688.6
860689.7
860865.4
860882.5
860961.6
860962.7
860972.6
860973.7
861012.6
861013.7
861271.6
861272.7
861873.6
861874.7
862139.6
862140.7
862378.6
862379.7
862611.4
863044.5
863286.6
863287.7
863420.6
863421.7
863713.6
863714.7
863866.4
863914.5
864021.6
864022.7
864063.6
864064.7
864349.6
864350.7
864426.6
864427.7
866091.6
866092.7
866482.6
866483.7
866490.6
866491.7
866640.6
866641.7
866759.6
866760.7
866877.4
866915.5
867060.6
867061.7
867351.4
867376.5
867495.6
867496.7
867550.6
867551.7
867562.6
867563.7
867680.6
867681.7
868593.6
868594.7
868794.6
868795.7
869079.6
869080.7
869091.6
869092.7
869308.6
869309.7
869493.4
869575.5
869626.4
869679.5
869748.4
869846.5
870083.6
870084.7
870369.6
870370.7
870562.6
870563.7
873733.6
873734.7
873989.6
873990.7
874324.6
874325.7
874619.6
874620.7
875009.6
875010.7
875020.1
875084.6
875085.212
875085.7
875198.2
875198.4
875282.5
875698.3
876092.4
876130.5
876303.6
876304.7
876486.6
876487.7
876781.6
876782.7
876790.6
876791.7
876798.6
876799.7
877047.6
877048.7
877939.6
877940.7
878065.6
878066.7
878344.6
878345.7
878898.4
878928.5
879073.6
879074.7
879141.6
879142.7
879301.1
879561.6
879562.212
879562.7
879690.2
879690.4
879740.5
880190.3
880341.4
880381.5
880511.6
880512.7
880605.6
880606.7
880783.6
880784.7
880908.6
880909.7
880923.1
881321.6
881322.212
881322.7
881480.6
881481.7
881642.2
881642.4
881714.5
882142.3
882193.4
882369.5
882783.6
882784.7
882909.6
882910.7
883330.6
883331.7
883544.6
883545.7
883993.4
884017.5
884249.6
884250.7
884733.6
884734.7
884905.6
884906.7
885158.6
885159.7
885327.6
885328.7
885623.6
885624.7
885787.6
885788.7
885961.4
886010.5
886186.6
886187.7
886284.6
886285.7
886292.6
886293.7
886491.6
886492.7
886817.6
886818.7
887048.6
887049.7
887228.6
887229.7
887512.4
887538.5
887658.6
887659.7
887741.6
887742.7
887941.6
887942.7
888046.6
888047.7
888296.4
888351.5
888357.4
888410.1
888630.5
888655.4
888694.5
889057.6
889058.212
889058.7
889195.2
889195.4
889268.5
889695.3
889812.4
889848.5
889927.1
890472.6
890473.212
890473.7
890626.6
890627.7
890761.2
890761.4
890831.5
891237.4
891261.3
891358.5
891618.6
891619.7
891852.6
891853.7
893929.6
893930.7
893957.1
894082.4
894110.5
894880.6
894881.212
894881.7
895079.2
895079.4
895152.5
895579.3
895862.4
895918.5
897956.4
898025.5
898317.6
898318.7
898615.4
898661.5
898811.6
898812.7
898852.6
898853.7
898956.6
898957.7
899333.6
899334.7
900318.1
902421.6
902422.212
902422.7
902474.6
902475.7
902679.2
902679.4
902807.5
903179.3
903356.4
903357.5
903359.4
903509.5
903790.6
903791.7
903799.6
903800.7
903970.6
903971.7
904322.6
904323.7
904583.6
904584.7
904795.6
904796.7
905155.6
905156.7
905492.6
905493.7
905988.6
905989.7
906295.6
906296.7
906440.6
906441.7
906587.4
906625.5
906729.6
906730.7
907277.6
907278.7
907286.6
907287.7
907311.6
907312.7
907734.6
907735.7
908366.6
908367.7
909351.6
909352.7
909969.6
909970.7
911753.4
911802.1
911810.5
913435.6
913436.212
913436.7
913837.2
913837.4
913893.5
914337.3
914357.4
914559.5
915049.6
915050.7
915309.6
915310.7
915474.4
915801.5
915976.6
915977.7
916208.6
916209.7
916521.6
916522.7
916664.6
916665.7
917098.6
917099.7
917228.4
917424.5
917789.6
917790.7
917919.6
917920.7
920100.4
920276.5
920540.6
920541.7
920785.6
920786.7
921083.6
921084.7
921773.6
921774.7
921873.6
921874.7
922053.4
922179.5
922449.6
922450.7
922617.6
922618.7
922804.6
922805.7
923340.6
923341.7
923372.6
923373.7
925189.4
925329.5
925355.4
925381.5
925536.6
925537.7
925593.6
925594.7
925883.6
925884.7
926031.6
926032.7
926754.6
926755.7
927019.4
927102.5
927215.6
927216.7
927423.6
927424.7
927722.6
927723.7
927933.6
927934.7
928241.4
928296.5
928418.6
928419.7
928522.6
928523.7
928614.6
928615.7
928840.6
928841.7
929199.1
929200.6
929201.212
929201.7
929373.2
929373.4
929452.5
929873.3
929943.4
930013.5
930213.6
930214.7
930388.6
930389.7
930857.4
930969.5
931169.6
931170.7
931280.6
931281.7
931418.6
931419.7
931568.6
931569.7
931602.6
931603.7
931611.6
931612.7
931619.6
931620.7
931816.1
935033.6
935034.212
935034.7
935164.2
935164.4
935256.5
935664.3
935683.4
935871.5
936315.6
936316.7
936459.6
936460.7
936962.1
937357.6
937358.212
937358.7
937468.2
937468.4
937516.5
937968.3
938048.4
938126.5
940372.6
940373.7
940532.6
940533.7
940839.6
940840.7
941165.6
941166.7
941337.6
941338.7
941571.1
941610.6
941611.212
941611.7
941713.2
941713.4
941791.5
942213.3
942433.4
942547.5
942780.6
942781.7
942819.6
942820.7
943112.6
943113.7
943252.6
943253.7
943324.6
943325.7
943424.6
943425.7
943480.6
943481.7
943488.6
943489.7
943500.6
943501.7
943677.6
943678.7
943983.6
943984.7
944192.6
944193.7
944407.4
944623.5
944636.4
944796.5
945129.6
945130.7
945265.6
945266.7
945441.6
945442.7
945991.6
945992.7
946229.6
946230.7
946317.6
946318.7
946571.6
946572.7
947170.6
947171.7
947369.4
947404.5
947510.6
947511.7
947601.6
947602.7
947804.6
947805.7
947950.4
947970.5
948066.6
948067.7
948242.6
948243.7
948512.6
948513.7
948909.6
948910.7
949299.6
949300.7
949390.6
949391.7
949672.6
949673.7
949713.6
949714.7
949928.6
949929.7
950082.4
950135.5
950234.6
950235.7
950379.6
950380.7
950468.6
950469.7
950572.6
950573.7
950746.6
950747.7
950836.1
950966.4
950976.5
951056.6
951057.212
951057.7
951291.2
951291.4
951405.5
951791.3
951938.4
952116.5
952117.4
952264.5
952459.6
952460.7
952677.6
952678.7
954082.6
954083.7
954666.6
954667.7
954883.6
954884.7
955152.4
955185.5
955288.6
955289.7
955569.6
955570.7
956147.6
956148.7
956472.6
956473.7
956733.6
956734.7
956930.6
956931.7
957049.6
957050.7
957336.6
957337.7
958773.4
958816.5
959927.6
959928.7
960152.6
960153.7
960674.6
960675.7
960949.6
960950.7
965588.4
965667.5
965674.4
965729.5
966190.6
966191.7
966490.6
966491.7
966653.1
967399.6
967400.212
967400.7
967520.6
967521.7
967657.2
967657.4
967776.5
968157.3
968255.4
968386.5
968389.1
968584.6
968585.212
968585.7
968666.6
968667.7
968809.2
968809.4
968867.5
969309.3
969372.4
969472.5
970042.1
970059.6
970060.212
970060.7
970136.2
970136.4
970251.5
970636.3
970922.4
971098.5
971152.4
971386.5
971693.6
971694.7
972343.6
972344.7
973332.1
974506.6
974507.212
974507.7
974577.6
974578.7
974667.2
974667.4
974668.5
974669.4
974763.5
975167.3
975553.4
975787.5
975979.6
975980.7
976037.6
976038.7
976213.6
976214.7
976350.6
976351.7
976791.6
976792.7
976868.6
976869.7
977067.6
977068.7
977110.1
977346.6
977347.212
977347.7
977366.6
977367.7
977498.2
977498.4
977537.5
977985.4
977998.3
978256.5
978279.4
978280.5
978281.4
978345.5
978492.6
978493.7
978620.6
978621.7
978680.6
978681.7
980873.6
980874.7
981049.6
981050.7
981251.4
981253.5
981332.6
981333.7
981531.6
981532.7
981864.6
981865.7
982560.6
982561.7
982571.6
982572.7
982599.6
982600.7
982737.1
982795.6
982796.212
982796.7
982992.2
982992.4
983063.5
983492.3
983696.4
984202.5
984207.4
984308.5
984529.6
984530.7
984595.6
984596.7
984716.6
984717.7
984913.6
984914.7
985296.6
985297.7
985593.6
985594.7
986173.6
986174.7
986328.4
986429.5
986564.6
986565.7
986671.6
986672.7
986782.6
986783.7
987087.6
987088.7
987275.6
987276.7
987647.6
987648.7
988051.6
988052.7
988622.6
988623.7
988844.6
988845.7
989087.6
989088.7
989149.6
989150.7
989760.1
990599.6
990600.212
990600.7
990785.2
990785.4
990927.5
991285.3
991368.4
991431.5
991741.6
991742.7
991853.6
991854.7
992326.6
992327.7
992574.6
992575.7
992583.1
992825.6
992826.212
992826.7
992994.2
992994.4
993084.5
993494.3
993705.4
993840.5
993996.6
993997.7
994108.6
994109.7
994792.1
995796.6
995797.212
995797.7
995984.2
995984.4
996066.5
996484.3
996730.4
996796.5
996921.6
996922.7
997069.6
997070.7
997224.6
997225.7
998238.6
998239.7
998427.1
998812.6
998813.212
998813.7
998917.6
998918.7
999041.2
999041.4
999089.5
999541.3
999671.4
999797.5
1000043.6
1000044.7
1000350.6
1000351.7
1001092.4
1001128.5
1001693.4
1001745.5
1001853.6
1001854.7
1001925.6
1001926.7
1002149.6
1002150.7
1002426.6
1002427.7
1002524.6
1002525.7
1002768.6
1002769.7
1003144.1
1003707.6
1003708.212
1003708.7
1003855.2
1003855.4
1004001.5
1004355.3
1004539.4
1004944.5
1005160.6
1005161.7
1005381.6
1005382.7
1005482.6
1005483.7
1005974.6
1005975.7
1006263.6
1006264.7
1006950.6
1006951.7
1007663.6
1007664.7
1007990.6
1007991.7
1008388.6
1008389.7
1010005.6
1010006.7
1010151.6
1010152.7
1010489.4
1010558.5
1010563.4
1010566.5
1011734.6
1011735.7
1011755.6
1011756.7
1012058.4
1012161.5
1012526.6
1012527.7
1012653.6
1012654.7
1012794.6
1012795.7
1013939.4
1013984.5
1014357.6
1014358.7
1014585.6
1014586.7
1014861.6
1014862.7
1015065.6
1015066.7
1015264.4
1015273.5
1015367.6
1015368.7
1015620.6
1015621.7
1015864.6
1015865.7
1015907.6
1015908.7
1016485.6
1016486.7
1016697.6
1016698.7
1016942.6
1016943.7
1017366.6
1017367.7
1017558.6
1017559.7
1017565.6
1017566.7
1017927.6
1017928.7
1018280.4
1018358.5
1018386.4
1018423.5
1018438.4
1018458.5
1018535.4
1018589.5
1019217.1
1019755.6
1019756.212
1019756.7
1019872.2
1019872.4
1020252.5
1020290.4
1020372.3
1020383.5
1020407.4
1020449.5
1020604.1
1020694.6
1020695.212
1020695.7
1020776.6
1020777.7
1020783.6
1020784.7
1020898.2
1020898.4
1020957.5
1021398.3
1021481.4
1021683.5
1021963.6
1021964.7
1022096.6
1022097.7
1022301.6
1022302.7
1022310.6
1022311.7
1024369.6
1024370.7
1024399.6
1024400.7
1024521.6
1024522.7
1024800.6
1024801.7
1024846.6
1024847.7
1024947.6
1024948.7
1024975.6
1024976.7
1025033.6
1025034.7
1025268.6
1025269.7
1025747.6
1025748.7
1026137.1
1026564.4
1026648.5
1026912.6
1026913.212
1026913.7
1027070.2
1027070.4
1027146.5
1027570.3
1027869.4
1027920.5
1028061.6
1028062.7
1028241.6
1028242.7
1030266.1
1031305.6
1031306.212
1031306.7
1031457.2
1031457.4
1031499.5
1031957.3
1032327.4
1032373.5
1032525.6
1032526.7
1032690.1
1032696.6
1032697.212
1032697.7
1032879.6
1032880.7
1033015.2
1033015.4
1033095.5
1033515.3
1033984.4
1034129.5
1039783.1
1041236.6
1041237.212
1041237.7
1041387.2
1041387.4
1041449.5
1041887.3
1042159.4
1042312.5
1046389.4
1046579.5
1050444.6
1050445.7
1050510.1
1050510.6
1050511.7
1050716.4
1050802.5
1051017.6
1051018.212
1051018.7
1051126.6
1051127.7
1051264.2
1051264.4
1051348.5
1051764.3
1051929.4
1052185.5
1052357.6
1052358.7
1055367.1
1057409.6
1057410.212
1057410.7
1057501.6
1057502.7
1057613.2
1057613.4
1057687.5
1058113.3
1058438.4
1058443.5
1058455.4
1058456.5
1058464.4
1058623.5
1058770.6
1058771.7
1058803.6
1058804.7
1058925.6
1058926.7
1058947.6
1058948.7
1059182.6
1059183.7
1059382.6
1059383.7
1061248.6
1061249.7
1061358.6
1061359.7
1061543.6
1061544.7
1061836.6
1061837.7
1062115.4
1062213.5
1062509.6
1062510.7
1062721.6
1062722.7
1062818.6
1062819.7
1062868.6
1062869.7
1063841.6
1063842.7
1063928.6
1063929.7
1064281.6
1064282.7
1064286.6
1064287.7
1065397.4
1065434.5
1066736.1
1067265.6
1067266.212
1067266.7
1067418.2
1067418.4
1067421.5
1067425.4
1067474.5
1067918.3
1067992.4
1068068.5
1070614.1
1071795.6
1071796.212
1071796.7
1071913.2
1071913.4
1071973.5
1072413.3
1072465.4
1073135.5
1073500.6
1073501.7
1076316.4
1076487.5
1076710.6
1076711.7
1076797.6
1076798.7
1078018.6
1078019.7
1078681.1
1080531.6
1080532.212
1080532.7
1080686.2
1080686.4
1080748.5
1081014.4
1081120.5
1081186.3
1081908.4
1082159.5
1083605.6
1083606.7
1083627.6
1083628.7
1083763.6
1083764.7
1083989.6
1083990.7
1084267.6
1084268.7
1088518.4
1088533.5
1088538.4
1088541.5
1088550.4
1088551.5
1088553.4
1088662.5
1095421.6
1095422.7
1095626.6
1095627.7
1096009.4
1096048.1
1096397.5
1097892.4
1097934.5
1098155.6
1098156.212
1098156.7
1098304.2
1098304.4
1098346.5
1098804.3
1099230.4
1099306.5
1099974.6
1099975.7
1101810.4
1101933.5
1103543.1
1104021.6
1104022.212
1104022.7
1104152.2
1104152.4
1104220.5
1104652.3
1105016.4
1105082.5
1106595.1
1107368.6
1107369.212
1107369.7
1107479.2
1107479.4
1107552.5
1107896.4
1107979.3
1108060.5
1108211.1
1109296.4
1109481.5
1109667.6
1109668.212
1109668.7
1109802.2
1109802.4
1110159.5
1110188.4
1110302.3
1110369.5
1110544.6
1110545.7
1110601.6
1110602.7
1111035.1
1111312.6
1111313.212
1111313.7
1111534.2
1111534.4
1111646.5
1112034.3
1112508.4
1112696.5
1112700.4
1112739.5
1113332.1
1113628.6
1113629.212
1113629.7
1113648.6
1113649.7
1113860.2
1113860.4
1113923.5
1114360.3
1115032.4
1115070.5
1115215.6
1115216.7
1115325.6
1115326.7
1115514.6
1115515.7
1115617.6
1115618.7
1115794.6
1115795.7
1115863.6
1115864.7
1117817.6
1117818.7
1122983.1
1124225.6
1124226.212
1124226.7
1124333.2
1124333.4
1124393.5
1124833.3
1125847.4
1126114.5
1137622.4
1137726.5
1139695.1
1141292.6
1141293.212
1141293.7
1141405.2
1141405.4
1141543.5
1141905.3
1142638.1
1142952.6
1142953.212
1142953.7
1143057.2
1143057.4
1143125.5
1143557.3
1144463.4
1144546.5
1146253.1
1146630.6
1146631.212
1146631.7
1146740.2
1146740.4
1146805.5
1147240.3
1147834.4
1148199.5
1149183.1
1152007.6
1152008.212
1152008.7
1152122.2
1152122.4
1152181.5
1152622.3
1152854.1
1153113.4
1153290.5
1155552.6
1155553.212
1155553.7
1155680.2
1155680.4
1155743.5
1156180.3
1157023.4
1157310.5
1157478.1
1186615.6
1186616.212
1186616.7
1186728.2
1186728.4
1186781.5
1187228.3
1187941.4
1188052.5
1188374.4
1188471.5
1191967.1
1192797.6
1192798.212
1192798.7
1192930.2
1192930.4
1192988.5
1193430.3
1193858.4
1193943.5
1197588.4
1197595.5
1199698.1
1200032.6
1200033.212
1200033.7
1200188.2
1200188.4
1200255.5
1200688.3
1201070.4
1201160.5
1202258.6
1202259.7
1204291.1
1210060.4
1210103.5
1210222.6
1210223.212
1210223.7
1210372.2
1210372.4
1210434.5
1210872.3
1211441.4
1211513.5
1219495.1
1226459.6
1226460.212
1226460.7
1226569.2
1226569.4
1226620.5
1227069.3
1227618.4
1227833.5
1241931.1
1245235.6
1245236.212
1245236.7
1245367.2
1245367.4
1245464.5
1245867.3
1246099.1
1246521.4
1246565.5
1260771.4
1260772.5
1260774.4
1260822.5
1274940.4
1275074.5
1300648.4
1300725.5
1315447.6
1315448.212
1315448.7
1315568.2
1315568.4
1315616.5
1316068.3
1316484.4
1316599.5
1318011.1
1319823.6
1319824.212
1319824.7
1319918.2
1319918.4
1320032.5
1320064.4
1320130.5
1320418.3
1324021.1
1327925.6
1327926.212
1327926.7
1328069.2
1328069.4
1328121.5
1328569.3
1328876.4
1328963.5
1329867.1
1330493.6
1330494.212
1330494.7
1330610.2
1330610.4
1330684.5
1331110.3
1331834.4
1331937.5
1332361.4
1332925.5
1333806.1
1335854.6
1335855.212
1335855.7
1335953.2
1335953.4
1336004.5
1336453.3
1336531.4
1336581.5
1337009.4
1337122.5
1337186.1
1337571.4
1337687.5
1341661.4
1341747.5
1342298.4
1342379.5
1342527.6
1342528.212
1342528.7
1342677.2
1342677.4
1342749.5
1343177.3
1343396.4
1343616.5
1344033.6
1344034.7
1344098.6
1344099.7
1349445.1
1352039.4
1352075.5
1352099.4
1352142.5
1352607.4
1352774.5
1353185.4
1353233.5
1353465.6
1353466.212
1353466.7
1353636.2
1353636.4
1353741.5
1354136.3
1354822.4
1354911.5
1358875.1
1377730.6
1377731.212
1377731.7
1377870.2
1377870.4
1377959.5
1378370.3
1379514.4
1379519.5
1379520.4
1379575.5
1384638.1
1402215.4
1402223.5
1402224.4
1402246.5
1404469.6
1404470.212
1404470.7
1404582.2
1404582.4
1404589.5
1404604.4
1404681.5
1405082.3
1405694.4
1405751.5
1413705.1
1437739.4
1437819.5
1440143.6
1440144.212
1440144.7
1440289.2
1440289.4
1440341.5
1440789.3
1440964.4
1441056.5
1455651.1
1484199.6
1484200.212
1484200.7
1484323.2
1484323.4
1484398.5
1484823.3
1485556.1
1494056.4
1494141.5
1494897.4
1495015.5
1502365.6
1502366.212
1502366.7
1502513.2
1502513.4
1502587.5
1503013.3
1503226.4
1503288.5
1504273.4
1504308.5
1504956.1
1698358.4
1698948.5
1699191.4
1699298.5
1708278.4
1800000.9
123456789
7
18
15
7
18
15
1
FI
1
1
9
50
50
10
23
50
6
2
365
0
0
0
314159265
29
0
80
180000
314159265
0.1
2639.6
2640.212
2640.7
2771.2
2771.4
2856.5
3271.3
3498.4
3592.5
3721.6
3722.7
3771.1
3899.4
3957.5
4086.6
4087.212
4087.7
4238.2
4238.4
4353.5
4738.3
5021.6
5022.7
5076.6
5077.7
5238.1
5885.6
5886.212
5886.7
5985.2
5985.4
6031.5
6485.3
6502.4
6670.5
6864.4
6885.5
6977.6
6978.7
6985.1
7251.4
7328.5
7466.6
7467.212
7467.7
7578.2
7578.4
7662.5
8078.3
8264.4
8510.5
8578.1
8743.6
8744.212
8744.7
8870.2
8870.4
9013.5
9370.3
9692.4
9837.5
9870.1
9965.6
9966.212
9966.7
10051.6
10052.7
10088.6
10089.7
10151.2
10151.4
10243.5
10651.3
11004.4
11053.5
11151.1
11201.6
11202.212
11202.7
11387.2
11387.4
11466.5
11887.3
12110.4
12194.5
12387.1
12694.4
12833.5
13345.6
13346.212
13346.7
13464.2
13464.4
13511.5
13964.3
14120.4
14464.1
14609.5
15733.4
15925.5
16046.4
16255.5
16366.6
16367.212
16367.7
16379.6
16380.7
16491.2
16491.4
16546.5
16991.3
17408.4
17418.5
17420.4
17423.5
17425.4
17491.1
17817.5
18171.6
18172.212
18172.7
18312.2
18312.4
18396.5
18812.3
19312.1
32492.6
32493.212
32493.7
32619.2
32619.4
32699.5
33119.3
33390.4
33455.5
33563.6
33564.7
33619.1
37493.6
37494.212
37494.7
37605.2
37605.4
37678.5
38105.3
38605.1
38856.4
38917.5
39019.6
39020.212
39020.7
39149.2
39149.4
39211.5
39442.4
39519.5
39649.3
39675.4
39908.5
40149.1
40334.4
40417.5
40527.6
40528.212
40528.7
40641.2
40641.4
40714.5
41141.3
41641.1
41818.4
42015.5
44943.4
45003.5
45105.6
45106.212
45106.7
45183.2
45183.4
45238.5
45599.4
45683.3
45829.5
45853.4
46019.5
46020.4
46034.5
46040.4
46043.5
46183.1
49283.4
49336.5
53823.4
53825.5
53826.4
53869.5
55222.6
55223.212
55223.7
55309.2
55309.4
55394.5
55809.3
56309.1
68322.4
68467.5
68622.6
68623.212
68623.7
68793.2
68793.4
68864.5
69293.3
69793.1
70145.6
70146.212
70146.7
70237.2
70237.4
70301.5
70737.3
71237.1
78660.4
78665.5
78666.4
78924.5
104081.4
104129.5
104272.6
104273.212
104273.7
104383.2
104383.4
104446.5
104883.3
105350.4
105383.1
105421.5
105773.4
105910.5
108208.4
108267.5
108564.6
108565.212
108565.7
108670.2
108670.4
108753.5
109170.3
109670.1
110188.4
110280.5
111446.6
111447.212
111447.7
111530.2
111530.4
111668.5
112030.3
112530.1
114916.4
115041.5
115189.6
115190.212
115190.7
115251.6
115252.7
115263.6
115264.7
115359.2
115359.4
115406.5
115859.3
116359.1
116997.4
117036.5
117278.6
117279.212
117279.7
117380.2
117380.4
117497.5
117880.3
118380.1
119375.4
119718.5
119725.4
119726.5
120105.6
120106.212
120106.7
120264.2
120264.4
120268.5
120273.4
120387.5
120764.3
121111.4
121201.5
121264.1
121489.4
121490.5
121491.4
121722.5
122014.4
122525.5
122529.4
122619.5
129219.6
129220.212
129220.7
129270.6
129271.7
129366.2
129366.4
129436.5
129866.3
130366.1
136423.6
136424.212
136424.7
136564.2
136564.4
136595.5
137064.3
137564.1
140051.6
140052.212
140052.7
140067.6
140068.7
140138.2
140138.4
140199.5
140638.3
141138.1
148985.6
148986.212
148986.7
149979.2
149979.4
150083.5
150479.3
150979.1
151287.4
151388.5
156044.6
156045.212
156045.7
156159.2
156159.4
156231.5
156659.3
157159.1
179002.4
179039.5
179747.6
179748.212
179748.7
179853.2
179853.4
180000.9
123456789
7
19
15
7
19
15
1
FI
1
1
9
51
14
10
24
14
6
2
419
0
0
0
314159265
35
0
93
180000
314159265
0.1
1.4
102.5
119.4
173.5
195.4
219.5
222.4
279.5
401.4
445.5
694.4
814.5
837.4
935.5
956.4
1011.5
1033.4
1083.5
1245.4
1323.5
1511.6
1512.212
1512.7
1607.2
1607.4
2107.3
2607.1
2737.5
3112.6
3113.212
3113.7
3193.2
3193.4
3265.5
3693.3
3709.4
3927.5
4067.6
4068.7
4138.6
4139.7
4193.1
4274.4
4369.5
4382.4
4439.5
4609.6
4610.212
4610.7
4701.2
4701.4
4772.5
5201.3
5261.4
5351.5
5525.6
5526.7
5628.6
5629.7
5701.1
5774.4
5844.5
5959.4
6037.5
6133.6
6134.212
6134.7
6201.2
6201.4
6276.5
6636.4
6701.3
6768.5
7025.6
7026.7
7122.6
7123.7
7201.1
7283.4
7386.5
7393.4
7457.5
7712.4
7839.5
7960.6
7961.212
7961.7
8097.2
8097.4
8189.5
8205.4
8279.5
8302.4
8324.5
8530.6
8531.7
8597.3
8702.4
8763.5
8845.6
8846.7
8942.6
8943.7
9097.1
9262.6
9263.212
9263.7
9353.2
9353.4
9414.5
9853.3
9954.4
10077.5
10353.1
10441.6
10442.212
10442.7
10531.2
10531.4
10629.5
11031.3
11272.4
11326.5
11448.6
11449.7
11531.1
11717.4
11763.5
11850.6
11851.212
11851.7
11958.2
11958.4
12029.5
12458.3
12730.4
12847.5
12958.1
13000.6
13001.212
13001.7
13160.2
13160.4
13229.5
13660.3
14040.4
14157.5
14160.1
14284.6
14285.212
14285.7
14405.2
14405.4
14457.5
14905.3
15165.4
15347.5
15405.1
15624.6
15625.212
15625.7
15718.2
15718.4
15808.5
16218.3
16718.1
16843.6
16844.212
16844.7
16932.2
16932.4
17009.5
17432.3
17892.4
17932.1
17939.5
18077.6
18078.212
18078.7
18259.2
18259.4
18334.5
18759.3
18989.4
19149.5
19259.1
19452.6
19453.212
19453.7
19573.2
19573.4
19635.5
20073.3
20573.1
20911.6
20912.212
20912.7
21036.2
21036.4
21138.5
21536.3
21942.4
22036.1
22036.5
23032.4
23087.5
23180.6
23181.212
23181.7
23281.2
23281.4
23345.5
23781.3
24274.4
24281.1
24474.5
24475.4
24477.5
24835.6
24836.212
24836.7
24935.2
24935.4
25007.5
25236.4
25312.5
25435.3
25935.1
25951.4
26158.5
26552.6
26553.212
26553.7
26660.2
26660.4
26723.5
27160.3
27529.4
27660.1
27694.5
31450.6
31451.212
31451.7
31539.2
31539.4
31610.5
32039.3
32539.1
32803.4
32975.5
40883.6
40884.212
40884.7
40966.2
40966.4
41022.5
41466.3
41937.4
41966.1
42123.5
51145.4
51286.5
51454.6
51455.212
51455.7
51546.2
51546.4
51625.5
52046.3
52544.4
52546.1
52646.5
52836.4
53004.5
53155.6
53156.212
53156.7
53250.2
53250.4
53320.5
53750.3
54250.1
54427.4
54559.5
54653.6
54654.212
54654.7
54764.2
54764.4
54863.5
55264.3
55711.4
55764.1
55873.5
56038.6
56039.212
56039.7
56138.2
56138.4
56226.5
56638.3
57138.1
66845.6
66846.212
66846.7
66925.2
66925.4
67026.5
67425.3
67925.1
68257.4
68365.5
68616.4
68657.5
68769.6
68770.212
68770.7
68873.2
68873.4
68931.5
69373.3
69873.1
70044.4
70111.5
70308.6
70309.212
70309.7
70397.2
70397.4
70473.5
70897.3
70937.4
71330.5
71397.1
71638.6
71639.212
71639.7
71736.2
71736.4
71786.5
72236.3
72736.1
72751.4
72960.5
73016.4
73071.5
73222.6
73223.212
73223.7
73521.2
73521.4
73600.5
74021.3
74521.1
74764.4
74909.5
91938.6
91939.212
91939.7
92046.2
92046.4
92122.5
92546.3
93046.1
93438.4
93459.5
104682.6
104683.212
104683.7
104760.2
104760.4
104865.5
105260.3
105760.1
106296.4
106538.5
106683.6
106684.212
106684.7
106795.2
106795.4
106891.5
107094.4
107180.5
107295.3
107795.1
117380.4
117607.5
122856.4
122952.5
123216.6
123217.212
123217.7
123303.2
123303.4
123376.5
123803.3
124035.4
124303.1
124394.5
138466.6
138467.212
138467.7
138575.2
138575.4
138660.5
139075.3
139575.1
140122.6
140123.212
140123.7
141783.2
141783.4
141864.5
142283.3
180000.9
123456789
7
20
15
7
20
15
1
FI
1
1
9
52
12
10
25
12
6
2
777
0
0
0
314159265
67
0
165
180000
314159265
0.1
30.6
31.212
31.7
191.2
191.4
202.5
203.4
289.5
293.4
297.5
616.4
691.3
708.5
869.6
870.7
1191.1
1288.4
1343.5
1351.4
1382.5
1394.4
1410.5
1510.6
1511.212
1511.7
1589.2
1589.4
1633.5
2089.3
2201.4
2264.5
2380.6
2381.7
2471.6
2472.7
2589.1
2731.4
2771.5
2842.6
2843.212
2843.7
2928.2
2928.4
3010.5
3428.3
3585.4
3676.5
3780.6
3781.7
3928.1
3978.4
4063.5
4075.4
4079.5
4170.6
4171.212
4171.7
4287.2
4287.4
4570.5
4787.3
5010.6
5011.7
5287.1
5400.6
5401.212
5401.7
5481.2
5481.4
5582.5
5981.3
5989.4
6132.5
6305.4
6366.5
6481.1
6595.6
6596.212
6596.7
6683.2
6683.4
6730.5
7183.3
7203.4
7332.5
7615.6
7616.7
7683.1
7821.4
7871.5
7973.6
7974.212
7974.7
8078.2
8078.4
8191.5
8452.4
8578.3
8622.5
8752.6
8753.7
8771.6
8772.7
8970.6
8971.7
9078.1
9196.4
9205.5
9413.4
10305.5
10500.6
10501.212
10501.7
10602.2
10602.4
10669.5
10839.4
11102.3
11220.5
11503.6
11504.7
11602.1
11771.6
11772.212
11772.7
11848.2
11848.4
11903.5
12348.3
12434.4
12507.5
12848.1
13024.6
13025.212
13025.7
13140.6
13141.7
13234.2
13234.4
13286.5
13734.3
13807.4
14038.5
14234.1
14248.6
14249.212
14249.7
14409.2
14409.4
14457.5
14909.3
14910.4
14974.5
15260.6
15261.7
15324.6
15325.7
15409.1
15450.6
15451.212
15451.7
15545.2
15545.4
15610.5
16045.3
16201.4
16400.5
16545.1
16572.6
16573.212
16573.7
16728.2
16728.4
16853.5
17093.4
17228.3
17648.5
17728.1
17954.6
17955.212
17955.7
18039.2
18039.4
18082.5
18539.3
18692.4
18803.5
18954.6
18955.7
18990.6
18991.7
19039.1
19117.6
19118.212
19118.7
19209.2
19209.4
19247.5
19616.4
19709.3
19713.5
19715.4
19717.5
19737.4
19858.5
20106.6
20107.7
20209.1
20503.6
20504.212
20504.7
20600.2
20600.4
20674.5
21100.3
21600.1
21894.4
21932.5
22023.6
22024.212
22024.7
22105.2
22105.4
22165.5
22605.3
22818.4
22958.5
23105.1
23228.6
23229.212
23229.7
23330.2
23330.4
23823.5
23830.3
24330.1
24774.6
24775.212
24775.7
24889.2
24889.4
24977.5
25389.3
25636.4
25838.5
25889.1
26072.6
26073.212
26073.7
26176.2
26176.4
26280.5
26676.3
27176.1
27290.6
27291.212
27291.7
27447.2
27447.4
27529.5
27947.3
28065.4
28421.5
28447.1
32307.4
32351.5
32498.6
32499.212
32499.7
32591.2
32591.4
32765.5
33091.3
33191.4
33193.5
33195.4
33273.5
33591.1
35988.4
36345.5
36550.4
36613.5
36769.6
36770.212
36770.7
36869.2
36869.4
36926.5
37369.3
37634.4
37818.5
37869.1
38156.6
38157.212
38157.7
38247.2
38247.4
38306.5
38747.3
39103.4
39242.5
39247.1
39369.6
39370.212
39370.7
39521.2
39521.4
39591.5
40021.3
40521.1
40569.4
40636.5
41406.6
41407.212
41407.7
41502.2
41502.4
41546.5
42002.3
42328.4
42502.1
42528.5
42804.6
42805.212
42805.7
42905.2
42905.4
42977.5
43405.3
43905.1
43925.4
43981.5
44431.4
44540.5
50055.6
50056.212
50056.7
50138.2
50138.4
50213.5
50638.3
51049.4
51138.1
51211.5
51349.6
51350.212
51350.7
51447.6
51448.7
51537.2
51537.4
51602.5
52037.3
52341.4
52443.5
52537.1
52624.6
52625.212
52625.7
52733.2
52733.4
52812.5
52960.4
53034.5
53233.3
53733.1
54091.4
54153.5
54484.6
54485.212
54485.7
54604.2
54604.4
54664.5
55104.3
55376.4
55604.1
55648.5
56087.4
56188.5
64383.6
64384.212
64384.7
64484.2
64484.4
64554.5
64984.3
65484.1
65664.4
65706.5
65823.6
65824.212
65824.7
65953.2
65953.4
66018.5
66453.3
66800.4
66874.5
66921.4
66953.1
66970.5
67103.6
67104.212
67104.7
67192.2
67192.4
67246.5
67692.3
67978.4
68133.5
68192.1
68411.6
68412.212
68412.7
68501.2
68501.4
68544.5
69001.3
69220.4
69380.5
69501.1
69977.4
70019.5
70194.6
70195.212
70195.7
70327.2
70327.4
70363.5
70827.3
71327.1
71802.6
71803.212
71803.7
71904.2
71904.4
72067.5
72404.3
72904.1
79030.4
79075.5
79359.4
79419.5
86366.6
86367.212
86367.7
86482.2
86482.4
86549.5
86787.4
86911.5
86982.3
87482.1
87634.4
87792.5
88034.6
88035.212
88035.7
88124.2
88124.4
88167.5
88624.3
89068.4
89124.1
89515.5
89750.6
89751.212
89751.7
89862.2
89862.4
89901.5
90362.3
90807.4
90862.1
90868.5
90875.4
90889.5
91012.6
91013.212
91013.7
91130.2
91130.4
91182.5
91630.3
92001.4
92130.1
92295.5
92687.6
92688.212
92688.7
92794.2
92794.4
92838.5
93294.3
93794.1
93826.4
93882.5
94042.6
94043.212
94043.7
94139.2
94139.4
94216.5
94639.3
95139.1
95281.4
95392.5
95560.6
95561.212
95561.7
95672.2
95672.4
95706.5
96110.4
96172.3
96194.5
96210.4
96293.5
96672.1
96762.6
96763.212
96763.7
96859.2
96859.4
96912.5
97359.3
97859.1
97994.4
98068.5
98291.6
98292.212
98292.7
98376.2
98376.4
98452.5
98876.3
99376.1
99936.6
99937.212
99937.7
100028.2
100028.4
100108.5
100528.3
101028.1
101076.4
101172.5
101538.4
101645.5
101808.6
101809.212
101809.7
101907.2
101907.4
101986.5
102407.3
102907.1
104983.4
104984.5
104989.4
105190.5
105495.6
105496.212
105496.7
105551.6
105552.7
105688.2
105688.4
105778.5
106188.3
106688.1
107010.4
107066.5
107308.4
107415.5
107685.6
107686.212
107686.7
107797.2
107797.4
107906.5
108291.4
108297.3
108364.5
108797.1
109290.4
109397.5
117161.4
117199.5
117332.6
117333.212
117333.7
117453.2
117453.4
117500.5
117953.3
118453.1
118672.4
118793.5
119058.6
119059.212
119059.7
119163.6
119164.7
119266.2
119266.4
119439.5
119766.3
120266.1
120905.4
120955.5
121059.6
121060.212
121060.7
121148.2
121148.4
121192.5
121648.3
122148.1
122671.6
122672.212
122672.7
122760.2
122760.4
122833.5
123260.3
123760.1
131318.4
131352.5
131474.6
131475.212
131475.7
131561.2
131561.4
131629.5
132061.3
132561.1
132826.4
133323.5
133636.6
133637.212
133637.7
133710.2
133710.4
133756.5
134210.3
134490.4
134590.5
134640.4
134710.1
134753.5
134924.6
134925.212
134925.7
135015.2
135015.4
135071.5
135515.3
136015.1
136188.4
136236.5
136246.4
136324.5
136657.4
136698.5
136802.6
136803.212
136803.7
136877.2
136877.4
136924.5
137377.3
137728.4
137829.5
137877.1
141247.6
141248.212
141248.7
141347.2
141347.4
141432.5
141847.3
142252.4
142290.5
142347.1
156725.4
156779.5
156930.6
156931.212
156931.7
157053.2
157053.4
157110.5
157553.3
158053.1
158302.4
158350.5
158472.6
158473.212
158473.7
158568.2
158568.4
158649.5
159068.3
159526.4
159568.1
159761.5
159956.6
159957.212
159957.7
159974.6
159975.7
160071.2
160071.4
160120.5
160571.3
160999.4
161071.1
161372.5
161696.6
161697.212
161697.7
161819.2
161819.4
161899.5
162052.4
162115.5
162319.3
162819.1
163048.4
163153.5
163319.6
163320.212
163320.7
163327.6
163328.7
163424.2
163424.4
163500.5
163924.3
164094.4
164095.5
164097.4
164189.5
164424.1
164574.4
164713.5
164947.6
164948.212
164948.7
165039.2
165039.4
165113.5
165539.3
166039.1
166247.4
166287.5
166472.6
166473.212
166473.7
166559.2
166559.4
166610.5
167059.3
167559.1
171004.6
171005.212
171005.7
171092.2
171092.4
171155.5
171592.3
180000.9
123456789
7
21
15
7
21
15
1
FI
1
1
9
57
24
10
30
24
6
2
444
0
0
0
314159265
32
0
114
180000
314159265
0.1
53.4
171.5
175.4
204.5
522.4
629.5
636.4
683.5
990.4
1088.5
1094.4
1096.5
1213.6
1214.212
1214.7
1279.2
1279.4
1358.5
1779.3
1850.4
1909.5
2138.6
2139.7
2279.1
2375.6
2376.212
2376.7
2386.6
2387.7
2474.2
2474.4
2541.5
2897.4
2974.3
3085.5
3247.6
3248.7
3345.6
3346.7
3474.1
3526.6
3527.212
3527.7
3597.2
3597.4
3665.5
3966.4
4075.5
4097.3
4597.1
4700.4
4715.5
4903.4
4960.5
5126.6
5127.212
5127.7
5208.2
5208.4
5268.5
5445.4
5539.5
5708.3
6029.4
6119.5
6208.1
6473.6
6474.212
6474.7
6569.2
6569.4
6648.5
7069.3
7094.4
7156.5
7569.1
7650.6
7651.212
7651.7
7741.6
7742.7
7843.2
7843.4
7938.5
8343.3
8476.4
8583.5
8768.6
8769.7
8841.6
8842.7
8843.1
8950.6
8951.212
8951.7
9045.2
9045.4
9128.5
9545.3
10045.1
10582.6
10583.212
10583.7
10644.2
10644.4
10744.5
11144.3
11357.4
11419.5
11644.1
12095.6
12096.212
12096.7
12177.2
12177.4
12250.5
12677.3
12992.4
13079.5
13177.1
13256.4
13563.5
14062.4
14265.5
16694.4
16739.5
16884.6
16885.212
16885.7
16959.2
16959.4
17020.5
17459.3
17769.4
17945.5
17959.1
18073.4
18143.5
18411.4
18518.5
20247.4
20277.5
20449.6
20450.212
20450.7
20553.2
20553.4
20623.5
21053.3
21393.4
21443.5
21553.1
22407.4
22456.5
27662.6
27663.212
27663.7
27742.2
27742.4
27799.5
28242.3
28742.1
29001.4
29047.5
29175.6
29176.212
29176.7
29236.2
29236.4
29285.5
29736.3
29899.4
30093.5
30103.4
30108.5
30236.1
30303.6
30304.212
30304.7
30398.2
30398.4
30439.5
30898.3
31082.4
31180.5
31398.1
31560.4
31641.5
31802.6
31803.212
31803.7
31886.2
31886.4
31953.5
32386.3
32612.4
32886.1
33067.5
34778.6
34779.212
34779.7
34887.2
34887.4
34948.5
35387.3
35634.4
35887.1
36168.5
49740.4
49881.5
50048.4
50194.5
55958.4
55962.5
55970.4
56003.5
56702.4
56711.5
56713.4
56715.5
56717.4
56725.5
56727.4
56730.5
60079.4
60098.5
62127.6
62128.212
62128.7
62205.2
62205.4
62292.5
62555.4
62687.5
62705.3
63205.1
63508.4
63687.5
63697.4
63718.5
63828.6
63829.212
63829.7
63940.2
63940.4
63994.5
64440.3
64664.4
64940.1
65135.5
65416.4
65453.5
68331.4
68332.5
68338.4
68343.5
68396.4
68733.5
73789.6
73790.212
73790.7
73938.2
73938.4
74068.5
74438.3
74938.1
74965.4
75132.5
76631.6
76632.212
76632.7
76704.2
76704.4
76834.5
77204.3
77704.1
77823.4
78021.5
78188.4
78577.5
81343.6
81344.212
81344.7
81438.2
81438.4
81544.5
81938.3
82218.4
82438.1
82986.5
95901.4
96143.5
96237.4
96355.5
104809.6
104810.212
104810.7
104892.2
104892.4
104989.5
105392.3
105892.1
106074.4
106165.5
106636.6
106637.212
106637.7
106711.2
106711.4
106766.5
107211.3
107375.4
107711.1
107745.5
107998.4
108041.5
108042.4
108068.5
108175.6
108176.212
108176.7
108301.2
108301.4
108377.5
108801.3
109294.4
109301.1
109931.5
110084.6
110085.212
110085.7
110170.2
110170.4
110212.5
110670.3
111170.1
111223.4
111264.5
111470.6
111471.212
111471.7
111564.2
111564.4
111631.5
112064.3
112564.1
115211.4
115282.5
115363.4
115364.5
115643.6
115644.212
115644.7
115738.2
115738.4
115806.5
116238.3
116738.1
117026.6
117027.212
117027.7
118704.2
118704.4
118813.5
119204.3
119679.4
119704.1
119926.5
120319.4
120411.5
122404.4
122594.5
122598.4
122646.5
122670.4
122711.5
123123.4
123151.5
123336.6
123337.212
123337.7
123464.2
123464.4
123531.5
123964.3
124464.1
124528.4
124825.5
125117.6
125118.212
125118.7
125185.6
125186.7
125341.2
125341.4
125443.5
125841.3
126341.1
126537.4
126568.5
126607.4
126650.5
128925.4
128929.5
133014.4
133048.5
141198.4
141251.5
153473.6
153474.212
153474.7
153488.6
153489.7
153599.2
153599.4
153682.5
154099.3
154599.1
154805.4
154868.5
155467.6
155468.212
155468.7
155731.2
155731.4
155843.5
156231.3
156642.4
156730.5
156731.1
160335.4
160370.5
160403.4
160452.5
169976.4
170034.5
170054.4
170111.5
179796.6
179797.212
180000.9
123456789
7
22
15
7
22
15
1
FI
1
1
9
55
11
10
28
11
6
2
477
0
0
0
314159265
38
0
112
180000
314159265
0.1
15.6
16.212
16.7
142.6
143.7
210.2
210.4
310.5
652.4
710.3
928.5
1092.6
1093.7
1210.1
1223.4
1372.5
1379.4
1508.5
1537.4
1558.5
1740.4
1906.5
2020.6
2021.212
2021.7
2080.2
2080.4
2190.5
2491.4
2580.3
2622.5
2859.6
2860.7
3033.6
3034.7
3080.1
3154.4
3240.5
3254.4
3291.5
3456.4
3506.5
3586.6
3587.212
3587.7
3660.2
3660.4
3731.5
3986.4
4065.5
4160.3
4660.1
4671.6
4672.212
4672.7
4745.2
4745.4
4825.5
5245.3
5322.4
5414.5
5662.6
5663.7
5745.1
5752.6
5753.212
5753.7
5860.2
5860.4
5968.5
6360.3
6589.4
6756.5
6860.1
6983.4
6993.5
7158.6
7159.212
7159.7
7226.2
7226.4
7279.5
7726.3
7909.4
8154.5
8226.1
8449.4
8485.5
8613.6
8614.212
8614.7
8709.2
8709.4
8763.5
9209.3
9255.4
9531.5
9709.1
9831.6
9832.212
9832.7
9918.2
9918.4
9981.5
10418.3
10649.4
10744.5
10918.1
11092.4
11183.5
11574.6
11575.212
11575.7
11659.2
11659.4
11766.5
12159.3
12659.1
12722.4
12881.5
13008.6
13009.212
13009.7
13104.2
13104.4
13174.5
13604.3
14011.4
14099.5
14104.1
14224.6
14225.212
14225.7
14369.2
14369.4
14438.5
14869.3
15165.4
15253.5
15369.1
15783.4
15826.5
16183.6
16184.212
16184.7
16274.2
16274.4
16327.5
16774.3
17114.4
17274.1
17328.5
17349.4
17370.5
17523.6
17524.212
17524.7
18887.2
18887.4
18967.5
19387.3
19887.1
19925.4
20047.5
20285.4
20501.5
20503.4
20517.5
23735.4
23777.5
25750.4
26089.5
26473.4
26520.5
26607.6
26608.212
26608.7
26704.2
26704.4
26769.5
27204.3
27644.4
27704.1
27824.5
27996.6
27997.212
27997.7
28205.2
28205.4
28252.5
28705.3
29164.4
29205.1
29272.5
29486.6
29487.212
29487.7
29588.2
29588.4
29672.5
29988.4
30088.3
30091.5
30125.4
30130.5
30132.4
30273.5
30588.1
32293.6
32294.212
32294.7
32406.2
32406.4
32474.5
32906.3
33299.4
33406.1
33475.5
34035.6
34036.212
34036.7
34130.2
34130.4
34206.5
34630.3
35130.1
36475.4
37207.5
37894.6
37895.212
37895.7
37982.2
37982.4
38050.5
38482.3
38982.1
39025.4
39399.5
39890.6
39891.212
39891.7
40434.2
40434.4
40509.5
40934.3
41255.4
41413.5
41434.1
41464.4
41531.5
41539.4
41553.5
41556.4
41807.5
42055.6
42056.212
42056.7
42143.2
42143.4
42200.5
42643.3
43143.1
43148.4
43498.5
43822.6
43823.212
43823.7
43830.6
43831.7
43928.2
43928.4
43997.5
44428.3
44928.1
45075.4
45328.5
45373.4
45507.5
53110.4
53303.5
53420.4
53543.5
54218.6
54219.212
54219.7
54303.2
54303.4
54390.5
54803.3
55303.1
55416.4
55588.5
56502.6
56503.212
56503.7
56899.2
56899.4
56970.5
57399.3
57834.4
57899.1
57997.5
60049.4
60188.5
64508.4
64997.5
68752.4
68885.5
69262.6
69263.212
69263.7
69353.2
69353.4
69440.5
69853.3
70291.4
70353.1
70506.5
72535.4
72559.5
72585.4
72616.5
72623.4
72631.5
80618.4
80760.5
81526.6
81527.212
81527.7
81629.2
81629.4
81681.5
82129.3
82514.4
82618.5
82629.1
83340.6
83341.212
83341.7
83428.6
83429.7
83545.6
83546.7
83664.2
83664.4
83727.5
84164.3
84664.1
89328.6
89329.212
89329.7
89432.2
89432.4
89528.5
89932.3
90001.4
90215.5
90432.1
92925.6
92926.212
92926.7
93084.2
93084.4
93152.5
93584.3
94084.1
94624.4
94691.5
109557.4
109690.5
119572.6
119573.212
119573.7
119678.2
119678.4
119763.5
120178.3
120678.1
120892.4
121039.5
122414.4
122461.5
126042.4
126076.5
126292.6
126293.212
126293.7
126420.2
126420.4
126499.5
126920.3
127420.1
127727.4
127800.5
128004.4
128071.5
128997.6
128998.212
128998.7
129102.6
129103.7
129168.6
129169.7
129251.2
129251.4
129322.5
129751.3
130251.1
135367.6
135368.212
135368.7
135585.2
135585.4
135666.5
136085.3
136585.1
136884.4
137140.5
137447.6
137448.212
137448.7
137456.6
137457.7
137529.2
137529.4
137601.5
138029.3
138529.1
139038.6
139039.212
139039.7
139392.2
139392.4
139483.5
139892.3
140392.1
140409.4
140588.5
140756.4
140847.5
141006.4
141192.5
144235.6
144236.212
144236.7
144345.2
144345.4
144392.5
144845.3
144927.4
145274.5
145345.1
146244.6
146245.212
146245.7
146341.2
146341.4
146344.5
146348.4
146387.5
146841.3
147341.1
150031.4
150170.5
164869.6
164870.212
164870.7
165226.2
165226.4
165291.5
165726.3
166226.1
167388.4
180000.9
123456789
7
23
15
7
23
15
1
FI
1
1
9
50
58
10
23
58
6
2
457
0
0
0
314159265
38
0
82
180000
314159265
0.1
126.6
127.212
127.7
179.2
179.4
264.5
679.3
753.4
831.5
1065.6
1066.7
1167.4
1179.1
1267.5
1379.6
1380.212
1380.7
1450.2
1450.4
1503.5
1950.3
2121.4
2166.5
2351.6
2352.7
2450.1
2459.6
2460.212
2460.7
2529.2
2529.4
2584.5
3029.3
3073.4
3126.5
3316.6
3317.7
3390.6
3391.7
3497.4
3529.1
3562.5
3576.4
3623.5
3739.6
3740.212
3740.7
3811.2
3811.4
3856.5
4311.3
4357.4
4403.5
4739.6
4740.7
4780.6
4781.7
4811.1
4941.4
5024.5
5033.4
5057.5
5146.6
5147.212
5147.7
5217.2
5217.4
5272.5
5717.3
6134.6
6135.7
6195.6
6196.7
6217.1
6310.6
6311.212
6311.7
6387.2
6387.4
6499.5
6887.3
7147.4
7272.5
7387.1
7404.6
7405.212
7405.7
7477.6
7478.7
7559.2
7559.4
7621.5
8031.4
8059.3
8331.5
8553.6
8554.7
8559.1
8642.6
8643.212
8643.7
8723.2
8723.4
8816.5
9007.4
9223.3
9345.5
9494.6
9495.7
9583.6
9584.7
9617.6
9618.7
9723.1
9724.6
9725.212
9725.7
9835.2
9835.4
9854.5
9873.4
9970.5
10335.3
10835.1
11139.4
11179.5
11271.6
11272.212
11272.7
11388.2
11388.4
11464.5
11888.3
12258.6
12259.7
12282.6
12283.7
12304.6
12305.7
12388.1
12515.6
12516.212
12516.7
12609.2
12609.4
12687.5
13109.3
13370.4
13430.5
13570.6
13571.7
13609.1
13709.6
13710.212
13710.7
13785.2
13785.4
13830.5
14285.3
14785.1
15225.6
15226.212
15226.7
15293.2
15293.4
15360.5
15793.3
16021.4
16195.5
16293.1
16375.6
16376.212
16376.7
16550.6
16551.7
16633.2
16633.4
16678.5
17133.3
17633.1
18744.4
18860.5
19177.6
19178.212
19178.7
19247.2
19247.4
19302.5
19682.4
19747.3
19812.5
19975.6
19976.7
20026.6
20027.7
20228.6
20229.7
20247.1
20324.4
20367.5
20448.6
20449.212
20449.7
20459.6
20460.7
20552.6
20553.7
20654.2
20654.4
20706.5
21154.3
21654.1
23625.4
23757.5
23842.6
23843.212
23843.7
23874.6
23875.7
23995.2
23995.4
24135.5
24495.3
24898.4
24928.5
24995.1
30330.6
30331.212
30331.7
30430.2
30430.4
30476.5
30930.3
31386.4
31430.1
31544.5
32028.6
32029.212
32029.7
32172.2
32172.4
32226.5
32672.3
33172.1
33577.6
33578.212
33578.7
33995.2
33995.4
34108.5
34495.3
34995.1
41678.4
41759.5
41896.6
41897.212
41897.7
43720.2
43720.4
43848.5
44220.3
44720.1
44804.4
44923.5
53615.4
53894.5
60101.4
60147.5
63124.6
63125.212
63125.7
63226.2
63226.4
63284.5
63726.3
64226.1
65391.6
65392.212
65392.7
65509.2
65509.4
65562.5
66009.3
66509.1
67592.6
67593.212
67593.7
67673.2
67673.4
67735.5
68173.3
68673.1
75194.6
75195.212
75195.7
75297.2
75297.4
75361.5
75797.3
76297.1
76369.4
76569.5
76719.4
76793.5
76998.4
77544.5
77933.4
78032.5
78826.6
78827.212
78827.7
79069.2
79069.4
79151.5
79569.3
80069.1
80253.4
80417.5
82050.4
82093.5
82229.6
82230.212
82230.7
82238.6
82239.7
82496.2
82496.4
82576.5
82996.3
83256.4
83368.5
83496.1
84322.6
84323.212
84323.7
84424.2
84424.4
84503.5
84924.3
85424.1
85447.4
85535.5
96123.4
96434.5
97711.6
97712.212
97712.7
97719.6
97720.7
97821.2
97821.4
98090.5
98321.3
98821.1
141581.4
141664.5
141946.4
142057.5
142767.6
142768.212
142768.7
142877.2
142877.4
142931.5
143377.3
143877.1
148886.6
148887.212
148887.7
148967.2
148967.4
149033.5
149467.3
149967.1
150617.4
151104.5
151411.4
151451.5
152974.6
152975.212
152975.7
153074.2
153074.4
153178.5
153574.3
154074.1
160592.6
160593.212
160593.7
160792.2
160792.4
160864.5
161292.3
161792.1
162468.4
162599.5
163070.4
163400.5
163973.6
163974.212
163974.7
163987.6
163988.7
163990.6
163991.7
164068.2
164068.4
164134.5
164568.3
165068.1
165534.4
165736.5
165911.6
165912.212
165912.7
165993.6
165994.7
166078.2
166078.4
166119.5
166578.3
167078.1
167362.4
167414.5
167738.6
167739.212
167739.7
167897.2
167897.4
167993.5
168397.3
168897.1
171698.6
171699.212
171699.7
172004.2
172004.4
172058.5
172504.3
173004.1
173298.4
173359.5
174465.6
174466.212
174466.7
174479.6
174480.7
174487.6
174488.7
174597.2
174597.4
174657.5
175097.3
180000.9
123456789
7
24
15
7
24
15
1
FI
1
1
9
53
02
10
26
02
6
2
507
0
0
0
314159265
43
0
110
180000
314159265
0.1
175.4
252.5
401.4
456.5
532.6
533.212
533.7
600.2
600.4
1100.3
1320.5
1536.4
1600.1
1703.5
1897.6
1898.212
1898.7
1962.2
1962.4
2009.5
2278.4
2325.5
2462.3
2550.6
2551.7
2584.6
2585.7
2738.6
2739.7
2962.1
3021.4
3053.5
3143.6
3144.212
3144.7
3197.2
3197.4
3241.5
3697.3
3749.4
4060.5
4197.1
4378.6
4379.212
4379.7
4441.2
4441.4
4481.5
4911.4
4941.3
4995.5
5003.4
5034.5
5262.6
5263.7
5441.1
5511.4
5614.5
5960.6
5961.212
5961.7
6032.2
6032.4
6085.5
6529.4
6532.3
6659.5
6943.6
6944.7
6978.6
6979.7
7032.1
7174.4
7258.5
7462.6
7463.212
7463.7
7493.6
7494.7
7560.2
7560.4
7634.5
8060.3
8098.4
8384.5
8532.6
8533.7
8560.1
8665.4
8697.5
8810.6
8811.212
8811.7
8898.2
8898.4
8959.5
9398.3
9450.4
9482.5
9665.6
9666.7
9881.4
9898.1
9936.5
9961.4
9973.5
10044.6
10045.212
10045.7
10113.6
10114.7
10155.2
10155.4
10221.5
10655.3
10749.4
10880.5
11155.1
11338.4
11495.5
11526.4
11686.5
11806.6
11807.212
11807.7
11875.2
11875.4
11919.5
11923.4
11924.5
11937.4
12032.5
12375.3
12653.4
12676.5
12677.4
12712.5
12840.6
12841.7
12875.1
12934.6
12935.212
12935.7
12946.6
12947.7
13004.2
13004.4
13125.5
13504.3
14004.1
14336.6
14337.212
14337.7
14416.2
14416.4
14486.5
14916.3
15416.1
16298.4
16320.5
16400.6
16401.212
16401.7
16459.2
16459.4
16535.5
16959.3
17068.4
17105.5
17459.1
17638.4
17689.5
17797.6
17798.212
17798.7
17860.2
17860.4
17990.5
18209.4
18355.5
18360.3
18860.1
20850.6
20851.212
20851.7
21107.2
21107.4
21159.5
21607.3
21608.4
21734.5
21746.4
21990.5
22107.1
22417.6
22418.212
22418.7
22491.2
22491.4
22545.5
22991.3
23299.4
23385.5
23491.1
28509.4
28555.5
36222.4
36743.5
38071.6
38072.212
38072.7
38151.2
38151.4
38287.5
38651.3
38901.4
39098.5
39151.1
39406.6
39407.212
39407.7
39489.2
39489.4
39527.5
39989.3
40489.1
40971.4
41036.5
41253.6
41254.212
41254.7
41340.2
41340.4
41390.5
41840.3
42340.1
43876.6
43877.212
43877.7
43974.2
43974.4
44038.5
44474.3
44662.4
44719.5
44974.1
45179.4
45408.5
50467.4
50877.5
53086.4
53255.5
53432.6
53433.212
53433.7
53502.2
53502.4
53634.5
54002.3
54417.6
54418.7
54502.1
54618.4
54678.5
54693.4
54719.5
54731.4
54759.5
54846.6
54847.212
54847.7
54940.2
54940.4
55028.5
55440.3
55940.1
62223.6
62224.212
62224.7
62299.2
62299.4
62357.5
62799.3
63299.1
73692.6
73693.212
73693.7
74126.2
74126.4
74182.5
74626.3
74990.4
75126.1
75425.5
82675.6
82676.212
82676.7
82760.2
82760.4
82826.5
83260.3
83563.4
83595.5
83760.1
84165.6
84166.212
84166.7
84247.2
84247.4
84307.5
84747.3
85020.4
85247.1
85429.5
85821.6
85822.212
85822.7
85906.2
85906.4
85995.5
86406.3
86906.1
93923.4
93951.5
94109.6
94110.212
94110.7
94329.2
94329.4
94387.5
94829.3
95329.1
95999.6
96000.212
96000.7
96097.2
96097.4
96143.5
96597.3
96872.4
96951.5
97097.1
98806.6
98807.212
98807.7
99082.2
99082.4
99175.5
99582.3
99775.4
99842.5
100082.1
104499.6
104500.212
104500.7
104614.2
104614.4
104698.5
105114.3
105614.1
106232.6
106233.212
106233.7
106320.2
106320.4
106364.5
106689.4
106811.5
106820.3
106962.4
107320.1
107473.5
107780.6
107781.212
107781.7
107864.2
107864.4
107930.5
108364.3
108754.4
108864.1
109178.5
109395.6
109396.212
109396.7
109504.2
109504.4
109553.5
109983.4
110004.3
110154.5
110464.4
110504.1
110548.5
111865.6
111866.212
111866.7
112268.2
112268.4
112347.5
112768.3
113268.1
113673.4
113810.5
114046.4
114324.5
114468.6
114469.212
114469.7
114707.2
114707.4
114823.5
115207.3
115707.1
127637.4
127679.5
128097.6
128098.212
128098.7
128199.2
128199.4
128281.5
128699.3
129199.1
129560.4
129736.5
138920.6
138921.212
138921.7
139024.2
139024.4
139116.5
139524.3
140024.1
140080.4
140082.5
140085.4
140299.5
141945.4
142098.5
142486.6
142487.212
142487.7
142880.2
142880.4
142959.5
143380.3
143880.1
143880.4
144462.5
144884.4
145096.5
145201.6
145202.212
145202.7
145504.2
145504.4
145564.5
146004.3
146096.4
146214.5
146504.1
147442.6
147443.212
147443.7
147816.2
147816.4
147885.5
148316.3
148816.1
148847.4
148883.5
149798.6
149799.212
149799.7
149871.2
149871.4
149929.5
150371.3
150871.1
158453.6
158454.212
158454.7
158574.2
158574.4
158716.5
159074.3
159574.1
160088.4
160605.5
167946.4
168004.5
176415.4
176451.5
176672.6
176673.212
176673.7
176837.2
176837.4
176940.5
177337.3
177837.1
178072.4
180000.9
123456789
7
25
15
7
25
15
1
FI
1
1
9
59
22
10
32
22
6
2
404
0
0
0
314159265
30
0
79
180000
314159265
0.1
450.4
473.5
554.6
555.212
555.7
610.2
610.4
683.5
978.4
1068.5
1110.3
1149.6
1150.7
1203.6
1204.7
1333.6
1334.7
1610.1
1628.6
1629.212
1629.7
1694.2
1694.4
1985.5
2194.3
2694.1
2694.6
2695.7
2770.4
2834.5
2908.6
2909.212
2909.7
2968.2
2968.4
3012.5
3263.4
3372.5
3468.3
3634.6
3635.7
3796.6
3797.7
3968.1
4284.6
4285.212
4285.7
4343.2
4343.4
4412.5
4843.3
4875.6
4876.7
4960.6
4961.7
5126.6
5127.7
5210.6
5211.7
5242.6
5243.7
5343.1
5509.4
5531.5
5599.6
5600.212
5600.7
5650.2
5650.4
5698.5
6149.4
6150.3
6265.5
6650.1
7206.6
7207.212
7207.7
7268.2
7268.4
7362.5
7532.4
7630.5
7768.3
8073.4
8126.5
8268.1
8422.6
8423.212
8423.7
8504.2
8504.4
8568.5
8906.4
8956.5
9004.3
9022.6
9023.7
9159.6
9160.7
9277.6
9278.7
9504.1
11224.6
11225.212
11225.7
11289.2
11289.4
11353.5
11789.3
11791.4
11871.5
12053.4
12128.5
12145.4
12163.5
12258.6
12259.7
12289.1
12470.4
12509.5
12580.6
12581.212
12581.7
12627.2
12627.4
12699.5
13127.3
13254.4
13333.5
13584.6
13585.7
13627.1
14763.4
15070.5
15164.6
15165.212
15165.7
15170.6
15171.7
15246.2
15246.4
15297.5
15746.3
15978.4
16246.1
16404.5
16670.6
16671.212
16671.7
16762.2
16762.4
16831.5
17262.3
17762.1
19314.6
19315.212
19315.7
19402.2
19402.4
19472.5
19902.3
20234.6
20235.7
20402.1
20541.6
20542.212
20542.7
20653.2
20653.4
20712.5
21153.3
21653.1
22281.4
22320.5
22580.6
22581.212
22581.7
22652.2
22652.4
22714.5
23152.3
23652.1
25378.6
25379.212
25379.7
25464.2
25464.4
25659.5
25964.3
26116.4
26314.5
26464.1
26867.6
26868.212
26868.7
27081.2
27081.4
27149.5
27581.3
28081.1
28118.4
28219.5
28322.6
28323.212
28323.7
29709.2
29709.4
29855.5
30209.3
30709.1
30775.4
30985.5
31345.6
31346.212
31346.7
31424.2
31424.4
31497.5
31924.3
32424.1
35064.4
35519.5
36833.6
36834.212
36834.7
36907.2
36907.4
37055.5
37375.4
37407.3
37500.5
37907.1
42035.6
42036.212
42036.7
42860.2
42860.4
42864.5
42868.4
42930.5
43360.3
43860.1
53844.4
54018.5
58020.6
58021.212
58021.7
58239.2
58239.4
58428.5
58467.4
58690.5
58739.3
59239.1
66798.6
66799.212
66799.7
66843.6
66844.7
66925.2
66925.4
67229.5
67425.3
67637.4
67777.5
67925.1
73300.4
73389.5
73639.6
73640.212
73640.7
73720.2
73720.4
73813.5
74220.3
74559.4
74607.5
74720.1
87848.4
87871.5
87873.4
87911.5
92251.4
92437.5
92585.4
92871.5
95220.6
95221.212
95221.7
95645.2
95645.4
95706.5
95813.6
95814.7
95830.6
95831.7
95936.6
95937.7
95992.6
95993.7
96083.6
96084.7
96145.3
96645.1
98658.4
98910.5
99106.6
99107.212
99107.7
99202.2
99202.4
99287.5
99702.3
100202.1
101059.4
101427.5
102473.6
102474.212
102474.7
102740.2
102740.4
102763.5
102892.6
102893.7
102921.6
102922.7
103240.3
103740.1
104766.6
104767.212
104767.7
104873.6
104874.7
107795.2
107795.4
107824.5
107908.6
107909.7
108044.6
108045.7
108082.6
108083.7
108295.3
108498.4
108604.5
108795.1
109898.4
110044.5
113735.4
113957.5
115871.4
116033.5
116771.6
116772.212
116772.7
119991.6
119992.7
125129.2
125129.4
125242.5
125629.3
126129.1
126188.6
126189.212
126189.7
126270.6
126271.7
131578.2
131578.4
131640.5
132078.3
132578.1
150738.4
151012.5
151092.4
151818.5
155922.4
156177.5
156207.4
156565.5
157561.4
157866.5
158161.4
158248.5
160214.4
160299.5
164549.4
164911.5
171957.4
172572.5
172696.4
172807.5
178083.4
178328.5
179171.6
179172.212
179172.7
179328.2
179328.4
179432.5
180000.9
123456789
7
26
15
7
26
15
1
FI
1
1
9
52
24
10
25
24
6
2
376
0
0
0
314159265
34
0
70
180000
314159265
0.1
191.4
246.5
365.6
366.212
366.7
421.2
421.4
495.5
913.4
921.3
1054.5
1421.1
1421.6
1422.7
1440.6
1441.212
1441.7
1544.6
1545.7
1629.2
1629.4
1738.5
2129.3
2150.4
2265.5
2446.6
2447.7
2553.6
2554.7
2629.1
2866.6
2867.212
2867.7
2935.2
2935.4
2995.5
3417.4
3435.3
3473.5
3604.6
3605.7
3672.6
3673.7
3767.6
3768.7
3935.1
4136.6
4137.212
4137.7
4200.2
4200.4
4271.5
4700.3
4797.4
5200.1
5385.5
5452.4
5630.5
5933.6
5934.212
5934.7
6003.2
6003.4
6077.5
6188.4
6387.5
6503.3
7003.1
7215.4
7353.5
7503.6
7504.212
7504.7
7571.2
7571.4
7611.5
8071.3
8571.1
8658.4
8920.5
9501.6
9502.212
9502.7
9594.2
9594.4
9659.5
10094.3
10587.4
10594.1
10726.5
10850.6
10851.212
10851.7
10926.2
10926.4
10985.5
11426.3
11780.4
11926.1
12104.5
12259.6
12260.212
12260.7
12312.6
12313.7
12395.2
12395.4
12464.5
12895.3
13395.1
13415.4
13487.5
13756.6
13757.212
13757.7
13847.2
13847.4
13917.5
14180.4
14250.5
14347.3
14847.1
15291.6
15292.212
15292.7
15425.2
15425.4
15435.5
15440.4
15522.5
15925.3
16425.1
16817.6
16818.212
16818.7
16916.2
16916.4
16994.5
17416.3
17916.1
17946.4
18016.5
18263.6
18264.212
18264.7
18393.2
18393.4
18471.5
18893.3
19393.1
20672.6
20673.212
20673.7
20825.2
20825.4
20891.5
21325.3
21825.1
22144.4
22225.5
22329.6
22330.212
22330.7
22426.2
22426.4
22500.5
22926.3
23324.4
23388.5
23426.1
23611.4
23960.5
24324.6
24325.212
24325.7
24394.2
24394.4
24456.5
24863.4
24894.3
24920.5
25394.1
27343.6
27344.212
27344.7
27437.2
27437.4
27606.5
27937.3
28437.1
28996.6
28997.212
28997.7
29209.2
29209.4
29278.5
29709.3
30209.1
30526.6
30527.212
30527.7
30625.6
30626.7
30746.2
30746.4
30796.5
31246.3
31746.1
31815.4
31883.5
36833.4
36960.5
37415.6
37416.212
37416.7
37497.2
37497.4
37574.5
37997.3
38497.1
38720.4
38780.5
39020.6
39021.212
39021.7
41378.2
41378.4
41570.5
41878.3
42378.1
51291.4
51420.5
52908.4
52951.5
73880.6
73881.212
73881.7
73972.2
73972.4
74280.5
74472.3
74500.4
74565.5
74680.6
74681.7
74734.6
74735.7
74972.1
78792.6
78793.212
78793.7
79368.2
79368.4
79465.5
79868.3
80368.1
91726.6
91727.212
91727.7
91816.2
91816.4
91897.5
92316.3
92816.1
97531.4
97641.5
98537.6
98538.212
98538.7
108992.2
108992.4
109227.5
109492.3
109992.1
111552.6
111553.212
111553.7
112699.2
112699.4
112834.5
113199.3
113699.1
114290.4
114805.5
115423.4
115424.5
115425.4
115484.5
115613.6
115614.212
115614.7
115699.2
115699.4
115793.5
116199.3
116699.1
118319.6
118320.212
118320.7
118480.2
118480.4
118545.5
118980.3
119480.1
119759.6
119760.212
119760.7
119794.6
119795.7
119877.2
119877.4
119927.5
120014.6
120015.7
120377.3
120877.1
122196.4
122211.5
126627.4
126923.5
130961.4
131012.5
152666.6
152667.212
152667.7
152956.2
152956.4
153233.5
153325.4
153393.5
153456.3
153956.1
154639.4
154854.5
155451.6
155452.212
155452.7
155538.2
155538.4
155600.5
156038.3
156538.1
160240.6
160241.212
160241.7
160442.2
160442.4
160537.5
160942.3
161442.1
163130.6
163131.212
163131.7
174736.6
174737.7
175498.6
175499.7
176061.2
176061.4
176218.5
176258.4
176260.5
176561.3
177061.1
179002.4
179066.5
179223.6
179224.212
179224.7
179358.2
179358.4
179656.5
180000.9
123456789
7
27
15
7
27
15
1
FI
1
1
9
53
41
10
26
41
6
2
440
0
0
0
314159265
37
0
81
180000
314159265
0.1
197.4
268.5
465.6
466.212
466.7
532.2
532.4
718.5
967.4
1032.3
1109.5
1496.6
1497.7
1532.1
1680.4
1684.5
1781.6
1782.212
1782.7
1842.2
1842.4
1882.5
2342.3
2404.4
2454.5
2592.6
2593.7
2842.1
2901.6
2902.212
2902.7
2967.2
2967.4
3013.5
3467.3
3485.4
3520.5
3631.6
3632.7
3753.6
3754.7
3887.6
3888.7
3967.1
4156.4
4201.5
4267.6
4268.212
4268.7
4350.2
4350.4
4423.5
4850.3
4974.4
5020.5
5116.6
5117.7
5239.6
5240.7
5350.1
5715.6
5716.212
5716.7
5779.2
5779.4
5815.5
6279.3
6306.4
6368.5
6554.6
6555.7
6779.1
6791.6
6792.212
6792.7
6865.2
6865.4
6941.5
7332.4
7365.3
7432.5
7766.4
7805.5
7865.1
8069.6
8070.212
8070.7
8132.2
8132.4
8195.5
8632.3
8787.4
8938.5
9045.6
9046.7
9105.6
9106.7
9132.1
9223.4
9257.5
9390.6
9391.212
9391.7
9461.2
9461.4
9529.5
9961.3
10461.1
10710.6
10711.212
10711.7
10773.2
10773.4
10816.5
11273.3
11647.4
11664.5
11665.4
11667.5
11754.6
11755.7
11773.1
11877.6
11878.212
11878.7
11966.2
11966.4
12025.5
12466.3
12885.4
12886.5
12889.4
12896.5
12966.1
13908.6
13909.212
13909.7
13948.6
13949.7
13995.2
13995.4
14043.5
14495.3
14955.6
14956.7
14995.1
15199.4
15256.5
15340.6
15341.212
15341.7
15418.2
15418.4
15449.5
15918.3
16418.1
16743.4
16854.5
16933.6
16934.212
16934.7
17003.2
17003.4
17316.5
17503.3
17971.4
18003.1
18082.5
18551.6
18552.212
18552.7
18630.2
18630.4
18710.5
19130.3
19630.1
20282.6
20283.212
20283.7
20349.2
20349.4
20392.5
20849.3
20993.4
21035.5
21349.1
21749.6
21750.212
21750.7
21817.2
21817.4
21948.5
22317.3
22817.1
23256.6
23257.212
23257.7
23660.2
23660.4
23743.5
24160.3
24660.1
25219.6
25220.212
25220.7
25411.6
25412.7
25421.6
25422.7
25499.2
25499.4
25543.5
25999.3
26367.4
26420.5
26499.1
26655.6
26656.212
26656.7
28327.2
28327.4
28398.5
28827.3
29327.1
31945.4
32171.5
33984.6
33985.212
33985.7
34398.2
34398.4
34456.5
34898.3
35316.4
35386.5
35398.1
37385.6
37386.212
37386.7
38659.2
38659.4
38666.5
38670.4
38739.5
39159.3
39659.1
40065.6
40066.212
40066.7
40648.2
40648.4
40742.5
41148.3
41648.1
41792.4
41835.5
44542.6
44543.212
44543.7
44664.2
44664.4
44727.5
45164.3
45664.1
45684.4
45718.5
60020.6
60021.212
60021.7
60238.2
60238.4
60440.5
60738.3
61238.1
66123.6
66124.212
66124.7
66328.2
66328.4
66469.5
66828.3
67328.1
67582.4
67679.5
69012.4
69318.5
70080.6
70081.212
70081.7
70171.2
70171.4
70323.5
70671.3
71171.1
72537.4
72687.5
72759.4
72831.5
75618.6
75619.212
75619.7
75634.6
75635.7
75692.6
75693.7
76068.2
76068.4
76124.5
76568.3
77068.1
79799.6
79800.212
79800.7
79898.2
79898.4
80017.5
80398.3
80898.1
81832.6
81833.212
81833.7
81879.6
81880.7
82481.2
82481.4
82564.5
82981.3
83481.1
85432.6
85433.212
85433.7
85449.6
85450.7
86285.6
86286.7
90618.2
90618.4
90765.5
90769.4
90773.5
91118.3
91618.1
103634.6
103635.212
103635.7
103794.2
103794.4
103922.5
104294.3
104794.1
107741.6
107742.212
107742.7
107852.2
107852.4
107903.5
107904.4
108229.5
108352.3
108852.1
109051.4
109173.5
110590.4
110667.5
111440.4
111595.5
114040.6
114041.212
114041.7
123308.2
123308.4
123730.5
123808.3
124308.1
126698.6
126699.212
126699.7
126823.2
126823.4
126854.5
127191.4
127235.5
127323.3
127367.6
127368.7
127823.1
131033.6
131034.212
131034.7
131564.2
131564.4
131792.5
132064.3
132564.1
133203.4
133377.5
133691.4
133809.5
134216.4
134308.5
137304.6
137305.212
137305.7
141514.2
141514.4
141642.5
141816.6
141817.7
141999.6
142000.7
142014.3
142514.1
142765.6
142766.212
142766.7
143295.2
143295.4
143314.5
143345.4
143434.5
143581.4
143669.5
143795.3
144295.1
159331.4
159979.5
175491.4
175805.5
176307.4
176932.5
178223.6
178224.212
178224.7
178281.6
178282.7
178702.6
180000.9
123456789
7
28
15
7
28
15
1
FI
1
1
9
50
38
10
23
37
6
2
315
0
0
0
314159265
26
1
68
180000
314159265
0.1
1199.4
1248.5
1340.6
1341.212
1341.7
1456.2
1456.4
1649.5
1956.3
1997.4
2055.5
2456.1
3443.4
3492.5
3633.6
3634.212
3634.7
3713.2
3713.4
3806.5
4103.4
4213.3
4347.5
4656.6
4657.7
4713.1
5870.6
5871.212
5871.7
5935.2
5935.4
5976.5
6435.3
6441.4
6749.5
6877.4
6910.5
6935.1
7116.6
7117.212
7117.7
7181.2
7181.4
7226.5
7681.3
7740.4
7905.5
8181.1
8773.6
8774.212
8774.7
8871.2
8871.4
8961.5
9369.4
9371.3
9417.5
9871.1
12925.4
13166.5
13396.6
13397.212
13397.7
13460.2
13460.4
13623.5
13801.4
13960.3
14068.5
14252.6
14253.7
14358.6
14359.7
14460.1
14524.4
14606.5
14874.4
14900.5
15083.6
15084.212
15084.7
15143.2
15143.4
15216.5
15643.3
15879.4
16137.5
16143.1
25012.4
25175.5
25695.6
25696.212
25696.7
25834.2
25834.4
25913.5
26334.3
26527.4
26595.5
26834.1
38666.6
38667.212
38667.7
38740.2
38740.4
38802.5
39240.3
39291.4
39341.5
39740.1
46366.4
47899.5
48625.6
48626.212
48626.7
49999.2
49999.4
50072.5
50499.3
50770.4
50999.1
51809.5
54212.4
54303.5
56335.6
56336.212
56336.7
56455.2
56455.4
56530.5
56955.3
57354.4
57455.1
57629.5
58541.6
58542.212
58542.7
59522.2
59522.4
59715.5
60022.3
60522.1
61077.6
61078.212
61078.7
61338.6
61339.7
69760.2
69760.4
69928.5
70260.3
70760.1
72408.6
72409.212
72409.7
72581.2
72581.4
72639.5
73081.3
73581.1
75652.6
75653.212
75653.7
75914.6
75915.7
77994.2
77994.4
78045.5
78494.3
78994.1
81060.4
81111.5
81454.6
81455.212
81455.7
82773.2
82773.4
83176.5
83273.3
83470.6
83471.7
83587.4
83643.5
83773.1
86403.4
86432.5
93786.6
93787.212
93787.7
109062.8
109063.8
110214.2
110214.4
110513.5
110714.3
111214.1
112514.4
112532.5
114901.6
114902.212
114902.7
115028.2
115028.4
115072.5
115528.3
116028.1
118071.4
118219.5
119680.4
119709.5
119716.4
119728.5
132121.6
132122.212
132122.7
132298.2
132298.4
132394.5
132499.6
132500.7
132693.6
132694.7
132798.3
133298.1
137760.6
137761.212
137761.7
139699.2
139699.4
139797.5
140199.3
140699.1
141888.6
141889.212
141889.7
143272.2
143272.4
143439.5
143772.3
144272.1
144328.4
144373.5
145053.6
145054.212
145054.7
145060.6
145061.7
145179.2
145179.4
145195.5
145679.3
146179.1
151514.4
151589.5
151669.4
151670.5
151681.4
151687.5
151690.4
151693.5
151700.4
151714.5
151718.4
151722.5
151727.4
151901.5
151904.4
151908.5
151938.4
152110.5
152136.4
152139.5
152592.6
152593.212
152593.7
153651.2
153651.4
153701.5
154151.3
154651.1
155080.6
155081.212
155081.7
157769.2
157769.4
157813.5
158269.3
158769.1
160325.4
161021.5
162979.4
163380.5
169496.4
169587.5
169590.4
169662.5
174585.6
174586.212
174586.7
174723.2
174723.4
174874.5
175223.3
175723.1
175904.6
175905.212
175905.7
176169.2
176169.4
176247.5
176669.3
180000.9
123456789
7
29
15
7
29
15
1
FI
1
1
9
49
04
10
22
04
6
2
511
0
0
0
314159265
39
0
93
180000
314159265
0.1
350.4
385.5
581.6
582.212
582.7
654.2
654.4
716.5
1084.4
1141.5
1154.3
1353.6
1354.7
1654.1
1758.6
1759.212
1759.7
1836.2
1836.4
1915.5
2336.3
2491.4
2534.5
2836.1
3025.6
3026.212
3026.7
3093.2
3093.4
3151.5
3593.3
3646.4
3806.5
3995.6
3996.7
4093.1
4182.6
4183.212
4183.7
4247.2
4247.4
4313.5
4747.3
4755.4
4819.5
5028.6
5029.7
5167.6
5168.7
5247.1
5400.6
5401.212
5401.7
5471.2
5471.4
5535.5
5971.3
6161.4
6344.5
6471.1
6632.4
6858.5
7021.6
7022.212
7022.7
7093.2
7093.4
7196.5
7593.3
7904.4
7947.5
7949.4
7976.5
8093.1
8243.6
8244.212
8244.7
8329.2
8329.4
8409.5
8829.3
8947.4
9056.5
9329.1
9497.6
9498.212
9498.7
9528.6
9529.7
9534.6
9535.7
9614.2
9614.4
9669.5
10114.3
10491.4
10552.5
10614.1
10710.6
10711.212
10711.7
10835.2
10835.4
10897.5
11335.3
11394.4
11726.5
11835.1
11899.4
11991.5
12086.6
12087.212
12087.7
12159.2
12159.4
12247.5
12659.3
13133.4
13159.1
13243.5
13436.6
13437.212
13437.7
13504.2
13504.4
13579.5
14004.3
14029.4
14126.5
14504.1
14537.4
14650.5
14885.6
14886.212
14886.7
14955.2
14955.4
15019.5
15455.3
15955.1
17323.6
17324.212
17324.7
17385.6
17386.7
17410.6
17411.7
17576.2
17576.4
17732.5
18076.3
18576.1
19032.4
19090.5
20697.6
20698.212
20698.7
22266.2
22266.4
22357.5
22766.3
23082.4
23266.1
23304.5
23511.6
23512.212
23512.7
23614.2
23614.4
23712.5
24114.3
24614.1
25086.4
25123.5
25619.6
25620.212
25620.7
29149.2
29149.4
29226.5
29392.4
29459.5
29649.3
30149.1
30772.4
30892.5
33548.4
33795.5
34343.4
34398.5
34496.6
34497.212
34497.7
34799.6
34800.7
35674.2
35674.4
35730.5
36174.3
36674.1
38541.6
38542.212
38542.7
58080.2
58080.4
58221.5
58580.3
59080.1
60076.6
60077.212
60077.7
60312.2
60312.4
60428.5
60812.3
61312.1
61748.4
61965.5
65639.6
65640.212
65640.7
65695.2
65695.4
65893.5
66195.3
66695.1
68910.4
68965.5
69074.6
69075.212
69075.7
69173.2
69173.4
69362.5
69440.6
69441.7
69493.6
69494.7
69673.3
70173.1
72665.6
72666.212
72666.7
77664.2
77664.4
77745.5
78164.3
78664.1
79522.6
79523.212
79523.7
79599.6
79600.7
79979.2
79979.4
80087.5
80479.3
80730.4
80891.5
80979.1
81796.4
81965.5
82956.6
82957.212
82957.7
82975.6
82976.7
83216.6
83217.7
83255.6
83256.7
86193.2
86193.4
86236.5
86693.3
87193.1
87684.6
87685.212
87685.7
90123.2
90123.4
90247.5
90623.3
91123.1
91468.4
91664.5
91892.4
91998.5
93152.4
93163.5
93165.4
93209.5
93266.4
93491.5
97354.6
97355.212
97355.7
97436.6
97437.7
99572.2
99572.4
99687.5
100072.3
100572.1
101221.4
101278.5
101400.6
101401.212
101401.7
101494.2
101494.4
101597.5
101994.3
102280.4
102486.5
102494.1
102719.4
102770.5
102869.6
102870.212
102870.7
102957.2
102957.4
103168.5
103457.3
103957.1
105931.6
105932.212
105932.7
105987.6
105988.7
106004.6
106005.7
108208.2
108208.4
108374.5
108708.3
109208.1
109968.6
109969.212
109969.7
110050.6
110051.7
110076.6
110077.7
110238.2
110238.4
110368.5
110738.3
110837.4
111068.5
111129.4
111238.1
111545.5
112776.4
113146.5
113207.4
113432.5
113881.6
113882.212
113882.7
114184.6
114185.7
128960.2
128960.4
129346.5
129460.3
129960.1
131796.6
131797.212
131797.7
131889.2
131889.4
131997.5
132389.3
132889.1
134026.4
134211.5
138842.6
138843.212
138843.7
138928.2
138928.4
139041.5
139144.6
139145.7
139331.6
139332.7
139384.6
139385.7
139428.3
139527.6
139528.7
139928.1
140199.6
140200.212
140200.7
140366.2
140366.4
140562.5
140866.3
141093.6
141094.7
141118.6
141119.7
141151.6
141152.7
141227.6
141228.7
141366.1
141464.6
141465.212
141465.7
141556.2
141556.4
141579.5
141670.6
141671.7
141763.6
141764.7
141965.6
141966.7
142056.3
142556.1
143150.6
143151.212
143151.7
143611.2
143611.4
143656.5
143864.6
143865.7
144111.3
144216.6
144217.7
144264.6
144265.7
144611.1
146326.4
146858.5
147127.4
147363.5
148492.4
149060.5
149198.4
149351.5
150413.6
150414.212
150414.7
155254.2
155254.4
155357.5
155754.3
156254.1
157877.4
158214.5
159038.4
159305.5
159483.6
159484.212
159484.7
159655.6
159656.7
159696.6
159697.7
159723.6
159724.7
159731.6
159732.7
159738.6
159739.7
160035.2
160035.4
160106.5
160535.3
161035.1
161773.4
161863.5
165740.4
166010.5
166025.4
166083.5
166088.4
166109.5
166289.4
166359.5
166584.6
166585.212
166585.7
166824.6
166825.7
166876.6
166877.7
170085.6
170086.7
170322.6
170323.7
174683.2
174683.4
174760.5
174848.4
175120.5
175183.3
175683.1
177941.4
178304.5
178372.4
180000.9
123456789
7
30
15
7
30
15
1
FI
1
1
9
58
18
10
31
18
6
2
648
0
0
0
314159265
48
0
143
180000
314159265
0.1
1.4
66.5
158.4
170.5
325.6
326.212
326.7
388.2
388.4
477.5
867.4
888.3
930.5
1315.6
1316.7
1348.6
1349.7
1388.1
1459.4
1513.5
1661.6
1662.212
1662.7
1730.2
1730.4
1799.5
2081.4
2172.5
2230.3
2507.6
2508.7
2693.4
2730.1
2806.5
2822.4
2846.5
2857.4
2874.5
3041.6
3042.212
3042.7
3102.2
3102.4
3171.5
3602.3
3672.4
3724.5
4102.1
4156.6
4157.212
4157.7
4219.2
4219.4
4274.5
4719.3
4932.4
4978.5
5219.1
5290.6
5291.212
5291.7
5364.2
5364.4
5415.5
5864.3
5977.4
6073.5
6364.1
7040.4
7149.5
7341.6
7342.212
7342.7
7423.2
7423.4
7474.5
7923.3
8231.4
8304.5
8423.1
8594.6
8595.212
8595.7
8672.2
8672.4
8763.5
9172.3
9672.1
9850.6
9851.212
9851.7
9895.6
9896.7
9941.6
9942.7
10048.2
10048.4
10133.5
10548.3
11048.1
11196.6
11197.212
11197.7
11519.2
11519.4
11584.5
12019.3
12519.1
12568.4
12644.5
12880.4
13006.5
13229.4
13404.5
13609.6
13610.212
13610.7
13616.6
13617.7
13708.6
13709.7
13815.2
13815.4
13881.5
14315.3
14815.1
15173.4
15253.5
15389.6
15390.212
15390.7
15682.2
15682.4
15739.5
16175.4
16182.3
16237.5
16682.1
18182.6
18183.212
18183.7
18275.2
18275.4
18339.5
18775.3
19275.1
19608.4
19666.5
19869.6
19870.212
19870.7
19957.2
19957.4
20018.5
20457.3
20957.1
21043.4
21111.5
21510.6
21511.212
21511.7
21606.2
21606.4
21715.5
22106.3
22606.1
22660.4
22699.5
25612.4
25649.5
25674.4
25709.5
25806.6
25807.212
25807.7
25895.2
25895.4
26082.5
26395.3
26795.4
26800.5
26895.1
28658.6
28659.212
28659.7
28762.2
28762.4
28834.5
29262.3
29762.1
30295.4
30423.5
31377.4
31397.5
37895.4
37914.5
39165.6
39166.212
39166.7
39291.2
39291.4
39373.5
39791.3
40291.1
40395.4
40571.5
40778.4
40920.5
41533.4
41978.5
41986.4
42046.5
46220.4
46465.5
46676.4
46725.5
46734.4
46739.5
46992.6
46993.212
46993.7
47061.2
47061.4
47190.5
47561.3
48061.1
48254.4
48419.5
49393.4
49414.5
49597.6
49598.212
49598.7
49654.2
49654.4
49788.5
50154.3
50654.1
51363.4
51470.5
52147.4
52532.5
52766.6
52767.212
52767.7
52854.2
52854.4
53037.5
53354.3
53854.1
54444.4
54502.5
54791.6
54792.212
54792.7
54902.2
54902.4
54978.5
55402.3
55902.1
56122.4
56161.5
56368.6
56369.212
56369.7
56448.6
56449.7
56562.2
56562.4
56639.5
57062.3
57562.1
57760.6
57761.212
57761.7
57841.2
57841.4
58062.5
58341.3
58841.1
60466.6
60467.212
60467.7
60791.2
60791.4
60897.5
60900.4
60904.5
61073.6
61074.7
61291.3
61291.6
61292.7
61791.1
63406.6
63407.212
63407.7
63440.6
63441.7
63673.2
63673.4
63949.5
64173.3
64673.1
65226.6
65227.212
65227.7
65267.6
65268.7
65400.6
65401.7
65512.6
65513.7
65727.2
65727.4
65812.5
65823.4
65825.5
66068.6
66069.7
66145.6
66146.7
66189.6
66190.7
66227.3
66727.1
67843.4
68041.5
68411.6
68412.212
68412.7
68507.2
68507.4
68858.5
69007.3
69020.6
69021.7
69507.1
69963.4
70025.5
70192.6
70193.212
70193.7
70264.2
70264.4
70459.5
70764.3
70986.4
71053.5
71264.1
72237.4
72324.5
73582.4
73678.5
74795.4
74813.5
74821.4
74854.5
74997.4
75485.5
78448.4
78625.5
79293.6
79294.212
79294.7
79338.6
79339.7
80934.2
80934.4
80991.5
81434.3
81934.1
83711.4
83804.5
84020.6
84021.212
84021.7
86869.6
86870.7
88604.2
88604.4
88645.5
89104.3
89604.1
90013.4
90017.5
90090.4
90601.5
90670.4
90835.5
92631.6
92632.212
92632.7
92801.6
92802.7
92868.6
92869.7
92925.2
92925.4
92993.5
93425.3
93556.4
93814.5
93877.4
93925.1
94142.5
94280.6
94281.212
94281.7
94538.2
94538.4
94618.5
94671.4
94732.5
95038.3
95538.1
96000.4
96141.5
97635.4
97711.5
97718.4
97723.5
99210.6
99211.212
99211.7
100222.2
100222.4
100342.5
100722.3
101222.1
101720.6
101721.212
101721.7
101795.2
101795.4
101909.5
102295.3
102795.1
104072.6
104073.212
104073.7
104185.2
104185.4
104430.5
104606.4
104676.5
104685.3
104704.4
104813.5
105168.4
105185.1
105199.5
105437.6
105438.212
105438.7
107001.2
107001.4
107057.5
107501.3
108001.1
108612.4
108651.5
108719.6
108720.212
108720.7
108740.6
108741.7
108854.2
108854.4
108948.5
109354.3
109854.1
110164.4
110396.5
110630.6
110631.212
110631.7
111517.6
111518.7
114484.2
114484.4
114518.5
114984.3
115484.1
115770.6
115771.212
115771.7
116094.2
116094.4
116197.5
116594.3
117094.1
118098.4
118300.5
118810.4
118980.5
120028.4
120153.5
121397.4
121475.5
122479.4
122552.5
123943.4
124032.5
124324.4
125063.5
125091.4
125106.5
126526.4
126705.5
127238.4
127282.5
127303.4
127358.5
128742.6
128743.212
128743.7
128832.2
128832.4
128937.5
128945.4
129008.5
129332.3
129832.1
133544.4
133609.5
134789.4
134850.5
134949.4
135037.5
135407.6
135408.212
135408.7
138922.2
138922.4
139085.5
139381.4
139422.3
139625.5
139922.1
141441.4
141620.5
141633.4
141663.5
142274.6
142275.212
142275.7
142412.6
142413.7
142637.2
142637.4
142758.5
143137.3
143637.1
145952.4
146179.5
146538.6
146539.212
146539.7
146599.6
146600.7
146796.2
146796.4
146852.5
147296.3
147542.4
147629.5
147796.1
147815.6
147816.212
147816.7
147867.6
147868.7
148079.2
148079.4
148134.5
148579.3
148925.4
148989.5
149079.1
150932.6
150933.212
150933.7
151148.2
151148.4
151171.5
151634.4
151648.3
151736.5
152148.1
152588.6
152589.212
152589.7
152692.6
152693.7
152838.2
152838.4
152999.5
153098.6
153099.7
153156.6
153157.7
153338.3
153345.6
153346.7
153395.6
153396.7
153402.6
153403.7
153509.6
153510.7
153582.6
153583.7
153727.6
153728.7
153838.1
153853.4
153957.5
153970.4
153985.5
153995.4
154433.5
155765.4
155842.5
170100.6
170101.212
170101.7
170381.2
170381.4
170433.5
170666.4
170743.5
170881.3
171381.1
174279.4
174321.5
174621.6
174622.212
174622.7
179348.2
179348.4
179477.5
179491.4
179588.5
180000.9
123456789
7
31
15
7
31
15
1
FI
1
1
9
53
46
10
26
46
6
2
709
0
0
0
314159265
55
0
174
180000
314159265
0.1
1018.4
1051.5
1265.4
1353.5
1365.4
1374.5
1493.6
1494.212
1494.7
1588.2
1588.4
1669.5
2005.4
2088.3
2318.5
2550.6
2551.7
2588.1
2629.6
2630.212
2630.7
2653.6
2654.7
2712.2
2712.4
2838.5
3201.4
3212.3
3405.5
3455.4
3473.5
3683.6
3684.7
3712.1
3753.6
3754.212
3754.7
3845.2
3845.4
3898.5
4345.3
4437.4
4650.5
4845.1
5022.4
5162.5
5183.4
5314.5
5417.4
5752.5
6073.6
6074.212
6074.7
6135.2
6135.4
6178.5
6635.3
6868.4
6976.5
7135.1
7293.6
7294.212
7294.7
7361.2
7361.4
7429.5
7861.3
8115.4
8173.5
8356.6
8357.7
8361.1
8455.6
8456.212
8456.7
8528.2
8528.4
8589.5
9028.3
9437.4
9481.5
9528.1
9751.4
9839.5
9919.6
9920.212
9920.7
10010.2
10010.4
10083.5
10510.3
10895.4
10955.5
11010.1
11238.6
11239.212
11239.7
11299.2
11299.4
11361.5
11799.3
12299.1
12341.4
12409.5
12466.4
12511.5
12711.6
12712.212
12712.7
12772.2
12772.4
12819.5
13272.3
13747.4
13772.1
13810.5
14098.4
14159.5
14183.4
14204.5
14217.4
14302.5
14402.6
14403.212
14403.7
14484.2
14484.4
14585.5
14984.3
15484.1
15728.4
15935.5
16056.6
16057.212
16057.7
16141.2
16141.4
16188.5
16641.3
17141.1
17493.4
17554.5
17886.6
17887.212
17887.7
17956.2
17956.4
18085.5
18456.3
18956.1
19222.4
19303.5
19424.6
19425.212
19425.7
19497.2
19497.4
19552.5
19997.3
20123.4
20197.5
20497.1
20880.4
20988.5
21151.4
21175.5
21291.6
21292.212
21292.7
21359.2
21359.4
21429.5
21859.3
22359.1
22373.4
22422.5
22633.6
22634.212
22634.7
22704.2
22704.4
22770.5
23204.3
23681.4
23704.1
23806.5
24291.6
24292.212
24292.7
24371.2
24371.4
24435.5
24871.3
25365.4
25371.1
25454.5
25680.6
25681.212
25681.7
25758.2
25758.4
25811.5
26258.3
26323.4
26422.5
26758.1
27366.4
27713.5
29045.6
29046.212
29046.7
29119.2
29119.4
29176.5
29619.3
30119.1
30347.4
30492.5
30689.4
30834.5
31042.6
31043.212
31043.7
31105.2
31105.4
31231.5
31605.3
31779.4
31966.5
32105.1
32310.4
32413.5
32443.4
32463.5
32624.6
32625.212
32625.7
32701.2
32701.4
32762.5
33201.3
33701.1
33987.4
34052.5
34242.6
34243.212
34243.7
34316.2
34316.4
34406.5
34816.3
35316.1
35850.4
35853.5
35855.4
35900.5
36033.6
36034.212
36034.7
36108.2
36108.4
36172.5
36608.3
36922.4
36976.5
37108.1
39689.4
39888.5
39890.4
39900.5
39905.4
40069.5
40132.4
40144.5
40294.6
40295.212
40295.7
40381.2
40381.4
40444.5
40881.3
41381.1
42043.4
42116.5
42446.6
42447.212
42447.7
42512.2
42512.4
42593.5
43012.3
43512.1
43900.4
44016.5
49592.4
49827.5
50001.4
50201.5
50422.6
50423.212
50423.7
50512.2
50512.4
50630.5
51012.3
51512.1
51891.4
52165.5
54106.6
54107.212
54107.7
54213.2
54213.4
54287.5
54509.4
54626.5
54713.3
55038.4
55119.5
55213.1
56535.6
56536.212
56536.7
56630.2
56630.4
56683.5
56844.4
56996.5
57130.3
57630.1
68531.4
68535.5
68536.4
68665.5
69102.4
69203.5
69491.6
69492.212
69492.7
69565.2
69565.4
69569.5
69571.4
69662.5
70065.3
70565.1
71122.4
71275.5
71634.4
72283.5
72495.6
72496.212
72496.7
72568.2
72568.4
72741.5
73068.3
73568.1
73862.4
73952.5
74269.6
74270.212
74270.7
74328.2
74328.4
74424.5
74828.3
75328.1
75885.4
75953.5
76412.4
76538.5
76648.6
76649.212
76649.7
76728.2
76728.4
76795.5
77228.3
77460.4
77568.5
77728.1
79315.6
79316.212
79316.7
79422.2
79422.4
79506.5
79922.3
80422.1
81162.4
81260.5
81869.6
81870.212
81870.7
82168.2
82168.4
82230.5
82668.3
83168.1
84364.4
84417.5
95840.4
95862.5
95962.4
96041.5
96428.4
97193.5
97194.4
97360.5
97550.6
97551.212
97551.7
97621.2
97621.4
97681.5
97727.4
97814.5
97820.4
97971.5
98121.3
98492.4
98516.5
98621.1
98675.6
98676.212
98676.7
99313.2
99313.4
99457.5
99508.4
99604.5
99705.4
99745.5
99813.3
99887.6
99888.7
100032.6
100033.7
100313.1
106069.6
106070.212
106070.7
106160.2
106160.4
106299.5
106523.6
106524.7
106660.3
106680.6
106681.7
107135.4
107160.1
107336.5
107762.4
107825.5
109118.4
109251.5
109721.6
109722.212
109722.7
109832.2
109832.4
109951.5
110332.3
110832.1
111256.4
111384.5
111527.4
111573.5
111603.4
111614.5
112396.6
112397.212
112397.7
112504.2
112504.4
112579.5
113004.3
113504.1
115543.4
115640.5
115771.6
115772.212
115772.7
115863.6
115864.7
115980.2
115980.4
116090.5
116140.4
116204.5
116480.3
116980.1
118615.4
118662.5
118813.6
118814.212
118814.7
118918.2
118918.4
118942.5
119418.3
119918.1
120918.6
120919.212
120919.7
120979.6
120980.7
121207.2
121207.4
121320.5
121362.4
121496.5
121497.4
121509.5
121707.3
122207.1
123354.6
123355.212
123355.7
123378.6
123379.7
123627.2
123627.4
123811.5
123836.4
124092.5
124127.3
124276.6
124277.7
124512.6
124513.7
124557.6
124558.7
124627.1
124848.6
124849.212
124849.7
124957.2
124957.4
125004.5
125457.3
125957.1
129545.4
129610.5
132538.4
132772.5
133188.4
133271.5
133860.4
133918.5
135239.4
135310.5
136852.4
137017.5
141185.6
141186.212
141186.7
144204.2
144204.4
144304.5
144704.3
145204.1
149487.4
149586.5
149634.4
149929.5
150058.4
150148.5
150361.4
150991.5
151123.4
151563.5
151565.4
151624.5
151672.4
152038.5
152260.4
152337.5
152543.6
152544.212
152544.7
152609.2
152609.4
152669.5
153109.3
153609.1
153907.4
154245.5
154429.4
154482.5
154501.4
154531.5
154805.6
154806.212
154806.7
154869.2
154869.4
154910.5
155369.3
155869.1
156166.4
156266.5
156465.4
156492.5
156747.4
156853.5
157015.6
157016.212
157016.7
157088.2
157088.4
157140.5
157588.3
158088.1
158535.4
158673.5
158816.4
159038.5
159045.4
159192.5
159459.6
159460.212
159460.7
159520.2
159520.4
159600.5
160020.3
160520.1
161055.4
161169.5
161394.6
161395.212
161395.7
161455.2
161455.4
161753.5
161955.3
162455.1
162774.4
162857.5
163605.6
163606.212
163606.7
163678.2
163678.4
163766.5
164178.3
164678.1
165258.4
165309.5
165490.4
165532.5
165658.6
165659.212
165659.7
165726.2
165726.4
165777.5
166226.3
166578.4
166682.5
166726.1
167594.6
167595.212
167595.7
167662.2
167662.4
167711.5
168162.3
168223.4
168409.5
168529.4
168642.5
168662.1
169478.6
169479.212
169479.7
169551.2
169551.4
169664.5
170051.3
170551.1
171994.4
172111.5
172644.6
172645.212
172645.7
172730.2
172730.4
172815.5
173230.3
173730.1
174505.4
174675.5
175039.6
175040.212
175040.7
175113.2
175113.4
175166.5
175613.3
176113.1
177298.4
180000.9
123456789
8
01
15
8
01
15
1
FI
1
1
9
51
30
10
24
30
6
2
822
0
0
0
314159265
74
0
172
180000
314159265
0.1
288.4
333.5
467.4
524.5
530.4
550.5
645.6
646.212
646.7
700.2
700.4
771.5
1159.4
1200.3
1209.5
1450.6
1451.7
1523.4
1624.5
1700.1
1816.4
1876.5
1883.4
1919.5
2011.6
2012.212
2012.7
2065.2
2065.4
2123.5
2466.4
2519.5
2565.3
2629.6
2630.7
2673.6
2674.7
2723.6
2724.7
2877.6
2878.7
3012.4
3065.1
3090.5
3167.6
3168.212
3168.7
3216.2
3216.4
3286.5
3620.4
3716.3
3738.5
3963.6
3964.7
4078.6
4079.7
4216.1
4319.6
4320.212
4320.7
4373.2
4373.4
4444.5
4563.4
4645.5
4873.3
4977.4
5170.5
5373.1
5747.6
5748.212
5748.7
5802.2
5802.4
5911.5
6302.3
6505.4
6556.5
6751.6
6752.7
6802.1
6903.4
6989.5
6994.4
7033.5
7103.6
7104.212
7104.7
7157.2
7157.4
7230.5
7475.4
7558.5
7657.3
7930.4
8090.5
8157.1
8346.4
8417.5
8487.6
8488.212
8488.7
8548.2
8548.4
8623.5
9048.3
9548.1
9691.4
9734.5
9799.6
9800.212
9800.7
9855.2
9855.4
9934.5
10355.3
10629.4
10827.5
10855.1
10955.6
10956.212
10956.7
11006.2
11006.4
11059.5
11506.3
11682.4
11686.5
11687.4
11715.5
11828.6
11829.7
11957.6
11958.7
12006.1
12190.4
12222.5
12302.6
12303.212
12303.7
12354.2
12354.4
12397.5
12854.3
12977.4
13145.5
13306.4
13354.1
13379.5
13522.6
13523.212
13523.7
13579.2
13579.4
13663.5
14079.3
14579.1
14837.6
14838.212
14838.7
14895.2
14895.4
14963.5
15395.3
15895.1
16015.6
16016.212
16016.7
16092.2
16092.4
16145.5
16592.3
17092.1
17194.6
17195.212
17195.7
17273.2
17273.4
17364.5
17773.3
18273.1
18579.6
18580.212
18580.7
18646.2
18646.4
18705.5
19146.3
19448.4
19646.1
19657.5
19964.6
19965.212
19965.7
20063.2
20063.4
20108.5
20563.3
20994.4
21063.1
21178.5
21390.6
21391.212
21391.7
21448.6
21449.7
21516.2
21516.4
21561.5
22016.3
22467.4
22516.1
22541.5
22750.6
22751.212
22751.7
22827.2
22827.4
22879.5
23032.4
23106.5
23327.3
23827.1
24204.6
24205.212
24205.7
24270.2
24270.4
24321.5
24770.3
25270.1
25389.4
25433.5
25750.6
25751.212
25751.7
25819.2
25819.4
25897.5
26319.3
26776.4
26819.1
26848.5
27091.6
27092.212
27092.7
27159.2
27159.4
27267.5
27659.3
27813.4
28159.1
28287.5
28502.6
28503.212
28503.7
28559.2
28559.4
28615.5
29059.3
29559.1
29937.6
29938.212
29938.7
29997.2
29997.4
30301.5
30492.4
30497.3
30997.1
31814.5
32154.6
32155.212
32155.7
32228.2
32228.4
32272.5
32728.3
33228.1
33370.4
33432.5
34166.4
34221.5
34480.6
34481.212
34481.7
34545.2
34545.4
34612.5
34859.4
34951.5
35045.3
35315.4
35437.5
35545.1
35648.6
35649.212
35649.7
35705.2
35705.4
35763.5
36205.3
36705.1
36757.4
37269.5
37497.6
37498.212
37498.7
37569.2
37569.4
37606.5
38069.3
38567.4
38569.1
38629.5
38836.6
38837.212
38837.7
38902.2
38902.4
38954.5
39402.3
39902.1
39939.4
40024.5
40482.6
40483.212
40483.7
40750.2
40750.4
40853.5
41250.3
41365.4
41487.5
41615.4
41741.5
41750.1
41915.6
41916.212
41916.7
41968.2
41968.4
42023.5
42468.3
42968.1
43196.4
43342.5
43525.6
43526.212
43526.7
43633.2
43633.4
43681.5
44133.3
44633.1
46407.6
46408.212
46408.7
46488.2
46488.4
46524.5
46988.3
47488.1
47656.4
47724.5
47937.6
47938.212
47938.7
48010.2
48010.4
48082.5
48509.4
48510.3
48571.5
48866.4
49010.1
49015.5
49196.6
49197.212
49197.7
49260.2
49260.4
49349.5
49760.3
50260.1
50480.4
50558.5
50773.4
50903.5
50914.4
50930.5
51019.6
51020.212
51020.7
51085.2
51085.4
51123.5
51585.3
52085.1
52812.6
52813.212
52813.7
52873.2
52873.4
52957.5
53373.3
53873.1
54098.6
54099.212
54099.7
54162.2
54162.4
54234.5
54662.3
55162.1
55863.6
55864.212
55864.7
55924.2
55924.4
56008.5
56424.3
56924.1
57629.6
57630.212
57630.7
57709.2
57709.4
57757.5
58209.3
58438.4
58611.5
58709.1
58825.6
58826.212
58826.7
58855.6
58856.7
58920.2
58920.4
58979.5
59420.3
59920.1
60131.4
60233.5
61126.6
61127.212
61127.7
61229.2
61229.4
61298.5
61729.3
61780.4
61888.5
62126.6
62127.7
62216.6
62217.7
62229.1
62436.6
62437.212
62437.7
62508.2
62508.4
62629.5
63008.3
63508.1
64165.4
64220.5
64298.6
64299.212
64299.7
64365.2
64365.4
64420.5
64865.3
65365.1
65878.6
65879.212
65879.7
65944.2
65944.4
66015.5
66444.3
66944.1
67159.4
67270.5
67580.6
67581.212
67581.7
67646.2
67646.4
67719.5
68146.3
68646.1
69146.4
69236.5
69373.6
69374.212
69374.7
69445.2
69445.4
69497.5
69945.3
70445.1
71022.4
71085.5
71424.6
71425.212
71425.7
71495.2
71495.4
71573.5
71995.3
72495.1
73586.4
73602.5
77155.4
77284.5
77650.6
77651.212
77651.7
77746.2
77746.4
77843.5
78246.3
78746.1
89894.4
90273.5
90526.4
90556.5
97261.6
97262.212
97262.7
97383.2
97383.4
97483.5
97883.3
97908.4
98051.5
98383.1
102335.4
102381.5
104698.4
104833.5
106388.4
106621.5
106715.4
106993.5
110238.4
110412.5
110619.6
110620.212
110620.7
110697.2
110697.4
110753.5
111197.3
111697.1
112148.4
112333.5
112375.4
112392.5
112526.6
112527.212
112527.7
112581.2
112581.4
112666.5
113081.3
113115.4
113380.5
113417.4
113507.5
113581.1
113744.4
113839.5
113907.6
113908.212
113908.7
113962.2
113962.4
114026.5
114462.3
114962.1
115215.4
115272.5
115329.4
115399.5
115487.6
115488.212
115488.7
115547.2
115547.4
115595.5
116047.3
116547.1
117185.6
117186.212
117186.7
117242.2
117242.4
117287.5
117742.3
118242.1
118635.4
118756.5
119052.6
119053.212
119053.7
119118.2
119118.4
119205.5
119618.3
120118.1
120155.4
120158.5
120163.4
120240.5
121256.6
121257.212
121257.7
121416.2
121416.4
121459.5
121916.3
122416.1
122716.4
122839.5
123026.6
123027.212
123027.7
123100.2
123100.4
123140.5
123600.3
124100.1
124556.6
124557.212
124557.7
124613.2
124613.4
124666.5
125113.3
125613.1
126331.4
126393.5
126513.6
126514.212
126514.7
126568.2
126568.4
126707.5
127068.3
127568.1
128438.6
128439.212
128439.7
128580.2
128580.4
128676.5
129080.3
129580.1
131759.4
131794.5
131878.6
131879.212
131879.7
131943.2
131943.4
132052.5
132443.3
132943.1
133742.6
133743.212
133743.7
133803.2
133803.4
133918.5
134303.3
134803.1
135230.4
135271.5
135368.6
135369.212
135369.7
135422.2
135422.4
135584.5
135764.4
135922.3
135989.5
136422.1
137499.4
137535.5
137638.6
137639.212
137639.7
137691.2
137691.4
137771.5
138191.3
138691.1
139023.4
139071.5
139227.4
139310.5
139374.6
139375.212
139375.7
139434.2
139434.4
139438.5
139457.4
139522.5
139934.3
140338.4
140380.5
140434.1
140567.6
140568.212
140568.7
140620.2
140620.4
140686.5
141120.3
141620.1
142103.6
142104.212
142104.7
142166.2
142166.4
142219.5
142666.3
143166.1
143422.4
143426.5
143429.4
143460.5
143544.6
143545.212
143545.7
143599.2
143599.4
143640.5
144099.3
144599.1
145454.6
145455.212
145455.7
145529.2
145529.4
145612.5
146029.3
146529.1
147078.4
147122.5
147229.6
147230.212
147230.7
147289.2
147289.4
147366.5
147789.3
148289.1
148948.4
149170.5
149295.4
149307.5
163640.4
163786.5
163826.4
163833.5
164148.6
164149.212
164149.7
164244.2
164244.4
164344.5
164744.3
165244.1
165693.4
165720.5
165948.6
165949.212
165949.7
166010.2
166010.4
166075.5
166510.3
167010.1
167311.4
167380.5
167547.4
167649.5
167763.6
167764.212
167764.7
167825.2
167825.4
167864.5
168325.3
168825.1
175369.6
175370.212
175370.7
175810.2
175810.4
175818.5
175849.4
175919.5
176014.4
176123.5
176310.3
176810.1
179500.6
179501.212
180000.9
123456789
8
02
15
8
02
15
1
FI
1
1
9
51
24
10
24
25
6
2
636
0
0
0
314159265
56
0
133
180000
314159265
0.1
1.4
108.5
251.4
285.5
345.6
346.212
346.7
403.2
403.4
479.5
903.3
1139.4
1195.5
1237.4
1272.5
1353.6
1354.7
1403.1
1428.6
1429.212
1429.7
1490.2
1490.4
1574.5
1990.3
2197.4
2259.5
2445.6
2446.7
2474.6
2475.7
2490.1
2598.4
2627.5
2686.6
2687.212
2687.7
2743.2
2743.4
2861.5
3243.3
3443.4
3497.5
3586.6
3587.7
3678.6
3679.7
3743.1
3863.6
3864.212
3864.7
3929.2
3929.4
3984.5
4429.3
4606.4
4646.5
4842.6
4843.7
4929.1
5044.4
5080.5
5141.6
5142.212
5142.7
5203.2
5203.4
5310.5
5703.3
6024.4
6062.5
6167.6
6168.7
6203.1
6255.6
6256.212
6256.7
6326.2
6326.4
6371.5
6514.4
6588.5
6826.3
7051.4
7141.5
7326.1
7631.6
7632.212
7632.7
7686.2
7686.4
7766.5
8146.4
8186.3
8229.5
8349.4
8392.5
8560.6
8561.7
8686.1
8729.6
8730.212
8730.7
8799.2
8799.4
8864.5
9299.3
9799.1
9941.4
10025.5
10088.6
10089.212
10089.7
10144.2
10144.4
10210.5
10644.3
11087.4
11127.5
11144.1
11240.6
11241.212
11241.7
11350.2
11350.4
11421.5
11850.3
12269.4
12308.5
12350.1
12495.6
12496.212
12496.7
12562.2
12562.4
12633.5
13062.3
13562.1
13688.6
13689.212
13689.7
13751.2
13751.4
13819.5
14251.3
14544.4
14624.5
14751.1
15190.4
15270.5
15526.6
15527.212
15527.7
15675.6
15676.7
15734.2
15734.4
15814.5
16234.3
16688.4
16734.1
16794.5
16915.4
17126.5
17282.6
17283.212
17283.7
17340.2
17340.4
17399.5
17840.3
18340.1
18347.4
18415.5
18655.4
18688.5
18917.4
19052.5
19173.4
19232.5
19311.6
19312.212
19312.7
19364.2
19364.4
19399.5
19864.3
20364.1
20438.4
20468.5
20636.6
20637.212
20637.7
20702.2
20702.4
20747.5
21202.3
21683.4
21702.1
21758.5
21862.6
21863.212
21863.7
21927.2
21927.4
22034.5
22203.4
22260.5
22427.3
22927.1
23215.4
23264.5
23387.6
23388.212
23388.7
23447.2
23447.4
23488.5
23947.3
24322.4
24393.5
24447.1
24721.6
24722.212
24722.7
24813.2
24813.4
24851.5
25313.3
25796.4
25813.1
25842.5
25843.4
25845.5
26000.6
26001.212
26001.7
26056.2
26056.4
26126.5
26556.3
27056.1
27209.4
27371.5
27525.6
27526.212
27526.7
27588.2
27588.4
27646.5
28088.3
28588.1
28979.6
28980.212
28980.7
29041.2
29041.4
29084.5
29541.3
30041.1
30074.4
30156.5
30755.4
30759.5
30762.4
30843.5
31079.6
31080.212
31080.7
31167.2
31167.4
31230.5
31667.3
32167.1
32387.4
32436.5
32589.6
32590.212
32590.7
32651.2
32651.4
32720.5
33151.3
33651.1
40358.4
40409.5
40417.4
40675.5
45316.4
45364.5
45367.4
45433.5
46902.6
46903.212
46903.7
46997.2
46997.4
47066.5
47497.3
47997.1
50154.6
50155.212
50155.7
50204.6
50205.7
50353.2
50353.4
50403.5
50853.3
51194.4
51353.1
51625.5
52635.6
52636.212
52636.7
52697.2
52697.4
52734.5
53197.3
53547.4
53694.5
53697.1
53932.6
53933.212
53933.7
53987.2
53987.4
54046.5
54487.3
54987.1
55120.4
55179.5
55473.4
55519.5
55695.4
55734.5
55806.6
55807.212
55807.7
55865.2
55865.4
55908.5
56365.3
56865.1
56870.4
56982.5
57195.6
57196.212
57196.7
57292.2
57292.4
57518.5
57649.6
57650.7
57792.3
57903.6
57904.7
58267.6
58268.7
58292.1
58436.6
58437.212
58437.7
58585.2
58585.4
58665.5
59085.3
59585.1
59912.4
59953.5
60145.6
60146.212
60146.7
60195.2
60195.4
60242.5
60695.3
61195.1
61516.4
61591.5
61729.6
61730.212
61730.7
61787.2
61787.4
61857.5
62287.3
62787.1
63008.4
63118.5
63296.6
63297.212
63297.7
63361.2
63361.4
63398.5
63861.3
64361.1
64606.4
64714.5
65194.6
65195.212
65195.7
65261.2
65261.4
65355.5
65761.3
66261.1
66478.6
66479.212
66479.7
66535.2
66535.4
66607.5
67035.3
67535.1
68222.6
68223.212
68223.7
68301.2
68301.4
68366.5
68801.3
69301.1
69819.4
69910.5
70047.6
70048.212
70048.7
70107.2
70107.4
70173.5
70607.3
71107.1
73460.6
73461.212
73461.7
74214.2
74214.4
74293.5
74714.3
75214.1
81759.4
81850.5
85132.4
85225.5
86691.6
86692.212
86692.7
87558.2
87558.4
87589.5
88058.3
88558.1
92159.4
92174.5
92250.6
92251.212
92251.7
101438.2
101438.4
101444.5
101447.4
101586.5
101938.3
102438.1
103250.6
103251.212
103251.7
103353.2
103353.4
103465.5
103853.3
103916.4
103919.5
103921.4
103923.5
103954.4
104029.5
104353.1
105220.4
105294.5
106321.4
106409.5
107400.4
107530.5
108521.4
108900.5
109381.6
109382.212
109382.7
109450.2
109450.4
109551.5
109950.3
110450.1
110679.4
110836.5
111027.6
111028.212
111028.7
111091.2
111091.4
111139.5
111591.3
112091.1
112559.4
112640.5
112953.6
112954.212
112954.7
113016.2
113016.4
113061.5
113516.3
114016.1
116463.4
116531.5
116629.6
116630.212
116630.7
116700.2
116700.4
116810.5
117200.3
117700.1
118302.4
118380.5
118475.6
118476.212
118476.7
118535.2
118535.4
118580.5
119035.3
119535.1
120145.4
120190.5
120280.6
120281.212
120281.7
120347.2
120347.4
120399.5
120847.3
121347.1
121986.4
122041.5
122114.6
122115.212
122115.7
122172.2
122172.4
122212.5
122672.3
123172.1
124011.4
124188.5
124318.6
124319.212
124319.7
124376.2
124376.4
124456.5
124876.3
125376.1
126299.6
126300.212
126300.7
126360.2
126360.4
126547.5
126860.3
127056.4
127163.5
127360.1
127695.6
127696.212
127696.7
127761.2
127761.4
127834.5
128261.3
128761.1
129267.4
129342.5
140684.6
140685.212
140685.7
140835.2
140835.4
140958.5
141335.3
141835.1
144119.6
144120.212
144120.7
144216.6
144217.7
145421.2
145421.4
145660.5
145921.3
146421.1
147483.6
147484.212
147484.7
147616.2
147616.4
147698.5
147702.4
147892.5
148116.3
148616.1
153278.6
153279.212
153279.7
167342.2
167342.4
167842.3
167985.5
168231.4
168342.1
168368.5
168372.4
168376.5
168416.4
168471.5
168792.4
168927.5
169121.6
169122.212
180000.9
123456789
8
03
15
8
03
15
1
FI
1
1
9
53
43
10
26
43
6
2
591
0
0
0
314159265
52
0
123
180000
314159265
0.1
31.4
101.5
230.4
256.5
326.6
327.212
327.7
373.2
373.4
454.5
805.4
873.3
893.5
1210.6
1211.7
1373.1
1620.6
1621.212
1621.7
1675.2
1675.4
1746.5
2076.4
2175.3
2358.5
2548.6
2549.7
2599.6
2600.7
2675.1
2849.6
2850.212
2850.7
2898.2
2898.4
2977.5
3398.3
3461.4
3647.5
3898.1
4404.6
4405.212
4405.7
4456.2
4456.4
4506.5
4926.4
4956.3
5066.5
5428.6
5429.7
5456.1
5511.4
5547.5
5604.6
5605.212
5605.7
5662.2
5662.4
5708.5
6162.3
6251.4
6317.5
6601.6
6602.7
6662.1
6769.4
6804.5
6863.6
6864.212
6864.7
6914.2
6914.4
6992.5
7414.3
7482.4
7544.5
7794.6
7795.7
7855.6
7856.7
7914.1
8132.6
8133.212
8133.7
8180.2
8180.4
8260.5
8680.3
8940.4
8971.5
9111.6
9112.7
9180.1
9316.4
9321.5
9387.6
9388.212
9388.7
9438.2
9438.4
9501.5
9938.3
10110.4
10155.5
10374.6
10375.7
10438.1
10515.6
10516.212
10516.7
10573.2
10573.4
10615.5
11073.3
11200.4
11264.5
11573.1
11659.6
11660.212
11660.7
11714.2
11714.4
11786.5
11987.4
12193.5
12214.3
12714.1
13356.4
13421.5
13491.6
13492.212
13492.7
13543.2
13543.4
13608.5
14043.3
14203.4
14405.5
14541.6
14542.7
14543.1
14693.6
14694.212
14694.7
14763.2
14763.4
14829.5
15263.3
15589.4
15590.5
15592.4
15613.5
15763.1
15805.6
15806.212
15806.7
15873.2
15873.4
16055.5
16373.3
16873.1
17204.6
17205.212
17205.7
17249.2
17249.4
17320.5
17749.3
18245.4
18249.1
18287.5
18427.6
18428.212
18428.7
18478.2
18478.4
18578.5
18978.3
19478.1
19658.4
19674.5
19733.6
19734.212
19734.7
19789.2
19789.4
19853.5
20289.3
20425.4
20520.5
20789.1
21080.6
21081.212
21081.7
21135.2
21135.4
21221.5
21635.3
21691.4
21764.5
22135.1
22568.6
22569.212
22569.7
22633.2
22633.4
22692.5
23133.3
23633.1
24001.4
24044.5
24128.6
24129.212
24129.7
24220.2
24220.4
24278.5
24720.3
25182.4
25220.1
25314.5
25487.6
25488.212
25488.7
25539.2
25539.4
25609.5
26039.3
26472.4
26475.5
26477.4
26539.1
26706.5
26904.6
26905.212
26905.7
26966.2
26966.4
27073.5
27466.3
27966.1
28091.4
28211.5
28322.6
28323.212
28323.7
28383.2
28383.4
28431.5
28883.3
29383.1
29473.4
29560.5
30052.6
30053.212
30053.7
30114.2
30114.4
30203.5
30614.3
31114.1
31183.4
31253.5
32092.6
32093.212
32093.7
32150.2
32150.4
32232.5
32650.3
33150.1
33394.4
33511.5
33784.4
33838.5
34116.6
34117.212
34117.7
34171.2
34171.4
34228.5
34387.4
34451.5
34671.3
35171.1
35334.4
35404.5
35618.6
35619.212
35619.7
35674.2
35674.4
35781.5
36174.3
36674.1
37068.4
37200.5
37336.6
37337.212
37337.7
37389.2
37389.4
37437.5
37889.3
38308.4
38389.1
38395.5
39259.6
39260.212
39260.7
39317.2
39317.4
39367.5
39817.3
40234.4
40317.1
40329.5
40806.6
40807.212
40807.7
40861.2
40861.4
40924.5
41361.3
41861.1
42536.4
42539.5
42544.4
42548.5
42553.4
42587.5
42652.6
42653.212
42653.7
42712.2
42712.4
42803.5
43212.3
43712.1
48485.6
48486.212
48486.7
49980.2
49980.4
50154.5
50480.3
50980.1
54602.6
54603.212
54603.7
56285.2
56285.4
56369.5
56785.3
57285.1
57474.6
57475.212
57475.7
57683.2
57683.4
57795.5
58183.3
58683.1
63816.6
63817.212
63817.7
63888.2
63888.4
64100.5
64309.4
64373.5
64388.3
64888.1
65921.6
65922.212
65922.7
66175.2
66175.4
66323.5
66488.4
66535.5
66675.3
66777.6
66778.7
67175.1
68251.4
68398.5
71504.6
71505.212
71505.7
72926.2
72926.4
72978.5
73426.3
73926.1
78282.6
78283.212
78283.7
78353.2
78353.4
78853.3
78956.5
79353.1
79850.4
79901.5
80253.4
80258.5
80259.4
80345.5
81299.4
81401.5
82233.4
82302.5
83072.4
83174.5
83587.4
83759.5
83812.4
83879.5
84142.6
84143.212
84143.7
84195.2
84195.4
84292.5
84695.3
85195.1
85445.4
85789.5
85938.6
85939.212
85939.7
85996.2
85996.4
86056.5
86496.3
86816.4
86898.5
86996.1
87069.6
87070.212
87070.7
87144.2
87144.4
87213.5
87644.3
88144.1
88241.4
88286.5
88487.6
88488.212
88488.7
88546.2
88546.4
88621.5
89046.3
89546.1
90011.6
90012.212
90012.7
90112.2
90112.4
90117.5
90123.4
90202.5
90612.3
91112.1
91179.4
91290.5
91562.4
91616.5
91729.6
91730.212
91730.7
91794.2
91794.4
91851.5
92294.3
92794.1
92938.4
93093.5
93268.6
93269.212
93269.7
93340.2
93340.4
93392.5
93840.3
94340.1
94754.4
94789.5
94911.6
94912.212
94912.7
94972.2
94972.4
95072.5
95472.3
95972.1
96401.4
96484.5
96642.6
96643.212
96643.7
96709.2
96709.4
96766.5
97209.3
97709.1
100256.6
100257.212
100257.7
100800.2
100800.4
100872.5
100953.4
101053.5
101067.4
101077.5
101091.4
101163.5
101300.3
101800.1
104633.4
104769.5
106854.4
106990.5
109344.6
109345.212
109345.7
121314.6
121315.7
127257.6
127258.7
127303.6
127304.7
129858.2
129858.4
130228.5
130358.3
130858.1
131156.6
131157.212
131157.7
131227.6
131228.7
131330.2
131330.4
131515.5
131830.3
132330.1
133741.6
133742.212
133742.7
133952.2
133952.4
134040.5
134452.3
134952.1
136760.6
136761.212
136761.7
137670.2
137670.4
137832.5
138170.3
138670.1
139657.4
139831.5
140038.4
140057.5
142778.4
142856.5
151433.4
151515.5
154039.4
154626.5
163073.6
163074.212
163074.7
168144.2
168144.4
168211.5
168644.3
169144.1
177569.4
180000.9
123456789
8
04
15
8
04
15
1
FI
1
1
10
04
58
10
37
58
6
2
373
0
0
0
314159265
28
1
89
180000
314159265
0.1
93.4
124.5
233.4
283.5
337.6
338.212
338.7
392.2
392.4
472.5
845.4
892.3
984.5
1392.1
1478.6
1479.212
1479.7
1529.2
1529.4
1644.5
2029.3
2035.4
2173.5
2480.6
2481.7
2529.1
2623.6
2624.212
2624.7
2681.2
2681.4
2719.5
3066.4
3146.5
3181.3
3681.1
3814.6
3815.212
3815.7
3947.6
3948.7
4032.2
4032.4
4066.5
4532.3
4717.4
4816.5
5032.1
5281.6
5282.212
5282.7
5339.2
5339.4
5475.5
5692.4
5759.5
5839.3
6251.6
6252.7
6339.1
6519.4
6557.5
6745.4
6834.5
6836.4
6852.5
6879.4
7209.5
7213.4
7223.5
7345.6
7346.212
7346.7
7400.2
7400.4
7452.5
7900.3
7948.4
8004.5
8181.6
8182.7
8268.4
8303.5
8386.6
8387.7
8400.1
8514.6
8515.212
8515.7
8609.2
8609.4
8650.5
9109.3
9609.1
9640.6
9641.212
9641.7
9700.2
9700.4
9799.5
10200.3
10326.4
10382.5
10501.6
10502.7
10575.6
10576.7
10700.1
10742.6
10743.212
10743.7
10812.2
10812.4
10908.5
11263.4
11312.3
11382.5
11644.6
11645.7
11786.6
11787.7
11812.1
11956.6
11957.212
11957.7
12015.2
12015.4
12060.5
12515.3
12850.4
12882.5
12987.6
12988.7
13015.1
13038.6
13039.212
13039.7
13208.2
13208.4
13286.5
13708.3
13996.4
14081.5
14208.1
14318.6
14319.212
14319.7
14378.2
14378.4
14449.5
14878.3
15042.4
15378.1
15883.5
16472.6
16473.212
16473.7
16523.2
16523.4
16574.5
17023.3
17369.4
17451.5
17523.1
17610.6
17611.212
17611.7
17692.2
17692.4
17730.5
18192.3
18548.4
18649.5
18692.1
19032.4
19086.5
19147.6
19148.212
19148.7
19207.2
19207.4
19325.5
19707.3
20207.1
20302.6
20303.212
20303.7
20365.2
20365.4
20459.5
20865.3
21225.4
21365.1
21431.5
21710.6
21711.212
21711.7
21760.2
21760.4
21807.5
22260.3
22760.1
22783.4
22832.5
23169.4
23170.5
23172.4
23173.5
23247.6
23248.212
23248.7
23301.2
23301.4
23357.5
23801.3
24301.1
24524.6
24525.212
24525.7
24588.2
24588.4
24632.5
25088.3
25248.4
25250.5
25256.4
25305.5
25588.1
27540.6
27541.212
27541.7
27638.2
27638.4
27758.5
27854.4
27908.5
28138.3
28638.1
29052.4
29349.5
29350.4
29356.5
33070.4
33110.5
33228.6
33229.212
33229.7
33298.2
33298.4
33405.5
33468.4
33502.5
33603.6
33604.7
33798.3
34298.1
35732.6
35733.212
35733.7
35884.2
35884.4
35944.5
36384.3
36884.1
48368.4
48706.5
51033.6
51034.212
51034.7
53237.2
53237.4
53244.5
53245.4
53246.5
53737.3
54237.1
55133.4
55983.5
57231.4
57858.5
58106.4
58144.5
62689.4
62699.5
85508.6
85509.212
85509.7
85614.2
85614.4
85662.5
86114.3
86614.1
88514.4
88619.5
111219.4
111251.5
111752.8
111753.8
117311.4
119430.5
119934.4
120049.5
121302.4
121396.5
121625.4
121701.5
122279.6
122280.212
122280.7
128199.2
128199.4
128358.5
128699.3
129199.1
131579.4
132213.5
132926.4
133063.5
133092.4
133216.5
137415.4
137469.5
137489.4
137652.5
148045.6
148046.212
148046.7
148136.2
148136.4
148278.5
148636.3
149136.1
149570.4
149767.5
158087.6
158088.212
158088.7
159477.2
159477.4
159617.5
159977.3
160026.4
160169.5
160477.1
160980.4
161039.5
161916.4
162062.5
164041.6
164042.212
164042.7
164669.2
164669.4
164922.5
165169.3
165669.1
168207.4
168474.5
172767.4
172912.5
176168.4
176364.5
176365.4
176366.5
176502.4
176507.5
176508.4
176630.5
176741.4
180000.9
123456789
8
05
15
8
05
15
1
FI
1
1
9
50
48
10
23
48
6
2
407
0
0
0
314159265
34
1
79
180000
314159265
0.1
1.4
66.5
272.6
273.212
273.7
329.2
329.4
381.5
829.3
902.4
975.5
1329.1
1505.6
1506.212
1506.7
1562.2
1562.4
1708.5
2062.3
2099.4
2224.5
2562.1
2656.6
2657.212
2657.7
2697.2
2697.4
2750.5
3002.4
3168.5
3197.3
3414.6
3415.7
3474.6
3475.7
3526.6
3527.7
3697.1
3721.6
3722.212
3722.7
3770.2
3770.4
3837.5
4270.3
4283.4
4357.5
4501.6
4502.7
4574.6
4575.7
4770.1
5053.6
5054.212
5054.7
5106.2
5106.4
5225.5
5239.4
5305.5
5488.6
5489.7
5544.6
5545.7
5606.3
5854.6
5855.7
6106.1
6147.4
6253.5
6364.4
6411.5
6504.6
6505.212
6505.7
6546.2
6546.4
6591.5
7046.3
7225.4
7271.5
7276.4
7346.5
7507.6
7508.7
7546.1
7609.4
7618.5
7688.6
7689.212
7689.7
7735.2
7735.4
7788.5
8235.3
8342.4
8396.5
8735.1
8841.6
8842.212
8842.7
8893.2
8893.4
8973.5
9393.3
9893.1
9989.4
10006.5
10087.6
10088.212
10088.7
10133.2
10133.4
10194.5
10633.3
10666.4
10714.5
11133.1
11879.4
11935.5
12139.6
12140.212
12140.7
12200.2
12200.4
12240.5
12700.3
13200.1
13735.6
13736.212
13736.7
13781.2
13781.4
13827.5
14086.4
14150.5
14281.3
14781.1
14785.4
14828.5
14983.6
14984.212
14984.7
15030.2
15030.4
15083.5
15530.3
15783.4
15867.5
15945.4
16030.1
16050.5
16532.6
16533.212
16533.7
16600.2
16600.4
16669.5
17100.3
17600.1
19691.4
19701.5
19708.4
19734.5
22334.4
22367.5
28611.4
28803.5
29311.4
29353.5
31998.4
32069.5
32379.8
32380.8
39708.6
39709.212
39709.7
39893.2
39893.4
40074.5
40393.3
40726.4
40850.5
40893.1
41673.4
41929.5
43329.4
44377.5
44878.4
45008.5
47255.6
47256.212
47256.7
47378.2
47378.4
47798.5
47878.3
48378.1
49670.6
49671.212
49671.7
49775.2
49775.4
49950.5
50147.4
50231.5
50275.3
50775.1
52819.4
53173.5
53901.6
53902.212
53902.7
62531.2
62531.4
62646.5
63031.3
63531.1
64553.6
64554.212
64554.7
64727.6
64728.7
64901.2
64901.4
65034.5
65401.3
65901.1
67511.4
67601.5
68396.6
68397.212
68397.7
71893.2
71893.4
71935.5
72393.3
72893.1
73572.6
73573.212
73573.7
81654.2
81654.4
81967.5
82154.3
82654.1
83026.6
83027.212
83027.7
87389.2
87389.4
87479.5
87889.3
88389.1
89327.4
89463.5
90424.4
90568.5
91802.6
91803.212
91803.7
92110.6
92111.7
92233.6
92234.7
92300.2
92300.4
92367.5
92680.4
92684.5
92800.3
93300.1
99019.6
99020.212
99020.7
99948.2
99948.4
100067.5
100448.3
100948.1
102619.6
102620.212
102620.7
103405.2
103405.4
103586.5
103905.3
104405.1
106900.6
106901.212
106901.7
107407.6
107408.7
108316.2
108316.4
108592.5
108816.3
109316.1
110708.6
110709.212
110709.7
131645.2
131645.4
131755.5
131931.4
132145.3
132645.1
132855.5
133309.6
133310.212
133310.7
133383.2
133383.4
133416.5
133883.3
134383.1
136379.4
136484.5
140364.6
140365.212
140365.7
140417.6
140418.7
140767.6
140768.7
140971.2
140971.4
141203.5
141471.3
141482.4
141586.5
141971.1
142208.6
142209.212
142209.7
142303.6
142304.7
142489.6
142490.7
142572.2
142572.4
142597.5
143072.3
143572.1
144058.6
144059.212
144059.7
144349.6
144350.7
144495.2
144495.4
144507.5
144829.4
144923.5
144995.3
145495.1
145870.6
145871.212
145871.7
145971.2
145971.4
146089.5
146114.4
146193.5
146471.3
146971.1
146987.4
147396.5
147511.4
147534.5
149276.6
149277.212
149277.7
149499.6
149500.7
149605.6
149606.7
159596.2
159596.4
159678.5
159684.4
159790.5
160096.3
160596.1
161919.4
162049.5
169258.6
169259.212
169259.7
169436.2
169436.4
169841.5
169848.4
169850.5
169936.3
170436.1
172910.6
172911.212
172911.7
177104.2
177104.4
177361.5
177604.3
180000.9
123456789
8
06
15
8
06
15
1
FI
1
1
9
50
30
10
23
30
6
2
723
0
0
0
314159265
65
0
137
180000
314159265
0.1
196.6
197.212
197.7
308.2
308.4
406.5
808.3
967.4
1027.5
1124.4
1135.5
1266.6
1267.7
1308.1
1433.4
1466.5
1526.6
1527.212
1527.7
1574.2
1574.4
1650.5
2074.3
2124.4
2198.5
2204.4
2217.5
2340.6
2341.7
2481.6
2482.7
2574.1
2775.4
2802.5
2903.4
2922.5
3014.6
3015.212
3015.7
3057.2
3057.4
3105.5
3112.4
3141.5
3180.4
3227.5
3293.6
3294.7
3350.6
3351.7
3557.3
3568.6
3569.7
3922.6
3923.7
4057.1
4119.6
4120.212
4120.7
4169.2
4169.4
4250.5
4669.3
4708.4
4773.5
5092.6
5093.7
5169.1
5291.6
5292.212
5292.7
5336.2
5336.4
5385.5
5789.4
5836.3
5889.5
6295.6
6296.7
6336.1
6698.6
6699.212
6699.7
6798.2
6798.4
6843.5
7298.3
7305.4
7348.5
7732.6
7733.7
7798.1
7933.6
7934.212
7934.7
7988.2
7988.4
8064.5
8488.3
8717.4
8792.5
8988.1
9103.6
9104.212
9104.7
9151.2
9151.4
9185.5
9651.3
9716.4
9788.5
10102.6
10103.7
10151.1
10341.6
10342.212
10342.7
10420.2
10420.4
10492.5
10920.3
11221.4
11303.5
11420.1
11528.6
11529.212
11529.7
11578.2
11578.4
11647.5
12078.3
12288.4
12317.5
12458.6
12459.7
12569.6
12570.7
12578.1
12650.6
12651.212
12651.7
12696.2
12696.4
12734.5
13196.3
13346.4
13435.5
13638.6
13639.7
13656.6
13657.7
13690.6
13691.7
13696.1
13762.6
13763.212
13763.7
13817.2
13817.4
13859.5
14317.3
14817.1
14916.6
14917.212
14917.7
14966.2
14966.4
15015.5
15466.3
15699.4
15740.5
15876.6
15877.7
15966.1
16055.6
16056.212
16056.7
16109.2
16109.4
16151.5
16609.3
17109.1
17333.6
17334.212
17334.7
17384.2
17384.4
17454.5
17465.4
17561.5
17688.6
17689.7
17738.6
17739.7
17884.3
17933.6
17934.7
18179.6
18180.7
18334.4
18340.5
18384.1
18438.6
18439.212
18439.7
18505.2
18505.4
18575.5
19005.3
19505.1
19649.6
19650.212
19650.7
19700.2
19700.4
19764.5
20200.3
20421.4
20486.5
20700.1
20975.6
20976.212
20976.7
21022.2
21022.4
21094.5
21522.3
21852.4
22022.1
22118.5
22284.6
22285.212
22285.7
22331.2
22331.4
22380.5
22831.3
23331.1
23503.6
23504.212
23504.7
23558.2
23558.4
23631.5
24058.3
24334.4
24432.5
24558.1
25085.4
25175.5
25379.4
25451.5
26169.6
26170.212
26170.7
26228.2
26228.4
26293.5
26728.3
27228.1
27297.4
27345.5
28061.4
28118.5
28427.6
28428.212
28428.7
28479.2
28479.4
28547.5
28979.3
29479.1
29765.6
29766.212
29766.7
29818.2
29818.4
29860.5
30318.3
30818.1
31307.6
31308.212
31308.7
31358.2
31358.4
31411.5
31858.3
32358.1
32365.4
32578.5
32840.6
32841.212
32841.7
32886.2
32886.4
32930.5
33386.3
33886.1
33912.4
33949.5
34056.6
34057.212
34057.7
34104.2
34104.4
34158.5
34604.3
35104.1
35488.4
35602.5
35842.4
35898.5
35974.6
35975.212
35975.7
36038.2
36038.4
36515.5
36538.3
37038.1
37686.6
37687.212
37687.7
37742.2
37742.4
37840.5
38242.3
38742.1
38792.4
38843.5
39043.6
39044.212
39044.7
39094.2
39094.4
39133.5
39594.3
40094.1
40149.4
40185.5
40278.6
40279.212
40279.7
40432.2
40432.4
40471.5
40932.3
41134.4
41155.5
41423.6
41424.7
41432.1
41540.6
41541.212
41541.7
41594.2
41594.4
41684.5
42053.4
42094.3
42196.5
42388.6
42389.7
42423.6
42424.7
42594.1
42708.6
42709.212
42709.7
42787.2
42787.4
42843.5
43287.3
43787.1
44233.6
44234.212
44234.7
44287.2
44287.4
44330.5
44787.3
45217.4
45248.5
45287.1
45459.6
45460.212
45460.7
45523.2
45523.4
45564.5
46023.3
46227.4
46270.5
46523.1
46630.6
46631.212
46631.7
46785.2
46785.4
46855.5
46901.4
46980.5
47285.3
47785.1
56173.4
56232.5
56759.6
56760.212
56760.7
56855.2
56855.4
56977.5
57355.3
57855.1
60186.6
60187.212
60187.7
60415.2
60415.4
60490.5
60915.3
61415.1
69545.6
69546.212
69546.7
71587.2
71587.4
71791.5
71929.4
72084.5
72087.3
72587.1
75180.6
75181.212
75181.7
75217.6
75218.7
81181.2
81181.4
81275.5
81672.4
81681.3
81970.5
82181.1
83198.4
83305.5
83541.4
83638.5
86951.6
86952.212
86952.7
89520.2
89520.4
89765.5
90020.3
90520.1
91874.4
91942.5
92404.6
92405.212
92405.7
92642.6
92643.7
93127.2
93127.4
93327.5
93627.3
94127.1
94322.4
94414.5
95337.4
95421.5
95569.4
95861.5
96123.6
96124.212
96124.7
96171.2
96171.4
96240.5
96671.3
96853.4
97115.5
97171.1
97369.4
97426.5
97428.4
97441.5
97550.6
97551.212
97551.7
97598.2
97598.4
97683.5
98098.3
98598.1
99192.4
99446.5
99610.6
99611.212
99611.7
99663.2
99663.4
99716.5
100163.3
100663.1
100850.4
100938.5
101469.4
101551.5
101755.6
101756.212
101756.7
101798.2
101798.4
101844.5
102298.3
102798.1
102994.6
102995.212
102995.7
103042.2
103042.4
103082.5
103542.3
104042.1
104369.4
104491.5
104618.6
104619.212
104619.7
104664.2
104664.4
104748.5
105164.3
105664.1
106004.6
106005.212
106005.7
106055.2
106055.4
106126.5
106217.4
106248.5
106555.3
106922.4
107055.1
107508.5
107651.6
107652.212
107652.7
107701.2
107701.4
107738.5
108201.3
108432.4
108701.1
108774.5
108941.6
108942.212
108942.7
108998.2
108998.4
109044.5
109498.3
109732.4
109776.5
109998.1
110104.6
110105.212
110105.7
110168.2
110168.4
110203.5
110290.6
110291.7
110668.3
111168.1
115160.6
115161.212
115161.7
115398.2
115398.4
115448.5
115898.3
116398.1
120136.6
120137.212
120137.7
123028.2
123028.4
123248.5
123528.3
124028.1
130178.6
130179.212
130179.7
130328.2
130328.4
130361.5
130604.4
130746.5
130751.4
130828.3
130938.5
131194.4
131293.5
131328.1
131411.4
131499.5
131769.4
131811.5
132103.4
132185.5
132221.4
132437.5
133090.4
133269.5
133469.4
133597.5
133728.6
133729.212
133729.7
133779.2
133779.4
133834.5
134279.3
134752.4
134779.1
134826.5
134995.6
134996.212
134996.7
135041.2
135041.4
135093.5
135541.3
136041.1
136752.4
136871.5
137036.6
137037.212
137037.7
137091.2
137091.4
137145.5
137591.3
138091.1
138358.4
138425.5
138626.6
138627.212
138627.7
138683.2
138683.4
138723.5
139183.3
139683.1
140283.6
140284.212
140284.7
140332.2
140332.4
140449.5
140832.3
141332.1
141890.6
141891.212
141891.7
141951.2
141951.4
142024.5
142451.3
142951.1
143801.6
143802.212
143802.7
143862.2
143862.4
143975.5
144362.3
144862.1
145302.6
145303.212
145303.7
145354.2
145354.4
145401.5
145854.3
146354.1
148066.6
148067.212
148067.7
148071.6
148072.7
148227.2
148227.4
148415.5
148727.3
149227.1
153870.4
153972.5
154696.6
154697.212
154697.7
160161.2
160161.4
160258.5
160661.3
161161.1
162632.6
162633.212
162633.7
162873.2
162873.4
163072.5
163373.3
163873.1
164234.4
180000.9
123456789
8
07
15
8
07
15
1
FI
1
1
9
51
27
10
24
27
6
2
561
0
0
0
314159265
46
0
115
180000
314159265
0.1
1.4
49.5
246.6
247.212
247.7
285.2
285.4
377.5
727.4
785.3
785.5
906.4
1101.5
1246.6
1247.7
1285.1
1298.6
1299.212
1299.7
1366.2
1366.4
1432.5
1866.3
2184.6
2185.7
2280.6
2281.7
2366.1
2587.6
2588.212
2588.7
2622.6
2623.7
2677.2
2677.4
2762.5
3177.3
3352.4
3446.5
3677.1
3681.6
3682.212
3682.7
3801.2
3801.4
3873.5
4139.4
4185.5
4301.3
4361.6
4362.7
4396.6
4397.7
4638.6
4639.7
4801.1
4877.6
4878.212
4878.7
4907.6
4908.7
4964.2
4964.4
5013.5
5464.3
5853.4
5890.5
5964.1
6098.6
6099.212
6099.7
6165.2
6165.4
6201.5
6665.3
6789.4
6843.5
7138.6
7139.7
7165.1
7221.4
7306.5
7395.6
7396.212
7396.7
7449.2
7449.4
7495.5
7949.3
8257.4
8290.5
8449.1
8697.6
8698.212
8698.7
8753.2
8753.4
8805.5
9253.3
9341.4
9612.5
9737.6
9738.7
9753.1
9925.6
9926.212
9926.7
9984.2
9984.4
10063.5
10138.4
10179.5
10484.3
10880.4
10930.5
10984.1
11134.6
11135.212
11135.7
11190.2
11190.4
11226.5
11690.3
12190.1
12235.6
12236.212
12236.7
12433.2
12433.4
12534.5
12933.3
13364.4
13433.1
13498.5
13597.6
13598.212
13598.7
13648.2
13648.4
13712.5
14148.3
14356.4
14609.5
14648.1
14749.6
14750.212
14750.7
14791.2
14791.4
14866.5
15291.3
15791.1
15902.6
15903.212
15903.7
15956.2
15956.4
16052.5
16456.3
16956.1
17201.4
17437.5
17593.4
17666.5
17750.6
17751.212
17751.7
17795.2
17795.4
17865.5
18295.3
18795.1
18941.4
19038.5
19412.6
19413.212
19413.7
19467.2
19467.4
19515.5
19770.4
19838.5
19967.3
20178.6
20179.7
20224.6
20225.7
20467.1
21214.6
21215.212
21215.7
21273.2
21273.4
21349.5
21773.3
22249.4
22273.1
22302.5
22451.6
22452.212
22452.7
22502.2
22502.4
22539.5
23002.3
23066.4
23132.5
23339.6
23340.7
23502.1
23546.6
23547.212
23547.7
23611.2
23611.4
23653.5
24111.3
24611.1
24794.4
24851.5
24943.6
24944.212
24944.7
24995.2
24995.4
25036.5
25495.3
25831.4
25995.1
26151.5
26491.4
26775.5
27145.6
27146.212
27146.7
27298.2
27298.4
27342.5
27798.3
28254.4
28298.1
28441.5
42676.4
42919.5
42937.4
42938.5
42939.4
43006.5
43199.4
43693.5
49462.4
49575.5
49779.4
49841.5
49843.4
49892.5
50010.6
50011.212
50011.7
51587.2
51587.4
51662.5
52087.3
52587.1
53139.4
53141.5
53142.4
53197.5
53302.4
53324.5
53869.6
53870.212
53870.7
53954.2
53954.4
54043.5
54454.3
54954.1
55195.4
55272.5
55575.6
55576.212
55576.7
55624.2
55624.4
55664.5
56090.4
56124.3
56141.5
56624.1
56691.4
56728.5
56971.6
56972.212
56972.7
57010.6
57011.7
57050.2
57050.4
57120.5
57550.3
58025.4
58050.1
58342.5
58485.6
58486.212
58486.7
58530.2
58530.4
58605.5
59030.3
59530.1
60138.4
60181.5
60245.6
60246.212
60246.7
60301.2
60301.4
60347.5
60801.3
61058.4
61129.5
61301.1
61497.6
61498.212
61498.7
62602.2
62602.4
62674.5
63102.3
63602.1
67129.6
67130.212
67130.7
68848.2
68848.4
68923.5
69348.3
69848.1
75323.6
75324.212
75324.7
76902.2
76902.4
77087.5
77402.3
77902.1
80735.6
80736.212
80736.7
80859.2
80859.4
81042.5
81253.4
81334.5
81359.3
81859.1
83097.6
83098.212
83098.7
85898.2
85898.4
86001.5
86008.4
86050.5
86398.3
86898.1
90332.6
90333.212
90333.7
94391.2
94391.4
94434.5
94891.3
95391.1
101604.6
101605.212
101605.7
101704.2
101704.4
102204.3
102270.5
102574.4
102660.5
102691.4
102704.1
102770.5
104531.6
104532.212
104532.7
104741.6
104742.7
104810.2
104810.4
104879.5
105310.3
105810.1
108057.6
108058.212
108058.7
109088.6
109089.7
109184.2
109184.4
109351.5
109492.4
109684.3
109832.5
109840.4
109933.5
110140.4
110183.5
110184.1
112720.6
112721.212
112721.7
112848.2
112848.4
112986.5
113348.3
113672.4
113813.5
113848.1
114003.4
114022.5
114273.6
114274.212
114274.7
114363.6
114364.7
114405.6
114406.7
114521.2
114521.4
114590.5
115021.3
115521.1
118390.6
118391.212
118391.7
119431.6
119432.7
119600.6
119601.7
120508.6
120509.7
121011.6
121012.7
121285.6
121286.7
121333.6
121334.7
121907.2
121907.4
121922.5
122189.4
122376.5
122407.3
122554.4
122620.5
122779.6
122780.7
122907.1
122918.6
122919.212
122919.7
123019.2
123019.4
123197.5
123510.4
123519.3
123588.5
124019.1
124590.4
124655.5
125573.4
125663.5
127046.4
127184.5
130846.6
130847.212
130847.7
131607.2
131607.4
131629.5
132107.3
132607.1
141507.4
141510.5
141515.4
141627.5
152741.4
152769.5
154286.4
154308.5
154866.4
154914.5
155734.4
155877.5
155881.4
155883.5
155994.4
156148.5
157145.6
157146.212
157146.7
157253.2
157253.4
157710.5
157753.3
157809.4
157893.5
158253.1
158552.4
158776.5
161987.6
161988.212
161988.7
162053.2
162053.4
162247.5
162553.3
163053.1
166997.6
166998.212
166998.7
167174.2
167174.4
167219.5
167288.4
167495.5
167674.3
168174.1
168326.6
168327.212
168327.7
168726.6
168727.7
168808.2
168808.4
169222.5
169308.3
169327.4
169443.5
169784.4
169808.1
169869.5
170712.4
170789.5
171679.6
171680.212
171680.7
173311.2
173311.4
173481.5
173811.3
180000.9
123456789
8
08
15
8
08
15
1
FI
1
1
9
52
22
10
25
22
6
2
488
0
0
0
314159265
48
0
84
180000
314159265
0.1
77.6
78.212
78.7
143.2
143.4
206.5
612.4
643.3
860.5
1143.1
1404.4
1466.5
1591.4
1651.5
1721.6
1722.212
1722.7
1842.2
1842.4
1924.5
2342.3
2418.4
2489.5
2842.1
2907.6
2908.212
2908.7
2992.2
2992.4
3124.5
3492.3
3992.1
4044.6
4045.212
4045.7
4102.2
4102.4
4161.5
4602.3
4912.4
4966.5
5067.6
5068.7
5097.6
5098.7
5102.1
5189.6
5190.212
5190.7
5242.2
5242.4
5301.5
5742.3
5796.4
5909.5
6207.6
6208.7
6242.1
6244.6
6245.212
6245.7
6283.6
6284.7
6335.2
6335.4
6376.5
6835.3
7335.1
7356.6
7357.212
7357.7
7361.6
7362.7
7433.2
7433.4
7474.5
7933.3
8433.1
8606.4
8663.5
8730.6
8731.212
8731.7
8779.2
8779.4
8825.5
9279.3
9779.1
9899.6
9900.212
9900.7
9972.2
9972.4
10014.5
10472.3
10853.4
10927.5
10972.1
11194.6
11195.212
11195.7
11241.2
11241.4
11307.5
11741.3
12241.1
12302.6
12303.212
12303.7
12311.6
12312.7
12366.2
12366.4
12439.5
12866.3
13366.1
13588.4
13635.5
13708.6
13709.212
13709.7
13769.2
13769.4
13832.5
14269.3
14769.1
15064.6
15065.212
15065.7
15112.2
15112.4
15159.5
15612.3
16112.1
16305.6
16306.212
16306.7
16377.2
16377.4
16485.5
16877.3
17301.4
17377.1
17379.5
17902.6
17903.212
17903.7
17970.2
17970.4
18038.5
18470.3
18970.1
19097.6
19098.212
19098.7
19149.2
19149.4
19209.5
19649.3
20149.1
20176.4
20303.5
20576.4
20656.5
21282.6
21283.212
21283.7
21331.6
21332.7
21393.2
21393.4
21492.5
21893.3
22393.1
22725.4
22741.5
22865.6
22866.212
22866.7
22921.2
22921.4
23008.5
23421.3
23921.1
24332.6
24333.212
24333.7
24378.2
24378.4
24432.5
24878.3
25062.4
25105.5
25232.6
25233.7
25378.1
25464.6
25465.212
25465.7
25511.2
25511.4
25644.5
26011.3
26511.1
28348.6
28349.212
28349.7
28421.2
28421.4
28510.5
28921.3
29421.1
42283.4
42549.5
51493.6
51494.212
51494.7
51581.2
51581.4
51770.5
52081.3
52581.1
69741.6
69742.212
69742.7
70921.2
70921.4
70970.5
71421.3
71921.1
72264.6
72265.212
72265.7
73509.2
73509.4
73514.5
73515.4
73832.5
74009.3
74509.1
78028.6
78029.212
78029.7
78133.2
78133.4
78329.5
78633.3
79102.4
79133.1
79181.5
80110.4
80189.5
92423.6
92424.212
92424.7
92507.2
92507.4
92632.5
93007.3
93329.4
93406.5
93507.1
107056.4
107335.5
107368.4
107371.5
107489.6
107490.212
107490.7
107583.2
107583.4
107646.5
108083.3
108419.4
108582.5
108583.1
108829.6
108830.212
108830.7
108884.2
108884.4
108981.5
109384.3
109882.4
109884.1
110017.5
110288.6
110289.212
110289.7
110351.2
110351.4
110403.5
110851.3
110894.4
110987.5
111351.1
111464.6
111465.212
111465.7
111523.2
111523.4
111574.5
111871.4
112023.3
112085.5
112523.1
112640.6
112641.212
112641.7
112735.2
112735.4
112783.5
113235.3
113735.1
113977.6
113978.212
113978.7
114032.2
114032.4
114090.5
114373.4
114435.5
114532.3
115032.1
115264.6
115265.212
115265.7
115317.2
115317.4
115401.5
115614.4
115689.5
115817.3
116061.4
116267.5
116317.1
116424.6
116425.212
116425.7
116470.6
116471.7
116525.2
116525.4
116578.5
116717.4
116780.5
117025.3
117317.4
117378.5
117525.1
117588.6
117589.212
117589.7
117695.2
117695.4
117740.5
118195.3
118695.1
118850.6
118851.212
118851.7
118912.6
118913.7
118966.2
118966.4
119012.5
119466.3
119966.1
120145.6
120146.212
120146.7
120194.2
120194.4
120271.5
120694.3
121140.4
121185.5
121194.1
121427.6
121428.212
121428.7
121487.2
121487.4
121554.5
121987.3
122487.1
122823.6
122824.212
122824.7
122881.2
122881.4
122941.5
123381.3
123881.1
124626.6
124627.212
124627.7
124705.2
124705.4
124742.5
125205.3
125705.1
126285.6
126286.212
126286.7
126348.6
126349.7
126403.2
126403.4
126462.5
126903.3
127403.1
128241.6
128242.212
128242.7
128328.2
128328.4
128415.5
128828.3
129328.1
129928.6
129929.212
129929.7
130082.6
130083.7
130165.2
130165.4
130204.5
130665.3
130735.4
130809.5
131165.1
131364.6
131365.212
131365.7
131429.2
131429.4
131462.5
131929.3
132388.4
132429.1
132517.5
132711.6
132712.212
132712.7
132777.2
132777.4
132809.5
133277.3
133777.1
134979.6
134980.212
134980.7
135062.2
135062.4
135131.5
135562.3
136062.1
141145.4
141150.5
141151.4
141281.5
142025.6
142026.212
142026.7
142114.2
142114.4
142190.5
142428.4
142461.5
142614.3
143114.1
147485.6
147486.212
147486.7
147924.6
147925.7
161868.2
161868.4
161940.5
162368.3
162868.1
170952.6
170953.212
180000.9
123456789
8
09
15
8
09
15
1
FI
1
1
9
46
22
10
19
22
6
2
401
0
0
0
314159265
30
0
89
180000
314159265
0.1
114.6
115.212
115.7
153.2
153.4
241.5
520.4
653.3
740.5
1115.6
1116.7
1153.1
1270.4
1322.5
1328.4
1332.5
1411.6
1412.212
1412.7
1464.2
1464.4
1506.5
1808.4
1964.3
2136.5
2444.6
2445.7
2464.1
2561.6
2562.212
2562.7
2625.2
2625.4
2680.5
3125.3
3199.4
3309.5
3541.6
3542.7
3625.1
3725.6
3726.212
3726.7
3781.2
3781.4
3822.5
4031.4
4151.5
4281.3
4408.6
4409.7
4484.6
4485.7
4683.6
4684.7
4754.6
4755.7
4781.1
4877.6
4878.212
4878.7
4960.2
4960.4
5004.5
5460.3
5513.4
5538.5
5836.6
5837.7
5960.1
6042.6
6043.212
6043.7
6090.2
6090.4
6141.5
6486.4
6590.3
6596.5
6964.6
6965.7
7066.6
7067.7
7090.1
7157.4
7166.5
7245.6
7246.212
7246.7
7302.2
7302.4
7394.5
7802.3
8132.4
8264.5
8302.1
8454.6
8455.212
8455.7
8523.2
8523.4
8573.5
9023.3
9162.4
9195.5
9405.6
9406.7
9507.6
9508.7
9523.1
9658.6
9659.212
9659.7
9728.2
9728.4
9775.5
10228.3
10316.4
10602.5
10728.1
10853.6
10854.212
10854.7
10911.2
10911.4
10952.5
11411.3
11884.6
11885.7
11911.1
12046.4
12085.5
12155.6
12156.212
12156.7
12220.2
12220.4
12253.5
12485.4
12720.3
13069.5
13220.1
13241.6
13242.212
13242.7
13308.2
13308.4
13361.5
13808.3
14267.6
14268.7
14308.1
14431.6
14432.212
14432.7
14488.2
14488.4
14527.5
14655.4
14730.5
14988.3
15421.4
15488.1
15768.5
15967.4
16052.5
16093.4
16299.5
16519.4
16527.5
17561.4
17579.5
17680.6
17681.212
17681.7
17742.2
17742.4
17800.5
18242.3
18742.1
21435.4
21564.5
22974.4
23058.5
32370.4
32597.5
32906.6
32907.212
32907.7
33011.2
33011.4
33188.5
33511.3
34011.1
37644.4
37696.5
38169.6
38170.212
38170.7
38368.2
38368.4
38381.5
38390.4
38448.5
38868.3
39368.1
40645.4
40650.5
40651.4
40654.5
40659.4
40669.5
42743.4
42781.5
43758.6
43759.212
43759.7
43833.2
43833.4
43927.5
44333.3
44827.6
44828.7
44833.1
47014.4
47091.5
47494.6
47495.212
47495.7
47650.2
47650.4
48124.5
48150.3
48650.1
51384.4
51391.5
58992.6
58993.212
58993.7
59044.6
59045.7
62174.2
62174.4
62249.5
62674.3
63174.1
63328.6
63329.212
63329.7
63639.2
63639.4
63889.5
64139.3
64639.1
66576.6
66577.212
66577.7
66671.6
66672.7
66756.2
66756.4
66929.5
67256.3
67756.1
68860.4
69193.5
69412.4
69495.5
69776.4
69898.5
70046.6
70047.212
70047.7
75868.2
75868.4
75934.5
76368.3
76868.1
77882.6
77883.212
77883.7
78131.2
78131.4
78271.5
78631.3
79131.1
79739.4
80276.5
80609.6
80610.212
80610.7
80694.2
80694.4
80789.5
80841.4
81194.3
81300.5
81312.4
81375.5
81694.1
81802.4
81853.5
82235.6
82236.212
82236.7
82321.2
82321.4
82441.5
82821.3
83321.1
83686.6
83687.212
83687.7
85649.2
85649.4
85773.5
86018.4
86149.3
86503.5
86582.4
86649.1
86855.5
87351.4
87471.5
87692.6
87693.212
87693.7
87821.6
87822.7
102728.2
102728.4
102855.5
103228.3
103728.1
103930.4
104059.5
104380.6
104381.212
104381.7
104443.2
104443.4
104664.5
104943.3
105443.1
106228.4
106284.5
111118.4
111207.5
123060.4
123153.5
123281.6
123282.212
123282.7
125530.6
125531.7
125612.6
125613.7
125828.2
125828.4
125946.5
126328.3
126635.4
126745.5
126828.1
127451.4
127516.5
128418.4
128486.5
129504.4
129569.5
130408.4
130516.5
131577.4
131678.5
132806.4
132885.5
133861.4
133941.5
135078.4
135325.5
136425.4
136568.5
146971.4
147041.5
152578.6
152579.212
152579.7
152695.2
152695.4
153025.5
153195.3
153695.1
168321.4
168664.5
173560.4
173694.5
177112.4
180000.9
123456789
8
10
15
8
10
15
1
FI
1
1
9
52
31
10
25
31
6
2
743
0
0
0
314159265
65
1
138
180000
314159265
0.1
1.4
405.5
417.4
431.5
436.4
439.5
575.6
576.212
576.7
704.2
704.4
792.5
1042.4
1200.5
1204.3
1566.6
1567.7
1704.1
1836.6
1837.212
1837.7
1885.2
1885.4
1934.5
2244.4
2382.5
2385.3
2789.6
2790.7
2869.6
2870.7
2885.1
3043.6
3044.212
3044.7
3101.2
3101.4
3170.5
3601.3
3622.4
3796.5
3922.6
3923.7
4095.6
4096.7
4101.1
4266.6
4267.212
4267.7
4324.2
4324.4
4386.5
4788.4
4824.3
4852.5
5213.6
5214.7
5324.1
5428.6
5429.212
5429.7
5481.2
5481.4
5544.5
5981.3
6082.4
6159.5
6314.6
6315.7
6481.1
6597.6
6598.212
6598.7
6649.2
6649.4
6868.5
7149.3
7410.4
7456.5
7547.6
7548.7
7649.1
7747.6
7748.212
7748.7
7808.2
7808.4
7873.5
8308.3
8335.4
8521.5
8662.6
8663.7
8808.1
8836.6
8837.212
8837.7
8895.2
8895.4
8963.5
9395.3
9884.6
9885.7
9895.1
9992.6
9993.212
9993.7
10027.6
10028.7
10056.2
10056.4
10213.5
10556.3
11056.1
11145.4
11244.5
11325.6
11326.212
11326.7
11369.2
11369.4
11433.5
11869.3
12318.6
12319.7
12369.1
12475.4
12536.5
12620.6
12621.212
12621.7
12680.2
12680.4
12726.5
13180.3
13568.6
13569.7
13680.1
13816.6
13817.212
13817.7
13875.2
13875.4
13915.5
14375.3
14816.6
14817.7
14875.1
14956.6
14957.212
14957.7
15031.2
15031.4
15090.5
15446.4
15531.3
15627.5
15769.6
15770.7
15874.6
15875.7
15975.6
15976.7
16031.1
16087.6
16088.212
16088.7
16156.2
16156.4
16211.5
16656.3
16968.4
17005.5
17156.1
17206.6
17207.212
17207.7
17300.2
17300.4
17356.5
17800.3
18300.1
18313.6
18314.212
18314.7
18384.6
18385.7
18438.2
18438.4
18515.5
18938.3
19326.4
19367.5
19438.1
19448.6
19449.212
19449.7
19513.2
19513.4
19572.5
20013.3
20258.4
20346.5
20513.1
20569.6
20570.212
20570.7
20618.2
20618.4
20667.5
21074.4
21118.3
21140.5
21229.6
21230.7
21334.6
21335.7
21397.6
21398.7
21447.6
21448.7
21618.1
21673.6
21674.212
21674.7
21737.2
21737.4
21798.5
22237.3
22737.1
22832.4
22880.5
23005.4
23393.5
23812.4
23817.5
23818.4
23859.5
23954.6
23955.212
23955.7
24003.2
24003.4
24070.5
24503.3
25003.1
25246.4
25288.5
25359.6
25360.212
25360.7
25417.2
25417.4
25463.5
25917.3
26417.1
26533.6
26534.212
26534.7
26590.2
26590.4
26716.5
27090.3
27590.1
27742.6
27743.212
27743.7
27808.2
27808.4
27871.5
28308.3
28808.1
28951.6
28952.212
28952.7
28997.2
28997.4
29085.5
29497.3
29997.1
30189.6
30190.212
30190.7
30238.2
30238.4
30282.5
30738.3
31238.1
31319.4
31432.5
31641.6
31642.212
31642.7
31702.2
31702.4
31802.5
32202.3
32702.1
32943.6
32944.212
32944.7
32997.2
32997.4
33093.5
33497.3
33955.4
33997.1
34055.5
34203.6
34204.212
34204.7
34244.2
34244.4
34305.5
34744.3
35243.4
35244.1
35333.5
35575.4
35685.5
35778.6
35779.212
35779.7
35838.2
35838.4
35881.5
36338.3
36838.1
41021.4
41029.5
41031.4
41044.5
50343.6
50344.212
50344.7
50449.2
50449.4
50507.5
50949.3
51449.1
52982.4
53084.5
57432.6
57433.212
57433.7
57483.2
57483.4
57787.5
57983.3
58483.1
60791.6
60792.212
60792.7
60876.2
60876.4
61034.5
61376.3
61726.4
61796.5
61876.1
62238.4
62283.5
63264.4
63788.5
63940.6
63941.212
63941.7
63993.2
63993.4
64039.5
64493.3
64993.1
64996.4
65064.5
65201.6
65202.212
65202.7
65254.2
65254.4
65296.5
65754.3
66121.4
66245.5
66254.1
66435.6
66436.212
66436.7
66487.2
66487.4
66539.5
66987.3
67487.1
67774.6
67775.212
67775.7
67828.2
67828.4
67866.5
68328.3
68828.1
69103.6
69104.212
69104.7
69123.6
69124.7
69173.2
69173.4
69216.5
69673.3
70021.6
70022.7
70082.6
70083.7
70173.1
70248.6
70249.212
70249.7
70277.6
70278.7
70294.6
70295.7
70696.2
70696.4
70767.5
71196.3
71696.1
73954.6
73955.212
73955.7
79004.2
79004.4
79504.3
79625.5
79794.4
79991.5
80004.1
80314.4
80483.5
80706.6
80707.212
80707.7
81634.2
81634.4
81735.5
82134.3
82634.1
84554.4
84803.5
85101.4
85282.5
85510.4
85726.5
85817.6
85818.212
85818.7
86112.2
86112.4
86190.5
86612.3
87112.1
88112.4
88234.5
88570.6
88571.212
88571.7
88634.2
88634.4
88925.5
89006.4
89134.3
89504.5
89634.1
90059.4
90474.5
90657.6
90658.212
90658.7
90710.2
90710.4
90775.5
91210.3
91710.1
91871.4
92001.5
92149.6
92150.212
92150.7
92201.2
92201.4
92257.5
92701.3
93201.1
93728.6
93729.212
93729.7
93781.2
93781.4
93853.5
94281.3
94404.4
94517.5
94652.6
94653.7
94781.1
95020.6
95021.212
95021.7
95089.2
95089.4
95138.5
95589.3
96089.1
96386.4
96458.5
96806.4
96872.5
96879.4
96900.5
97055.6
97056.212
97056.7
97106.2
97106.4
97166.5
97282.4
97400.5
97606.3
98074.4
98106.1
98254.5
98507.4
98744.5
98892.6
98893.212
98893.7
98943.2
98943.4
98984.5
99443.3
99943.1
100604.6
100605.212
100605.7
100654.2
100654.4
100736.5
101154.3
101654.1
106682.6
106683.212
106683.7
110353.2
110353.4
110523.5
110853.3
111353.1
113061.4
113119.5
113217.6
113218.212
113218.7
113288.2
113288.4
113536.5
113788.3
114288.1
114364.4
114444.5
115026.4
115360.5
115450.6
115451.212
115451.7
115503.6
115504.7
115558.2
115558.4
115600.5
116058.3
116139.4
116347.5
116553.6
116554.7
116558.1
116664.6
116665.212
116665.7
116718.2
116718.4
116771.5
117218.3
117718.1
117733.4
117795.5
117915.6
117916.212
117916.7
117964.2
117964.4
118004.5
118464.3
118559.4
118627.5
118735.6
118736.7
118964.1
119096.6
119097.212
119097.7
119146.2
119146.4
119248.5
119646.3
120146.1
120677.6
120678.212
120678.7
120736.2
120736.4
120796.5
121236.3
121736.1
121848.4
121901.5
122023.6
122024.212
122024.7
122082.2
122082.4
122135.5
122582.3
123082.1
123834.4
123932.5
124477.6
124478.212
124478.7
124594.2
124594.4
124683.5
125094.3
125594.1
132614.6
132615.212
132615.7
136173.8
136174.8
141776.6
141777.7
147025.2
147025.4
147131.5
147525.3
147765.6
147766.7
147932.4
148025.1
148366.5
149090.4
149131.5
150694.4
151047.5
151204.6
151205.212
151205.7
151257.2
151257.4
151293.5
151757.3
152257.1
152304.4
152371.5
152613.4
152654.5
152885.4
152938.5
153077.6
153078.212
153078.7
153137.2
153137.4
153186.5
153551.4
153623.5
153637.3
153972.4
154019.5
154137.1
157096.6
157097.212
157097.7
159164.2
159164.4
159215.5
159664.3
160164.1
161483.6
161484.212
161484.7
165548.2
165548.4
165642.5
165993.4
165999.5
166048.3
166548.1
168833.6
168834.212
168834.7
169057.2
169057.4
169433.5
169557.3
169711.4
169960.5
169997.4
170057.1
170186.5
170246.4
170313.5
170358.4
170586.5
170683.6
170684.212
170684.7
170829.6
170830.7
170897.2
170897.4
171190.5
171397.3
171897.1
172565.4
172652.5
172875.6
172876.212
172876.7
179620.2
179620.4
180000.9
123456789
8
11
15
8
11
15
1
FI
1
1
9
48
02
10
21
02
6
2
503
0
0
0
314159265
44
0
108
180000
314159265
0.1
149.4
151.5
231.6
232.212
232.7
269.2
269.4
327.5
547.4
623.5
769.3
772.4
996.5
1269.1
1598.6
1599.212
1599.7
1669.2
1669.4
1750.5
2147.4
2169.3
2321.5
2669.1
2933.6
2934.212
2934.7
2994.2
2994.4
3079.5
3494.3
3505.4
3738.5
3994.1
4181.6
4182.212
4182.7
4235.2
4235.4
4289.5
4735.3
4844.4
4920.5
5114.6
5115.7
5235.1
5269.6
5270.212
5270.7
5325.2
5325.4
5373.5
5825.3
5868.4
6076.5
6325.1
6541.6
6542.212
6542.7
6619.2
6619.4
6670.5
7119.3
7484.4
7619.1
7872.5
7994.6
7995.212
7995.7
8052.2
8052.4
8142.5
8552.3
8812.4
8924.5
9052.1
9066.6
9067.212
9067.7
9148.2
9148.4
9210.5
9570.4
9648.3
10148.1
10325.5
10634.6
10635.212
10635.7
10684.2
10684.4
10794.5
11184.3
11684.1
11746.6
11747.212
11747.7
11830.2
11830.4
11911.5
12330.3
12801.6
12802.7
12830.1
12933.6
12934.212
12934.7
12992.2
12992.4
13069.5
13492.3
13806.4
13896.5
13992.1
14116.6
14117.212
14117.7
14174.2
14174.4
14221.5
14674.3
15174.1
15302.4
15950.5
16082.6
16083.212
16083.7
16171.2
16171.4
16224.5
16671.3
16859.4
17171.1
17278.5
20488.4
20823.5
20912.4
21268.5
21289.4
21292.5
21336.4
21343.5
22176.6
22177.212
22177.7
22184.6
22185.7
22235.2
22235.4
22735.3
22833.5
23067.4
23235.1
23311.5
23324.4
23532.5
25337.6
25338.212
25338.7
25376.6
25377.7
25427.2
25427.4
25677.5
25751.4
25927.3
26001.5
26427.1
27866.4
28005.5
33008.4
33282.5
36953.4
37008.5
40523.4
40750.5
52805.4
53685.5
57244.4
57366.5
57495.6
57496.212
57496.7
57614.2
57614.4
57692.5
58114.3
58614.1
64479.4
64528.5
104670.4
104934.5
105072.4
105113.5
105254.6
105255.212
105255.7
105351.2
105351.4
105475.5
105851.3
106351.1
109673.4
109873.5
111044.4
111133.5
111654.4
111733.5
112662.4
112770.5
112874.4
112969.5
113801.4
113804.5
113808.4
114189.5
114483.4
114606.5
114928.6
114929.212
114929.7
115002.2
115002.4
115056.5
115502.3
116002.1
116113.4
116227.5
116403.6
116404.212
116404.7
116461.2
116461.4
116514.5
116881.4
116961.3
116970.5
117261.6
117262.7
117461.1
117698.6
117699.212
117699.7
117777.2
117777.4
117831.5
118277.3
118727.4
118777.1
118880.5
119182.4
119260.5
119270.4
119302.5
119420.6
119421.212
119421.7
119478.2
119478.4
119524.5
119978.3
120478.1
120793.6
120794.212
120794.7
120846.2
120846.4
120882.5
121346.3
121798.4
121846.1
122059.5
122156.6
122157.212
122157.7
122214.2
122214.4
122288.5
122714.3
123214.1
123316.4
123521.5
123740.6
123741.212
123741.7
123799.2
123799.4
123924.5
124299.3
124799.1
124997.6
124998.212
124998.7
125058.2
125058.4
125138.5
125558.3
125803.4
125861.5
126058.1
126390.6
126391.212
126391.7
126460.2
126460.4
126512.5
126960.3
127460.1
127964.6
127965.212
127965.7
128019.2
128019.4
128073.5
128519.3
128581.4
128722.5
129019.1
129145.6
129146.212
129146.7
129211.2
129211.4
129269.5
129711.3
129799.4
129852.5
130211.1
131405.4
131447.5
131602.6
131603.212
131603.7
131663.2
131663.4
131768.5
132163.3
132663.1
138201.4
138245.5
147617.4
147654.5
147923.6
147924.212
147924.7
148076.6
148077.7
148190.2
148190.4
148311.5
148690.3
149190.1
151185.6
151186.212
151186.7
152149.2
152149.4
152156.5
152167.4
152172.5
152178.4
152180.5
152649.3
153149.1
153811.6
153812.212
153812.7
153870.2
153870.4
154025.5
154370.3
154870.1
155133.4
155236.5
155942.4
156032.5
156832.4
156980.5
157145.6
157146.212
157146.7
157199.2
157199.4
157264.5
157699.3
158114.4
158181.5
158199.1
158961.6
158962.212
158962.7
159014.2
159014.4
159080.5
159514.3
160014.1
160258.4
160379.5
160472.4
160754.5
160902.6
160903.212
160903.7
160955.2
160955.4
161055.5
161455.3
161790.4
161955.1
162005.5
162104.6
162105.212
162105.7
162150.2
162150.4
162213.5
162650.3
162849.4
162884.5
162966.6
162967.7
163100.6
163101.7
163121.6
163122.7
163126.6
163127.7
163150.1
163256.6
163257.212
163257.7
163315.2
163315.4
163397.5
163815.3
164315.1
164747.4
164787.5
164955.6
164956.212
164956.7
165008.2
165008.4
165048.5
165508.3
166008.1
166511.6
166512.212
166512.7
166588.2
166588.4
166674.5
167088.3
167588.1
168279.4
168439.5
168577.6
168578.212
168578.7
168630.2
168630.4
168702.5
169130.3
169630.1
169822.6
169823.212
169823.7
169888.2
169888.4
169927.5
170388.3
170780.4
170823.5
170888.1
171004.6
171005.212
171005.7
171090.2
171090.4
171176.5
171590.3
172090.1
172482.6
172483.212
172483.7
172544.2
172544.4
172582.5
173044.3
173544.1
173699.4
173730.5
173840.6
173841.212
173841.7
173909.2
173909.4
173957.5
174409.3
180000.9
123456789
8
12
15
8
12
15
1
FI
1
1
9
52
09
10
25
09
6
2
288
0
0
0
314159265
26
0
59
180000
314159265
0.1
193.6
194.212
194.7
253.2
253.4
342.5
700.4
753.3
800.5
1253.1
1615.6
1616.212
1616.7
1660.2
1660.4
1786.5
2160.3
2217.4
2301.5
2660.1
2814.6
2815.212
2815.7
2870.2
2870.4
2930.5
3370.3
3564.4
3641.5
3870.1
4126.6
4127.212
4127.7
4180.2
4180.4
4225.5
4680.3
5044.4
5067.5
5180.1
5332.6
5333.212
5333.7
5395.2
5395.4
5480.5
5895.3
6354.6
6355.7
6395.1
6645.6
6646.212
6646.7
6734.2
6734.4
6834.5
7234.3
7734.1
7787.6
7788.212
7788.7
7851.2
7851.4
7891.5
8351.3
8851.1
9231.6
9232.212
9232.7
9275.2
9275.4
9321.5
9775.3
10075.4
10275.1
10315.5
10416.6
10417.212
10417.7
10470.2
10470.4
10513.5
10970.3
11333.6
11334.7
11470.1
11506.6
11507.212
11507.7
11566.2
11566.4
11605.5
12066.3
12337.4
12396.5
12566.1
12574.6
12575.212
12575.7
12708.6
12709.7
12766.2
12766.4
12818.5
13266.3
13766.1
13779.6
13780.212
13780.7
13849.2
13849.4
13937.5
14349.3
14801.4
14817.5
14849.1
15250.6
15251.212
15251.7
15333.2
15333.4
15378.5
15833.3
16237.4
16290.5
16333.1
16446.6
16447.212
16447.7
16523.2
16523.4
16586.5
17023.3
17305.4
17368.5
17412.4
17426.5
17523.1
17625.6
17626.212
17626.7
17684.2
17684.4
17729.5
18184.3
18535.4
18636.5
18684.1
18763.6
18764.212
18764.7
18831.2
18831.4
18894.5
19331.3
19831.1
20047.6
20048.212
20048.7
20110.2
20110.4
20182.5
20610.3
21029.4
21110.1
21112.5
21251.6
21252.212
21252.7
21319.2
21319.4
21354.5
21819.3
22319.1
22726.6
22727.212
22727.7
22793.2
22793.4
22871.5
23191.4
23236.5
23293.3
23793.1
31062.4
31164.5
31508.4
31522.5
33821.4
33873.5
45114.4
45281.5
52978.4
53038.5
59405.4
59483.5
64958.6
64959.212
64959.7
65094.2
65094.4
65102.5
65108.4
65117.5
65124.4
65234.5
65594.3
65924.4
66040.5
66094.1
70604.6
70605.212
70605.7
70779.2
70779.4
70803.5
71279.3
71779.1
74679.4
74746.5
74979.6
74980.212
74980.7
76950.2
76950.4
76980.5
77450.3
77950.1
78847.4
78856.5
82767.4
82782.5
84567.4
84744.5
84939.6
84940.212
84940.7
87178.2
87178.4
87214.5
87678.3
88178.1
94119.4
94224.5
123264.4
123354.5
137398.4
138096.5
143436.4
143676.5
145612.6
145613.212
145613.7
145877.6
145878.7
152532.2
152532.4
152702.5
153032.3
153532.1
155165.6
155166.212
155166.7
157060.2
157060.4
157410.5
157560.3
158060.1
168588.4
168727.5
169761.6
169762.212
169762.7
170817.2
170817.4
170946.5
171317.3
171817.1
172025.4
172124.5
175700.4
175849.5
176020.6
176021.212
180000.9
123456789
8
13
15
8
13
15
1
FI
1
1
9
57
31
10
30
31
6
2
623
0
0
0
314159265
60
1
119
180000
314159265
0.1
334.6
335.212
335.7
386.2
386.4
438.5
815.4
885.5
886.3
1386.1
1541.6
1542.212
1542.7
1550.6
1551.7
1611.2
1611.4
1689.5
2020.4
2111.3
2232.5
2453.6
2454.7
2595.6
2596.7
2611.1
2776.6
2777.212
2777.7
2828.2
2828.4
2930.5
3263.4
3300.5
3328.3
3812.6
3813.7
3828.1
4102.6
4103.212
4103.7
4167.2
4167.4
4213.5
4667.3
4881.4
4907.5
5167.1
5286.6
5287.212
5287.7
5351.2
5351.4
5421.5
5795.4
5851.3
5976.5
6351.1
6490.6
6491.212
6491.7
6563.2
6563.4
6606.5
7003.4
7063.3
7186.5
7563.1
7620.6
7621.212
7621.7
7708.2
7708.4
7760.5
8208.3
8212.4
8271.5
8708.1
8774.6
8775.212
8775.7
8781.6
8782.7
8841.2
8841.4
8899.5
9341.3
9841.1
10049.6
10050.212
10050.7
10057.6
10058.7
10118.2
10118.4
10184.5
10618.3
11118.1
11446.6
11447.212
11447.7
11511.2
11511.4
11561.5
12011.3
12484.4
12511.1
12594.5
12678.6
12679.212
12679.7
12740.2
12740.4
12899.5
13240.3
13740.1
13922.6
13923.212
13923.7
13988.2
13988.4
14073.5
14146.4
14260.5
14488.3
14988.1
15131.6
15132.212
15132.7
15180.2
15180.4
15267.5
15680.3
15882.4
16127.5
16138.4
16158.5
16180.1
16339.6
16340.212
16340.7
16394.2
16394.4
16501.5
16894.3
17394.1
17521.4
17559.5
17644.6
17645.212
17645.7
17701.2
17701.4
17794.5
18201.3
18701.1
19016.4
19039.5
19108.6
19109.212
19109.7
19172.2
19172.4
19263.5
19672.3
20172.1
20373.6
20374.212
20374.7
20437.2
20437.4
20500.5
20937.3
21437.1
21606.6
21607.212
21607.7
21682.2
21682.4
21758.5
22182.3
22682.1
22790.6
22791.212
22791.7
22849.2
22849.4
22929.5
23349.3
23849.1
24965.6
24966.212
24966.7
25037.2
25037.4
25097.5
25537.3
26037.1
26041.6
26042.212
26042.7
26113.2
26113.4
26156.5
26613.3
26923.4
27099.5
27101.4
27106.5
27108.4
27113.1
27114.5
27377.6
27378.212
27378.7
27438.2
27438.4
27513.5
27938.3
28255.4
28375.5
28438.1
28566.6
28567.212
28567.7
28617.2
28617.4
28674.5
29117.3
29617.1
29810.6
29811.212
29811.7
29869.2
29869.4
29952.5
30369.3
30869.1
31011.6
31012.212
31012.7
31068.2
31068.4
31149.5
31568.3
32068.1
32315.6
32316.212
32316.7
32375.2
32375.4
32460.5
32875.3
33375.1
33621.6
33622.212
33622.7
33693.2
33693.4
33750.5
34193.3
34693.1
35036.6
35037.212
35037.7
35105.2
35105.4
35196.5
35605.3
36105.1
36483.4
36552.5
36613.6
36614.212
36614.7
36673.2
36673.4
36729.5
37173.3
37204.4
37261.5
37673.1
37888.6
37889.212
37889.7
37974.2
37974.4
38017.5
38450.4
38474.3
38618.5
38974.1
43636.4
43652.5
49718.4
50180.5
60718.4
60805.5
62515.6
62516.212
62516.7
62620.2
62620.4
62933.5
63120.3
63268.4
63296.5
63620.1
68035.4
68121.5
68204.4
68392.5
68611.6
68612.212
68612.7
68712.2
68712.4
68780.5
68852.4
68917.5
69164.4
69212.3
69332.5
69712.1
70113.6
70114.212
70114.7
70197.2
70197.4
70271.5
70697.3
71197.1
71269.4
71538.5
71653.6
71654.212
71654.7
71703.2
71703.4
71772.5
72203.3
72703.1
72736.4
72785.5
72879.6
72880.212
72880.7
72933.2
72933.4
73002.5
73433.3
73933.1
74339.6
74340.212
74340.7
74396.2
74396.4
74480.5
74896.3
75396.1
75608.6
75609.212
75609.7
75659.2
75659.4
75729.5
76159.3
76659.1
77052.6
77053.212
77053.7
77113.2
77113.4
77164.5
77613.3
78003.4
78078.5
78113.1
78479.4
78595.5
78710.6
78711.212
78711.7
78771.2
78771.4
78858.5
79271.3
79771.1
80075.6
80076.212
80076.7
80139.2
80139.4
80190.5
80639.3
81139.1
81759.6
81760.212
81760.7
81824.2
81824.4
81893.5
82324.3
82824.1
82888.4
82930.5
83109.6
83110.212
83110.7
83162.2
83162.4
83246.5
83662.3
84162.1
84904.6
84905.212
84905.7
84969.2
84969.4
85022.5
85469.3
85969.1
113622.4
113631.5
113632.4
113947.5
114272.6
114273.212
114273.7
114337.2
114337.4
114503.5
114632.4
114822.5
114837.3
115337.1
119923.4
119968.5
120204.6
120205.212
120205.7
120287.2
120287.4
120559.5
120787.3
121287.1
121913.6
121914.212
121914.7
122018.6
122019.7
125099.2
125099.4
125147.5
125599.3
126099.1
126202.6
126203.212
126203.7
126271.2
126271.4
126424.5
126771.3
127271.1
128531.4
128724.5
128780.4
128959.5
129535.4
129707.5
136871.6
136872.212
136872.7
137334.6
137335.7
137395.2
137395.4
137451.5
137523.6
137524.7
137895.3
138395.1
140039.8
140040.8
140835.4
141031.5
141463.4
141472.5
141486.4
141608.5
142605.4
142719.5
143154.6
143155.212
143155.7
143268.2
143268.4
143415.5
143728.4
143768.3
143834.5
144268.1
144923.4
145012.5
145937.4
146031.5
146816.4
146822.5
146823.4
146890.5
147946.4
148025.5
148484.4
148744.5
148973.6
148974.212
148974.7
149048.2
149048.4
149118.5
149548.3
150048.1
150132.4
150155.5
150161.4
150205.5
151629.4
151785.5
151897.6
151898.212
151898.7
151953.2
151953.4
152016.5
152453.3
152953.1
153320.4
153498.5
153587.6
153588.212
153588.7
153631.2
153631.4
153697.5
154131.3
154631.1
154948.6
154949.212
154949.7
154994.2
154994.4
155105.5
155494.3
155994.1
156150.4
156168.5
156172.4
156265.5
156364.6
156365.212
156365.7
156411.2
156411.4
156459.5
156805.4
156882.5
156911.3
157411.1
157668.6
157669.212
157669.7
157729.2
157729.4
157777.5
158229.3
158729.1
159469.6
159470.212
159470.7
159525.2
159525.4
159566.5
160025.3
160525.1
160687.6
160688.212
160688.7
160745.2
160745.4
160812.5
161245.3
161352.4
161433.5
161745.1
163155.6
163156.212
163156.7
163279.2
163279.4
163353.5
163779.3
164279.1
169418.6
169419.212
169419.7
174934.2
174934.4
174977.5
175434.3
175934.1
177244.6
177245.212
177245.7
177353.6
177354.7
177856.2
177856.4
177914.5
178356.3
180000.9
123456789
8
14
15
8
14
15
1
FI
1
1
9
52
00
10
25
00
6
2
775
0
0
0
314159265
72
0
148
180000
314159265
0.1
799.4
821.5
891.6
892.212
892.7
952.2
952.4
1052.5
1452.3
1511.4
1554.5
1822.6
1823.7
1952.1
2095.6
2096.212
2096.7
2135.2
2135.4
2213.5
2556.4
2635.3
2643.5
2790.6
2791.7
2935.6
2936.7
3081.6
3082.7
3135.1
3222.6
3223.212
3223.7
3277.2
3277.4
3334.5
3777.3
3826.4
3888.5
4277.1
4278.6
4279.212
4279.7
4336.2
4336.4
4378.5
4391.4
4441.5
4830.4
4836.3
4902.5
5118.6
5119.7
5206.4
5228.5
5229.4
5231.5
5288.6
5289.7
5336.1
5469.6
5470.212
5470.7
5529.2
5529.4
5599.5
5921.4
5995.5
6029.3
6273.6
6274.7
6350.6
6351.7
6529.1
6550.6
6551.212
6551.7
6617.2
6617.4
6667.5
7117.3
7485.6
7486.7
7617.1
7735.6
7736.212
7736.7
7782.2
7782.4
7851.5
8242.4
8282.3
8496.5
8731.6
8732.7
8765.6
8766.7
8782.1
8913.6
8914.212
8914.7
8959.2
8959.4
9025.5
9459.3
9525.4
9568.5
9853.6
9854.7
9959.1
10079.6
10080.212
10080.7
10141.2
10141.4
10187.5
10641.3
10759.4
10805.5
11112.6
11113.7
11141.1
11201.6
11202.212
11202.7
11261.2
11261.4
11328.5
11761.3
12261.1
12414.6
12415.212
12415.7
12471.2
12471.4
12571.5
12971.3
13428.6
13429.7
13471.1
13605.6
13606.212
13606.7
13686.2
13686.4
13759.5
14186.3
14323.4
14325.5
14331.4
14340.5
14402.4
14474.5
14686.1
14801.6
14802.212
14802.7
14856.2
14856.4
14967.5
15356.3
15616.4
15736.5
15856.1
16107.6
16108.212
16108.7
16163.2
16163.4
16207.5
16663.3
17106.4
17163.1
17274.5
17352.6
17353.212
17353.7
17411.2
17411.4
17446.5
17911.3
18183.4
18223.5
18405.6
18406.7
18411.1
18464.6
18465.212
18465.7
18516.2
18516.4
18566.5
19016.3
19308.4
19516.1
19543.5
19685.6
19686.212
19686.7
19724.2
19724.4
19760.5
20224.3
20595.4
20685.5
20724.1
21019.6
21020.212
21020.7
21059.2
21059.4
21125.5
21559.3
22009.4
22059.1
22193.5
22207.4
22287.5
22473.6
22474.212
22474.7
22519.2
22519.4
22575.5
23019.3
23263.4
23407.5
23519.1
23665.6
23666.212
23666.7
23733.2
23733.4
23801.5
24233.3
24733.1
24916.6
24917.212
24917.7
24964.6
24965.7
25009.2
25009.4
25086.5
25509.3
26009.1
26172.6
26173.212
26173.7
26241.2
26241.4
26302.5
26741.3
27064.4
27145.5
27241.1
27412.6
27413.212
27413.7
27468.2
27468.4
27538.5
27968.3
28468.1
28661.6
28662.212
28662.7
28723.2
28723.4
28797.5
29223.3
29723.1
29915.6
29916.212
29916.7
29978.2
29978.4
30001.5
30018.4
30085.5
30478.3
30978.1
31193.6
31194.212
31194.7
31249.2
31249.4
31322.5
31749.3
32249.1
32387.6
32388.212
32388.7
32444.2
32444.4
32524.5
32944.3
33444.1
33886.6
33887.212
33887.7
33948.2
33948.4
34020.5
34448.3
34748.6
34749.7
34905.6
34906.7
34948.1
34990.6
34991.212
34991.7
35129.2
35129.4
35172.5
35586.4
35629.3
35663.5
36065.4
36129.1
36223.5
36309.6
36310.212
36310.7
36359.2
36359.4
36392.5
36859.3
37327.4
37359.1
37529.5
37630.6
37631.212
37631.7
37678.2
37678.4
37753.5
38178.3
38678.1
39080.6
39081.212
39081.7
39132.2
39132.4
39172.5
39632.3
40132.1
40307.4
40489.5
40610.6
40611.212
40611.7
40661.2
40661.4
40926.5
41161.3
41295.4
41460.5
41661.1
41765.6
41766.212
41766.7
41816.2
41816.4
41868.5
42316.3
42816.1
43060.6
43061.212
43061.7
43108.2
43108.4
43163.5
43608.3
44108.1
44475.6
44476.212
44476.7
44531.2
44531.4
44624.5
45031.3
45531.1
45837.4
45944.5
45945.4
45946.5
46059.6
46060.212
46060.7
46112.2
46112.4
46152.5
46612.3
47112.1
47219.4
47299.5
47472.4
47520.5
47543.4
47569.5
47659.6
47660.212
47660.7
47718.2
47718.4
47783.5
48218.3
48718.1
49125.6
49126.212
49126.7
49189.2
49189.4
49257.5
49689.3
50189.1
50287.4
50432.5
50517.6
50518.212
50518.7
50569.2
50569.4
50631.5
51069.3
51569.1
51784.4
51841.5
51944.6
51945.212
51945.7
52010.2
52010.4
52063.5
52510.3
53010.1
53344.4
53462.5
53593.6
53594.212
53594.7
53651.2
53651.4
53734.5
54151.3
54651.1
54888.4
55075.5
55169.6
55170.212
55170.7
55212.2
55212.4
55275.5
55712.3
56212.1
56583.6
56584.212
56584.7
56638.2
56638.4
56723.5
57138.3
57610.4
57638.1
57691.5
58294.4
58526.5
58659.6
58660.212
58660.7
58731.2
58731.4
58780.5
59231.3
59543.4
59595.5
59644.4
59674.5
59687.4
59731.1
60036.5
60225.6
60226.212
60226.7
60291.2
60291.4
60350.5
60791.3
60808.4
60874.5
61291.1
61451.6
61452.212
61452.7
61517.2
61517.4
61565.5
62017.3
62512.4
62517.1
62549.5
97873.4
98418.5
106943.4
107041.5
116008.6
116009.212
116009.7
116085.2
116085.4
116300.5
116585.3
117085.1
119392.4
119541.5
119686.6
119687.212
119687.7
119869.6
119870.7
119943.2
119943.4
120002.5
120005.4
120006.5
120317.4
120373.5
120443.3
120943.1
122833.6
122834.212
122834.7
122873.6
122874.7
122944.6
122945.7
123095.2
123095.4
123166.5
123469.4
123522.5
123595.3
124095.1
124882.4
124952.5
126214.4
126341.5
126532.6
126533.212
126533.7
126585.2
126585.4
126639.5
127085.3
127559.4
127585.1
127639.5
127840.6
127841.212
127841.7
127881.2
127881.4
127936.5
128381.3
128877.4
128881.1
128934.5
129070.6
129071.212
129071.7
129122.2
129122.4
129168.5
129622.3
130122.1
130183.4
130259.5
130342.6
130343.212
130343.7
130417.2
130417.4
130485.5
130917.3
131417.1
131733.6
131734.212
131734.7
131782.2
131782.4
131844.5
132282.3
132306.4
132419.5
132763.6
132764.7
132782.1
132901.6
132902.212
132902.7
132961.2
132961.4
133013.5
133461.3
133961.1
134203.4
134289.5
134534.6
134535.212
134535.7
134581.2
134581.4
134636.5
135081.3
135581.1
135832.4
135947.5
136055.6
136056.212
136056.7
136112.2
136112.4
136158.5
136612.3
137112.1
137326.4
137416.5
137519.6
137520.212
137520.7
137571.2
137571.4
137656.5
138071.3
138571.1
138888.4
139272.5
139407.6
139408.212
139408.7
139483.2
139483.4
139531.5
139983.3
140483.1
141375.4
141411.5
141516.6
141517.212
141517.7
141567.2
141567.4
141634.5
142067.3
142567.1
142673.4
142725.5
142842.6
142843.212
142843.7
142893.2
142893.4
142932.5
143393.3
143893.1
144091.4
144103.5
144205.6
144206.212
144206.7
144262.2
144262.4
144309.5
144762.3
145262.1
145528.6
145529.212
145529.7
145591.2
145591.4
145681.5
146091.3
146591.1
146716.4
146868.5
147000.6
147001.212
147001.7
147055.2
147055.4
147119.5
147555.3
148055.1
148131.4
148302.5
148482.6
148483.212
148483.7
148534.2
148534.4
148588.5
149034.3
149534.1
149914.6
149915.212
149915.7
149965.2
149965.4
150008.5
150465.3
150965.1
151389.4
151421.5
151613.6
151614.212
151614.7
151667.2
151667.4
151729.5
152167.3
152667.1
153056.4
153110.5
153189.6
153190.212
153190.7
153251.2
153251.4
153470.5
153751.3
154251.1
154613.4
154884.5
155019.6
155020.212
155020.7
155069.2
155069.4
155139.5
155569.3
156069.1
156350.4
156420.5
156507.6
156508.212
156508.7
156561.2
156561.4
156609.5
157061.3
157393.4
157500.5
157561.1
164280.6
164281.212
164281.7
170674.2
170674.4
170682.5
171174.3
171674.1
175348.4
176029.5
176100.4
176157.5
177617.4
178156.5
179601.4
180000.9
123456789
8
15
15
8
15
15
1
FI
1
1
9
51
31
10
24
31
6
2
920
0
0
0
314159265
82
2
174
180000
314159265
0.1
1.4
187.5
292.6
293.212
293.7
342.2
342.4
411.5
714.4
766.5
842.3
1142.6
1143.7
1238.6
1239.7
1295.6
1296.7
1342.1
1407.6
1408.212
1408.7
1467.2
1467.4
1539.5
1846.4
1900.5
1967.3
2227.6
2228.7
2363.6
2364.7
2467.1
2575.6
2576.212
2576.7
2640.2
2640.4
2694.5
3070.4
3136.5
3140.3
3540.6
3541.7
3640.1
3764.6
3765.212
3765.7
3817.2
3817.4
3863.5
4276.4
4316.5
4317.3
4474.6
4475.7
4657.6
4658.7
4680.6
4681.7
4798.6
4799.7
4817.1
4947.6
4948.212
4948.7
5018.2
5018.4
5070.5
5486.4
5518.3
5532.5
5920.6
5921.7
6018.1
6054.6
6055.212
6055.7
6106.2
6106.4
6147.5
6606.3
6736.4
6775.5
6852.6
6853.7
6978.6
6979.7
7106.1
7138.6
7139.212
7139.7
7203.2
7203.4
7297.5
7703.3
7927.4
7956.5
8077.6
8078.7
8203.1
8221.6
8222.212
8222.7
8271.2
8271.4
8324.5
8633.4
8771.3
8800.5
8985.6
8986.7
9075.6
9076.7
9147.6
9148.7
9270.6
9271.1
9271.7
9358.6
9359.212
9359.7
9421.2
9421.4
9710.5
9921.3
10088.4
10122.5
10286.6
10287.7
10413.6
10414.7
10421.1
10647.4
10737.5
10811.6
10812.212
10812.7
10857.2
10857.4
10928.5
11357.3
11554.4
11737.5
11857.1
11871.6
11872.212
11872.7
11932.2
11932.4
12007.5
12432.3
12743.4
12777.5
12854.6
12855.7
12932.1
12959.6
12960.212
12960.7
13018.2
13018.4
13148.5
13518.3
13965.4
14011.5
14018.1
14136.6
14137.212
14137.7
14197.2
14197.4
14255.5
14697.3
15084.4
15125.5
15197.1
15213.6
15214.212
15214.7
15326.2
15326.4
15397.5
15826.3
16087.4
16326.1
16371.5
16452.6
16453.212
16453.7
16500.2
16500.4
16588.5
17000.3
17297.4
17344.5
17480.6
17481.7
17500.1
17587.6
17588.212
17588.7
17665.2
17665.4
17726.5
18091.4
18165.3
18215.5
18331.6
18332.7
18444.6
18445.7
18476.6
18477.7
18557.6
18558.7
18665.1
18666.4
18718.5
18781.6
18782.212
18782.7
18835.2
18835.4
18923.5
19335.3
19777.4
19828.5
19835.1
19950.6
19951.212
19951.7
20003.2
20003.4
20063.5
20503.3
20924.4
20932.5
20970.4
21003.1
21022.5
21115.6
21116.212
21116.7
21164.2
21164.4
21229.5
21664.3
22127.4
22145.5
22148.4
22164.1
22179.5
22265.6
22266.212
22266.7
22321.2
22321.4
22359.5
22821.3
23115.4
23171.5
23274.6
23275.7
23321.1
23709.4
23784.5
23857.6
23858.212
23858.7
23908.2
23908.4
24014.5
24408.3
24908.1
25026.6
25027.212
25027.7
25077.2
25077.4
25146.5
25577.3
26077.1
26274.6
26275.212
26275.7
26331.2
26331.4
26404.5
26831.3
26906.4
26958.5
27070.6
27071.7
27228.6
27229.7
27331.1
27367.4
27398.5
27405.4
27491.5
27585.6
27586.212
27586.7
27631.2
27631.4
27701.5
28131.3
28631.1
28711.4
28744.5
28827.6
28828.212
28828.7
28873.2
28873.4
28928.5
29373.3
29873.1
29901.6
29902.212
29902.7
29965.2
29965.4
30023.5
30465.3
30965.1
31145.6
31146.212
31146.7
31198.2
31198.4
31263.5
31698.3
32198.1
32325.4
32357.5
32495.4
32658.5
32750.6
32751.212
32751.7
32793.2
32793.4
32846.5
33293.3
33793.1
34055.4
34161.5
34385.6
34386.212
34386.7
34435.2
34435.4
34499.5
34935.3
35435.1
35783.4
35939.5
35949.4
35955.5
36049.6
36050.212
36050.7
36098.2
36098.4
36173.5
36598.3
37098.1
37303.6
37304.212
37304.7
37359.2
37359.4
37423.5
37859.3
38359.1
38491.4
38561.5
38572.4
39062.5
39257.4
39349.5
39456.6
39457.212
39457.7
39514.2
39514.4
39581.5
40014.3
40514.1
40587.4
40589.5
40593.4
40719.5
40868.6
40869.212
40869.7
40915.2
40915.4
40978.5
41415.3
41915.1
42022.4
42250.5
42357.6
42358.212
42358.7
42403.2
42403.4
42520.5
42903.3
43403.1
43594.4
43652.5
43759.6
43760.212
43760.7
43806.2
43806.4
43882.5
44306.3
44326.4
44464.5
44636.6
44637.7
44806.1
44849.6
44850.212
44850.7
44943.2
44943.4
44989.5
45443.3
45943.1
48072.4
48342.5
48609.6
48610.212
48610.7
48631.6
48632.7
48691.2
48691.4
48756.5
49191.3
49478.4
49519.5
49668.6
49669.7
49691.1
49801.6
49802.212
49802.7
49856.2
49856.4
49908.5
50356.3
50856.1
50959.6
50960.212
50960.7
51016.2
51016.4
51069.5
51516.3
52016.1
52154.6
52155.212
52155.7
52208.2
52208.4
52332.5
52708.3
53208.1
53367.4
53546.5
53631.6
53632.212
53632.7
53671.2
53671.4
53740.5
54171.3
54671.1
54690.4
54730.5
54875.6
54876.212
54876.7
54925.2
54925.4
54974.5
55425.3
55925.1
55999.4
56054.5
56150.6
56151.212
56151.7
56204.2
56204.4
56250.5
56704.3
56869.6
56870.7
57046.6
57047.7
57204.1
57243.6
57244.212
57244.7
57308.2
57308.4
57372.5
57808.3
58308.1
58515.6
58516.212
58516.7
58566.2
58566.4
58600.5
59066.3
59566.1
59710.4
59787.5
59914.4
59990.5
60057.6
60058.212
60058.7
60111.2
60111.4
60211.5
60611.3
61111.1
61451.6
61452.212
61452.7
61517.2
61517.4
61629.5
62017.3
62517.1
62916.6
62917.212
62917.7
62964.2
62964.4
63030.5
63464.3
63964.1
64148.4
64226.5
64335.6
64336.212
64336.7
64380.2
64380.4
64436.5
64880.3
65380.1
65827.6
65828.212
65828.7
65874.2
65874.4
65955.5
66374.3
66874.1
67065.6
67066.212
67066.7
67122.2
67122.4
67225.5
67316.4
67392.5
67622.3
68122.1
68428.4
68535.5
68618.6
68619.212
68619.7
68665.2
68665.4
68710.5
69165.3
69665.1
70142.4
70187.5
70268.6
70269.212
70269.7
70331.2
70331.4
70383.5
70831.3
71331.1
71356.4
71439.5
71772.4
71903.5
72025.6
72026.212
72026.7
72077.2
72077.4
72119.5
72577.3
72623.4
72743.5
73077.1
73181.4
73281.5
73418.6
73419.212
73419.7
73474.2
73474.4
73549.5
73974.3
74474.1
74586.4
74651.5
74816.4
74888.5
74990.6
74991.212
74991.7
75055.2
75055.4
75112.5
75555.3
75829.4
75903.5
76046.4
76055.1
76440.5
76576.6
76577.212
76577.7
76626.2
76626.4
76687.5
77126.3
77626.1
77824.6
77825.212
77825.7
77877.2
77877.4
77955.5
78377.3
78877.1
79247.4
79284.5
79306.4
79320.5
79471.6
79472.212
79472.7
79532.2
79532.4
79626.5
80032.3
80532.1
81069.4
81168.5
81566.4
81627.5
81693.6
81694.212
81694.7
81751.2
81751.4
81802.5
82251.3
82751.1
82799.4
82847.5
82976.6
82977.212
82977.7
83023.2
83023.4
83055.5
83058.4
83106.5
83523.3
84023.1
84376.4
84419.5
84474.6
84475.212
84475.7
84527.2
84527.4
84613.5
85027.3
85527.1
95269.4
95349.5
96821.4
96942.5
106371.4
106600.5
110879.6
110880.212
110880.7
110959.2
110959.4
111187.5
111264.4
111300.5
111459.3
111959.1
117560.6
117561.212
117561.7
117653.2
117653.4
117773.5
118153.3
118653.1
118907.6
118908.212
118908.7
118985.6
118986.7
119038.2
119038.4
119202.5
119538.3
120038.1
120316.4
120461.5
120980.6
120981.212
120981.7
134392.8
134393.8
134402.8
134403.8
136852.2
136852.4
136906.5
137352.3
137818.4
137852.1
137919.5
138183.4
138233.5
138701.4
138774.5
139939.4
140055.5
141333.4
141581.5
141782.6
141783.212
141783.7
141835.2
141835.4
141885.5
142335.3
142835.1
143849.4
143970.5
144147.6
144148.212
144148.7
144195.2
144195.4
144284.5
144695.3
145195.1
145689.6
145690.212
145690.7
145741.2
145741.4
145837.5
146241.3
146741.1
147053.6
147054.212
147054.7
147106.2
147106.4
147199.5
147606.3
148106.1
148249.4
148282.5
148363.6
148364.212
148364.7
148406.2
148406.4
148469.5
148906.3
149406.1
149751.6
149752.212
149752.7
149802.2
149802.4
149910.5
150302.3
150802.1
150998.4
151170.5
151377.4
151410.5
151526.6
151527.212
151527.7
151586.2
151586.4
151662.5
152086.3
152586.1
152872.4
152932.5
152992.6
152993.212
152993.7
153039.2
153039.4
153106.5
153539.3
153730.4
153800.5
154039.1
155088.4
155158.5
155238.6
155239.212
155239.7
155295.2
155295.4
155353.5
155795.3
156295.1
156567.6
156568.212
156568.7
156628.2
156628.4
156673.5
157128.3
157628.1
158226.6
158227.212
158227.7
158284.2
158284.4
158370.5
158784.3
158855.4
158992.5
159284.1
160003.4
160098.5
160246.4
160287.5
160392.6
160393.212
160393.7
160437.2
160437.4
160485.5
160937.3
161437.1
161682.4
161782.5
161892.6
161893.212
161893.7
161938.2
161938.4
161998.5
162438.3
162938.1
163467.4
163517.5
163598.6
163599.212
163599.7
163654.2
163654.4
163778.5
164154.3
164654.1
172164.6
172165.212
172165.7
172926.2
172926.4
173096.5
173426.3
173926.1
174934.4
175151.5
175673.6
175674.212
175674.7
176890.2
176890.4
177039.5
177390.3
177890.1
178421.6
178422.212
180000.9
123456789
8
16
15
8
16
15
1
FI
1
1
10
14
12
10
47
12
6
2
833
0
0
0
314159265
71
2
180
180000
314159265
0.1
136.6
137.212
137.7
266.2
266.4
269.5
272.4
358.5
766.3
775.4
843.5
1266.1
1420.6
1421.212
1421.7
1467.2
1467.4
1511.5
1967.3
1991.4
2052.5
2467.1
2475.6
2476.212
2476.7
2508.6
2509.7
2540.6
2541.7
2612.2
2612.4
2713.5
3112.3
3251.4
3372.5
3456.6
3457.7
3555.6
3556.7
3568.6
3569.7
3601.6
3602.7
3612.1
3696.6
3697.212
3697.7
3779.2
3779.4
3834.5
3923.4
3991.5
4279.3
4468.4
4524.5
4779.1
4846.6
4847.212
4847.7
4857.6
4858.7
4903.2
4903.4
4984.5
5148.4
5250.5
5403.3
5534.6
5535.7
5660.6
5661.7
5684.6
5685.7
5713.6
5714.7
5813.6
5814.7
5886.6
5887.7
5903.1
6000.6
6001.212
6001.7
6052.2
6052.4
6140.5
6172.4
6302.5
6552.3
7052.1
7136.6
7137.212
7137.7
7199.2
7199.4
7237.5
7699.3
7775.4
7822.5
8132.6
8133.7
8199.1
8308.6
8309.212
8309.7
8359.2
8359.4
8408.5
8859.3
9014.4
9064.5
9087.4
9229.5
9336.6
9337.7
9359.1
9569.4
9640.5
9710.6
9711.212
9711.7
9763.2
9763.4
9832.5
10263.3
10594.6
10595.7
10737.6
10738.7
10763.1
10944.6
10945.212
10945.7
11011.2
11011.4
11083.5
11511.3
11848.4
11880.5
12011.1
12076.6
12077.212
12077.7
12134.2
12134.4
12201.5
12634.3
13134.1
13286.6
13287.212
13287.7
13347.2
13347.4
13439.5
13847.3
14292.4
14340.5
14347.1
14480.6
14481.212
14481.7
14527.2
14527.4
14586.5
15027.3
15473.4
15512.5
15527.1
15632.6
15633.212
15633.7
15674.2
15674.4
15751.5
16174.3
16674.1
16899.4
17019.5
17137.4
17353.5
17431.6
17432.212
17432.7
17487.2
17487.4
17546.5
17987.3
18487.1
18640.6
18641.212
18641.7
18705.2
18705.4
18810.5
19205.3
19705.1
19713.4
19814.5
19932.6
19933.212
19933.7
19976.2
19976.4
20028.5
20476.3
20974.4
20976.1
20992.5
21081.6
21082.212
21082.7
21122.2
21122.4
21181.5
21622.3
22122.1
22186.4
22416.5
22550.4
22624.5
22692.6
22693.212
22693.7
22750.2
22750.4
22826.5
23250.3
23750.1
24082.4
24129.5
24195.6
24196.212
24196.7
24248.2
24248.4
24328.5
24748.3
25248.1
25500.4
25664.5
25765.6
25766.212
25766.7
25819.2
25819.4
25885.5
26319.3
26819.1
26885.4
26919.5
27003.6
27004.212
27004.7
27055.2
27055.4
27143.5
27555.3
28055.1
28056.4
28187.5
28276.6
28277.212
28277.7
28323.2
28323.4
28374.5
28823.3
29323.1
29342.4
29454.5
29593.4
29628.5
29719.6
29720.212
29720.7
29770.2
29770.4
29839.5
30270.3
30770.1
30875.4
30908.5
30987.6
30988.212
30988.7
31036.2
31036.4
31087.5
31536.3
32036.1
32044.4
32163.5
32243.6
32244.212
32244.7
32287.2
32287.4
32388.5
32787.3
33287.1
33637.6
33638.212
33638.7
33700.2
33700.4
33765.5
34200.3
34255.4
34511.5
34700.1
34896.6
34897.212
34897.7
34971.2
34971.4
35053.5
35471.3
35971.1
36224.4
36536.5
36664.4
36719.5
36788.6
36789.212
36789.7
36840.2
36840.4
36921.5
37340.3
37500.4
37560.5
37831.6
37832.7
37840.1
37937.6
37938.212
37938.7
38002.2
38002.4
38071.5
38502.3
39002.1
39341.4
39406.5
39620.6
39621.212
39621.7
39672.2
39672.4
39708.5
40172.3
40672.1
40681.4
40724.5
40855.6
40856.212
40856.7
40912.2
40912.4
41022.5
41412.3
41535.4
41587.5
41672.4
41723.5
41834.6
41835.7
41912.1
42795.6
42796.212
42796.7
42858.2
42858.4
42916.5
43358.3
43858.1
44122.4
44184.5
44259.6
44260.212
44260.7
44310.2
44310.4
44369.5
44810.3
45310.1
45595.4
45647.5
45800.4
45891.5
45961.6
45962.212
45962.7
46020.2
46020.4
46074.5
46520.3
47020.1
47486.4
47529.5
47608.6
47609.212
47609.7
47658.2
47658.4
47726.5
48158.3
48658.1
48927.4
48998.5
49180.6
49181.212
49181.7
49233.2
49233.4
49334.5
49733.3
50233.1
50775.6
50776.212
50776.7
50840.2
50840.4
50890.5
51340.3
51840.1
52039.4
52094.5
52211.6
52212.212
52212.7
52261.2
52261.4
52344.5
52761.3
53261.1
53508.4
53588.5
53699.6
53700.212
53700.7
53750.2
53750.4
53787.5
54250.3
54750.1
55102.4
55143.5
55238.6
55239.212
55239.7
55292.2
55292.4
55380.5
55792.3
56292.1
56426.4
56461.5
56547.6
56548.212
56548.7
56600.2
56600.4
56703.5
57100.3
57600.1
57705.4
57769.5
57856.6
57857.212
57857.7
57912.2
57912.4
57978.5
58412.3
58912.1
59119.4
59188.5
59274.6
59275.212
59275.7
59326.2
59326.4
59384.5
59826.3
60326.1
71059.4
71074.5
76185.4
76215.5
76610.4
76646.5
83495.4
83524.5
88402.4
88471.5
90916.8
90917.8
90922.8
90923.8
93921.6
93922.212
93922.7
94014.2
94014.4
94103.5
94141.4
94514.3
94578.5
94740.4
94837.5
94992.4
95014.1
95080.5
95094.4
95101.5
95901.6
95902.212
95902.7
95986.2
95986.4
96162.5
96251.4
96350.5
96486.3
96923.4
96986.1
97012.5
97545.6
97546.212
97546.7
97628.2
97628.4
97720.5
97768.4
97810.5
98128.3
98628.1
99708.6
99709.212
99709.7
99820.6
99821.7
100153.2
100153.4
100421.5
100463.4
100527.5
100589.4
100653.3
101000.5
101153.1
101165.4
101275.5
101276.4
101279.5
101323.4
101415.5
102875.6
102876.212
102876.7
102972.2
102972.4
103121.5
103472.3
103920.4
103972.1
104033.5
104230.6
104231.212
104231.7
104359.2
104359.4
104680.5
104859.3
105359.1
105792.4
105861.5
106783.4
106873.5
107732.4
107811.5
108308.6
108309.212
108309.7
108371.2
108371.4
108432.5
108871.3
109371.1
109554.4
109556.5
109557.4
109646.5
109776.4
109829.5
110010.6
110011.212
110011.7
110062.2
110062.4
110323.5
110562.3
111062.1
111410.4
111603.5
111709.6
111710.212
111710.7
111748.2
111748.4
111891.5
112248.3
112748.1
113097.4
113145.5
113148.4
113215.5
113355.4
113403.5
113477.6
113478.212
113478.7
113534.2
113534.4
113584.5
114034.3
114534.1
114610.4
114783.5
114845.4
114888.5
114986.6
114987.212
114987.7
115036.2
115036.4
115109.5
115536.3
116036.1
116246.4
116316.5
116421.6
116422.212
116422.7
116472.2
116472.4
116526.5
116972.3
117472.1
117702.4
117807.5
117922.6
117923.212
117923.7
117968.2
117968.4
118031.5
118468.3
118915.4
118968.1
119255.5
119394.6
119395.212
119395.7
119444.2
119444.4
119520.5
119944.3
120444.1
120649.4
120842.5
120941.6
120942.212
120942.7
120991.2
120991.4
121077.5
121491.3
121991.1
122295.4
122530.5
122660.6
122661.212
122661.7
122705.2
122705.4
122760.5
123205.3
123705.1
124103.4
124131.5
124206.6
124207.212
124207.7
124254.2
124254.4
124321.5
124754.3
125254.1
125422.4
125496.5
125661.6
125662.212
125662.7
125712.2
125712.4
125776.5
126212.3
126712.1
126776.4
126839.5
126921.6
126922.212
126922.7
126969.2
126969.4
127042.5
127469.3
127969.1
128033.4
128091.5
128179.6
128180.212
128180.7
128226.2
128226.4
128271.5
128726.3
129226.1
129731.4
129840.5
130887.4
131031.5
131131.6
131132.212
131132.7
131183.2
131183.4
131293.5
131683.3
132183.1
132311.4
132458.5
132607.4
132955.5
133278.6
133279.212
133279.7
133340.2
133340.4
133389.5
133840.3
134340.1
134539.4
134570.5
134721.4
135134.5
135285.6
135286.212
135286.7
135367.2
135367.4
135451.5
135867.3
136367.1
136734.4
136796.5
136876.6
136877.212
136877.7
136924.2
136924.4
136972.5
137424.3
137924.1
138147.4
138180.5
138187.4
138450.5
138594.4
138627.5
138628.4
138629.5
138684.6
138685.212
138685.7
138742.2
138742.4
138821.5
139242.3
139742.1
140219.6
140220.212
140220.7
140272.2
140272.4
140361.5
140772.3
140998.4
141037.5
141272.1
141970.6
141971.212
141971.7
156881.2
156881.4
157066.5
157115.4
157220.5
157381.3
157881.1
158862.4
159046.5
162139.4
162193.5
163150.4
163158.5
163219.4
163261.5
164635.4
164695.5
169572.4
169921.5
171264.4
171687.5
175934.4
176317.5
178446.4
180000.9
123456789
8
17
15
8
17
15
1
FI
1
1
9
50
45
10
23
44
6
2
776
0
0
0
314159265
67
2
173
180000
314159265
0.1
218.6
219.212
219.7
269.2
269.4
357.5
733.4
764.5
769.3
1098.6
1099.7
1245.6
1246.7
1269.1
1405.6
1406.212
1406.7
1483.2
1483.4
1586.5
1911.4
1983.3
1988.5
2237.6
2238.7
2398.6
2399.7
2483.1
2557.4
2572.5
2636.6
2637.212
2637.7
2687.2
2687.4
2737.5
3143.4
3169.5
3187.3
3419.6
3420.7
3437.6
3438.7
3504.6
3505.7
3684.6
3685.7
3687.1
3766.6
3767.212
3767.7
3828.2
3828.4
3874.5
4328.3
4359.4
4532.5
4828.1
4989.6
4990.212
4990.7
5058.2
5058.4
5149.5
5558.3
5892.4
5999.5
6058.1
6254.6
6255.212
6255.7
6321.2
6321.4
6377.5
6821.3
7321.1
7469.6
7470.212
7470.7
7527.2
7527.4
7570.5
8027.3
8242.4
8273.5
8376.4
8392.5
8399.4
8515.5
8527.1
8682.6
8683.212
8683.7
8742.2
8742.4
8795.5
9242.3
9478.4
9499.5
9715.6
9716.7
9742.1
9936.6
9937.212
9937.7
9986.2
9986.4
10056.5
10486.3
10621.4
10682.5
10986.1
11050.6
11051.212
11051.7
11121.2
11121.4
11194.5
11621.3
12121.1
12232.6
12233.212
12233.7
12285.2
12285.4
12329.5
12785.3
13003.4
13102.5
13283.6
13284.7
13285.1
13389.6
13390.212
13390.7
13445.2
13445.4
13529.5
13945.3
14317.4
14362.5
14445.1
14565.6
14566.212
14566.7
14611.2
14611.4
14649.5
15111.3
15592.4
15610.5
15611.1
15698.6
15699.212
15699.7
15744.2
15744.4
15832.5
16244.3
16744.1
16747.4
16790.5
16867.6
16868.212
16868.7
16917.2
16917.4
16997.5
17417.3
17917.1
18130.6
18131.212
18131.7
18187.2
18187.4
18247.5
18687.3
19187.1
19358.6
19359.212
19359.7
19412.2
19412.4
19470.5
19912.3
20412.1
20644.4
20688.5
20760.6
20761.212
20761.7
20813.2
20813.4
20905.5
21313.3
21715.4
21757.5
21813.1
21939.6
21940.212
21940.7
22013.2
22013.4
22058.5
22513.3
23013.1
23169.6
23170.212
23170.7
23225.2
23225.4
23270.5
23725.3
24225.1
24240.4
24283.5
24364.6
24365.212
24365.7
24429.2
24429.4
24489.5
24929.3
25370.4
25429.1
25507.5
25829.4
26150.5
26246.6
26247.212
26247.7
26303.2
26303.4
26371.5
26803.3
27303.1
27376.4
27411.5
27505.6
27506.212
27506.7
27553.2
27553.4
27622.5
28053.3
28511.4
28544.5
28553.1
28872.6
28873.212
28873.7
28928.2
28928.4
29065.5
29428.3
29928.1
29971.4
30109.5
30323.6
30324.212
30324.7
30373.2
30373.4
30439.5
30873.3
31373.1
31565.4
31725.5
31853.6
31854.212
31854.7
31903.2
31903.4
31995.5
32403.3
32850.4
32853.5
32903.1
33342.6
33343.212
33343.7
33419.2
33419.4
33465.5
33919.3
34419.1
35252.4
35253.5
35254.4
35290.5
35356.6
35357.212
35357.7
35402.2
35402.4
35446.5
35902.3
36309.4
36398.5
36402.1
36667.4
36716.5
36937.6
36938.212
36938.7
36989.2
36989.4
37073.5
37489.3
37989.1
38173.4
38270.5
38719.4
38942.5
39188.6
39189.212
39189.7
39243.2
39243.4
39312.5
39743.3
40172.4
40243.1
40251.5
40571.4
40638.5
40799.6
40800.212
40800.7
40859.2
40859.4
40919.5
41359.3
41859.1
42078.6
42079.212
42079.7
42136.2
42136.4
42288.5
42636.3
43136.1
43142.4
43288.5
43392.6
43393.212
43393.7
43444.2
43444.4
43490.5
43944.3
44354.4
44444.1
44461.5
44666.4
44730.5
44859.6
44860.212
44860.7
44917.2
44917.4
44981.5
45417.3
45917.1
45968.4
46016.5
46141.6
46142.212
46142.7
46190.2
46190.4
46260.5
46690.3
47133.4
47190.1
47213.5
47725.4
47913.5
48224.4
48259.5
48343.6
48344.212
48344.7
48402.2
48402.4
48475.5
48902.3
49402.1
49566.4
49618.5
49714.6
49715.212
49715.7
49773.2
49773.4
49931.5
50273.3
50773.1
51033.4
51082.5
51242.4
51345.5
51429.6
51430.212
51430.7
51481.2
51481.4
51559.5
51981.3
52481.1
52783.4
53009.5
53136.6
53137.212
53137.7
53186.2
53186.4
53243.5
53686.3
54075.4
54151.5
54186.1
54911.6
54912.212
54912.7
54973.2
54973.4
55028.5
55473.3
55929.4
55973.1
55999.5
56837.4
56840.5
56845.4
56935.5
57069.6
57070.212
57070.7
57137.2
57137.4
57184.5
57637.3
57668.4
57736.5
58137.1
58163.4
58252.5
58390.6
58391.212
58391.7
58446.2
58446.4
58563.5
58946.3
59446.1
59855.4
60098.5
60356.6
60357.212
60357.7
60414.2
60414.4
60491.5
60914.3
61081.4
61157.5
61414.1
61859.4
61895.5
62012.6
62013.212
62013.7
62065.2
62065.4
62136.5
62565.3
63065.1
63183.4
63247.5
63375.6
63376.212
63376.7
63435.2
63435.4
63483.5
63935.3
64435.1
64794.4
64936.5
65008.6
65009.212
65009.7
65074.2
65074.4
65170.5
65574.3
66074.1
66434.4
66842.5
66985.6
66986.212
66986.7
67032.2
67032.4
67075.5
67532.3
68032.1
68484.4
68652.5
68857.6
68858.212
68858.7
68927.2
68927.4
68969.5
69427.3
69927.1
70189.4
70223.5
70224.4
70227.5
70328.6
70329.212
70329.7
70380.2
70380.4
70430.5
70880.3
71380.1
71581.4
71759.5
71929.6
71930.212
71930.7
71977.2
71977.4
72015.5
72477.3
72893.4
72960.5
72977.1
73108.4
73327.5
73467.6
73468.212
73468.7
73527.2
73527.4
73600.5
73983.4
74027.3
74132.5
74527.1
75326.4
75413.5
75605.4
75644.5
75908.4
75966.5
76050.6
76051.212
76051.7
76109.2
76109.4
76163.5
76609.3
77109.1
77399.4
77483.5
77607.6
77608.212
77608.7
77659.2
77659.4
77743.5
78159.3
78659.1
78936.4
78992.5
79152.6
79153.212
79153.7
79210.2
79210.4
79277.5
79710.3
80210.1
80517.4
80572.5
80683.6
80684.212
80684.7
80738.2
80738.4
80829.5
81238.3
81738.1
82275.4
82372.5
82491.6
82492.212
82492.7
82540.2
82540.4
82624.5
83040.3
83117.4
83197.5
83540.1
84706.4
84745.5
84908.6
84909.212
84909.7
84963.2
84963.4
85043.5
85275.4
85342.5
85463.3
85963.1
95448.4
95453.5
95458.4
95473.5
95489.4
95846.5
98895.4
98906.5
113489.8
113490.8
113497.8
113498.8
119207.4
119733.5
119760.4
120366.5
120500.4
120516.5
120682.6
120683.212
120683.7
120748.2
120748.4
120808.5
121248.3
121748.1
122270.4
122318.5
122540.6
122541.212
122541.7
122590.2
122590.4
122664.5
123090.3
123590.1
123828.4
123840.5
123845.4
123869.5
124218.6
124219.212
124219.7
124277.2
124277.4
124344.5
124566.4
124640.5
124777.3
125277.1
125616.4
125772.5
125907.6
125908.212
125908.7
125962.2
125962.4
126053.5
126462.3
126962.1
128057.6
128058.212
128058.7
128266.2
128266.4
128390.5
128766.3
129166.4
129266.1
129275.5
130137.6
130138.212
130138.7
130248.2
130248.4
130251.5
130254.4
130324.5
130748.3
131248.1
137296.4
137461.5
137618.4
137885.5
138007.4
138023.5
138412.6
138413.212
138413.7
138468.6
138469.7
138558.2
138558.4
138772.5
138828.4
138851.5
138893.4
139058.3
139108.5
139558.1
142285.4
142576.5
142584.4
142653.5
143993.4
144030.5
148540.4
148567.5
148725.4
148773.5
162239.4
162554.5
163782.6
163783.212
163783.7
163877.2
163877.4
164088.5
164156.4
164255.5
164267.4
164309.5
164349.4
164377.3
164529.5
164877.1
164912.4
165039.5
165043.4
165046.5
166433.6
166434.212
166434.7
166522.2
166522.4
166736.5
167022.3
167522.1
169614.4
169739.5
170418.6
170419.212
170419.7
170961.2
170961.4
171012.5
171461.3
171961.1
176160.4
176383.5
180000.9
123456789
8
18
15
8
18
15
1
FI
1
1
9
56
12
10
29
12
6
2
463
0
0
0
314159265
35
0
123
180000
314159265
0.1
306.6
307.212
307.7
397.2
397.4
552.5
567.4
648.5
897.3
1053.4
1123.5
1314.4
1320.5
1397.1
1542.6
1543.212
1543.7
1603.2
1603.4
1742.5
2103.3
2215.4
2271.5
2603.1
2681.6
2682.212
2682.7
2743.2
2743.4
2780.5
3243.3
3289.4
3364.5
3720.6
3721.7
3743.1
4088.6
4089.212
4089.7
4139.2
4139.4
4214.5
4639.3
4797.4
4920.5
5139.1
5371.6
5372.212
5372.7
5436.2
5436.4
5499.5
5780.4
5907.5
5936.3
6436.1
6544.4
6755.5
6847.6
6848.212
6848.7
6912.2
6912.4
6959.5
7412.3
7642.4
7647.5
7912.1
8027.6
8028.212
8028.7
8092.2
8092.4
8183.5
8592.3
8949.4
9092.1
9194.5
9359.6
9360.212
9360.7
9406.2
9406.4
9484.5
9906.3
10215.4
10217.5
10219.4
10406.1
10412.5
10518.6
10519.212
10519.7
10567.2
10567.4
10657.5
11067.3
11567.1
11783.6
11784.212
11784.7
11838.2
11838.4
11905.5
12338.3
12670.4
12795.5
12838.1
13148.6
13149.212
13149.7
13211.2
13211.4
13254.5
13711.3
14146.4
14211.1
14513.5
14521.4
14533.5
14542.4
14675.5
14915.4
14996.5
15076.6
15077.212
15077.7
15132.2
15132.4
15221.5
15632.3
15663.4
15891.5
16132.1
16324.6
16325.212
16325.7
16386.2
16386.4
16444.5
16886.3
17386.1
17508.4
17755.5
17860.6
17861.212
17861.7
17908.2
17908.4
17962.5
18408.3
18812.4
18908.1
19019.5
19167.4
19192.5
19266.6
19267.212
19267.7
19320.2
19320.4
19390.5
19820.3
20320.1
20456.4
20665.5
21086.6
21087.212
21087.7
21145.2
21145.4
21191.5
21645.3
22035.4
22145.1
22327.5
22426.6
22427.212
22427.7
22477.2
22477.4
22523.5
22977.3
23477.1
23559.4
23692.5
23781.6
23782.212
23782.7
23834.2
23834.4
23931.5
24334.3
24796.4
24834.1
25041.5
25168.6
25169.212
25169.7
25217.2
25217.4
25270.5
25717.3
26000.4
26082.5
26217.1
26699.4
26938.5
27040.6
27041.212
27041.7
27102.2
27102.4
27144.5
27602.3
27927.4
28078.5
28102.1
28223.6
28224.212
28224.7
28279.2
28279.4
28321.5
28779.3
29163.4
29237.5
29279.1
29556.4
29558.5
29559.4
29604.5
29715.6
29716.212
29716.7
29769.2
29769.4
29806.5
30269.3
30692.4
30729.5
30769.1
30953.6
30954.212
30954.7
31027.2
31027.4
31090.5
31527.3
32027.1
32407.4
32482.5
32879.4
32936.5
33023.6
33024.212
33024.7
33072.2
33072.4
33140.5
33566.4
33572.3
33748.5
34072.1
34958.4
35236.5
35413.4
35533.5
35654.6
35655.212
35655.7
35712.2
35712.4
35823.5
36212.3
36712.1
37136.4
37456.5
37595.6
37596.212
37596.7
37647.2
37647.4
37717.5
38147.3
38647.1
38796.4
38900.5
39169.6
39170.212
39170.7
39232.2
39232.4
39288.5
39732.3
40232.1
40352.6
40353.212
40353.7
40407.2
40407.4
40446.5
40907.3
41246.4
41407.1
41420.5
41574.6
41575.212
41575.7
41633.2
41633.4
41689.5
42133.3
42633.1
42743.4
42910.5
43024.4
43294.5
43460.6
43461.212
43461.7
43529.2
43529.4
43586.5
44029.3
44529.1
44643.4
44731.5
44852.6
44853.212
44853.7
44900.2
44900.4
44975.5
45400.3
45900.1
45961.4
46052.5
46177.6
46178.212
46178.7
46219.2
46219.4
46337.5
46719.3
47047.4
47219.1
47360.5
50000.6
50001.212
50001.7
50075.2
50075.4
50154.5
50575.3
51075.1
53189.4
53202.5
53207.4
53369.5
58991.4
59230.5
62487.6
62488.212
62488.7
63972.2
63972.4
64245.5
64472.3
64972.1
69126.4
69365.5
75350.4
75919.5
76018.4
76256.5
76571.4
77447.5
77651.4
77849.5
82900.4
82957.5
83193.4
83395.5
84592.4
84947.5
88200.6
88201.212
88201.7
93389.6
93390.7
96337.2
96337.4
96570.5
96837.3
97337.1
99630.4
99738.5
105847.4
105954.5
108885.4
109181.5
111824.4
111907.5
127151.4
127337.5
127364.4
127625.5
128037.4
129201.5
129313.4
129361.5
132083.4
132166.5
135268.4
135375.5
135523.4
135647.5
137913.4
138092.5
146665.4
146712.5
149704.4
149726.5
151180.4
151286.5
155265.4
155499.5
155629.4
155642.5
158628.4
158893.5
165955.4
166166.5
166178.4
166645.5
172366.4
172752.5
172854.4
173202.5
173438.4
173577.5
174691.4
175454.5
176478.4
176583.5
176606.4
176627.5
176633.4
176861.5
177026.4
177129.5
177579.4
177628.5
178030.4
178238.5
178312.4
178851.5
178868.4
180000.9
123456789
8
19
15
8
19
15
1
FI
1
1
9
52
55
10
25
54
6
2
381
0
0
0
314159265
33
0
88
180000
314159265
0.1
414.4
436.5
506.6
507.212
507.7
566.2
566.4
691.5
1066.3
1435.4
1520.5
1566.1
1693.6
1694.212
1694.7
1736.2
1736.4
1802.5
2236.3
2597.4
2702.5
2736.1
3047.6
3048.212
3048.7
3100.2
3100.4
3187.5
3600.3
3968.4
4062.5
4100.1
4691.6
4692.212
4692.7
4744.2
4744.4
4846.5
5244.3
5562.4
5744.1
5861.5
6363.6
6364.212
6364.7
6421.2
6421.4
6499.5
6921.3
7278.4
7421.1
7603.5
7917.6
7918.212
7918.7
7962.2
7962.4
8059.5
8462.3
8962.1
9442.4
9465.5
9912.6
9913.212
9913.7
9997.2
9997.4
10049.5
10497.3
10997.1
11152.4
11365.5
11510.6
11511.212
11511.7
11534.6
11535.7
11572.2
11572.4
11619.5
12072.3
12078.4
12156.5
12572.1
12813.6
12814.212
12814.7
12884.2
12884.4
12972.5
13384.3
13884.1
15141.6
15142.212
15142.7
15213.2
15213.4
15256.5
15713.3
16213.1
16671.4
16761.5
16905.6
16906.212
16906.7
16955.2
16955.4
17009.5
17455.3
17955.1
18418.4
18651.5
18815.6
18816.212
18816.7
18872.2
18872.4
18918.5
19372.3
19872.1
20479.4
20506.5
32841.4
32863.5
47156.4
47159.5
47598.4
47603.5
49677.4
50101.5
50525.4
50692.5
51618.4
51654.5
60703.4
60811.5
65686.6
65687.212
65687.7
65774.2
65774.4
65910.5
66274.3
66774.1
67431.4
67436.5
67441.4
67445.5
67447.4
67497.5
69951.4
70030.5
74882.4
75081.5
75314.6
75315.212
75315.7
75421.2
75421.4
75673.5
75877.4
75921.3
75985.5
76421.1
77289.4
77385.5
78463.4
78739.5
78742.4
78915.5
79059.6
79060.212
79060.7
79122.2
79122.4
79180.5
79622.3
80122.1
80494.4
80757.5
80773.4
80821.5
80992.6
80993.212
80993.7
81058.2
81058.4
81099.5
81558.3
82058.1
82271.4
82341.5
82755.4
82874.5
83009.6
83010.212
83010.7
83069.2
83069.4
83121.5
83569.3
84069.1
84280.4
84326.5
84429.6
84430.212
84430.7
84484.2
84484.4
84556.5
84984.3
85484.1
85777.4
85846.5
85990.6
85991.212
85991.7
86057.2
86057.4
86112.5
86557.3
86760.4
86858.5
87057.1
87762.4
87799.5
87913.6
87914.212
87914.7
87981.2
87981.4
88069.5
88481.3
88981.1
89273.4
89511.5
89625.6
89626.212
89626.7
89680.2
89680.4
89730.5
90180.3
90680.1
90737.4
90852.5
90934.6
90935.212
90935.7
90987.2
90987.4
91067.5
91487.3
91987.1
92359.4
92379.5
92482.6
92483.212
92483.7
92552.2
92552.4
92641.5
93052.3
93552.1
93729.4
93739.5
93744.4
93776.5
93882.6
93883.212
93883.7
93949.2
93949.4
94036.5
94449.3
94949.1
95619.6
95620.212
95620.7
95689.2
95689.4
95788.5
96189.3
96689.1
96725.4
96803.5
97181.6
97182.212
97182.7
97248.2
97248.4
97374.5
97748.3
98248.1
98495.4
98606.5
98964.4
99148.5
99271.6
99272.212
99272.7
99335.2
99335.4
99396.5
99835.3
100335.1
100458.4
100554.5
100712.6
100713.212
100713.7
100760.2
100760.4
100831.5
101260.3
101760.1
105197.4
105214.5
115881.6
115882.212
115882.7
116029.2
116029.4
116166.5
116529.3
117029.1
119240.6
119241.212
119241.7
122802.2
122802.4
122842.5
123302.3
123802.1
127331.4
127569.5
129246.6
129247.212
129247.7
129916.2
129916.4
129962.5
130416.3
130916.1
131611.4
131950.5
132263.4
132466.5
132674.6
132675.212
132675.7
132787.6
132788.7
140367.2
140367.4
140657.5
140867.3
141367.1
145529.6
145530.212
145530.7
148788.2
148788.4
148871.5
149288.3
149788.1
152416.4
152453.5
160101.4
160180.5
162065.4
162068.5
162074.4
162084.5
174011.4
174215.5
179956.4
180000.9
123456789
8
20
15
8
20
15
1
FI
1
1
9
55
18
10
28
18
6
2
725
0
0
0
314159265
66
0
156
180000
314159265
0.1
173.4
235.5
261.4
296.5
415.4
459.5
541.6
542.212
542.7
618.2
618.4
752.5
1013.4
1118.3
1122.5
1130.4
1152.5
1157.4
1161.5
1162.4
1164.5
1177.4
1188.5
1194.4
1298.5
1618.1
1765.6
1766.212
1766.7
1826.2
1826.4
1898.5
2186.4
2258.5
2326.3
2784.6
2785.7
2826.1
3083.6
3084.212
3084.7
3121.2
3121.4
3198.5
3442.4
3596.5
3621.3
4121.1
4212.4
4241.5
4316.6
4317.212
4317.7
4362.2
4362.4
4456.5
4838.4
4862.3
5053.5
5362.1
5405.6
5406.212
5406.7
5457.2
5457.4
5521.5
5957.3
5969.4
6301.5
6457.1
6614.6
6615.212
6615.7
6681.2
6681.4
6738.5
7181.3
7362.4
7369.5
7681.1
7729.6
7730.212
7730.7
7785.2
7785.4
7864.5
8060.4
8140.5
8285.3
8724.4
8785.1
8829.5
8932.6
8933.212
8933.7
8981.2
8981.4
9054.5
9481.3
9788.4
9851.5
9981.1
10125.6
10126.212
10126.7
10193.2
10193.4
10326.5
10693.3
10929.4
11186.5
11193.1
11369.4
11394.5
11454.6
11455.212
11455.7
11511.2
11511.4
11583.5
12011.3
12334.4
12356.5
12357.4
12359.5
12458.6
12459.7
12511.1
12675.6
12676.212
12676.7
12754.2
12754.4
12791.5
13254.3
13355.4
13449.5
13754.1
13765.4
13786.5
13929.6
13930.212
13930.7
13991.2
13991.4
14055.5
14491.3
14681.4
14942.5
14946.4
14990.5
14991.1
15004.4
15022.5
15106.6
15107.212
15107.7
15158.2
15158.4
15196.5
15658.3
16158.1
16192.6
16193.212
16193.7
16256.2
16256.4
16336.5
16756.3
17256.1
17420.6
17421.212
17421.7
17518.2
17518.4
17580.5
18018.3
18512.6
18513.7
18518.1
18671.6
18672.212
18672.7
18731.2
18731.4
18780.5
19231.3
19503.4
19731.1
19778.5
19880.6
19881.212
19881.7
19938.2
19938.4
19992.5
20438.3
20938.1
21059.4
21112.5
21188.6
21189.212
21189.7
21237.2
21237.4
21306.5
21737.3
22237.1
22607.6
22608.212
22608.7
22658.2
22658.4
22739.5
23158.3
23559.4
23646.5
23658.1
23783.6
23784.212
23784.7
23843.2
23843.4
23905.5
23915.4
23971.5
24343.3
24754.4
24809.5
24843.1
24983.6
24984.212
24984.7
25045.2
25045.4
25092.5
25545.3
25803.4
25865.5
26045.1
26362.4
26408.5
26493.6
26494.212
26494.7
26552.2
26552.4
26623.5
27052.3
27214.4
27283.5
27552.1
27761.4
27764.5
27867.6
27868.212
27868.7
27913.2
27913.4
27995.5
28413.3
28817.4
28904.5
28913.1
29692.6
29693.212
29693.7
29752.2
29752.4
30252.3
30305.5
30420.6
30421.7
30561.6
30562.7
30752.1
30813.6
30814.212
30814.7
30871.2
30871.4
30950.5
31371.3
31632.4
31816.5
31871.1
31930.6
31931.212
31931.7
31987.2
31987.4
32111.5
32487.3
32987.1
33340.6
33341.212
33341.7
33400.2
33400.4
33481.5
33900.3
34377.4
34400.1
34450.5
34533.6
34534.212
34534.7
34580.2
34580.4
34675.5
35080.3
35580.1
35928.6
35929.212
35929.7
35989.2
35989.4
36064.5
36489.3
36989.1
37363.6
37364.212
37364.7
37424.2
37424.4
37486.5
37924.3
38424.1
38641.6
38642.212
38642.7
38697.2
38697.4
38815.5
39197.3
39697.1
40021.6
40022.212
40022.7
40078.2
40078.4
40119.5
40578.3
41078.1
41178.4
41225.5
41308.6
41309.212
41309.7
41361.2
41361.4
41410.5
41861.3
42361.1
42375.4
42402.5
42509.6
42510.212
42510.7
42559.6
42560.7
42613.2
42613.4
42663.5
43113.3
43378.4
43501.5
43613.1
43617.6
43618.212
43618.7
43784.2
43784.4
43830.5
44284.3
44450.4
44517.5
44747.6
44748.7
44784.1
44896.6
44897.212
44897.7
44987.2
44987.4
45058.5
45487.3
45987.1
46201.4
46247.5
46401.6
46402.212
46402.7
46482.2
46482.4
46533.5
46982.3
47482.1
47666.6
47667.212
47667.7
47729.2
47729.4
47790.5
48224.4
48229.3
48311.5
48729.1
49664.4
49711.5
49877.6
49878.212
49878.7
49941.2
49941.4
50018.5
50441.3
50941.1
51017.4
51099.5
51525.4
51684.5
51794.6
51795.212
51795.7
51855.2
51855.4
51947.5
52355.3
52855.1
53092.4
53094.5
53095.4
53313.5
53587.4
53606.5
53608.4
53611.5
53612.4
53614.5
53686.6
53687.212
53687.7
53744.2
53744.4
53811.5
54244.3
54744.1
55076.4
55092.5
55235.6
55236.212
55236.7
55329.2
55329.4
55417.5
55829.3
56329.1
56820.4
56850.5
56961.6
56962.212
56962.7
57018.2
57018.4
57072.5
57518.3
58018.1
58550.4
58616.5
58765.6
58766.212
58766.7
58832.2
58832.4
58871.5
58881.4
58920.5
59332.3
59832.1
59860.4
59908.5
60028.6
60029.212
60029.7
60087.2
60087.4
60142.5
60587.3
61087.1
61632.6
61633.212
61633.7
61685.2
61685.4
61730.5
62185.3
62685.1
63112.4
63166.5
63923.6
63924.212
63924.7
64005.2
64005.4
64071.5
64505.3
65005.1
66119.4
66139.5
66283.6
66284.212
66284.7
66344.2
66344.4
66395.5
66844.3
67344.1
67679.4
67721.5
67862.6
67863.212
67863.7
67928.2
67928.4
67995.5
68428.3
68928.1
72325.4
72442.5
72935.6
72936.212
72936.7
73029.2
73029.4
73099.5
73529.3
74029.1
78759.4
79056.5
90229.4
90364.5
90594.6
90595.212
90595.7
90663.2
90663.4
90732.5
91163.3
91663.1
92280.4
92361.5
92600.6
92601.212
92601.7
92654.2
92654.4
92727.5
93154.3
93527.4
93654.1
93767.5
94035.6
94036.212
94036.7
94087.2
94087.4
94131.5
94587.3
95087.1
95563.4
95650.5
95843.4
95901.5
95905.4
95920.5
95929.4
95963.5
96071.6
96072.212
96072.7
96123.2
96123.4
96159.5
96623.3
97123.1
97632.4
97716.5
98154.4
98296.5
98384.6
98385.212
98385.7
98437.2
98437.4
98511.5
98937.3
99437.1
99959.4
100096.5
100220.6
100221.212
100221.7
100279.2
100279.4
100339.5
100779.3
101279.1
101398.4
101490.5
102440.6
102441.212
102441.7
102486.2
102486.4
102557.5
102901.4
102966.5
102986.3
103486.1
104181.4
104281.5
104404.6
104405.212
104405.7
104461.2
104461.4
104578.5
104961.3
105461.1
106515.4
106576.5
106669.6
106670.212
106670.7
106720.2
106720.4
106806.5
107220.3
107720.1
108287.6
108288.212
108288.7
108342.2
108342.4
108400.5
108842.3
109029.4
109082.5
109342.1
109370.6
109371.212
109371.7
109438.2
109438.4
109478.5
109938.3
110438.1
110984.4
110993.5
111109.6
111110.212
111110.7
111176.2
111176.4
111222.5
111676.3
112176.1
112856.6
112857.212
112857.7
112920.2
112920.4
112975.5
113420.3
113920.1
114916.4
114919.5
114925.4
115005.5
115102.6
115103.212
115103.7
115160.2
115160.4
115240.5
115660.3
116160.1
117370.4
117464.5
130927.4
130966.5
134518.4
134690.5
151627.4
151998.5
159986.4
160413.5
165897.6
165898.212
165898.7
167491.2
167491.4
167759.5
167991.3
168491.1
170998.4
171424.5
171726.4
171833.5
173229.6
173230.212
173230.7
173357.2
173357.4
173851.5
173857.3
173857.4
174093.5
174357.1
175944.4
180000.9
123456789
8
21
15
8
21
15
1
FI
1
1
9
55
01
10
28
01
6
2
623
0
0
0
314159265
57
0
132
180000
314159265
0.1
264.4
286.5
360.6
361.212
361.7
402.2
402.4
482.5
902.3
1402.1
1550.6
1551.212
1551.7
1600.2
1600.4
1688.5
2100.3
2208.4
2337.5
2534.6
2535.7
2600.1
2725.6
2726.212
2726.7
2793.2
2793.4
2886.5
3293.3
3314.4
3350.5
3582.6
3583.7
3635.6
3636.7
3793.1
3980.6
3981.212
3981.7
4023.2
4023.4
4111.5
4435.4
4523.3
4569.5
4978.6
4979.7
5023.1
5126.6
5127.212
5127.7
5181.2
5181.4
5251.5
5681.3
5795.4
5885.5
6181.1
6245.6
6246.212
6246.7
6342.2
6342.4
6397.5
6842.3
6976.4
7062.5
7328.4
7342.1
7435.5
7562.6
7563.212
7563.7
7620.2
7620.4
7701.5
8120.3
8163.4
8211.5
8620.1
8693.6
8694.212
8694.7
8738.2
8738.4
8804.5
8813.4
8892.5
9238.3
9681.4
9738.1
9946.5
10068.6
10069.212
10069.7
10121.2
10121.4
10177.5
10621.3
10775.4
10821.5
11121.1
11312.4
11345.5
11407.6
11408.212
11408.7
11465.2
11465.4
11510.5
11965.3
12282.4
12437.5
12465.1
12935.6
12936.212
12936.7
12989.2
12989.4
13072.5
13489.3
13977.4
13989.1
14012.5
14211.6
14212.212
14212.7
14262.2
14262.4
14312.5
14762.3
14940.4
15044.5
15262.1
15344.6
15345.212
15345.7
15414.2
15414.4
15521.5
15914.3
16394.4
16414.1
16423.5
16631.6
16632.212
16632.7
16692.2
16692.4
16755.5
17192.3
17556.4
17669.5
17692.1
18021.6
18022.212
18022.7
18073.2
18073.4
18119.5
18573.3
18903.4
19005.5
19073.1
19247.6
19248.212
19248.7
19298.2
19298.4
19403.5
19798.3
19869.4
19965.5
20261.4
20298.1
20430.5
20526.6
20527.212
20527.7
20598.2
20598.4
20698.5
21098.3
21542.4
21598.1
21626.5
21737.6
21738.212
21738.7
21786.2
21786.4
21838.5
22286.3
22786.1
22917.4
23032.5
23118.6
23119.212
23119.7
23162.2
23162.4
23213.5
23662.3
24066.4
24162.1
24209.5
24370.4
24413.5
24465.6
24466.212
24466.7
24522.2
24522.4
24616.5
25022.3
25288.4
25343.5
25522.1
25696.6
25697.212
25697.7
25778.2
25778.4
25842.5
26278.3
26770.4
26778.1
26804.5
26905.6
26906.212
26906.7
26954.2
26954.4
26999.5
27454.3
27757.4
27822.5
27912.6
27913.7
27954.1
27984.6
27985.212
27985.7
28007.6
28008.7
28067.2
28067.4
28158.5
28567.3
28932.4
29067.1
29237.5
29340.6
29341.212
29341.7
29383.2
29383.4
29460.5
29883.3
30203.4
30218.5
30231.4
30232.5
30238.4
30383.1
30442.5
30625.6
30626.212
30626.7
30680.2
30680.4
30733.5
31180.3
31680.1
31930.4
31962.5
32048.6
32049.212
32049.7
32094.2
32094.4
32176.5
32440.4
32497.5
32594.3
33094.1
33327.4
33354.5
33357.4
33360.5
33468.6
33469.212
33469.7
33526.2
33526.4
33616.5
34026.3
34526.1
34601.4
34689.5
35115.6
35116.212
35116.7
35171.2
35171.4
35235.5
35671.3
35849.4
35916.5
36171.1
36532.4
36654.5
36674.4
36798.5
36920.6
36921.212
36921.7
36984.2
36984.4
37079.5
37484.3
37963.4
37984.1
38164.5
38351.6
38352.212
38352.7
38417.2
38417.4
38492.5
38917.3
38921.4
38981.5
38982.4
38984.5
39417.1
41453.6
41454.212
41454.7
41524.2
41524.4
41665.5
42024.3
42524.1
49603.6
49604.212
49604.7
49692.6
49693.7
49844.2
49844.4
50025.5
50344.3
50844.1
54379.6
54380.212
54380.7
54581.2
54581.4
54788.5
55081.3
55581.1
60492.4
60518.5
68819.6
68820.212
68820.7
68911.2
68911.4
68915.5
68917.4
69204.5
69327.4
69411.3
69511.5
69911.1
72065.4
72098.5
72113.4
72413.5
73043.6
73044.212
73044.7
80960.2
80960.4
81304.5
81460.3
81960.1
82318.4
82319.5
82322.4
82390.5
83106.4
83209.5
84091.4
84325.5
84467.6
84468.212
84468.7
84511.2
84511.4
84590.5
85011.3
85499.4
85511.1
85542.5
85739.6
85740.212
85740.7
85793.2
85793.4
85871.5
86293.3
86793.1
87155.4
87252.5
87343.6
87344.212
87344.7
87390.2
87390.4
87463.5
87890.3
88390.1
88617.4
88688.5
88867.6
88868.212
88868.7
88931.2
88931.4
89009.5
89431.3
89931.1
90088.4
90098.5
90289.6
90290.212
90290.7
90343.2
90343.4
90403.5
90843.3
90955.4
91343.1
91418.5
91557.6
91558.212
91558.7
91598.2
91598.4
91677.5
92098.3
92598.1
93011.4
93129.5
93227.6
93228.212
93228.7
93273.2
93273.4
93345.5
93773.3
94273.1
94648.4
94663.5
94838.6
94839.212
94839.7
94896.2
94896.4
94959.5
95396.3
95896.1
95920.4
95988.5
96096.6
96097.212
96097.7
96157.2
96157.4
96218.5
96657.3
97157.1
97481.6
97482.212
97482.7
97535.2
97535.4
97598.5
98035.3
98535.1
98742.4
98829.5
98980.6
98981.212
98981.7
99034.2
99034.4
99076.5
99534.3
100034.1
100042.4
100108.5
100540.4
100758.5
100893.6
100894.212
100894.7
100965.2
100965.4
101008.5
101465.3
101965.1
102273.4
102602.5
102817.6
102818.212
102818.7
102875.2
102875.4
102956.5
103375.3
103875.1
104086.4
104115.5
104204.6
104205.212
104205.7
104250.2
104250.4
104299.5
104750.3
105250.1
105455.4
105594.5
105740.6
105741.212
105741.7
105789.2
105789.4
105831.5
106133.4
106197.5
106289.3
106789.1
106955.4
106991.5
107110.6
107111.212
107111.7
107168.2
107168.4
107210.5
107668.3
108168.1
108922.6
108923.212
108923.7
108982.2
108982.4
109092.5
109482.3
109982.1
110260.6
110261.212
110261.7
110335.2
110335.4
110410.5
110835.3
111335.1
112220.4
112277.5
112385.6
112386.212
112386.7
112438.2
112438.4
112579.5
112938.3
113438.1
113656.4
113702.5
113791.6
113792.212
113792.7
113839.2
113839.4
113913.5
114339.3
114839.1
115364.6
115365.212
115365.7
115444.2
115444.4
115516.5
115944.3
116061.4
116145.5
116444.1
138530.4
138757.5
138936.4
139054.5
140048.6
140049.212
140049.7
140173.2
140173.4
140324.5
140349.4
140354.5
140673.3
141173.1
157523.4
157774.5
175176.4
180000.9
123456789
8
22
15
8
22
15
1
FI
1
1
9
54
19
10
27
19
6
2
823
0
0
0
314159265
81
0
158
180000
314159265
0.1
147.4
179.5
348.6
349.212
349.7
410.2
410.4
465.5
910.3
966.4
994.5
1245.6
1246.7
1410.1
1502.6
1503.212
1503.7
1560.2
1560.4
1606.5
2058.4
2060.3
2560.1
3072.5
3234.4
3328.5
3470.6
3471.212
3471.7
3521.2
3521.4
3588.5
4003.4
4021.3
4034.5
4208.6
4209.7
4288.6
4289.7
4477.6
4478.7
4521.1
4549.6
4550.212
4550.7
4613.2
4613.4
4686.5
5113.3
5404.6
5405.7
5579.6
5580.7
5613.1
5741.6
5742.212
5742.7
5814.2
5814.4
5889.5
6314.3
6660.4
6704.5
6814.1
7054.6
7055.212
7055.7
7097.2
7097.4
7140.5
7597.3
7660.4
7740.5
8097.1
8245.6
8246.212
8246.7
8298.2
8298.4
8340.5
8798.3
8983.4
9057.5
9298.1
9301.6
9302.212
9302.7
9374.2
9374.4
9448.5
9874.3
10166.4
10208.5
10374.1
10485.6
10486.212
10486.7
10542.2
10542.4
10583.5
11042.3
11284.4
11327.5
11542.1
11627.6
11628.212
11628.7
11695.2
11695.4
11737.5
12195.3
12468.4
12500.5
12693.6
12694.7
12695.1
12764.6
12765.212
12765.7
12809.2
12809.4
12855.5
13309.3
13809.1
13899.6
13900.212
13900.7
13963.2
13963.4
14016.5
14463.3
14703.4
14762.5
14949.6
14950.7
14963.1
15079.6
15080.212
15080.7
15151.2
15151.4
15274.5
15651.3
16151.1
16377.6
16378.212
16378.7
16429.2
16429.4
16485.5
16929.3
17429.1
17441.4
17472.5
17552.6
17553.212
17553.7
17611.2
17611.4
17642.5
18111.3
18506.4
18550.5
18611.1
18640.6
18641.212
18641.7
18728.2
18728.4
18828.5
19228.3
19585.4
19635.5
19728.1
19847.6
19848.212
19848.7
19907.2
19907.4
19967.5
20407.3
20907.1
21118.6
21119.212
21119.7
21177.2
21177.4
21224.5
21677.3
22177.1
22352.6
22353.212
22353.7
22426.2
22426.4
22480.5
22926.3
23426.1
23448.4
23549.5
23637.6
23638.212
23638.7
23689.2
23689.4
24189.3
24346.5
24689.1
25619.6
25620.212
25620.7
25683.2
25683.4
25758.5
26183.3
26683.1
26982.6
26983.212
26983.7
27040.2
27040.4
27084.5
27540.3
28040.1
28069.4
28103.5
28198.6
28199.212
28199.7
28257.2
28257.4
28294.5
28757.3
29257.1
29560.6
29561.212
29561.7
29638.2
29638.4
29726.5
30138.3
30638.1
31056.6
31057.212
31057.7
31111.2
31111.4
31195.5
31611.3
32111.1
32582.4
32619.5
32722.6
32723.212
32723.7
32776.2
32776.4
32936.5
33276.3
33776.1
34082.6
34083.212
34083.7
34131.2
34131.4
34177.5
34631.3
35131.1
35308.4
35390.5
35474.6
35475.212
35475.7
35539.2
35539.4
35630.5
36039.3
36539.1
36867.6
36868.212
36868.7
36919.2
36919.4
37005.5
37419.3
37919.1
38197.4
38236.5
38318.6
38319.212
38319.7
38371.2
38371.4
38449.5
38871.3
39218.4
39222.5
39371.1
39563.6
39564.212
39564.7
39624.2
39624.4
39673.5
40124.3
40624.1
40658.4
40758.5
40834.6
40835.212
40835.7
40892.2
40892.4
40957.5
41392.3
41892.1
41915.4
41985.5
42110.6
42111.212
42111.7
42156.2
42156.4
42197.5
42656.3
43156.1
43558.6
43559.212
43559.7
43572.6
43573.7
43629.2
43629.4
43737.5
44129.3
44629.1
45136.4
45192.5
45283.6
45284.212
45284.7
45333.2
45333.4
45413.5
45833.3
46333.1
46599.4
46683.5
46761.6
46762.212
46762.7
46812.2
46812.4
46854.5
47312.3
47812.1
47904.4
47920.5
48014.6
48015.212
48015.7
48070.2
48070.4
48142.5
48307.4
48369.5
48570.3
49070.1
49596.4
49638.5
49732.6
49733.212
49733.7
49787.2
49787.4
49830.5
50287.3
50787.1
51121.4
51174.5
51383.6
51384.212
51384.7
51438.2
51438.4
51509.5
51938.3
52438.1
52797.4
52979.5
53169.6
53170.212
53170.7
53222.2
53222.4
53292.5
53722.3
54222.1
54598.4
54607.5
54718.6
54719.212
54719.7
54771.2
54771.4
54812.5
55271.3
55771.1
56137.6
56138.212
56138.7
56225.2
56225.4
56477.5
56725.3
57225.1
57671.4
57734.5
57834.6
57835.212
57835.7
57895.2
57895.4
57955.5
58395.3
58895.1
59140.4
59195.5
59281.6
59282.212
59282.7
59331.2
59331.4
59425.5
59831.3
60331.1
60855.4
60917.5
61038.6
61039.212
61039.7
61089.2
61089.4
61136.5
61589.3
62089.1
62341.4
62616.5
62709.6
62710.212
62710.7
62767.2
62767.4
62852.5
63267.3
63767.1
64212.4
64272.5
64365.6
64366.212
64366.7
64425.2
64425.4
64462.5
64925.3
65425.1
65849.6
65850.212
65850.7
65906.2
65906.4
65945.5
66406.3
66643.4
66874.5
66906.1
67038.6
67039.212
67039.7
67102.2
67102.4
67148.5
67602.3
68102.1
68606.6
68607.212
68607.7
68651.2
68651.4
68690.5
69151.3
69651.1
70499.6
70500.212
70500.7
70563.2
70563.4
70598.5
71063.3
71213.4
71294.5
71563.1
80127.6
80128.212
80128.7
80235.2
80235.4
80331.5
80344.4
80375.5
80735.3
81235.1
88272.4
88406.5
91834.4
91965.5
92713.6
92714.212
92714.7
92956.2
92956.4
93090.5
93106.4
93294.5
93425.4
93456.3
93580.5
93956.1
94904.6
94905.212
94905.7
95068.2
95068.4
95148.5
95247.4
95369.5
95475.4
95568.3
95611.5
95788.4
95938.5
96068.1
96098.6
96099.212
96099.7
96174.2
96174.4
96247.5
96347.4
96624.5
96674.3
97162.4
97174.1
97234.5
97347.6
97348.212
97348.7
97396.2
97396.4
97456.5
97896.3
98271.4
98329.5
98396.1
98736.4
98781.5
98893.6
98894.212
98894.7
98950.2
98950.4
98994.5
99450.3
99950.1
100509.4
100633.5
100721.6
100722.212
100722.7
100765.2
100765.4
100865.5
101265.3
101765.1
102115.4
102169.5
102255.6
102256.212
102256.7
102309.2
102309.4
102358.5
102809.3
103309.1
103686.6
103687.212
103687.7
103745.2
103745.4
103823.5
104245.3
104745.1
105440.6
105441.212
105441.7
105483.2
105483.4
105542.5
105983.3
106483.1
106741.4
106902.5
107096.6
107097.212
107097.7
107150.2
107150.4
107198.5
107650.3
108150.1
108379.4
108399.5
108510.6
108511.212
108511.7
108561.2
108561.4
108652.5
109061.3
109561.1
109829.4
109871.5
109963.6
109964.212
109964.7
110012.2
110012.4
110083.5
110512.3
111012.1
111242.4
111323.5
111421.6
111422.212
111422.7
111477.2
111477.4
111547.5
111977.3
112477.1
112953.4
113005.5
113099.6
113100.212
113100.7
113145.2
113145.4
113227.5
113645.3
114145.1
114955.6
114956.212
114956.7
115009.2
115009.4
115074.5
115509.3
116009.1
116365.6
116366.212
116366.7
116413.2
116413.4
116518.5
116913.3
117413.1
117822.4
117841.5
117968.6
117969.212
117969.7
118013.2
118013.4
118053.5
118513.3
119013.1
119233.4
119269.5
119369.6
119370.212
119370.7
119419.2
119419.4
119504.5
119919.3
120419.1
120652.4
120692.5
120790.6
120791.212
120791.7
120838.2
120838.4
120907.5
121338.3
121753.4
121838.1
121910.5
121912.4
121920.5
122019.6
122020.212
122020.7
122077.2
122077.4
122150.5
122577.3
123077.1
123639.6
123640.212
123640.7
123688.2
123688.4
123774.5
124188.3
124688.1
125366.6
125367.212
125367.7
125422.2
125422.4
125492.5
125922.3
126422.1
127035.4
127073.5
127200.6
127201.212
127201.7
127247.2
127247.4
127316.5
127747.3
128247.1
128807.4
128885.5
128968.6
128969.212
128969.7
129011.2
129011.4
129103.5
129511.3
130011.1
130249.4
130251.5
130252.4
130341.5
130435.6
130436.212
130436.7
130484.2
130484.4
130530.5
130957.4
130984.3
131043.5
131484.1
132670.4
132734.5
132831.6
132832.212
132832.7
132882.2
132882.4
132920.5
133382.3
133882.1
134559.4
134632.5
135081.6
135082.212
135082.7
135142.2
135142.4
135262.5
135642.3
136080.4
136142.1
136282.5
136417.6
136418.212
136418.7
136472.2
136472.4
136539.5
136972.3
137472.1
138772.4
138975.5
141512.4
141520.5
151289.4
151503.5
155065.6
155066.212
155066.7
155133.2
155133.4
155299.5
155633.3
156133.1
163591.4
163842.5
164135.4
164246.5
173591.4
173899.5
178095.4
180000.9
123456789
8
23
15
8
23
15
1
FI
1
1
9
55
57
10
28
57
6
2
538
0
0
0
314159265
53
0
133
180000
314159265
0.1
104.6
105.212
168.2
168.4
228.5
668.3
760.4
834.5
1168.1
1245.6
1246.212
1308.2
1308.4
1436.5
1808.3
1981.4
2011.5
2308.1
2386.6
2387.212
2441.2
2441.4
2512.5
2941.3
3116.4
3312.5
3441.1
3644.6
3645.212
3706.2
3706.4
3766.5
4206.3
4296.4
4369.5
4706.1
4840.6
4841.212
4910.2
4910.4
4971.5
5410.3
5561.4
5660.5
5763.4
5910.1
6010.5
6186.6
6187.212
6239.2
6239.4
6300.5
6739.3
7058.4
7182.5
7239.1
7362.6
7363.212
7413.2
7413.4
7553.5
7913.3
8163.4
8301.5
8413.1
8587.6
8588.212
8675.2
8675.4
8738.5
9175.3
9439.4
9483.5
9675.1
9794.6
9795.212
9875.2
9875.4
9986.5
10375.3
10756.4
10840.5
10875.1
11089.4
11130.5
11234.6
11235.212
11279.2
11279.4
11326.5
11779.3
12091.4
12147.5
12279.1
12403.6
12404.212
12462.2
12462.4
12500.5
12962.3
13462.1
13484.4
13569.5
13776.6
13777.212
13829.2
13829.4
13896.5
14329.3
14829.1
15134.6
15135.212
15186.2
15186.4
15254.5
15686.3
16175.4
16186.1
16225.5
16327.6
16328.212
16378.2
16378.4
16440.5
16775.4
16846.5
16878.3
17378.1
17913.4
18157.5
18309.6
18310.212
18363.2
18363.4
18706.5
18863.3
19363.1
19746.4
19845.5
19943.6
19944.212
19996.2
19996.4
20036.5
20496.3
20996.1
21242.4
21312.5
21545.4
21639.5
21727.6
21728.212
21774.2
21774.4
21825.5
22150.4
22205.5
22274.3
22774.1
23279.6
23280.212
23326.2
23326.4
23371.5
23826.3
24154.4
24192.5
24326.1
24347.6
24348.212
24415.2
24415.4
24502.5
24915.3
25415.1
25734.4
25775.5
25899.6
25900.212
25948.2
25948.4
25989.5
26448.3
26948.1
27410.6
27411.212
27471.2
27471.4
27565.5
27971.3
28471.1
28791.4
28819.5
28905.6
28906.212
28959.2
28959.4
29003.5
29459.3
29959.1
30004.4
30031.5
30125.6
30126.212
30171.2
30171.4
30255.5
30671.3
30888.4
31026.5
31171.1
32063.4
32156.5
32262.6
32263.212
32309.2
32309.4
32373.5
32809.3
33309.1
33655.6
33656.212
33702.2
33702.4
33750.5
34202.3
34702.1
34858.4
34965.5
35507.6
35508.212
35569.2
35569.4
35620.5
36069.3
36352.4
36422.5
36510.6
36569.1
36670.6
36671.212
36732.2
36732.4
36800.5
37232.3
37732.1
38123.4
38170.5
38291.6
38292.212
38336.2
38336.4
38417.5
38836.3
39336.1
39350.4
39353.5
39482.6
39483.212
39552.2
39552.4
39665.5
40052.3
40124.4
40291.5
40552.1
40698.6
40699.212
40771.2
40771.4
40805.5
41271.3
41771.1
41835.4
41921.5
41924.4
41987.5
43052.4
43298.5
44332.4
44539.5
44739.6
44740.212
44792.2
44792.4
44927.5
45292.3
45792.1
46127.4
46359.5
47828.4
48113.5
59619.4
59900.5
60037.6
60038.212
69190.6
79596.2
79596.4
80051.5
80096.3
80193.4
80584.5
80596.1
81859.4
81922.5
83266.4
83479.5
83753.4
83927.5
88245.6
88246.212
88316.2
88316.4
88406.5
88486.4
88555.5
88603.4
88712.5
88718.4
88816.3
88917.5
89316.1
89548.4
89643.5
90055.4
90156.5
90424.4
90453.5
95174.4
95202.5
95413.6
95414.212
95485.2
95485.4
95631.5
95668.4
95801.5
95868.4
95985.3
96097.5
96485.1
100536.4
100753.5
104562.6
104563.212
104649.2
104649.4
104791.5
104839.4
105003.5
105125.4
105149.3
105226.5
105310.4
105384.5
105649.1
107065.4
107149.5
109252.6
109253.212
109375.2
109375.4
109487.5
109680.4
109830.5
109875.3
110375.1
116820.4
117014.5
117227.4
117270.5
117624.6
117625.212
118685.6
118773.6
118876.2
118876.4
119117.5
119376.3
119876.1
120242.4
120432.5
120576.6
120577.212
120623.2
120623.4
120700.5
121123.3
121623.1
121920.4
122125.5
122469.6
122470.212
122508.2
122508.4
122618.5
123008.3
123508.1
123777.4
123959.5
124158.6
124159.212
124213.2
124213.4
124306.5
124713.3
125213.1
125605.6
125606.212
125655.2
125655.4
125724.5
126155.3
126655.1
127049.4
127089.5
127295.6
127296.212
127341.2
127341.4
127419.5
127841.3
128341.1
128898.6
128899.212
128952.2
128952.4
128984.5
129452.3
129952.1
130124.4
130291.5
130474.6
130475.212
130528.2
130528.4
130568.5
131028.3
131260.4
131414.5
131494.4
131528.1
131595.5
131726.6
131727.212
131783.2
131783.4
131819.5
132283.3
132783.1
133166.4
133197.5
133355.6
133356.212
133421.2
133421.4
133497.5
133921.3
134421.1
134905.4
135012.5
136916.6
136917.212
136971.2
136971.4
137108.5
137471.3
137971.1
138261.4
138379.5
138470.6
138471.212
138512.2
138512.4
138638.5
139012.3
139512.1
140913.4
141026.5
141219.6
141220.212
141275.2
141275.4
141317.5
141775.3
142275.1
143208.4
143327.5
143543.4
143594.5
143940.6
143941.212
144016.2
144016.4
144056.5
144516.3
145016.1
145789.4
145874.5
146136.6
146137.212
146200.2
146200.4
146262.5
146700.3
147200.1
147588.4
147643.5
147800.6
147801.212
147854.2
147854.4
147924.5
148354.3
148854.1
149774.4
149864.5
150214.6
150215.212
150257.2
150257.4
150321.5
150757.3
151257.1
152268.4
152339.5
158705.4
158963.5
173659.4
173857.5
177871.4
177873.5
177875.4
180000.9
123456789
8
24
15
8
24
15
1
FI
1
1
9
52
33
10
25
33
6
2
723
0
0
0
314159265
66
3
153
180000
314159265
0.1
163.6
270.6
271.212
326.2
326.4
407.5
738.4
826.3
1135.5
1319.6
1326.1
1408.6
1453.6
1454.212
1510.2
1510.4
1546.5
1938.4
2001.5
2010.3
2390.6
2510.1
2512.6
2641.6
2642.212
2724.2
2724.4
2781.5
3108.4
3224.3
3253.5
3724.1
3870.6
3943.6
3944.212
4013.2
4013.4
4051.5
4471.4
4513.3
4564.5
4813.6
5013.1
5128.6
5185.6
5186.212
5250.2
5250.4
5323.5
5615.4
5750.3
5772.5
6052.6
6250.1
6299.6
6399.6
6400.212
6473.2
6473.4
6512.5
6936.4
6973.3
6984.5
7473.1
7473.6
7568.4
7587.5
7658.6
7721.6
7722.212
7777.2
7777.4
7818.5
8277.3
8533.4
8597.5
8777.1
8892.6
8940.6
8941.212
8994.2
8994.4
9042.5
9494.3
9649.4
9705.5
9994.1
10142.6
10212.6
10213.212
10277.2
10277.4
10354.5
10777.3
11074.4
11129.5
11239.6
11277.1
11394.6
11604.6
11605.212
11652.2
11652.4
11685.5
12152.3
12280.4
12370.5
12652.1
12724.6
12740.6
12741.212
12800.2
12800.4
12854.5
13300.3
13707.4
13753.5
13800.1
13851.6
13916.6
13917.212
13988.2
13988.4
14072.5
14488.3
14757.4
14801.5
14975.6
14988.1
15087.6
15109.6
15110.212
15148.2
15148.4
15207.5
15648.3
15949.4
16006.5
16148.1
16213.6
16260.4
16312.5
16367.6
16368.212
16410.2
16410.4
16466.5
16910.3
17288.4
17407.5
17410.1
17486.6
17532.6
17533.212
17583.2
17583.4
17682.5
18083.3
18399.4
18449.5
18583.1
18604.6
18685.4
18748.5
18820.6
18821.212
18869.2
18869.4
18915.5
19171.4
19243.5
19369.3
19869.1
19975.4
20062.5
20215.6
20264.4
20310.5
20384.6
20385.212
20439.2
20439.4
20474.5
20939.3
21170.4
21246.5
21348.6
21439.1
21560.6
21753.6
21754.212
21805.2
21805.4
21886.5
22305.3
22805.1
22984.4
23023.5
23098.6
23172.6
23173.212
23223.2
23223.4
23263.5
23723.3
24223.1
24225.4
24327.5
24432.6
24478.6
24479.212
24537.2
24537.4
24601.5
25037.3
25145.4
25191.5
25479.6
25537.1
25576.6
25712.6
25713.212
25787.2
25787.4
25828.5
26287.3
26393.4
26427.5
26557.6
26763.6
26787.1
26907.6
27007.4
27012.5
27016.4
27023.5
27091.6
27092.212
27143.2
27143.4
27209.5
27643.3
27930.4
28093.5
28095.4
28096.5
28143.1
28269.6
28367.6
28368.212
28416.2
28416.4
28465.5
28916.3
29245.4
29319.5
29416.1
29652.6
29733.4
29754.5
29826.6
29827.212
29887.2
29887.4
29968.5
30387.3
30860.4
30887.1
30937.5
31055.6
31141.6
31142.212
31196.2
31196.4
31286.5
31696.3
32196.1
32455.6
32493.6
32494.212
32549.2
32549.4
32649.5
33049.3
33549.1
33751.4
33770.5
33840.6
33894.6
33895.212
33948.2
33948.4
33986.5
34448.3
34948.1
35117.4
35160.5
35247.6
35304.6
35305.212
35359.2
35359.4
35440.5
35859.3
36359.1
36569.4
36605.5
36671.6
36739.6
36740.212
36793.2
36793.4
36837.5
37293.3
37793.1
37966.4
37992.5
38056.6
38149.6
38150.212
38197.2
38197.4
38274.5
38551.4
38634.5
38697.3
39197.1
39411.4
39574.5
39667.6
39726.6
39727.212
39789.2
39789.4
39840.5
40289.3
40789.1
40807.4
40904.5
41060.4
41132.5
41201.6
41238.6
41239.212
41297.2
41297.4
41388.5
41797.3
42297.1
42426.4
42448.5
42537.6
42571.6
42572.212
42625.2
42625.4
42690.5
43125.3
43625.1
43801.4
43867.5
43934.6
43961.6
43962.212
44011.2
44011.4
44067.5
44511.3
45011.1
45174.6
45243.6
45244.212
45287.2
45287.4
45349.5
45787.3
46287.1
46555.4
46592.5
46680.6
46729.6
46730.212
46781.2
46781.4
46849.5
47281.3
47781.1
48054.6
48122.6
48123.212
48174.2
48174.4
48228.5
48674.3
49174.1
50477.6
50563.4
50691.5
51595.4
51630.5
51707.6
51708.212
51767.2
51767.4
51839.5
52267.3
52767.1
53277.4
53367.5
53681.4
53846.5
54051.6
54079.6
54080.212
54128.2
54128.4
54191.5
54628.3
55128.1
55300.4
55356.5
55439.6
55493.4
55635.5
55712.6
55713.212
55762.2
55762.4
55833.5
56262.3
56762.1
57099.6
57124.6
57125.212
57174.2
57174.4
57230.5
57674.3
58174.1
58314.4
58365.5
58450.6
58476.6
58477.212
58520.2
58520.4
58589.5
59020.3
59520.1
59572.4
59730.5
59814.6
59872.6
59873.212
59922.2
59922.4
59988.5
60360.4
60422.3
60568.5
60922.1
61086.6
61191.6
61192.212
61260.2
61260.4
61307.5
61760.3
62125.4
62260.1
62294.5
62442.6
62487.6
62488.212
62560.2
62560.4
62623.5
63060.3
63560.1
64024.4
64062.5
64135.6
64175.6
64176.212
64226.2
64226.4
64345.5
64726.3
65226.1
65569.4
65724.5
65877.6
65920.6
65921.212
65973.2
65973.4
66043.5
66473.3
66973.1
67048.4
67067.5
67146.6
67190.6
67191.212
67256.2
67256.4
67328.5
67756.3
68256.1
68530.4
68551.5
68619.6
68666.6
68667.212
68708.2
68708.4
68813.5
69208.3
69708.1
70044.6
70139.6
70140.212
70157.6
70203.2
70203.4
70259.5
70703.3
71203.1
71461.4
71551.5
71648.6
71736.6
71737.212
71786.2
71786.4
71834.5
72286.3
72786.1
73160.4
73178.5
73269.6
73312.6
73313.212
73371.2
73371.4
73434.5
73871.3
74371.1
74787.4
74924.5
75186.6
75279.6
75280.212
75339.2
75339.4
75394.5
75839.3
76339.1
77063.4
77255.5
77380.6
77409.6
77410.212
77459.2
77459.4
77537.5
77959.3
78459.1
78806.4
78833.5
78949.6
79011.6
79012.212
79071.2
79071.4
79114.5
79571.3
80071.1
80326.4
80373.5
80483.6
80542.6
80543.212
80593.2
80593.4
80644.5
81093.3
81593.1
81751.4
81831.5
82151.4
82328.5
82422.6
82482.6
82483.212
82535.2
82535.4
82574.5
83035.3
83212.4
83234.5
83535.1
86304.6
90138.4
90181.5
106239.8
106245.8
106622.4
106660.5
117752.4
118034.5
132015.6
132016.212
132687.2
132687.4
132789.5
133187.3
133687.1
134093.4
134099.5
135276.8
147024.4
147239.5
152539.4
152644.5
153373.6
154540.6
154541.212
154618.2
154618.4
154717.5
155118.3
155618.1
156512.4
156585.5
157472.4
157675.5
157771.4
157784.5
158033.6
158169.6
158170.212
158226.2
158226.4
158296.5
158568.4
158629.5
158726.3
159226.1
159521.4
159620.5
159788.4
159979.5
160151.6
160198.6
160199.212
160254.2
160254.4
160298.5
160754.3
161254.1
161664.4
161696.5
161789.6
161827.6
161828.212
161880.2
161880.4
161953.5
162380.3
162880.1
163100.4
163480.5
163657.6
163717.6
163718.212
163768.2
163768.4
163849.5
164268.3
164768.1
165315.6
165498.6
165499.212
165547.2
165547.4
165607.5
166047.3
166547.1
166965.4
167061.5
167509.4
167710.5
167823.6
167892.6
167893.212
167951.2
167951.4
168011.5
168451.3
168951.1
169459.4
169488.5
169827.6
170001.4
170011.5
170073.6
170074.212
170112.6
170138.6
170184.2
170184.4
170296.5
170684.3
171184.1
171968.4
172069.5
175698.6
175966.4
180000.9
123456789
8
25
15
8
25
15
1
FI
1
1
9
53
33
10
26
33
6
2
666
0
0
0
314159265
63
0
137
180000
314159265
0.1
183.4
206.5
267.6
334.4
365.5
415.6
416.212
471.2
471.4
523.5
847.4
949.5
971.3
1471.1
1552.6
1629.6
1630.212
1680.2
1680.4
1736.5
2003.4
2076.5
2180.3
2610.6
2680.1
2831.6
2863.6
2864.212
2924.2
2924.4
2988.5
3300.4
3424.3
3726.5
3924.1
4101.6
4171.6
4172.212
4227.2
4227.4
4408.5
4704.4
4727.3
4884.5
5227.1
5292.6
5353.6
5354.212
5408.2
5408.4
5472.5
5762.4
5816.5
5908.3
6058.6
6251.6
6408.1
6411.6
6613.4
6629.5
6697.6
6698.212
6750.2
6750.4
6797.5
7250.3
7252.4
7300.5
7750.1
7762.6
7842.6
7843.212
7870.6
7917.2
7917.4
7966.5
8417.3
8595.4
8636.5
8757.4
8778.5
8917.1
9034.6
9134.6
9135.212
9147.6
9196.2
9196.4
9270.5
9696.3
10196.1
10298.6
10405.6
10406.212
10461.2
10461.4
10500.5
10961.3
10977.4
11072.5
11385.4
11432.5
11461.1
11859.6
11888.6
11889.212
11971.2
11971.4
12035.5
12471.3
12721.4
12841.5
12956.6
12971.1
13112.4
13177.5
13235.6
13272.6
13273.212
13281.6
13335.2
13335.4
13365.5
13835.3
13938.4
13940.5
13942.4
13987.5
14081.6
14335.1
14409.6
14458.6
14459.212
14523.2
14523.4
14569.5
14925.4
15007.5
15023.3
15516.4
15523.1
15560.5
15752.6
15898.6
15899.212
15957.2
15957.4
16035.5
16457.3
16879.4
16920.5
16957.1
17047.6
17152.6
17153.212
17213.2
17213.4
17278.5
17713.3
18213.1
18224.4
18247.5
18344.6
18374.6
18375.212
18430.2
18430.4
18496.5
18930.3
19430.1
19567.4
19697.5
19784.6
19936.6
19937.212
19990.2
19990.4
20025.5
20490.3
20990.1
21117.6
21264.6
21265.212
21323.2
21323.4
21381.5
21823.3
22323.1
22520.6
22567.6
22568.212
22630.2
22630.4
22688.5
23130.3
23630.1
23637.4
23644.5
23761.6
23877.6
23878.212
23928.2
23928.4
24008.5
24428.3
24804.4
24922.5
24928.1
25387.6
25453.6
25454.212
25507.2
25507.4
25582.5
26007.3
26507.1
26694.6
26821.6
26822.212
26889.2
26889.4
26949.5
27389.3
27889.1
28064.4
28082.5
28179.6
28213.6
28214.212
28275.2
28275.4
28352.5
28775.3
29275.1
29460.4
29510.5
29631.6
29699.6
29700.212
29757.2
29757.4
29820.5
30257.3
30757.1
30772.4
30774.5
30781.4
30857.5
31267.6
31322.6
31323.212
31375.2
31375.4
31436.5
31875.3
32375.1
32614.6
32694.6
32695.212
32765.2
32765.4
32804.5
33265.3
33765.1
33794.4
33814.5
33819.4
33864.5
33965.6
34024.6
34025.212
34082.2
34082.4
34167.5
34540.4
34582.3
34766.5
35082.1
35186.6
35281.6
35282.212
35348.2
35348.4
35395.5
35848.3
36348.1
36353.4
36679.5
36999.6
37079.6
37080.212
37137.2
37137.4
37184.5
37637.3
38137.1
38469.4
38496.5
38594.6
38704.4
38845.5
38847.4
39233.5
41498.6
41499.212
41568.2
41568.4
41611.5
42068.3
42479.4
42568.1
42649.5
42758.6
42801.6
42802.212
42856.2
42856.4
42905.5
43356.3
43856.1
43999.4
44073.5
44476.6
44579.6
44580.212
44634.2
44634.4
44704.5
45134.3
45634.1
46185.6
46274.6
46275.212
46339.2
46339.4
46404.5
46839.3
47339.1
47698.4
47745.5
47852.6
47914.6
47915.212
47970.2
47970.4
48020.5
48470.3
48970.1
49119.4
49196.5
49637.6
49701.6
49702.212
49768.2
49768.4
49808.5
50268.3
50768.1
50824.4
51225.5
51397.6
51542.6
51543.212
51594.2
51594.4
51671.5
52094.3
52594.1
53199.6
53296.6
53297.212
53357.2
53357.4
53420.5
53857.3
54357.1
54952.4
55002.5
55095.6
55189.6
55190.212
55247.2
55247.4
55286.5
55747.3
56247.1
56413.4
56435.5
56518.6
56582.6
56583.212
56634.2
56634.4
56669.5
57134.3
57634.1
57749.4
57754.5
57869.6
58011.4
58058.5
58119.6
58120.212
58176.2
58176.4
58225.5
58676.3
59176.1
59653.6
59707.6
59708.212
59768.2
59768.4
59809.5
60268.3
60768.1
61182.6
61396.6
61397.212
61452.2
61452.4
61532.5
61952.3
62452.1
62907.6
63049.6
63050.212
63108.2
63108.4
63208.5
63608.3
64108.1
64493.4
64523.5
64605.6
64637.6
64638.212
64700.2
64700.4
64756.5
65200.3
65700.1
65852.4
65856.5
65954.6
65991.6
65992.212
66052.2
66052.4
66087.5
66552.3
67052.1
67300.4
67337.5
67430.6
67475.6
67476.212
67538.2
67538.4
67577.5
68038.3
68538.1
68723.4
68784.5
69126.4
69338.5
69493.6
69562.6
69563.212
69605.2
69605.4
69691.5
70105.3
70605.1
71328.4
71380.5
71492.6
71553.6
71554.212
71608.2
71608.4
71658.5
72108.3
72608.1
73080.6
73153.6
73154.212
73210.2
73210.4
73291.5
73710.3
74210.1
74559.4
74570.5
74671.6
74724.6
74725.212
74787.2
74787.4
74852.5
75287.3
75787.1
76277.6
76420.6
76421.212
76488.2
76488.4
76532.5
76988.3
77488.1
78385.6
78429.6
78430.212
78488.2
78488.4
78613.5
78988.3
79488.1
80110.4
80253.5
80374.6
80419.6
80420.212
80475.2
80475.4
80560.5
80975.3
81475.1
82016.6
82083.6
82084.212
82138.2
82138.4
82184.5
82638.3
83138.1
83321.4
83431.5
83533.6
83563.6
83564.212
83579.6
83625.2
83625.4
83673.5
84125.3
84625.1
84747.4
84892.5
85366.4
85464.5
88485.6
95747.4
95982.5
125286.4
125764.5
125854.4
125906.5
132944.4
133436.5
133809.4
134194.5
134389.4
134467.5
134497.4
134612.5
134941.6
134942.212
135034.2
135034.4
135149.5
135534.3
136034.1
141380.4
141521.5
145185.4
145330.5
149282.6
152652.4
152767.5
152929.4
153016.5
153553.6
153554.212
153635.2
153635.4
153852.5
154135.3
154482.4
154577.5
154635.1
154847.6
154977.6
154978.212
155033.2
155033.4
155108.5
155533.3
156033.1
156307.4
156493.5
156494.4
156509.5
156686.6
156757.6
156758.212
156796.2
156796.4
156880.5
157296.3
157369.4
157414.5
157796.1
157890.6
158019.6
158020.212
158077.2
158077.4
158130.5
158577.3
159077.1
160407.6
160481.6
160482.212
160520.6
160566.2
160566.4
160629.5
161066.3
161512.4
161566.1
161737.5
161857.6
161934.6
161935.212
161986.2
161986.4
162096.5
162295.4
162390.5
162486.3
162986.1
163657.4
163721.5
163814.6
163988.6
163989.212
164073.2
164073.4
164142.5
164573.3
165073.1
172801.6
172883.6
172884.212
172976.2
172976.4
173240.5
173476.3
173976.1
176218.6
179384.4
180000.9
123456789
8
26
15
8
26
15
1
FI
1
1
9
53
19
10
26
20
6
2
727
0
0
0
314159265
63
0
170
180000
314159265
0.1
622.6
709.6
710.212
764.2
764.4
861.5
1264.3
1303.4
1608.5
1764.1
1872.6
2025.6
2026.212
2078.2
2078.4
2171.5
2537.4
2578.3
2687.5
3078.1
3205.6
3282.6
3283.212
3337.2
3337.4
3390.5
3786.4
3837.3
3896.5
4337.1
4436.6
4471.6
4472.212
4523.2
4523.4
4585.5
5023.3
5155.4
5347.5
5523.1
5638.6
5701.6
5702.212
5755.2
5755.4
5823.5
6255.3
6340.4
6707.5
6755.1
7227.6
7329.6
7330.212
7389.2
7389.4
7449.5
7889.3
7894.4
7989.5
8212.6
8389.1
8493.6
8596.6
8597.212
8656.2
8656.4
8748.5
9156.3
9391.4
9466.5
9656.1
9752.6
9834.6
9835.212
9901.2
9901.4
9987.5
10401.3
10696.4
10804.5
10901.1
11021.6
11117.6
11118.212
11180.2
11180.4
11214.5
11680.3
12180.1
12203.4
12297.5
12380.6
12503.6
12504.212
12551.2
12551.4
12597.5
13051.3
13551.1
13557.4
13614.5
13728.6
13819.6
13820.212
13870.2
13870.4
13977.5
14370.3
14870.1
15089.6
15171.6
15172.212
15232.2
15232.4
15292.5
15732.3
16158.4
16211.5
16232.1
16400.6
16512.6
16513.212
16572.2
16572.4
16610.5
17072.3
17572.1
18032.6
18071.6
18072.212
18084.6
18133.2
18133.4
18166.5
18633.3
19133.1
19236.4
19283.5
19435.6
19516.6
19517.212
19577.2
19577.4
19617.5
19851.4
19934.5
20077.3
20234.4
20310.5
20507.4
20577.1
20757.5
20908.6
21046.6
21047.212
21102.2
21102.4
21174.5
21602.3
22102.1
22233.6
22336.6
22337.212
22394.2
22394.4
22894.3
22939.5
23394.1
23471.6
23612.6
23613.212
23685.2
23685.4
23782.5
24185.3
24685.1
24686.4
24824.5
25615.4
25963.5
26095.6
26216.6
26217.212
26274.2
26274.4
26342.5
26774.3
27274.1
27354.4
27357.5
27360.4
27626.5
27785.6
27956.6
27957.212
28019.2
28019.4
28087.5
28519.3
28960.4
29019.1
29193.5
29360.6
29455.4
29523.5
29584.6
29585.212
29593.6
29648.6
29691.2
29691.4
29757.5
29789.4
29792.5
30191.3
30691.1
30799.4
30803.5
30804.4
30935.5
30937.4
30938.5
31188.4
31330.5
31448.6
31501.6
31502.212
31532.6
31580.2
31580.4
31640.5
32080.3
32580.1
32731.4
32929.5
32941.4
33027.5
33160.6
33296.6
33297.212
33362.2
33362.4
33413.5
33862.3
34362.1
34376.4
34600.5
35753.4
35862.5
36030.6
36121.6
36122.212
36176.2
36176.4
36214.5
36676.3
37176.1
37482.4
37514.5
37613.6
37753.6
37754.212
37805.2
37805.4
37866.5
38305.3
38771.4
38805.1
38940.5
39801.4
40460.5
43019.4
43445.5
43651.6
43734.6
43735.212
43792.2
43792.4
43841.5
44292.3
44760.4
44792.1
44833.5
45332.4
45402.5
45745.6
45817.6
45818.212
45873.2
45873.4
45911.5
46373.3
46873.1
47000.4
47782.5
47918.6
48017.6
48018.212
48075.2
48075.4
48117.5
48575.3
49075.1
49426.4
49518.5
49868.4
50076.5
50077.4
50096.5
50396.6
50535.6
50536.212
50595.2
50595.4
50658.5
51095.3
51595.1
51916.4
52162.5
52292.6
52374.6
52375.212
52427.2
52427.4
52507.5
52927.3
53427.1
53617.4
53820.5
53971.4
54174.5
54326.6
54462.6
54463.212
54526.2
54526.4
54590.5
55026.3
55526.1
56338.4
56448.5
56452.4
56472.5
56656.6
56729.6
56730.212
56788.2
56788.4
56854.5
57288.3
57788.1
58294.4
58510.5
59657.6
59719.6
59720.212
59777.2
59777.4
59857.5
59863.4
59888.5
59891.4
59897.5
59900.4
59903.5
59917.4
59992.5
60277.3
60448.4
60528.5
60777.1
62169.4
62797.5
63172.6
63280.6
63281.212
63339.2
63339.4
63375.5
63839.3
64339.1
64999.4
65250.5
65491.6
65563.6
65564.212
65632.2
65632.4
65752.5
65786.4
65849.5
66132.3
66632.1
66844.4
67389.5
67677.4
67892.5
69373.6
69457.4
69748.5
70233.6
70234.212
70315.2
70315.4
70398.5
70815.3
71315.1
71866.4
72147.5
72428.6
72489.6
72490.212
72550.2
72550.4
72632.5
73050.3
73550.1
73970.4
74036.5
74167.6
74244.6
74245.212
74296.2
74296.4
74372.5
74796.3
75296.1
75493.4
75934.5
76415.6
76539.6
76540.212
76598.2
76598.4
76657.5
77089.4
77098.3
77166.5
77598.1
78585.4
78888.5
79094.4
79174.5
79470.6
79527.6
79528.212
79578.2
79578.4
79641.5
80078.3
80578.1
81707.4
82312.5
88741.4
88743.5
88744.4
88745.5
88749.4
88814.5
105350.4
105775.5
106498.4
107126.5
107298.4
107402.5
107687.6
107738.6
107739.212
107811.2
107811.4
107872.5
107935.4
108311.3
108536.5
108721.4
108811.1
108872.5
108964.6
109039.6
109040.212
109097.2
109097.4
109268.5
109276.4
109280.5
109316.4
109388.5
109597.3
110097.1
110631.4
110710.5
110857.6
110909.6
110910.212
110967.2
110967.4
111027.5
111467.3
111967.1
112240.4
112636.5
112802.6
112849.6
112850.212
112912.2
112912.4
112958.5
113412.3
113912.1
114350.4
114694.5
114907.6
114960.6
114961.212
115023.2
115023.4
115060.5
115523.3
116023.1
116062.4
116230.5
116393.6
116456.6
116457.212
116517.2
116517.4
116592.5
116839.4
116907.5
117017.3
117517.1
118156.4
118345.5
118498.6
118592.6
118593.212
118658.2
118658.4
118719.5
119158.3
119642.4
119658.1
119861.5
120004.6
120043.6
120044.212
120099.2
120099.4
120160.5
120599.3
121099.1
121337.4
121386.5
121536.6
121711.4
121763.5
121825.6
121826.212
121881.2
121881.4
121933.5
122381.3
122881.1
123105.4
123318.5
123486.6
123562.6
123563.212
123611.2
123611.4
123679.5
124111.3
124611.1
124851.4
125167.5
125334.6
125481.6
125482.212
125543.2
125543.4
125626.5
126043.3
126543.1
127272.4
127328.5
127455.6
127508.6
127509.212
127568.2
127568.4
127614.5
128068.3
128422.4
128491.5
128568.1
129336.4
129450.5
129681.6
129816.6
129817.212
129885.2
129885.4
129993.5
130385.3
130885.1
131502.4
131783.5
131990.6
132107.6
132108.212
132164.2
132164.4
132211.5
132664.3
133164.1
133463.4
133753.5
133914.6
134035.6
134036.212
134090.2
134090.4
134243.5
134590.3
135090.1
135472.4
135504.5
135616.6
135710.6
135711.212
135755.2
135755.4
135799.5
136255.3
136755.1
136886.4
136935.5
137078.6
137252.6
137253.212
137320.2
137320.4
137391.5
137820.3
138320.1
138793.4
138848.5
139002.6
139122.6
139123.212
139170.2
139170.4
139243.5
139670.3
140170.1
140333.4
140390.5
140527.6
140631.6
140632.212
140689.2
140689.4
140741.5
141189.3
141689.1
142095.4
142323.5
142481.4
142536.5
142640.6
142808.6
142809.212
142878.2
142878.4
142980.5
143023.4
143321.5
143378.3
143878.1
145039.4
145110.5
145740.6
146085.6
146086.212
146262.2
146262.4
146373.5
146439.4
146762.3
146838.5
147262.1
155474.6
155542.6
155543.212
155590.6
158105.2
158105.4
158341.5
158605.3
158846.4
159105.1
159122.5
159124.4
159162.5
159196.4
159198.5
160585.6
161144.4
161293.5
161633.4
161658.5
163404.4
163530.5
167692.4
167762.5
172622.6
172623.212
172792.2
172792.4
173024.5
173128.4
173204.5
173292.3
180000.9
123456789
8
27
15
8
27
15
1
FI
1
1
9
52
30
10
25
30
6
2
792
0
0
0
314159265
64
3
178
180000
314159265
0.1
411.6
491.6
492.212
539.2
539.4
634.5
1039.3
1519.4
1539.1
1624.5
1763.4
2003.5
2167.6
2314.4
2332.5
2387.6
2388.212
2436.2
2436.4
2510.5
2936.3
3176.4
3250.5
3436.1
3700.6
3730.6
3731.212
3781.2
3781.4
3819.5
4281.3
4626.4
4673.5
4781.1
4973.6
5054.6
5055.212
5121.2
5121.4
5189.5
5621.3
5988.4
6059.5
6121.1
6491.4
6534.5
6866.6
6947.6
6948.212
7015.2
7015.4
7097.5
7515.3
8015.1
8590.4
8957.5
9401.4
9612.5
9748.4
9775.5
9883.6
9988.6
9989.212
10041.2
10041.4
10101.5
10272.4
10363.5
10541.3
11041.1
11150.4
11198.5
11399.6
11437.6
11438.212
11490.2
11490.4
11537.5
11990.3
12490.1
12702.4
12825.5
13140.4
13176.5
13267.6
13319.6
13320.212
13376.2
13376.4
13438.5
13876.3
14376.1
15243.6
15318.6
15319.212
15369.2
15369.4
15446.5
15869.3
16369.1
16620.4
16829.5
16964.6
17036.6
17037.212
17095.2
17095.4
17154.5
17595.3
18095.1
18910.4
18971.5
19133.6
19216.6
19217.212
19275.2
19275.4
19321.5
19775.3
20275.1
20856.4
20880.5
20991.6
21049.6
21050.212
21078.6
21122.2
21122.4
21225.5
21622.3
22122.1
22507.4
22537.5
22663.6
22742.6
22743.212
22800.2
22800.4
22857.5
23300.3
23800.1
24114.4
24399.5
24576.6
24675.6
24676.212
24731.2
24731.4
24785.5
25155.4
25231.3
25321.5
25731.1
26901.4
27017.5
27127.6
27184.6
27185.212
27224.6
27269.2
27269.4
27328.5
27486.4
27651.5
27769.3
28269.1
28934.4
29150.5
29299.6
29356.6
29357.212
29424.2
29424.4
29469.5
29924.3
30424.1
30749.4
31056.5
31255.6
31391.6
31392.212
31441.2
31441.4
31486.5
31941.3
32441.1
32907.4
33237.5
33388.6
33425.6
33426.212
33486.2
33486.4
33571.5
33986.3
34486.1
35085.4
35330.5
37068.6
37156.6
37157.212
37218.2
37218.4
37294.5
37622.4
37718.3
38218.1
38241.5
38504.4
38586.5
38723.6
38777.6
38778.212
38825.2
38825.4
38890.5
39325.3
39825.1
39874.4
39971.5
40090.6
40114.6
40115.212
40169.2
40169.4
40241.5
40669.3
41169.1
42103.6
42149.6
42150.212
42222.2
42222.4
42427.5
42469.4
42545.5
42722.3
43222.1
46961.6
47012.6
47013.212
47539.6
47636.6
47708.2
47708.4
47882.5
48208.3
48708.1
53059.4
53578.5
54070.4
54442.5
54446.4
54450.5
55352.4
55455.5
56063.6
56176.4
56264.5
56346.6
56347.212
56408.2
56408.4
56699.5
56758.4
56908.3
56960.5
57342.4
57408.1
57424.5
57672.6
57766.6
57767.212
57841.2
57841.4
58019.5
58341.3
58600.4
58691.5
58841.1
60642.4
60645.5
60652.4
60841.5
60984.6
61034.6
61035.212
61085.2
61085.4
61169.5
61585.3
62085.1
62855.4
62925.5
63053.6
63140.6
63141.212
63187.2
63187.4
63392.5
63687.3
64187.1
65344.4
65379.5
65505.6
65661.6
65662.212
65731.2
65731.4
65813.5
65860.4
66231.3
66274.5
66731.1
67465.4
67509.5
67811.6
68007.4
68164.5
77132.8
77141.8
77144.8
78010.4
78079.5
78397.4
78642.5
78807.4
79583.5
79624.4
79654.5
79675.4
79901.5
81140.6
81141.212
81226.2
81226.4
81406.5
81456.4
81675.5
81726.3
82008.6
82037.6
82226.1
85456.6
85534.6
85535.212
85598.2
85598.4
85674.5
86098.3
86598.1
87831.4
87957.5
89980.4
90057.5
90235.6
90452.6
90453.212
90503.2
90503.4
90566.5
91003.3
91503.1
91760.4
91894.5
92285.4
92407.5
93066.6
93189.6
93190.212
93265.2
93265.4
93368.5
93379.4
93742.5
93765.3
94049.6
94110.6
94265.1
94269.6
94370.6
94371.212
94423.2
94423.4
94654.5
94737.4
94923.3
94977.5
95234.6
95308.6
95356.6
95423.1
95507.6
95550.6
95551.212
95615.2
95615.4
95979.5
96066.4
96115.3
96406.5
96615.1
96852.6
96909.6
96910.212
96960.6
97009.2
97009.4
97189.5
97509.3
97623.4
97703.5
98009.1
98487.4
98541.5
98641.6
98693.6
98694.212
98757.2
98757.4
98814.5
99257.3
99757.1
100294.4
100331.5
100470.6
100552.6
100553.212
100612.2
100612.4
100717.5
100745.4
100842.5
101112.3
101612.1
101645.4
101681.5
101769.4
101800.5
101885.6
101951.6
101952.212
102009.2
102009.4
102075.5
102509.3
103009.1
104597.6
104660.6
104661.212
104721.2
104721.4
104930.5
105151.6
105221.3
105459.6
105576.4
105603.5
105674.6
105721.1
105835.6
105913.6
105914.212
105978.2
105978.4
106028.5
106478.3
106978.1
107762.4
107953.5
108075.4
108151.5
108323.6
108410.6
108411.212
108471.2
108471.4
108653.5
108971.3
109165.4
109173.5
109202.4
109397.5
109471.1
109843.6
109918.6
109919.212
110005.2
110005.4
110201.5
110358.6
110505.3
110689.6
110744.6
111005.1
111317.4
111367.5
111448.6
111539.6
111540.212
111617.2
111617.4
112117.3
112497.5
112549.4
112617.1
112791.5
112829.4
112897.5
112995.4
113106.5
113529.4
113704.5
113764.4
113849.5
113953.4
114050.5
114214.4
114237.5
114338.6
114401.6
114402.212
114459.2
114459.4
114602.5
114636.4
114876.5
114959.3
115019.6
115188.6
115228.6
115261.6
115300.6
115459.1
115520.6
115553.6
115554.212
115622.2
115622.4
115699.5
116122.3
116622.1
118134.4
118266.5
118555.6
118681.6
118682.212
118759.2
118759.4
119259.3
119265.5
119267.4
119271.5
119276.4
119278.5
119454.6
119586.6
119759.1
119881.6
119910.6
119911.212
119961.2
119961.4
120208.5
120213.4
120217.5
120327.6
120461.3
120517.6
120705.4
120760.5
120961.1
122465.4
122533.5
122643.6
122729.6
122730.212
122773.6
122809.2
122809.4
122913.5
123309.3
123809.1
124708.4
125178.5
125209.4
125247.5
125251.4
125274.5
125276.4
125313.5
125343.4
125347.5
125467.6
125551.6
125552.212
125608.2
125608.4
125710.5
126108.3
126608.1
127660.4
127868.5
127923.4
128000.5
128301.4
128365.5
128395.4
128493.5
128573.4
128586.5
128745.6
128806.6
128807.212
128860.2
128860.4
128948.5
129145.4
129223.5
129360.3
129860.1
129904.4
130020.5
130665.4
130969.5
131191.6
131418.6
131419.212
131478.2
131478.4
131698.5
131858.6
131978.3
132178.6
132308.6
132415.6
132444.6
132476.6
132478.1
132701.6
133002.6
133003.212
133090.2
133090.4
133175.5
133590.3
134090.1
135546.4
135783.5
136049.6
136111.6
136112.212
136180.2
136180.4
136572.5
136680.3
137180.1
138513.6
138534.6
138535.212
138597.2
138597.4
139097.3
139278.5
139436.6
139597.1
141165.6
141229.6
141230.212
141294.2
141294.4
141492.5
141794.3
142077.4
142294.1
142328.5
142372.4
142746.5
142800.4
142918.5
143016.4
143027.5
143101.6
143158.6
143159.212
143203.6
143252.2
143252.4
143752.3
143796.5
144252.1
144800.4
144958.5
146873.4
146962.5
147857.6
147947.6
147948.212
148036.2
148036.4
148150.5
148536.3
149036.1
150767.6
150864.6
150865.212
150945.2
150945.4
151075.5
151079.4
151108.5
151299.6
151408.6
151445.3
151945.1
156146.6
156237.6
156238.212
156325.6
156585.6
156713.6
156820.6
156922.2
156922.4
156995.5
157422.3
157922.1
159871.4
160304.5
160309.4
160313.5
160322.4
160323.5
161549.4
161646.5
161897.6
161944.6
161945.212
162021.2
162021.4
162216.5
162314.4
162330.5
162487.6
162521.3
162597.6
162661.6
162829.6
163021.1
163072.6
163162.6
163163.212
163219.2
163219.4
163298.5
163719.3
164219.1
165936.4
166254.5
166387.4
166493.5
166634.6
166783.6
166784.212
166844.2
166844.4
166963.5
167344.3
167844.1
170034.4
170048.5
170681.6
170973.6
170974.212
171071.2
171071.4
171127.5
171571.3
172071.1
173241.4
173394.5
173665.6
173786.6
173787.212
173867.2
173867.4
174045.5
174367.3
180000.9
123456789
8
28
15
8
28
15
1
FI
1
1
9
50
05
10
23
05
6
2
823
0
0
0
314159265
75
3
163
180000
314159265
0.1
277.6
308.6
309.212
358.2
358.4
496.5
598.4
655.5
858.3
967.4
1081.5
1358.1
1363.6
1450.6
1451.212
1509.2
1509.4
1614.5
2009.3
2089.4
2243.5
2383.4
2391.5
2509.1
2517.6
2591.6
2592.212
2640.2
2640.4
2726.5
3140.3
3336.4
3640.1
3761.5
3905.6
3937.6
3938.212
3988.2
3988.4
4303.5
4488.3
4955.4
4988.1
4994.5
5080.6
5147.6
5148.212
5203.2
5203.4
5293.5
5582.4
5655.5
5703.3
5905.6
5967.6
6027.6
6054.6
6144.6
6185.6
6195.6
6203.1
6250.6
6308.6
6309.212
6372.2
6372.4
6462.5
6872.3
7354.4
7372.1
7379.5
7502.6
7582.6
7583.212
7612.6
7654.2
7654.4
7733.5
8154.3
8494.4
8558.5
8654.1
8818.6
8906.6
8907.212
8974.2
8974.4
9049.5
9474.3
9974.1
10247.6
10326.6
10327.212
10337.6
10387.2
10387.4
10438.5
10887.3
11379.4
11387.1
11521.5
11843.6
11920.6
11921.212
11929.6
11987.2
11987.4
12107.5
12487.3
12885.4
12987.1
13119.5
13120.4
13131.5
13393.6
13453.6
13454.212
13513.2
13513.4
13581.5
14013.3
14020.4
14051.5
14438.6
14513.1
14513.6
14682.6
14798.6
14799.212
14862.2
14862.4
15035.5
15362.3
15862.1
16195.6
16317.6
16318.212
16385.2
16385.4
16455.5
16885.3
17385.1
17580.4
17618.5
17769.6
17846.6
17847.212
17905.2
17905.4
17991.5
18405.3
18905.1
19048.4
19159.5
19442.6
19518.6
19519.212
19579.2
19579.4
19665.5
20079.3
20579.1
20902.6
21084.6
21085.212
21143.2
21143.4
21219.5
21643.3
22143.1
22245.4
22412.5
22660.6
22742.6
22743.212
22805.2
22805.4
22872.5
23305.3
23805.1
23829.4
23910.5
24128.4
24140.5
24303.6
24468.6
24469.212
24528.2
24528.4
24629.5
25028.3
25528.1
25663.4
25837.5
25971.6
26168.6
26169.212
26214.2
26214.4
26288.5
26714.3
27214.1
27372.4
27430.5
27681.6
27738.6
27739.212
27791.2
27791.4
27832.5
28291.3
28791.1
29434.4
29473.5
29477.4
29478.5
29615.6
29689.6
29690.212
29747.2
29747.4
29818.5
30247.3
30747.1
31850.6
31909.6
31910.212
31972.2
31972.4
32069.5
32169.4
32258.5
32472.3
32615.4
32652.5
32744.6
32807.6
32972.1
33063.6
33144.6
33145.212
33209.2
33209.4
33285.5
33709.3
34209.1
34352.4
34387.5
34510.6
34585.6
34586.212
34652.2
34652.4
34693.5
35152.3
35652.1
35785.4
35956.5
36113.6
36167.6
36168.212
36217.2
36217.4
36292.5
36717.3
37217.1
37498.4
37524.5
37672.6
37769.6
37770.212
37846.2
37846.4
37912.5
38346.3
38846.1
39261.4
39676.5
39879.6
39915.6
39916.212
39975.2
39975.4
40031.5
40475.3
40975.1
42161.6
42248.6
42249.212
42321.2
42321.4
42419.5
42821.3
43321.1
44167.4
44191.5
44192.4
44193.5
44405.6
44465.6
44466.212
44538.2
44538.4
44601.5
45038.3
45538.1
45817.4
45855.5
46000.6
46032.6
46033.212
46085.2
46085.4
46294.5
46585.3
47085.1
47773.4
47967.5
48093.6
48138.6
48139.212
48185.2
48185.4
48256.5
48685.3
49185.1
49551.4
49580.5
49690.6
49740.6
49741.212
49796.2
49796.4
49872.5
49918.4
50018.5
50296.3
50796.1
51510.6
51610.6
51611.212
51672.2
51672.4
51758.5
51777.4
51889.5
52112.6
52172.3
52223.6
52276.6
52325.6
52401.6
52485.6
52572.6
52651.6
52672.1
52779.6
52946.4
53015.5
53088.6
53089.212
53177.2
53177.4
53259.5
53303.4
53361.5
53677.3
54177.1
54853.4
54893.5
55016.6
55079.6
55080.212
55131.2
55131.4
55220.5
55631.3
56131.1
56518.4
56553.5
56707.6
56773.6
56774.212
56839.2
56839.4
57212.5
57339.3
57583.6
57642.6
57720.6
57800.6
57839.1
57954.6
58148.6
58149.212
58229.2
58229.4
58304.5
58729.3
59229.1
59829.4
59883.5
60295.6
60361.6
60362.212
60380.6
60428.2
60428.4
60491.5
60928.3
61428.1
62466.4
62507.5
62626.6
62673.6
62674.212
62720.6
62781.2
62781.4
62786.5
62794.4
62830.5
63281.3
63781.1
64465.6
64544.6
64545.212
64599.2
64599.4
64663.5
65099.3
65599.1
66552.4
66579.5
66805.6
66865.6
66866.212
66922.2
66922.4
67038.5
67126.4
67422.3
67474.5
67879.4
67918.5
67922.1
68210.6
68281.6
68282.212
68337.2
68337.4
68837.3
68906.5
69130.6
69228.6
69337.1
69432.6
69548.6
69549.212
69621.2
69621.4
69716.5
69801.4
69916.5
70121.3
70621.1
71407.4
71736.5
71741.4
71750.5
71929.6
71987.6
71988.212
72032.2
72032.4
72138.5
72142.4
72148.5
72469.6
72515.6
72532.3
72579.6
72788.4
72824.5
72833.4
72846.5
73032.1
73197.6
73466.6
73467.212
73547.2
73547.4
73607.5
74047.3
74547.1
75299.4
75325.5
75575.6
75628.6
75629.212
75698.2
75698.4
75776.5
75782.4
75799.5
76198.3
76698.1
78878.4
78893.5
79131.6
79265.6
79266.212
79326.6
79387.2
79387.4
79473.5
79887.3
80387.1
81322.4
81450.5
81695.6
81889.6
81890.212
81947.2
81947.4
82116.5
82149.4
82223.5
82447.3
82947.1
84256.4
84433.5
84579.6
84646.6
84647.212
84699.2
84699.4
84767.5
85199.3
85699.1
86414.4
86543.5
86733.4
86921.5
87072.6
87125.6
87126.212
87185.2
87185.4
87258.5
87685.3
88185.1
89199.6
89263.6
89264.212
89331.2
89331.4
89514.5
89831.3
90285.4
90331.1
90375.5
90484.6
90530.6
90531.212
90597.2
90597.4
90678.5
91097.3
91597.1
92709.6
92796.6
92797.212
92875.2
92875.4
92950.5
93375.3
93875.1
93993.4
94163.5
94362.6
94415.6
94416.212
94472.2
94472.4
94586.5
94972.3
95377.4
95472.1
95649.5
95800.6
95866.6
95867.212
95929.2
95929.4
96113.5
96295.6
96429.3
96650.4
96731.5
96929.1
97225.6
97286.6
97287.212
97348.2
97348.4
97408.5
97848.3
98348.1
98984.4
99071.5
99692.6
99728.6
99729.212
99750.6
99804.2
99804.4
99951.5
100304.3
100804.1
104494.6
104547.6
104548.212
104608.2
104608.4
104674.5
105108.3
105608.1
111591.4
111689.5
111690.4
111692.5
111694.4
111696.5
111707.4
111767.5
113013.6
113113.6
113114.212
113180.2
113180.4
113320.5
113680.3
114180.1
114630.4
114647.5
114838.6
114906.6
114907.212
114978.2
114978.4
115478.3
115860.5
115874.4
115889.5
115974.4
115978.1
116005.5
116082.6
116110.6
116111.212
116165.2
116165.4
116441.5
116553.4
116665.3
116714.5
116803.6
116818.6
116926.6
117165.1
117270.6
117330.6
117331.212
117404.2
117404.4
117500.5
117904.3
118404.1
118810.4
118891.5
119922.4
120060.5
120911.4
120989.5
121031.4
121127.5
122256.4
122375.5
123744.4
123987.5
125390.4
125562.5
126952.6
127033.6
127034.212
127092.2
127092.4
127156.5
127592.3
128092.1
129077.4
129127.5
129354.6
129436.6
129437.212
129499.2
129499.4
129555.5
129999.3
130499.1
131093.4
131096.5
131100.4
131126.5
131346.6
131383.6
131384.212
131428.2
131428.4
131491.5
131928.3
132428.1
132917.4
132996.5
133000.4
133003.5
133200.6
133241.6
133242.212
133304.2
133304.4
133362.5
133804.3
134304.1
135672.6
135734.4
135810.5
135903.6
135904.212
135964.2
135964.4
136050.5
136464.3
136964.1
138257.6
138324.6
138325.212
138378.2
138378.4
138531.5
138603.4
138702.5
138878.3
139378.1
139460.6
139561.6
139562.212
139625.2
139625.4
139714.5
140125.3
140625.1
141781.6
148394.6
148395.212
148529.2
148529.4
148530.5
148533.4
148605.5
149029.3
149529.1
149723.6
149853.6
149854.212
149953.2
149953.4
149992.5
150249.6
150453.3
150953.1
152578.8
152589.8
152622.8
153320.6
153485.6
153486.212
153545.2
153545.4
153689.5
154045.3
154545.1
155612.6
155782.6
155783.212
155861.2
155861.4
155960.5
156361.3
156861.1
159814.6
159877.6
159878.212
159950.2
159950.4
160290.5
160450.3
160950.1
162716.4
162778.5
162881.6
163050.6
163051.212
163152.2
163152.4
163267.5
163652.3
164152.1
180000.9
123456789
8
29
15
8
29
15
1
FI
1
1
9
51
09
10
24
09
6
2
703
0
0
0
314159265
70
0
123
180000
314159265
0.1
387.6
449.6
450.212
502.2
502.4
615.5
1002.3
1338.4
1366.5
1502.1
1744.6
1802.6
1803.212
1863.2
1863.4
1945.5
2363.3
2650.4
2675.5
2676.4
2707.5
2863.1
3058.6
3146.6
3147.212
3212.2
3212.4
3259.5
3712.3
4014.4
4099.5
4212.1
4552.6
4605.6
4606.212
4669.2
4669.4
4739.5
5169.3
5669.1
6022.6
6056.6
6057.212
6116.2
6116.4
6209.5
6616.3
7116.1
7350.6
7439.6
7440.212
7486.2
7486.4
7563.5
7986.3
8340.4
8379.5
8381.4
8486.1
8512.5
8601.6
8673.6
8674.212
8735.2
8735.4
8786.5
9235.3
9605.4
9627.5
9735.1
9901.6
9925.6
9926.212
9984.2
9984.4
10055.5
10484.3
10984.1
11240.6
11297.6
11298.212
11363.2
11363.4
11415.5
11863.3
12363.1
12363.4
12556.5
12824.6
12904.6
12905.212
12963.2
12963.4
13007.5
13463.3
13798.4
13963.1
14024.5
14218.6
14240.6
14241.212
14281.6
14325.2
14325.4
14404.5
14825.3
15325.1
15604.4
15640.5
15762.6
15802.6
15803.212
15865.2
15865.4
15936.5
16365.3
16865.1
17053.4
17087.5
17242.6
17300.6
17301.212
17350.2
17350.4
17399.5
17850.3
18213.4
18350.1
18372.5
18487.6
18552.6
18553.212
18672.2
18672.4
18732.5
19172.3
19609.4
19640.5
19672.1
19776.6
19818.6
19819.212
19876.2
19876.4
19979.5
20376.3
20634.4
20802.5
20876.1
20994.6
21060.6
21061.212
21115.2
21115.4
21164.5
21615.3
22115.1
22307.6
22345.6
22346.212
22367.6
22412.2
22412.4
22471.5
22912.3
23126.4
23196.5
23412.1
23554.6
23602.6
23603.212
23671.2
23671.4
23748.5
24171.3
24671.1
24672.4
24704.5
24838.6
24884.6
24885.212
24936.2
24936.4
24994.5
25436.3
25936.1
26107.6
26152.6
26153.212
26191.6
26246.2
26246.4
26288.5
26746.3
27246.1
27534.6
27560.6
27561.212
27621.2
27621.4
27733.5
28121.3
28127.4
28218.5
28621.1
29319.6
29346.6
29347.212
29391.6
29432.2
29432.4
29522.5
29932.3
30432.1
30589.6
30632.6
30633.212
30697.2
30697.4
30744.5
31197.3
31697.1
31725.4
31762.5
31865.6
31901.6
31902.212
31966.2
31966.4
32026.5
32466.3
32966.1
33079.4
33247.5
33457.6
33478.6
33479.212
33535.2
33535.4
33598.5
34035.3
34535.1
34569.4
34598.5
34683.6
34716.6
34717.212
34781.2
34781.4
34825.5
35281.3
35642.4
35781.1
35907.5
36004.6
36030.6
36031.212
36084.2
36084.4
36185.5
36584.3
37084.1
37307.6
37347.6
37348.212
37408.2
37408.4
37460.5
37908.3
38408.1
38455.4
38760.5
38872.6
38936.6
38937.212
38991.2
38991.4
39057.5
39491.3
39991.1
40710.6
40764.6
40765.212
40836.2
40836.4
40917.5
41336.3
41836.1
42103.4
42110.5
42520.6
42595.6
42596.212
42657.2
42657.4
42742.5
43157.3
43605.4
43657.1
43673.5
43776.6
43841.6
43842.212
43893.2
43893.4
43933.5
44393.3
44860.4
44866.5
44893.1
44995.6
45068.6
45069.212
45137.2
45137.4
45203.5
45637.3
46137.1
46443.4
46464.5
46581.6
46612.6
46613.212
46676.2
46676.4
46757.5
47176.3
47676.1
48568.6
48702.6
48703.212
48758.2
48758.4
48833.5
49258.3
49758.1
50758.6
50801.6
50802.212
50862.2
50862.4
50912.5
51362.3
51862.1
52951.6
52987.6
52988.212
53053.2
53053.4
53142.5
53553.3
54053.1
55972.6
56045.6
56046.212
56122.2
56122.4
56190.5
56622.3
57122.1
57918.6
57974.6
57975.212
58076.2
58076.4
58151.5
58576.3
59076.1
59512.4
59667.5
60059.4
60237.5
60384.6
60430.6
60431.212
60494.2
60494.4
60542.5
60994.3
61494.1
61761.4
62031.5
62149.6
62196.6
62197.212
62255.2
62255.4
62326.5
62755.3
63255.1
63320.4
63393.5
63402.4
63589.5
63729.6
63793.6
63794.212
63854.2
63854.4
63909.5
64354.3
64854.1
64949.4
65125.5
65128.4
65228.5
65350.6
65392.6
65393.212
65446.2
65446.4
65494.5
65946.3
66446.1
67075.6
67122.6
67123.212
67191.2
67191.4
67273.5
67691.3
68191.1
68559.4
68626.5
68767.6
68809.6
68810.212
68867.2
68867.4
68938.5
69107.4
69235.5
69367.3
69867.1
70298.4
70607.5
70718.6
70808.6
70809.212
70868.2
70868.4
70904.5
71368.3
71868.1
72063.4
72107.5
72245.6
72300.6
72301.212
72358.2
72358.4
72407.5
72858.3
73358.1
73931.6
73974.6
73975.212
74037.2
74037.4
74111.5
74537.3
75037.1
75700.4
75738.5
75887.6
75934.6
75935.212
75998.2
75998.4
76043.5
76498.3
76998.1
77918.4
77956.5
78237.6
78268.6
78269.212
78336.2
78336.4
78406.5
78836.3
79336.1
80635.6
80733.6
80734.212
80823.2
80823.4
80983.5
81323.3
81823.1
82097.4
82355.5
82760.6
82793.6
82794.212
82853.2
82853.4
82918.5
83353.3
83853.1
84473.6
84521.6
84522.212
84592.2
84592.4
84660.5
85092.3
85592.1
87000.6
94577.4
94657.5
95971.6
95972.212
96117.2
96117.4
96324.5
96617.3
97117.1
98910.6
99136.6
99137.212
99226.2
99226.4
99298.5
99726.3
100226.1
101965.6
102137.6
102138.212
102265.2
102265.4
102410.5
102765.3
103265.1
105263.6
105486.6
105487.212
105582.2
105582.4
105683.5
106082.3
106582.1
108100.4
108172.5
108317.6
108537.6
108538.212
108652.2
108652.4
108777.5
109152.3
109652.1
110957.6
111071.6
111072.212
111578.6
111706.6
111814.2
111814.4
111944.5
112314.3
112814.1
113050.6
113351.6
113352.212
113629.6
113795.2
113795.4
113879.5
114003.6
114068.6
114137.6
114295.3
114795.1
116732.6
117088.6
117089.212
117170.6
117242.2
117242.4
117404.5
117508.6
117633.6
117742.3
118049.6
118242.1
118349.6
118514.6
118515.212
118615.2
118615.4
118670.5
118736.6
118818.6
119046.6
119115.3
119615.1
121668.6
121946.6
121947.212
122009.6
122145.2
122145.4
122260.5
122645.3
123145.1
125203.6
125387.6
125388.212
125468.6
125508.6
125588.6
125619.6
125689.6
125798.2
125798.4
126059.5
126298.3
126798.1
127643.4
127728.5
130213.4
130289.5
131635.4
131704.5
133353.4
133453.5
135238.4
135288.5
137499.4
137698.5
141678.6
141707.6
141708.212
141714.6
141819.2
141819.4
142079.5
142319.3
142819.1
143598.4
143697.5
145787.4
145892.5
147491.4
147625.5
149281.4
149480.5
150978.6
151064.6
151065.212
151238.2
151238.4
151385.5
151738.3
152238.1
153149.6
153206.6
153207.212
153240.6
153311.6
153382.2
153382.4
153486.5
153882.3
154382.1
158762.6
158822.6
158823.212
158905.2
158905.4
159115.5
159405.3
159905.1
161768.4
161923.5
162311.6
162556.6
162557.212
162666.6
162769.2
162769.4
162900.5
163269.3
163769.1
164591.6
164857.6
164858.212
165109.2
165109.4
165313.5
165609.3
166109.1
167411.6
167485.6
167486.212
167733.6
167796.6
167956.6
180000.9
123456789
8
30
15
8
30
15
1
FI
1
1
9
52
07
10
25
07
6
2
454
0
0
0
314159265
43
2
86
180000
314159265
0.1
100.6
172.6
173.212
240.2
240.4
317.5
740.3
846.4
936.5
1240.1
1242.6
1343.6
1344.212
1394.2
1394.4
1474.5
1894.3
2023.4
2177.5
2373.6
2393.6
2394.1
2451.6
2485.6
2486.212
2551.2
2551.4
2615.5
2966.4
2996.5
3051.3
3241.6
3336.6
3406.6
3446.6
3551.1
3617.6
3663.4
3734.5
3802.6
3803.212
3855.2
3855.4
3914.5
4355.3
4521.4
4662.5
4855.1
4949.6
5013.6
5014.212
5071.2
5071.4
5175.5
5571.3
5837.4
5888.5
6071.1
6162.6
6249.6
6250.212
6309.2
6309.4
6382.5
6809.3
6955.4
6983.5
7309.1
7309.6
7373.6
7423.6
7424.212
7479.2
7479.4
7536.5
7979.3
8348.4
8356.5
8479.1
8578.6
8615.6
8616.212
8673.2
8673.4
8736.5
9173.3
9382.4
9427.5
9673.1
9733.6
9844.6
9845.212
9911.2
9911.4
9967.5
10411.3
10615.4
10911.1
10964.5
11147.6
11174.6
11175.212
11226.2
11226.4
11262.5
11726.3
12226.1
12486.6
12511.6
12512.212
12568.2
12568.4
12600.5
13068.3
13371.4
13512.5
13568.1
13824.6
13857.6
13858.212
13919.2
13919.4
13979.5
14419.3
14919.1
15168.6
15223.6
15224.212
15278.2
15278.4
15348.5
15778.3
16077.4
16242.5
16278.1
16400.6
16437.6
16438.212
16491.2
16491.4
16553.5
16991.3
17251.4
17335.5
17491.1
17791.6
17820.6
17821.212
17917.2
17917.4
17973.5
18417.3
18917.1
18924.4
18954.5
19136.6
19158.6
19159.212
19216.2
19216.4
19268.5
19716.3
20041.4
20216.1
20286.5
20538.6
20581.6
20582.212
20643.2
20643.4
20691.5
21143.3
21643.1
22080.4
22084.5
22086.4
22091.5
22359.6
22385.6
22386.212
22442.2
22442.4
22485.5
22942.3
23442.1
23720.4
23722.5
23723.4
23749.5
23946.6
24078.6
24079.212
24152.2
24152.4
24240.5
24652.3
25152.1
25508.4
25547.5
26079.6
26159.6
26160.212
26218.2
26218.4
26264.5
26718.3
27218.1
27373.4
27645.5
28109.6
28140.6
28141.212
28222.2
28222.4
28300.5
28722.3
29222.1
30991.6
31112.6
31113.212
31205.2
31205.4
31286.5
31705.3
32205.1
33479.6
33540.6
33541.212
33607.2
33607.4
33710.5
34107.3
34607.1
41193.4
41337.5
43011.6
43151.6
43152.212
43304.2
43304.4
43392.5
43804.3
44304.1
44874.4
45126.5
45436.4
45466.5
45608.6
45641.6
45642.212
45701.2
45701.4
45756.5
46201.3
46701.1
47304.4
47374.5
47575.6
47669.6
47670.212
47728.2
47728.4
47771.5
48228.3
48728.1
49173.4
49523.5
49751.4
49946.5
50094.6
50155.6
50156.212
50219.2
50219.4
50275.5
50719.3
51219.1
51787.4
51839.5
52050.6
52079.6
52080.212
52136.2
52136.4
52209.5
52636.3
53136.1
55315.4
55339.5
56002.6
56049.6
56050.212
56108.2
56108.4
56206.5
56608.3
57108.1
57922.4
58353.5
64057.6
64163.6
64164.212
64230.2
64230.4
64333.5
64730.3
65230.1
66241.4
66280.5
66521.6
66571.6
66572.212
66646.2
66646.4
66713.5
67146.3
67646.1
77389.8
82609.4
82699.5
83075.6
83179.6
83180.212
83260.2
83260.4
83603.5
83760.3
84260.1
88421.6
88478.6
88479.212
88565.2
88565.4
88809.5
89065.3
89565.1
91822.4
91884.5
92574.4
92844.5
93058.6
93094.6
93095.212
93150.2
93150.4
93237.5
93650.3
94150.1
106723.6
107103.6
107104.212
107155.2
107155.4
107291.5
107453.4
107574.5
107655.3
107824.6
108070.6
108116.6
108122.6
108129.6
108155.1
108233.6
108314.6
108315.212
108327.6
108500.2
108500.4
108528.5
109000.3
109500.1
112897.6
113036.6
113037.212
113174.6
117248.2
117248.4
117455.5
117472.4
117481.5
117748.3
118248.1
119639.4
119819.5
120469.6
121133.6
121134.212
121312.6
121466.2
121466.4
121505.5
121966.3
122466.1
123221.6
123372.6
123373.212
126102.8
141898.2
141898.4
142262.5
142398.3
142898.1
143600.6
143759.6
143760.212
143857.6
144320.6
144420.2
144420.4
144478.5
144920.3
145420.1
146281.6
146348.6
146349.212
146674.6
146816.6
146997.2
146997.4
147146.5
147449.4
147497.3
147586.5
147651.4
147866.5
147997.1
148387.4
148471.5
150310.4
150398.5
153167.4
153338.5
160859.6
161039.6
161040.212
161132.2
161132.4
161193.5
161632.3
162132.1
164357.6
166737.4
166915.5
170863.6
170864.212
176918.2
176918.4
176930.5
177418.3
180000.9
123456789
8
31
15
8
31
15
1
FI
1
1
9
52
55
10
25
55
6
2
480
0
0
0
314159265
45
2
101
180000
314159265
0.1
347.6
384.6
385.212
440.2
440.4
511.5
832.4
940.3
1005.5
1440.1
1736.6
1772.6
1773.212
1828.2
1828.4
1867.5
2248.4
2328.3
2358.5
2736.6
2828.1
2918.6
2973.6
2974.212
3017.2
3017.4
3098.5
3503.4
3517.3
3743.5
4017.1
4033.6
4104.6
4105.212
4165.2
4165.4
4214.5
4320.4
4424.5
4665.3
4907.4
4966.5
5165.1
5418.6
5586.6
5587.212
5632.2
5632.4
5691.5
6132.3
6349.4
6351.5
6358.4
6457.5
6550.6
6632.1
6692.6
6720.6
6721.212
6780.2
6780.4
6847.5
7280.3
7495.4
7632.5
7636.4
7721.5
7780.1
7972.6
8026.6
8027.212
8081.2
8081.4
8208.5
8581.3
8752.4
9035.5
9081.1
9185.6
9240.6
9241.212
9325.2
9325.4
9368.5
9825.3
9993.4
10048.5
10325.1
10406.6
10477.6
10478.212
10539.2
10539.4
10627.5
11039.3
11539.1
11865.6
11899.6
11900.212
11958.2
11958.4
12011.5
12458.3
12898.4
12958.1
13064.5
13254.6
13376.6
13377.212
13436.2
13436.4
13510.5
13936.3
14436.1
14634.4
15087.5
15203.6
15236.6
15237.212
15295.2
15295.4
15351.5
15795.3
16295.1
16864.6
16924.6
16925.212
16979.2
16979.4
17079.5
17479.3
17979.1
18138.4
18216.5
18334.6
18409.6
18410.212
18471.2
18471.4
18550.5
18971.3
19471.1
20023.6
20050.6
20051.212
20103.2
20103.4
20269.5
20603.3
21103.1
21336.4
21430.5
21551.6
21614.6
21615.212
21626.6
21678.2
21678.4
21730.5
22178.3
22678.1
22842.4
22866.5
23277.6
23305.6
23306.212
23371.2
23371.4
23448.5
23871.3
24371.1
24608.4
24758.5
24971.6
25044.6
25045.212
25109.2
25109.4
25156.5
25609.3
26109.1
26981.6
27053.6
27054.212
27115.2
27115.4
27163.5
27615.3
28115.1
29080.6
29187.6
29188.212
29244.2
29244.4
29316.5
29744.3
30244.1
31116.4
31194.5
31331.6
31370.6
31371.212
31425.2
31425.4
31515.5
31925.3
32425.1
33285.6
33323.6
33324.212
33393.2
33393.4
33466.5
33893.3
34393.1
35711.6
35741.6
35742.212
35802.2
35802.4
35873.5
36302.3
36802.1
38108.6
38222.6
38223.212
38283.2
38283.4
38333.5
38783.3
39283.1
39629.4
39715.5
39919.4
40002.5
40181.6
40236.6
40237.212
40292.2
40292.4
40374.5
40792.3
41292.1
42028.4
42129.5
42642.6
42680.6
42681.212
42750.2
42750.4
42789.5
43250.3
43750.1
44280.4
44322.5
44513.6
44567.6
44568.212
44622.2
44622.4
44703.5
45122.3
45622.1
46798.4
47171.5
47383.6
47414.6
47415.212
47486.2
47486.4
47526.5
47986.3
48486.1
48746.4
48851.5
49295.6
49317.6
49318.212
49388.2
49388.4
49427.5
49888.3
50388.1
50941.4
51529.5
57808.6
59695.4
59724.5
60480.8
68892.4
69403.5
69637.6
69638.212
69712.2
69712.4
69780.5
70212.3
70712.1
71268.4
71466.5
71660.6
71686.6
71687.212
71738.2
71738.4
71824.5
72238.3
72738.1
73969.4
74072.5
74314.6
74353.6
74354.212
74425.2
74425.4
74487.5
74925.3
75425.1
75575.4
75611.5
75746.6
75768.6
75769.212
75824.2
75824.4
75901.5
76324.3
76824.1
77491.4
77494.5
77500.4
77510.5
77517.4
77549.5
77772.6
77787.6
77788.212
77857.2
77857.4
77942.5
78357.3
78857.1
79610.4
79777.5
80021.6
80100.6
80101.212
80161.2
80161.4
80229.5
80511.4
80577.5
80661.3
81161.1
82450.4
82476.5
82800.6
82851.6
82852.212
82907.2
82907.4
82970.5
83407.3
83907.1
92195.6
92801.4
92949.5
101796.4
101917.5
105504.6
105505.212
105598.2
105598.4
105726.5
106098.3
106598.1
106860.4
107035.5
107145.4
107166.5
107349.6
107538.6
107539.212
107600.2
107600.4
107667.5
108100.3
108600.1
110179.6
110236.6
110237.212
110341.2
110341.4
110675.5
110841.3
110901.4
110977.5
111341.1
112300.4
112373.5
119307.6
119354.6
119355.212
119517.2
119517.4
119587.5
120017.3
120517.1
124081.4
124138.5
124464.4
124718.5
125035.4
125332.5
125483.6
125520.6
125521.212
125565.2
125565.4
125650.5
126065.3
126565.1
127149.4
127319.5
127447.6
127458.6
127459.212
127516.2
127516.4
127588.5
128016.3
128516.1
131560.6
131815.4
132027.5
133435.4
133536.5
133773.6
133774.212
133848.2
133848.4
134065.5
134348.3
134848.1
135278.6
136262.6
136263.212
147456.2
147456.4
147566.5
147956.3
148456.1
151741.6
152194.4
152469.5
152680.4
152685.5
152936.4
153256.5
153369.4
153499.5
153949.6
153950.212
158290.8
165517.2
165517.4
165684.5
166017.3
166517.1
167604.4
167609.5
172955.4
173137.5
175646.4
175648.5
175650.4
180000.9
123456789
9
01
15
9
01
15
1
FI
1
1
9
53
54
10
26
54
6
2
653
0
0
0
314159265
62
2
133
180000
314159265
0.1
102.4
113.5
186.6
215.6
216.212
267.2
267.4
320.5
734.4
767.3
843.5
1150.6
1261.6
1267.1
1432.6
1454.6
1455.212
1508.2
1508.4
1550.5
2008.3
2009.4
2169.5
2508.1
2719.6
2760.6
2761.212
2805.2
2805.4
2920.5
3305.3
3500.4
3656.5
3805.1
3884.6
3991.6
3992.212
4050.2
4050.4
4086.5
4550.3
4585.4
4815.5
5050.1
5125.6
5164.6
5165.212
5229.2
5229.4
5295.5
5729.3
6007.4
6100.5
6229.1
6330.6
6401.4
6432.5
6491.6
6492.212
6548.2
6548.4
6586.5
7048.3
7395.4
7426.5
7548.1
7629.6
7894.6
7895.212
7957.2
7957.4
8014.5
8457.3
8785.4
8869.5
8957.1
9045.6
9058.6
9059.212
9115.2
9115.4
9148.5
9615.3
9718.4
9818.5
10104.6
10115.1
10181.6
10193.6
10194.212
10254.2
10254.4
10299.5
10754.3
11224.4
11239.5
11254.1
11571.6
11591.6
11592.212
11630.6
11674.2
11674.4
11727.5
12174.3
12373.4
12428.5
12674.1
12778.6
12821.6
12822.212
12877.2
12877.4
12938.5
13377.3
13553.4
13626.5
13877.1
13905.6
14002.6
14003.212
14067.2
14067.4
14111.5
14567.3
15019.4
15067.1
15074.5
15278.6
15342.4
15470.5
15561.6
15562.212
15621.2
15621.4
15678.5
16121.3
16621.1
16863.6
16905.6
16906.212
16918.6
16969.2
16969.4
17015.5
17469.3
17966.4
17969.1
18210.5
18376.6
18455.6
18456.212
18510.2
18510.4
18574.5
19010.3
19510.1
20331.6
20367.6
20368.212
20420.2
20420.4
20477.5
20920.3
21420.1
22063.6
22093.6
22094.212
22148.2
22148.4
22250.5
22648.3
23148.1
23514.4
23540.5
23656.6
23688.6
23689.212
23740.2
23740.4
23811.5
24240.3
24740.1
25236.6
25309.6
25310.212
25362.2
25362.4
25433.5
25862.3
26362.1
26868.6
26923.6
26924.212
26981.2
26981.4
27041.5
27481.3
27981.1
28258.4
28276.5
28375.6
28411.6
28412.212
28461.2
28461.4
28507.5
28961.3
29461.1
29864.6
29897.6
29898.212
29951.2
29951.4
30008.5
30451.3
30951.1
31424.4
31438.5
31587.6
31639.6
31640.212
31681.6
31731.2
31731.4
31779.5
32231.3
32731.1
33480.6
33512.6
33513.212
33577.2
33577.4
33633.5
34077.3
34577.1
35554.4
35716.5
35907.6
36008.4
36279.5
36451.6
36452.212
36506.2
36506.4
36612.5
37006.3
37506.1
37842.4
37916.5
38261.4
38298.5
38537.6
38568.6
38569.212
38623.2
38623.4
38662.5
39123.3
39623.1
40300.6
40355.6
40356.212
40373.6
40416.2
40416.4
40478.5
40916.3
41416.1
42584.6
42612.6
42613.212
42674.2
42674.4
42769.5
43174.3
43674.1
44604.4
44756.5
44956.6
45000.6
45001.212
45073.2
45073.4
45126.5
45573.3
46073.1
46234.4
46342.5
46456.6
46489.6
46490.212
46545.2
46545.4
46619.5
47045.3
47545.1
47934.4
47963.5
48091.6
48127.6
48128.212
48176.2
48176.4
48253.5
48676.3
49176.1
49356.4
49695.5
49993.6
50030.6
50031.212
50088.2
50088.4
50149.5
50588.3
51088.1
51467.6
51496.6
51497.212
51556.2
51556.4
51626.5
52056.3
52556.1
53456.6
53511.6
53512.212
53577.2
53577.4
53644.5
54077.3
54577.1
54913.4
55191.5
55476.6
55507.6
55508.212
55556.2
55556.4
55639.5
56056.3
56556.1
57134.6
57234.6
57235.212
57286.2
57286.4
57343.5
57786.3
58286.1
59002.6
59031.6
59032.212
59092.2
59092.4
59255.5
59592.3
59643.4
59860.5
60092.1
60522.4
60788.5
61016.6
61048.6
61049.212
61102.2
61102.4
61151.5
61602.3
62102.1
62216.4
62482.5
62600.6
62637.6
62638.212
62689.2
62689.4
62745.5
63189.3
63689.1
63987.4
64012.5
64116.6
64149.6
64150.212
64208.2
64208.4
64273.5
64708.3
65157.4
65208.1
65411.5
65865.6
65914.6
65915.212
65981.2
65981.4
66042.5
66481.3
66981.1
67917.4
67976.5
68622.6
73835.4
73921.5
83401.4
83550.5
85400.4
85437.5
87553.8
87560.8
89968.4
90134.5
90334.4
90509.5
90958.4
91038.5
91390.6
91391.212
91473.2
91473.4
91537.5
91973.3
92473.1
92702.4
92762.5
93423.6
93535.4
93590.5
93662.6
93663.212
93718.2
93718.4
93794.5
94218.3
94718.1
95809.4
95828.5
95987.6
96043.6
96044.212
96101.2
96101.4
96175.5
96601.3
97101.1
100452.4
100614.5
100982.6
101134.6
101135.212
101205.2
101205.4
101299.5
101705.3
102205.1
102304.4
102354.5
102473.6
102509.6
102510.212
102562.2
102562.4
102627.5
103062.3
103562.1
104199.4
104224.5
104371.6
104400.6
104401.212
104453.2
104453.4
104508.5
104953.3
105453.1
105479.4
105847.5
106027.6
106060.6
106061.212
106109.2
106109.4
106180.5
106609.3
107109.1
107595.4
107613.5
107764.6
107797.6
107798.212
107845.2
107845.4
107914.5
108345.3
108845.1
109897.6
109932.6
109933.212
109985.2
109985.4
110026.5
110485.3
110985.1
111817.4
111966.5
112223.6
112308.4
112338.5
112399.6
112400.212
112455.2
112455.4
112538.5
112955.3
113455.1
113889.4
114017.5
114177.6
114206.6
114207.212
114282.2
114282.4
114328.5
114782.3
115282.1
115486.4
115536.5
116261.6
116482.6
116483.212
116569.2
116569.4
116750.5
117069.3
117569.1
128935.6
128953.6
128954.212
129055.2
129055.4
129185.5
129555.3
130055.1
131894.4
132193.5
132652.6
133157.6
133158.212
133244.2
133244.4
133259.5
133744.3
134244.1
135571.6
135687.6
135688.212
137562.2
137562.4
137639.5
137739.4
137797.5
138062.3
138562.1
143769.4
143867.5
143884.4
144040.5
144729.6
145332.6
145333.212
146922.2
146922.4
147422.3
147499.5
147922.1
148685.4
148771.5
150337.4
150401.5
151752.4
151829.5
152582.4
152853.5
153156.6
153258.6
153259.212
153319.2
153319.4
153391.5
153819.3
154203.4
154296.5
154319.1
154651.4
155012.5
155269.4
155461.5
155673.6
155755.4
156036.5
156145.6
156146.212
156206.2
156206.4
156288.5
156706.3
157206.1
157534.4
157639.5
157842.6
157882.6
157883.212
157943.2
157943.4
157999.5
158443.3
158677.4
158768.5
158943.1
159211.4
159520.5
159526.4
159533.5
159888.6
159942.6
159943.212
160003.2
160003.4
160085.5
160503.3
161003.1
162007.4
162308.5
164347.6
164590.4
164663.5
167337.4
167424.5
167529.6
167530.212
167599.2
167599.4
167858.5
168099.3
168599.1
178891.6
179390.6
180000.9
123456789
9
02
15
9
02
15
1
FI
1
1
9
51
32
10
24
32
6
2
642
0
0
0
314159265
63
0
123
180000
314159265
0.1
316.6
384.6
385.212
437.2
437.4
495.5
775.4
838.5
937.3
1071.6
1340.6
1421.6
1433.6
1437.1
1608.6
1661.6
1662.212
1713.2
1713.4
1772.5
2213.3
2235.4
2329.5
2573.6
2686.6
2713.1
2773.6
2847.6
2848.212
2908.2
2908.4
2987.5
3408.3
3541.4
3605.5
3908.1
3995.6
4271.6
4272.212
4326.2
4326.4
4409.5
4826.3
4880.4
5037.5
5326.1
5569.6
5605.6
5606.212
5651.2
5651.4
5693.5
6151.3
6232.4
6391.5
6560.6
6624.6
6651.1
6668.6
6820.6
6821.212
6877.2
6877.4
6907.5
7377.3
7628.4
7734.5
7877.1
8131.6
8161.6
8162.212
8221.2
8221.4
8273.5
8721.3
8974.4
9055.5
9221.1
9330.6
9374.6
9375.212
9434.2
9434.4
9496.5
9934.3
10401.4
10425.5
10434.1
10447.4
10490.5
10679.6
10749.6
10750.212
10805.2
10805.4
10847.5
11305.3
11578.4
11683.5
11805.1
11937.6
11966.6
11967.212
12028.2
12028.4
12075.5
12528.3
12763.4
12766.5
12768.4
12878.5
13028.1
13251.6
13270.6
13271.212
13324.2
13324.4
13356.5
13824.3
14068.4
14238.5
14324.1
14475.6
14592.6
14593.212
14640.6
14690.2
14690.4
14746.5
15190.3
15413.4
15655.5
15690.1
15805.6
15830.6
15831.212
15886.2
15886.4
15959.5
16386.3
16524.4
16616.5
16705.6
16789.6
16879.6
16886.1
16926.6
17074.6
17075.212
17128.2
17128.4
17193.5
17628.3
18011.4
18024.5
18128.1
18232.6
18345.6
18346.212
18407.2
18407.4
18438.5
18907.3
19062.4
19254.5
19407.1
19497.6
19538.6
19539.212
19602.2
19602.4
19641.5
20102.3
20586.4
20602.1
20613.5
20727.6
20902.4
20966.5
21040.6
21041.212
21093.2
21093.4
21147.5
21593.3
22093.1
22199.6
22236.6
22237.212
22294.2
22294.4
22343.5
22794.3
23202.4
23294.1
23585.5
23673.6
23731.6
23732.212
23783.2
23783.4
23854.5
24283.3
24740.4
24756.5
24773.4
24783.1
24810.5
24890.6
24925.6
24926.212
24978.2
24978.4
25039.5
25478.3
25873.4
25978.1
26175.5
26399.6
26421.6
26422.212
26488.2
26488.4
26528.5
26988.3
27488.1
27687.6
27780.6
27781.212
27835.2
27835.4
27906.5
28335.3
28835.1
29077.6
29164.6
29165.212
29218.2
29218.4
29284.5
29718.3
30218.1
30546.6
30601.6
30602.212
30664.2
30664.4
30738.5
31164.3
31664.1
31711.4
31801.5
32087.6
32128.6
32129.212
32174.2
32174.4
32218.5
32674.3
33174.1
33308.4
33503.5
33663.6
33692.6
33693.212
33746.2
33746.4
33819.5
34246.3
34746.1
35574.6
35596.6
35597.212
35650.2
35650.4
35718.5
36150.3
36650.1
36942.6
36977.6
36978.212
37031.2
37031.4
37076.5
37531.3
37932.4
38031.1
38138.5
38141.4
38142.5
38213.4
38415.5
38504.6
38527.6
38528.212
38578.2
38578.4
38654.5
39078.3
39578.1
40129.4
40244.5
40246.4
40420.5
40542.6
40575.6
40576.212
40584.6
40636.2
40636.4
40681.5
40684.4
40728.5
41136.3
41636.1
42379.6
42407.6
42408.212
42465.2
42465.4
42528.5
42965.3
43465.1
44041.6
44091.6
44092.212
44152.2
44152.4
44229.5
44652.3
45152.1
46243.6
46292.6
46293.212
46374.2
46374.4
46448.5
46874.3
47374.1
48355.4
48378.5
48540.6
48568.6
48569.212
48622.2
48622.4
48666.5
49122.3
49503.4
49528.5
49622.1
49697.6
49778.6
49779.212
49840.2
49840.4
49884.5
50340.3
50840.1
51727.6
51798.6
51799.212
51857.2
51857.4
51932.5
52357.3
52674.4
52677.5
52857.1
52865.6
52934.6
52935.212
53022.2
53022.4
53079.5
53522.3
54022.1
54932.4
54941.5
55067.6
55102.6
55103.212
55152.2
55152.4
55237.5
55652.3
56152.1
56652.6
56707.6
56708.212
56790.2
56790.4
56841.5
57290.3
57790.1
58423.4
58588.5
58692.6
58725.6
58726.212
58791.2
58791.4
58831.5
59291.3
59791.1
60775.6
61028.4
61094.5
63077.6
63078.212
63142.2
63142.4
63220.5
63642.3
63843.4
64024.5
64142.1
64182.6
64242.6
64243.212
64299.2
64299.4
64341.5
64799.3
65299.1
65597.6
65649.6
65650.212
65707.2
65707.4
65801.5
66207.3
66707.1
67093.6
67126.6
67127.212
67179.2
67179.4
67250.5
67679.3
68179.1
68180.4
68203.5
68295.6
68323.6
68324.212
68373.2
68373.4
68454.5
68873.3
69373.1
69657.6
69742.6
69743.212
69797.2
69797.4
69853.5
70132.4
70204.5
70297.3
70477.4
70797.1
70921.5
71014.6
71042.6
71043.212
71097.2
71097.4
71184.5
71597.3
72097.1
72113.4
72351.5
72453.6
72583.6
72584.212
72640.2
72640.4
72683.5
73140.3
73373.4
73632.5
73640.1
74026.6
74084.6
74085.212
74140.2
74140.4
74198.5
74640.3
75104.4
75140.1
75268.5
75350.6
75384.6
75385.212
75438.2
75438.4
75504.5
75938.3
76438.1
76844.6
76886.6
76887.212
76910.6
76946.6
77004.2
77004.4
77046.5
77504.3
78004.1
78505.6
78575.6
78576.212
78639.2
78639.4
78699.5
79139.3
79639.1
80812.4
80823.5
80994.6
81043.6
81044.212
81110.2
81110.4
81180.5
81610.3
82110.1
96340.4
96522.5
97031.6
97276.4
97661.5
97991.6
97992.212
98077.2
98077.4
98136.5
98577.3
99077.1
99783.4
99879.5
100103.6
100138.6
100139.212
100193.2
100193.4
100245.5
100693.3
101193.1
101592.4
101614.5
101711.6
101768.6
101769.212
101832.2
101832.4
101898.5
102332.3
102832.1
103563.4
103650.5
103883.4
103959.5
104090.6
104118.6
104119.212
104173.2
104173.4
104242.5
104673.3
105173.1
106940.6
106993.6
106994.212
107054.2
107054.4
107115.5
107554.3
108054.1
109683.6
109726.6
109727.212
109803.2
109803.4
109926.5
110303.3
110803.1
111603.4
111872.5
112006.6
112045.6
112046.212
112092.2
112092.4
112153.5
112592.3
113092.1
113631.6
113675.6
113676.212
113727.2
113727.4
113798.5
114031.4
114130.5
114227.3
114727.1
115805.4
115971.5
116583.6
116680.6
116681.212
116746.2
116746.4
116784.5
117246.3
117746.1
119130.4
119313.5
123962.6
136589.6
136590.212
136681.2
136681.4
136881.5
137181.3
137681.1
157323.4
157408.5
174536.4
174684.5
174693.4
174801.5
178529.4
178708.5
179057.4
180000.9
123456789
9
03
15
9
03
15
1
FI
1
1
9
53
40
10
26
40
6
2
746
0
0
0
314159265
69
0
152
180000
314159265
0.1
1.4
11.5
232.6
279.6
280.212
327.2
327.4
366.5
827.3
856.4
900.5
1327.1
1405.6
1566.6
1567.212
1614.2
1614.4
1661.5
2114.3
2608.6
2614.1
2839.6
2882.4
2916.5
2960.6
2961.212
3010.2
3010.4
3097.5
3510.3
3532.4
3641.5
3653.4
3781.5
4008.6
4010.1
4075.6
4135.6
4136.212
4184.2
4184.4
4219.5
4517.4
4614.5
4621.4
4684.3
4782.5
4949.6
5072.6
5184.1
5261.6
5288.6
5289.212
5314.6
5356.2
5356.4
5373.5
5389.4
5445.5
5856.3
5872.4
5933.5
6169.6
6203.6
6246.6
6291.6
6356.1
6688.6
6700.6
6701.212
6760.2
6760.4
6822.5
7260.3
7279.4
7324.5
7696.6
7760.1
7779.6
7817.6
7818.212
7864.2
7864.4
7910.5
8329.4
8364.3
8384.5
8729.6
8759.6
8849.6
8864.1
8944.6
9008.4
9021.5
9073.6
9074.212
9128.2
9128.4
9179.5
9628.3
9853.4
9890.5
10128.1
10204.6
10246.6
10247.212
10297.2
10297.4
10349.5
10797.3
10850.4
10891.5
11143.6
11158.6
11210.6
11283.6
11297.1
11331.6
11483.4
11506.5
11558.6
11559.212
11634.2
11634.4
11700.5
12134.3
12278.4
12310.5
12508.6
12634.1
12756.6
12776.6
12777.212
12810.6
12861.2
12861.4
12911.5
13361.3
13861.1
13989.6
14039.6
14040.212
14099.2
14099.4
14167.5
14599.3
15099.1
15435.6
15445.6
15446.212
15497.2
15497.4
15599.5
15997.3
16285.4
16497.1
16541.5
16625.6
16712.6
16713.212
16757.2
16757.4
16839.5
17257.3
17695.4
17726.5
17757.1
17903.6
17960.6
17961.212
17981.6
18022.2
18022.4
18073.5
18522.3
18995.4
19002.5
19022.1
19155.6
19177.6
19178.212
19233.2
19233.4
19288.5
19733.3
20095.4
20233.1
20263.5
20347.6
20388.6
20389.212
20450.2
20450.4
20511.5
20950.3
21450.1
21713.6
21746.6
21747.212
21804.2
21804.4
21807.5
21812.4
21864.5
22304.3
22718.4
22764.5
22804.1
22989.6
23082.6
23083.212
23139.2
23139.4
23220.5
23639.3
24077.4
24101.5
24139.1
24285.6
24319.6
24320.212
24370.2
24370.4
24417.5
24870.3
25370.1
25484.6
25497.6
25498.212
25548.2
25548.4
25622.5
26048.3
26408.4
26419.5
26548.1
26550.6
26623.6
26624.212
26673.2
26673.4
26749.5
27173.3
27607.4
27624.5
27673.1
27840.6
27869.6
27870.212
27924.2
27924.4
27995.5
28424.3
28924.1
29109.6
29148.6
29149.212
29205.2
29205.4
29281.5
29705.3
30205.1
30504.6
30535.6
30536.212
30588.2
30588.4
30652.5
31088.3
31588.1
31963.6
31993.6
31994.212
32059.2
32059.4
32111.5
32559.3
33032.4
33059.1
33112.5
33442.6
33492.6
33493.212
33540.2
33540.4
33586.5
34040.3
34540.1
34836.6
34915.6
34916.212
34976.2
34976.4
35054.5
35476.3
35976.1
36095.4
36288.5
36396.6
36419.6
36420.212
36467.2
36467.4
36551.5
36967.3
37214.4
37405.5
37467.1
37518.6
37705.6
37706.212
37769.2
37769.4
37809.5
38269.3
38769.1
39433.6
39453.6
39454.212
39504.2
39504.4
39562.5
40004.3
40504.1
40876.4
40959.5
41081.4
41235.5
41413.6
41459.6
41460.212
41510.2
41510.4
41582.5
42010.3
42510.1
43261.6
43291.6
43292.212
43344.2
43344.4
43416.5
43844.3
44344.1
45030.4
45100.5
45184.6
45211.6
45212.212
45258.2
45258.4
45329.5
45758.3
46258.1
46593.6
46657.6
46658.212
46717.2
46717.4
46757.5
47217.3
47717.1
48128.4
48141.5
48228.6
48267.6
48268.212
48317.2
48317.4
48376.5
48817.3
49317.1
49361.4
49542.5
49699.6
49752.6
49753.212
49781.6
49840.2
49840.4
49895.5
50340.3
50449.4
50487.5
50577.6
50636.6
50696.6
50773.6
50798.6
50840.1
50939.6
51015.4
51027.5
51084.6
51085.212
51146.2
51146.4
51209.5
51646.3
52146.1
52754.6
52779.6
52780.212
52834.2
52834.4
52878.5
53334.3
53834.1
55201.6
55328.6
55329.212
55380.2
55380.4
55462.5
55880.3
56380.1
60554.6
60678.6
60679.212
60740.2
60740.4
60793.5
61240.3
61740.1
62658.4
62713.5
62861.6
62892.6
62893.212
62938.2
62938.4
62983.5
63438.3
63938.1
64730.4
64767.5
64911.6
64966.6
64967.212
65017.2
65017.4
65073.5
65517.3
66017.1
66816.6
66883.6
66884.212
66941.2
66941.4
67020.5
67441.3
67941.1
68867.6
68911.6
68912.212
68969.2
68969.4
69033.5
69469.3
69969.1
71492.6
71555.6
71556.212
71618.2
71618.4
71746.5
71905.4
71968.5
72118.3
72618.1
73287.4
73331.5
73867.6
73929.4
73980.5
74049.6
74050.212
74102.2
74102.4
74157.5
74602.3
75102.1
75330.4
75404.5
75997.6
76072.6
76073.212
76115.2
76115.4
76155.5
76615.3
77115.1
77770.6
77833.4
77863.5
77878.4
77897.5
77976.6
77977.212
78029.2
78029.4
78080.5
78529.3
79029.1
79693.4
79957.5
80125.6
80158.6
80159.212
80210.2
80210.4
80364.5
80367.4
80465.5
80710.3
81210.1
82481.4
82524.5
82653.6
82723.6
82724.212
82784.2
82784.4
82872.5
83284.3
83784.1
84284.4
84340.5
84611.6
84703.6
84704.212
84761.2
84761.4
84858.5
85261.3
85761.1
86826.4
86848.5
86973.6
87005.6
87006.212
87058.2
87058.4
87118.5
87558.3
88058.1
88757.6
88785.6
88786.212
88838.2
88838.4
88942.5
89338.3
89838.1
90360.6
90386.6
90387.212
90437.2
90437.4
90477.5
90937.3
91437.1
92220.6
92259.6
92260.212
92311.2
92311.4
92347.5
92811.3
93311.1
93929.4
93961.5
94231.6
94352.6
94353.212
94416.2
94416.4
94467.5
94916.3
95416.1
95809.4
95837.5
95987.6
96013.6
96014.212
96071.2
96071.4
96135.5
96571.3
97071.1
104026.4
104487.5
106774.4
106909.5
109138.6
109342.4
109585.5
110452.4
111190.5
117758.6
117759.212
117843.2
117843.4
117959.5
118343.3
118483.4
118585.5
118843.1
119728.4
120140.5
120297.4
120314.5
120320.4
120323.5
120325.4
120354.5
120408.4
120422.5
121445.4
121637.5
127026.4
127807.5
127938.4
127969.5
127977.4
128016.5
128243.6
128269.6
128270.212
128331.2
128331.4
128456.5
128476.4
128624.5
128831.3
129331.1
132022.6
132174.4
132313.5
138804.6
138805.212
140306.2
140306.4
140333.5
140453.4
140704.5
140806.3
141306.1
144280.4
144478.5
144645.6
144922.6
144923.212
145097.2
145097.4
145222.5
145572.4
145597.3
145722.5
146097.1
147142.6
147435.4
147676.5
147677.4
147679.5
149172.4
149297.5
151475.6
151476.212
151556.2
151556.4
151764.5
151992.4
152056.3
152476.5
152556.1
153073.4
153133.5
153312.6
153320.6
153321.212
153436.2
153436.4
153545.5
153936.3
154436.1
154666.4
154871.5
154998.6
155047.6
155048.212
155111.2
155111.4
155244.5
155611.3
156111.1
156991.4
156993.5
156995.4
157221.5
157380.6
157430.6
157431.212
157511.2
157511.4
157592.5
158011.3
158511.1
159230.4
159368.5
159713.6
159777.6
159778.212
159869.2
159869.4
159987.5
160369.3
160869.1
162957.6
163442.6
163443.212
163620.2
163620.4
163622.5
163626.4
163812.5
164120.3
164620.1
168364.6
168557.4
168571.5
168818.4
169021.5
172967.4
173099.5
176771.6
176772.212
176898.2
176898.4
177089.5
177398.3
177898.1
180000.9
123456789
9
04
15
9
04
15
1
FI
1
1
9
51
30
10
24
30
6
2
819
0
0
0
314159265
85
0
148
180000
314159265
0.1
404.6
438.6
439.212
479.2
479.4
546.5
979.3
1004.4
1031.5
1479.1
1582.6
1697.6
1698.212
1743.2
1743.4
1786.5
2243.3
2244.4
2317.5
2743.1
2893.6
2897.6
2898.212
2903.6
2957.2
2957.4
3021.5
3457.3
3949.6
3957.1
4312.6
4390.6
4391.212
4454.2
4454.4
4507.5
4954.3
5051.4
5080.5
5454.1
5572.6
5622.6
5623.212
5686.2
5686.4
5760.5
6186.3
6369.4
6418.5
6686.1
6811.6
6840.6
6841.212
6866.6
6912.2
6912.4
6967.5
7412.3
7912.1
8113.6
8131.6
8132.212
8193.2
8193.4
8267.5
8693.3
9193.1
9398.6
9447.6
9448.212
9509.2
9509.4
9569.5
10009.3
10194.4
10233.5
10509.1
10614.6
10693.6
10694.212
10756.2
10756.4
10818.5
11256.3
11411.4
11448.5
11756.1
11859.6
11905.6
11906.212
11965.2
11965.4
12029.5
12465.3
12965.1
13131.6
13230.6
13231.212
13281.2
13281.4
13328.5
13781.3
14118.4
14214.5
14281.1
14456.6
14484.6
14485.212
14550.2
14550.4
14595.5
15050.3
15520.4
15546.5
15550.1
15649.6
15736.6
15737.212
15794.2
15794.4
15857.5
16294.3
16794.1
16935.6
17036.6
17037.212
17106.2
17106.4
17153.5
17606.3
18106.1
18327.6
18385.6
18386.212
18429.2
18429.4
18488.5
18929.3
19429.1
19695.4
19710.5
19724.4
19800.5
19986.6
20005.6
20006.212
20057.2
20057.4
20143.5
20557.3
21057.1
21307.6
21373.6
21374.212
21416.2
21416.4
21484.5
21916.3
22416.1
22506.4
22629.5
22762.6
22797.6
22798.212
22858.2
22858.4
22943.5
23358.3
23858.1
24051.6
24081.6
24082.212
24135.2
24135.4
24176.5
24635.3
25135.1
25238.4
25250.5
25406.6
25498.6
25499.212
25555.2
25555.4
25638.5
26055.3
26555.1
26871.6
26921.6
26922.212
26977.2
26977.4
27050.5
27477.3
27977.1
28147.6
28189.6
28190.212
28237.2
28237.4
28360.5
28737.3
29237.1
29428.6
29488.6
29489.212
29549.2
29549.4
29586.5
30049.3
30230.4
30271.5
30431.6
30527.6
30549.1
30621.6
30675.6
30676.212
30737.2
30737.4
30780.5
31237.3
31691.4
31708.5
31737.1
31845.6
31874.6
31875.212
31933.2
31933.4
31968.5
32433.3
32933.1
33238.6
33295.6
33296.212
33353.2
33353.4
33407.5
33853.3
34153.4
34169.5
34353.1
34578.6
34632.4
34672.5
34737.6
34738.212
34790.2
34790.4
34841.5
35290.3
35790.1
35796.6
35829.6
35830.212
35874.6
35917.2
35917.4
35964.5
36417.3
36917.1
37024.6
37056.6
37057.212
37109.2
37109.4
37194.5
37609.3
38109.1
38367.6
38398.6
38399.212
38426.6
38468.2
38468.4
38528.5
38968.3
39468.1
39776.6
39804.6
39805.212
39865.2
39865.4
39969.5
40365.3
40865.1
41230.4
41232.5
41552.6
41619.6
41620.212
41654.6
41697.2
41697.4
41745.5
42197.3
42643.4
42697.1
42784.5
42881.6
42916.6
42917.212
42974.2
42974.4
43036.5
43474.3
43929.4
43974.1
43994.5
43996.4
44001.5
44104.6
44130.6
44131.212
44154.6
44196.2
44196.4
44237.5
44696.3
45196.1
45505.6
45531.6
45532.212
45582.2
45582.4
45655.5
46082.3
46582.1
46621.4
46778.5
46925.6
46950.6
46951.212
47005.2
47005.4
47065.5
47505.3
48005.1
48269.6
48295.6
48296.212
48338.2
48338.4
48375.5
48838.3
49338.1
49753.6
49787.6
49788.212
49834.2
49834.4
49840.5
49841.4
49920.5
50334.3
50834.1
51012.4
51031.5
51125.6
51149.6
51150.212
51200.2
51200.4
51250.5
51700.3
52186.4
52200.1
52219.5
52328.6
52354.6
52355.212
52420.2
52420.4
52474.5
52920.3
53420.1
53582.6
53608.6
53609.212
53664.2
53664.4
53751.5
54164.3
54664.1
54723.4
54883.5
54981.6
55018.6
55019.212
55083.2
55083.4
55134.5
55583.3
56083.1
56191.4
56198.5
56370.6
56406.6
56407.212
56456.2
56456.4
56499.5
56956.3
57456.1
57574.4
57604.5
57711.6
57738.6
57739.212
57790.2
57790.4
57833.5
58290.3
58790.1
59162.6
59211.6
59212.212
59264.2
59264.4
59332.5
59764.3
60264.1
60662.6
60703.6
60704.212
60751.2
60751.4
60850.5
61251.3
61751.1
62510.6
62555.6
62556.212
62616.2
62616.4
62662.5
63116.3
63616.1
63873.4
63927.5
64060.6
64165.6
64166.212
64220.2
64220.4
64285.5
64720.3
65171.4
65220.1
65256.5
65358.6
65432.6
65433.212
65483.2
65483.4
65544.5
65983.3
66483.1
67322.6
67350.6
67351.212
67411.2
67411.4
67476.5
67911.3
68411.1
69834.6
69894.6
69895.212
69951.2
69951.4
70051.5
70451.3
70951.1
71115.4
71172.5
71261.6
71298.6
71299.212
71353.2
71353.4
71419.5
71853.3
72353.1
72867.4
72882.5
73081.6
73169.6
73170.212
73236.2
73236.4
73285.5
73736.3
74236.1
74251.4
74267.5
74469.6
74532.6
74533.212
74603.2
74603.4
74672.5
75103.3
75603.1
76349.6
76384.6
76385.212
76440.2
76440.4
76481.5
76940.3
77440.1
77715.4
77909.5
78062.6
78132.6
78133.212
78191.2
78191.4
78269.5
78691.3
79191.1
79855.4
79892.5
80168.6
80218.6
80219.212
80274.2
80274.4
80335.5
80774.3
81274.1
81918.4
81978.5
82191.6
82247.6
82248.212
82315.2
82315.4
82415.5
82815.3
83315.1
83563.4
83748.5
83864.6
83873.6
83874.212
83888.6
83937.2
83937.4
83978.5
84437.3
84937.1
85197.4
85213.5
85397.6
85424.6
85425.212
85480.2
85480.4
85560.5
85980.3
86110.4
86218.5
86480.1
86628.6
86680.6
86681.212
86733.2
86733.4
86779.5
87233.3
87733.1
87984.4
87996.5
88101.6
88138.6
88139.212
88193.2
88193.4
88320.5
88693.3
89193.1
89744.4
89777.5
89915.6
89943.6
89944.212
89996.2
89996.4
90040.5
90496.3
90996.1
91457.6
91496.6
91497.212
91565.2
91565.4
91645.5
92065.3
92565.1
93105.4
93147.5
93149.4
93215.5
93362.6
93418.6
93419.212
93483.2
93483.4
93488.5
93490.4
93554.5
93983.3
94483.1
96863.4
96945.5
96976.4
97028.5
97029.4
97032.5
97034.4
97039.5
97179.6
97243.6
97244.212
97325.2
97325.4
97408.5
97825.3
98325.1
99560.4
99655.5
99802.6
99833.6
99834.212
99897.2
99897.4
99974.5
100397.3
100897.1
101401.4
101424.5
101535.6
101649.6
101650.212
101704.2
101704.4
101779.5
102204.3
102704.1
103153.6
103187.6
103188.212
103242.2
103242.4
103311.5
103742.3
104242.1
104735.6
104763.6
104764.212
104816.2
104816.4
104968.5
105316.3
105816.1
106517.6
106556.6
106557.212
106615.2
106615.4
106653.5
107115.3
107615.1
108212.4
108228.5
108237.4
108243.5
108249.4
108255.5
108267.4
108269.5
108271.4
108286.5
108450.6
108490.6
108491.212
108542.2
108542.4
108621.5
109042.3
109542.1
110761.6
110795.6
110796.212
110851.2
110851.4
110918.5
111351.3
111851.1
112658.6
112693.6
112694.212
112738.2
112738.4
112793.5
113238.3
113738.1
113971.4
113999.5
115279.6
115333.6
115334.212
115396.2
115396.4
115486.5
115896.3
116396.1
117518.4
117566.5
117675.6
117686.6
117687.212
117753.2
117753.4
117811.5
118253.3
118753.1
119533.6
119560.6
119561.212
119609.2
119609.4
119679.5
120109.3
120609.1
121002.4
121040.5
121166.6
121195.6
121196.212
121256.2
121256.4
121333.5
121756.3
122256.1
123135.6
123164.6
123165.212
123260.2
123260.4
123368.5
123760.3
124260.1
125066.4
125088.5
125138.6
125206.6
125207.212
125260.2
125260.4
125346.5
125760.3
126260.1
126835.6
126891.6
126892.212
126944.2
126944.4
127002.5
127444.3
127944.1
133882.6
134214.6
134215.212
134299.2
134299.4
134398.5
134799.3
135299.1
139727.6
155419.6
155420.212
155543.2
155543.4
155628.5
156043.3
156543.1
158901.4
159021.5
159070.4
159601.5
159615.4
159623.5
159988.6
160494.6
160495.212
160586.2
160586.4
160654.5
161086.3
161586.1
162973.4
163062.5
173408.6
173437.6
173438.212
173539.2
173539.4
173672.5
174039.3
174151.4
174222.5
180000.9
123456789
9
05
15
9
05
15
1
FI
1
1
9
50
00
10
23
00
6
2
928
0
0
0
314159265
91
2
175
180000
314159265
0.1
1.4
40.5
312.6
349.6
350.212
396.2
396.4
436.5
884.4
896.3
977.5
1226.6
1279.6
1396.1
1427.6
1481.6
1482.212
1536.2
1536.4
1587.5
2036.3
2121.4
2167.5
2430.6
2536.1
2698.6
2758.6
2759.212
2805.2
2805.4
2844.5
3271.4
3305.3
3352.5
3564.6
3616.6
3677.6
3805.1
3922.6
3963.4
4058.5
4084.4
4111.5
4168.6
4169.212
4216.6
4257.2
4257.4
4319.5
4715.4
4757.3
4768.5
4934.6
5064.6
5113.6
5166.6
5207.6
5257.1
5392.6
5445.6
5446.212
5490.2
5490.4
5549.5
5990.3
6490.1
6698.6
6800.6
6801.212
6847.2
6847.4
6896.5
7347.3
7520.4
7543.5
7847.1
7921.6
7968.6
7969.212
8020.2
8020.4
8058.5
8520.3
8637.4
8773.5
9020.1
9062.6
9083.6
9084.212
9132.2
9132.4
9211.5
9632.3
9981.4
10069.5
10132.1
10287.6
10327.6
10328.212
10382.2
10382.4
10417.5
10882.3
11382.1
11690.6
11727.6
11728.212
11734.6
11784.2
11784.4
11833.5
12284.3
12784.1
13065.6
13114.6
13115.212
13171.2
13171.4
13238.5
13671.3
14171.1
14255.4
14282.5
14370.6
14430.6
14431.212
14484.2
14484.4
14534.5
14984.3
15468.4
15484.1
15619.5
15744.6
15793.4
15831.5
15880.6
15881.212
15920.6
15930.6
15975.2
15975.4
16024.5
16475.3
16778.4
16817.5
16818.4
16820.5
16975.1
17296.6
17332.6
17333.212
17352.6
17391.2
17391.4
17451.5
17891.3
18274.4
18332.5
18391.1
18566.6
18680.6
18681.212
18710.6
18750.2
18750.4
18814.5
19250.3
19518.4
19657.5
19750.1
20077.6
20203.6
20204.212
20255.2
20255.4
20309.5
20755.3
21255.1
21420.6
21442.6
21443.212
21496.2
21496.4
21586.5
21996.3
22496.1
22677.4
22706.5
22797.6
22825.6
22826.212
22884.2
22884.4
22934.5
23384.3
23884.1
24015.4
24027.5
24194.6
24338.6
24339.212
24390.2
24390.4
24468.5
24890.3
25287.4
25390.1
25421.5
25466.4
25506.5
25662.6
25691.6
25692.212
25736.2
25736.4
25791.5
26236.3
26590.4
26736.1
26855.5
27151.6
27169.6
27170.212
27208.2
27208.4
27268.5
27708.3
28121.4
28173.5
28208.1
28388.6
28438.6
28439.212
28499.2
28499.4
28541.5
28999.3
29499.1
29645.4
29743.5
29845.6
29862.6
29863.212
29913.2
29913.4
30012.5
30413.3
30913.1
31377.4
31382.5
31387.4
31394.5
31396.4
31403.5
31542.6
31556.6
31557.212
31603.2
31603.4
31666.5
32023.4
32075.5
32103.3
32337.4
32364.5
32603.1
32951.6
33014.4
33039.5
33083.6
33084.212
33139.2
33139.4
33187.5
33639.3
33665.4
33717.5
34082.6
34139.1
34139.6
34240.6
34311.4
34359.5
34373.4
34376.5
34448.6
34449.212
34508.2
34508.4
34566.5
35008.3
35508.1
35885.6
35923.6
35924.212
35969.2
35969.4
36027.5
36469.3
36969.1
37199.6
37241.6
37242.212
37302.2
37302.4
37341.5
37802.3
38302.1
38322.4
38394.5
38593.4
38804.5
38895.6
38923.6
38924.212
38975.2
38975.4
39016.5
39475.3
39975.1
40014.4
40144.5
40318.6
40351.6
40352.212
40403.2
40403.4
40453.5
40903.3
41403.1
41647.4
41899.5
41996.6
42023.6
42024.212
42081.2
42081.4
42143.5
42581.3
43081.1
43685.4
43693.5
43799.6
43826.6
43827.212
43871.2
43871.4
43942.5
44371.3
44871.1
45868.6
45957.4
45978.5
46037.6
46038.212
46095.2
46095.4
46152.5
46450.4
46595.3
46629.5
46829.6
46877.6
46901.6
46922.6
46946.6
47037.6
47079.6
47095.1
47106.6
47153.6
47154.212
47212.2
47212.4
47277.5
47712.3
48212.1
48346.6
48387.6
48388.212
48431.2
48431.4
48495.5
48931.3
49431.1
49922.6
49955.6
49956.212
50000.2
50000.4
50070.5
50500.3
51000.1
51473.6
51506.6
51507.212
51550.2
51550.4
51625.5
52050.3
52520.4
52533.5
52550.1
52639.6
52704.6
52705.212
52756.2
52756.4
52843.5
53256.3
53756.1
53909.4
53914.5
54094.6
54121.6
54122.212
54167.2
54167.4
54235.5
54667.3
55167.1
55650.6
55682.6
55683.212
55740.2
55740.4
55786.5
56240.3
56740.1
57109.6
57171.6
57172.212
57234.2
57234.4
57287.5
57734.3
58234.1
58866.4
58870.5
58871.4
58911.5
59063.6
59095.6
59096.212
59152.2
59152.4
59257.5
59652.3
60152.1
61092.6
61126.6
61127.212
61186.2
61186.4
61255.5
61686.3
62186.1
62317.6
62353.6
62354.212
62405.2
62405.4
62466.5
62905.3
63405.1
63889.6
63944.6
63945.212
63994.2
63994.4
64058.5
64494.3
64994.1
65723.6
65758.6
65759.212
65813.2
65813.4
65856.5
66313.3
66813.1
67985.6
68016.6
68017.212
68061.2
68061.4
68134.5
68561.3
69061.1
71864.4
71982.5
72171.6
72207.6
72208.212
72258.2
72258.4
72317.5
72758.3
73258.1
74051.6
74073.6
74074.212
74119.2
74119.4
74167.5
74619.3
75119.1
75794.6
75833.6
75834.212
75882.2
75882.4
75936.5
76382.3
76882.1
77241.6
77248.6
77249.212
77309.2
77309.4
77348.5
77809.3
78309.1
78475.4
78486.5
78605.6
78632.6
78633.212
78692.2
78692.4
78746.5
79192.3
79692.1
80477.6
80652.6
80653.212
80700.2
80700.4
80748.5
81200.3
81700.1
81846.4
81881.5
82005.6
82044.6
82045.212
82096.2
82096.4
82155.5
82596.3
82897.4
83096.1
83186.5
83425.4
83520.5
83522.4
83528.5
83630.6
83668.6
83669.212
83723.2
83723.4
83808.5
84223.3
84723.1
85145.4
85381.5
85481.6
85515.6
85516.212
85569.2
85569.4
85623.5
86069.3
86569.1
86978.6
87022.6
87023.212
87084.2
87084.4
87122.5
87584.3
88084.1
88468.4
88494.5
88639.6
88677.6
88678.212
88727.2
88727.4
88794.5
89227.3
89727.1
89994.4
90081.5
90251.6
90298.6
90299.212
90353.2
90353.4
90423.5
90853.3
91353.1
91542.4
91610.5
91699.6
91751.6
91752.212
91806.2
91806.4
91885.5
92306.3
92806.1
93300.6
93339.6
93340.212
93400.2
93400.4
93467.5
93900.3
94400.1
95006.6
95056.6
95057.212
95106.2
95106.4
95167.5
95606.3
96106.1
96335.4
96371.5
96482.6
96521.6
96522.212
96583.2
96583.4
96657.5
97083.3
97583.1
98067.6
98114.6
98115.212
98171.2
98171.4
98242.5
98671.3
99171.1
99561.6
99671.6
99672.212
99720.2
99720.4
99794.5
100220.3
100720.1
100917.4
100946.5
101081.6
101111.6
101112.212
101161.2
101161.4
101212.5
101661.3
102161.1
102497.6
102522.6
102523.212
102593.2
102593.4
102634.5
103093.3
103528.4
103593.1
103671.5
103775.6
103843.6
103844.212
103896.2
103896.4
103941.5
104396.3
104896.1
105033.6
105083.6
105084.212
105143.2
105143.4
105193.5
105643.3
106143.1
106451.6
106532.4
106549.5
106636.6
106637.212
106693.2
106693.4
106742.5
107193.3
107693.1
108342.6
108405.6
108406.212
108471.2
108471.4
108538.5
108971.3
109471.1
109914.6
109939.6
109940.212
110000.2
110000.4
110064.5
110500.3
111000.1
112128.6
112167.6
112168.212
112228.2
112228.4
112307.5
112728.3
113228.1
113924.4
113975.5
114084.6
114122.6
114123.212
114176.2
114176.4
114241.5
114676.3
115176.1
116244.6
116361.6
116362.212
116430.2
116430.4
116494.5
116930.3
117430.1
118368.4
118382.5
118536.6
118574.6
118575.212
118624.2
118624.4
118705.5
119124.3
119624.1
121095.4
121149.5
121357.6
121387.6
121388.212
121442.2
121442.4
121516.5
121942.3
122402.4
122442.1
122575.5
122828.6
122934.6
122935.212
122993.2
122993.4
123056.5
123493.3
123993.1
124373.4
124490.5
124810.6
124839.6
124840.212
124882.2
124882.4
124976.5
125382.3
125882.1
126249.4
126504.5
126675.6
126735.6
126736.212
126785.2
126785.4
126847.5
127285.3
127785.1
127963.4
128405.5
128559.6
128594.6
128595.212
128652.2
128652.4
128694.5
129152.3
129652.1
130824.6
131084.4
131143.5
140047.8
140052.8
141822.6
141823.212
141926.2
141926.4
142014.5
142426.3
142926.1
143954.4
144066.5
144268.6
144315.6
144316.212
144367.2
144367.4
144445.5
144867.3
145367.1
146109.4
146145.5
146148.4
146156.5
146350.6
146393.6
146394.212
146451.2
146451.4
146569.5
146951.3
147451.1
149302.4
149365.5
154602.4
154648.5
158122.4
158358.5
159260.6
159438.4
159602.5
159914.6
159915.212
160054.6
160141.2
160141.4
160214.5
160641.3
161141.1
161924.4
161974.5
162134.6
162194.6
162195.212
162245.2
162245.4
162284.5
162745.3
163245.1
164990.6
165072.4
165134.5
165211.6
165212.212
165270.2
165270.4
165312.5
165770.3
166270.1
166564.4
166726.5
166832.6
166871.6
166872.212
166920.2
166920.4
166988.5
167420.3
167920.1
168107.4
168173.5
168866.4
168878.5
169086.6
169114.6
169115.212
169168.2
169168.4
169209.5
169668.3
170168.1
170775.4
170925.5
171148.6
171170.6
171171.212
171221.2
171221.4
171285.5
171721.3
172221.1
173886.6
173900.6
173901.212
173981.2
173981.4
174056.5
174481.3
174981.1
175619.4
175837.5
175846.4
175868.5
175979.4
176195.5
177470.4
177606.5
177805.4
180000.9
123456789
9
06
15
9
06
15
1
FI
1
1
9
52
20
10
25
20
6
2
614
0
0
0
314159265
61
0
121
180000
314159265
0.1
206.6
254.4
286.5
302.4
367.5
420.6
421.212
462.2
462.4
545.5
962.3
1462.1
1651.6
1712.6
1713.212
1758.2
1758.4
1816.5
2258.3
2600.4
2611.5
2619.4
2659.5
2758.1
3127.6
3168.6
3169.212
3215.2
3215.4
3262.5
3460.4
3573.5
3715.3
4215.1
4595.4
4677.5
5054.6
5110.6
5111.212
5174.2
5174.4
5254.5
5674.3
6174.1
6304.4
6320.5
6416.6
6458.6
6459.212
6516.2
6516.4
6601.5
7016.3
7516.1
7800.6
7919.6
7920.212
7968.2
7968.4
8039.5
8468.3
8834.4
8965.5
8968.1
9129.6
9162.6
9163.212
9220.2
9220.4
9258.5
9720.3
10220.1
10494.6
10520.6
10521.212
10548.6
10623.2
10623.4
10688.5
11123.3
11623.1
11741.4
11779.5
11961.6
12007.6
12008.212
12061.2
12061.4
12102.5
12561.3
12848.4
12998.5
13061.1
13196.6
13272.6
13273.212
13328.2
13328.4
13362.5
13828.3
14291.4
14292.5
14297.4
14322.5
14328.1
14527.6
14561.6
14562.212
14616.2
14616.4
14666.5
15116.3
15510.4
15555.5
15616.1
15761.6
15803.6
15804.212
15852.2
15852.4
15896.5
16352.3
16852.1
16966.4
16990.5
17077.6
17117.6
17118.212
17160.2
17160.4
17211.5
17660.3
18160.1
18296.4
18334.5
18463.6
18491.6
18492.212
18544.2
18544.4
18669.5
19044.3
19544.1
19922.6
19963.6
19964.212
20015.2
20015.4
20059.5
20515.3
21015.1
21142.4
21187.5
21320.6
21346.6
21347.212
21402.2
21402.4
21474.5
21902.3
22402.1
22699.6
22724.6
22725.212
22754.6
22796.2
22796.4
22815.5
22817.4
22867.5
23296.3
23796.1
24029.6
24054.6
24055.212
24121.2
24121.4
24185.5
24621.3
25121.1
25427.6
25458.6
25459.212
25513.2
25513.4
25585.5
26013.3
26482.4
26513.1
26741.5
27033.6
27074.6
27075.212
27118.2
27118.4
27204.5
27618.3
28118.1
28392.6
28420.6
28421.212
28486.2
28486.4
28543.5
28986.3
29486.1
29534.4
29561.5
29669.6
29702.6
29703.212
29750.2
29750.4
29819.5
30250.3
30750.1
30863.4
30941.5
31113.4
31360.5
31504.6
31553.6
31554.212
31605.2
31605.4
31659.5
32105.3
32605.1
32728.6
32763.6
32764.212
32813.2
32813.4
32891.5
33313.3
33813.1
34619.6
34649.6
34650.212
34708.2
34708.4
34768.5
35208.3
35708.1
35964.4
35970.5
35974.4
36243.5
36336.6
36379.6
36380.212
36431.2
36431.4
36616.5
36931.3
37431.1
37776.4
37806.5
37953.6
37985.6
37986.212
38036.2
38036.4
38124.5
38536.3
39036.1
39461.4
40112.5
40134.4
40203.5
40619.6
40652.6
40653.212
40711.2
40711.4
40769.5
41211.3
41711.1
42736.6
42763.6
42764.212
42817.2
42817.4
42868.5
43317.3
43817.1
44861.6
44881.6
44882.212
44929.2
44929.4
44999.5
45429.3
45929.1
47152.4
47659.5
48438.6
48586.4
48617.5
48728.6
48729.212
48780.2
48780.4
48838.5
49280.3
49780.1
50602.6
50630.6
50631.212
50686.2
50686.4
50727.5
51186.3
51686.1
52219.6
52238.6
52239.212
52299.2
52299.4
52350.5
52799.3
53299.1
54787.6
54832.6
54833.212
54898.2
54898.4
54978.5
55398.3
55898.1
59042.6
59164.6
59165.212
59218.2
59218.4
59292.5
59718.3
60218.1
60239.4
60459.5
60588.6
60700.6
60701.212
60755.2
60755.4
60821.5
61255.3
61755.1
62433.6
62466.6
62467.212
62520.2
62520.4
62581.5
63020.3
63520.1
63966.4
64514.5
64879.6
64910.6
64911.212
64957.2
64957.4
65025.5
65457.3
65957.1
66874.6
66901.6
66902.212
66920.6
66977.2
66977.4
67041.5
67477.3
67977.1
68743.4
69187.5
69389.6
69416.6
69417.212
69467.2
69467.4
69534.5
69967.3
70467.1
71138.4
71159.5
71269.6
71354.6
71355.212
71407.2
71407.4
71481.5
71907.3
72407.1
73256.6
73300.6
73301.212
73358.2
73358.4
73431.5
73858.3
74358.1
75232.6
75305.6
75306.212
75367.2
75367.4
75471.5
75867.3
76367.1
76606.4
76723.5
76863.6
76960.6
76961.212
77013.2
77013.4
77083.5
77513.3
78013.1
78142.4
78402.5
78409.4
78421.5
78557.6
78602.6
78603.212
78648.2
78648.4
78719.5
79148.3
79648.1
80117.4
80480.5
81062.6
81120.6
81121.212
81183.2
81183.4
81233.5
81683.3
82183.1
82726.4
82740.5
82910.6
82935.6
82936.212
82987.2
82987.4
83056.5
83487.3
83987.1
89935.4
90799.5
91165.6
91217.6
91218.212
91274.2
91274.4
91354.5
91774.3
92274.1
93397.4
93799.5
93971.6
94004.6
94005.212
94050.2
94050.4
94165.5
94550.3
95050.1
95582.4
95649.5
95764.6
95801.6
95802.212
95846.2
95846.4
95893.5
96346.3
96846.1
97956.6
97984.6
97985.212
98044.2
98044.4
98111.5
98544.3
99044.1
101306.6
101418.6
101419.212
101482.2
101482.4
101566.5
101982.3
102482.1
109255.4
109442.5
116296.6
116578.6
116579.212
116687.2
116687.4
116996.5
117187.3
117687.1
121580.6
125362.6
125363.212
132387.2
132387.4
132470.5
132887.3
133387.1
139242.4
139608.5
143054.4
143241.5
144000.6
144237.6
144238.212
144302.2
144302.4
144423.5
144802.3
145302.1
145898.6
145954.6
145955.212
146019.2
146019.4
146206.5
146519.3
147019.1
147336.4
147425.5
149025.4
149099.5
150494.4
150660.5
152174.4
152323.5
155186.4
155267.5
158377.4
158660.5
162955.4
163165.5
166991.4
166993.5
166999.4
167239.5
167708.4
168075.5
168234.4
168301.5
169330.6
169566.4
169672.5
169866.4
169926.5
170087.6
170088.212
170103.6
170175.2
170175.4
170367.5
170675.3
170885.4
171175.1
171312.5
171503.6
171536.6
171537.212
171583.2
171583.4
171689.5
172083.3
172583.1
173695.4
174016.5
174491.6
174541.6
174542.212
174595.2
174595.4
174705.5
175095.3
175595.1
176133.4
176178.5
176271.6
176296.6
176297.212
176344.2
176344.4
176422.5
176844.3
177344.1
178381.6
178429.6
178430.212
178485.2
178485.4
178548.5
178985.3
179485.1
180000.9
123456789
9
07
15
9
07
15
1
FI
1
1
9
51
00
10
24
00
6
2
796
0
0
0
314159265
82
2
147
180000
314159265
0.1
216.6
261.6
262.212
307.2
307.4
393.5
807.3
881.4
916.5
1307.1
1364.6
1400.6
1401.212
1441.2
1441.4
1490.5
1843.4
1931.5
1941.3
2441.1
2621.6
2667.6
2668.212
2722.2
2722.4
2786.5
3222.3
3322.4
3343.5
3722.1
3885.6
3934.6
3935.212
3992.2
3992.4
4039.5
4492.3
4681.4
4730.5
4992.1
5176.6
5229.6
5230.212
5290.2
5290.4
5343.5
5790.3
5830.4
5869.5
6290.1
6522.6
6637.6
6638.212
6688.2
6688.4
6732.5
7188.3
7677.4
7688.1
7690.5
7781.6
7840.6
7841.212
7889.2
7889.4
7967.5
8389.3
8889.1
9101.6
9132.6
9133.212
9190.2
9190.4
9261.5
9690.3
10190.1
10379.6
10403.6
10404.212
10456.2
10456.4
10532.5
10956.3
11456.1
11896.6
11924.6
11925.212
11948.6
11999.2
11999.4
12078.5
12499.3
12999.1
13418.6
13531.6
13532.212
13579.2
13579.4
13617.5
14079.3
14346.4
14459.5
14579.1
14726.6
14760.6
14761.212
14824.2
14824.4
14888.5
15324.3
15824.1
16066.6
16100.6
16101.212
16151.2
16151.4
16204.5
16651.3
16984.4
16999.5
17151.1
17304.6
17351.6
17352.212
17406.2
17406.4
17485.5
17906.3
18406.1
18846.6
18873.6
18874.212
18922.2
18922.4
18994.5
19422.3
19922.1
20374.6
20408.6
20409.212
20461.2
20461.4
20534.5
20961.3
21461.1
21820.6
21925.6
21926.212
21991.2
21991.4
22053.5
22491.3
22991.1
23347.4
23481.5
23613.6
23651.6
23652.212
23710.2
23710.4
23771.5
24210.3
24710.1
25623.6
25678.6
25679.212
25746.2
25746.4
25798.5
26246.3
26746.1
27752.6
27782.6
27783.212
27838.2
27838.4
27963.5
28338.3
28838.1
29493.6
29545.6
29546.212
29596.2
29596.4
29669.5
30096.3
30596.1
30603.4
30643.5
30785.6
30816.6
30817.212
30876.2
30876.4
30931.5
31376.3
31876.1
31936.4
32164.5
32584.6
32619.6
32620.212
32672.2
32672.4
32714.5
33172.3
33672.1
33756.4
33769.5
33912.6
33937.6
33938.212
33989.2
33989.4
34056.5
34489.3
34989.1
35270.4
35304.5
35414.6
35456.6
35457.212
35507.2
35507.4
35578.5
36007.3
36361.4
36393.5
36507.1
36685.6
36803.6
36804.212
36844.2
36844.4
36885.5
37344.3
37844.1
37889.4
37943.5
38040.6
38092.6
38093.212
38133.2
38133.4
38183.5
38633.3
39133.1
39511.6
39578.6
39579.212
39629.2
39629.4
39698.5
40129.3
40629.1
40973.4
41021.5
41132.6
41245.6
41246.212
41295.2
41295.4
41342.5
41795.3
41971.4
42031.5
42277.6
42295.1
42323.6
42355.6
42356.212
42403.2
42403.4
42489.5
42903.3
43403.1
43788.4
44202.5
44203.4
44204.5
44399.6
44424.6
44425.212
44471.2
44471.4
44536.5
44971.3
45471.1
46054.4
46194.5
46310.6
46359.6
46360.212
46419.2
46419.4
46461.5
46919.3
47419.1
47497.4
47539.5
47637.6
47668.6
47669.212
47718.2
47718.4
47757.5
48218.3
48718.1
49440.6
49498.6
49499.212
49568.2
49568.4
49642.5
50068.3
50568.1
51296.4
51327.5
51329.4
51330.5
51401.4
51414.5
51534.6
51572.6
51573.212
51630.2
51630.4
51684.5
52130.3
52630.1
53252.6
53268.6
53269.212
53316.2
53316.4
53360.5
53816.3
54316.1
54982.4
55194.5
55311.6
55405.6
55406.212
55469.2
55469.4
55524.5
55969.3
56128.4
56236.5
56469.1
56971.4
57019.5
57147.6
57176.6
57177.212
57262.2
57262.4
57312.5
57762.3
58262.1
58519.6
58556.6
58557.212
58612.2
58612.4
58654.5
59112.3
59326.4
59564.5
59612.1
59854.6
59894.6
59895.212
59951.2
59951.4
60018.5
60451.3
60951.1
61298.4
61333.5
61443.6
61472.6
61473.212
61522.2
61522.4
61589.5
62022.3
62522.1
62847.6
62877.6
62878.212
62963.2
62963.4
62999.5
63463.3
63963.1
64590.6
64690.6
64691.212
64757.2
64757.4
64852.5
65257.3
65757.1
66590.6
66620.6
66621.212
66680.2
66680.4
66781.5
66946.4
67019.5
67180.3
67680.1
68187.4
68648.5
69006.6
69043.6
69044.212
69109.2
69109.4
69155.5
69609.3
70109.1
70767.6
70794.6
70795.212
70856.2
70856.4
70909.5
71356.3
71856.1
72234.6
72259.6
72260.212
72307.2
72307.4
72362.5
72807.3
73307.1
73359.4
73439.5
74243.6
74282.6
74283.212
74343.2
74343.4
74403.5
74843.3
75343.1
75585.4
75686.5
75851.6
75880.6
75881.212
75933.2
75933.4
75993.5
76433.3
76933.1
77342.6
77377.6
77378.212
77408.6
77464.2
77464.4
77514.5
77964.3
78464.1
78756.6
78780.6
78781.212
78845.2
78845.4
78897.5
79345.3
79845.1
80018.4
80082.5
80239.6
80259.6
80260.212
80282.6
80337.2
80337.4
80389.5
80837.3
81337.1
81742.6
81799.6
81800.212
81857.2
81857.4
81937.5
82357.3
82857.1
84165.6
84210.6
84211.212
84272.2
84272.4
84318.5
84772.3
85272.1
85760.4
85833.5
85998.6
86048.6
86049.212
86106.2
86106.4
86190.5
86606.3
87106.1
87472.4
87525.5
87673.6
87703.6
87704.212
87759.2
87759.4
87826.5
88201.4
88259.3
88279.5
88683.4
88759.1
88831.5
88965.6
89025.6
89026.212
89049.6
89096.2
89096.4
89167.5
89596.3
90096.1
92556.6
92616.6
92617.212
92677.2
92677.4
92749.5
93177.3
93677.1
94603.6
94648.6
94649.212
94698.2
94698.4
94776.5
95198.3
95698.1
96632.6
96677.6
96678.212
96748.2
96748.4
96818.5
97248.3
97748.1
98335.6
98383.6
98384.212
98457.2
98457.4
98520.5
98957.3
99457.1
99934.4
100152.5
100304.6
100333.6
100334.212
100395.2
100395.4
100494.5
100895.3
101395.1
102128.4
102141.5
102143.4
102149.5
102369.6
102403.6
102404.212
102470.2
102470.4
102564.5
102970.3
103470.1
105949.6
106016.6
106017.212
106121.2
106121.4
106195.5
106621.3
107121.1
109557.4
109593.5
109748.6
109829.6
109830.212
109893.2
109893.4
109985.5
110393.3
110574.4
110855.5
110856.4
110859.5
110867.4
110868.5
110893.1
111047.6
111093.6
111094.212
111139.2
111139.4
111183.5
111639.3
112139.1
112274.6
112298.6
112299.212
112357.2
112357.4
112414.5
112857.3
113357.1
114341.6
114401.6
114402.212
114467.2
114467.4
114506.5
114967.3
115467.1
116073.4
116105.5
116262.6
116297.6
116298.212
116346.2
116346.4
116402.5
116846.3
117346.1
118881.6
118920.6
118921.212
118980.2
118980.4
119060.5
119480.3
119980.1
124752.4
125082.5
125111.4
125135.5
125137.4
125138.5
125680.6
125761.6
125762.212
125841.2
125841.4
125910.5
126341.3
126841.1
133543.6
133689.6
133690.212
133740.6
133864.2
133864.4
133927.5
134364.3
134864.1
139321.8
139338.8
141260.4
141279.5
144914.4
145031.5
146617.4
146717.5
148717.4
148885.5
149390.4
149425.5
149501.6
149536.6
149537.212
149584.2
149584.4
149668.5
150084.3
150584.1
152132.6
152157.6
152158.212
152210.2
152210.4
152253.5
152710.3
153210.1
154074.4
154157.5
154855.4
155073.5
155243.6
155304.6
155305.212
155351.2
155351.4
155396.5
155851.3
156351.1
157816.4
157875.5
158019.6
158086.6
158087.212
158146.2
158146.4
158216.5
158646.3
159146.1
160966.4
161004.5
162546.6
163261.4
163320.5
163414.6
163415.212
163490.2
163490.4
163667.5
163740.4
163990.3
164041.5
164490.1
168149.4
168165.5
168817.6
168888.6
168889.212
168951.2
168951.4
169049.5
169451.3
169951.1
170927.4
170989.5
171126.6
171166.6
171167.212
171230.2
171230.4
171289.5
171730.3
172230.1
173558.4
173592.5
173807.6
173860.6
173861.212
173925.2
173925.4
173971.5
174425.3
174925.1
175850.4
175887.5
176129.6
176166.6
176167.212
176236.2
176236.4
176285.5
176736.3
177236.1
178591.4
178632.5
178904.6
178939.6
178940.212
179008.2
179008.4
179080.5
180000.9
123456789
9
08
15
9
08
15
1
FI
1
1
9
51
48
10
24
48
6
2
609
0
0
0
314159265
57
6
124
180000
314159265
0.1
115.6
136.6
137.212
182.2
182.4
289.5
301.4
331.5
682.3
752.4
840.5
1182.1
1275.6
1310.6
1311.212
1368.2
1368.4
1408.5
1868.3
1971.4
2093.5
2368.1
2536.6
2585.6
2586.212
2633.2
2633.4
2672.5
3133.3
3198.4
3258.5
3633.1
3699.6
3740.6
3741.212
3765.6
3805.2
3805.4
3882.5
3991.4
4054.5
4305.3
4574.4
4667.5
4805.1
4900.6
4929.6
4930.212
4976.2
4976.4
5028.5
5476.3
5670.4
5747.5
5941.6
5974.6
5976.1
6011.6
6074.6
6075.212
6122.2
6122.4
6157.5
6622.3
7122.1
7352.4
7440.5
7498.6
7542.6
7543.212
7587.2
7587.4
7658.5
8087.3
8587.1
8767.4
8792.5
9128.6
9159.6
9160.212
9217.2
9217.4
9283.5
9717.3
9864.4
9921.5
10217.1
10369.6
10389.6
10390.212
10410.6
10467.2
10467.4
10535.5
10967.3
11336.4
11359.5
11467.1
11613.6
11644.6
11645.212
11707.2
11707.4
11747.5
12207.3
12707.1
13260.4
13434.5
13554.6
13583.6
13584.212
13645.2
13645.4
13683.5
14145.3
14645.1
15578.6
15604.6
15605.212
15661.2
15661.4
15783.5
16161.3
16661.1
17435.4
17454.5
18359.6
18698.6
18699.212
18769.2
18769.4
18812.5
19269.3
19418.4
19461.5
19769.1
19883.6
19917.6
19918.212
19941.6
19971.6
20022.2
20022.4
20071.5
20522.3
21022.1
21069.4
21137.5
21239.6
21265.6
21266.212
21310.2
21310.4
21378.5
21810.3
22310.1
23063.6
23163.6
23164.212
23223.2
23223.4
23292.5
23723.3
24223.1
24815.6
24883.6
24884.212
24938.2
24938.4
25009.5
25438.3
25938.1
26479.6
26508.6
26509.212
26593.2
26593.4
26648.5
27093.3
27593.1
28053.6
28089.6
28090.212
28146.2
28146.4
28213.5
28646.3
29146.1
29851.6
29879.6
29880.212
29932.2
29932.4
29990.5
30432.3
30932.1
31372.6
31394.6
31395.212
31440.2
31440.4
31503.5
31940.3
32302.6
32348.6
32402.6
32432.6
32440.1
32457.6
32517.4
32559.5
32647.6
32648.212
32696.2
32696.4
32781.5
33196.3
33696.1
34084.4
34139.5
34292.6
34315.6
34316.212
34365.2
34365.4
34426.5
34865.3
35365.1
35544.4
35575.5
35916.6
35972.4
35975.5
35979.4
35980.5
36040.6
36041.212
36097.2
36097.4
36129.5
36597.3
37009.4
37097.1
37128.5
37500.6
37572.6
37573.212
37624.2
37624.4
37660.5
38124.3
38624.1
39105.4
39121.5
39271.6
39303.6
39304.212
39351.2
39351.4
39395.5
39851.3
40351.1
40481.6
40511.6
40512.212
40566.2
40566.4
40616.5
41066.3
41566.1
41889.6
41936.6
41937.212
41990.2
41990.4
42051.5
42490.3
42990.1
43212.4
43246.5
43410.6
43466.6
43467.212
43520.2
43520.4
43721.5
44020.3
44520.1
45029.4
45456.5
45667.6
45692.6
45693.212
45739.2
45739.4
45788.5
46239.3
46739.1
47541.6
47572.6
47573.212
47648.2
47648.4
47710.5
48148.3
48648.1
49138.4
49275.5
49906.6
49944.6
49945.212
50000.2
50000.4
50050.5
50500.3
51000.1
51329.4
51493.5
51700.6
51754.6
51755.212
51818.2
51818.4
51874.5
52318.3
52818.1
53857.6
53935.6
53936.212
54004.2
54004.4
54080.5
54504.3
55004.1
55832.4
55835.5
55850.4
55901.5
56296.6
56360.6
56361.212
56427.2
56427.4
56474.5
56927.3
57427.1
58471.4
58514.5
58904.6
58937.6
58938.212
58996.2
58996.4
59043.5
59496.3
59996.1
61785.6
61833.6
61834.212
61894.2
61894.4
61979.5
62394.3
62894.1
64250.6
64344.6
64345.212
64404.2
64404.4
64456.5
64904.3
65404.1
68128.8
68132.8
68136.8
68264.4
68366.5
70097.6
70173.4
70205.5
70217.4
70289.5
74827.4
74914.5
75081.6
75082.212
75164.2
75164.4
75244.5
75664.3
76164.1
77098.4
77164.5
77537.6
77632.4
77646.5
77723.6
77724.212
77778.2
77778.4
77857.5
78278.3
78454.4
78561.5
78778.1
79115.6
79152.6
79153.212
79195.2
79195.4
79242.5
79695.3
80195.1
80777.4
80815.5
81009.6
81120.6
81121.212
81172.2
81172.4
81254.5
81672.3
82172.1
83198.4
83220.5
83448.6
83492.6
83493.212
83549.2
83549.4
83630.5
84049.3
84363.4
84419.5
84549.1
84826.6
84895.6
84896.212
84956.2
84956.4
85020.5
85456.3
85956.1
86241.4
86553.5
86677.6
86709.6
86710.212
86758.2
86758.4
86800.5
87258.3
87758.1
88691.6
88742.6
88743.212
88797.2
88797.4
88875.5
89297.3
89797.1
91160.6
91236.6
91237.212
91297.2
91297.4
91425.5
91797.3
92297.1
93557.4
93772.5
94204.6
94264.6
94265.212
94338.2
94338.4
94401.5
94838.3
95338.1
95788.4
96004.5
96233.6
96265.6
96266.212
96318.2
96318.4
96354.5
96818.3
97318.1
98302.4
98565.5
98703.6
98738.6
98739.212
98790.2
98790.4
98853.5
99290.3
99790.1
101214.6
101528.6
101529.212
101649.2
101649.4
101664.5
101671.4
101723.5
102149.3
102649.1
107776.4
107850.5
111122.6
117346.4
117373.5
117718.6
117719.212
117840.2
117840.4
117896.5
118340.3
118840.1
121464.4
121517.5
123196.4
123209.5
124499.4
124504.5
124505.4
125267.5
125268.4
125295.5
125347.4
125348.5
125349.4
125405.5
125824.6
126173.6
126174.212
126236.2
126236.4
126705.5
126736.3
127236.1
128037.6
128272.6
128273.212
128341.2
128341.4
128482.5
128841.3
129341.1
130502.4
130570.5
133051.4
133129.5
134945.4
135018.5
137429.4
137514.5
142668.4
142778.5
142981.6
143155.6
143156.212
143213.2
143213.4
143334.5
143341.4
143433.5
143441.4
143456.5
143713.3
144213.1
145214.6
145522.6
145523.212
145619.2
145619.4
145732.5
146119.3
146619.1
152064.6
153096.6
153097.212
153349.2
153349.4
153412.5
153415.4
153559.5
153565.4
153568.5
153849.3
154349.1
155799.8
155807.8
157888.8
167401.4
167514.5
172271.4
172434.5
173547.4
173550.5
173557.4
173622.5
177988.4
180000.9
123456789
9
09
15
9
09
15
1
FI
1
1
9
51
05
10
24
05
6
2
681
0
0
0
314159265
67
0
135
180000
314159265
0.1
80.4
136.5
226.6
253.6
254.212
305.2
305.4
366.5
805.3
828.4
847.5
1305.1
1409.6
1532.6
1533.212
1582.2
1582.4
1654.5
2082.3
2139.4
2315.5
2582.1
2589.6
2682.6
2683.212
2730.2
2730.4
2854.5
3230.3
3305.4
3343.5
3730.1
3760.6
3788.6
3789.212
3840.2
3840.4
3903.5
4340.3
4376.4
4394.5
4585.6
4690.6
4738.6
4840.1
4980.6
5032.6
5033.212
5089.2
5089.4
5127.5
5589.3
5687.4
5728.5
6089.1
6141.6
6183.6
6184.212
6238.2
6238.4
6299.5
6738.3
7110.4
7125.5
7238.1
7398.6
7435.6
7436.212
7497.2
7497.4
7584.5
7997.3
8342.4
8376.5
8497.1
8692.6
8735.6
8736.212
8796.2
8796.4
8859.5
9296.3
9756.4
9765.5
9796.1
9981.6
10018.6
10019.212
10069.6
10115.2
10115.4
10175.5
10615.3
11113.4
11115.1
11123.5
11236.6
11269.6
11270.212
11328.2
11328.4
11508.5
11828.3
12257.4
12295.5
12328.1
12517.6
12552.6
12553.212
12610.2
12610.4
12679.5
13110.3
13464.4
13610.1
13726.5
13966.6
14029.6
14030.212
14079.2
14079.4
14118.5
14579.3
15050.4
15079.1
15081.5
15248.6
15272.6
15273.212
15325.2
15325.4
15389.5
15825.3
16325.1
16726.6
16769.6
16770.212
16835.2
16835.4
16867.5
17335.3
17759.4
17797.5
17835.1
17987.6
18056.6
18057.212
18120.2
18120.4
18193.5
18620.3
19120.1
19527.6
19540.6
19541.212
19597.2
19597.4
19639.5
20097.3
20543.4
20597.1
20615.5
21037.4
21134.5
21259.6
21288.6
21289.212
21344.2
21344.4
21401.5
21844.3
22344.1
22512.6
22576.6
22577.212
22640.2
22640.4
22691.5
23140.3
23640.1
24018.6
24079.6
24080.212
24132.2
24132.4
24215.5
24632.3
25132.1
25221.4
25298.5
25513.6
25542.6
25543.212
25599.2
25599.4
25668.5
26099.3
26189.4
26517.5
26599.1
26731.6
26775.6
26776.212
26823.2
26823.4
26884.5
27323.3
27823.1
28093.6
28161.6
28162.212
28219.2
28219.4
28279.5
28552.4
28719.3
28759.5
28896.4
28903.5
29219.1
29406.6
29465.6
29466.212
29531.2
29531.4
29591.5
30031.3
30531.1
31274.6
31296.6
31297.212
31352.2
31352.4
31421.5
31852.3
32352.1
32956.4
33014.5
33127.6
33162.6
33163.212
33235.2
33235.4
33296.5
33735.3
34235.1
35326.6
35369.6
35370.212
35429.2
35429.4
35510.5
35929.3
36429.1
37828.6
37883.6
37884.212
37941.2
37941.4
38004.5
38441.3
38941.1
39719.6
39742.6
39743.212
39797.2
39797.4
39862.5
40297.3
40797.1
41452.6
41499.6
41500.212
41548.2
41548.4
41605.5
42048.3
42548.1
43373.4
43578.5
43771.6
43816.6
43817.212
43880.2
43880.4
43973.5
44380.3
44880.1
45541.4
45731.5
45917.6
45952.6
45953.212
46013.2
46013.4
46063.5
46513.3
47013.1
48268.4
48427.5
48629.6
48683.6
48684.212
48737.2
48737.4
48779.5
49237.3
49737.1
52510.6
52536.6
52537.212
52596.2
52596.4
52651.5
53096.3
53596.1
53848.4
53900.5
54214.4
54300.5
54438.4
55174.5
55331.6
55361.6
55362.212
55414.2
55414.4
55914.3
55930.5
55938.4
55946.5
56358.6
56414.1
56518.6
56604.6
56605.212
56659.2
56659.4
56724.5
57159.3
57659.1
57878.4
57897.5
58027.6
58054.6
58055.212
58109.2
58109.4
58143.5
58609.3
59109.1
59586.6
59614.6
59615.212
59674.2
59674.4
59725.5
60174.3
60674.1
61164.6
61231.6
61232.212
61292.2
61292.4
61355.5
61792.3
62292.1
62587.4
62883.5
63073.6
63129.6
63130.212
63188.2
63188.4
63239.5
63688.3
64188.1
65011.6
65116.6
65117.212
65194.2
65194.4
65262.5
65694.3
66194.1
67476.6
67511.6
67512.212
67560.2
67560.4
67643.5
67892.4
67951.5
68060.3
68342.4
68560.1
68693.5
68846.6
68904.6
68905.212
68985.2
68985.4
69041.5
69485.3
69985.1
70932.6
70959.6
70960.212
71010.2
71010.4
71066.5
71510.3
72010.1
72658.4
72671.5
72676.4
72766.5
72934.6
72968.6
72969.212
73023.2
73023.4
73148.5
73523.3
73839.4
74023.1
74027.5
74150.6
74173.6
74174.212
74228.2
74228.4
74278.5
74728.3
75228.1
75906.4
76106.5
76244.6
76278.6
76279.212
76294.6
76341.2
76341.4
76396.5
76841.3
77341.1
78357.6
78395.6
78396.212
78454.2
78454.4
78534.5
78954.3
79454.1
80182.4
80200.5
80345.6
80379.6
80380.212
80438.2
80438.4
80503.5
80938.3
81438.1
82245.6
82337.6
82338.212
82402.2
82402.4
82483.5
82902.3
83402.1
84178.6
84317.6
84318.212
84392.2
84392.4
84453.5
84892.3
85392.1
86127.4
86173.5
86370.6
86409.6
86410.212
86467.2
86467.4
86518.5
86967.3
87467.1
88172.4
88222.5
88709.6
88775.6
88776.212
88837.2
88837.4
88893.5
89337.3
89837.1
90495.4
90664.5
90673.4
90687.5
91594.4
91663.5
91770.6
91821.6
91822.212
91878.2
91878.4
91941.5
92378.3
92878.1
94247.6
94302.6
94303.212
94360.2
94360.4
94429.5
94860.3
94950.4
95030.5
95360.1
97282.6
97304.6
97305.212
97364.2
97364.4
97435.5
97864.3
98364.1
99278.6
99328.6
99329.212
99393.2
99393.4
99436.5
99893.3
100393.1
102275.6
102341.6
102342.212
102393.2
102393.4
102437.5
102893.3
103393.1
104193.4
104519.5
104808.6
104877.6
104878.212
104937.2
104937.4
105013.5
105437.3
105937.1
107842.4
107954.5
108166.6
108202.6
108203.212
108264.2
108264.4
108310.5
108764.3
109264.1
109643.4
109798.5
109802.4
109823.5
109829.4
109886.5
110108.6
110147.6
110148.212
110215.2
110215.4
110265.5
110715.3
111215.1
112327.6
112372.6
112373.212
112435.2
112435.4
112508.5
112935.3
113435.1
114193.4
114205.5
114472.4
114498.5
114651.6
114684.6
114685.212
114747.2
114747.4
114801.5
115247.3
115455.4
115535.5
115747.1
120222.6
123985.4
124157.5
134065.4
134104.5
134603.6
134604.212
136102.2
136102.4
136218.5
136602.3
137102.1
138409.4
138670.5
138913.6
139014.6
139015.212
139101.2
139101.4
139214.5
139601.3
140101.1
146468.4
146474.5
150440.4
150577.5
151059.4
151179.5
151490.6
152139.4
152492.5
155178.4
155255.5
155273.4
155278.5
155290.4
155337.5
155806.6
155807.212
155903.2
155903.4
156076.5
156403.3
156903.1
162248.4
162445.5
162696.4
163370.5
163372.4
163606.5
163773.4
163820.5
163923.4
163954.5
164101.6
164128.6
164129.212
164180.2
164180.4
164265.5
164680.3
165180.1
165521.4
165673.5
165825.6
165861.6
165862.212
165919.2
165919.4
165995.5
166419.3
166919.1
172970.4
180000.9
123456789
9
10
15
9
10
15
1
FI
1
1
9
51
54
10
24
54
6
2
602
0
0
0
314159265
59
1
116
180000
314159265
0.1
244.6
276.6
277.212
335.2
335.4
418.5
835.3
907.4
998.5
1335.1
1410.6
1447.6
1448.212
1504.2
1504.4
1583.5
2004.3
2118.4
2281.5
2504.1
2579.6
2634.4
2654.5
2717.6
2718.212
2775.2
2775.4
2816.5
3275.3
3365.4
3388.5
3775.1
3860.6
3888.6
3889.212
3970.2
3970.4
4027.5
4345.4
4470.3
4506.5
4851.6
4892.6
4916.6
4953.6
4970.1
4989.6
5057.6
5058.212
5090.6
5134.2
5134.4
5192.5
5634.3
5751.4
5772.5
6095.6
6134.1
6272.6
6294.6
6295.212
6315.6
6358.2
6358.4
6428.5
6858.3
6935.4
6968.5
7304.6
7329.6
7358.1
7561.6
7590.6
7591.212
7612.6
7654.2
7654.4
7708.5
8154.3
8183.4
8338.5
8654.1
8782.6
8804.6
8805.212
8853.2
8853.4
8921.5
9353.3
9853.1
9887.6
9936.6
9937.212
9979.2
9979.4
10034.5
10479.3
10832.4
10849.5
10979.1
11113.6
11187.6
11188.212
11240.2
11240.4
11274.5
11740.3
12240.1
12757.6
12797.6
12798.212
12854.2
12854.4
12958.5
13354.3
13834.4
13850.5
13854.1
14111.6
14139.6
14140.212
14188.2
14188.4
14250.5
14688.3
15188.1
15363.6
15398.6
15399.212
15452.2
15452.4
15498.5
15952.3
16452.1
16522.6
16549.6
16550.212
16618.2
16618.4
16681.5
17118.3
17618.1
18207.6
18273.6
18274.212
18338.2
18338.4
18410.5
18838.3
19338.1
19507.6
19697.6
19698.212
19725.6
19776.2
19776.4
19813.5
20276.3
20776.1
21385.6
21429.6
21430.212
21503.2
21503.4
21575.5
22003.3
22503.1
23153.6
23222.6
23223.212
23307.2
23307.4
23392.5
23807.3
24307.1
24924.6
24970.6
24971.212
25053.2
25053.4
25103.5
25553.3
26053.1
26182.4
26298.5
27642.6
27694.6
27695.212
27764.2
27764.4
27850.5
28264.3
28764.1
29178.6
29229.6
29230.212
29290.2
29290.4
29356.5
29790.3
30290.1
30615.6
30633.6
30634.212
30690.2
30690.4
30762.5
31190.3
31581.4
31690.1
31869.5
32091.6
32119.6
32120.212
32158.2
32158.4
32205.5
32658.3
33158.1
33612.4
33654.5
33812.6
33838.6
33839.212
33892.2
33892.4
33960.5
34392.3
34892.1
35471.6
35574.6
35575.212
35636.2
35636.4
35707.5
36136.3
36636.1
37033.6
37108.6
37109.212
37162.2
37162.4
37211.5
37662.3
38162.1
38314.4
38347.5
38450.6
38536.4
38669.5
38752.6
38753.212
38817.2
38817.4
38868.5
39317.3
39781.4
39817.1
39937.5
40033.6
40065.6
40066.212
40112.2
40112.4
40171.5
40612.3
40659.4
41064.5
41112.1
41298.6
41344.6
41345.212
41406.2
41406.4
41522.5
41906.3
42406.1
42466.4
42509.5
42595.6
42735.6
42736.212
42802.2
42802.4
42845.5
43302.3
43802.1
44130.6
44159.6
44160.212
44207.2
44207.4
44282.5
44707.3
45207.1
45511.6
45553.6
45554.212
45605.2
45605.4
45657.5
46105.3
46605.1
47182.6
47218.6
47219.212
47268.2
47268.4
47312.5
47768.3
48268.1
49517.6
49580.6
49581.212
49653.2
49653.4
49772.5
50153.3
50653.1
51372.6
51413.6
51414.212
51468.2
51468.4
51522.5
51968.3
52468.1
52985.6
53013.6
53014.212
53072.2
53072.4
53139.5
53419.4
53481.5
53572.3
54072.1
54719.6
54861.6
54862.212
54921.2
54921.4
54971.5
55421.3
55921.1
56309.4
56321.5
56468.6
56566.6
56567.212
56624.2
56624.4
56740.5
57124.3
57624.1
57870.4
58364.5
62990.6
63629.4
63736.5
66819.4
66937.5
67395.6
67396.212
67493.2
67493.4
67559.5
67993.3
68493.1
68795.4
69128.5
69381.6
69417.6
69418.212
69473.2
69473.4
69540.5
69973.3
70473.1
71088.4
71093.5
71229.4
71240.5
71496.6
71532.6
71533.212
71585.2
71585.4
71629.5
72085.3
72585.1
73564.4
73583.5
73725.6
73752.6
73753.212
73808.2
73808.4
73868.5
74308.3
74808.1
76464.6
76532.6
76533.212
76605.2
76605.4
76667.5
77105.3
77605.1
78844.6
78916.6
78917.212
78981.2
78981.4
79080.5
79481.3
79981.1
86871.4
86905.5
88221.4
88573.5
91034.8
94214.6
94330.4
94411.5
94417.4
94420.5
99691.4
99977.5
100128.4
100461.5
100841.6
100842.212
100873.6
100932.2
100932.4
100991.5
101432.3
101932.1
102829.4
102955.5
103175.6
103218.6
103219.212
103272.2
103272.4
103320.5
103772.3
104272.1
106164.4
106299.5
109185.6
109203.6
109204.212
109282.2
109282.4
109375.5
109782.3
110282.1
110769.6
110855.6
110856.212
110918.2
110918.4
110994.5
111418.3
111918.1
112140.4
112220.5
112292.4
112329.5
112476.6
112572.6
112573.212
112634.2
112634.4
112722.5
113134.3
113634.1
114307.4
114526.5
114943.6
115208.6
115209.212
115290.2
115290.4
115378.5
115790.3
115947.4
116096.5
116290.1
116583.4
116732.5
116938.6
116967.6
116968.212
117144.2
117144.4
117201.5
117644.3
118144.1
119940.4
119998.5
127880.6
128311.4
128389.5
130589.4
130865.5
130870.4
131096.5
131275.6
131276.212
131657.2
131657.4
131763.5
132157.3
132657.1
136982.4
137125.5
141248.6
141319.6
141320.212
141429.2
141429.4
141527.5
141929.3
142429.1
142696.4
142751.5
144060.4
144133.5
145251.4
145450.5
145453.4
145454.5
145876.6
145925.6
145926.212
146002.2
146002.4
146095.5
146502.3
147002.1
148376.6
150452.4
150456.5
150469.4
150473.5
161075.6
161076.212
161159.2
161159.4
161248.5
161252.4
161257.5
161659.3
162159.1
163469.4
163763.5
165250.6
167251.4
167378.5
167419.4
167484.5
167878.6
167879.212
167995.2
167995.4
168109.5
168495.3
168995.1
170197.4
170257.5
171754.6
172164.4
172292.5
172400.6
172401.212
172474.2
172474.4
172540.5
172974.3
173474.1
174002.6
174071.6
174072.212
174132.2
174132.4
174214.5
174632.3
175132.1
176130.6
176191.6
176192.212
176266.2
176266.4
176351.5
176766.3
180000.9
123456789
