10
30
15
10
30
15
3
FI
1
3
9
52
00
10
25
01
6
2
1041
0
0
0
314159265
81
0
256
180000
314159265
0.1
642.6
856.6
1312.6
1866.6
2431.6
3208.6
3784.6
3797.6
4276.6
4769.6
5206.6
5403.6
5948.6
6435.6
6496.6
6982.6
7478.6
8084.6
8344.6
8433.4
8434.212
8534.2
8565.5
9034.3
9242.4
9421.5
9492.6
9534.1
10258.6
10901.6
11194.6
11733.6
11997.6
12345.6
12564.6
13011.6
13357.6
13369.6
13444.4
13445.212
13530.5
13545.2
14045.3
14166.4
14456.5
14545.1
15037.6
15212.4
15213.212
15302.5
15313.2
15813.3
15926.4
16081.5
16313.1
16455.4
16463.5
16559.6
16682.4
16683.212
16783.2
16799.5
17283.3
17677.4
17783.1
17886.5
18016.4
18096.5
18257.6
18808.6
19322.6
19960.6
20481.6
20794.6
20897.4
20898.212
20998.2
21007.5
21498.3
21835.4
21977.5
21989.4
21998.1
22239.5
22553.6
23476.6
23575.4
23576.212
23664.5
23676.2
24176.3
24676.1
24706.4
24948.5
25136.4
25208.5
25305.6
26057.6
26144.4
26145.212
26234.5
26245.2
26745.3
27108.4
27245.1
27287.5
27501.4
27733.5
27736.4
27791.5
27911.6
27995.4
27996.212
28096.2
28166.5
28596.3
28855.4
29096.1
29192.5
29298.4
29420.5
29539.4
29677.5
29737.6
29844.4
29845.212
29922.5
29945.2
30445.3
30752.4
30840.5
30945.1
31099.4
31100.5
31191.4
31332.5
31410.6
31488.4
31489.212
31589.2
31607.5
32089.3
32420.4
32423.5
32425.4
32589.1
32626.5
32716.4
32909.5
33060.4
33195.5
33267.6
33356.4
33357.212
33433.5
33457.2
33957.3
34267.4
34381.5
34426.4
34457.1
34628.5
34779.4
34956.5
35099.6
35148.211
35148.4
35149.1
35315.5
35489.6
35577.4
35578.212
35655.5
35678.2
36178.3
36465.4
36675.5
36678.1
36687.4
36757.5
36885.6
36945.4
36946.212
37031.5
37046.2
37546.3
38003.4
38046.1
38104.5
38260.4
38412.5
38493.6
38555.4
38556.212
38643.5
38656.2
39156.3
39656.1
39751.4
39920.5
40059.6
40115.4
40116.212
40212.5
40216.2
40716.3
41216.1
41584.4
41679.5
41813.6
41866.4
41867.212
41952.5
41967.2
42467.3
42913.4
42967.1
43206.5
43384.6
43455.4
43456.212
43528.5
43556.2
44056.3
44556.1
44802.4
44934.5
44993.6
45048.4
45049.212
45141.5
45149.2
45649.3
46149.1
46233.4
46296.5
46362.6
46417.4
46418.212
46487.5
46518.2
47018.3
47518.1
47721.4
47800.5
47878.6
47933.4
47934.212
48011.5
48034.2
48534.3
49034.1
49398.4
49401.5
49403.4
49447.5
49734.4
49954.5
50052.6
50108.4
50109.212
50186.5
50209.2
50709.3
51154.4
51159.5
51164.4
51209.1
51352.5
51844.6
51942.4
51943.212
52030.5
52043.2
52543.3
53043.1
53227.6
53289.4
53290.212
53291.5
53292.4
53386.5
53390.2
53890.3
54390.1
55029.4
55271.5
55426.6
55487.4
55488.212
55588.2
55797.5
56088.3
56588.1
56856.4
57149.5
57245.6
57290.211
57290.4
57291.1
57442.5
57545.6
57638.4
57639.212
57718.5
57739.2
58140.4
58239.3
58540.5
58634.6
58690.4
58739.1
58780.5
58938.6
59002.4
59003.212
59088.5
59103.2
59603.3
60103.1
60284.4
60517.5
60619.6
60673.4
60674.212
60774.2
60780.5
61028.4
61085.5
61274.3
61600.4
61774.1
61800.5
61988.4
62215.5
62308.6
62360.4
62361.212
62444.5
62461.2
62961.3
63461.1
63783.4
63896.5
63984.6
64040.4
64041.212
64121.5
64141.2
64641.3
65141.1
65506.6
65558.4
65559.212
65646.5
65659.2
66159.3
66659.1
67515.4
67649.5
67708.6
67754.211
67754.4
67755.1
67846.5
67903.6
67980.4
67981.212
68076.5
68081.2
68581.3
69081.1
69512.4
69624.5
70090.6
70142.4
70143.212
70224.5
70243.2
70743.3
70860.4
70861.5
70863.4
70955.5
71243.1
71549.4
71628.5
71784.6
71857.4
71858.212
71958.2
71976.5
72458.3
72958.1
73633.4
73826.5
73987.4
74041.5
74057.4
74107.5
74217.6
74272.4
74273.212
74349.5
74373.2
74873.3
75373.1
75987.4
76132.5
76260.6
76327.4
76328.212
76428.2
76453.5
76928.3
77428.1
78070.4
78125.5
78193.6
78260.4
78261.212
78361.2
78390.5
78861.3
79361.1
80207.4
80292.5
80352.6
80402.211
80402.4
80403.1
80487.5
80544.6
80623.4
80624.212
80704.5
80724.2
81224.3
81724.1
82259.6
82311.4
82312.212
82412.2
82472.5
82912.3
83412.1
83932.6
83976.211
83976.4
83977.1
84072.5
84164.6
84236.4
84237.212
84337.2
84371.5
84747.4
84837.3
84850.5
84973.6
85027.4
85086.5
85224.6
85337.1
85676.6
85742.4
85743.212
85826.5
85843.2
86343.3
86843.1
87171.4
87366.5
87454.6
87501.211
87501.4
87502.1
87620.5
87678.6
87734.4
87735.212
87819.5
87835.2
88335.3
88835.1
89283.6
89330.211
89330.4
89331.1
89497.5
89639.6
89684.211
89684.4
89685.1
89899.5
89947.6
90010.4
90011.212
90109.5
90111.2
90611.3
91111.1
91728.6
91783.4
91784.212
91784.5
91785.4
91880.5
91884.2
92384.3
92884.1
93259.4
93422.5
93508.6
93565.4
93566.212
93659.5
93666.2
94166.3
94666.1
95015.4
95096.5
95403.4
95491.5
95549.6
95621.4
95622.212
95628.5
95635.4
95720.5
95722.2
96222.3
96722.1
97530.4
97747.5
97859.6
97916.4
97917.212
98017.2
98021.5
98517.3
99017.1
99772.4
99857.5
99918.6
99985.4
99986.212
100086.2
100090.5
100586.3
101086.1
101743.4
101746.5
101747.4
101819.5
101930.4
101998.5
102051.6
102123.4
102124.212
102215.5
102224.2
102724.3
103224.1
103566.6
103615.211
103615.4
103616.1
103718.5
103779.6
103839.4
103840.212
103940.2
104021.5
104385.4
104440.3
104811.5
104931.6
104940.1
104999.4
105056.5
105135.6
106226.6
106323.4
106324.212
106424.2
106437.5
106855.4
106924.3
106933.5
107219.6
107288.4
107336.5
107424.1
107463.6
107519.4
107520.212
107620.2
107804.5
108120.3
108252.4
108254.5
108255.4
108383.5
108454.6
108507.4
108508.5
108510.4
108551.5
108620.1
110334.4
110337.5
110338.4
110388.5
110499.6
110693.4
110694.212
110794.2
110900.5
111062.4
111100.5
111157.6
111172.6
111230.4
111294.3
111370.5
111794.1
111869.4
112101.5
112184.6
112244.4
112245.212
112345.2
112416.5
112519.4
112555.5
112616.6
112690.4
112760.5
112845.3
113269.6
113345.1
114769.4
114829.5
114880.6
114948.4
114949.212
115049.2
115185.5
115549.3
116049.1
117264.4
117266.5
117267.4
117336.5
117509.4
117630.5
117723.6
117794.4
117795.212
117895.2
117938.5
117997.6
118395.3
118895.1
119351.6
119451.4
119452.212
119552.2
119610.5
119698.4
119774.5
119879.4
119989.5
120052.3
120158.6
120222.4
120262.5
120383.6
120552.1
121414.6
121491.4
121492.212
121592.2
121658.5
122092.3
122592.1
122965.4
123037.5
123338.4
123439.5
123596.4
123728.5
123793.6
123858.4
123859.212
123859.5
123861.4
123959.2
123994.5
124349.4
124422.5
124459.3
124959.1
126186.6
126265.4
126266.212
126366.2
126474.5
126537.6
126589.4
126646.5
126866.3
127366.1
128501.6
128609.4
128610.212
128710.2
128927.5
129054.6
129109.4
129111.5
129113.4
129167.5
129210.3
129224.6
129298.4
129372.5
129710.1
129898.4
129932.5
129933.4
129936.5
130133.6
130195.4
130196.212
130296.2
130332.5
130796.3
130834.4
130836.5
130838.4
130941.5
131015.6
131045.6
131103.4
131183.5
131296.1
131879.6
131959.4
131960.212
132060.2
132080.5
132145.6
132237.4
132330.5
132560.3
132860.6
133060.1
133893.6
133967.4
133968.212
134068.2
134069.5
134568.3
135068.1
135505.4
135511.5
135513.4
135674.5
137484.4
137626.5
139091.4
139156.5
141018.4
141099.5
141398.6
141462.4
141463.212
141563.2
141664.5
142063.3
142114.4
142182.5
142563.1
142588.4
142674.5
144307.6
144376.4
144377.212
144477.2
144477.5
144977.3
145477.1
146337.6
146393.4
146394.212
146494.2
146604.5
146775.6
146837.4
146930.5
146994.3
147010.6
147064.4
147125.5
147494.1
148435.6
148495.4
148496.212
148596.2
148617.5
148881.4
149096.3
149114.5
149282.4
149596.1
149782.5
149832.4
149835.5
149838.4
149968.5
150054.4
150278.5
150388.6
150435.211
150435.4
150436.1
150530.5
150598.6
150668.4
150669.212
150769.2
150882.5
150887.4
151011.5
151174.6
151226.4
151269.3
151306.5
151400.6
151684.6
151738.4
151769.1
151860.5
152075.6
152133.4
152134.212
152234.2
152582.5
152583.4
152586.5
152604.4
152734.3
152833.5
153234.1
154629.4
154821.5
156294.6
156362.4
156363.212
156463.2
156592.5
156736.4
156822.5
156963.3
156985.4
157249.5
157379.6
157429.4
157463.1
157516.5
157649.6
157719.4
157720.212
157820.2
157832.5
158320.3
158820.1
159271.4
159458.5
159596.4
159737.5
159814.6
159857.211
159857.4
159858.1
159950.5
160001.6
160054.4
160055.212
160155.2
160245.5
160655.3
161155.1
161819.4
162106.5
162227.6
162272.211
162272.4
162273.1
162275.5
162277.4
162401.5
162477.6
162521.211
162521.4
162522.1
162593.5
162659.6
162719.4
162720.212
162722.5
162724.4
162820.2
162930.5
163221.4
163320.3
163332.5
163396.6
163460.4
163496.5
163545.6
163775.6
163820.1
163850.4
163907.5
164132.6
164194.4
164195.212
164295.2
164440.5
164642.6
164687.4
164795.3
164865.5
164995.6
165054.4
165206.5
165295.1
165336.6
165420.4
165421.212
165521.2
165574.5
166021.3
166521.1
166813.4
166957.5
167031.6
167092.4
167093.212
167193.2
167251.5
167693.3
168193.1
168706.4
168777.5
170141.4
170241.5
171947.6
172020.4
172021.212
172121.2
172144.5
172326.4
172478.5
172559.6
172621.3
172687.6
172748.4
172837.5
172979.6
173038.4
173075.5
173121.1
173135.6
173620.6
173673.4
173674.212
173774.2
174274.3
174548.5
174639.4
174774.1
174915.5
175022.6
175068.211
175068.4
175069.1
175305.5
175392.6
175448.4
175449.212
175549.2
175567.5
175636.4
175707.5
175872.6
176049.3
176364.6
176509.4
176549.1
176643.5
176790.6
176842.4
176843.212
176940.5
176943.2
177264.4
177341.5
177443.3
177943.1
178082.4
178166.5
178300.4
178411.5
178527.6
178570.211
178570.4
178571.1
178670.5
178730.6
178797.4
178798.212
178898.2
178942.5
179171.6
179220.4
179257.5
179398.3
179539.6
179595.4
179715.5
179883.6
179898.1
179939.4
180000.9
123456789
10
31
15
10
31
15
3
FI
1
3
9
53
00
10
26
00
6
2
736
0
0
0
314159265
62
0
170
180000
314159265
0.1
501.6
547.6
646.4
647.212
747.2
809.5
1247.3
1744.4
1747.1
1893.5
2017.6
2097.4
2098.212
2198.2
2199.5
2698.3
2906.4
3002.5
3198.1
3273.4
3430.5
3536.6
3544.6
3589.4
3590.212
3690.2
3723.5
4190.3
4350.4
4351.5
4352.4
4375.5
4524.4
4605.5
4690.1
4729.6
4802.4
4803.212
4872.5
4903.2
5403.3
5673.6
5722.4
5823.5
5892.6
5903.1
5941.4
6031.5
6089.6
6145.4
6146.212
6242.5
6246.2
6746.3
7246.1
7253.4
7327.5
7857.6
7920.4
7921.212
8002.5
8021.2
8521.3
9021.1
9173.6
9215.211
9215.4
9216.1
9391.5
9453.6
9506.4
9507.212
9587.5
9607.2
10107.3
10565.6
10607.1
10638.4
10821.5
10958.4
11003.5
11052.6
11101.211
11101.4
11102.1
11165.5
11219.4
11264.5
11348.6
11411.4
11412.212
11512.2
11569.5
12012.3
12403.4
12433.5
12512.1
12578.4
12814.5
12897.6
12943.211
12943.4
12944.1
12979.5
13032.6
13111.4
13112.212
13206.5
13212.2
13712.3
14212.1
14315.6
14363.211
14363.4
14364.1
14418.5
14553.6
14693.4
14694.212
14777.5
14794.2
15294.3
15794.1
15986.4
16093.5
16225.6
16282.4
16283.212
16383.2
16406.5
16883.3
17383.1
17552.4
17682.5
17769.6
17821.4
17822.212
17919.5
17922.2
18422.3
18765.4
18922.1
18967.5
19138.6
19199.4
19200.212
19280.5
19300.2
19800.3
20300.1
20399.4
20481.5
20762.4
20790.5
20872.6
20937.4
20938.212
21029.5
21038.2
21538.3
22038.1
22284.6
22335.4
22336.212
22421.5
22436.2
22936.3
23436.1
23664.4
24029.5
24163.4
24165.5
24166.4
24410.5
24549.4
24711.5
24831.6
24930.4
24931.212
25021.5
25031.2
25531.3
26031.1
26153.4
26158.5
26232.6
26294.4
26295.212
26395.2
26415.5
26895.3
27395.1
27686.6
27752.4
27753.212
27849.5
27853.2
28353.3
28853.1
29016.4
29079.5
29196.4
29350.5
29478.6
29525.211
29525.4
29526.1
29720.5
29783.6
29853.4
29854.212
29931.5
29954.2
30296.4
30374.5
30454.3
30954.1
31051.4
31123.5
31361.4
31589.5
31659.6
31706.211
31706.4
31707.1
31798.5
31862.6
31942.4
31943.212
32043.2
32062.5
32543.3
33043.1
33501.4
33503.5
33507.4
33538.5
33594.6
33668.4
33669.212
33767.5
33769.2
34269.3
34769.1
35253.6
35316.4
35317.212
35395.5
35417.2
35917.3
36417.1
36883.6
36955.4
36956.212
37054.5
37056.2
37556.3
38056.1
38313.4
38403.5
38504.6
38554.211
38554.4
38555.1
38765.5
38840.6
38889.211
38889.4
38890.1
38944.5
39001.6
39071.4
39072.212
39144.5
39172.2
39672.3
40172.1
40577.6
40641.4
40642.212
40742.2
40780.5
41242.3
41742.1
42480.4
42668.5
43813.6
45237.6
45299.4
45300.212
45381.5
45400.2
45900.3
46400.1
46789.4
46856.5
46966.4
46968.5
46971.4
47052.5
47171.4
47218.5
47271.6
47338.4
47339.212
47429.5
47439.2
47939.3
48439.1
48848.4
49136.5
49270.6
49319.211
49319.4
49320.1
49390.5
49493.6
49557.4
49558.212
49658.2
49665.5
50158.3
50658.1
51019.4
51350.5
51570.6
51622.4
51623.212
51712.5
51723.2
52223.3
52362.4
52438.5
52723.1
54126.4
54191.5
54300.4
54393.5
54468.6
54531.4
54532.212
54632.2
54656.5
55132.3
55632.1
56399.6
56463.4
56464.212
56564.2
56568.5
57064.3
57564.1
58926.6
58975.211
58975.4
58976.1
59087.5
59198.6
59233.211
59233.4
59234.1
59508.5
59604.6
59665.4
59666.212
59744.5
59766.2
60266.3
60766.1
61391.4
61475.5
61788.4
61827.5
61934.4
62059.5
62199.6
62243.211
62243.4
62244.1
62361.5
62467.6
62514.211
62514.4
62515.1
62576.5
62643.6
62708.4
62709.212
62809.2
62823.5
63049.4
63051.5
63052.4
63089.5
63144.6
63309.3
63809.1
66353.4
66511.5
66587.6
66669.4
66670.212
66770.2
66787.5
67270.3
67464.4
67568.5
67673.6
67723.4
67770.1
67822.5
67877.6
67944.4
67945.212
68045.2
68055.5
68545.3
69045.1
70131.6
70186.4
70187.212
70188.5
70190.4
70267.5
70287.2
70787.3
71287.1
71885.4
72000.5
72078.6
72136.4
72137.212
72237.2
72349.5
72737.3
73237.1
73927.6
73995.4
73996.212
74096.2
74356.5
74475.6
74530.4
74590.5
74596.3
75096.1
75197.6
75282.4
75283.212
75383.2
75413.5
75557.6
75607.4
75666.5
75883.3
76383.1
76816.6
76879.4
76880.212
76980.2
77051.5
77130.6
77184.4
77242.5
77480.3
77980.1
82614.6
82734.4
82735.212
82835.2
83060.5
83191.4
83335.3
83335.5
83482.6
83528.4
83638.5
83801.4
83835.1
83915.5
87030.6
87189.4
87190.212
87290.2
87308.5
87790.3
88290.1
89003.4
89157.5
89528.6
89591.4
89592.212
89692.2
89741.5
90016.6
90075.4
90154.5
90192.3
90402.6
90692.1
94543.6
94641.4
94642.212
94742.2
95020.5
95168.6
95207.4
95242.3
95353.5
95742.1
97535.6
97590.4
97591.212
97691.2
97830.5
98027.4
98114.5
98191.3
98691.1
98728.4
98786.5
98873.6
98919.211
98919.4
98920.1
99020.5
102305.4
102314.5
102455.6
102526.4
102527.212
102627.2
102784.5
102858.6
102921.4
103014.5
103127.3
103627.1
104319.6
104853.6
104916.4
104917.212
105017.2
105038.5
105517.3
106017.1
110831.6
110906.4
110907.212
111007.2
111126.5
111178.4
111426.5
111476.4
111507.3
111715.5
111716.4
111719.5
111722.4
111890.5
112007.1
112101.4
112291.5
112432.6
112476.211
112476.4
112477.1
112613.5
112615.4
112623.5
112625.4
112654.5
117265.4
117371.5
119470.6
119539.4
119540.212
119640.2
119818.5
119983.4
119986.5
119990.4
120108.5
120140.3
120640.1
122635.6
122709.4
122710.212
122810.2
122903.5
123310.3
123810.1
124154.6
125248.6
125305.4
125306.212
125406.2
125519.5
125906.3
126406.1
126645.6
126879.6
127334.6
127613.6
128144.6
128207.4
128208.212
128308.2
128563.5
128808.3
128946.6
129155.6
129308.1
130179.4
130253.5
132317.6
133181.6
134363.6
134417.6
134444.6
134510.6
135291.6
136350.4
136351.212
136352.5
136355.4
136451.2
136465.5
136951.3
137034.4
137164.5
137451.1
137724.4
137810.5
139086.4
139200.5
140802.4
140806.5
140808.4
141041.5
143255.6
143267.6
143275.6
143514.6
143576.4
143577.212
143677.2
143820.5
144177.3
144677.1
144865.6
144885.6
144932.4
144933.212
145033.2
145189.5
145533.3
146033.1
147179.4
147210.5
147472.6
153478.6
153532.4
153533.212
153633.2
153685.5
154133.3
154633.1
157751.6
157822.4
157823.212
157923.2
158032.5
158392.4
158423.3
158515.5
158923.1
159688.6
159763.4
159764.212
159864.2
159881.5
160364.3
160864.1
161820.4
161931.5
161999.6
162063.4
162064.212
162164.2
162209.5
162288.6
162357.4
162409.5
162664.3
163164.1
163752.4
163755.5
163760.4
163831.5
165051.6
165144.4
165145.212
165245.2
165426.5
165745.3
165942.6
166245.1
167410.6
167492.4
167493.212
167593.2
167766.5
167980.4
168093.3
168265.5
168438.4
168593.1
168675.5
168730.4
168870.5
169408.4
169552.5
169569.4
169571.5
172107.6
172161.4
172162.212
172262.2
172389.5
172471.6
172762.3
180000.9
123456789
11
01
15
11
01
15
3
FI
1
3
9
54
54
10
27
55
6
2
568
0
0
0
314159265
44
0
129
180000
314159265
0.1
492.6
568.4
569.212
669.2
679.5
1168.4
1169.3
1213.5
1285.6
1334.4
1378.5
1437.6
1498.4
1536.5
1642.6
1669.1
1727.4
1745.5
1931.6
1992.4
1993.212
2093.2
2095.5
2593.3
2744.4
2840.5
2935.4
2939.5
3062.6
3093.1
3130.4
3181.5
3285.6
3342.4
3343.212
3443.2
3450.5
3943.3
3954.4
3960.5
4079.6
4143.4
4228.5
4296.6
4348.4
4428.5
4443.1
4558.6
4614.4
4615.212
4679.5
4715.2
5215.3
5443.4
5495.5
5614.6
5667.4
5715.1
5726.5
5873.6
5919.211
5919.4
5920.1
5963.5
6367.6
6430.4
6431.212
6508.5
6531.2
7031.3
7445.6
7498.4
7531.1
7533.5
7645.6
7699.4
7700.212
7800.2
7801.5
8300.3
8542.6
8597.4
8782.5
8800.1
8887.6
8916.211
8916.4
8917.1
9002.5
9076.6
9135.4
9136.212
9217.5
9236.2
9736.3
10236.1
10430.6
10502.4
10503.212
10586.5
10603.2
11103.3
11366.6
11420.4
11462.5
11512.6
11589.4
11603.1
11669.5
11823.6
11875.4
11876.212
11970.5
11976.2
12476.3
12691.4
12795.5
12976.1
13063.6
13142.4
13143.212
13243.2
13247.5
13743.3
14243.1
14296.4
14443.5
14550.6
14593.211
14593.4
14594.1
14653.5
14724.6
14785.4
14786.212
14884.5
14886.2
15191.4
15289.5
15386.3
15886.1
16728.6
16786.4
16787.212
16865.5
16887.2
17387.3
17608.4
17783.5
17887.1
18709.6
18749.211
18749.4
18750.1
18833.5
18891.6
18935.211
18935.4
18936.1
18978.5
19069.6
19118.211
19118.4
19119.1
19210.5
19865.6
19907.211
19907.4
19908.1
19941.5
20001.6
20059.4
20060.212
20153.5
20160.2
20660.3
20820.4
21092.5
21160.1
23109.6
23400.6
23484.4
23485.212
23585.2
23602.5
24085.3
24585.1
24814.6
24865.4
24866.212
24966.2
25088.5
25466.3
25686.4
25759.5
25910.6
25960.4
25966.1
26008.5
26158.6
26220.4
26221.212
26320.5
26321.2
26821.3
27115.6
27165.4
27246.5
27321.1
27463.6
27518.4
27519.212
27614.5
27619.2
28119.3
28619.1
28807.6
28857.211
28857.4
28858.1
28918.5
29038.6
29084.211
29084.4
29085.1
29145.5
29304.6
29366.4
29367.212
29467.2
29467.5
29967.3
30467.1
32826.6
32890.4
32891.212
32971.5
32991.2
33491.3
33767.4
33991.1
34017.5
37901.4
37937.5
37999.6
38039.211
38039.4
38040.1
38080.5
38129.6
38244.4
38245.212
38343.5
38345.2
38845.3
39008.4
39009.5
39011.4
39022.5
39345.1
43370.4
43397.5
50025.6
50135.4
50136.212
50236.2
50243.5
50736.3
51236.1
54047.6
54124.4
54125.212
54225.2
54240.5
54347.4
54371.5
54725.3
55225.1
55902.6
55969.4
55970.212
56070.2
56143.5
56406.4
56532.5
56570.3
57070.1
59648.4
59655.5
59803.4
59808.5
59843.4
59845.5
59982.6
60644.6
60694.4
60695.212
60795.2
60863.5
61295.3
61795.1
63528.6
63914.6
63961.4
63962.212
64062.2
64267.5
64271.4
64275.5
64278.4
64556.5
64562.3
65062.1
69705.6
70031.6
70084.4
70085.212
70185.2
70224.5
70685.3
71185.1
71762.6
71812.211
71812.4
71813.1
71869.5
72945.4
72962.5
76276.6
78995.6
79047.4
79048.212
79148.2
79270.5
79648.3
80148.1
80355.4
80537.5
81404.4
81509.5
82357.4
82441.5
83309.4
83455.5
83556.4
83681.5
83756.6
83797.211
83797.4
83798.1
83972.5
84060.6
84099.211
84099.4
84100.1
84173.5
84259.6
84310.4
84311.212
84313.5
84314.4
84411.2
84477.5
84911.3
85411.1
85475.4
85673.5
85786.6
85828.211
85828.4
85829.1
85892.5
86018.6
86059.211
86059.4
86060.1
86152.5
86265.6
86317.4
86318.212
86400.5
86418.2
86918.3
87200.4
87325.5
87418.1
87459.4
87472.5
87592.6
87637.211
87637.4
87638.1
87711.5
87821.6
87866.211
87866.4
87867.1
88010.5
88113.6
88159.211
88159.4
88160.1
88188.5
88343.6
88406.4
88407.212
88499.5
88507.2
89007.3
89507.1
89508.6
89569.4
89570.212
89670.2
89714.5
90170.3
90549.4
90560.5
90566.4
90670.1
90738.5
90810.6
90854.211
90854.4
90855.1
90980.5
91066.6
91128.4
91129.212
91212.5
91229.2
91729.3
92229.1
92625.6
92669.211
92669.4
92670.1
92867.5
92963.6
93024.4
93025.212
93119.5
93125.2
93625.3
94125.1
96531.6
96586.4
96587.212
96687.2
96847.5
97187.3
97687.1
97695.4
97741.5
99716.6
99770.4
99771.212
99871.2
99956.5
100371.3
100871.1
100972.4
101002.5
104160.6
104220.4
104221.212
104321.2
104389.5
104821.3
105321.1
112979.4
113014.5
115232.6
115299.4
115300.212
115400.2
115757.5
115900.3
115983.6
116009.6
116039.6
116201.4
116282.5
116400.1
118894.4
118895.5
118911.4
118913.5
130152.6
130220.4
130221.212
130321.2
130409.5
130821.3
131234.4
131295.5
131321.1
132077.4
132224.5
132289.6
132349.4
132350.212
132450.2
132560.5
132780.6
132950.3
133450.1
137148.4
137155.5
137159.4
137170.5
137174.4
137176.5
137698.4
137700.5
137701.4
137890.5
138019.6
138069.211
138069.4
138070.1
138071.5
138072.4
138099.5
140068.6
140125.4
140126.212
140226.2
140342.5
140726.3
141226.1
150471.4
150595.5
150643.6
151268.6
153033.6
153093.4
153094.212
153194.2
153212.5
153694.3
154194.1
160134.6
160193.4
160194.212
160294.2
160311.5
160794.3
161294.1
176583.6
176647.4
176648.212
176748.2
176810.5
177248.3
177748.1
179013.6
179099.6
179159.4
179160.212
179260.2
179267.5
179273.4
179338.5
180000.9
123456789
11
02
15
11
02
15
3
FI
1
3
9
52
46
10
25
46
6
2
1154
0
0
0
314159265
81
2
280
180000
314159265
0.1
462.4
464.5
528.6
595.4
596.212
687.5
696.2
1091.4
1196.3
1222.5
1286.6
1333.4
1363.5
1528.6
1592.4
1620.5
1696.1
2220.6
2282.4
2283.212
2383.2
2417.5
2883.3
2993.4
3260.5
3340.6
3383.1
3396.4
3426.5
3544.6
3610.4
3611.212
3690.5
3711.2
4211.3
4295.4
4655.5
4711.1
4812.6
4861.211
4861.4
4862.1
4986.5
5045.6
5107.4
5108.212
5208.2
5217.5
5708.3
5884.4
6073.5
6208.1
6223.6
6265.211
6265.4
6266.1
6300.5
6501.6
6567.4
6568.212
6668.2
6700.5
7168.3
7575.4
7658.5
7668.1
8001.6
8053.4
8054.212
8154.2
8160.5
8654.3
9075.6
9120.4
9154.1
9192.5
9367.6
9415.211
9415.4
9416.1
9504.5
10154.6
10202.211
10202.4
10203.1
10326.5
10411.6
10467.4
10468.212
10543.5
10568.2
11068.3
11337.4
11568.1
11602.5
11662.6
11721.4
11722.212
11820.5
11822.2
12322.3
12822.1
13121.6
13159.211
13159.4
13160.1
13278.5
13339.6
13421.4
13422.212
13522.2
13545.5
14022.3
14522.1
14618.6
14668.211
14668.4
14669.1
14730.5
14854.6
14900.211
14900.4
14901.1
14955.5
15063.6
15107.211
15107.4
15108.1
15195.5
15336.6
15399.4
15400.212
15500.2
15501.5
16000.3
16500.1
17007.6
17058.4
17059.212
17159.2
17165.5
17659.3
18159.1
19041.4
19048.5
19099.6
19151.4
19152.212
19229.5
19252.2
19752.3
20251.4
20252.1
20254.5
20255.4
20343.5
20577.4
20721.5
20790.6
20842.4
20843.212
20935.5
20943.2
21443.3
21943.1
22726.6
22780.4
22781.212
22870.5
22881.2
23381.3
23881.1
23966.4
24119.5
24380.4
24544.5
24740.6
24791.4
24792.212
24792.5
24794.4
24892.2
24902.5
25392.3
25892.1
26930.6
26979.211
26979.4
26980.1
27063.5
27127.6
27187.4
27188.212
27284.5
27288.2
27788.3
28288.1
28823.4
29073.5
29144.6
29194.211
29194.4
29195.1
29325.5
29383.6
29441.4
29442.212
29542.2
29591.5
30042.3
30542.1
31845.4
31903.5
32203.4
32307.5
32395.6
32456.4
32457.212
32557.2
32583.5
33057.3
33557.1
33773.4
33774.5
33778.4
33846.5
34326.6
34392.4
34393.212
34493.2
34495.5
34993.3
35493.1
35858.6
35903.211
35903.4
35904.1
35959.5
36098.6
36132.6
36185.4
36186.212
36269.5
36286.2
36786.3
37286.1
37577.6
37626.211
37626.4
37627.1
37676.5
37786.6
37847.4
37848.212
37933.5
37948.2
38448.3
38948.1
39601.4
39837.5
40001.6
40044.211
40044.4
40045.1
40097.5
40248.4
40281.5
40336.6
40412.4
40413.212
40504.5
40513.2
40797.4
40910.5
41013.3
41153.4
41224.5
41513.1
41740.4
42045.5
42248.6
42290.211
42290.4
42291.1
42329.5
42387.6
42446.4
42447.212
42547.2
42558.5
43047.3
43547.1
43953.6
44009.4
44010.212
44104.5
44110.2
44610.3
45110.1
45754.6
45796.211
45796.4
45797.1
45828.5
46215.4
46237.5
46420.4
46441.5
46558.6
46888.6
46936.4
46937.212
47029.5
47037.2
47537.3
48037.1
49433.6
49491.4
49492.212
49575.5
49592.2
50092.3
50592.1
51049.6
51128.4
51129.212
51227.5
51229.2
51729.3
52229.1
52535.4
52581.5
54400.6
54472.4
54473.212
54573.2
54597.5
54792.4
54999.5
55073.3
55573.1
56146.6
57814.6
57869.4
57870.212
57970.2
58032.5
58080.4
58135.5
58470.3
58970.1
60426.6
60487.4
60488.212
60588.2
60654.5
61088.3
61588.1
61745.6
61803.4
61804.212
61904.2
62099.5
62404.3
62904.1
63297.4
63335.5
64483.8
65335.6
65418.4
65419.212
65424.5
65426.4
65519.2
65593.5
65658.6
66019.3
66519.1
69602.4
69604.5
69605.4
69827.5
69953.6
70015.4
70016.212
70116.2
70140.5
70616.3
71116.1
71832.6
71888.4
71889.212
71989.2
72150.5
72489.3
72989.1
73079.6
73131.4
73132.212
73232.2
73276.5
73732.3
74232.1
74957.4
75063.5
76331.4
76413.5
76993.6
77059.4
77060.212
77145.5
77160.2
77324.4
77423.5
77660.3
78160.1
78355.6
78652.6
79501.6
80503.6
80558.4
80559.212
80659.2
80875.5
81159.3
81175.4
81336.5
81528.6
81585.4
81621.5
81659.1
82888.8
85197.4
85204.5
85278.6
85332.4
85333.212
85433.2
85471.5
85480.4
85571.5
85855.4
85933.3
85945.5
86054.4
86084.5
86085.4
86091.5
86411.4
86433.1
86475.5
86545.6
86590.211
86590.4
86591.1
86641.5
86895.6
86970.4
86971.212
87071.2
87090.5
87233.4
87279.5
87550.6
87571.3
87595.4
87671.5
88071.1
88616.6
88667.4
88668.212
88768.2
89030.5
89080.4
89131.5
89135.4
89203.5
89268.3
89768.1
92615.6
92666.4
92667.212
92767.2
92786.5
93267.3
93471.4
93558.5
93767.1
94161.4
94458.5
94642.6
94694.4
94695.212
94795.2
94859.5
94995.4
95056.5
95295.3
95795.1
95952.4
96364.5
96497.6
96543.211
96543.4
96544.1
96604.5
96726.6
96777.4
96778.212
96878.2
96899.5
96956.4
97119.5
97378.3
97817.4
97878.1
97977.5
98072.6
98117.211
98117.4
98118.1
98354.5
98472.6
98516.211
98516.4
98517.1
98565.5
98703.6
98756.4
98757.212
98857.2
98873.5
99357.3
99857.1
100309.6
100360.4
100361.212
100461.2
100662.5
100755.6
100800.4
100872.5
100937.6
100961.3
101125.4
101225.5
101461.1
101824.6
101868.211
101868.4
101869.1
101956.5
102004.6
102064.4
102065.212
102165.2
102328.5
102569.4
102635.5
102665.3
103165.1
103438.4
103549.5
103604.6
103650.211
103650.4
103651.1
103749.5
103811.6
103869.4
103870.212
103970.2
104099.5
104470.3
104659.6
104706.4
104933.5
104970.1
105088.6
105138.211
105138.4
105139.1
105297.5
105344.6
105420.4
105421.212
105521.2
105654.5
106021.3
106521.1
107107.4
107273.5
107326.6
107384.4
107385.212
107485.2
107672.5
107752.6
107806.4
107915.5
107947.4
107948.5
107985.3
108343.4
108447.5
108485.1
108501.6
108558.4
108559.212
108659.2
108709.5
109159.3
109659.1
110241.4
110306.5
110640.4
110873.5
111170.6
111213.211
111213.4
111214.1
111358.5
111412.6
111474.4
111475.212
111575.2
111913.5
112075.3
112174.6
112224.4
112383.5
112451.6
112507.4
112575.1
112602.5
112720.6
112814.6
113168.6
113218.4
113219.212
113319.2
113412.5
113496.4
113589.5
113819.3
113918.4
113932.5
114319.1
114634.6
114680.211
114680.4
114681.1
114892.5
116799.4
116889.5
119160.6
119229.4
119230.212
119330.2
119416.5
119632.6
119686.4
119764.5
119798.4
119830.3
119928.5
120330.1
120493.4
120705.5
121392.6
121442.211
121442.4
121443.1
121599.5
121665.6
121704.211
121704.4
121705.1
121846.5
121911.6
121962.4
121963.212
122063.2
122171.5
122563.3
122818.6
122876.4
123042.5
123063.1
123688.6
123857.6
123910.4
123911.212
124011.2
124131.5
124511.3
124913.6
124969.4
125011.1
125131.5
125349.6
125394.211
125394.4
125395.1
125497.5
125556.6
125606.211
125606.4
125607.1
125701.5
125708.4
125777.5
125828.6
125891.4
125892.212
125992.2
126062.5
126100.4
126201.5
126492.3
126992.1
127925.4
128065.5
128328.4
128432.5
128483.6
128523.211
128523.4
128524.1
128645.5
128856.4
128961.5
128974.4
129032.5
129108.6
129164.4
129165.212
129265.2
129709.5
129765.3
129815.6
129855.4
130132.5
130204.6
130246.4
130265.1
130375.5
130574.6
130621.211
130621.4
130622.1
130744.5
130745.4
130746.5
130889.6
130929.211
130929.4
130930.1
131050.5
131368.4
131459.5
131749.6
131801.4
131802.212
131902.2
131997.5
132196.4
132336.5
132387.4
132402.3
132479.5
132747.4
132790.5
132845.6
132887.4
132902.1
133016.5
133088.6
133143.4
133144.212
133244.2
133504.5
133744.3
133838.4
133910.5
134244.1
134370.4
134508.5
134759.4
134942.5
135045.4
135129.5
135461.6
135517.4
135518.212
135618.2
135777.5
135824.4
136118.3
136146.5
136289.6
136327.4
136525.5
136600.6
136618.1
136639.4
136725.5
136951.4
137043.5
137250.4
137302.5
137751.6
137804.4
137805.212
137905.2
137951.5
138127.4
138289.5
138331.4
138405.3
138508.5
138664.6
138702.4
138762.5
138905.1
138912.6
138970.4
138971.212
139071.2
139114.5
139263.4
139283.5
139566.6
139571.3
140071.1
140346.6
140392.211
140392.4
140393.1
140556.5
140655.6
140699.211
140699.4
140700.1
140792.5
140930.6
140976.211
140976.4
140977.1
141033.5
141293.6
141347.4
141348.212
141448.2
141494.5
141948.3
142448.1
143097.4
143257.5
143333.6
143370.211
143370.4
143371.1
143475.5
143528.6
143578.211
143578.4
143579.1
143685.5
143740.6
143806.4
143807.212
143907.2
143955.5
144407.3
144907.1
145289.4
145429.5
145598.6
145664.4
145665.212
145765.2
145775.5
145868.4
145977.5
146265.3
146336.4
146436.5
146519.6
146576.4
146649.5
146661.4
146738.5
146765.1
146904.4
147061.5
147174.6
147260.4
147261.212
147361.2
147534.5
147704.4
147731.5
147861.3
148361.1
148555.4
148559.5
148623.6
148666.211
148666.4
148667.1
148790.5
148796.4
148804.5
148868.6
148921.4
148922.212
149022.2
149040.5
149343.4
149421.5
149473.6
149517.4
149522.3
149599.5
150022.1
150327.6
150386.4
150387.212
150487.2
150500.5
150716.4
150778.5
150987.3
151487.1
152574.4
152690.5
152800.4
152931.5
153059.4
153240.5
153324.6
153372.211
153372.4
153373.1
153448.5
153573.6
153666.4
153667.212
153767.2
153794.5
154267.3
154767.1
155450.4
155495.5
155542.6
155597.4
155598.212
155698.2
155724.5
156198.3
156273.4
156666.5
156698.1
158391.6
158453.4
158454.212
158554.2
158575.5
159054.3
159554.1
159722.4
159792.5
159921.4
159985.5
160178.4
160322.5
160518.4
160575.5
160874.4
160950.5
161092.6
161181.4
161182.212
161282.2
161282.5
161782.3
162282.1
162804.4
162881.5
162971.6
163007.211
163007.4
163008.1
163153.5
163211.6
163252.211
163252.4
163253.1
163422.5
163499.6
163539.211
163539.4
163540.1
163703.5
163823.6
163862.211
163862.4
163863.1
164083.5
164164.6
164218.4
164219.212
164319.2
164325.5
164773.4
164819.3
164939.5
165106.6
165147.4
165219.5
165319.1
166565.6
166614.211
166614.4
166615.1
166755.5
166807.6
166859.4
166860.212
166960.2
167045.5
167274.6
167460.3
167521.4
167695.5
167782.6
167827.4
167919.5
167960.1
168064.6
168133.4
168134.212
168234.2
168352.5
168734.3
169072.6
169122.4
169234.1
169270.5
169937.6
169988.4
169989.212
170081.5
170089.2
170589.3
171089.1
171552.4
171596.5
171663.6
171724.4
171725.212
171825.2
171909.5
172292.4
172293.5
172294.4
172325.3
172350.5
172441.6
172481.4
172540.5
172739.4
172814.5
172825.1
173076.6
173122.211
173122.4
173123.1
173189.5
173336.4
173389.5
173509.6
173562.4
173563.212
173663.2
173697.5
173742.4
173814.5
174163.3
174663.1
174782.6
174838.4
174839.212
174939.2
175040.5
175175.4
175326.5
175365.4
175439.3
175453.5
175503.6
175579.4
175669.5
175939.1
176140.6
176188.211
176188.4
176189.1
176399.5
176484.6
176524.211
176524.4
176525.1
176619.5
176797.6
176841.211
176841.4
176842.1
176917.5
177071.6
177327.6
177391.4
177392.212
177492.2
177522.5
177571.4
177628.5
177992.3
178140.6
178180.4
178230.5
178492.1
178908.6
178959.4
178960.212
179060.2
179204.5
179207.4
179209.5
179311.6
179541.4
179560.3
179709.5
179710.4
179766.5
179844.6
179887.4
179945.5
179954.4
180000.9
123456789
11
03
15
11
03
15
3
FI
1
3
9
59
11
10
32
10
6
2
932
0
0
0
314159265
70
0
196
180000
314159265
0.1
352.6
421.4
422.212
522.2
553.5
1022.3
1514.6
1522.1
1590.4
1645.5
1924.6
1988.4
1989.212
2066.5
2089.2
2589.3
2835.6
2928.4
2989.5
3089.1
3093.6
3150.4
3151.212
3251.2
3331.5
3751.3
4004.4
4196.5
4251.1
4269.6
4328.4
4329.212
4405.5
4429.2
4929.3
5215.6
5279.4
5329.5
5429.1
5446.6
5501.4
5502.212
5595.5
5602.2
6102.3
6602.1
6617.6
6674.4
6675.212
6764.5
6775.2
7275.3
7394.4
7464.5
7693.4
7760.5
7775.1
7847.6
7918.4
7919.212
7993.5
8019.2
8519.3
8963.6
9019.1
9034.4
9157.5
9231.6
9288.4
9289.212
9384.5
9389.2
9889.3
10389.1
10564.6
10621.4
10622.212
10722.2
10833.5
11222.3
11722.1
12434.6
12501.4
12502.212
12602.2
12604.5
13102.3
13521.4
13602.1
13819.5
13979.6
14036.4
14037.212
14137.2
14138.5
14637.3
15137.1
16395.6
16446.4
16447.212
16546.5
16547.2
17047.3
17335.4
17532.5
17547.1
17749.6
17800.4
17801.212
17901.2
17903.5
18401.3
18777.6
18827.4
18896.5
18901.1
19004.6
19050.211
19050.4
19051.1
19126.5
19269.6
19320.4
19321.212
19398.5
19421.2
19921.3
20421.1
20544.6
20600.4
20601.212
20701.2
20729.5
21201.3
21629.4
21693.5
21701.1
21757.6
21815.4
21816.212
21916.2
21945.5
22416.3
22916.1
23408.4
23452.5
23575.6
23623.211
23623.4
23624.1
23679.5
23733.6
23799.4
23800.212
23900.2
23940.5
24400.3
24900.1
25732.6
25804.4
25805.212
25905.2
25910.5
26405.3
26905.1
27121.4
27227.5
27433.6
27487.4
27488.212
27586.5
27588.2
28088.3
28588.1
28910.6
28969.4
28970.212
29069.5
29070.2
29570.3
30070.1
30699.6
30743.211
30743.4
30744.1
30858.5
30915.6
30958.211
30958.4
30959.1
31019.5
31109.6
31157.211
31157.4
31158.1
31352.5
31432.6
31496.4
31497.212
31574.5
31597.2
32097.3
32597.1
32953.6
33010.4
33011.212
33109.5
33111.2
33611.3
34111.1
34647.4
34703.5
34888.4
34922.5
34975.6
35025.211
35025.4
35026.1
35225.5
35277.6
35324.211
35324.4
35325.1
35386.5
35445.6
35519.4
35520.212
35619.5
35620.2
36120.3
36620.1
36976.4
37064.5
37955.4
37988.5
38041.6
38101.4
38102.212
38202.2
38258.5
38702.3
39202.1
39757.4
39904.5
40050.6
40137.4
40138.212
40228.5
40238.2
40738.3
41238.1
42556.4
42800.5
42951.6
43002.4
43003.212
43103.2
43115.5
43603.3
44103.1
47436.6
47493.4
47494.212
47573.5
47594.2
48094.3
48594.1
49026.6
49073.211
49073.4
49074.1
49145.5
49208.6
49269.4
49270.212
49370.2
49371.5
49870.3
50370.1
50974.4
50975.5
50976.4
51185.5
52161.6
52205.211
52205.4
52206.1
52333.5
52386.6
52441.4
52442.212
52529.5
52542.2
53042.3
53542.1
54035.6
54083.211
54083.4
54084.1
54126.5
54192.6
54245.4
54246.212
54346.2
54355.5
54846.3
55346.1
56440.6
56494.4
56495.212
56595.2
56668.5
56766.6
56811.4
56844.5
57095.3
57568.6
57595.1
57626.4
57657.5
57704.6
57771.4
57772.212
57866.5
57872.2
58372.3
58872.1
59509.4
59674.5
60005.4
60036.5
60226.6
60279.4
60280.212
60369.5
60380.2
60880.3
61380.1
61767.4
61905.5
62028.6
62087.4
62088.212
62188.2
62188.5
62688.3
63188.1
63818.4
63985.5
64111.6
64164.4
64165.212
64265.2
64287.5
64765.3
65265.1
66125.6
66175.211
66175.4
66176.1
66179.5
66182.4
66292.5
66397.6
66452.4
66453.212
66546.5
66553.2
67053.3
67553.1
68363.4
68369.5
68389.4
68392.5
68604.4
68717.5
68802.6
68842.211
68842.4
68843.1
69016.5
69196.4
69241.5
69309.6
69356.211
69356.4
69357.1
69464.5
69543.6
69593.211
69593.4
69594.1
69913.5
69968.6
70027.4
70028.212
70128.2
70158.5
70628.3
71128.1
71650.6
71714.4
71715.212
71815.2
71846.5
72315.3
72815.1
73371.4
73656.5
73737.6
73787.211
73787.4
73788.1
73874.5
73878.4
73880.5
73936.6
73989.4
73990.212
74076.5
74090.2
74590.3
75090.1
75923.4
75976.5
76033.6
76091.4
76092.212
76181.5
76192.2
76692.3
77192.1
78098.4
78134.5
78212.6
78255.211
78255.4
78256.1
78360.5
78456.6
78497.211
78497.4
78498.1
78606.5
79555.6
79603.211
79603.4
79604.1
79765.5
79812.6
79869.4
79870.212
79970.2
80012.5
80356.4
80438.5
80470.3
80970.1
82630.6
82687.4
82688.212
82788.2
82885.5
83288.3
83788.1
84123.6
84180.4
84181.212
84281.2
84366.5
84781.3
85281.1
85895.4
86009.5
90521.4
90890.5
91095.6
91140.211
91140.4
91141.1
91278.5
91334.6
91376.211
91376.4
91377.1
91449.5
91507.6
91552.211
91552.4
91553.1
91604.5
91651.6
91714.4
91715.212
91815.2
91827.5
91874.4
92014.5
92087.4
92119.5
92315.3
92815.1
93066.6
93090.6
93168.4
93169.212
93267.5
93269.2
93769.3
94269.1
94803.4
94807.5
94817.4
94871.5
95097.6
95144.211
95144.4
95145.1
95186.5
95351.6
95427.4
95428.212
95528.2
95569.5
96028.3
96528.1
96812.4
96863.5
97903.6
97947.211
97947.4
97948.1
98002.5
98070.6
98117.211
98117.4
98118.1
98237.5
98301.6
98366.4
98367.212
98457.5
98467.2
98967.3
99467.1
99848.4
99889.5
99954.6
100014.4
100015.212
100105.5
100115.2
100615.3
101115.1
101546.6
101606.4
101607.212
101707.2
101725.5
102207.3
102707.1
103046.6
103114.4
103115.212
103215.2
103225.5
103715.3
104215.1
104822.4
105081.5
105164.6
105224.4
105225.212
105325.2
105337.5
105387.4
105432.5
105825.3
106325.1
107197.6
107240.211
107240.4
107241.1
107304.5
107375.6
107426.4
107427.212
107512.5
107527.2
108027.3
108527.1
108969.6
109022.4
109023.212
109123.2
109159.5
109623.3
110123.1
111317.6
111366.211
111366.4
111367.1
111503.5
111560.6
111602.211
111602.4
111603.1
111657.5
111777.6
111819.211
111819.4
111820.1
111927.5
112036.6
112083.211
112083.4
112084.1
112141.5
112293.6
112344.4
112345.212
112439.5
112445.2
112945.3
113445.1
113833.4
113881.5
113940.6
113987.211
113987.4
113988.1
114153.5
114231.6
114269.211
114269.4
114270.1
114404.5
114503.6
114551.211
114551.4
114552.1
114649.5
114750.6
114793.211
114793.4
114794.1
114864.5
114978.6
115035.4
115036.212
115132.5
115136.2
115636.3
116136.1
116788.6
116821.211
116821.4
116822.1
116897.5
116957.6
116995.211
116995.4
116996.1
117150.5
117212.6
117265.4
117266.212
117365.5
117366.2
117601.4
117779.5
117866.3
117958.4
117992.5
118366.1
119019.4
119040.5
119119.6
119159.211
119159.4
119160.1
119309.5
119419.6
119456.211
119456.4
119457.1
119587.5
119665.6
119714.211
119714.4
119715.1
119809.5
119948.6
119999.4
120000.212
120100.2
120112.5
120309.4
120600.3
120674.5
121100.1
122044.4
122259.5
122315.6
122353.211
122353.4
122354.1
122427.5
122500.6
122544.211
122544.4
122545.1
122594.5
122682.6
122725.211
122725.4
122726.1
122896.5
122966.6
123013.211
123013.4
123014.1
123074.5
123198.6
123243.211
123243.4
123244.1
123329.5
123517.6
123561.211
123561.4
123562.1
123717.5
123894.4
123953.5
123956.4
124117.5
124216.6
124293.4
124294.212
124394.2
124498.5
124894.3
124948.4
125150.5
125161.4
125239.5
125336.6
125382.4
125394.1
125413.5
125534.6
125591.4
125592.212
125692.2
125694.5
126192.3
126692.1
126986.4
127053.5
127106.6
127151.211
127151.4
127152.1
127222.5
127283.6
127334.4
127335.212
127435.2
127455.5
127935.3
128435.1
128953.4
128999.5
129050.6
129111.4
129112.212
129200.5
129212.2
129712.3
130212.1
130353.4
130376.5
130383.4
130388.5
130605.6
130651.211
130651.4
130652.1
130731.5
130783.6
130843.4
130844.212
130939.5
130944.2
131444.3
131944.1
132759.6
132796.211
132796.4
132797.1
132891.5
132953.6
133010.4
133011.212
133111.2
133113.5
133611.3
134111.1
136630.6
136669.211
136669.4
136670.1
136857.5
136921.6
136973.4
136974.212
137074.2
137182.5
137574.3
138074.1
138249.6
138298.211
138298.4
138299.1
138480.5
138542.6
138587.211
138587.4
138588.1
138721.5
138780.6
138825.211
138825.4
138826.1
138950.5
140685.6
140731.211
140731.4
140732.1
140913.5
140966.6
141016.211
141016.4
141017.1
141121.5
141171.6
141220.211
141220.4
141221.1
141299.5
141305.4
141380.5
141500.6
141547.211
141547.4
141548.1
141613.5
141839.6
141883.211
141883.4
141884.1
141975.5
142122.6
142189.4
142190.212
142290.2
142317.5
142555.4
142625.5
142790.3
143290.1
143798.4
143874.5
143993.6
144268.4
144269.212
144369.2
144438.5
144869.3
145369.1
151597.6
151700.4
151701.212
151801.2
151877.5
152301.3
152801.1
156426.6
156477.4
156478.212
156578.2
156654.5
157078.3
157578.1
158667.4
158904.5
159169.6
159217.211
159217.4
159218.1
159344.5
159391.6
159454.4
159455.212
159555.2
159667.5
159740.6
160055.3
160555.1
163215.6
163261.211
163261.4
163262.1
163406.5
163484.6
163533.211
163533.4
163534.1
163626.5
163635.4
163665.5
168212.6
168267.4
168268.212
168368.2
168420.5
168868.3
180000.9
123456789
11
04
15
11
04
15
3
FI
1
3
9
50
45
10
23
45
6
2
894
0
0
0
314159265
74
0
176
180000
314159265
0.1
332.6
405.4
406.212
506.2
514.5
1006.3
1380.6
1395.6
1450.4
1506.1
1611.5
1672.6
1724.4
1725.212
1825.2
1872.5
2325.3
2649.6
2707.4
2744.5
2825.1
2909.6
2976.4
2977.212
3060.5
3077.2
3329.4
3440.5
3532.6
3577.3
3596.4
3627.5
3747.6
3801.4
3849.5
3942.6
4024.4
4077.1
4112.5
4573.6
4822.6
5210.6
5259.4
5260.212
5339.5
5360.2
5818.4
5860.3
5989.5
6132.6
6186.4
6222.5
6360.1
6630.6
6676.211
6676.4
6677.1
6749.5
6824.6
6874.211
6874.4
6875.1
6923.5
7055.6
7108.4
7109.212
7189.5
7209.2
7709.3
8209.1
8789.4
8831.5
8837.4
8879.5
8945.6
8999.4
9000.212
9100.2
9132.5
9600.3
10048.6
10100.1
10109.4
10261.5
10415.6
10479.4
10480.212
10580.2
10612.5
11080.3
11580.1
11897.6
11961.4
11962.212
12062.2
12071.5
12562.3
13062.1
13172.4
13231.5
13328.6
13379.4
13380.212
13459.5
13480.2
13980.3
14480.1
14598.4
14654.5
14783.6
14843.4
14844.212
14944.2
15152.5
15444.3
15944.1
16205.6
16346.4
16347.212
16447.2
16468.5
16947.3
17447.1
17561.4
17708.5
18063.4
18163.5
18647.4
18899.5
18966.6
19012.211
19012.4
19013.1
19080.5
19137.6
19190.4
19191.212
19270.5
19291.2
19791.3
20291.1
20722.6
20767.211
20767.4
20768.1
20833.5
20849.4
20961.5
21062.6
21112.211
21112.4
21113.1
21185.5
21294.6
21343.211
21343.4
21344.1
21459.5
21579.6
21625.211
21625.4
21626.1
21699.5
22751.6
22805.4
22806.212
22906.2
22928.5
23406.3
23894.4
23906.1
23930.5
24467.6
24517.211
24517.4
24518.1
24569.5
24773.6
24821.211
24821.4
24822.1
24893.5
25172.4
25204.5
26304.6
26350.211
26350.4
26351.1
26403.5
26457.6
26520.4
26521.212
26621.2
26621.5
27121.3
27621.1
28310.6
28381.4
28382.212
28456.5
28482.2
28982.3
29482.1
29877.6
29943.4
29944.212
30044.2
30049.5
30544.3
31044.1
31629.6
31696.4
31697.212
31762.5
31797.2
32297.3
32797.1
32980.6
33043.4
33044.212
33144.2
33158.5
33644.3
34144.1
35012.6
35071.4
35072.212
35170.5
35172.2
35672.3
36172.1
36509.4
36775.5
36840.6
36888.211
36888.4
36889.1
36954.5
37707.6
37770.4
37771.212
37850.5
37871.2
38371.3
38798.4
38871.1
38955.5
39476.4
39718.5
39810.6
39852.211
39852.4
39853.1
39939.5
40032.6
40079.211
40079.4
40080.1
40142.5
40326.4
40381.5
40749.6
40792.211
40792.4
40793.1
40850.5
40916.6
40980.4
40981.212
41053.5
41081.2
41581.3
42081.1
42281.6
42351.4
42352.212
42452.2
42496.5
42952.3
43452.1
44122.6
44176.4
44177.212
44262.5
44277.2
44777.3
45277.1
45676.6
45733.4
45734.212
45834.2
45871.5
46334.3
46834.1
47143.4
47241.5
47296.6
47348.4
47349.212
47449.2
47449.5
47949.3
48449.1
49092.6
49136.211
49136.4
49137.1
49295.5
49366.6
49424.4
49425.212
49525.2
49531.5
50025.3
50525.1
50982.4
51029.5
51091.6
51140.211
51140.4
51141.1
51195.5
51262.6
51325.4
51326.212
51411.5
51426.2
51926.3
52426.1
53794.6
53874.4
53875.212
53964.5
53975.2
54475.3
54975.1
55537.4
55737.5
55803.6
55861.4
55862.212
55946.5
55962.2
56462.3
56962.1
57685.6
57751.4
57752.212
57852.2
58112.5
58352.3
58852.1
59922.4
59958.5
60052.6
60121.4
60122.212
60207.5
60222.2
60722.3
61222.1
62039.6
62091.4
62092.212
62170.5
62192.2
62692.3
63192.1
63646.4
63824.5
63970.6
64020.211
64020.4
64021.1
64096.5
64198.6
64264.4
64265.212
64363.5
64365.2
64865.3
65365.1
66168.4
66194.5
66253.6
66295.211
66295.4
66296.1
66356.5
66416.6
66464.211
66464.4
66465.1
66519.5
66620.6
66673.4
66674.212
66774.2
67004.5
67274.3
67774.1
67919.6
67962.211
67962.4
67963.1
68058.5
68110.6
68163.4
68164.212
68253.5
68264.2
68764.3
69264.1
69403.4
69469.5
69705.6
69755.211
69755.4
69756.1
69821.5
69882.6
69924.211
69924.4
69925.1
70021.5
70107.6
70151.211
70151.4
70152.1
70361.5
70462.6
70511.211
70511.4
70512.1
70649.5
70718.6
70778.4
70779.212
70879.2
71092.5
71379.3
71879.1
72616.4
72667.5
72736.6
72785.211
72785.4
72786.1
72846.5
73102.6
73171.4
73172.212
73272.2
73300.5
73772.3
74272.1
74870.6
74920.211
74920.4
74921.1
74954.5
75097.6
75176.4
75177.212
75277.2
75485.5
75777.3
76277.1
76847.4
76970.5
77036.6
77092.4
77093.212
77193.2
77202.5
77693.3
78193.1
78826.6
78890.4
78891.212
78966.5
78991.2
79491.3
79991.1
80429.6
80478.211
80478.4
80479.1
80636.5
80701.6
80745.211
80745.4
80746.1
80973.5
81036.6
81094.4
81095.212
81177.5
81195.2
81695.3
82195.1
83109.6
83138.6
83180.4
83181.212
83281.2
83295.5
83781.3
84281.1
84813.6
84868.4
84869.212
84969.2
85011.5
85469.3
85969.1
86534.6
86590.4
86591.212
86679.5
86691.2
87191.3
87691.1
88157.6
88208.4
88209.212
88309.2
88316.5
88809.3
89309.1
89548.6
89590.211
89590.4
89591.1
89677.5
89896.6
89952.4
89953.212
90053.2
90070.5
90189.4
90553.3
90881.5
91008.6
91050.4
91053.1
91119.5
91223.6
91282.4
91283.212
91364.5
91383.2
91883.3
92383.1
92930.4
93241.5
93344.6
93384.211
93384.4
93385.1
93465.5
93536.6
93580.211
93580.4
93581.1
93649.5
93720.6
93774.4
93775.212
93875.2
93888.5
94375.3
94875.1
95481.6
95522.211
95522.4
95523.1
95577.5
95642.6
95698.4
95699.212
95799.2
95839.5
96299.3
96799.1
97465.6
97517.4
97518.212
97612.5
97618.2
98118.3
98618.1
99337.4
99382.5
99550.4
99589.5
99737.6
99785.211
99785.4
99786.1
99912.5
99970.6
100011.211
100011.4
100012.1
100074.5
100130.6
100178.211
100178.4
100179.1
100281.5
100363.6
100429.4
100430.212
100515.5
100530.2
101030.3
101303.4
101305.5
101308.4
101507.5
101530.1
104123.4
104131.5
104857.6
104914.4
104915.212
105015.2
105036.5
105515.3
106015.1
106763.6
106817.4
106818.212
106918.2
106937.5
107418.3
107918.1
108705.6
108762.4
108763.212
108863.2
108890.5
109363.3
109863.1
110035.6
110752.6
110821.4
110822.212
110922.2
110989.5
111422.3
111922.1
114455.6
114498.211
114498.4
114499.1
114577.5
114621.6
114668.211
114668.4
114669.1
114729.5
115433.6
115484.4
115485.212
115585.2
115703.5
116085.3
116585.1
119180.6
119226.211
119226.4
119227.1
119275.5
119315.6
119396.4
119397.212
119497.2
119566.5
119997.3
120497.1
122065.6
122113.211
122113.4
122114.1
122167.5
124245.6
124288.211
124288.4
124289.1
124341.5
124387.6
124439.4
124440.212
124537.5
124540.2
125040.3
125540.1
125711.4
125839.5
126153.4
126232.5
126346.6
126398.4
126399.212
126484.5
126499.2
126763.4
126999.3
127192.5
127208.4
127211.5
127213.4
127282.5
127363.6
127406.4
127437.5
127499.1
128293.6
128339.211
128339.4
128340.1
128398.5
128445.6
128495.211
128495.4
128496.1
128547.5
128589.6
128637.211
128637.4
128638.1
128793.5
128838.6
128887.211
128887.4
128888.1
129003.5
129048.6
129118.4
129119.212
129202.5
129219.2
129719.3
130219.1
130338.4
130423.5
130478.6
130530.4
130531.212
130625.5
130631.2
131131.3
131631.1
131775.4
131833.5
131894.6
131951.4
131952.212
132046.5
132052.2
132552.3
133052.1
133439.6
133481.211
133481.4
133482.1
133596.5
133655.6
133708.4
133709.212
133793.5
133809.2
134309.3
134809.1
134875.6
134921.211
134921.4
134922.1
134963.5
135022.6
135078.4
135079.212
135179.2
135237.5
135679.3
136179.1
136502.6
136560.4
136561.212
136661.2
136685.5
137161.3
137661.1
137978.6
138024.211
138024.4
138025.1
138062.5
138103.6
138155.4
138156.212
138253.5
138256.2
138756.3
139256.1
139635.4
139659.5
139762.6
139810.211
139810.4
139811.1
139874.5
139936.6
139987.4
139988.212
140084.5
140088.2
140588.3
141088.1
144073.6
144124.4
144125.212
144225.2
144268.5
144725.3
145225.1
146037.6
146082.6
146339.4
146340.212
146440.2
146642.5
146646.4
146674.5
146940.3
147440.1
148349.6
148416.4
148417.212
148517.2
148532.5
148635.4
148678.5
149017.3
149517.1
149578.6
149616.211
149616.4
149617.1
149683.5
158569.6
158648.4
158649.212
158749.2
158871.5
158937.6
159249.3
159749.1
166163.6
166218.4
166219.212
166319.2
166424.5
166819.3
167319.1
168830.6
168879.211
168879.4
168880.1
169023.5
170102.6
170156.4
170157.212
170257.2
170312.5
170757.3
171257.1
171743.6
171790.211
171790.4
171791.1
171866.5
176279.6
176334.4
176335.212
176435.2
176541.5
176935.3
180000.9
123456789
11
05
15
11
05
15
3
FI
1
3
9
56
29
10
29
29
6
2
826
0
0
0
314159265
69
1
173
180000
314159265
0.1
366.6
419.4
420.212
512.5
520.2
1020.3
1107.6
1171.4
1256.5
1305.6
1321.6
1359.4
1401.5
1460.6
1520.1
1528.4
1554.5
1658.6
1715.4
1716.212
1816.2
2082.5
2201.6
2217.6
2316.3
2495.6
2539.4
2568.5
2671.6
2720.4
2816.1
2876.5
2878.4
2885.5
2933.6
2989.4
2990.212
3080.5
3090.2
3590.3
3815.6
4002.6
4090.1
4132.4
4158.5
4235.6
4281.211
4281.4
4282.1
4321.5
4390.6
4450.4
4451.212
4525.5
4551.2
4551.4
4607.5
5051.3
5370.6
5435.4
5551.1
5587.5
5669.6
5758.4
5759.212
5839.5
5859.2
6359.3
6761.6
6833.4
6859.1
6931.5
7039.6
7092.4
7093.212
7161.5
7193.2
7693.3
7836.4
8011.5
8193.1
8197.6
8247.211
8247.4
8248.1
8283.5
8384.6
8443.4
8444.212
8523.5
8544.2
9044.3
9544.1
9874.6
9925.4
9926.212
10026.2
10042.5
10526.3
10869.4
11026.1
11027.5
11095.6
11148.4
11149.212
11249.2
11258.5
11749.3
12249.1
12281.6
12333.4
12334.212
12415.5
12434.2
12934.3
13382.4
13384.5
13387.4
13434.1
13459.5
13568.6
13619.4
13620.212
13717.5
13720.2
14220.3
14720.1
14722.4
14923.5
16061.6
16118.4
16119.212
16213.5
16219.2
16719.3
17219.1
17631.6
17675.211
17675.4
17676.1
17908.5
17962.6
18012.211
18012.4
18013.1
18083.5
18160.6
18208.211
18208.4
18209.1
18293.5
18381.6
18433.4
18434.212
18534.2
18582.5
19034.3
19534.1
19858.6
19915.4
19916.212
20016.2
20078.5
20516.3
21016.1
21132.4
21206.5
21341.6
21413.4
21414.212
21514.2
21536.5
22014.3
22514.1
22603.4
22799.5
22881.6
22944.4
22945.212
23045.2
23065.5
23545.3
24045.1
24344.6
24415.4
24416.212
24516.2
24584.5
25016.3
25516.1
25753.6
25821.4
25822.212
25901.5
25922.2
26422.3
26922.1
27108.6
27182.4
27183.212
27274.5
27283.2
27783.3
28283.1
28488.4
28489.5
28495.4
28917.5
29020.6
29074.4
29075.212
29158.5
29175.2
29675.3
30175.1
30228.4
30340.5
30713.6
30761.211
30761.4
30762.1
30836.5
31027.6
31050.6
31104.4
31105.212
31191.5
31205.2
31705.3
32205.1
32642.4
32727.5
32806.6
32854.211
32854.4
32855.1
32985.5
33075.6
33130.4
33131.212
33217.5
33231.2
33731.3
34231.1
35027.4
35233.5
35316.6
35381.4
35382.212
35456.5
35482.2
35982.3
36482.1
36559.4
36629.5
36955.6
36999.211
36999.4
37000.1
37048.5
37117.6
37182.4
37183.212
37256.5
37283.2
37783.3
38283.1
38732.6
38791.4
38792.212
38857.5
38892.2
39392.3
39892.1
40398.6
40448.211
40448.4
40449.1
40502.5
40653.6
40706.4
40707.212
40807.2
40826.5
41307.3
41807.1
42323.6
42382.4
42383.212
42422.5
42439.4
42483.2
42520.5
42983.3
43483.1
44123.6
44178.4
44179.212
44262.5
44279.2
44779.3
45279.1
45774.4
45940.5
45993.6
46051.4
46052.212
46152.2
46152.5
46652.3
47152.1
47820.6
47860.211
47860.4
47861.1
47965.5
48027.6
48072.211
48072.4
48073.1
48161.5
48252.6
48302.211
48302.4
48303.1
48416.5
48488.6
48559.4
48560.212
48646.5
48660.2
49160.3
49660.1
50258.6
50321.4
50322.212
50411.5
50422.2
50922.3
51422.1
51567.4
51717.5
51879.6
51935.4
51936.212
52032.5
52036.2
52536.3
53036.1
53493.6
53558.4
53559.212
53659.2
53660.5
54159.3
54659.1
55161.6
55218.4
55219.212
55304.5
55319.2
55819.3
55963.4
56027.5
56319.1
57610.4
57646.5
57735.6
57799.4
57800.212
57880.5
57900.2
58400.3
58900.1
59275.4
59278.5
59281.4
59326.5
59401.4
59503.5
59625.6
59677.4
59678.212
59761.5
59778.2
60278.3
60778.1
61049.4
61102.5
61170.6
61235.4
61236.212
61336.2
61362.5
61836.3
62336.1
63080.6
63151.4
63152.212
63252.2
63262.5
63752.3
64252.1
65023.6
65143.4
65144.212
65244.2
65450.5
65744.3
66244.1
67524.6
67567.211
67567.4
67568.1
67687.5
67758.6
67797.211
67797.4
67798.1
67917.5
67984.6
68030.211
68030.4
68031.1
68168.5
69099.6
69145.211
69145.4
69146.1
69215.5
69302.6
69379.4
69380.212
69480.2
69519.5
69563.4
69732.5
69873.4
69980.3
70031.5
70427.4
70474.5
70480.1
70545.6
70593.211
70593.4
70594.1
70665.5
70750.6
70798.211
70798.4
70799.1
70864.5
70950.6
70997.211
70997.4
70998.1
71085.5
71361.4
71401.5
71474.6
71522.211
71522.4
71523.1
71554.5
71986.6
72040.4
72041.212
72141.2
72156.5
72641.3
73141.1
73681.4
73733.5
73826.6
73870.211
73870.4
73871.1
73934.5
74015.6
74067.4
74068.212
74161.5
74168.2
74668.3
75168.1
75471.4
75621.5
75720.6
75773.4
75774.212
75868.5
75874.2
76374.3
76874.1
77137.4
77270.5
77425.6
77478.4
77479.212
77565.5
77579.2
78079.3
78579.1
78783.4
78863.5
78967.6
79003.211
79003.4
79004.1
79051.5
79143.6
79186.211
79186.4
79187.1
79242.5
79434.6
79485.4
79486.212
79584.5
79586.2
80086.3
80586.1
80998.6
81041.211
81041.4
81042.1
81295.5
81351.6
81400.211
81400.4
81401.1
81485.5
81486.4
81504.5
81580.6
81634.4
81635.212
81735.2
81900.5
81928.4
82235.3
82375.5
82377.4
82547.5
82657.6
82701.4
82735.1
82786.5
82985.6
83036.4
83037.212
83131.5
83137.2
83637.3
84137.1
84315.4
84428.5
84550.6
84600.211
84600.4
84601.1
84715.5
84775.6
84825.211
84825.4
84826.1
84931.5
85026.6
85095.4
85096.212
85196.2
85216.5
85696.3
86196.1
86518.4
86653.5
90964.6
91023.4
91024.212
91124.2
91204.5
91624.3
92124.1
93511.6
93565.4
93566.212
93666.2
93898.5
94166.3
94487.4
94631.5
94666.1
94756.6
94800.211
94800.4
94801.1
94834.5
94914.6
94960.211
94960.4
94961.1
95121.5
95167.6
95231.4
95232.212
95332.2
95481.5
95832.3
96332.1
96655.4
96756.5
96831.6
96880.211
96880.4
96881.1
96977.5
97032.6
97092.4
97093.212
97193.2
97291.5
97693.3
98193.1
98388.6
98456.4
98457.212
98557.2
98692.5
99057.3
99557.1
99647.4
99817.5
100953.6
101027.4
101028.212
101128.2
101228.5
101628.3
102128.1
102436.6
102487.4
102488.212
102588.2
102753.5
103088.3
103588.1
104131.6
104173.211
104173.4
104174.1
104246.5
104301.6
104378.4
104379.212
104479.2
104509.5
104629.4
104765.5
104979.3
105479.1
106120.4
106229.5
106351.4
106415.5
106535.6
106578.211
106578.4
106579.1
106629.5
106708.6
106754.211
106754.4
106755.1
107007.5
107076.6
107149.4
107150.212
107236.5
107250.2
107750.3
108250.1
108523.6
108563.211
108563.4
108564.1
108611.5
108688.6
108730.211
108730.4
108731.1
108885.5
108973.6
109033.4
109034.212
109116.5
109134.2
109634.3
110134.1
110438.4
110567.5
110658.6
110700.211
110700.4
110701.1
110736.5
110831.6
110869.211
110869.4
110870.1
111040.5
111092.6
111141.211
111141.4
111142.1
111173.5
111252.6
111310.4
111311.212
111411.2
111425.5
111911.3
112411.1
115093.6
115149.4
115150.212
115250.2
115252.5
115750.3
116250.1
116528.4
116626.5
116723.6
116818.4
116819.212
116919.2
117091.5
117169.6
117419.3
117919.1
120194.4
120197.5
135504.4
135619.5
135770.4
135997.5
136083.4
136237.5
136253.4
136256.5
136350.6
136416.4
136417.212
136517.2
136618.5
137017.3
137517.1
140871.6
140929.4
140930.212
141030.2
141086.5
141305.4
141502.5
141530.3
142030.1
146516.6
146902.6
146999.4
147000.212
147100.2
147180.5
147600.3
148100.1
148563.8
149907.6
149988.4
149989.212
150089.2
150151.5
150589.3
150861.6
151089.1
160503.4
160504.5
160510.4
160511.5
160641.4
160643.5
166445.6
166518.4
166519.212
166619.2
166710.5
167119.3
167619.1
167936.4
168025.5
169278.4
169423.5
173303.6
173370.4
173371.212
173471.2
173635.5
173971.3
174471.1
176476.6
176535.4
176536.212
176636.2
176792.5
177136.3
177636.1
178323.6
178396.4
178397.212
178497.2
178528.5
178997.3
179497.1
179716.4
180000.9
123456789
11
06
15
11
06
15
3
FI
1
3
9
53
06
10
26
06
6
2
1904
0
0
0
314159265
19
4
405
180000
314159265
0.1
366.4
408.5
455.6
507.211
507.4
508.1
553.5
594.6
657.211
657.4
658.1
701.5
787.6
848.211
848.4
849.1
903.5
946.6
1163.6
1234.211
1234.4
1235.1
1289.5
1339.6
1385.6
1433.211
1433.4
1434.1
1461.5
1509.6
1681.211
1681.4
1682.1
1723.5
1803.6
2268.6
3087.6
3167.4
3168.212
3250.5
3268.2
3768.3
3852.4
3913.5
4006.6
4049.6
4100.4
4153.5
4268.1
4377.6
4425.211
4425.4
4426.1
4490.5
4547.6
4608.211
4608.4
4609.1
4818.5
4877.6
4946.211
4946.4
4947.1
5064.5
5117.6
5188.211
5188.4
5189.1
5244.5
5333.6
5457.6
5509.211
5509.4
5510.1
5583.5
5694.6
5767.211
5767.4
5768.1
5924.5
6068.6
6140.211
6140.4
6141.1
6306.5
6378.6
6446.211
6446.4
6447.1
6496.5
6539.6
6581.6
6634.211
6634.4
6635.1
6783.5
6840.6
6944.211
6944.4
6945.1
6995.5
7232.4
7260.5
7479.4
7624.5
7685.6
7755.211
7755.4
7756.1
7795.5
7883.6
7968.211
7968.4
7969.1
8047.5
8367.6
8427.211
8427.4
8428.1
8483.5
8536.6
8628.211
8628.4
8629.1
8818.5
8913.6
8971.211
8971.4
8972.1
9139.5
9203.6
9300.211
9300.4
9301.1
9426.5
9520.6
9601.211
9601.4
9602.1
9675.5
9726.6
9855.6
9865.6
9921.211
9921.4
9922.1
9990.5
10067.6
10150.211
10150.4
10151.1
10161.5
10414.6
10465.211
10465.4
10466.1
10578.5
10643.6
10747.6
10790.211
10790.4
10791.1
10967.5
10970.4
10972.5
11093.6
11153.211
11153.4
11154.1
11186.5
12218.6
12288.211
12288.4
12289.1
12334.5
12399.6
12459.211
12459.4
12460.1
12520.5
12591.6
12670.211
12670.4
12671.1
12714.5
12834.6
12900.211
12900.4
12901.1
12930.5
13331.6
13383.211
13383.4
13384.1
13439.5
13479.6
13546.6
13635.211
13635.4
13636.1
13719.5
13816.6
13894.211
13894.4
13895.1
13923.5
14377.6
14452.211
14452.4
14453.1
14492.5
14537.6
14636.211
14636.4
14637.1
14843.5
15014.6
15070.211
15070.4
15071.1
15096.5
15200.6
15288.211
15288.4
15289.1
15460.5
15550.6
15616.211
15616.4
15617.1
15698.5
15848.6
16263.6
16320.4
16321.212
16421.2
16430.5
16921.3
17354.4
17421.1
17533.5
17742.6
17808.211
17808.4
17809.1
17913.5
17988.6
18057.211
18057.4
18058.1
18165.5
18256.6
18348.211
18348.4
18349.1
18394.5
18522.6
18597.211
18597.4
18598.1
18637.5
19015.6
19067.211
19067.4
19068.1
19104.5
19170.6
19223.211
19223.4
19224.1
19389.5
19458.6
19512.211
19512.4
19513.1
19611.5
19612.4
19615.5
19622.4
19632.5
19685.6
19751.211
19751.4
19752.1
19809.5
19893.6
19967.211
19967.4
19968.1
20015.5
20132.6
20195.211
20195.4
20196.1
20283.5
20478.6
20533.211
20533.4
20534.1
20641.5
20696.6
20764.211
20764.4
20765.1
20814.5
20882.6
20970.211
20970.4
20971.1
21087.5
21259.6
21310.211
21310.4
21311.1
21341.5
21506.4
21542.5
21590.6
21675.211
21675.4
21676.1
21868.5
21946.6
22014.211
22014.4
22015.1
22073.5
22609.6
22614.6
22675.211
22675.4
22676.1
22742.5
22785.6
22846.211
22846.4
22847.1
22989.5
23067.6
23146.211
23146.4
23147.1
23220.5
23312.6
23384.211
23384.4
23385.1
23719.5
23842.6
23915.211
23915.4
23916.1
24111.5
24179.6
24256.211
24256.4
24257.1
24288.5
24652.6
24700.211
24700.4
24701.1
24739.5
24776.4
24965.5
25020.6
25180.6
25247.211
25247.4
25248.1
25285.5
25775.6
25824.211
25824.4
25825.1
25901.5
25952.6
26030.211
26030.4
26031.1
26171.5
26290.6
26857.6
26936.4
26937.212
27037.2
27075.5
27537.3
27573.4
27846.5
27946.6
28021.4
28037.1
28156.5
28270.6
28321.211
28321.4
28322.1
28394.5
28529.6
28803.211
28803.4
28804.1
28981.5
29048.6
29109.211
29109.4
29110.1
29228.5
29271.6
29400.211
29400.4
29401.1
29458.5
30603.6
30701.211
30701.4
30702.1
30742.5
30820.6
30915.211
30915.4
30916.1
30946.5
31119.6
31661.6
31726.4
31727.212
31819.5
31827.2
32327.3
32462.4
32633.5
32822.6
32827.1
32899.4
32927.5
33012.6
33104.211
33104.4
33105.1
33208.5
33549.6
33620.211
33620.4
33621.1
33680.5
33735.6
34338.6
34395.4
34396.212
34486.5
34496.2
34996.3
35496.1
36830.6
36897.211
36897.4
36898.1
37166.5
37218.6
37284.211
37284.4
37285.1
37315.5
37812.6
37881.211
37881.4
37882.1
37934.5
37996.6
38570.6
38647.4
38648.212
38748.2
38800.5
39248.3
39748.1
39769.4
39832.5
40308.6
40380.211
40380.4
40381.1
40479.5
40548.6
40631.211
40631.4
40632.1
40685.5
41080.6
41148.211
41148.4
41149.1
41209.5
41218.4
41234.5
41994.6
42042.211
42042.4
42043.1
42095.5
42531.6
42601.211
42601.4
42602.1
42862.5
42925.6
42970.211
42970.4
42971.1
43082.5
43129.6
43186.211
43186.4
43187.1
43211.5
43266.6
43309.6
43360.211
43360.4
43361.1
43417.5
43465.6
43526.6
43577.211
43577.4
43578.1
43702.5
43827.6
43883.211
43883.4
43884.1
43937.5
44059.6
44117.211
44117.4
44118.1
44236.5
44832.6
44884.211
44884.4
44885.1
45011.5
45069.6
45429.6
45490.4
45491.212
45571.5
45591.2
46091.3
46246.4
46321.5
46443.6
46591.1
46761.6
46830.211
46830.4
46831.1
46875.5
47839.6
47889.211
47889.4
47890.1
47948.5
48023.6
48086.211
48086.4
48087.1
48245.5
48308.6
48374.211
48374.4
48375.1
48473.5
48539.6
48599.211
48599.4
48600.1
48701.5
48845.6
48880.211
48880.4
48881.1
48957.5
48958.4
48961.5
49619.6
49690.211
49690.4
49691.1
49776.5
49838.6
49900.211
49900.4
49901.1
49922.5
50335.6
50395.211
50395.4
50396.1
50668.5
50771.6
50846.211
50846.4
50847.1
50887.5
51562.6
51618.211
51618.4
51619.1
51718.5
51773.6
51831.211
51831.4
51832.1
51923.5
52069.4
52143.5
52345.6
52405.211
52405.4
52406.1
52462.5
52469.4
52474.5
52734.4
52831.5
52890.6
52948.211
52948.4
52949.1
52991.5
53076.6
53138.211
53138.4
53139.1
53286.5
53290.4
53369.5
53434.6
53515.211
53515.4
53516.1
53586.5
53707.6
53768.211
53768.4
53769.1
53815.5
54209.6
54266.211
54266.4
54267.1
54315.5
54532.6
54607.211
54607.4
54608.1
54640.5
55534.6
55620.211
55620.4
55621.1
55725.5
55772.6
55856.211
55856.4
55857.1
55933.5
56025.6
56116.211
56116.4
56117.1
56155.5
56376.4
56432.5
56948.6
57009.211
57009.4
57010.1
57205.5
57214.4
57279.5
57351.4
57451.5
57549.4
57754.5
57862.6
57926.211
57926.4
57927.1
57966.5
58061.6
58126.211
58126.4
58127.1
58185.5
58437.6
58503.211
58503.4
58504.1
58584.5
58627.4
58704.5
58706.4
58707.5
58953.6
59013.211
59013.4
59014.1
59050.5
59552.6
59609.211
59609.4
59610.1
59665.5
59754.6
59831.211
59831.4
59832.1
60009.5
60042.4
60070.5
60214.6
60261.211
60261.4
60262.1
60299.5
60911.4
61028.5
61233.6
61301.211
61301.4
61302.1
61357.5
61399.6
61506.211
61506.4
61507.1
61553.5
61609.6
61680.211
61680.4
61681.1
61781.5
61839.6
61934.211
61934.4
61935.1
62083.5
62186.6
62239.211
62239.4
62240.1
62273.5
62575.6
62632.211
62632.4
62633.1
62656.5
63284.6
63350.211
63350.4
63351.1
63380.5
63440.6
63499.211
63499.4
63500.1
63536.5
64268.6
64324.211
64324.4
64325.1
64562.5
64637.6
64692.211
64692.4
64693.1
64760.5
64996.6
65054.211
65054.4
65055.1
65095.5
65102.4
65142.5
65920.6
65989.211
65989.4
65990.1
66052.5
66153.6
66228.211
66228.4
66229.1
66325.5
67125.6
67187.211
67187.4
67188.1
67269.5
67327.6
67385.211
67385.4
67386.1
67423.5
67491.6
67563.211
67563.4
67564.1
67667.5
67772.6
67927.6
68021.211
68021.4
68022.1
68059.5
68100.6
68203.211
68203.4
68204.1
68652.5
68654.4
68659.5
68676.4
68680.5
68750.6
69055.6
69143.4
69144.212
69231.5
69244.2
69744.3
69957.4
70186.5
70244.1
70339.6
70409.211
70409.4
70410.1
70521.5
70665.6
70734.211
70734.4
70735.1
70802.5
70992.6
71050.211
71050.4
71051.1
71131.5
71419.6
71493.211
71493.4
71494.1
71676.5
71787.6
71862.211
71862.4
71863.1
71932.5
72088.6
72145.211
72145.4
72146.1
72205.5
72271.6
72330.211
72330.4
72331.1
72443.5
72505.4
72645.5
72741.6
72811.211
72811.4
72812.1
73125.5
73279.6
73339.211
73339.4
73340.1
73435.5
73715.6
73795.211
73795.4
73796.1
73869.5
74015.6
74075.211
74075.4
74076.1
74111.5
74327.6
74421.211
74421.4
74422.1
74483.5
74643.6
74700.211
74700.4
74701.1
74759.5
75158.6
75228.211
75228.4
75229.1
75410.5
75588.6
75646.211
75646.4
75647.1
75742.5
75995.6
76072.211
76072.4
76073.1
76160.5
76996.6
77083.211
77083.4
77084.1
77191.5
77254.6
77346.211
77346.4
77347.1
77440.5
77515.6
77577.211
77577.4
77578.1
77669.5
77745.6
77811.211
77811.4
77812.1
77897.5
77899.4
78006.5
78212.4
78353.5
78357.4
78360.5
78368.4
78450.5
78578.8
78585.8
78715.4
78768.5
78863.6
78988.211
78988.4
78989.1
79120.5
79129.4
79130.5
79138.4
79143.5
79147.4
79150.5
79482.6
79538.211
79538.4
79539.1
80014.5
80113.6
80173.211
80173.4
80174.1
80241.5
80358.6
80415.211
80415.4
80416.1
80535.5
80592.6
80661.211
80661.4
80662.1
80723.5
81322.6
81392.211
81392.4
81393.1
81590.5
81633.6
81762.211
81762.4
81763.1
81818.5
81863.6
81934.211
81934.4
81935.1
82053.5
82115.6
82193.211
82193.4
82194.1
82260.5
82346.6
82423.211
82423.4
82424.1
82505.5
83030.6
83092.211
83092.4
83093.1
83157.5
83762.6
83817.211
83817.4
83818.1
83878.5
83949.6
84006.211
84006.4
84007.1
84040.5
84546.6
84601.211
84601.4
84602.1
84678.5
85280.6
85362.211
85362.4
85363.1
85456.5
85499.6
85557.211
85557.4
85558.1
85589.5
86464.6
86530.211
86530.4
86531.1
86627.5
86672.6
86737.211
86737.4
86738.1
86896.5
86947.6
87121.6
88021.6
88101.4
88102.212
88184.5
88202.2
88702.3
88825.4
88975.5
89202.1
89581.6
89647.211
89647.4
89648.1
89716.5
89988.6
90075.211
90075.4
90076.1
90131.5
90475.6
90574.211
90574.4
90575.1
90614.5
91545.6
91594.211
91594.4
91595.1
91644.5
92675.6
92781.211
92781.4
92782.1
92828.5
93090.6
93151.211
93151.4
93152.1
93186.5
93452.6
93520.211
93520.4
93521.1
93748.5
93832.6
93905.211
93905.4
93906.1
93995.5
94767.6
94832.211
94832.4
94833.1
94983.5
95721.6
95785.211
95785.4
95786.1
95840.5
97004.6
97075.211
97075.4
97076.1
97250.5
97302.6
97442.6
98115.6
98182.4
98183.212
98283.2
98283.5
98783.3
98917.4
99083.5
99283.1
99639.6
100174.6
100251.4
100252.212
100352.2
100363.5
100852.3
100859.4
101047.5
101243.4
101352.1
101564.5
101819.6
101905.211
101905.4
101906.1
101954.5
102599.6
102679.211
102679.4
102680.1
102752.5
103060.6
103129.211
103129.4
103130.1
103166.5
103614.6
103689.211
103689.4
103690.1
103820.5
104081.6
104186.211
104186.4
104187.1
104270.5
104323.6
104583.6
104646.4
104647.212
104725.5
104747.2
105247.3
105625.4
105747.1
105782.5
105917.4
105974.5
106162.6
106249.211
106249.4
106250.1
106328.5
106469.6
106534.211
106534.4
106535.1
106577.5
106792.6
106843.211
106843.4
106844.1
106973.5
107351.6
107407.211
107407.4
107408.1
107450.5
107802.6
107857.211
107857.4
107858.1
107901.5
108143.6
108198.211
108198.4
108199.1
108267.5
108525.6
108583.211
108583.4
108584.1
108669.5
108808.6
108874.211
108874.4
108875.1
108968.5
109026.6
109100.211
109100.4
109101.1
109254.5
109353.6
109415.211
109415.4
109416.1
109510.5
109689.6
109748.211
109748.4
109749.1
109784.5
110206.6
110263.211
110263.4
110264.1
110319.5
110389.6
110538.6
110611.211
110611.4
110612.1
110644.5
111331.6
111412.211
111412.4
111413.1
111474.5
112050.6
112114.211
112114.4
112115.1
112182.5
112792.6
112852.211
112852.4
112853.1
113003.5
113119.6
113183.211
113183.4
113184.1
113263.5
113550.6
113634.211
113634.4
113635.1
113762.5
113951.6
114020.211
114020.4
114021.1
114115.5
114163.6
114219.211
114219.4
114220.1
114297.5
114348.6
114435.6
114484.211
114484.4
114485.1
114607.5
114982.6
115036.211
115036.4
115037.1
115071.5
115117.6
115196.211
115196.4
115197.1
115223.5
115761.6
115813.211
115813.4
115814.1
115906.5
115953.6
116028.211
116028.4
116029.1
116236.5
116377.6
116435.211
116435.4
116436.1
116561.5
117292.6
117347.211
117347.4
117348.1
117395.5
117478.6
117535.211
117535.4
117536.1
117648.5
117664.4
117706.5
117718.4
117848.5
117910.6
117987.211
117987.4
117988.1
118044.5
118359.6
118422.211
118422.4
118423.1
118518.5
119163.6
119226.211
119226.4
119227.1
119286.5
119965.6
120033.211
120033.4
120034.1
120078.5
120127.6
120280.6
120722.6
120773.4
120774.212
120855.5
120874.2
121374.3
121642.4
121863.5
121874.1
121997.6
122073.211
122073.4
122074.1
122168.5
122326.6
122416.211
122416.4
122417.1
122503.5
122740.6
122801.211
122801.4
122802.1
122906.5
123094.6
123157.211
123157.4
123158.1
123196.5
123718.6
123786.211
123786.4
123787.1
123914.5
123996.6
124093.211
124093.4
124094.1
124126.5
124320.6
124389.211
124389.4
124390.1
124522.5
124713.4
124806.5
124886.6
124890.6
124953.211
124953.4
124954.1
124980.5
125471.6
125532.211
125532.4
125533.1
125592.5
125881.6
125954.211
125954.4
125955.1
125989.5
126428.6
126496.211
126496.4
126497.1
126547.5
127164.6
127232.211
127232.4
127233.1
127381.5
127557.6
127641.211
127641.4
127642.1
127672.5
128394.6
128473.211
128473.4
128474.1
128533.5
128584.6
128823.6
129606.6
129664.4
129665.212
129750.5
129765.2
130265.3
130346.4
130348.5
130350.4
130609.5
130614.4
130651.5
130765.1
131557.6
131611.211
131611.4
131612.1
131656.5
132231.6
132284.211
132284.4
132285.1
132446.5
132505.6
132960.6
133017.4
133018.212
133118.2
133121.5
133618.3
134065.4
134118.1
134166.5
135072.6
135154.211
135154.4
135155.1
135204.5
135827.6
135905.211
135905.4
135906.1
135972.5
136786.6
136837.211
136837.4
136838.1
136892.5
137923.6
137991.211
137991.4
137992.1
138036.5
138846.6
138851.6
138903.211
138903.4
138904.1
138955.5
140025.6
140077.211
140077.4
140078.1
140271.5
141090.6
141149.211
141149.4
141150.1
141197.5
141251.6
141317.211
141317.4
141318.1
141378.5
142125.6
142172.211
142172.4
142173.1
142263.5
142975.6
143040.211
143040.4
143041.1
143105.5
143167.6
143246.211
143246.4
143247.1
143303.5
144263.6
144320.211
144320.4
144321.1
144358.5
145060.6
145130.211
145130.4
145131.1
145232.5
145302.6
145361.211
145361.4
145362.1
145524.5
145576.6
146094.6
146146.4
146147.212
146224.5
146247.2
146747.3
147000.4
147068.5
147247.1
147353.6
147410.211
147410.4
147411.1
147463.5
147668.6
147736.211
147736.4
147737.1
147808.5
148105.6
148167.211
148167.4
148168.1
148199.5
148481.6
148540.211
148540.4
148541.1
148715.5
148933.6
148986.211
148986.4
148987.1
149042.5
149099.6
149170.211
149170.4
149171.1
149228.5
149339.6
149391.211
149391.4
149392.1
149463.5
149764.6
149820.211
149820.4
149821.1
149875.5
149919.4
149981.5
150137.6
150184.6
150223.211
150223.4
150224.1
150277.5
150811.6
150874.211
150874.4
150875.1
150915.5
151995.6
152055.211
152055.4
152056.1
152207.5
152340.6
152466.6
152527.211
152527.4
152528.1
152653.5
152771.6
152843.211
152843.4
152844.1
152918.5
153319.6
153386.211
153386.4
153387.1
153432.5
153481.6
153566.211
153566.4
153567.1
153637.5
153749.6
153811.211
153811.4
153812.1
153877.5
154466.6
154542.211
154542.4
154543.1
154581.5
154932.6
154977.211
154977.4
154978.1
155006.5
155772.6
155834.211
155834.4
155835.1
155885.5
156542.6
156609.211
156609.4
156610.1
156684.5
156728.6
156882.6
157275.6
157339.4
157340.212
157440.2
157464.5
157940.3
158411.4
158440.1
158486.5
158742.6
158820.211
158820.4
158821.1
158867.5
159136.6
159196.211
159196.4
159197.1
159239.5
159633.6
159701.211
159701.4
159702.1
159720.5
159792.6
159836.6
159882.211
159882.4
159883.1
159920.5
160827.6
160883.211
160883.4
160884.1
161040.5
161255.6
161327.211
161327.4
161328.1
161369.5
161600.6
161657.211
161657.4
161658.1
161695.5
162131.6
162192.211
162192.4
162193.1
162229.5
162651.6
162716.211
162716.4
162717.1
162835.5
162981.6
163616.6
163678.4
163679.212
163761.5
163779.2
164279.3
164351.4
164531.5
164533.4
164697.5
164779.1
165333.6
165401.211
165401.4
165402.1
165439.5
165923.4
165965.5
166014.6
166241.6
166361.4
166362.212
166449.5
166462.2
166962.3
167340.4
167444.5
167462.1
167733.6
167794.211
167794.4
167795.1
167859.5
168460.6
168533.211
168533.4
168534.1
168580.5
168863.4
169075.5
169129.6
169210.211
169210.4
169211.1
169238.5
169393.6
169473.211
169473.4
169474.1
169582.5
169891.6
169954.211
169954.4
169955.1
170012.5
170315.6
170380.211
170380.4
170381.1
170422.5
170582.4
170624.5
170667.6
170763.211
170763.4
170764.1
171009.5
171063.6
171135.211
171135.4
171136.1
171191.5
171299.6
171348.211
171348.4
171349.1
171454.5
171517.6
171587.211
171587.4
171588.1
171661.5
171831.4
171867.5
171970.6
172035.211
172035.4
172036.1
172070.5
172408.6
172463.211
172463.4
172464.1
172501.5
172626.6
172683.211
172683.4
172684.1
172743.5
172747.4
172751.5
173199.6
173284.211
173284.4
173285.1
173335.5
173402.6
173463.211
173463.4
173464.1
173514.5
174045.6
174100.211
174100.4
174101.1
174312.5
174491.6
174546.211
174546.4
174547.1
174574.5
174839.4
174854.5
174977.6
175041.211
175041.4
175042.1
175109.5
175157.6
175231.211
175231.4
175232.1
175292.5
175466.6
175543.211
175543.4
175544.1
175759.5
175813.6
175872.211
175872.4
175873.1
176005.5
176055.6
176134.211
176134.4
176135.1
176158.5
176270.6
176319.211
176319.4
176320.1
176372.5
176618.8
176650.8
176963.6
177029.211
177029.4
177030.1
177091.5
177258.4
177293.5
178148.6
178223.211
178223.4
178224.1
178322.5
178357.6
178421.211
178421.4
178422.1
178532.5
178575.6
178680.211
178680.4
178681.1
178750.5
178753.4
178759.5
178809.6
178886.211
178886.4
178887.1
178938.5
179042.6
179098.211
179098.4
179099.1
179212.5
179266.6
179385.211
179385.4
179386.1
179526.5
179759.6
179804.211
179804.4
179805.1
180000.9
123456789
11
07
15
11
07
15
3
FI
1
3
9
50
03
10
23
03
6
2
1632
0
0
0
314159265
15
1
384
180000
314159265
0.1
586.6
653.211
653.4
654.1
690.5
780.6
846.211
846.4
847.1
935.5
1518.6
1578.211
1578.4
1579.1
1641.5
2221.6
2366.6
2736.6
2813.4
2814.212
2901.5
2914.2
3414.3
3664.4
3781.5
3914.1
3956.6
4025.211
4025.4
4026.1
4059.5
4189.6
4246.211
4246.4
4247.1
4289.5
4636.6
4707.211
4707.4
4708.1
4844.5
4913.6
4995.211
4995.4
4996.1
5067.5
5358.6
5433.211
5433.4
5434.1
5490.5
5595.6
5653.211
5653.4
5654.1
5686.5
5853.4
5926.5
6118.6
6180.211
6180.4
6181.1
6219.5
6302.6
6363.211
6363.4
6364.1
6452.5
6956.6
7015.211
7015.4
7016.1
7062.5
7562.6
7638.211
7638.4
7639.1
7669.5
8230.6
8305.211
8305.4
8306.1
8351.5
9101.6
9189.211
9189.4
9190.1
9266.5
9397.6
9497.211
9497.4
9498.1
9499.5
9503.4
9593.5
9673.6
9767.211
9767.4
9768.1
9835.5
10598.6
10816.6
11100.4
11101.212
11188.5
11201.2
11701.3
11850.4
11955.5
12201.1
12534.6
12602.211
12602.4
12603.1
12642.5
12907.6
12966.211
12966.4
12967.1
12998.5
13260.6
13350.211
13350.4
13351.1
13429.5
13702.6
13718.6
13934.6
13979.211
13979.4
13980.1
14051.5
14589.6
14652.211
14652.4
14653.1
14933.5
15029.6
15155.211
15155.4
15156.1
15256.5
15353.6
15418.211
15418.4
15419.1
15477.5
16120.6
16176.211
16176.4
16177.1
16222.5
16434.4
16548.5
16760.6
17052.6
17154.4
17155.212
17232.5
17255.2
17755.3
17977.4
18047.5
18255.1
18486.6
18545.211
18545.4
18546.1
18582.5
18996.6
19358.4
19359.212
19448.5
19459.2
19959.3
20424.4
20459.1
20489.5
21086.6
21208.211
21208.4
21209.1
21251.5
21580.4
21617.5
21745.6
21871.211
21871.4
21872.1
21930.5
22073.4
22106.5
22217.6
22310.211
22310.4
22311.1
22371.5
22548.6
22621.211
22621.4
22622.1
22809.5
23018.6
23116.211
23116.4
23117.1
23161.5
23420.6
23470.211
23470.4
23471.1
23663.5
24238.6
24298.211
24298.4
24299.1
24360.5
24552.4
24620.5
24728.6
24794.211
24794.4
24795.1
24868.5
24996.4
25034.5
25415.6
25492.211
25492.4
25493.1
25577.5
25891.6
25949.211
25949.4
25950.1
26014.5
26174.4
26290.5
26349.6
26406.211
26406.4
26407.1
26549.5
26715.6
26768.211
26768.4
26769.1
26823.5
26828.4
26849.5
27266.6
27322.211
27322.4
27323.1
27350.5
27407.4
27520.5
27603.6
27651.6
27680.211
27680.4
27681.1
27721.5
28733.6
28807.211
28807.4
28808.1
28863.5
29384.6
29439.211
29439.4
29440.1
29474.5
29885.6
29939.211
29939.4
29940.1
29975.5
30159.4
30333.5
30435.6
30498.211
30498.4
30499.1
30533.5
31105.6
31168.211
31168.4
31169.1
31226.5
31785.6
31852.211
31852.4
31853.1
31896.5
32770.6
32826.211
32826.4
32827.1
32884.5
33483.6
33542.211
33542.4
33543.1
33584.5
33827.4
33875.5
34349.6
34407.211
34407.4
34408.1
34443.5
34519.6
34603.211
34603.4
34604.1
34683.5
34753.6
34850.211
34850.4
34851.1
34909.5
35347.6
35421.211
35421.4
35422.1
35473.5
35812.4
35849.5
36406.6
36450.211
36450.4
36451.1
36491.5
37203.6
37214.6
37273.211
37273.4
37274.1
37316.5
37368.6
37446.211
37446.4
37447.1
37575.5
37865.6
37927.211
37927.4
37928.1
37984.5
38244.4
38321.5
38548.4
38590.5
38599.4
38609.5
38611.4
38618.5
40329.4
40335.5
40337.4
40561.5
40705.4
40804.5
40860.4
40952.5
41063.4
41146.5
41156.4
41186.5
41210.4
41768.5
41783.4
41805.5
41913.4
42545.5
42834.6
42910.211
42910.4
42911.1
42962.5
43178.6
43242.211
43242.4
43243.1
43292.5
43582.4
43626.5
43682.6
43701.6
43782.211
43782.4
43783.1
43784.5
43957.6
44031.211
44031.4
44032.1
44470.5
44490.4
44501.5
44505.4
44597.5
44610.4
45010.5
45033.4
45117.5
45297.6
45414.211
45414.4
45415.1
45462.5
45986.8
46082.4
46231.5
46251.4
46259.5
46379.6
46401.6
46446.211
46446.4
46447.1
46498.5
46511.4
46547.5
46678.6
46728.211
46728.4
46729.1
46789.5
46937.4
47017.5
47021.4
47027.5
47029.4
47031.5
47034.4
47037.5
47211.4
47272.5
47275.4
47278.5
47378.4
47390.5
47479.4
47513.5
47515.4
47541.5
47691.6
47750.211
47750.4
47751.1
47790.5
47890.6
48212.4
48213.212
48311.5
48313.2
48788.4
48813.3
48991.5
48997.4
49033.5
49313.1
49414.6
49474.211
49474.4
49475.1
49543.5
49876.6
49937.211
49937.4
49938.1
49977.5
50038.6
50120.211
50120.4
50121.1
50191.5
50244.6
50344.211
50344.4
50345.1
50418.5
50582.4
50613.5
50703.6
50877.211
50877.4
50878.1
50925.5
51036.6
51098.211
51098.4
51099.1
51229.5
51565.4
51693.5
51822.6
51871.211
51871.4
51872.1
51911.5
52008.4
52195.5
52641.6
52720.211
52720.4
52721.1
52795.5
52923.4
53226.5
53754.6
53819.211
53819.4
53820.1
53868.5
54437.6
54488.211
54488.4
54489.1
54744.5
54919.6
54979.211
54979.4
54980.1
55126.5
55293.6
55557.211
55557.4
55558.1
55631.5
55677.6
55747.211
55747.4
55748.1
55849.5
55898.6
55981.211
55981.4
55982.1
56022.5
56117.6
56184.211
56184.4
56185.1
56251.5
56328.6
56387.211
56387.4
56388.1
56450.5
56499.6
56603.211
56603.4
56604.1
56662.5
56705.6
56848.211
56848.4
56849.1
56920.5
57001.6
57107.211
57107.4
57108.1
57319.5
57320.4
57322.5
57326.4
57331.5
57768.6
57837.211
57837.4
57838.1
57954.5
58139.4
58199.5
58462.4
58534.5
58590.6
58653.211
58653.4
58654.1
58685.5
58739.6
59416.6
59474.4
59475.212
59570.5
59575.2
60075.3
60430.4
60541.5
60575.1
60846.6
60932.211
60932.4
60933.1
61141.5
61297.6
61344.211
61344.4
61345.1
61455.5
61526.4
61570.5
61681.6
61731.211
61731.4
61732.1
61757.5
61945.4
62011.5
62060.6
62246.6
62777.6
62838.4
62839.212
62939.2
62940.5
63439.3
63542.4
63871.5
63939.1
64707.6
64793.211
64793.4
64794.1
64846.5
65341.6
65447.211
65447.4
65448.1
65498.5
65826.6
65883.211
65883.4
65884.1
65905.5
66688.6
66741.211
66741.4
66742.1
66827.5
67412.6
67479.211
67479.4
67480.1
67509.5
68049.6
68110.211
68110.4
68111.1
68161.5
68452.4
68559.5
68613.6
68680.211
68680.4
68681.1
68734.5
69279.6
69339.211
69339.4
69340.1
69379.5
69883.6
69944.211
69944.4
69945.1
69997.5
70656.6
70710.211
70710.4
70711.1
70777.5
71562.6
71630.211
71630.4
71631.1
71661.5
71862.4
71900.5
71975.6
72046.211
72046.4
72047.1
72169.5
72933.4
73010.5
73026.4
73077.5
73134.6
73195.211
73195.4
73196.1
73256.5
74128.6
74196.211
74196.4
74197.1
74289.5
74918.6
74979.211
74979.4
74980.1
75031.5
75644.6
75704.211
75704.4
75705.1
75767.5
75816.6
75895.211
75895.4
75896.1
75955.5
76856.4
76915.5
76975.6
77043.211
77043.4
77044.1
77123.5
77268.6
77329.211
77329.4
77330.1
77437.5
77800.6
77846.211
77846.4
77847.1
77876.5
78344.6
78397.211
78397.4
78398.1
78536.5
78921.6
78984.211
78984.4
78985.1
78987.5
78988.4
79035.5
79597.6
79646.211
79646.4
79647.1
79782.5
79832.6
79942.211
79942.4
79943.1
80014.5
80194.4
80231.5
80774.6
80820.211
80820.4
80821.1
80866.5
81545.6
81594.211
81594.4
81595.1
81689.5
81998.6
82047.211
82047.4
82048.1
82099.5
82725.4
82774.5
82896.6
82979.211
82979.4
82980.1
83020.5
83521.4
83586.5
83690.6
83821.211
83821.4
83822.1
83889.5
83946.6
84038.211
84038.4
84039.1
84316.5
84483.4
84531.5
84586.6
84672.211
84672.4
84673.1
84704.5
85044.6
85111.211
85111.4
85112.1
85226.5
85316.6
85422.6
85475.211
85475.4
85476.1
85538.5
86279.6
86368.211
86368.4
86369.1
86419.5
86710.4
86753.5
86814.6
86875.211
86875.4
86876.1
86894.5
87344.6
87396.211
87396.4
87397.1
87439.5
88278.6
88339.211
88339.4
88340.1
88402.5
88461.6
88550.6
88620.211
88620.4
88621.1
88666.5
88729.6
88861.6
88922.211
88922.4
88923.1
88983.5
89674.6
89735.211
89735.4
89736.1
89769.5
90462.6
90525.211
90525.4
90526.1
90574.5
91876.6
91935.211
91935.4
91936.1
91978.5
92048.6
92115.6
92617.6
92675.4
92676.212
92775.5
92776.2
93109.4
93230.5
93276.3
93387.4
93437.5
93652.6
93776.1
94340.6
94404.211
94404.4
94405.1
94513.5
94559.6
94649.211
94649.4
94650.1
94703.5
94709.4
94749.5
94865.6
94928.211
94928.4
94929.1
95050.5
95124.6
95214.211
95214.4
95215.1
95318.5
95524.6
95597.211
95597.4
95598.1
95627.5
96065.6
96122.211
96122.4
96123.1
96185.5
96510.6
96565.211
96565.4
96566.1
96598.5
96751.6
96815.211
96815.4
96816.1
96975.5
96990.4
97027.5
97548.6
97606.211
97606.4
97607.1
97671.5
98223.6
98283.211
98283.4
98284.1
98318.5
98729.6
98850.211
98850.4
98851.1
98939.5
98984.6
99366.6
99429.4
99430.212
99523.5
99530.2
100030.3
100505.4
100530.1
100552.5
100779.4
100814.5
101418.6
101489.211
101489.4
101490.1
101533.5
102173.6
102240.211
102240.4
102241.1
102267.5
102846.6
102914.211
102914.4
102915.1
102945.5
103659.6
103724.211
103724.4
103725.1
103755.5
104081.6
104155.211
104155.4
104156.1
104189.5
104384.4
104436.5
104694.6
104748.211
104748.4
104749.1
104784.5
104946.4
104979.5
105118.6
105166.211
105166.4
105167.1
105205.5
105305.6
105370.211
105370.4
105371.1
105422.5
106060.6
106114.211
106114.4
106115.1
106134.5
106731.6
106797.211
106797.4
106798.1
106849.5
107439.6
107498.211
107498.4
107499.1
107562.5
108261.6
108318.211
108318.4
108319.1
108365.5
108956.6
109016.211
109016.4
109017.1
109123.5
109572.6
109669.211
109669.4
109670.1
109718.5
109764.6
109837.211
109837.4
109838.1
109875.5
109925.6
110453.6
110505.4
110506.212
110597.5
110606.2
110825.4
110883.5
111106.3
111606.1
114208.6
114294.211
114294.4
114295.1
114322.5
114575.4
114603.5
115090.6
115153.211
115153.4
115154.1
115188.5
115676.6
115726.211
115726.4
115727.1
115766.5
116417.6
116479.211
116479.4
116480.1
116520.5
116569.6
116647.211
116647.4
116648.1
116689.5
116739.6
116803.6
116882.211
116882.4
116883.1
116940.5
117396.6
117466.211
117466.4
117467.1
117540.5
118042.6
118095.211
118095.4
118096.1
118144.5
118582.6
118643.211
118643.4
118644.1
118674.5
118840.4
118968.5
119528.6
119581.211
119581.4
119582.1
119652.5
120344.6
120400.211
120400.4
120401.1
120435.5
120961.6
121013.211
121013.4
121014.1
121050.5
121702.6
121772.211
121772.4
121773.1
121864.5
121876.4
121930.5
122710.6
122767.211
122767.4
122768.1
122866.5
124012.6
124080.211
124080.4
124081.1
124163.5
124214.6
124358.211
124358.4
124359.1
124422.5
124987.6
125046.211
125046.4
125047.1
125130.5
125778.6
125843.211
125843.4
125844.1
125879.5
126635.6
126695.211
126695.4
126696.1
126752.5
127732.6
127795.211
127795.4
127796.1
127837.5
127892.6
128048.6
128132.211
128132.4
128133.1
128258.5
128509.4
128570.5
128626.6
128730.211
128730.4
128731.1
128770.5
130329.6
130389.211
130389.4
130390.1
130418.5
130540.6
130606.211
130606.4
130607.1
130654.5
130867.6
130963.211
130963.4
130964.1
130999.5
131043.6
131139.211
131139.4
131140.1
131205.5
131253.6
131310.6
131385.211
131385.4
131386.1
131414.5
131554.6
131631.211
131631.4
131632.1
131689.5
131757.6
131839.211
131839.4
131840.1
131886.5
132496.6
132560.211
132560.4
132561.1
132590.5
132642.6
132660.6
132703.6
132807.6
133086.4
133087.212
133171.5
133187.2
133687.3
134027.4
134187.1
134206.5
135854.4
135953.5
136126.6
136205.211
136205.4
136206.1
136258.5
136333.6
136440.211
136440.4
136441.1
136759.5
136878.6
136976.211
136976.4
136977.1
137034.5
137144.6
137204.211
137204.4
137205.1
137240.5
137290.6
137368.211
137368.4
137369.1
137411.5
137577.6
137634.211
137634.4
137635.1
137665.5
137736.4
137819.5
138079.6
138145.211
138145.4
138146.1
138193.5
138240.6
138381.6
138538.211
138538.4
138539.1
138598.5
138642.6
138705.6
138777.211
138777.4
138778.1
138853.5
138858.4
138860.5
138870.4
138876.5
138933.6
139039.211
139039.4
139040.1
139103.5
139231.6
139302.211
139302.4
139303.1
139360.5
139557.4
139711.5
139795.4
139798.5
139799.4
139819.5
139998.6
140071.211
140071.4
140072.1
140091.5
140284.4
140321.5
140711.6
140788.211
140788.4
140789.1
140856.5
140908.6
141047.211
141047.4
141048.1
141091.5
141473.4
141506.5
141564.6
141822.6
141906.4
141907.212
142007.2
142008.5
142507.3
142743.4
142915.5
143007.1
144699.6
144767.211
144767.4
144768.1
144813.5
145404.6
145489.211
145489.4
145490.1
145514.5
145572.6
145662.211
145662.4
145663.1
145712.5
145762.6
145919.211
145919.4
145920.1
145970.5
146026.6
146579.4
146580.212
146675.5
146680.2
147180.3
147403.4
147404.5
147408.4
147486.5
147680.1
149118.4
149156.5
149237.6
149375.211
149375.4
149376.1
149410.5
150139.6
150203.211
150203.4
150204.1
150236.5
150487.4
150539.5
150594.6
150680.211
150680.4
150681.1
150730.5
150778.6
150911.211
150911.4
150912.1
150958.5
151508.4
151546.5
151593.6
151718.211
151718.4
151719.1
151750.5
151803.6
152142.4
152143.212
152143.5
152144.4
152243.2
152267.5
152743.3
153243.1
154810.4
154870.5
155184.6
155239.211
155239.4
155240.1
155412.5
155650.6
155714.211
155714.4
155715.1
155752.5
156155.4
156188.5
156287.6
156526.211
156526.4
156527.1
156573.5
157099.6
157156.211
157156.4
157157.1
157193.5
157769.6
157828.211
157828.4
157829.1
157874.5
158543.6
158601.211
158601.4
158602.1
158654.5
159437.6
159493.211
159493.4
159494.1
159548.5
159549.4
159679.5
159726.6
159819.211
159819.4
159820.1
159878.5
160332.6
160382.211
160382.4
160383.1
160429.5
160992.6
161054.211
161054.4
161055.1
161099.5
161634.6
161688.211
161688.4
161689.1
161740.5
162196.6
162251.211
162251.4
162252.1
162307.5
162357.6
162434.211
162434.4
162435.1
162496.5
162638.6
162688.211
162688.4
162689.1
162725.5
162770.6
162910.211
162910.4
162911.1
162949.5
163117.4
163147.5
163199.6
163281.211
163281.4
163282.1
163313.5
163656.4
163744.5
163789.6
164040.211
164040.4
164041.1
164131.5
164276.4
164306.5
164494.4
164528.5
165023.6
165087.211
165087.4
165088.1
165140.5
165273.4
165307.5
165446.6
165513.211
165513.4
165514.1
165545.5
166312.6
166377.211
166377.4
166378.1
166551.5
166600.6
166662.6
166716.211
166716.4
166717.1
166759.5
166810.6
167032.211
167032.4
167033.1
167108.5
167841.6
167901.211
167901.4
167902.1
167970.5
168017.6
168136.211
168136.4
168137.1
168174.5
168503.4
168538.5
168590.6
168688.6
168752.211
168752.4
168753.1
168878.5
169102.4
169144.5
169263.4
169299.5
169672.6
169725.211
169725.4
169726.1
169759.5
169905.6
169985.211
169985.4
169986.1
170043.5
170209.4
170250.5
170812.4
170911.5
171043.6
171113.211
171113.4
171114.1
171170.5
171517.4
171554.5
171613.6
171680.211
171680.4
171681.1
171724.5
171931.6
171985.211
171985.4
171986.1
172047.5
172150.6
172233.211
172233.4
172234.1
172279.5
172325.6
172542.211
172542.4
172543.1
172583.5
172635.6
172837.211
172837.4
172838.1
172862.5
173368.6
173435.211
173435.4
173436.1
173468.5
173562.6
173596.6
173656.211
173656.4
173657.1
173712.5
173953.4
174081.5
174401.6
174468.211
174468.4
174469.1
174504.5
174639.6
174738.6
174779.6
174830.211
174830.4
174831.1
174859.5
174902.6
174971.6
175073.211
175073.4
175074.1
175118.5
175498.6
175562.211
175562.4
175563.1
175602.5
175645.6
175695.6
175893.6
176411.4
176412.212
176499.5
176512.2
177012.3
177254.4
177512.1
177985.5
178536.4
178743.5
179069.4
179187.5
179496.6
179593.211
179593.4
179594.1
180000.9
123456789
11
08
15
11
08
15
3
FI
1
3
9
53
01
10
26
01
6
2
2007
0
0
0
314159265
26
0
433
180000
314159265
0.1
330.4
342.5
425.6
495.211
495.4
496.1
581.5
1226.4
1277.5
1481.6
1551.211
1551.4
1552.1
1553.5
1575.4
1650.5
1821.4
1846.5
2320.6
2382.211
2382.4
2383.1
2411.5
2635.4
2663.5
2766.4
2912.5
2916.4
2968.5
3130.4
3160.5
3264.4
3316.5
3328.4
3345.5
3347.4
3354.5
3359.4
3363.5
3387.4
3649.5
3749.6
3823.211
3823.4
3824.1
3872.5
3978.6
4064.211
4064.4
4065.1
4134.5
4303.6
4368.211
4368.4
4369.1
4405.5
4716.6
4781.211
4781.4
4782.1
4837.5
5415.6
5477.211
5477.4
5478.1
5510.5
5657.6
5739.211
5739.4
5740.1
5770.5
5857.6
5981.211
5981.4
5982.1
6037.5
6123.6
6262.211
6262.4
6263.1
6327.5
6395.4
6399.5
6439.6
6541.6
6601.211
6601.4
6602.1
6701.5
6965.6
7233.6
7283.4
7284.212
7379.5
7384.2
7884.3
8142.4
8227.5
8347.6
8384.1
8498.4
8530.5
9276.6
9335.211
9335.4
9336.1
9449.5
9672.4
9710.5
9863.6
9947.211
9947.4
9948.1
10013.5
10288.6
10369.211
10369.4
10370.1
10421.5
10502.4
10573.5
11070.4
11107.5
11174.6
11326.6
11393.6
11447.211
11447.4
11448.1
11480.5
12124.6
12177.211
12177.4
12178.1
12216.5
12912.6
12974.211
12974.4
12975.1
13010.5
13262.4
13299.5
13897.6
13959.211
13959.4
13960.1
14135.5
14225.6
14297.211
14297.4
14298.1
14299.5
14300.4
14347.5
14532.6
14582.211
14582.4
14583.1
14625.5
14805.6
14885.6
14956.211
14956.4
14957.1
15005.5
15246.4
15275.5
15754.6
15809.211
15809.4
15810.1
15829.5
16460.6
16526.211
16526.4
16527.1
16573.5
16620.6
16810.211
16810.4
16811.1
16849.5
16901.6
17072.211
17072.4
17073.1
17135.5
17180.6
17293.6
17385.211
17385.4
17386.1
17429.5
17475.6
17617.6
17679.211
17679.4
17680.1
17749.5
17964.6
18033.211
18033.4
18034.1
18064.5
18302.4
18323.5
18514.6
18598.211
18598.4
18599.1
18665.5
18745.4
18780.5
18827.6
18932.6
18986.211
18986.4
18987.1
19015.5
19017.4
19030.5
19103.6
19287.211
19287.4
19288.1
19327.5
19376.6
19545.211
19545.4
19546.1
19596.5
19746.6
19893.211
19893.4
19894.1
19953.5
20223.4
20269.5
20316.6
20626.4
20627.212
20710.5
20727.2
21227.3
21701.6
21727.1
22460.4
22521.5
22849.6
22957.211
22957.4
22958.1
22994.5
23360.6
23424.211
23424.4
23425.1
23444.5
24046.6
24102.211
24102.4
24103.1
24144.5
24527.4
24566.5
25156.6
25234.211
25234.4
25235.1
25435.5
25480.6
25603.211
25603.4
25604.1
25640.5
26090.4
26128.5
26220.6
26286.211
26286.4
26287.1
26318.5
26622.4
26679.5
26847.6
26990.211
26990.4
26991.1
27133.5
27351.4
27386.5
27790.4
27835.5
27848.4
27871.5
27930.6
27998.211
27998.4
27999.1
28027.5
28473.4
28512.5
28582.6
28658.211
28658.4
28659.1
28688.5
29206.4
29253.5
29313.6
29446.211
29446.4
29447.1
29538.5
29616.6
29755.211
29755.4
29756.1
29792.5
29843.6
30005.211
30005.4
30006.1
30070.5
30673.6
30730.211
30730.4
30731.1
30765.5
30820.6
30898.6
30985.211
30985.4
30986.1
31154.5
31210.6
31481.211
31481.4
31482.1
31515.5
31593.6
31665.211
31665.4
31666.1
31708.5
31758.6
31937.211
31937.4
31938.1
32038.5
32127.6
32258.6
32335.211
32335.4
32336.1
32365.5
32414.6
32502.6
32651.211
32651.4
32652.1
32692.5
32709.4
32736.5
32775.6
32878.6
32988.211
32988.4
32989.1
33037.5
33079.6
33227.6
33316.211
33316.4
33317.1
33469.5
33533.6
33571.6
33676.6
33778.211
33778.4
33779.1
33818.5
33864.6
33941.6
34204.4
34205.212
34305.2
34329.5
34728.4
34805.3
34895.5
34994.4
35022.5
35218.6
35305.1
35355.4
35375.5
35472.4
35501.5
35573.6
35625.6
35719.6
35776.6
35849.211
35849.4
35850.1
35897.5
35908.4
36005.5
36133.6
36164.6
36201.6
36265.211
36265.4
36266.1
36296.5
36342.6
36398.6
36517.211
36517.4
36518.1
36568.5
36607.6
36676.6
36802.211
36802.4
36803.1
36845.5
36896.6
36943.6
37149.6
37231.6
37362.4
37363.212
37448.5
37463.2
37963.3
38180.4
38463.1
38473.5
38679.6
38797.211
38797.4
38798.1
38934.5
39100.6
39179.6
39249.211
39249.4
39250.1
39404.5
39451.6
39527.6
39635.211
39635.4
39636.1
39693.5
39749.4
39781.5
39935.6
40005.211
40005.4
40006.1
40035.5
40081.6
40291.211
40291.4
40292.1
40401.5
40488.6
40625.6
40683.211
40683.4
40684.1
40737.5
40776.6
40817.6
40869.6
40969.211
40969.4
40970.1
41029.5
41069.6
41193.6
41255.211
41255.4
41256.1
41312.5
41353.6
41444.6
41449.6
41551.211
41551.4
41552.1
41603.5
41645.6
41783.6
41881.211
41881.4
41882.1
41936.5
41979.6
42088.6
42141.211
42141.4
42142.1
42184.5
42224.6
42322.6
42380.211
42380.4
42381.1
42421.5
42459.6
42532.6
42587.6
42658.211
42658.4
42659.1
42685.5
42735.6
42974.211
42974.4
42975.1
43028.5
43250.6
43330.6
43351.6
43419.211
43419.4
43420.1
43451.5
43499.6
43609.6
43707.211
43707.4
43708.1
43761.5
43921.6
44009.211
44009.4
44010.1
44044.5
44087.6
44317.211
44317.4
44318.1
44365.5
44419.6
44514.211
44514.4
44515.1
44540.5
44732.4
44759.5
44987.4
45028.5
45297.6
45370.211
45370.4
45371.1
45404.5
45557.6
45632.211
45632.4
45633.1
45653.5
45696.6
45829.211
45829.4
45830.1
45872.5
45913.6
46136.211
46136.4
46137.1
46176.5
46226.6
46350.6
46423.211
46423.4
46424.1
46459.5
46461.4
46541.5
46695.4
46713.5
47283.6
47661.4
47662.212
47744.5
47762.2
48262.3
48285.4
48518.5
48762.1
48879.4
49276.5
49992.4
50053.5
50397.6
50485.211
50485.4
50486.1
50515.5
50915.4
51148.5
51288.6
51359.211
51359.4
51360.1
51509.5
52319.6
52378.211
52378.4
52379.1
52406.5
53076.6
53129.211
53129.4
53130.1
53168.5
53698.6
53765.211
53765.4
53766.1
53802.5
54520.6
54581.211
54581.4
54582.1
54627.5
55108.4
55212.5
55214.4
55228.5
55307.6
55415.6
55488.211
55488.4
55489.1
55536.5
56012.6
56083.211
56083.4
56084.1
56139.5
56612.6
56669.211
56669.4
56670.1
56714.5
57184.6
57238.211
57238.4
57239.1
57272.5
58202.4
58290.5
58294.4
58299.5
58380.6
58463.211
58463.4
58464.1
58477.5
58972.6
59044.211
59044.4
59045.1
59088.5
59667.6
59735.211
59735.4
59736.1
59794.5
59857.6
59973.211
59973.4
59974.1
60028.5
60076.6
60519.4
60520.212
60620.2
61120.3
61126.5
61277.4
61620.1
61787.5
61898.6
61972.211
61972.4
61973.1
62004.5
62136.6
62203.211
62203.4
62204.1
62220.5
62600.6
62653.211
62653.4
62654.1
62805.5
63615.4
63617.5
63619.4
63656.5
63749.6
63894.6
64011.211
64011.4
64012.1
64048.5
64547.6
64601.211
64601.4
64602.1
64654.5
64901.6
64972.211
64972.4
64973.1
65029.5
65069.6
65220.211
65220.4
65221.1
65281.5
65455.6
65518.211
65518.4
65519.1
65552.5
65745.6
65810.211
65810.4
65811.1
65843.5
65885.6
66024.6
66072.211
66072.4
66073.1
66107.5
66144.6
66354.211
66354.4
66355.1
66408.5
66669.6
66738.211
66738.4
66739.1
66800.5
66976.6
67060.6
67141.211
67141.4
67142.1
67222.5
67451.4
67476.5
67920.6
67973.211
67973.4
67974.1
68011.5
68208.6
68348.211
68348.4
68349.1
68395.5
68435.6
68529.6
68585.6
68652.211
68652.4
68653.1
68692.5
68732.6
68836.211
68836.4
68837.1
68898.5
68996.6
69083.211
69083.4
69084.1
69124.5
69271.6
69341.211
69341.4
69342.1
69390.5
69514.6
69691.211
69691.4
69692.1
69751.5
69793.6
70008.211
70008.4
70009.1
70048.5
70085.6
70148.6
70282.6
70333.211
70333.4
70334.1
70438.5
70476.6
70627.211
70627.4
70628.1
70674.5
70714.6
70775.6
70937.211
70937.4
70938.1
70968.5
71007.6
71081.6
71224.211
71224.4
71225.1
71257.5
71296.6
71396.6
71507.211
71507.4
71508.1
71540.5
71589.6
71649.6
71893.4
71894.212
71994.2
72026.5
72494.3
72659.4
72764.5
72939.6
72994.1
73052.4
73075.5
73126.6
73192.6
73266.211
73266.4
73267.1
73305.5
73359.6
73525.211
73525.4
73526.1
73564.5
73629.6
73843.211
73843.4
73844.1
73901.5
73942.6
74019.6
74060.6
74111.211
74111.4
74112.1
74141.5
74184.6
74207.6
74324.211
74324.4
74325.1
74362.5
74407.6
74548.211
74548.4
74549.1
74590.5
74682.6
74820.211
74820.4
74821.1
74883.5
74935.6
75079.6
75158.211
75158.4
75159.1
75186.5
75226.6
75283.6
75424.211
75424.4
75425.1
75458.5
75506.6
75745.6
75808.4
75809.212
75893.5
75909.2
76409.3
76413.4
76489.5
76909.1
77609.6
77816.211
77816.4
77817.1
77931.5
78283.6
78656.4
78657.212
78738.5
78757.2
79257.3
79655.4
79706.5
79757.1
82079.6
82178.211
82178.4
82179.1
82203.5
82500.4
82533.5
82591.6
82707.211
82707.4
82708.1
82739.5
83006.4
83089.5
83130.6
83310.211
83310.4
83311.1
83516.5
83608.6
83679.211
83679.4
83680.1
83711.5
83731.4
83906.5
83948.6
84028.211
84028.4
84029.1
84062.5
84106.6
84279.211
84279.4
84280.1
84306.5
84612.4
84648.5
84768.6
84832.211
84832.4
84833.1
84864.5
85340.4
85381.5
85471.6
85641.211
85641.4
85642.1
85659.5
85712.6
85834.6
85894.211
85894.4
85895.1
85960.5
86292.4
86360.5
86472.6
86539.211
86539.4
86540.1
86571.5
86759.6
86815.211
86815.4
86816.1
86839.5
86880.6
86932.6
86990.211
86990.4
86991.1
87023.5
87065.6
87317.211
87317.4
87318.1
87354.5
87408.6
87477.6
87570.211
87570.4
87571.1
87617.5
87750.6
87797.211
87797.4
87798.1
87865.5
88236.4
88264.5
88436.6
88496.211
88496.4
88497.1
88513.5
88721.6
88813.6
88867.211
88867.4
88868.1
88907.5
89000.6
89262.211
89262.4
89263.1
89322.5
89364.6
89539.211
89539.4
89540.1
89590.5
89631.6
89777.6
89833.211
89833.4
89834.1
89869.5
90072.4
90110.5
90256.6
90385.6
90447.211
90447.4
90448.1
90498.5
90539.6
90664.6
90753.211
90753.4
90754.1
90892.5
90930.6
91084.6
91195.211
91195.4
91196.1
91236.5
91369.6
91481.211
91481.4
91482.1
91529.5
91571.6
91858.211
91858.4
91859.1
91897.5
91952.6
92140.211
92140.4
92141.1
92168.5
92210.6
92371.211
92371.4
92372.1
92414.5
92457.6
92655.211
92655.4
92656.1
92693.5
92744.6
93017.211
93017.4
93018.1
93062.5
93104.6
93202.6
93360.211
93360.4
93361.1
93388.5
93433.6
93546.6
93635.211
93635.4
93636.1
93666.5
93725.6
93855.211
93855.4
93856.1
93901.5
94176.4
94178.5
94180.4
94221.5
94397.6
94460.211
94460.4
94461.1
94496.5
94542.6
94699.6
94763.211
94763.4
94764.1
94795.5
94843.6
95083.211
95083.4
95084.1
95129.5
95226.6
95469.211
95469.4
95470.1
95503.5
95572.6
95709.211
95709.4
95710.1
95753.5
96181.6
96250.211
96250.4
96251.1
96287.5
96337.6
96516.211
96516.4
96517.1
96549.5
96596.6
96782.211
96782.4
96783.1
96826.5
96871.6
96979.211
96979.4
96980.1
97023.5
97083.6
97183.6
97239.211
97239.4
97240.1
97271.5
97312.6
97492.211
97492.4
97493.1
97530.5
97982.6
98074.211
98074.4
98075.1
98107.5
98149.6
98336.211
98336.4
98337.1
98363.5
98406.6
98633.6
98696.211
98696.4
98697.1
98795.5
98840.6
99013.211
99013.4
99014.1
99071.5
99341.6
99396.211
99396.4
99397.1
99431.5
99477.6
99653.211
99653.4
99654.1
99683.5
99985.6
100045.211
100045.4
100046.1
100105.5
100143.6
100197.6
100331.6
100383.211
100383.4
100384.1
100438.5
100482.6
100538.6
100862.4
100863.212
100963.2
100976.5
101463.3
101963.1
102202.4
102255.5
103554.6
103634.211
103634.4
103635.1
103670.5
104281.4
104303.5
104430.6
104743.4
104744.212
104820.5
104844.2
105344.3
105844.1
108465.6
108547.211
108547.4
108548.1
108569.5
109438.4
109491.5
109720.4
109766.5
109847.6
110175.6
110255.4
110256.212
110356.2
110363.5
110856.3
111033.4
111132.5
111356.1
111471.4
111497.5
112544.4
112569.5
113331.6
113403.211
113403.4
113404.1
113424.5
113965.4
113995.5
114159.6
114238.211
114238.4
114239.1
114240.5
114242.4
114262.5
115193.4
115257.5
115327.6
115401.211
115401.4
115402.1
115434.5
115665.6
115712.211
115712.4
115713.1
115743.5
116144.4
116146.5
116297.6
116370.211
116370.4
116371.1
116405.5
116461.6
116606.211
116606.4
116607.1
116635.5
116827.4
116849.5
116999.6
117088.211
117088.4
117089.1
117189.5
117233.6
117344.211
117344.4
117345.1
117403.5
117447.6
117521.6
117570.211
117570.4
117571.1
117596.5
117781.4
117815.5
117865.6
118019.211
118019.4
118020.1
118057.5
118142.6
118239.211
118239.4
118240.1
118280.5
118407.6
118457.211
118457.4
118458.1
118502.5
118596.4
118631.5
118849.6
118912.211
118912.4
118913.1
118940.5
118978.6
119136.211
119136.4
119137.1
119233.5
119278.6
119407.211
119407.4
119408.1
119471.5
119509.6
119546.6
119680.211
119680.4
119681.1
119775.5
119824.6
119870.6
120008.211
120008.4
120009.1
120040.5
120080.6
120116.6
120252.211
120252.4
120253.1
120286.5
120328.6
120473.211
120473.4
120474.1
120527.5
120576.6
120717.211
120717.4
120718.1
120759.5
120807.6
120840.6
120950.6
121016.211
121016.4
121017.1
121060.5
121079.4
121092.5
121250.4
121286.5
121556.4
121592.5
121631.6
121846.211
121846.4
121847.1
121947.5
121990.6
122172.211
122172.4
122173.1
122266.5
122304.6
122495.211
122495.4
122496.1
122544.5
122587.6
122775.211
122775.4
122776.1
122824.5
122863.6
123117.211
123117.4
123118.1
123146.5
123184.6
123346.211
123346.4
123347.1
123370.5
123410.6
123629.211
123629.4
123630.1
123679.5
123714.6
123767.6
123811.6
123934.211
123934.4
123935.1
123959.5
124001.6
124156.6
124214.211
124214.4
124215.1
124240.5
124287.6
124403.211
124403.4
124404.1
124459.5
124500.6
124542.6
124809.4
124810.212
124902.5
124910.2
125410.3
125512.4
125691.5
125910.1
126449.6
126529.211
126529.4
126530.1
126683.5
126747.6
127105.4
127106.212
127195.5
127206.2
127217.4
127219.5
127220.4
127319.5
127706.3
128206.1
128294.4
128468.5
129860.4
129921.5
130013.6
130263.211
130263.4
130264.1
130415.5
131209.4
131244.5
131658.6
131732.211
131732.4
131733.1
131753.5
132314.6
132368.211
132368.4
132369.1
132412.5
132703.4
132740.5
132795.6
133148.4
133149.212
133227.5
133249.2
133749.3
134032.4
134121.5
134249.1
134518.6
135369.6
135434.4
135435.212
135525.5
135535.2
136035.3
136535.1
138281.4
138328.5
138758.6
139058.211
139058.4
139059.1
139109.5
139750.4
139782.5
139907.6
139981.211
139981.4
139982.1
139999.5
140634.4
140677.5
140810.6
140917.211
140917.4
140918.1
140976.5
141041.6
141131.211
141131.4
141132.1
141247.5
141431.6
141643.211
141643.4
141644.1
141683.5
142292.6
142344.211
142344.4
142345.1
142370.5
143391.4
143456.5
143539.6
143630.211
143630.4
143631.1
143653.5
143930.6
144113.211
144113.4
144114.1
144149.5
144151.4
144172.5
144212.6
144321.211
144321.4
144322.1
144351.5
144436.6
144579.6
144628.211
144628.4
144629.1
144669.5
145032.4
145060.5
145143.6
145258.211
145258.4
145259.1
145334.5
145375.6
145424.6
145542.211
145542.4
145543.1
145572.5
145612.6
145683.6
145889.211
145889.4
145890.1
145932.5
145973.6
146223.211
146223.4
146224.1
146262.5
146298.6
146384.6
146413.6
146491.211
146491.4
146492.1
146536.5
146572.6
146676.6
146788.211
146788.4
146789.1
146858.5
146896.6
147014.211
147014.4
147015.1
147051.5
147098.6
147203.6
147342.211
147342.4
147343.1
147380.5
147417.6
147523.211
147523.4
147524.1
147553.5
147593.6
147811.211
147811.4
147812.1
147895.5
147896.4
147943.5
148000.6
148054.6
148251.211
148251.4
148252.1
148289.5
148368.6
148521.6
148586.211
148586.4
148587.1
148668.5
148711.6
148743.6
148821.211
148821.4
148822.1
148850.5
148894.6
148979.6
149082.211
149082.4
149083.1
149113.5
149158.6
149280.6
149371.6
149379.6
149443.211
149443.4
149444.1
149484.5
149540.6
149608.6
149765.6
149855.4
149856.212
149928.5
149956.2
150456.3
150551.4
150612.5
150905.4
150956.1
151028.5
151566.6
151661.211
151661.4
151662.1
151686.5
152066.6
152250.211
152250.4
152251.1
152282.5
152479.6
152693.211
152693.4
152694.1
152820.5
152885.6
153186.4
153187.212
153287.2
153296.5
153787.3
154287.1
155833.4
155873.5
156291.6
156384.211
156384.4
156385.1
156406.5
156455.6
156689.211
156689.4
156690.1
156745.5
157070.6
157346.211
157346.4
157347.1
157392.5
157859.6
157933.211
157933.4
157934.1
157962.5
158009.6
158297.211
158297.4
158298.1
158360.5
158426.6
158527.211
158527.4
158528.1
158564.5
158616.6
158750.211
158750.4
158751.1
158787.5
158802.4
158818.5
158924.6
159043.211
159043.4
159044.1
159073.5
159111.6
159171.6
159273.211
159273.4
159274.1
159292.5
159321.4
159339.5
159347.4
159357.5
159394.6
159500.211
159500.4
159501.1
159532.5
159573.6
159783.211
159783.4
159784.1
159831.5
159910.6
160022.211
160022.4
160023.1
160053.5
160097.6
160227.211
160227.4
160228.1
160251.5
160297.6
160317.6
160477.211
160477.4
160478.1
160510.5
160551.6
160758.211
160758.4
160759.1
160788.5
160921.6
160972.211
160972.4
160973.1
160998.5
161048.4
161169.5
161259.6
161324.211
161324.4
161325.1
161351.5
161645.4
161671.5
161749.6
161770.6
161885.211
161885.4
161886.1
161932.5
162152.6
162232.211
162232.4
162233.1
162268.5
162307.6
162392.6
162588.211
162588.4
162589.1
162650.5
162694.6
162899.6
163005.4
163006.212
163083.5
163106.2
163606.3
163808.4
163890.5
163998.6
164042.6
164097.6
164106.1
164121.6
164199.211
164199.4
164200.1
164229.5
164284.6
164422.211
164422.4
164423.1
164453.5
164503.6
164630.6
164694.211
164694.4
164695.1
164723.5
164768.6
165009.211
165009.4
165010.1
165057.5
165139.6
165233.6
165506.4
165507.212
165583.5
165607.2
166107.3
166447.6
166607.1
166660.4
166687.5
166734.6
166864.6
167062.4
167063.212
167144.5
167163.2
167663.3
167798.4
168080.5
168163.1
168321.6
168441.211
168441.4
168442.1
168506.5
168564.6
168586.6
168772.211
168772.4
168773.1
168799.5
168880.6
168978.211
168978.4
168979.1
169015.5
169257.6
169348.6
169481.211
169481.4
169482.1
169517.5
169565.6
169653.6
169713.6
169728.6
169814.6
169951.4
169952.212
170033.5
170052.2
170552.3
171052.1
171091.6
171174.211
171174.4
171175.1
171239.5
171398.6
171477.211
171477.4
171478.1
171509.5
171789.6
171846.6
171923.211
171923.4
171924.1
171953.5
172010.6
172129.6
172184.211
172184.4
172185.1
172216.5
172266.6
172563.211
172563.4
172564.1
172607.5
172667.6
172932.211
172932.4
172933.1
172964.5
173008.6
173257.211
173257.4
173258.1
173307.5
173352.6
173430.6
173731.4
173732.212
173820.5
173832.2
174332.3
174420.4
174528.5
174640.6
174832.1
175060.6
175161.211
175161.4
175162.1
175228.5
175294.6
175340.6
175556.211
175556.4
175557.1
175596.5
175639.6
175835.211
175835.4
175836.1
175867.5
175910.6
176149.6
176244.6
176314.4
176315.212
176410.5
176415.2
176915.3
177106.6
177241.6
177318.4
177340.5
177415.1
177659.6
177703.6
177793.6
177815.6
177825.6
177845.6
177945.6
178004.4
178005.212
178079.5
178105.2
178605.3
178862.6
179009.6
179105.1
179152.4
179178.5
179222.6
179349.6
179577.4
179578.212
179678.2
180000.9
123456789
11
09
15
11
09
15
3
FI
1
3
9
52
01
10
25
01
6
2
1434
0
0
0
314159265
30
0
324
180000
314159265
0.1
380.4
381.5
382.4
409.5
519.6
593.211
593.4
594.1
626.5
682.6
821.211
821.4
822.1
856.5
1209.6
1274.211
1274.4
1275.1
1278.5
1280.4
1339.5
1389.6
1512.211
1512.4
1513.1
1546.5
1593.6
1961.4
1962.212
2062.2
2144.5
2562.3
2792.4
2873.5
3030.6
3062.1
3771.4
3809.5
3922.6
3994.211
3994.4
3995.1
4004.5
4643.4
4777.5
4864.6
4945.211
4945.4
4946.1
4972.5
5020.6
5243.211
5243.4
5244.1
5320.5
5391.6
5976.4
5977.212
6072.5
6077.2
6573.4
6577.3
6655.5
7077.1
7804.4
7986.5
8136.6
8490.4
8491.212
8583.5
8591.2
8725.4
8786.5
9091.3
9591.1
11103.6
11163.211
11163.4
11164.1
11210.5
11584.6
11828.211
11828.4
11829.1
11859.5
12110.6
12421.4
12422.212
12501.5
12522.2
13022.3
13422.4
13522.1
13538.5
14713.4
14754.5
15348.4
15377.5
15518.4
15535.5
15596.6
15783.211
15783.4
15784.1
15815.5
16670.4
16687.5
17111.4
17168.5
17270.6
17564.211
17564.4
17565.1
17585.5
17636.6
17874.211
17874.4
17875.1
17917.5
18128.6
18323.211
18323.4
18324.1
18357.5
18756.6
18813.211
18813.4
18814.1
18840.5
19237.4
19249.5
19335.6
19400.6
19488.211
19488.4
19489.1
19512.5
19964.6
20029.211
20029.4
20030.1
20064.5
20116.6
20458.4
20459.212
20540.5
20559.2
21059.3
21559.1
22571.6
22906.4
22907.212
22994.5
23007.2
23507.3
24007.1
25121.6
25365.211
25365.4
25366.1
25400.5
25986.6
26068.211
26068.4
26069.1
26087.5
26432.4
26462.5
26864.6
26966.211
26966.4
26967.1
26994.5
27051.6
27172.6
27239.211
27239.4
27240.1
27274.5
27324.6
27493.6
27557.211
27557.4
27558.1
27603.5
27653.6
27834.211
27834.4
27835.1
27909.5
27948.6
28064.211
28064.4
28065.1
28111.5
28125.4
28141.5
28178.6
28294.211
28294.4
28295.1
28314.5
28376.4
28403.5
28460.6
28599.6
28661.211
28661.4
28662.1
28682.5
28928.6
29014.211
29014.4
29015.1
29039.5
29080.6
29121.6
29262.211
29262.4
29263.1
29286.5
29444.4
29452.5
29741.4
29763.5
29857.6
29897.6
30005.211
30005.4
30006.1
30016.5
30058.6
30265.211
30265.4
30266.1
30348.5
30427.6
30595.211
30595.4
30596.1
30615.5
30792.6
30944.211
30944.4
30945.1
30972.5
31015.4
31038.5
31089.6
31198.6
31347.211
31347.4
31348.1
31390.5
31428.6
31700.211
31700.4
31701.1
31731.5
31771.6
31830.6
32008.6
32172.6
32226.4
32227.212
32313.5
32327.2
32827.3
32895.4
32959.5
33270.4
33327.1
33412.5
33477.6
33544.6
33820.4
33821.212
33903.5
33921.2
34421.3
34544.4
34678.5
34785.6
34921.1
35876.4
36058.5
36215.6
36440.211
36440.4
36441.1
36478.5
37034.4
37067.5
37128.6
37324.211
37324.4
37325.1
37368.5
38091.4
38230.5
38288.6
38476.211
38476.4
38477.1
38569.5
38859.6
39079.211
39079.4
39080.1
39149.5
39231.6
39474.211
39474.4
39475.1
39543.5
39696.6
40061.4
40062.212
40162.2
40169.5
40662.3
41162.1
43682.6
43912.211
43912.4
43913.1
43937.5
44829.6
45099.211
45099.4
45100.1
45134.5
45733.4
45778.5
45868.6
46141.211
46141.4
46142.1
46194.5
46525.4
46549.5
47259.6
47358.211
47358.4
47359.1
47392.5
47434.6
47618.211
47618.4
47619.1
47656.5
47702.6
47894.6
48031.4
48032.212
48119.5
48132.2
48632.3
48753.4
48843.5
48961.6
49132.1
50355.4
50363.5
50669.6
50877.211
50877.4
50878.1
50920.5
51698.4
51841.5
51914.6
51987.211
51987.4
51988.1
52056.5
52321.4
52414.5
52457.6
52614.211
52614.4
52615.1
52701.5
52747.6
52779.6
52890.211
52890.4
52891.1
52967.5
53075.6
53193.211
53193.4
53194.1
53270.5
53329.6
53498.211
53498.4
53499.1
53601.5
53647.6
53698.6
53846.211
53846.4
53847.1
53898.5
53958.6
54099.211
54099.4
54100.1
54178.5
54267.4
54272.5
54362.6
54461.6
54518.211
54518.4
54519.1
54582.5
54626.6
54674.6
54799.211
54799.4
54800.1
54841.5
54940.6
55026.211
55026.4
55027.1
55063.5
55274.4
55356.5
55397.6
55461.6
55525.211
55525.4
55526.1
55581.5
55624.6
55743.211
55743.4
55744.1
55867.5
55907.6
55965.6
56115.211
56115.4
56116.1
56151.5
56192.6
56351.211
56351.4
56352.1
56411.5
56909.4
56926.5
56967.6
57017.6
57340.4
57341.212
57441.2
57447.5
57941.3
58091.4
58145.5
58349.6
58441.1
59053.6
59163.211
59163.4
59164.1
59208.5
59555.6
59793.211
59793.4
59794.1
59795.5
59796.4
59902.5
60112.6
60390.211
60390.4
60391.1
60436.5
60601.6
61145.4
61146.212
61233.5
61246.2
61746.3
61898.4
61961.5
62246.1
63363.4
63376.5
63402.4
63431.5
64281.6
64339.211
64339.4
64340.1
64371.5
64948.6
65024.211
65024.4
65025.1
65067.5
65129.6
65491.4
65492.212
65562.5
65592.2
66092.3
66481.4
66483.5
66485.4
66568.5
66592.1
69146.6
69362.211
69362.4
69363.1
69475.5
69646.6
70067.4
70068.212
70167.5
70168.2
70668.3
71103.4
71168.1
71247.5
73143.6
73233.211
73233.4
73234.1
73254.5
73324.6
73616.211
73616.4
73617.1
73658.5
74304.6
74381.211
74381.4
74382.1
74409.5
75080.6
75136.211
75136.4
75137.1
75167.5
75241.6
75491.211
75491.4
75492.1
75627.5
75830.6
76051.211
76051.4
76052.1
76095.5
76253.6
76536.211
76536.4
76537.1
76607.5
76734.6
76858.211
76858.4
76859.1
76873.5
76929.6
77188.211
77188.4
77189.1
77221.5
77348.6
77640.211
77640.4
77641.1
77679.5
79109.4
79127.5
79170.6
79424.211
79424.4
79425.1
79453.5
80197.6
80243.6
80655.6
80722.4
80723.212
80795.5
80823.2
81323.3
81563.4
81675.5
81823.1
82078.4
82126.5
82246.6
82616.4
82617.212
82716.5
82717.2
83217.3
83717.1
85921.6
85978.211
85978.4
85979.1
86093.5
86142.6
86214.6
86255.211
86255.4
86256.1
86347.5
86385.6
86653.211
86653.4
86654.1
86690.5
87340.4
87358.5
87407.6
87590.211
87590.4
87591.1
87628.5
87674.6
87829.211
87829.4
87830.1
87898.5
88295.4
88324.5
88362.6
88579.211
88579.4
88580.1
88644.5
88711.6
88857.211
88857.4
88858.1
88928.5
88969.6
89091.211
89091.4
89092.1
89163.5
89212.6
89358.211
89358.4
89359.1
89417.5
89460.6
89489.6
89557.211
89557.4
89558.1
89637.5
89676.6
89767.6
89859.211
89859.4
89860.1
89897.5
89939.6
90322.4
90323.212
90404.5
90423.2
90923.3
91168.4
91216.5
91285.6
91423.1
91556.4
91581.5
91793.4
91956.5
91961.4
92059.5
92134.6
92557.4
92558.212
92641.5
92658.2
93158.3
93658.1
93702.4
93711.5
93714.4
93840.5
93943.6
94025.211
94025.4
94026.1
94115.5
94188.6
94428.211
94428.4
94429.1
94468.5
94900.6
94981.211
94981.4
94982.1
95003.5
95147.6
95243.211
95243.4
95244.1
95253.5
95318.6
95436.211
95436.4
95437.1
95452.5
95502.6
95775.211
95775.4
95776.1
95875.5
95947.6
95995.6
96242.211
96242.4
96243.1
96289.5
96749.4
96794.5
96848.6
96988.211
96988.4
96989.1
97046.5
97355.4
97405.5
97629.4
97673.5
97719.6
97813.6
97868.6
97925.211
97925.4
97926.1
97990.5
98269.4
98309.5
98348.6
98545.211
98545.4
98546.1
98688.5
98747.6
98898.211
98898.4
98899.1
98961.5
99012.6
99169.211
99169.4
99170.1
99206.5
99415.6
99500.6
99567.211
99567.4
99568.1
99609.5
99678.6
99958.211
99958.4
99959.1
100016.5
100079.6
100207.211
100207.4
100208.1
100302.5
100344.6
100369.6
100617.211
100617.4
100618.1
100647.5
100744.6
100875.211
100875.4
100876.1
100912.5
100960.6
101196.211
101196.4
101197.1
101225.5
101279.6
101576.211
101576.4
101577.1
101627.5
101713.6
101824.211
101824.4
101825.1
101877.5
101913.6
102035.211
102035.4
102036.1
102060.5
102272.6
102350.211
102350.4
102351.1
102373.5
102414.6
102588.211
102588.4
102589.1
102620.5
102627.4
102642.5
102975.6
103051.211
103051.4
103052.1
103084.5
103311.4
103329.5
103369.6
103662.6
103726.4
103727.212
103818.5
103827.2
103983.4
104031.5
104327.3
104827.1
104974.4
105098.5
105179.6
105428.211
105428.4
105429.1
105459.5
105754.6
106182.4
106183.212
106261.5
106283.2
106783.3
107248.4
107283.1
107322.5
107385.6
108244.4
108245.212
108325.5
108345.2
108629.4
108692.5
108845.3
109176.4
109345.1
109411.5
109701.4
109827.5
110843.4
110874.5
111809.6
111893.211
111893.4
111894.1
111922.5
112501.6
112575.211
112575.4
112576.1
112609.5
112664.6
112771.211
112771.4
112772.1
112807.5
113103.4
113128.5
113185.6
113409.6
113463.211
113463.4
113464.1
113507.5
113563.6
113852.211
113852.4
113853.1
113927.5
114009.6
114366.4
114367.212
114446.5
114467.2
114967.3
115467.1
117300.4
117427.5
117486.6
117734.211
117734.4
117735.1
117768.5
117988.6
118351.4
118352.212
118428.5
118452.2
118952.3
119452.1
121580.4
121693.5
121804.6
121977.211
121977.4
121978.1
122011.5
122155.6
122369.211
122369.4
122370.1
122407.5
122470.6
122780.4
122781.212
122881.2
122907.5
123381.3
123881.1
126028.4
126142.5
126328.6
126519.211
126519.4
126520.1
126555.5
126828.6
126989.211
126989.4
126990.1
127025.5
127077.6
127328.211
127328.4
127329.1
127363.5
127583.6
127843.211
127843.4
127844.1
128008.5
128090.6
128317.211
128317.4
128318.1
128382.5
128453.6
128624.6
128679.211
128679.4
128680.1
128723.5
128774.6
129050.211
129050.4
129051.1
129079.5
129175.6
129341.6
129421.211
129421.4
129422.1
129468.5
129977.4
129986.5
130024.6
130295.211
130295.4
130296.1
130343.5
130593.6
130650.211
130650.4
130651.1
130703.5
131023.4
131048.5
131090.6
131211.211
131211.4
131212.1
131239.5
131279.6
131465.211
131465.4
131466.1
131515.5
131999.4
132033.5
132074.6
132278.211
132278.4
132279.1
132311.5
132351.6
132501.211
132501.4
132502.1
132537.5
132579.6
132784.211
132784.4
132785.1
132872.5
132938.6
133088.211
133088.4
133089.1
133132.5
133172.6
133425.211
133425.4
133426.1
133482.5
133558.6
133880.4
133881.212
133964.5
133981.2
134481.3
134981.1
135094.6
135192.211
135192.4
135193.1
135226.5
135306.6
135471.211
135471.4
135472.1
135506.5
135566.6
135752.211
135752.4
135753.1
135786.5
135838.6
136049.211
136049.4
136050.1
136084.5
136195.6
136423.211
136423.4
136424.1
136506.5
136567.6
136831.211
136831.4
136832.1
136860.5
136992.6
137279.211
137279.4
137280.1
137325.5
138128.6
138186.211
138186.4
138187.1
138208.5
138510.4
138531.5
138577.6
138748.211
138748.4
138749.1
138779.5
138817.6
139040.211
139040.4
139041.1
139110.5
139297.6
139351.6
139466.211
139466.4
139467.1
139525.5
139567.6
139685.211
139685.4
139686.1
139703.5
139763.6
139962.211
139962.4
139963.1
139998.5
140097.6
140269.211
140269.4
140270.1
140308.5
140360.6
140552.6
140620.211
140620.4
140621.1
140655.5
140708.6
140919.211
140919.4
140920.1
140945.5
140990.6
141184.211
141184.4
141185.1
141244.5
141286.6
141414.6
141483.211
141483.4
141484.1
141509.5
141911.4
141944.5
142005.6
142157.211
142157.4
142158.1
142223.5
142289.6
142535.211
142535.4
142536.1
142588.5
143165.6
143222.211
143222.4
143223.1
143253.5
143712.4
143766.5
144007.6
144078.211
144078.4
144079.1
144102.5
144149.6
144359.6
144408.211
144408.4
144409.1
144457.5
144983.6
145067.211
145067.4
145068.1
145182.5
145484.6
145818.4
145819.212
145890.5
145919.2
146419.3
146654.4
146743.5
146919.1
147331.6
147754.4
147755.212
147833.5
147855.2
148355.3
148855.1
152559.4
152620.5
152698.6
152761.211
152761.4
152762.1
152798.5
152896.6
153061.211
153061.4
153062.1
153135.5
153160.4
153181.5
153228.6
153412.211
153412.4
153413.1
153491.5
153536.6
153598.211
153598.4
153599.1
153638.5
153681.6
153881.211
153881.4
153882.1
153943.5
154013.6
154279.211
154279.4
154280.1
154394.5
154476.6
154712.211
154712.4
154713.1
154750.5
155005.6
155429.4
155430.212
155498.5
155530.2
156030.3
156530.1
159002.6
159170.211
159170.4
159171.1
159211.5
159904.4
159932.5
159988.6
160093.211
160093.4
160094.1
160105.5
160319.6
160458.211
160458.4
160459.1
160497.5
160702.6
160771.211
160771.4
160772.1
160813.5
161068.4
161162.5
161674.6
161726.211
161726.4
161727.1
161820.5
161946.6
162055.211
162055.4
162056.1
162159.5
162552.4
162583.5
162878.4
162931.5
163386.4
163412.5
163484.6
163627.6
163680.211
163680.4
163681.1
163723.5
164017.6
164084.211
164084.4
164085.1
164156.5
164199.6
164288.6
164350.211
164350.4
164351.1
164432.5
164477.6
164640.211
164640.4
164641.1
164724.5
164733.4
164747.5
164786.6
165006.211
165006.4
165007.1
165105.5
165108.4
165111.5
165188.4
165333.5
165336.4
165337.5
165383.4
165426.5
165469.6
165550.211
165550.4
165551.1
165589.5
165629.6
165829.211
165829.4
165830.1
165873.5
165962.6
166049.211
166049.4
166050.1
166073.5
166364.6
166452.211
166452.4
166453.1
166485.5
166759.6
166828.211
166828.4
166829.1
166854.5
166894.6
167124.211
167124.4
167125.1
167160.5
167209.6
167277.6
167483.6
167554.4
167555.212
167631.5
167655.2
168155.3
168542.4
168642.5
168655.1
168766.6
169009.211
169009.4
169010.1
169056.5
169240.6
169557.4
169558.212
169644.5
169658.2
170158.3
170658.1
171936.4
171989.5
172460.6
172559.211
172559.4
172560.1
172581.5
172799.6
173039.211
173039.4
173040.1
173084.5
174274.4
174299.5
174345.6
174431.211
174431.4
174432.1
174468.5
174572.6
174786.211
174786.4
174787.1
174835.5
175465.4
175494.5
175581.6
175839.211
175839.4
175840.1
175871.5
176090.6
176198.211
176198.4
176199.1
176262.5
176744.4
176778.5
177355.4
177481.5
178450.4
178485.5
178542.6
178590.6
178645.211
178645.4
178646.1
178669.5
179170.6
179222.211
179222.4
179223.1
179262.5
179315.6
179484.6
179532.211
179532.4
179533.1
179589.5
179635.6
179906.211
179906.4
179907.1
180000.9
123456789
11
10
15
11
10
15
3
FI
1
3
10
02
54
10
35
55
6
2
2046
0
0
0
314159265
31
0
416
180000
314159265
0.1
286.4
312.5
401.6
491.211
491.4
492.1
522.5
612.6
796.211
796.4
797.1
847.5
1083.4
1188.5
1193.4
1202.5
1261.6
1480.211
1480.4
1481.1
1553.5
1615.6
2122.4
2123.212
2223.2
2723.3
2818.5
3223.1
3403.4
3429.5
3913.4
3940.5
3994.6
4178.211
4178.4
4179.1
4367.5
4435.6
4637.211
4637.4
4638.1
4697.5
5174.4
5212.5
5272.6
5478.211
5478.4
5479.1
5542.5
5889.4
5927.5
6467.6
6522.211
6522.4
6523.1
6597.5
7054.4
7090.5
7133.6
7161.6
7375.211
7375.4
7376.1
7426.5
8186.4
8211.5
8302.6
8492.211
8492.4
8493.1
8537.5
8629.6
8656.6
8868.211
8868.4
8869.1
8916.5
9848.4
9947.5
10210.4
10244.5
10690.4
10692.5
10694.4
10737.5
10815.6
10836.6
10858.6
10922.211
10922.4
10923.1
10975.5
11015.6
11160.211
11160.4
11161.1
11239.5
11280.6
11428.211
11428.4
11429.1
11444.5
11462.4
11477.5
11563.6
11620.6
11737.211
11737.4
11738.1
11782.5
11819.6
11888.6
12076.211
12076.4
12077.1
12139.5
12195.6
12251.6
12425.211
12425.4
12426.1
12472.5
12519.6
12713.6
12846.4
12847.212
12936.5
12947.2
13447.3
13657.4
13709.5
13947.1
13984.6
14079.211
14079.4
14080.1
14118.5
14174.6
14349.211
14349.4
14350.1
14467.5
14516.6
14557.6
14711.211
14711.4
14712.1
14760.5
14800.6
14920.6
15019.6
15092.211
15092.4
15093.1
15136.5
15173.6
15227.6
15392.211
15392.4
15393.1
15433.5
15475.6
15589.6
15678.6
15767.211
15767.4
15768.1
15831.5
15869.6
15916.6
16019.6
16157.6
16224.4
16225.212
16316.5
16325.2
16825.3
17073.4
17126.5
17222.6
17325.1
17407.6
17509.211
17509.4
17510.1
17511.5
17513.4
17572.5
17675.6
17746.211
17746.4
17747.1
17798.5
17813.4
17874.5
17982.6
18264.211
18264.4
18265.1
18307.5
18382.6
18706.4
18707.212
18787.5
18807.2
19307.3
19807.1
20636.4
20767.5
20931.6
20970.6
21012.6
21052.211
21052.4
21053.1
21096.5
21160.6
21354.211
21354.4
21355.1
21396.5
21534.6
21617.211
21617.4
21618.1
21637.5
21676.6
21750.6
21943.211
21943.4
21944.1
21979.5
22144.6
22221.211
22221.4
22222.1
22233.5
22277.6
22315.6
22517.211
22517.4
22518.1
22595.5
22646.6
22705.6
22846.211
22846.4
22847.1
22903.5
22946.6
23097.211
23097.4
23098.1
23137.5
23138.4
23167.5
23254.6
23462.211
23462.4
23463.1
23527.5
23568.6
23632.6
23748.6
23794.211
23794.4
23795.1
23846.5
23949.6
24032.6
24097.211
24097.4
24098.1
24127.5
24168.6
24425.6
24478.4
24479.212
24556.5
24579.2
25079.3
25079.4
25320.5
25406.4
25435.5
25512.6
25574.6
25579.1
25629.6
25700.211
25700.4
25701.1
25765.5
25945.6
26183.211
26183.4
26184.1
26277.5
26338.6
26562.6
26625.211
26625.4
26626.1
26655.5
26706.6
26763.6
26852.6
26923.6
27028.4
27029.212
27129.2
27156.5
27629.3
27993.4
28103.5
28129.1
28194.6
28269.211
28269.4
28270.1
28310.5
28458.6
28629.211
28629.4
28630.1
28664.5
29025.4
29064.5
29128.6
29418.211
29418.4
29419.1
29474.5
29524.4
29648.5
29861.6
29935.211
29935.4
29936.1
29991.5
30040.6
30248.211
30248.4
30249.1
30313.5
30314.4
30317.5
30401.6
30483.211
30483.4
30484.1
30521.5
30575.6
30842.6
30894.4
30895.212
30995.2
31039.5
31495.3
31822.4
31878.5
31995.1
32051.4
32197.5
32203.4
32211.5
32220.4
32286.5
32381.6
32672.211
32672.4
32673.1
32708.5
33049.6
33342.211
33342.4
33343.1
33375.5
33526.6
33566.6
33789.211
33789.4
33790.1
33821.5
34189.4
34212.5
34257.6
34280.6
34511.211
34511.4
34512.1
34549.5
34704.6
34785.211
34785.4
34786.1
34817.5
34873.6
35086.211
35086.4
35087.1
35128.5
35168.6
35281.6
35350.211
35350.4
35351.1
35390.5
35473.6
35625.6
35686.211
35686.4
35687.1
35729.5
35772.6
35942.211
35942.4
35943.1
35982.5
36022.6
36210.6
36289.211
36289.4
36290.1
36342.5
36380.6
36546.211
36546.4
36547.1
36587.5
36665.6
36767.6
36842.211
36842.4
36843.1
36888.5
36925.6
37147.211
37147.4
37148.1
37183.5
37189.4
37206.5
37244.6
37319.6
37483.6
37545.4
37546.212
37646.2
37682.5
38146.3
38577.6
38646.1
38685.6
38698.6
38754.211
38754.4
38755.1
38796.5
38851.6
38998.211
38998.4
38999.1
39138.5
39176.6
39328.6
39474.211
39474.4
39475.1
39512.5
39548.6
39797.211
39797.4
39798.1
39859.5
39899.6
40138.211
40138.4
40139.1
40168.5
40210.6
40274.6
40457.211
40457.4
40458.1
40490.5
40540.6
40608.6
40807.211
40807.4
40808.1
40847.5
40895.6
40968.6
41038.6
41153.6
41266.4
41267.212
41367.2
41427.5
41867.3
42029.4
42070.5
42142.6
42270.6
42367.1
42413.6
42478.211
42478.4
42479.1
42530.5
42583.6
42762.6
42820.211
42820.4
42821.1
42873.5
42917.6
43163.211
43163.4
43164.1
43207.5
43247.6
43297.6
43346.6
43514.211
43514.4
43515.1
43585.5
43627.6
43789.6
43893.211
43893.4
43894.1
43931.5
43971.6
44015.6
44250.211
44250.4
44251.1
44292.5
44341.6
44555.211
44555.4
44556.1
44594.5
45157.6
45227.211
45227.4
45228.1
45257.5
45332.6
45432.6
45532.211
45532.4
45533.1
45587.5
45641.6
45674.6
45695.6
45868.6
45926.211
45926.4
45927.1
46204.5
46278.6
46419.6
46471.211
46471.4
46472.1
46506.5
46673.6
46759.211
46759.4
46760.1
46800.5
46841.6
46866.6
46891.6
47112.211
47112.4
47113.1
47168.5
47210.6
47424.211
47424.4
47425.1
47468.5
47650.6
47747.211
47747.4
47748.1
47787.5
47829.6
47871.6
48050.6
48100.211
48100.4
48101.1
48157.5
48207.6
48351.6
48419.211
48419.4
48420.1
48460.5
48504.6
48593.6
48820.4
48821.212
48911.5
48921.2
49421.3
49515.4
49562.5
49626.6
49683.6
49824.6
49921.1
50067.4
50100.5
50154.6
50405.211
50405.4
50406.1
50437.5
50490.6
50727.211
50727.4
50728.1
50765.5
50824.6
50870.6
51148.4
51149.212
51246.5
51249.2
51749.3
52249.1
52773.6
52853.6
52990.211
52990.4
52991.1
53021.5
53582.4
53611.5
53651.6
53698.6
53844.211
53844.4
53845.1
53892.5
53969.6
54225.211
54225.4
54226.1
54341.5
54421.6
54572.6
54622.211
54622.4
54623.1
54678.5
54721.6
54753.6
54889.211
54889.4
54890.1
54921.5
54962.6
55203.6
55262.211
55262.4
55263.1
55302.5
55348.6
55443.6
55491.6
55699.4
55700.212
55780.5
55800.2
56300.3
56421.4
56526.5
56596.6
56800.1
56999.6
57099.211
57099.4
57100.1
57131.5
57180.4
57221.5
57266.6
57410.211
57410.4
57411.1
57444.5
57489.6
57594.6
57715.211
57715.4
57716.1
57746.5
57788.6
57824.6
58073.211
58073.4
58074.1
58103.5
58337.6
58392.211
58392.4
58393.1
58440.5
58494.6
58547.6
58774.211
58774.4
58775.1
58776.5
58778.4
58851.5
58914.6
59046.211
59046.4
59047.1
59075.5
59114.6
59339.211
59339.4
59340.1
59375.5
59423.6
59497.6
59605.211
59605.4
59606.1
59667.5
59711.6
59744.6
60014.4
60015.212
60090.5
60115.2
60615.3
61038.6
61115.1
61279.4
61317.5
61360.6
61492.6
61538.211
61538.4
61539.1
61596.5
61645.6
61839.211
61839.4
61840.1
61887.5
61931.6
62103.6
62159.211
62159.4
62160.1
62189.5
62232.6
62463.211
62463.4
62464.1
62506.5
62545.6
62715.6
62794.211
62794.4
62795.1
62854.5
62898.6
63041.211
63041.4
63042.1
63092.5
63310.6
63376.211
63376.4
63377.1
63414.5
63455.6
63699.211
63699.4
63700.1
63762.5
63857.4
63870.5
63921.6
64110.211
64110.4
64111.1
64156.5
64164.4
64183.5
64225.6
64481.211
64481.4
64482.1
64551.5
64596.6
64811.211
64811.4
64812.1
64871.5
64913.6
65134.211
65134.4
65135.1
65169.5
65215.6
65433.6
65500.211
65500.4
65501.1
65545.5
65589.6
65785.211
65785.4
65786.1
65838.5
66189.4
66220.5
66266.6
66484.6
66559.211
66559.4
66560.1
66597.5
66639.6
66688.6
66805.211
66805.4
66806.1
66844.5
66881.6
67068.6
67123.211
67123.4
67124.1
67157.5
67204.6
67374.211
67374.4
67375.1
67426.5
67475.6
67708.211
67708.4
67709.1
67756.5
67794.6
67961.211
67961.4
67962.1
67998.5
68277.4
68331.5
68375.6
68398.6
68652.211
68652.4
68653.1
68685.5
68793.6
68929.211
68929.4
68930.1
68952.5
69581.6
69679.211
69679.4
69680.1
69707.5
69973.4
69990.5
70044.6
70196.6
70255.211
70255.4
70256.1
70311.5
70350.6
70603.211
70603.4
70604.1
70641.5
70689.6
71002.4
71003.212
71093.5
71103.2
71603.3
71761.4
71856.5
71923.6
71972.6
72064.6
72103.1
72269.4
72300.5
72345.6
72426.6
72565.211
72565.4
72566.1
72599.5
72660.6
72685.6
72723.6
72893.6
73007.4
73008.212
73097.5
73108.2
73608.3
73947.4
74108.1
74116.5
74214.6
74497.211
74497.4
74498.1
74544.5
74614.6
74778.6
74931.4
74932.212
75029.5
75032.2
75532.3
75953.4
76001.5
76032.1
76156.6
76270.211
76270.4
76271.1
76333.5
76387.6
76464.6
76490.6
76561.211
76561.4
76562.1
76616.5
76670.6
76719.6
76927.6
76992.4
76993.212
77093.2
77123.5
77593.3
77901.4
78009.5
78093.1
78147.4
78291.5
78393.4
78459.5
78550.6
78930.4
78931.212
79031.2
79031.5
79531.3
80031.1
81900.6
81959.211
81959.4
81960.1
82049.5
82106.6
82129.6
82344.211
82344.4
82345.1
82439.5
82500.6
82592.211
82592.4
82593.1
82635.5
82683.6
82830.211
82830.4
82831.1
82866.5
82920.6
82949.6
83084.211
83084.4
83085.1
83130.5
83131.4
83132.5
83183.6
83205.6
83300.211
83300.4
83301.1
83340.5
83411.6
83435.6
83504.6
83568.211
83568.4
83569.1
83620.5
83669.6
83799.211
83799.4
83800.1
83832.5
83871.6
84057.211
84057.4
84058.1
84110.5
84190.6
84308.211
84308.4
84309.1
84355.5
84478.6
84594.211
84594.4
84595.1
84631.5
84682.6
84732.6
84901.211
84901.4
84902.1
84939.5
84992.6
85104.211
85104.4
85105.1
85171.5
85175.4
85177.5
85408.6
85495.211
85495.4
85496.1
85572.5
85621.6
85706.6
85815.211
85815.4
85816.1
85893.5
85935.6
85988.6
86010.6
86071.6
86184.211
86184.4
86185.1
86242.5
86287.6
86341.6
86447.211
86447.4
86448.1
86498.5
86544.6
86734.211
86734.4
86735.1
86779.5
86829.6
86880.6
86955.6
87072.211
87072.4
87073.1
87114.5
87154.6
87306.6
87321.6
87427.211
87427.4
87428.1
87481.5
87524.6
87633.6
87705.6
87792.211
87792.4
87793.1
87863.5
87908.6
87954.6
88124.211
88124.4
88125.1
88164.5
88205.6
88339.6
88447.211
88447.4
88448.1
88490.5
88540.6
88591.6
88719.211
88719.4
88720.1
88739.5
88778.6
88994.211
88994.4
88995.1
89024.5
89187.6
89266.211
89266.4
89267.1
89288.5
89451.6
89506.211
89506.4
89507.1
89529.5
89604.6
89816.211
89816.4
89817.1
89863.5
89905.6
90113.211
90113.4
90114.1
90143.5
90190.6
90236.6
90372.6
90497.4
90498.212
90575.5
90598.2
91098.3
91409.4
91430.5
91493.6
91580.6
91598.1
91687.4
91715.5
91778.6
91951.211
91951.4
91952.1
91991.5
92097.6
92223.211
92223.4
92224.1
92300.5
92315.4
92404.5
92429.4
92471.5
92578.6
92673.6
92838.211
92838.4
92839.1
92877.5
92922.6
93155.211
93155.4
93156.1
93199.5
93245.6
93284.6
93300.6
93547.4
93548.212
93617.5
93648.2
94148.3
94648.1
96057.4
96122.5
96548.6
96630.211
96630.4
96631.1
96666.5
96733.6
96874.211
96874.4
96875.1
96930.5
96993.6
97087.6
97212.211
97212.4
97213.1
97252.5
97295.6
97435.6
97485.211
97485.4
97486.1
97553.5
97603.6
97654.6
97713.6
97838.211
97838.4
97839.1
97883.5
97929.6
98039.6
98052.6
98165.211
98165.4
98166.1
98217.5
98257.6
98379.211
98379.4
98380.1
98421.5
98460.6
98494.6
98549.6
98719.211
98719.4
98720.1
98757.5
98800.6
98888.6
99026.211
99026.4
99027.1
99103.5
99219.4
99269.5
99322.6
99474.211
99474.4
99475.1
99515.5
99563.6
99749.211
99749.4
99750.1
99788.5
99835.6
99913.6
99966.6
99985.6
100108.211
100108.4
100109.1
100175.5
100229.6
100282.6
100436.211
100436.4
100437.1
100496.5
100543.6
100577.6
100760.211
100760.4
100761.1
100817.5
100865.6
100923.6
100966.6
101127.211
101127.4
101128.1
101172.5
101230.6
101394.6
101491.211
101491.4
101492.1
101529.5
101574.6
101607.6
101826.211
101826.4
101827.1
101899.5
101943.6
102109.6
102132.6
102206.211
102206.4
102207.1
102251.5
102296.6
102503.211
102503.4
102504.1
102531.5
102570.6
102787.211
102787.4
102788.1
102834.5
102875.6
102968.6
103001.6
103159.211
103159.4
103160.1
103193.5
103233.6
103268.6
103327.6
103466.211
103466.4
103467.1
103504.5
103556.6
103599.6
103661.6
103859.4
103860.212
103937.5
103960.2
104460.3
104657.6
104908.4
104947.5
104960.1
105018.6
105313.211
105313.4
105314.1
105470.5
105534.6
105747.211
105747.4
105748.1
105785.5
105831.6
105890.6
106054.211
106054.4
106055.1
106089.5
106175.6
106401.211
106401.4
106402.1
106450.5
106529.6
106614.6
106725.211
106725.4
106726.1
106799.5
106850.6
106885.6
107124.211
107124.4
107125.1
107159.5
107259.6
107406.211
107406.4
107407.1
107444.5
107674.6
107762.211
107762.4
107763.1
107787.5
107832.6
108066.211
108066.4
108067.1
108108.5
108315.4
108352.5
108419.6
108782.4
108783.212
108883.2
108904.5
109383.3
109883.1
110098.6
110232.211
110232.4
110233.1
110333.5
110378.6
110467.6
110663.211
110663.4
110664.1
110713.5
110764.6
110806.6
111038.211
111038.4
111039.1
111062.5
111132.6
111260.6
111470.4
111471.212
111571.2
111589.5
112071.3
112385.4
112486.5
112571.1
112721.6
113020.211
113020.4
113021.1
113097.5
113723.6
113792.211
113792.4
113793.1
113824.5
114196.6
114458.211
114458.4
114459.1
114494.5
114995.6
115047.211
115047.4
115048.1
115074.5
115821.4
115836.5
115888.6
116046.211
116046.4
116047.1
116083.5
116203.6
116334.211
116334.4
116335.1
116367.5
116419.6
116455.6
116690.211
116690.4
116691.1
116754.5
116801.6
116881.6
117066.211
117066.4
117067.1
117102.5
117289.6
117495.211
117495.4
117496.1
117545.5
117587.6
117652.6
117806.211
117806.4
117807.1
117842.5
117891.6
118018.6
118143.211
118143.4
118144.1
118185.5
118231.6
118270.6
118457.211
118457.4
118458.1
118502.5
118550.6
118779.211
118779.4
118780.1
118816.5
118854.6
118915.6
119157.4
119158.212
119249.5
119258.2
119558.4
119668.5
119758.3
119956.4
119968.5
120187.6
120258.1
120745.4
120788.5
120838.6
120924.6
121047.6
121104.211
121104.4
121105.1
121142.5
121207.6
121300.6
121370.211
121370.4
121371.1
121407.5
121452.6
121482.6
121544.6
121665.211
121665.4
121666.1
121755.5
121800.6
121885.6
122017.211
122017.4
122018.1
122054.5
122102.6
122122.6
122412.4
122413.212
122513.2
122516.5
123013.3
123386.4
123496.5
123513.1
123563.4
123579.5
123675.6
123903.211
123903.4
123904.1
123966.5
124649.4
124678.5
125304.6
125364.211
125364.4
125365.1
125393.5
125468.6
125567.211
125567.4
125568.1
125597.5
125681.6
125743.6
125846.211
125846.4
125847.1
125889.5
125939.6
126182.211
126182.4
126183.1
126217.5
126461.6
126520.211
126520.4
126521.1
126547.5
126594.6
126623.6
126781.211
126781.4
126782.1
126835.5
126880.6
126928.6
126992.6
127099.211
127099.4
127100.1
127157.5
127203.6
127403.211
127403.4
127404.1
127452.5
127498.6
127631.6
127758.211
127758.4
127759.1
127798.5
127841.6
127927.6
128080.211
128080.4
128081.1
128123.5
128175.6
128209.6
128375.211
128375.4
128376.1
128409.5
128453.6
128720.211
128720.4
128721.1
128764.5
128808.6
128946.6
129097.211
129097.4
129098.1
129129.5
129168.6
129324.211
129324.4
129325.1
129351.5
129387.6
129609.211
129609.4
129610.1
129640.5
129682.6
129702.6
129953.211
129953.4
129954.1
129984.5
130027.6
130068.6
130240.211
130240.4
130241.1
130270.5
130505.4
130524.5
130588.4
130606.5
130720.6
130883.211
130883.4
130884.1
130988.5
130999.4
131138.5
131428.4
131478.5
131558.6
131662.211
131662.4
131663.1
131696.5
131738.6
131775.6
131926.211
131926.4
131927.1
131985.5
132004.4
132041.5
132086.6
132421.4
132422.212
132510.5
132522.2
133022.3
133113.4
133522.1
133552.5
133770.6
134032.211
134032.4
134033.1
134061.5
135282.4
135363.5
135423.6
135621.211
135621.4
135622.1
135653.5
135775.6
136054.6
136099.4
136100.212
136169.5
136200.2
136700.3
136727.4
136839.5
136955.6
137200.1
137725.6
137973.211
137973.4
137974.1
138027.5
138099.6
138147.6
138308.211
138308.4
138309.1
138343.5
138395.6
138623.211
138623.4
138624.1
138681.5
138907.4
138915.5
138929.4
138937.5
139197.6
139273.211
139273.4
139274.1
139311.5
139365.6
139553.211
139553.4
139554.1
139587.5
140075.6
140130.211
140130.4
140131.1
140163.5
140207.6
140425.211
140425.4
140426.1
140460.5
140500.6
140681.211
140681.4
140682.1
140682.5
140683.4
140754.5
140797.6
140857.6
141039.211
141039.4
141040.1
141078.5
141120.6
141146.6
141404.211
141404.4
141405.1
141441.5
141843.4
141872.5
141939.6
142105.211
142105.4
142106.1
142137.5
142182.6
142281.211
142281.4
142282.1
142310.5
142351.6
142599.211
142599.4
142600.1
142647.5
142689.6
142737.6
142860.6
142961.211
142961.4
142962.1
142997.5
143043.6
143127.6
143263.211
143263.4
143264.1
143308.5
143349.6
143546.211
143546.4
143547.1
143606.5
143612.4
143655.5
143710.6
143932.211
143932.4
143933.1
143987.5
144027.6
144291.211
144291.4
144292.1
144341.5
144543.6
144636.211
144636.4
144637.1
144675.5
144714.6
144824.6
144875.211
144875.4
144876.1
144897.5
145177.6
145239.211
145239.4
145240.1
145265.5
145307.6
145412.6
145506.211
145506.4
145507.1
145553.5
145598.6
145615.6
145821.211
145821.4
145822.1
145854.5
145898.6
146117.211
146117.4
146118.1
146191.5
146264.6
146307.6
146460.211
146460.4
146461.1
146512.5
146561.6
146588.6
146794.211
146794.4
146795.1
146824.5
146875.6
147159.211
147159.4
147160.1
147188.5
147284.6
147546.211
147546.4
147547.1
147582.5
148554.6
148611.211
148611.4
148612.1
148673.5
148717.6
149027.6
149083.4
149084.212
149184.2
149227.5
149684.3
149743.4
149804.5
150184.1
150425.6
150481.211
150481.4
150482.1
150518.5
151262.6
151305.211
151305.4
151306.1
151352.5
151398.6
151724.4
151725.212
151825.2
151836.5
152325.3
152825.1
153335.4
153365.5
153426.6
153650.211
153650.4
153651.1
153709.5
154168.4
154189.5
154778.4
154799.5
154864.6
154937.211
154937.4
154938.1
154996.5
155040.6
155282.211
155282.4
155283.1
155321.5
155375.6
155619.211
155619.4
155620.1
155673.5
156101.4
156122.5
156192.6
156251.211
156251.4
156252.1
156277.5
157043.6
157094.211
157094.4
157095.1
157118.5
157170.6
157359.211
157359.4
157360.1
157423.5
157468.6
157709.211
157709.4
157710.1
157836.5
158446.6
158499.211
158499.4
158500.1
158535.5
159208.4
159225.5
159947.4
160138.5
160154.4
160173.5
160222.4
160357.5
160359.4
160365.5
160548.6
160829.211
160829.4
160830.1
160859.5
162545.6
162648.6
162694.211
162694.4
162695.1
162738.5
163505.4
163520.5
164737.4
164797.5
164924.4
165125.5
165136.4
165143.5
165277.6
166169.4
166170.212
166270.2
166314.5
166770.3
167270.1
168955.6
169001.211
169001.4
169002.1
169026.5
169076.6
169152.211
169152.4
169153.1
169176.5
170984.6
171775.6
171826.4
171827.212
171927.2
171937.5
172427.3
172630.4
172804.5
172811.4
172850.5
172927.1
173853.4
173878.5
173915.6
174160.211
174160.4
174161.1
174201.5
174297.6
174568.211
174568.4
174569.1
174613.5
175176.6
175217.211
175217.4
175218.1
175241.5
177342.4
177346.5
179676.6
179736.211
179736.4
179737.1
179767.5
180000.9
123456789
11
11
15
11
11
15
3
FI
1
3
9
59
55
10
32
54
6
2
1833
0
0
0
314159265
46
0
356
180000
314159265
0.1
140.4
163.5
609.4
627.5
689.6
835.211
835.4
836.1
837.5
838.4
857.5
1195.4
1228.5
1271.6
1330.6
1399.211
1399.4
1400.1
1472.5
1555.4
1673.5
1719.6
1755.6
1916.211
1916.4
1917.1
1969.5
2039.6
2306.211
2306.4
2307.1
2378.5
2439.6
2714.211
2714.4
2715.1
2743.5
2885.6
3136.211
3136.4
3137.1
3168.5
3215.6
3466.211
3466.4
3467.1
3505.5
3674.6
3955.211
3955.4
3956.1
4008.5
4410.4
4455.5
4500.6
4523.6
4726.211
4726.4
4727.1
4825.5
4890.6
5053.211
5053.4
5054.1
5084.5
5137.6
5172.6
5433.211
5433.4
5434.1
5485.5
5592.6
5624.6
5902.4
5903.212
6003.2
6020.5
6503.3
6781.4
7003.1
7112.5
7994.4
8152.5
8235.6
8480.211
8480.4
8481.1
8542.5
9072.4
9109.5
9188.6
9447.211
9447.4
9448.1
9482.5
10092.6
10164.211
10164.4
10165.1
10208.5
10253.6
10276.6
10451.211
10451.4
10452.1
10489.5
10552.6
10591.6
10647.6
10726.211
10726.4
10727.1
10770.5
10824.6
11088.211
11088.4
11089.1
11177.5
11432.4
11463.5
11586.6
11715.211
11715.4
11716.1
11764.5
11847.6
11867.6
11895.6
12033.211
12033.4
12034.1
12061.5
12105.6
12153.6
12311.211
12311.4
12312.1
12360.5
12686.4
12715.5
12760.6
12813.6
12961.211
12961.4
12962.1
12993.5
13034.6
13078.6
13270.211
13270.4
13271.1
13321.5
13365.6
13381.6
13393.6
13471.6
13673.4
13674.212
13774.2
13774.5
14274.3
14299.4
14704.5
14774.1
15004.6
15084.211
15084.4
15085.1
15117.5
15313.4
15328.5
15421.6
15744.4
15745.212
15833.5
15845.2
16318.4
16345.3
16562.5
16759.4
16845.1
16875.5
16959.6
17333.4
17334.212
17413.5
17434.2
17934.3
18189.4
18298.5
18434.1
19005.6
19080.211
19080.4
19081.1
19155.5
19409.6
19651.211
19651.4
19652.1
19856.5
20093.6
20339.211
20339.4
20340.1
20375.5
20777.6
20901.211
20901.4
20902.1
20958.5
21019.6
21037.6
21231.211
21231.4
21232.1
21264.5
21479.6
21620.211
21620.4
21621.1
21653.5
21698.6
21723.6
21975.211
21975.4
21976.1
22019.5
22163.6
22218.6
22507.4
22508.212
22608.2
22621.5
23108.3
23608.1
24044.4
24195.5
24499.6
24566.211
24566.4
24567.1
24611.5
25065.6
25126.211
25126.4
25127.1
25211.5
25257.6
25276.6
25462.211
25462.4
25463.1
25504.5
25553.6
25575.6
25787.211
25787.4
25788.1
25851.5
25950.6
25964.6
26082.211
26082.4
26083.1
26100.5
26172.6
26414.211
26414.4
26415.1
26474.5
26533.6
26556.6
26770.211
26770.4
26771.1
26812.5
26857.6
26881.6
27079.211
27079.4
27080.1
27111.5
27189.6
27232.6
27412.211
27412.4
27413.1
27461.5
27511.6
27629.6
27712.211
27712.4
27713.1
27742.5
27834.6
27853.6
28099.211
28099.4
28100.1
28141.5
28187.6
28201.6
28469.211
28469.4
28470.1
28501.5
28545.6
28861.4
28862.212
28946.5
28962.2
29462.3
29617.4
29833.5
29920.6
29938.6
29962.1
30165.6
30244.211
30244.4
30245.1
30283.5
30343.4
30407.5
30476.6
30513.6
30524.6
30571.6
30743.211
30743.4
30744.1
30793.5
30994.6
31285.211
31285.4
31286.1
31326.5
31422.4
31457.5
31536.6
31571.6
31797.211
31797.4
31798.1
31836.5
31885.6
31908.6
32136.211
32136.4
32137.1
32186.5
32296.6
32537.211
32537.4
32538.1
32587.5
32639.6
32841.211
32841.4
32842.1
32895.5
32933.6
33191.211
33191.4
33192.1
33223.5
33265.6
33290.6
33488.211
33488.4
33489.1
33523.5
33566.6
33700.6
33781.211
33781.4
33782.1
33814.5
33862.6
34139.211
34139.4
34140.1
34216.5
34321.6
34476.211
34476.4
34477.1
34504.5
34999.4
35028.5
35075.6
35399.4
35400.212
35481.5
35500.2
36000.3
36500.1
37154.4
37225.5
37329.6
37634.4
37635.212
37720.5
37735.2
38235.3
38403.4
38493.5
38735.1
38832.4
38915.5
39089.4
39113.5
39176.6
39421.211
39421.4
39422.1
39472.5
39633.4
39660.5
39729.6
39967.211
39967.4
39968.1
40091.5
40174.6
40451.211
40451.4
40452.1
40484.5
40609.6
40669.6
40719.6
40796.211
40796.4
40797.1
40836.5
40880.6
40918.6
41164.211
41164.4
41165.1
41299.5
41813.4
41853.5
41957.6
41993.6
42219.211
42219.4
42220.1
42266.5
42313.6
42814.6
42880.4
42881.212
42969.5
42981.2
43481.3
43640.4
43981.1
44402.5
44597.6
44668.6
44919.4
44920.212
45020.2
45425.5
45520.3
45576.6
45822.6
46007.4
46020.1
46052.5
46126.6
46294.6
46469.4
46470.212
46570.2
46571.5
47070.3
47570.1
48072.4
48116.5
48189.6
48416.211
48416.4
48417.1
48482.5
48763.6
48796.6
49007.211
49007.4
49008.1
49117.5
49252.6
49491.211
49491.4
49492.1
49524.5
49790.6
49908.6
50025.211
50025.4
50026.1
50067.5
50108.6
50311.211
50311.4
50312.1
50344.5
50381.6
50465.6
50570.211
50570.4
50571.1
50609.5
50658.6
50726.6
50893.211
50893.4
50894.1
50923.5
50966.6
50996.6
51222.211
51222.4
51223.1
51269.5
51312.6
51585.211
51585.4
51586.1
51625.5
51667.6
51776.6
51862.211
51862.4
51863.1
51895.5
51940.6
52145.211
52145.4
52146.1
52199.5
52285.6
52417.211
52417.4
52418.1
52459.5
52501.6
52530.6
52715.211
52715.4
52716.1
52746.5
52794.6
52828.6
53004.211
53004.4
53005.1
53027.5
53389.4
53414.5
53498.6
53528.6
53667.211
53667.4
53668.1
53715.5
53755.6
53917.6
53978.211
53978.4
53979.1
54020.5
54213.4
54242.5
54284.6
54312.6
54522.211
54522.4
54523.1
54559.5
54600.6
54723.6
54905.6
54984.4
54985.212
55085.2
55095.5
55585.3
55855.4
55935.5
56085.1
56164.4
56220.5
56303.6
56525.6
56579.211
56579.4
56580.1
56641.5
56736.6
56830.211
56830.4
56831.1
56860.5
56912.6
57161.211
57161.4
57162.1
57190.5
57430.6
57663.211
57663.4
57664.1
57717.5
57784.6
57815.6
58011.211
58011.4
58012.1
58037.5
58092.6
58384.211
58384.4
58385.1
58444.5
58488.6
58732.211
58732.4
58733.1
58776.5
58818.6
58840.6
59051.211
59051.4
59052.1
59089.5
59289.6
59456.211
59456.4
59457.1
59492.5
59535.6
59844.4
59845.212
59921.5
59945.2
60445.3
60722.4
60827.5
60932.6
60945.1
61486.4
61507.5
61567.6
61902.4
61903.212
61982.5
62003.2
62503.3
62802.4
62869.5
63003.1
63486.4
63511.5
63577.6
63853.211
63853.4
63854.1
63983.5
64670.6
64883.211
64883.4
64884.1
64914.5
65212.4
65230.5
65303.6
65586.211
65586.4
65587.1
65626.5
66110.6
66332.211
66332.4
66333.1
66470.5
66632.4
66658.5
66713.6
66744.6
66988.211
66988.4
66989.1
67029.5
67737.6
67804.211
67804.4
67805.1
67836.5
67923.6
67974.6
68299.4
68300.212
68380.5
68400.2
68900.3
69359.4
69400.1
69510.5
70289.4
70320.5
70368.6
70581.211
70581.4
70582.1
70614.5
70691.6
70961.211
70961.4
70962.1
70990.5
71132.6
71309.211
71309.4
71310.1
71332.5
71578.4
71599.5
71639.6
71802.211
71802.4
71803.1
71832.5
71880.6
71907.6
72099.211
72099.4
72100.1
72119.5
72167.6
72472.6
72558.4
72559.212
72635.5
72659.2
73159.3
73413.4
73474.5
73547.6
73659.1
73890.6
73968.211
73968.4
73969.1
73995.5
74046.6
74336.211
74336.4
74337.1
74549.5
74576.4
74629.5
74702.6
74739.6
74926.211
74926.4
74927.1
74957.5
75088.6
75359.211
75359.4
75360.1
75403.5
75529.6
75695.211
75695.4
75696.1
75750.5
75787.6
75821.6
75881.6
75891.6
76042.211
76042.4
76043.1
76076.5
76120.6
76349.6
76409.211
76409.4
76410.1
76463.5
76502.6
76730.211
76730.4
76731.1
76763.5
76799.6
76967.211
76967.4
76968.1
77000.5
77052.6
77214.6
77403.6
77463.4
77464.212
77540.5
77564.2
78064.3
78464.6
78564.1
78746.6
78834.211
78834.4
78835.1
78892.5
78936.6
79146.6
79203.211
79203.4
79204.1
79235.5
79279.6
79507.6
79579.211
79579.4
79580.1
79610.5
79660.6
79800.6
79854.6
79898.6
80053.6
80154.4
80155.212
80255.2
80295.5
80755.3
81135.6
81255.1
81472.6
81782.4
81783.212
81877.5
81883.2
82383.3
82883.1
83484.6
83716.211
83716.4
83717.1
83793.5
83838.6
83942.6
84093.211
84093.4
84094.1
84154.5
84202.6
84247.6
84342.6
84506.4
84507.212
84607.2
84644.5
85107.3
85607.1
85734.6
85975.211
85975.4
85976.1
86025.5
86076.6
86203.211
86203.4
86204.1
86261.5
86310.6
86552.211
86552.4
86553.1
86594.5
86647.6
86706.6
86777.6
86890.211
86890.4
86891.1
86926.5
86969.6
87041.6
87266.211
87266.4
87267.1
87297.5
87334.6
87402.6
87427.6
87437.6
87459.6
87483.6
87601.211
87601.4
87602.1
87635.5
87682.6
87784.6
88002.4
88003.212
88103.2
88165.5
88603.3
89103.1
89363.6
89615.211
89615.4
89616.1
89690.5
89745.6
89841.211
89841.4
89842.1
89864.5
90043.6
90153.6
90353.6
90431.4
90432.212
90532.2
90933.5
90941.4
91032.3
91532.1
91572.5
91669.4
91860.5
91936.6
91986.211
91986.4
91987.1
92147.5
92200.4
92271.5
92394.4
92425.5
92490.6
92609.211
92609.4
92610.1
92659.5
92878.6
93089.6
93183.4
93184.212
93280.5
93284.2
93784.3
94228.4
94284.1
94335.5
94425.4
94508.5
94598.6
94797.211
94797.4
94798.1
94839.5
95120.6
95197.211
95197.4
95198.1
95219.5
95403.6
95499.211
95499.4
95500.1
95533.5
95601.6
95868.211
95868.4
95869.1
95906.5
95957.6
96049.6
96229.6
96326.4
96327.212
96427.2
96435.5
96927.3
97415.4
97427.1
97480.5
98732.4
98805.5
99707.6
99903.6
99966.211
99966.4
99967.1
100188.5
100252.6
100611.4
100612.212
100712.2
100779.5
101212.3
101712.1
101778.4
101876.5
102236.4
102298.5
102408.6
102650.211
102650.4
102651.1
102787.5
102961.4
103080.5
103242.6
103309.211
103309.4
103310.1
103336.5
103429.4
103485.5
103487.4
103499.5
103504.4
103550.5
103832.4
103881.5
103942.6
104006.6
104135.211
104135.4
104136.1
104175.5
104228.4
104244.5
104302.6
104360.6
104508.211
104508.4
104509.1
104553.5
104597.6
104835.211
104835.4
104836.1
104889.5
104941.6
105208.6
105278.4
105279.212
105352.5
105379.2
105879.3
106379.1
106549.4
106644.5
106781.6
106919.6
106973.211
106973.4
106974.1
107020.5
107076.6
107219.6
107355.211
107355.4
107356.1
107483.5
107535.6
107748.6
107820.211
107820.4
107821.1
107863.5
107996.6
108187.6
108259.211
108259.4
108260.1
108337.5
108379.6
108477.6
108717.4
108718.212
108818.2
108840.5
109318.3
109818.1
109867.4
109985.5
110074.6
110265.211
110265.4
110266.1
110303.5
110325.4
110348.5
110393.6
110551.211
110551.4
110552.1
110599.5
110648.6
110924.211
110924.4
110925.1
110951.5
111020.4
111037.5
111077.6
111163.6
111364.211
111364.4
111365.1
111421.5
111462.6
111530.6
111739.211
111739.4
111740.1
111787.5
111826.6
112090.211
112090.4
112091.1
112130.5
112173.6
112242.6
112389.211
112389.4
112390.1
112427.5
112472.6
112554.6
112625.6
112743.211
112743.4
112744.1
112785.5
112828.6
113083.6
113166.4
113167.212
113235.5
113267.2
113767.3
114267.1
114622.6
114722.211
114722.4
114723.1
114756.5
114807.6
115005.211
115005.4
115006.1
115053.5
115103.6
115195.6
115311.6
115505.6
115559.4
115560.212
115660.2
115693.5
116160.3
116494.4
116660.1
116751.5
116913.6
117123.211
117123.4
117124.1
117201.5
117266.6
117329.6
117520.211
117520.4
117521.1
117568.5
117635.6
117685.6
117864.211
117864.4
117865.1
117898.5
117952.6
118046.6
118052.6
118243.211
118243.4
118244.1
118283.5
118323.6
118443.211
118443.4
118444.1
118472.5
118510.6
118685.6
118741.211
118741.4
118742.1
118776.5
118819.6
119048.6
119135.4
119136.212
119236.2
119327.5
119736.3
120236.1
120324.4
120647.5
120744.6
120817.6
120864.6
120934.211
120934.4
120935.1
120975.5
121086.6
121137.6
121376.211
121376.4
121377.1
121486.5
121596.6
121721.6
121820.211
121820.4
121821.1
121878.5
121934.6
121981.6
122114.211
122114.4
122115.1
122141.5
122186.6
122262.6
122389.211
122389.4
122390.1
122448.5
122491.6
122614.6
122731.211
122731.4
122732.1
122780.5
122826.6
122881.6
123046.211
123046.4
123047.1
123085.5
123127.6
123456.4
123457.212
123534.5
123557.2
124057.3
124326.4
124437.5
124539.6
124557.1
124615.6
124674.211
124674.4
124675.1
124708.5
124765.4
124776.5
124816.6
124904.6
124944.6
124955.6
124978.6
125054.211
125054.4
125055.1
125089.5
125136.6
125258.6
125334.6
125389.6
125440.4
125441.212
125541.2
125578.5
126041.3
126541.1
126860.4
126892.5
126938.4
126955.5
127016.6
127096.6
127197.211
127197.4
127198.1
127248.5
127374.6
127401.6
127612.211
127612.4
127613.1
127652.5
127705.6
127765.6
128023.4
128024.212
128105.5
128124.2
128624.3
129124.1
129476.4
129478.5
129638.6
129856.211
129856.4
129857.1
129902.5
129927.4
129971.5
130049.6
130089.6
130353.6
130409.4
130410.212
130510.2
130521.5
131010.3
131510.1
132295.6
132798.4
132799.212
132895.5
132899.2
133399.3
133899.1
134034.4
134517.5
134908.6
135136.211
135136.4
135137.1
135409.5
136269.4
136272.5
136273.4
136331.5
136455.6
136512.6
136656.211
136656.4
136657.1
136700.5
137304.6
137358.211
137358.4
137359.1
137449.5
137496.6
137664.211
137664.4
137665.1
137728.5
137773.6
137960.211
137960.4
137961.1
138017.5
138066.6
138145.6
138216.211
138216.4
138217.1
138255.5
138321.6
138521.211
138521.4
138522.1
138571.5
138574.4
138595.5
138631.6
138851.6
138933.4
138934.212
139034.2
139505.5
139534.3
140001.6
140034.1
140110.6
140201.211
140201.4
140202.1
140246.5
140291.6
140346.6
140423.6
140503.211
140503.4
140504.1
140551.5
140593.6
140660.6
140714.6
140766.6
140821.211
140821.4
140822.1
140864.5
140909.6
140931.6
141093.6
141189.211
141189.4
141190.1
141257.5
141298.6
141368.6
141468.6
141587.211
141587.4
141588.1
141649.5
141689.6
141951.6
142011.4
142012.212
142112.2
142220.5
142612.3
143112.1
143210.4
143513.5
143721.6
143820.6
143930.211
143930.4
143931.1
143931.5
143932.4
143978.5
144075.6
144153.6
144318.211
144318.4
144319.1
144385.5
144428.6
144673.211
144673.4
144674.1
144704.5
144753.6
144914.6
144933.6
144951.6
145012.211
145012.4
145013.1
145061.5
145105.6
145285.6
145355.211
145355.4
145356.1
145393.5
145456.6
145542.6
145723.211
145723.4
145724.1
145774.5
145814.6
145980.6
146006.6
146074.211
146074.4
146075.1
146250.5
146294.6
146531.211
146531.4
146532.1
146568.5
146610.6
146871.6
147016.4
147017.212
147087.5
147117.2
147617.3
148117.1
148242.6
148339.211
148339.4
148340.1
148371.5
148462.6
148672.211
148672.4
148673.1
148709.5
148758.6
148807.6
148889.6
149007.211
149007.4
149008.1
149068.5
149106.6
149182.6
149397.211
149397.4
149398.1
149440.5
149489.6
149660.6
149852.4
149853.212
149928.5
149953.2
150453.3
150953.1
151054.6
151123.6
151252.211
151252.4
151253.1
151289.5
151348.6
151451.6
151596.211
151596.4
151597.1
151638.5
151683.6
151893.211
151893.4
151894.1
151926.5
151968.6
152010.6
152263.211
152263.4
152264.1
152317.5
152359.6
152413.6
152480.6
152601.211
152601.4
152602.1
152649.5
152691.6
152874.6
153011.4
153012.212
153102.5
153112.2
153612.3
154025.4
154079.5
154112.1
154340.6
154430.211
154430.4
154431.1
154466.5
154516.6
154614.6
154764.211
154764.4
154765.1
154805.5
154878.6
154944.6
155013.6
155163.211
155163.4
155164.1
155213.5
155255.6
155361.6
155513.211
155513.4
155514.1
155568.5
155620.6
155782.211
155782.4
155783.1
155805.5
155855.6
156064.211
156064.4
156065.1
156100.5
156143.6
156230.6
156383.211
156383.4
156384.1
156413.5
156457.6
156682.211
156682.4
156683.1
156717.5
156765.6
156785.6
157112.4
157113.212
157206.5
157213.2
157713.3
158213.1
161194.6
161387.211
161387.4
161388.1
161417.5
161515.6
161630.6
161717.211
161717.4
161718.1
161748.5
161790.6
162065.211
162065.4
162066.1
162157.5
162214.6
162469.211
162469.4
162470.1
162506.5
162553.6
162594.6
162667.6
162792.211
162792.4
162793.1
162828.5
162871.6
162915.6
163050.211
163050.4
163051.1
163090.5
163139.6
163182.6
163355.211
163355.4
163356.1
163396.5
163741.6
163911.211
163911.4
163912.1
163942.5
164011.6
164221.211
164221.4
164222.1
164254.5
164304.6
164513.211
164513.4
164514.1
164552.5
164594.6
164816.211
164816.4
164817.1
164846.5
164896.6
165131.211
165131.4
165132.1
165175.5
165215.6
165250.6
165294.6
165507.211
165507.4
165508.1
165596.5
165643.6
165753.6
165934.211
165934.4
165935.1
165972.5
166514.6
166686.211
166686.4
166687.1
166709.5
166753.6
166964.6
167048.211
167048.4
167049.1
167089.5
167131.6
167155.6
167321.6
167402.211
167402.4
167403.1
167434.5
167478.6
167625.6
167754.211
167754.4
167755.1
167793.5
167837.6
167878.6
167887.6
168103.6
168164.4
168165.212
168255.5
168265.2
168765.3
169265.1
169423.6
169453.6
169490.6
169702.211
169702.4
169703.1
169732.5
169777.6
169824.6
170063.211
170063.4
170064.1
170099.5
170148.6
170243.6
170416.6
170481.4
170482.212
170582.2
170600.5
171082.3
171582.1
172135.4
172279.5
172334.6
172405.6
172511.6
172574.211
172574.4
172575.1
172606.5
172709.6
172775.6
172954.211
172954.4
172955.1
172990.5
173217.4
173243.5
173360.6
173620.211
173620.4
173621.1
173656.5
173736.6
173773.6
174060.6
174114.4
174115.212
174193.5
174215.2
174715.3
175215.1
175320.4
175475.5
175586.6
175631.6
175636.6
175818.211
175818.4
175819.1
175938.5
176000.6
176318.4
176319.212
176404.5
176419.2
176919.3
177419.1
177620.4
177663.5
177742.6
178025.211
178025.4
178026.1
178065.5
178360.6
178604.6
178666.4
178667.212
178746.5
178767.2
179267.3
179767.1
179881.4
180000.9
123456789
11
12
15
11
12
15
3
FI
1
3
10
10
44
10
43
44
6
2
1166
0
0
0
314159265
49
0
251
180000
314159265
0.1
646.4
717.5
768.6
1094.4
1095.212
1195.2
1211.5
1353.4
1441.5
1695.3
2065.4
2195.1
2199.5
3023.4
3161.5
3378.6
3443.211
3443.4
3444.1
3517.5
3578.6
3808.211
3808.4
3809.1
3849.5
4500.6
4548.211
4548.4
4549.1
4590.5
4705.6
4734.6
4948.211
4948.4
4949.1
5007.5
5143.6
5277.211
5277.4
5278.1
5303.5
5349.6
5381.6
5624.211
5624.4
5625.1
5746.5
5842.6
5994.6
6065.211
6065.4
6066.1
6089.5
6277.6
6300.6
6600.4
6601.212
6701.2
6767.5
7201.3
7436.4
7653.5
7701.1
8826.6
8893.211
8893.4
8894.1
8931.5
9097.4
9116.5
9342.6
9706.4
9707.212
9798.5
9807.2
10307.3
10807.1
11125.4
11512.5
12048.6
12063.6
12069.6
12124.211
12124.4
12125.1
12336.5
12440.4
12535.5
12589.6
12794.211
12794.4
12795.1
12835.5
12951.6
13003.6
13424.4
13425.212
13501.5
13525.2
13955.4
14025.3
14035.5
14525.1
14530.6
14864.4
14865.212
14963.5
14965.2
15465.3
15801.4
15965.1
16052.5
16201.6
16472.211
16472.4
16473.1
16542.5
16866.4
16937.5
17079.6
17322.211
17322.4
17323.1
17369.5
17557.6
17808.211
17808.4
17809.1
17850.5
18235.6
18532.211
18532.4
18533.1
18610.5
18766.6
19110.4
19111.212
19202.5
19211.2
19711.3
20211.1
20245.4
20268.5
21160.6
21246.211
21246.4
21247.1
21278.5
21344.6
21670.4
21671.212
21752.5
21771.2
22271.3
22725.6
22747.6
22771.1
23296.6
23324.6
23704.4
23705.212
23805.2
23808.5
24305.3
24805.1
25644.4
25685.5
25810.6
26186.4
26187.212
26287.2
26305.5
26787.3
27287.1
27748.4
27811.5
27947.6
28314.4
28315.212
28415.2
28431.5
28915.3
29415.1
29546.4
29788.5
29875.6
30222.4
30223.212
30317.5
30323.2
30823.3
31135.4
31267.5
31323.1
31450.6
31732.211
31732.4
31733.1
31894.5
32271.6
32393.211
32393.4
32394.1
32440.5
32500.6
32832.4
32833.212
32906.5
32933.2
33433.3
33690.4
33927.5
33933.1
34735.4
34803.5
34893.6
34909.6
35174.211
35174.4
35175.1
35227.5
35878.4
35926.5
36027.6
36064.6
36340.4
36341.212
36441.2
36473.5
36941.3
37170.4
37302.5
37441.1
37665.4
37744.5
37834.6
38076.211
38076.4
38077.1
38150.5
38450.6
38755.4
38756.212
38844.5
38856.2
39356.3
39525.4
39626.5
39856.1
40947.4
40964.5
41153.6
41202.6
41450.211
41450.4
41451.1
41541.5
41818.6
41840.6
42052.211
42052.4
42053.1
42217.5
42287.6
42330.6
42394.6
42498.211
42498.4
42499.1
42526.5
42677.6
42869.211
42869.4
42870.1
42914.5
42987.6
43244.211
43244.4
43245.1
43311.5
43596.6
43825.211
43825.4
43826.1
43861.5
43929.6
44122.211
44122.4
44123.1
44165.5
44209.6
44223.6
44475.211
44475.4
44476.1
44503.5
44565.6
44592.6
44864.211
44864.4
44865.1
44943.5
45012.6
45090.6
45275.211
45275.4
45276.1
45332.5
45371.6
45387.6
45708.4
45709.212
45797.5
45809.2
46309.3
46809.1
47053.4
47146.5
47250.6
47593.4
47594.212
47694.2
47700.5
48194.3
48694.1
48880.4
48960.5
49491.6
49567.211
49567.4
49568.1
49603.5
50704.6
50755.211
50755.4
50756.1
50855.5
50928.6
51042.211
51042.4
51043.1
51065.5
51108.6
51123.6
51344.211
51344.4
51345.1
51517.5
51580.6
51611.6
51907.4
51908.212
52000.5
52008.2
52508.3
52996.4
53008.1
53120.5
53334.6
53605.211
53605.4
53606.1
53741.5
53925.6
53943.6
54257.4
54258.212
54337.5
54358.2
54858.3
55358.1
55483.4
55604.5
55859.6
56155.211
56155.4
56156.1
56311.5
56424.6
56792.4
56793.212
56863.5
56893.2
57393.3
57620.4
57678.5
57843.4
57867.5
57893.1
58756.4
58795.5
60244.4
60285.5
60344.6
60633.211
60633.4
60634.1
60789.5
60991.6
61004.6
61262.211
61262.4
61263.1
61313.5
61460.6
61491.6
61758.211
61758.4
61759.1
61906.5
61978.6
61988.6
62298.4
62299.212
62366.5
62399.2
62899.3
63329.4
63399.1
63423.5
63499.6
63545.6
63780.211
63780.4
63781.1
63896.5
64078.6
64362.211
64362.4
64363.1
64403.5
64750.6
64836.211
64836.4
64837.1
64867.5
64915.6
65187.211
65187.4
65188.1
65261.5
65352.6
65381.6
65661.4
65662.212
65753.5
65762.2
66262.3
66762.1
68699.6
68762.211
68762.4
68763.1
68803.5
68863.6
69174.4
69175.212
69275.2
69290.5
69775.3
70082.4
70275.1
70424.5
71028.6
71266.211
71266.4
71267.1
71320.5
71511.6
71798.211
71798.4
71799.1
71855.5
71987.6
72452.4
72453.212
72543.5
72553.2
73053.3
73553.1
73790.4
73796.5
73801.4
73833.5
73910.4
73917.5
73943.4
74090.5
74156.6
74424.211
74424.4
74425.1
74502.5
74655.6
74939.211
74939.4
74940.1
74993.5
75115.6
75415.211
75415.4
75416.1
75458.5
75610.6
75964.4
75965.212
76054.5
76065.2
76565.3
77065.1
77487.4
77500.5
77573.6
77884.4
77885.212
77985.2
78026.5
78485.3
78985.1
79577.4
79636.5
80167.4
80183.5
80249.6
80424.211
80424.4
80425.1
80494.5
80544.6
80574.6
80854.4
80855.212
80943.5
80955.2
81455.3
81955.1
81970.4
82171.5
82323.4
82441.5
82564.6
82805.211
82805.4
82806.1
82849.5
83431.4
83455.5
83522.6
83555.6
83817.211
83817.4
83818.1
83881.5
84036.6
84303.211
84303.4
84304.1
84335.5
84383.6
84401.6
84671.211
84671.4
84672.1
84748.5
84869.6
85083.211
85083.4
85084.1
85110.5
85152.6
85173.6
85445.211
85445.4
85446.1
85501.5
85733.6
85809.211
85809.4
85810.1
85834.5
85877.6
86163.211
86163.4
86164.1
86205.5
86300.6
86556.211
86556.4
86557.1
86578.5
86627.6
86909.211
86909.4
86910.1
86964.5
87310.6
87367.211
87367.4
87368.1
87393.5
87438.6
87719.211
87719.4
87720.1
87766.5
87877.6
88117.211
88117.4
88118.1
88157.5
88215.6
88241.6
88264.6
88620.4
88621.212
88705.5
88721.2
89221.3
89721.1
90023.6
90340.4
90341.212
90412.5
90441.2
90941.3
91313.4
91441.1
91516.5
91683.6
92019.4
92020.212
92095.5
92120.2
92620.3
93008.4
93120.1
93253.5
93272.4
93417.5
93715.6
93887.211
93887.4
93888.1
93920.5
93984.6
94256.211
94256.4
94257.1
94575.5
94743.6
95028.211
95028.4
95029.1
95075.5
95172.6
95211.6
95487.4
95488.212
95588.2
95617.5
96088.3
96458.4
96530.5
96588.1
96729.6
96990.211
96990.4
96991.1
97037.5
97313.6
97583.211
97583.4
97584.1
97751.5
97830.6
98120.211
98120.4
98121.1
98174.5
98717.4
98725.5
98772.6
99043.211
99043.4
99044.1
99084.5
99612.4
99626.5
100241.6
100297.211
100297.4
100298.1
100321.5
100966.4
100993.5
101047.6
101126.211
101126.4
101127.1
101138.5
101180.6
101207.6
101519.4
101520.212
101620.2
101645.5
102120.3
102569.4
102571.5
102620.1
103400.6
103483.211
103483.4
103484.1
103514.5
103635.6
103857.211
103857.4
103858.1
103921.5
104024.6
104045.6
104319.211
104319.4
104320.1
104423.5
104513.6
104542.6
104865.4
104866.212
104953.5
104966.2
105466.3
105966.1
106704.6
106776.211
106776.4
106777.1
106804.5
108082.4
108096.5
108439.6
109045.4
109046.212
109126.5
109146.2
109646.3
110139.4
110146.1
110193.5
111115.4
111143.5
111241.6
111276.6
111519.211
111519.4
111520.1
111590.5
111767.6
112002.211
112002.4
112003.1
112033.5
112476.4
112516.5
113433.4
113450.5
114070.6
114108.6
114354.211
114354.4
114355.1
114409.5
114552.6
114935.4
114936.212
115013.5
115036.2
115536.3
115717.4
115724.5
115748.4
115916.5
116036.1
116323.4
116351.5
116471.6
116743.211
116743.4
116744.1
116782.5
117149.4
117173.5
118060.6
118113.211
118113.4
118114.1
118143.5
118192.6
118215.6
118441.211
118441.4
118442.1
118497.5
118615.6
119255.4
119256.212
119336.5
119356.2
119856.3
120356.1
122553.4
122597.5
122660.6
122925.211
122925.4
122926.1
122966.5
123220.6
123538.4
123539.212
123629.5
123639.2
124139.3
124639.1
127127.4
127162.5
127789.6
128011.211
128011.4
128012.1
128034.5
128078.6
128102.6
128300.211
128300.4
128301.1
128353.5
128412.6
128445.6
128767.4
128768.212
128854.5
128868.2
129368.3
129758.4
129868.1
129879.5
130129.4
130133.5
130134.4
130338.5
131478.4
131500.5
131580.6
131769.211
131769.4
131770.1
131801.5
131896.6
132179.211
132179.4
132180.1
132239.5
132339.6
132626.211
132626.4
132627.1
132682.5
132786.6
132820.6
133101.4
133102.212
133170.5
133202.2
133702.3
134202.1
134207.4
134281.5
136389.6
136465.211
136465.4
136466.1
136498.5
136559.6
136804.211
136804.4
136805.1
136834.5
137079.6
137099.6
137347.211
137347.4
137348.1
137404.5
137781.6
137792.6
138006.211
138006.4
138007.1
138070.5
138643.6
138892.211
138892.4
138893.1
138923.5
139269.6
139627.4
139628.212
139700.5
139728.2
140228.3
140579.4
140728.1
140901.5
141046.6
141458.4
141459.212
141543.5
141559.2
142059.3
142547.4
142559.1
142695.5
142932.6
143169.211
143169.4
143170.1
143220.5
144162.6
144573.4
144574.212
144657.5
144674.2
145174.3
145674.1
145739.4
145869.5
145988.6
146243.211
146243.4
146244.1
146352.5
146613.6
146896.211
146896.4
146897.1
146929.5
147184.6
147447.211
147447.4
147448.1
147519.5
149187.4
149225.5
149941.6
149990.211
149990.4
149991.1
150021.5
150650.6
150690.6
150958.4
150959.212
151059.2
151125.5
151559.3
152059.1
152269.4
152336.5
152469.6
152733.211
152733.4
152734.1
152868.5
152979.6
153212.211
153212.4
153213.1
153271.5
153448.6
153727.211
153727.4
153728.1
153819.5
153909.6
153927.6
154203.211
154203.4
154204.1
154248.5
154335.6
154607.211
154607.4
154608.1
154697.5
154773.6
155141.4
155142.212
155215.5
155242.2
155742.3
156242.1
157428.6
157508.211
157508.4
157509.1
157543.5
157587.6
157860.211
157860.4
157861.1
157903.5
157975.6
158276.4
158277.212
158356.5
158377.2
158877.3
159377.1
159632.6
159929.211
159929.4
159930.1
160006.5
160770.6
161059.211
161059.4
161060.1
161095.5
161856.4
161874.5
161921.6
162191.211
162191.4
162192.1
162257.5
162495.4
162516.5
162677.6
162928.211
162928.4
162929.1
163005.5
163092.6
163400.4
163401.212
163481.5
163501.2
164001.3
164501.1
164847.6
165181.4
165182.212
165282.2
165321.5
165782.3
166282.1
166333.4
166464.5
166674.6
166993.4
166994.212
167067.5
167094.2
167594.3
168021.4
168094.1
168271.5
168346.6
168599.211
168599.4
168600.1
168647.5
168655.4
168692.5
168831.6
169111.211
169111.4
169112.1
169141.5
170418.6
170530.211
170530.4
170531.1
170567.5
170693.6
170796.211
170796.4
170797.1
170825.5
170831.4
170878.5
170942.6
171102.211
171102.4
171103.1
171133.5
171550.4
171579.5
171632.6
171962.4
171963.212
172063.2
172096.5
172563.3
173063.1
173135.4
173392.5
173530.6
173559.6
173741.211
173741.4
173742.1
173838.5
173955.6
174242.211
174242.4
174243.1
174274.5
174643.6
175019.4
175020.212
175120.2
175127.5
175620.3
176120.1
176250.6
176521.211
176521.4
176522.1
176554.5
176765.6
177062.211
177062.4
177063.1
177096.5
177248.6
177282.6
177530.211
177530.4
177531.1
177614.5
177713.6
177977.211
177977.4
177978.1
178014.5
179254.4
179259.5
179317.6
179330.6
179536.211
179536.4
179537.1
179572.5
179613.6
179638.6
179832.211
179832.4
179833.1
179867.5
180000.9
123456789
11
13
15
11
13
15
3
FI
1
3
9
58
13
10
31
13
6
2
1793
0
0
0
314159265
50
0
339
180000
314159265
0.1
680.4
724.5
880.6
1075.211
1075.4
1076.1
1211.5
1629.4
1716.5
1775.6
1809.6
2034.211
2034.4
2035.1
2138.5
2634.4
2673.5
2791.6
3087.211
3087.4
3088.1
3214.5
3534.6
3795.211
3795.4
3796.1
3865.5
4929.4
4981.5
5030.6
5293.211
5293.4
5294.1
5347.5
5963.6
6199.211
6199.4
6200.1
6238.5
6458.6
6731.211
6731.4
6732.1
6939.5
7062.6
7296.211
7296.4
7297.1
7352.5
7874.4
7899.5
8058.6
8282.211
8282.4
8283.1
8328.5
8948.4
8965.5
8979.4
8994.5
9053.6
9300.211
9300.4
9301.1
9337.5
9787.6
9852.211
9852.4
9853.1
9892.5
9935.6
9957.6
10194.211
10194.4
10195.1
10235.5
10315.6
10512.211
10512.4
10513.1
10551.5
11030.6
11126.211
11126.4
11127.1
11158.5
11206.6
11466.211
11466.4
11467.1
11512.5
11759.6
11828.211
11828.4
11829.1
11845.5
11896.6
12199.4
12200.212
12293.5
12300.2
12800.3
13300.1
13915.6
14090.211
14090.4
14091.1
14164.5
14281.6
14624.4
14625.212
14698.5
14725.2
15225.3
15498.4
15609.5
15725.1
16321.6
16391.211
16391.4
16392.1
16427.5
16756.6
16979.211
16979.4
16980.1
17011.5
17326.6
17468.211
17468.4
17469.1
17490.5
17586.6
17819.211
17819.4
17820.1
17854.5
17978.6
17997.6
18218.211
18218.4
18219.1
18259.5
18419.6
18432.6
18720.4
18721.212
18807.5
18821.2
19321.3
19821.1
20192.6
20356.211
20356.4
20357.1
20429.5
20592.6
20809.211
20809.4
20810.1
20848.5
20901.6
21123.211
21123.4
21124.1
21181.5
21286.6
21541.211
21541.4
21542.1
21618.5
21677.4
21764.5
22076.6
22175.211
22175.4
22176.1
22206.5
22397.6
22487.211
22487.4
22488.1
22514.5
22570.6
22795.211
22795.4
22796.1
22848.5
22981.6
23280.211
23280.4
23281.1
23349.5
23453.6
23487.6
23779.4
23780.212
23872.5
23880.2
24380.3
24626.4
24868.5
24880.1
25088.4
25128.5
25327.6
25576.211
25576.4
25577.1
25624.5
26568.6
26632.211
26632.4
26633.1
26663.5
26670.4
26701.5
26788.6
26973.211
26973.4
26974.1
27005.5
27263.6
27482.211
27482.4
27483.1
27531.5
28490.6
28763.211
28763.4
28764.1
28849.5
28951.6
29249.211
29249.4
29250.1
29297.5
29409.6
29787.4
29788.212
29888.2
29894.5
30388.3
30614.4
30708.5
30785.6
30888.1
30937.6
30947.6
30954.6
31319.4
31320.212
31399.5
31420.2
31920.3
32420.1
32956.6
33102.211
33102.4
33103.1
33239.5
33348.6
33578.211
33578.4
33579.1
33611.5
33794.6
33818.6
34061.211
34061.4
34062.1
34130.5
34229.6
34542.4
34543.212
34617.5
34643.2
35143.3
35643.1
36783.6
36794.6
36862.211
36862.4
36863.1
36887.5
36944.6
36970.6
37205.211
37205.4
37206.1
37285.5
37353.6
37373.6
37664.4
37665.212
37765.2
37768.5
38265.3
38765.1
39931.6
40147.211
40147.4
40148.1
40313.5
40466.6
40679.211
40679.4
40680.1
40769.5
40850.6
40884.6
41070.211
41070.4
41071.1
41114.5
41165.6
41188.6
41389.211
41389.4
41390.1
41423.5
41493.6
41790.211
41790.4
41791.1
42040.5
42187.6
42392.211
42392.4
42393.1
42429.5
42496.6
42757.211
42757.4
42758.1
42889.5
43121.4
43148.5
43209.6
43229.6
43487.211
43487.4
43488.1
43535.5
43616.6
43824.211
43824.4
43825.1
43897.5
44124.6
44230.211
44230.4
44231.1
44260.5
44312.6
44348.6
44622.4
44623.212
44708.5
44723.2
45223.3
45475.4
45615.5
45723.1
45829.6
46079.211
46079.4
46080.1
46112.5
46169.6
46445.211
46445.4
46446.1
46482.5
46524.6
46597.6
46760.211
46760.4
46761.1
46804.5
47026.6
47160.6
47170.6
47265.211
47265.4
47266.1
47298.5
47353.6
47636.211
47636.4
47637.1
47681.5
47729.6
47807.6
48066.4
48067.212
48167.2
48182.5
48667.3
48863.4
48928.5
48989.6
49167.1
49341.6
49412.211
49412.4
49413.1
49483.5
49523.6
49752.211
49752.4
49753.1
49790.5
49845.6
50043.211
50043.4
50044.1
50090.5
50201.6
50427.211
50427.4
50428.1
50465.5
50536.6
50562.6
50745.211
50745.4
50746.1
50786.5
50871.6
50888.6
50981.6
51104.211
51104.4
51105.1
51142.5
51185.6
51208.6
51347.6
51442.211
51442.4
51443.1
51474.5
51519.6
51728.211
51728.4
51729.1
51802.5
52026.6
52214.211
52214.4
52215.1
52245.5
52293.6
52441.6
52569.6
52666.4
52667.212
52752.5
52767.2
53267.3
53610.4
53679.5
53761.6
53767.1
53917.6
54063.6
54214.211
54214.4
54215.1
54257.5
54317.6
54348.6
54363.6
54454.6
54566.211
54566.4
54567.1
54612.5
54667.6
54907.211
54907.4
54908.1
54941.5
55182.6
55272.6
55351.6
55367.6
55484.4
55485.212
55585.2
55590.5
56085.3
56585.1
57544.4
57593.5
57678.6
57786.211
57786.4
57787.1
57834.5
57927.6
58110.6
58170.211
58170.4
58171.1
58202.5
58247.6
58522.211
58522.4
58523.1
58584.5
58585.4
58715.5
58966.6
59065.211
59065.4
59066.1
59098.5
59139.6
59413.211
59413.4
59414.1
59465.5
59539.6
59563.6
59731.6
59864.4
59865.212
59948.5
59965.2
60465.3
60965.1
63707.6
63779.6
63857.211
63857.4
63858.1
63885.5
63937.6
64096.6
64147.211
64147.4
64148.1
64328.5
64388.6
64606.211
64606.4
64607.1
64662.5
64724.6
64813.6
65003.211
65003.4
65004.1
65077.5
65132.6
65424.6
65492.4
65493.212
65589.5
65593.2
66093.3
66361.4
66592.5
66593.1
66734.6
66999.211
66999.4
67000.1
67079.5
67090.4
67152.5
67220.6
67279.6
67287.6
67438.6
67500.211
67500.4
67501.1
67557.5
67608.6
67845.211
67845.4
67846.1
67888.5
67932.6
68181.211
68181.4
68182.1
68226.5
68273.6
68308.6
68522.211
68522.4
68523.1
68583.5
68716.6
68842.6
68865.6
68941.211
68941.4
68942.1
68977.5
69032.6
69210.211
69210.4
69211.1
69256.5
69302.6
69347.6
69410.6
69454.6
69533.211
69533.4
69534.1
69574.5
69621.6
69790.6
69856.211
69856.4
69857.1
69899.5
69959.6
70103.6
70122.6
70201.211
70201.4
70202.1
70297.5
70350.6
70595.211
70595.4
70596.1
70633.5
70728.6
71012.211
71012.4
71013.1
71054.5
71099.6
71129.6
71270.6
71347.211
71347.4
71348.1
71387.5
71429.6
71655.211
71655.4
71656.1
71708.5
71770.6
71796.6
71813.6
71963.6
72040.211
72040.4
72041.1
72076.5
72119.6
72224.6
72306.6
72416.211
72416.4
72417.1
72490.5
72528.6
72709.211
72709.4
72710.1
72741.5
72779.6
73011.211
73011.4
73012.1
73208.5
73279.6
73301.6
73338.6
73563.211
73563.4
73564.1
73631.5
73670.6
73815.211
73815.4
73816.1
73854.5
73894.6
74173.211
74173.4
74174.1
74209.5
74259.6
74588.4
74589.212
74671.5
74689.2
75189.3
75386.4
75543.5
75666.4
75689.1
75727.5
75809.6
75938.211
75938.4
75939.1
75963.5
76020.6
76062.6
76259.6
76317.211
76317.4
76318.1
76368.5
76571.6
76854.211
76854.4
76855.1
76892.5
76940.6
77190.6
77306.4
77307.212
77407.2
77459.5
77907.3
77967.4
78246.5
78388.6
78407.1
78439.6
78592.211
78592.4
78593.1
78621.5
78683.6
78701.6
78853.6
78971.211
78971.4
78972.1
79008.5
79070.6
79084.6
79212.6
79309.211
79309.4
79310.1
79351.5
79390.6
79637.211
79637.4
79638.1
79691.5
79738.6
80024.211
80024.4
80025.1
80125.5
80188.6
80381.211
80381.4
80382.1
80427.5
80469.6
80510.6
80659.6
80749.211
80749.4
80750.1
80788.5
80833.6
80975.6
81197.4
81198.212
81288.5
81298.2
81798.3
82221.4
82298.1
82613.5
82860.6
83112.6
83175.4
83176.212
83276.2
83293.5
83776.3
84004.4
84224.5
84276.1
84371.4
84496.5
84653.6
84941.211
84941.4
84942.1
84977.5
85072.6
85122.6
85355.211
85355.4
85356.1
85413.5
85461.6
85671.6
85727.211
85727.4
85728.1
85766.5
85830.6
85855.6
86075.211
86075.4
86076.1
86119.5
86145.4
86218.5
86289.6
86432.211
86432.4
86433.1
86470.5
86539.6
86787.211
86787.4
86788.1
86823.5
86867.6
87132.211
87132.4
87133.1
87165.5
87210.6
87414.6
87473.211
87473.4
87474.1
87504.5
87549.6
87781.211
87781.4
87782.1
87815.5
87965.6
88235.211
88235.4
88236.1
88283.5
88333.6
88502.6
88606.211
88606.4
88607.1
88639.5
88683.6
88953.211
88953.4
88954.1
89000.5
89089.6
89297.211
89297.4
89298.1
89336.5
89380.6
89521.6
89639.211
89639.4
89640.1
89679.5
89730.6
89785.6
89944.211
89944.4
89945.1
89996.5
90041.6
90190.211
90190.4
90191.1
90229.5
90314.4
90326.5
90368.6
90385.6
90653.211
90653.4
90654.1
90692.5
90744.6
90945.6
91018.211
91018.4
91019.1
91068.5
91113.6
91402.211
91402.4
91403.1
91430.5
91601.6
91704.6
91758.6
91917.4
91918.212
91989.5
92018.2
92518.3
92813.4
92855.5
92938.6
92984.6
93018.1
93024.6
93240.211
93240.4
93241.1
93273.5
93326.6
93476.6
93617.211
93617.4
93618.1
93651.5
93707.6
93741.6
93923.211
93923.4
93924.1
93956.5
94071.6
94314.211
94314.4
94315.1
94346.5
94395.6
94423.6
94529.6
94778.4
94779.212
94879.2
94905.5
95379.3
95590.4
95749.5
95879.1
95886.6
96230.4
96231.212
96331.2
96352.5
96831.3
97331.1
97371.6
97419.6
97649.211
97649.4
97650.1
97684.5
98070.6
98395.4
98396.212
98471.5
98496.2
98996.3
99341.4
99496.1
99508.5
99802.6
100035.211
100035.4
100036.1
100086.5
100820.6
101063.211
101063.4
101064.1
101105.5
101293.6
101618.4
101619.212
101719.2
101794.5
102219.3
102509.4
102719.1
102742.5
102850.6
102884.6
103114.211
103114.4
103115.1
103179.5
103459.6
103513.211
103513.4
103514.1
103546.5
103617.6
103830.211
103830.4
103831.1
103874.5
104009.6
104158.211
104158.4
104159.1
104193.5
104263.6
104585.4
104586.212
104664.5
104686.2
105186.3
105268.4
105354.5
105563.6
105686.1
105916.6
106164.211
106164.4
106165.1
106256.5
106576.4
106599.5
106639.6
106670.6
106879.211
106879.4
106880.1
106929.5
107110.6
107405.211
107405.4
107406.1
107407.5
107408.4
107474.5
107577.6
107758.6
107817.211
107817.4
107818.1
107863.5
107913.6
108184.211
108184.4
108185.1
108220.5
108334.6
108454.6
108469.6
108539.211
108539.4
108540.1
108580.5
108632.6
108650.6
108813.6
108910.211
108910.4
108911.1
108943.5
108987.6
109105.6
109206.211
109206.4
109207.1
109293.5
109338.6
109371.6
109443.211
109443.4
109444.1
109495.5
109538.6
109618.6
109758.6
109826.211
109826.4
109827.1
109874.5
109940.6
110039.6
110223.211
110223.4
110224.1
110291.5
110351.6
110372.6
110606.211
110606.4
110607.1
110636.5
110643.4
110749.5
111007.6
111104.211
111104.4
111105.1
111135.5
111176.6
111209.6
111247.6
111350.6
111428.211
111428.4
111429.1
111464.5
111507.6
111692.6
111778.211
111778.4
111779.1
111814.5
111855.6
112019.6
112154.211
112154.4
112155.1
112194.5
112240.6
112538.211
112538.4
112539.1
112578.5
112777.6
112892.6
113103.6
113159.4
113160.212
113241.5
113260.2
113642.4
113760.3
113907.5
114088.4
114260.1
114265.5
114364.6
114482.6
114552.211
114552.4
114553.1
114577.5
114618.6
114683.6
114858.211
114858.4
114859.1
114889.5
114952.6
115008.6
115106.6
115215.6
115239.6
115311.4
115312.212
115384.5
115412.2
115912.3
116134.4
116314.5
116407.6
116412.1
116481.6
116659.6
116731.211
116731.4
116732.1
116780.5
116827.6
117017.211
117017.4
117018.1
117082.5
117135.6
117212.6
117269.6
117461.4
117462.212
117540.5
117562.2
118062.3
118562.1
118902.4
118949.5
119151.6
119333.211
119333.4
119334.1
119378.5
119425.6
119516.6
119659.211
119659.4
119660.1
119694.5
119735.6
119839.6
119854.6
119936.211
119936.4
119937.1
119969.5
120012.6
120267.211
120267.4
120268.1
120310.5
120410.6
120571.6
120662.211
120662.4
120663.1
120708.5
120754.6
120862.6
120951.211
120951.4
120952.1
121011.5
121056.6
121314.211
121314.4
121315.1
121357.5
121404.6
121723.4
121724.212
121824.2
121845.5
122324.3
122640.4
122700.5
122795.6
122824.1
122957.4
122992.5
123045.6
123138.6
123340.211
123340.4
123341.1
123401.5
123453.6
123674.6
123776.4
123777.212
123849.5
123877.2
124377.3
124709.4
124736.5
124819.6
124866.6
124877.1
125160.4
125196.5
125242.6
125319.211
125319.4
125320.1
125357.5
125559.6
125637.211
125637.4
125638.1
125674.5
125748.6
125924.6
126017.211
126017.4
126018.1
126055.5
126095.6
126322.6
126409.4
126410.212
126492.5
126510.2
127010.3
127161.4
127329.5
127479.6
127510.1
127839.4
127872.5
127921.6
128018.6
128028.6
128231.4
128232.212
128308.5
128332.2
128832.3
129098.4
129213.5
129332.1
129460.6
129502.6
129689.211
129689.4
129690.1
129726.5
129774.6
129836.6
129993.6
130154.4
130155.212
130233.5
130255.2
130755.3
130952.4
131049.5
131255.1
132048.6
132297.211
132297.4
132298.1
132375.5
132418.6
132711.211
132711.4
132712.1
132749.5
132852.6
133073.211
133073.4
133074.1
133107.5
133161.6
133202.6
133425.211
133425.4
133426.1
133477.5
133520.6
133655.6
133783.211
133783.4
133784.1
133816.5
133859.6
133895.6
133919.6
134153.211
134153.4
134154.1
134200.5
134248.6
134553.4
134554.212
134654.2
134694.5
135154.3
135593.4
135654.1
135769.5
135886.6
136084.6
136144.211
136144.4
136145.1
136184.5
136309.6
136385.6
136492.6
136570.211
136570.4
136571.1
136622.5
136672.6
136879.6
136973.4
136974.212
137068.5
137074.2
137574.3
137898.4
137956.5
138055.6
138074.1
138237.6
138342.211
138342.4
138343.1
138376.5
138440.6
138521.6
138762.4
138763.212
138832.5
138863.2
139363.3
139766.4
139863.1
139874.5
139980.6
140229.211
140229.4
140230.1
140291.5
140357.6
140440.6
140644.211
140644.4
140645.1
140686.5
140787.6
140884.6
140948.6
141073.211
141073.4
141074.1
141117.5
141164.6
141347.6
141412.211
141412.4
141413.1
141453.5
141499.6
141561.6
141724.211
141724.4
141725.1
141757.5
141807.6
141990.211
141990.4
141991.1
142023.5
142886.4
142974.5
143025.6
143199.6
143261.211
143261.4
143262.1
143301.5
143354.6
143397.6
143557.6
143645.211
143645.4
143646.1
143690.5
143733.6
144003.211
144003.4
144004.1
144059.5
144099.6
144378.211
144378.4
144379.1
144433.5
144472.6
144748.211
144748.4
144749.1
144788.5
144795.4
144822.5
144894.6
145096.211
145096.4
145097.1
145141.5
145185.6
145511.4
145512.212
145581.5
145612.2
146112.3
146550.4
146582.5
146612.1
146634.6
146677.6
146939.4
146940.212
147037.5
147040.2
147540.3
148040.1
148171.6
148263.211
148263.4
148264.1
148327.5
148418.6
148686.211
148686.4
148687.1
148737.5
148799.6
149117.4
149118.212
149201.5
149218.2
149718.3
150048.4
150120.5
150195.6
150218.1
150581.4
150615.5
150668.6
150881.6
150946.211
150946.4
150947.1
150995.5
151082.6
151238.6
151303.211
151303.4
151304.1
151322.5
151343.4
151425.5
151489.6
151525.6
151546.6
151555.6
151715.211
151715.4
151716.1
151748.5
151795.6
152075.211
152075.4
152076.1
152125.5
152170.6
152371.6
152460.211
152460.4
152461.1
152505.5
152560.6
152749.6
152808.211
152808.4
152809.1
152865.5
152907.4
152929.5
152969.6
153074.6
153108.6
153269.211
153269.4
153270.1
153307.5
153351.6
153553.6
153594.6
153663.4
153664.212
153764.2
153773.5
154264.3
154621.4
154658.5
154729.6
154764.1
154904.6
155000.211
155000.4
155001.1
155047.5
155101.6
155416.4
155417.212
155517.2
155517.5
156017.3
156517.1
156562.6
156653.6
156866.4
156867.212
156937.5
156967.2
157467.3
157834.4
157888.5
157967.1
157976.6
158009.6
158096.6
158179.211
158179.4
158180.1
158210.5
158285.6
158374.6
158512.6
158569.6
158638.4
158639.212
158730.5
158739.2
159239.3
159591.4
159739.1
159785.5
159862.6
160056.6
160147.211
160147.4
160148.1
160207.5
160286.6
160562.6
160638.4
160639.212
160713.5
160739.2
161239.3
161733.4
161739.1
161779.5
161838.6
161914.6
162082.211
162082.4
162083.1
162141.5
162233.6
162432.211
162432.4
162433.1
162485.5
162534.6
162839.4
162840.212
162931.5
162940.2
163440.3
163940.1
164031.6
164220.6
164299.211
164299.4
164300.1
164351.5
164417.6
164661.211
164661.4
164662.1
164695.5
165053.6
165329.211
165329.4
165330.1
165365.5
165573.6
165828.211
165828.4
165829.1
165860.5
165958.6
165983.6
166067.6
166147.211
166147.4
166148.1
166186.5
166231.6
166274.6
166297.6
166541.4
166542.212
166616.5
166642.2
167142.3
167588.6
167642.1
167865.4
167890.5
167939.6
168247.4
168248.212
168331.5
168348.2
168848.3
169348.1
169364.4
169597.5
169675.6
169729.6
169769.6
169908.211
169908.4
169909.1
170013.5
170407.6
170700.211
170700.4
170701.1
170751.5
170834.6
171262.4
171263.212
171351.5
171363.2
171863.3
172293.4
172363.1
172395.5
172713.6
172772.211
172772.4
172773.1
172818.5
173207.6
173273.211
173273.4
173274.1
173302.5
173363.6
173397.6
173423.6
173441.6
173645.211
173645.4
173646.1
173677.5
173816.6
173858.6
174096.211
174096.4
174097.1
174147.5
174377.6
174680.4
174681.212
174764.5
174781.2
175281.3
175410.4
175781.1
175843.5
176251.6
176373.211
176373.4
176374.1
176409.5
176462.6
176494.6
176688.211
176688.4
176689.1
176717.5
176937.6
177164.6
177215.211
177215.4
177216.1
177269.5
177319.6
177333.6
177415.6
177631.4
177632.212
177709.5
177732.2
178232.3
178298.4
178390.5
178517.6
178618.6
178713.6
178732.1
178807.4
178834.5
178881.6
179192.4
179193.212
179272.5
179293.2
180000.9
123456789
11
14
15
11
14
15
3
FI
1
3
10
02
00
10
35
00
6
2
1441
0
0
0
314159265
37
0
285
180000
314159265
0.1
366.6
385.6
690.4
691.212
791.2
793.5
1291.3
1355.4
1412.5
1791.1
1898.4
1962.5
2061.6
2328.211
2328.4
2329.1
2382.5
2448.6
2501.6
2805.4
2806.212
2877.5
2906.2
3406.3
3425.4
3565.5
3739.6
3906.1
4320.4
4349.5
4426.6
4717.211
4717.4
4718.1
4795.5
4916.6
5209.211
5209.4
5210.1
5324.5
5922.4
5991.5
6049.6
6308.211
6308.4
6309.1
6398.5
6489.6
6511.6
6843.4
6844.212
6944.2
7117.5
7411.4
7444.3
7705.5
7766.4
7787.5
7944.1
8026.6
8251.211
8251.4
8252.1
8296.5
8403.6
8426.6
8550.6
8612.211
8612.4
8613.1
8650.5
8703.6
8724.6
8754.6
8802.6
8819.6
8906.211
8906.4
8907.1
8938.5
9001.6
9291.211
9291.4
9292.1
9327.5
9376.6
9891.6
9938.4
9939.212
10039.2
10059.5
10539.3
11039.1
11358.6
11441.211
11441.4
11442.1
11479.5
11557.6
11582.6
11734.6
11789.211
11789.4
11790.1
11824.5
11919.6
12045.211
12045.4
12046.1
12074.5
12140.6
12330.6
12387.211
12387.4
12388.1
12419.5
12861.6
13097.211
13097.4
13098.1
13099.5
13100.4
13155.5
13241.6
13646.4
13647.212
13737.5
13747.2
14247.3
14589.6
14649.6
14747.1
15031.6
15157.211
15157.4
15158.1
15184.5
15262.6
15496.211
15496.4
15497.1
15536.5
15585.6
15814.211
15814.4
15815.1
15841.5
16040.6
16059.6
16336.211
16336.4
16337.1
16380.5
16444.6
16488.6
16578.6
16698.211
16698.4
16699.1
16749.5
16794.6
17080.211
17080.4
17081.1
17224.5
17309.6
17609.211
17609.4
17610.1
17644.5
17736.6
17988.211
17988.4
17989.1
18020.5
18380.4
18404.5
18444.6
18756.4
18757.212
18857.2
18864.5
18902.4
18963.5
19357.3
19857.1
20779.4
20810.5
20856.6
21076.211
21076.4
21077.1
21175.5
21253.6
21349.6
21428.211
21428.4
21429.1
21456.5
21499.6
21758.211
21758.4
21759.1
21798.5
21894.6
21952.6
22344.4
22345.212
22445.2
22449.5
22945.3
23255.6
23368.4
23423.5
23445.1
23493.6
23600.6
23804.4
23805.212
23806.5
23807.4
23892.5
23905.2
24405.3
24604.4
24608.5
24615.4
24838.5
24905.1
25100.6
25114.6
25225.6
25280.211
25280.4
25281.1
25333.5
25461.6
25649.211
25649.4
25650.1
25701.5
25757.6
25839.6
26043.211
26043.4
26044.1
26086.5
26132.6
26391.211
26391.4
26392.1
26433.5
26485.6
26568.6
26645.211
26645.4
26646.1
26678.5
26726.6
27023.211
27023.4
27024.1
27075.5
27167.6
27219.6
27479.4
27480.212
27580.2
27782.5
28027.4
28062.5
28080.3
28113.6
28163.6
28173.6
28374.4
28416.5
28417.4
28420.5
28481.6
28580.1
28657.6
28664.6
28676.6
28773.211
28773.4
28774.1
28804.5
28861.6
29050.6
29154.211
29154.4
29155.1
29211.5
29257.6
29280.6
29343.6
29436.6
29453.6
29536.211
29536.4
29537.1
29574.5
29638.6
29887.6
29942.4
29943.212
30030.5
30043.2
30543.3
30596.4
30761.5
31043.1
31056.6
31128.211
31128.4
31129.1
31158.5
31241.4
31267.5
31346.6
31388.6
31450.6
31529.211
31529.4
31530.1
31563.5
31613.6
31873.211
31873.4
31874.1
31905.5
31952.6
32176.211
32176.4
32177.1
32210.5
32270.6
32297.6
32339.6
32442.6
32646.4
32647.212
32747.2
32765.5
33247.3
33453.4
33491.5
33747.1
34010.6
34084.211
34084.4
34085.1
34140.5
34225.6
34499.211
34499.4
34500.1
34560.5
34950.6
35011.211
35011.4
35012.1
35068.5
35112.6
35385.211
35385.4
35386.1
35427.5
36110.4
36134.5
36199.6
36448.211
36448.4
36449.1
36501.5
37259.6
37326.211
37326.4
37327.1
37354.5
37415.6
37547.211
37547.4
37548.1
37567.5
37634.6
37945.6
37994.4
37995.212
38077.5
38095.2
38595.3
38734.4
38944.5
39095.1
39863.4
39895.5
39962.6
40201.211
40201.4
40202.1
40259.5
40385.6
40677.211
40677.4
40678.1
40730.5
40919.6
41212.211
41212.4
41213.1
41249.5
41353.6
41539.211
41539.4
41540.1
41573.5
41931.6
41981.211
41981.4
41982.1
42002.5
42044.6
42195.211
42195.4
42196.1
42210.5
42257.6
42317.6
42353.6
42459.6
42509.211
42509.4
42510.1
42542.5
42586.6
42619.6
42648.6
42899.4
42900.212
42999.5
43000.2
43500.3
43843.4
43916.5
44000.1
44147.6
44279.211
44279.4
44280.1
44355.5
44433.6
44493.6
44650.211
44650.4
44651.1
44688.5
44749.6
44895.6
44923.6
44986.211
44986.4
44987.1
45024.5
45079.6
45093.6
45258.6
45332.211
45332.4
45333.1
45366.5
45413.6
45686.211
45686.4
45687.1
45714.5
45821.6
45867.6
46033.6
46083.211
46083.4
46084.1
46120.5
46160.6
46510.4
46511.212
46605.5
46611.2
47111.3
47330.4
47552.5
47611.1
47676.6
47880.211
47880.4
47881.1
47911.5
47968.6
48183.211
48183.4
48184.1
48211.5
48259.6
48598.4
48599.212
48666.5
48699.2
49199.3
49282.4
49435.5
49643.6
49669.6
49699.1
49726.6
49966.211
49966.4
49967.1
49996.5
50068.6
50141.6
50235.6
50333.211
50333.4
50334.1
50369.5
50419.6
50711.211
50711.4
50712.1
50744.5
51623.4
51647.5
51687.6
51734.6
52033.4
52034.212
52119.5
52134.2
52634.3
52759.4
52860.5
53051.4
53134.1
53223.5
53317.6
53542.211
53542.4
53543.1
53571.5
53982.6
54062.211
54062.4
54063.1
54090.5
54165.6
54186.6
54831.4
54832.212
54932.2
54969.5
55432.3
55813.4
55932.1
56134.5
56775.4
56789.5
56834.6
56905.6
57084.211
57084.4
57085.1
57129.5
57179.6
57250.6
57369.211
57369.4
57370.1
57400.5
57626.6
57682.211
57682.4
57683.1
57710.5
57758.6
57990.211
57990.4
57991.1
58151.5
58213.6
58251.6
58540.4
58541.212
58641.2
58729.5
59141.3
59559.4
59565.5
59573.4
59624.5
59641.1
61322.6
61363.211
61363.4
61364.1
61410.5
61477.6
61498.6
61651.6
61712.211
61712.4
61713.1
61744.5
61790.6
62041.211
62041.4
62042.1
62095.5
62199.6
62517.4
62518.212
62614.5
62618.2
63118.3
63349.4
63353.5
63357.4
63406.5
63575.6
63618.1
63966.6
64227.211
64227.4
64228.1
64341.5
64464.6
64791.4
64792.212
64868.5
64892.2
65392.3
65892.1
66232.4
66254.5
66871.6
66966.211
66966.4
66967.1
66990.5
67038.6
67462.4
67463.212
67543.5
67563.2
68063.3
68365.4
68420.5
68563.1
69015.4
69040.5
69102.6
69331.211
69331.4
69332.1
69379.5
70175.6
70417.211
70417.4
70418.1
70460.5
70567.6
70843.211
70843.4
70844.1
70880.5
71841.6
72050.6
72101.211
72101.4
72102.1
72131.5
72421.6
72483.211
72483.4
72484.1
72512.5
73169.6
73214.211
73214.4
73215.1
73239.5
73287.6
73518.211
73518.4
73519.1
73552.5
74107.4
74133.5
74180.6
74433.211
74433.4
74434.1
74478.5
74621.6
74701.6
74797.211
74797.4
74798.1
74836.5
74881.6
75148.211
75148.4
75149.1
75195.5
75255.6
75276.6
75496.211
75496.4
75497.1
75543.5
75613.6
75695.6
75834.211
75834.4
75835.1
75875.5
75924.6
76171.211
76171.4
76172.1
76210.5
76252.6
76286.6
76339.6
76557.4
76558.212
76658.2
76666.5
77158.3
77397.4
77440.5
77528.6
77658.1
77820.4
77831.5
77879.6
78108.6
78159.211
78159.4
78160.1
78225.5
78278.6
78380.6
78541.211
78541.4
78542.1
78574.5
78618.6
78796.211
78796.4
78797.1
78824.5
78995.6
79131.211
79131.4
79132.1
79161.5
79226.6
79291.6
79304.6
79506.6
79572.4
79573.212
79664.5
79673.2
80173.3
80401.6
80673.1
80728.4
80757.5
80804.6
80880.6
81061.211
81061.4
81062.1
81105.5
81150.6
81421.211
81421.4
81422.1
81453.5
81502.6
81755.211
81755.4
81756.1
81803.5
81851.6
81932.6
82195.4
82196.212
82296.2
82304.5
82796.3
83220.6
83296.1
83501.4
83508.5
83558.6
83616.6
83721.6
83882.4
83883.212
83967.5
83983.2
84483.3
84880.4
84941.5
84983.1
85013.6
85060.6
85288.211
85288.4
85289.1
85320.5
85450.6
85719.211
85719.4
85720.1
85756.5
85821.6
86071.211
86071.4
86072.1
86103.5
86154.6
86203.6
86254.6
86382.211
86382.4
86383.1
86426.5
86480.6
86668.6
86780.211
86780.4
86781.1
86810.5
87047.6
87106.6
87327.211
87327.4
87328.1
87362.5
87444.6
87810.4
87811.212
87880.5
87911.2
88411.3
88851.4
88911.1
89056.5
89132.6
89158.6
89359.211
89359.4
89360.1
89391.5
89463.6
89742.211
89742.4
89743.1
89768.5
89821.6
90138.4
90139.212
90239.2
90252.5
90739.3
91042.4
91087.5
91174.6
91239.1
91492.6
91521.6
91532.6
91678.211
91678.4
91679.1
91735.5
91797.6
92059.6
92126.4
92127.212
92227.2
92230.5
92727.3
93227.1
93305.6
93335.6
93438.6
93518.211
93518.4
93519.1
93551.5
93606.6
93802.6
93858.211
93858.4
93859.1
93891.5
93991.6
94245.211
94245.4
94246.1
94282.5
94354.6
94626.211
94626.4
94627.1
94664.5
94710.6
94934.211
94934.4
94935.1
94973.5
95017.6
95065.6
95127.6
95277.211
95277.4
95278.1
95312.5
95357.6
95373.6
95588.211
95588.4
95589.1
95619.5
95663.6
95819.6
95872.211
95872.4
95873.1
95923.5
95963.6
96259.211
96259.4
96260.1
96291.5
96336.6
96584.211
96584.4
96585.1
96607.5
96654.6
96900.211
96900.4
96901.1
96931.5
96974.6
97230.211
97230.4
97231.1
97260.5
97303.6
97597.211
97597.4
97598.1
97641.5
97683.6
97803.6
97890.211
97890.4
97891.1
97930.5
97974.6
98274.211
98274.4
98275.1
98317.5
98361.6
98482.6
98504.6
98648.211
98648.4
98649.1
98680.5
98725.6
98747.6
99035.6
99279.4
99280.212
99355.5
99380.2
99880.3
100253.4
100380.1
100491.5
100626.6
100865.211
100865.4
100866.1
100895.5
100952.6
100976.6
101235.211
101235.4
101236.1
101268.5
101474.6
101701.211
101701.4
101702.1
101734.5
101863.6
102078.211
102078.4
102079.1
102113.5
102211.6
102445.211
102445.4
102446.1
102476.5
102533.6
102737.211
102737.4
102738.1
102773.5
103325.6
103386.211
103386.4
103387.1
103411.5
103469.6
103714.211
103714.4
103715.1
103741.5
103784.6
103901.6
103971.6
104026.211
104026.4
104027.1
104110.5
104172.6
104345.211
104345.4
104346.1
104373.5
104472.6
104553.6
104845.4
104846.212
104946.2
105003.5
105446.3
105875.4
105946.1
105990.5
106108.6
106369.211
106369.4
106370.1
106446.5
107549.4
107590.5
108304.4
108325.5
108375.6
108502.211
108502.4
108503.1
108529.5
108583.6
108765.211
108765.4
108766.1
108820.5
110914.4
110927.5
110969.6
110989.6
111226.211
111226.4
111227.1
111291.5
112132.6
112196.211
112196.4
112197.1
112220.5
112286.6
112613.4
112614.212
112701.5
112714.2
113214.3
113714.1
114007.6
114020.6
114258.211
114258.4
114259.1
114371.5
115381.6
115625.211
115625.4
115626.1
115659.5
115783.6
116066.211
116066.4
116067.1
116102.5
119504.6
119578.211
119578.4
119579.1
119603.5
119650.6
119875.211
119875.4
119876.1
119907.5
120038.6
120278.211
120278.4
120279.1
120312.5
127808.4
127911.5
133833.6
133985.211
133985.4
133986.1
134058.5
134186.6
134445.211
134445.4
134446.1
134479.5
134612.6
134876.211
134876.4
134877.1
134910.5
137103.6
137207.211
137207.4
137208.1
137258.5
137320.6
137485.211
137485.4
137486.1
137527.5
137570.6
137797.211
137797.4
137798.1
137840.5
138114.6
138168.6
138350.211
138350.4
138351.1
138401.5
138474.6
138672.211
138672.4
138673.1
138715.5
138778.6
138802.6
138924.6
139047.211
139047.4
139048.1
139105.5
139150.6
139352.211
139352.4
139353.1
139384.5
139457.6
139586.6
139623.6
139725.211
139725.4
139726.1
139762.5
139799.6
140066.211
140066.4
140067.1
140112.5
140173.6
140253.6
140383.211
140383.4
140384.1
140422.5
140500.6
140611.6
140627.6
140702.6
140757.211
140757.4
140758.1
140792.5
140834.6
140884.6
141022.211
141022.4
141023.1
141063.5
141107.6
141295.6
141434.4
141435.212
141514.5
141535.2
142035.3
142293.4
142393.5
142485.6
142535.1
142590.6
142724.211
142724.4
142725.1
142754.5
142798.6
142881.6
143099.4
143100.212
143192.5
143200.2
143700.3
144200.1
144497.6
144792.211
144792.4
144793.1
144861.5
144939.6
145185.211
145185.4
145186.1
145214.5
145358.6
145511.6
145597.211
145597.4
145598.1
145745.5
145816.6
146033.6
146082.211
146082.4
146083.1
146113.5
146163.6
146198.6
146506.4
146507.212
146583.5
146607.2
147107.3
147463.4
147607.1
147668.5
147789.6
148060.211
148060.4
148061.1
148082.5
148095.4
148195.5
148337.6
148628.211
148628.4
148629.1
148732.5
148811.6
149092.211
149092.4
149093.1
149168.5
149311.6
149474.211
149474.4
149475.1
149531.5
149591.6
149830.211
149830.4
149831.1
149912.5
149958.6
150098.6
150175.211
150175.4
150176.1
150209.5
150261.6
150494.211
150494.4
150495.1
150523.5
150672.6
150695.6
150895.6
150994.4
150995.212
151095.2
151099.5
151595.3
151833.4
152055.5
152056.4
152060.5
152061.4
152067.5
152068.4
152095.1
152147.5
152165.4
152168.5
152307.6
152360.6
152451.211
152451.4
152452.1
152478.5
152535.6
152558.6
152852.4
152853.212
152953.2
152961.5
153453.3
153786.4
153834.5
153953.1
154965.6
155057.211
155057.4
155058.1
155098.5
155384.6
155581.211
155581.4
155582.1
155611.5
155803.6
155893.211
155893.4
155894.1
155924.5
156016.6
156292.211
156292.4
156293.1
156320.5
156807.6
156967.211
156967.4
156968.1
157019.5
157105.6
157318.211
157318.4
157319.1
157355.5
159105.6
159215.211
159215.4
159216.1
159261.5
159318.6
159431.6
159445.6
159510.211
159510.4
159511.1
159542.5
159750.6
159823.211
159823.4
159824.1
159872.5
160142.4
160159.5
168904.4
169004.5
169156.4
169187.5
169967.4
170142.5
174876.6
174962.211
174962.4
174963.1
175004.5
175046.6
175213.6
175264.211
175264.4
175265.1
175299.5
175353.6
175677.4
175678.212
175778.2
175920.5
176278.3
176778.1
176786.4
176815.5
176889.6
177159.211
177159.4
177160.1
177204.5
178524.6
178611.211
178611.4
178612.1
178634.5
178685.6
178884.211
178884.4
178885.1
180000.9
123456789
11
15
15
11
15
15
3
FI
1
3
9
50
32
10
23
31
6
2
1762
0
0
0
314159265
53
0
328
180000
314159265
0.1
1.4
63.5
597.6
689.211
689.4
690.1
723.5
817.6
918.211
918.4
919.1
943.5
1441.4
1457.5
1506.6
1553.6
1635.211
1635.4
1636.1
1656.5
1709.6
1899.6
1961.211
1961.4
1962.1
1987.5
2049.6
2240.211
2240.4
2241.1
2294.5
2389.6
2661.211
2661.4
2662.1
2696.5
3339.6
3414.211
3414.4
3415.1
3448.5
3515.6
3589.6
3673.211
3673.4
3674.1
3884.5
4261.6
4323.211
4323.4
4324.1
4352.5
4402.6
4639.211
4639.4
4640.1
4685.5
4779.6
5022.211
5022.4
5023.1
5057.5
5100.6
5194.6
5282.211
5282.4
5283.1
5323.5
5364.6
5413.6
5571.211
5571.4
5572.1
5608.5
5662.6
5884.211
5884.4
5885.1
5927.5
5967.6
6183.211
6183.4
6184.1
6229.5
6268.6
6315.6
6485.211
6485.4
6486.1
6522.5
6563.6
6590.6
6789.211
6789.4
6790.1
6822.5
6864.6
6937.6
7123.211
7123.4
7124.1
7169.5
7240.6
7249.6
7383.6
7463.211
7463.4
7464.1
7514.5
7551.6
7687.6
7750.211
7750.4
7751.1
7784.5
7830.6
7881.6
8076.211
8076.4
8077.1
8110.5
8151.6
8181.6
8304.6
8367.6
8534.4
8535.212
8620.5
8635.2
9135.3
9156.4
9182.5
9359.6
9518.4
9550.5
9614.6
9635.1
9812.6
9886.211
9886.4
9887.1
9920.5
9975.6
10062.6
10182.211
10182.4
10183.1
10220.5
10264.6
10472.6
10528.211
10528.4
10529.1
10599.5
10638.6
10869.211
10869.4
10870.1
10912.5
10958.6
11164.211
11164.4
11165.1
11188.5
11288.6
11520.211
11520.4
11521.1
11559.5
11607.6
11766.6
11845.211
11845.4
11846.1
11879.5
12033.6
12150.6
12200.211
12200.4
12201.1
12232.5
12289.6
12436.6
12492.211
12492.4
12493.1
12524.5
12586.6
12662.6
12805.211
12805.4
12806.1
12849.5
12894.6
13020.6
13085.211
13085.4
13086.1
13110.5
13151.6
13416.211
13416.4
13417.1
13447.5
13516.6
13740.211
13740.4
13741.1
13772.5
13813.6
14130.4
14131.212
14214.5
14231.2
14731.3
14764.4
14973.5
15048.6
15168.6
15231.1
15358.4
15379.5
15439.6
15669.211
15669.4
15670.1
15704.5
15810.6
15842.6
16064.211
16064.4
16065.1
16096.5
16162.6
16412.211
16412.4
16413.1
16448.5
16492.6
16662.6
16723.211
16723.4
16724.1
16755.5
16794.6
16830.6
16976.6
16988.6
17048.211
17048.4
17049.1
17077.5
17123.6
17336.211
17336.4
17337.1
17372.5
17457.6
17490.6
17717.211
17717.4
17718.1
17755.5
17885.6
17910.6
17992.6
18062.211
18062.4
18063.1
18096.5
18103.4
18118.5
18177.6
18271.6
18414.6
18426.6
18493.4
18494.212
18568.5
18594.2
19074.4
19094.3
19210.5
19390.6
19594.1
19608.6
19730.6
19788.211
19788.4
19789.1
19857.5
19923.6
19969.6
20165.211
20165.4
20166.1
20197.5
20444.4
20469.5
20688.6
20795.211
20795.4
20796.1
20821.5
20889.6
20931.6
21169.211
21169.4
21170.1
21202.5
21628.6
21694.211
21694.4
21695.1
21716.5
21974.6
22028.211
22028.4
22029.1
22064.5
22119.6
22311.211
22311.4
22312.1
22345.5
22460.6
22567.6
22634.211
22634.4
22635.1
22663.5
22707.6
22910.211
22910.4
22911.1
22972.5
23020.6
23063.6
23172.6
23182.6
23244.211
23244.4
23245.1
23284.5
23335.6
23580.211
23580.4
23581.1
23626.5
23666.6
23700.6
23748.6
23888.211
23888.4
23889.1
23913.5
23965.6
23993.6
24180.211
24180.4
24181.1
24221.5
24293.6
24429.211
24429.4
24430.1
24467.5
24510.6
24557.6
24654.6
24738.211
24738.4
24739.1
24778.5
24826.6
24958.211
24958.4
24959.1
24992.5
25036.6
25267.211
25267.4
25268.1
25305.5
25359.6
25558.6
25643.211
25643.4
25644.1
25714.5
25764.6
25878.6
26022.211
26022.4
26023.1
26055.5
26112.6
26306.211
26306.4
26307.1
26351.5
26413.6
26671.211
26671.4
26672.1
26715.5
26754.6
26791.6
27017.6
27065.4
27066.212
27150.5
27166.2
27636.4
27666.3
27864.5
28166.1
28216.6
28392.6
28460.211
28460.4
28461.1
28489.5
28771.4
28789.5
28838.6
29066.211
29066.4
29067.1
29099.5
29223.6
29287.6
29397.211
29397.4
29398.1
29425.5
29489.6
29569.6
29675.211
29675.4
29676.1
29705.5
29755.6
29791.6
30004.211
30004.4
30005.1
30033.5
30077.6
30413.4
30414.212
30504.5
30514.2
31014.3
31373.4
31514.1
31612.5
31700.6
31729.6
31998.211
31998.4
31999.1
32031.5
32696.6
32915.211
32915.4
32916.1
32949.5
33134.6
33445.4
33446.212
33525.5
33546.2
34046.3
34546.1
34628.6
34713.211
34713.4
34714.1
34731.5
34894.4
34915.5
35351.6
35419.211
35419.4
35420.1
35446.5
35504.6
35758.211
35758.4
35759.1
35838.5
35951.6
36253.4
36254.212
36354.2
36361.5
36854.3
36865.4
36958.5
37132.6
37352.6
37354.1
38065.6
38349.211
38349.4
38350.1
38404.5
38484.6
38853.4
38854.212
38954.2
38987.5
39454.3
39954.1
40996.6
41057.211
41057.4
41058.1
41177.5
41767.6
41840.211
41840.4
41841.1
41853.5
42169.6
42259.211
42259.4
42260.1
42288.5
42353.6
42394.6
42573.211
42573.4
42574.1
42605.5
42736.6
43085.4
43086.212
43163.5
43186.2
43686.3
44061.4
44125.5
44186.1
44575.6
44692.6
44741.211
44741.4
44742.1
44780.5
45612.6
45698.211
45698.4
45699.1
45726.5
46095.6
46261.211
46261.4
46262.1
46294.5
46350.6
46429.6
46437.6
46500.6
46564.211
46564.4
46565.1
46615.5
46654.6
46695.6
46879.211
46879.4
46880.1
46941.5
46989.6
47334.4
47335.212
47421.5
47435.2
47935.3
48057.4
48106.5
48194.6
48278.6
48296.6
48435.1
48436.6
48523.211
48523.4
48524.1
48572.5
48621.6
48701.6
48786.6
48842.211
48842.4
48843.1
48896.5
48961.6
49184.211
49184.4
49185.1
49245.5
49298.6
49489.6
49607.4
49608.212
49669.5
49708.2
50208.3
50331.4
50369.5
50428.6
50634.6
50657.6
50708.1
50771.4
50797.5
50844.6
50900.6
51058.211
51058.4
51059.1
51123.5
51179.6
51338.211
51338.4
51339.1
51375.5
51424.6
51466.6
51507.6
51632.211
51632.4
51633.1
51657.5
51721.6
51900.211
51900.4
51901.1
51947.5
51994.6
52152.6
52237.211
52237.4
52238.1
52285.5
52334.6
52545.211
52545.4
52546.1
52584.5
52636.6
52878.211
52878.4
52879.1
52968.5
53018.6
53141.6
53241.211
53241.4
53242.1
53280.5
53328.6
53559.211
53559.4
53560.1
53610.5
53649.6
53679.6
53921.211
53921.4
53922.1
53969.5
54012.6
54060.6
54275.211
54275.4
54276.1
54308.5
54368.6
54650.211
54650.4
54651.1
54688.5
54725.6
54957.6
55010.211
55010.4
55011.1
55057.5
55107.6
55370.211
55370.4
55371.1
55418.5
55457.6
55485.6
55587.6
55601.6
55764.4
55765.212
55846.5
55865.2
56365.3
56453.4
56499.5
56597.6
56865.1
56904.4
56927.5
56986.6
57162.6
57262.211
57262.4
57263.1
57309.5
57371.6
57415.6
57663.6
57728.4
57729.212
57805.5
57829.2
58329.3
58493.4
58676.5
58829.1
58914.6
59138.211
59138.4
59139.1
59201.5
59264.6
59363.6
59460.211
59460.4
59461.1
59488.5
59538.6
59634.6
59740.6
59804.211
59804.4
59805.1
59840.5
59896.6
59972.6
60111.211
60111.4
60112.1
60160.5
60241.6
60407.6
60547.4
60548.212
60627.5
60648.2
61122.4
61148.3
61414.5
61566.4
61611.5
61648.1
61713.6
61894.6
61952.211
61952.4
61953.1
62005.5
62078.6
62212.6
62265.211
62265.4
62266.1
62347.5
62392.6
62541.6
62567.6
62597.6
62672.211
62672.4
62673.1
62717.5
62763.6
63049.211
63049.4
63050.1
63090.5
63141.6
63186.6
63219.6
63304.211
63304.4
63305.1
63350.5
63412.6
63474.6
63657.211
63657.4
63658.1
63689.5
63750.6
64021.211
64021.4
64022.1
64061.5
64106.6
64165.6
64326.211
64326.4
64327.1
64354.5
64419.6
64590.6
64653.211
64653.4
64654.1
64688.5
64743.6
64926.211
64926.4
64927.1
64963.5
65021.6
65241.211
65241.4
65242.1
65274.5
65327.6
65606.211
65606.4
65607.1
65642.5
65688.6
65898.6
65997.4
65998.212
66077.5
66098.2
66598.3
66674.4
66894.5
66977.6
67098.1
67234.6
67297.211
67297.4
67298.1
67339.5
67568.6
67676.6
67783.6
67946.4
67947.212
68029.5
68047.2
68547.3
68982.4
69047.1
69292.5
69378.6
69578.6
69588.6
69656.211
69656.4
69657.1
69685.5
69718.4
69732.5
69807.6
70063.211
70063.4
70064.1
70094.5
70973.6
71184.211
71184.4
71185.1
71227.5
71643.6
71730.211
71730.4
71731.1
71757.5
71975.6
72058.211
72058.4
72059.1
72084.5
72148.6
72192.6
72260.6
72272.6
72391.211
72391.4
72392.1
72428.5
72492.6
72728.211
72728.4
72729.1
72776.5
72839.6
72869.6
73110.211
73110.4
73111.1
73150.5
73232.6
73542.4
73543.212
73629.5
73643.2
74143.3
74571.6
74643.1
74751.6
74818.211
74818.4
74819.1
74844.5
74907.6
75279.6
75352.4
75353.212
75438.5
75453.2
75953.3
76453.1
77143.4
77189.5
77267.6
77494.211
77494.4
77495.1
77526.5
77765.6
77876.211
77876.4
77877.1
77906.5
77967.6
78101.6
78169.211
78169.4
78170.1
78192.5
78280.6
78291.6
78296.6
78464.211
78464.4
78465.1
78518.5
78602.6
78750.6
78861.211
78861.4
78862.1
78910.5
78961.6
79095.6
79107.6
79120.6
79239.211
79239.4
79240.1
79281.5
79326.6
79447.6
79578.6
79635.6
79696.4
79697.212
79775.5
79797.2
80297.3
80622.4
80677.5
80757.6
80797.1
80838.6
80866.6
81076.211
81076.4
81077.1
81113.5
81157.6
81260.6
81285.6
81420.6
81490.4
81491.212
81561.5
81591.2
82091.3
82250.4
82473.5
82567.6
82591.1
82728.6
82935.211
82935.4
82936.1
82984.5
83030.6
83222.6
83272.211
83272.4
83273.1
83299.5
83360.6
83516.6
83614.211
83614.4
83615.1
83670.5
83714.6
83858.6
83952.211
83952.4
83953.1
83979.5
84021.6
84313.211
84313.4
84314.1
84347.5
84413.6
84709.211
84709.4
84710.1
84814.5
84874.6
84918.6
85245.4
85246.212
85320.5
85346.2
85846.3
86186.4
86222.5
86346.1
86554.6
86621.211
86621.4
86622.1
86642.5
86708.6
86956.211
86956.4
86957.1
86987.5
87036.6
87288.211
87288.4
87289.1
87322.5
87453.6
87768.4
87769.212
87858.5
87869.2
88369.3
88869.1
89029.6
89339.4
89340.212
89423.5
89440.2
89940.3
90440.1
90934.6
90979.211
90979.4
90980.1
91010.5
91341.6
91393.211
91393.4
91394.1
91425.5
91518.6
91763.211
91763.4
91764.1
91868.5
91964.6
92393.4
92394.212
92475.5
92494.2
92994.3
93494.1
94017.6
94302.211
94302.4
94303.1
94328.5
94403.6
94619.211
94619.4
94620.1
94647.5
94695.6
95044.4
95045.212
95134.5
95145.2
95645.3
96041.6
96145.1
96308.6
96451.211
96451.4
96452.1
96529.5
96589.6
96867.211
96867.4
96868.1
96908.5
96959.6
97205.211
97205.4
97206.1
97238.5
97440.6
97689.211
97689.4
97690.1
97715.5
97785.6
98070.211
98070.4
98071.1
98102.5
98151.6
98458.4
98459.212
98536.5
98559.2
99059.3
99559.1
100298.4
100321.5
100373.6
100688.4
100689.212
100789.2
100810.5
101289.3
101789.1
101895.4
102029.5
102120.6
102148.6
102405.211
102405.4
102406.1
102431.5
102500.6
102867.4
102868.212
102968.2
102977.5
103468.3
103673.4
103947.5
103968.1
104076.6
104332.211
104332.4
104333.1
104362.5
104459.6
104474.6
104817.4
104818.212
104918.2
104927.5
105418.3
105918.1
106053.4
106138.5
106225.6
106253.6
106623.4
106624.212
106724.2
106729.5
107224.3
107289.4
107420.5
107502.6
107724.1
107894.6
108266.4
108267.212
108336.5
108367.2
108867.3
109130.4
109224.5
109314.6
109367.1
109901.4
109914.5
109967.6
110052.6
110211.211
110211.4
110212.1
110248.5
110289.6
110525.211
110525.4
110526.1
110548.5
110570.4
110610.5
110669.6
110868.211
110868.4
110869.1
110905.5
111559.6
111620.211
111620.4
111621.1
111659.5
111714.6
111772.6
111951.211
111951.4
111952.1
111981.5
112034.6
112258.211
112258.4
112259.1
112300.5
112343.6
112479.6
112634.211
112634.4
112635.1
112730.5
112786.6
112947.211
112947.4
112948.1
112971.5
113029.6
113152.6
113271.211
113271.4
113272.1
113307.5
113374.6
113810.4
113811.212
113892.5
113911.2
114411.3
114560.4
114668.5
114911.1
115465.6
115554.211
115554.4
115555.1
115597.5
115655.6
115906.211
115906.4
115907.1
115972.5
116047.6
116075.6
116327.211
116327.4
116328.1
116389.5
116485.6
116782.211
116782.4
116783.1
116814.5
116922.6
117453.4
117454.212
117528.5
117554.2
118054.3
118554.1
119626.4
119638.5
119690.6
119719.6
119900.211
119900.4
119901.1
119929.5
120128.6
120386.211
120386.4
120387.1
120388.5
120390.4
120420.5
122094.6
122147.211
122147.4
122148.1
122197.5
122239.6
122488.211
122488.4
122489.1
122531.5
122590.6
122892.4
122893.212
122990.5
122993.2
123493.3
123993.1
125270.6
125324.211
125324.4
125325.1
125350.5
125394.6
125629.211
125629.4
125630.1
125671.5
125806.6
126105.211
126105.4
126106.1
126167.5
126260.6
126272.6
126584.4
126585.212
126659.5
126685.2
127185.3
127685.1
128382.6
128436.211
128436.4
128437.1
128455.5
128504.6
128775.211
128775.4
128776.1
128796.5
128864.6
129116.211
129116.4
129117.1
129145.5
129189.6
129552.4
129553.212
129629.5
129653.2
130153.3
130362.4
130600.5
130653.1
130838.6
130972.211
130972.4
130973.1
130997.5
131145.6
131407.211
131407.4
131408.1
131439.5
131612.6
131633.6
131917.4
131918.212
132002.5
132018.2
132518.3
133018.1
134959.4
134976.5
135015.6
135090.211
135090.4
135091.1
135106.5
135166.6
135376.6
135420.211
135420.4
135421.1
135449.5
135495.6
135714.211
135714.4
135715.1
135757.5
135841.6
135865.6
136041.6
136096.211
136096.4
136097.1
136115.5
136171.6
136433.211
136433.4
136434.1
136492.5
136951.6
137016.211
137016.4
137017.1
137034.5
137076.6
137095.6
137354.211
137354.4
137355.1
137425.5
137534.6
137805.211
137805.4
137806.1
137846.5
138385.6
138654.211
138654.4
138655.1
138682.5
138757.6
139087.4
139088.212
139169.5
139188.2
139688.3
140188.1
142917.6
143180.211
143180.4
143181.1
143213.5
143276.6
143565.211
143565.4
143566.1
143597.5
144089.6
144154.211
144154.4
144155.1
144186.5
144231.6
144280.6
144454.211
144454.4
144455.1
144486.5
144534.6
144715.6
144800.211
144800.4
144801.1
144834.5
144883.6
144948.6
145105.211
145105.4
145106.1
145142.5
145155.4
145179.5
145241.6
145381.6
145476.211
145476.4
145477.1
145511.5
145554.6
145816.211
145816.4
145817.1
145856.5
145903.6
146162.211
146162.4
146163.1
146197.5
146248.6
146263.6
146465.6
146524.211
146524.4
146525.1
146555.5
146603.6
146825.211
146825.4
146826.1
146845.5
146887.6
146943.6
146961.6
147000.6
147121.211
147121.4
147122.1
147148.5
147200.6
147479.6
147576.4
147577.212
147677.2
147778.5
148177.3
148447.4
148523.5
148594.6
148677.1
149487.4
149516.5
149560.6
149722.6
149786.211
149786.4
149787.1
149820.5
149889.6
150100.6
150160.211
150160.4
150161.1
150161.5
150162.4
150199.5
150253.6
150516.6
150649.4
150650.212
150736.5
150750.2
151250.3
151704.4
151750.1
151923.5
151995.6
152305.4
152306.212
152397.5
152406.2
152906.3
153184.4
153339.5
153344.4
153406.1
153410.5
153702.6
153892.211
153892.4
153893.1
153943.5
154000.6
154396.4
154397.212
154487.5
154497.2
154997.3
155437.6
155497.1
155531.6
155822.211
155822.4
155823.1
155855.5
155907.6
156217.4
156218.212
156313.5
156318.2
156818.3
157318.1
157391.6
157757.4
157758.212
157848.5
157858.2
158358.3
158749.4
158858.1
158920.5
159041.6
159093.6
159342.4
159343.212
159443.2
159447.5
159943.3
160372.6
160443.1
160755.4
160779.5
160824.6
160958.211
160958.4
160959.1
161014.5
161060.6
161429.4
161430.212
161514.5
161530.2
162030.3
162529.6
162530.1
162556.6
162835.211
162835.4
162836.1
162867.5
162916.6
163193.211
163193.4
163194.1
163228.5
163289.4
163361.5
163387.4
163405.5
163454.6
163665.6
163726.211
163726.4
163727.1
163779.5
163822.6
163893.6
164033.6
164094.211
164094.4
164095.1
164130.5
164178.6
164423.6
164488.4
164489.212
164559.5
164589.2
165089.3
165438.6
165457.6
165589.1
165728.4
165749.5
165790.6
166023.6
166076.211
166076.4
166077.1
166120.5
166168.6
166213.6
166413.6
166482.4
166483.212
166558.5
166583.2
167083.3
167451.6
167583.1
167778.6
167834.211
167834.4
167835.1
167882.5
167883.4
167895.5
167945.6
168324.4
168325.212
168392.5
168425.2
168925.3
169333.6
169356.6
169425.1
169755.4
169793.5
169835.6
170089.211
170089.4
170090.1
170136.5
170183.6
170452.6
170509.4
170510.212
170610.2
170630.5
171110.3
171610.1
173241.6
173674.6
173748.4
173749.212
173849.2
173864.5
174349.3
174786.6
174849.1
175093.4
175114.5
175168.6
175389.211
175389.4
175390.1
175448.5
175714.6
175791.211
175791.4
175792.1
175839.5
175920.6
175937.6
176024.6
176229.4
176230.212
176297.5
176330.2
176830.3
177002.4
177089.5
177330.1
178335.6
178637.4
178638.212
178738.2
178744.5
179238.3
179651.4
179738.1
179781.5
179892.6
180000.9
123456789
11
16
15
11
16
15
3
FI
1
3
9
54
45
10
27
45
6
2
1278
0
0
0
314159265
48
0
270
180000
314159265
0.1
204.6
278.211
278.4
279.1
297.5
1103.6
1171.211
1171.4
1172.1
1230.5
1277.6
1556.211
1556.4
1557.1
1613.5
1708.6
1977.211
1977.4
1978.1
2020.5
2749.6
3049.211
3049.4
3050.1
3109.5
3425.6
3435.6
3499.211
3499.4
3500.1
3531.5
4026.6
4083.211
4083.4
4084.1
4092.5
4133.6
4282.6
4343.211
4343.4
4344.1
4373.5
4420.6
4512.6
4717.6
4778.4
4779.212
4879.2
4914.5
5379.3
5493.4
5665.5
5879.1
6073.6
6267.211
6267.4
6268.1
6337.5
6457.6
6730.211
6730.4
6731.1
6732.5
6734.4
6840.5
6881.6
6980.6
7034.6
7074.6
7136.211
7136.4
7137.1
7169.5
7229.6
7462.6
7527.211
7527.4
7528.1
7580.5
7626.6
7882.6
7951.4
7952.212
8052.2
8116.5
8552.3
8749.4
8800.5
8887.6
8957.6
9052.1
9398.6
9448.211
9448.4
9449.1
9484.5
10138.4
10166.5
10529.6
10590.211
10590.4
10591.1
10629.5
10716.6
10925.211
10925.4
10926.1
10991.5
11035.6
11275.211
11275.4
11276.1
11321.5
11365.6
11670.4
11671.212
11771.2
11797.5
12271.3
12771.1
13041.4
13078.5
13148.6
13413.211
13413.4
13414.1
13488.5
13796.6
13865.211
13865.4
13866.1
13921.5
13964.6
14196.211
14196.4
14197.1
14394.5
14653.6
14687.6
14748.211
14748.4
14749.1
14782.5
14850.6
15003.6
15067.211
15067.4
15068.1
15104.5
15431.4
15458.5
15534.6
15658.6
15741.211
15741.4
15742.1
15776.5
15821.6
15842.6
16055.6
16105.211
16105.4
16106.1
16180.5
16237.6
16449.211
16449.4
16450.1
16487.5
16539.6
16710.6
16783.211
16783.4
16784.1
16812.5
17237.6
17301.211
17301.4
17302.1
17355.5
17396.6
17677.211
17677.4
17678.1
17704.5
18222.6
18322.211
18322.4
18323.1
18357.5
18400.6
18441.6
18667.211
18667.4
18668.1
18704.5
19223.4
19247.5
19364.6
19559.6
19618.211
19618.4
19619.1
19661.5
19709.6
19978.211
19978.4
19979.1
20007.5
20523.6
20593.211
20593.4
20594.1
20628.5
20671.6
20704.6
20874.211
20874.4
20875.1
20910.5
20955.6
20987.6
21181.6
21240.211
21240.4
21241.1
21269.5
21333.6
21486.211
21486.4
21487.1
21525.5
21568.6
21800.211
21800.4
21801.1
21826.5
21864.6
22154.211
22154.4
22155.1
22193.5
22253.6
22325.6
22601.4
22602.212
22675.5
22702.2
23202.3
23386.4
23477.5
23669.6
23702.1
23913.6
23972.211
23972.4
23973.1
24012.5
24055.6
24089.6
24313.6
24397.4
24398.212
24495.5
24498.2
24998.3
25087.4
25498.1
25717.5
26107.6
26224.211
26224.4
26225.1
26254.5
26312.6
26413.6
26558.211
26558.4
26559.1
26610.5
27055.4
27080.5
27130.6
27527.4
27528.212
27623.5
27628.2
28128.3
28628.1
30403.6
30457.211
30457.4
30458.1
30496.5
30550.6
30783.211
30783.4
30784.1
30817.5
30906.6
31187.211
31187.4
31188.1
31217.5
31373.6
31764.4
31765.212
31849.5
31865.2
32365.3
32865.1
33297.6
33369.211
33369.4
33370.1
33395.5
33442.6
33453.6
33721.211
33721.4
33722.1
33752.5
33863.6
33889.6
34197.4
34198.212
34293.5
34298.2
34798.3
35298.1
35694.6
36048.4
36049.212
36148.5
36149.2
36649.3
36971.4
37149.1
37262.5
37601.4
37621.5
37667.6
37940.211
37940.4
37941.1
37972.5
38084.6
38465.4
38466.212
38566.2
38574.5
39066.3
39566.1
39806.4
39955.5
40038.6
40433.4
40434.212
40516.5
40534.2
41034.3
41534.1
41590.4
41979.5
42123.6
42425.4
42426.212
42503.5
42526.2
43026.3
43526.1
43693.4
43738.5
43831.6
44134.4
44135.212
44227.5
44235.2
44735.3
45146.4
45235.1
45315.5
45430.4
45458.5
46018.6
46080.211
46080.4
46081.1
46121.5
46527.6
46565.6
46708.211
46708.4
46709.1
46746.5
46748.4
46802.5
46878.6
47070.211
47070.4
47071.1
47127.5
47501.6
47751.211
47751.4
47752.1
47828.5
48398.6
48498.211
48498.4
48499.1
48542.5
49506.4
49514.5
49515.4
49528.5
49623.6
49839.211
49839.4
49840.1
49899.5
50006.6
50297.211
50297.4
50298.1
50345.5
51220.6
51267.211
51267.4
51268.1
51294.5
52014.6
52134.211
52134.4
52135.1
52160.5
52201.6
52568.4
52569.212
52657.5
52669.2
53169.3
53669.1
54572.6
54885.4
54886.212
54958.5
54986.2
55486.3
55986.1
56749.4
56912.5
57020.4
57038.5
57131.6
57448.4
57449.212
57543.5
57549.2
57853.4
58002.5
58049.3
58307.6
58549.1
58686.4
58705.5
58785.6
59188.4
59189.212
59261.5
59289.2
59789.3
60289.1
60723.6
60950.211
60950.4
60951.1
61023.5
61133.6
61418.211
61418.4
61419.1
61519.5
62107.4
62120.5
62189.6
62458.211
62458.4
62459.1
62512.5
62957.6
63084.211
63084.4
63085.1
63123.5
63169.6
63186.6
63527.4
63528.212
63618.5
63621.4
63628.2
63639.5
64128.3
64628.1
65068.4
65096.5
65147.6
65174.6
65364.211
65364.4
65365.1
65414.5
65504.6
65825.4
65826.212
65926.2
66426.3
66926.1
67004.5
67023.4
67039.5
67168.4
67229.5
67294.4
67322.5
67417.6
67465.211
67465.4
67466.1
67499.5
67602.6
67659.6
67868.211
67868.4
67869.1
67970.5
68251.4
68261.5
68264.4
68270.5
68321.6
68492.211
68492.4
68493.1
68533.5
68738.6
69010.211
69010.4
69011.1
69052.5
69758.6
69995.211
69995.4
69996.1
70405.5
70505.6
70813.4
70814.212
70910.5
70914.2
71414.3
71897.4
71914.1
72013.5
72231.6
72520.211
72520.4
72521.1
72563.5
72565.4
72588.5
72954.4
72969.5
73023.6
73359.4
73360.212
73446.5
73460.2
73960.3
73992.4
74072.5
74460.1
74963.4
75206.5
75501.6
75748.211
75748.4
75749.1
75952.5
76025.6
76329.4
76330.212
76402.5
76430.2
76930.3
77398.4
77430.1
77514.5
77682.6
77923.211
77923.4
77924.1
78011.5
78541.6
78599.211
78599.4
78600.1
78622.5
78668.6
78904.211
78904.4
78905.1
79201.5
79274.6
79550.211
79550.4
79551.1
79627.5
80028.4
80053.5
80099.6
80355.211
80355.4
80356.1
80419.5
80804.4
80828.5
80868.6
81223.4
81224.212
81305.5
81324.2
81824.3
82077.4
82083.5
82084.4
82245.5
82324.1
82461.6
82755.211
82755.4
82756.1
82818.5
82959.6
83163.211
83163.4
83164.1
83203.5
83565.6
83626.211
83626.4
83627.1
83658.5
83749.6
84102.4
84103.212
84179.5
84203.2
84703.3
85199.4
85203.1
85258.5
86713.6
86986.211
86986.4
86987.1
87063.5
87328.6
87396.211
87396.4
87397.1
87435.5
87891.6
88136.211
88136.4
88137.1
88199.5
88529.6
88601.211
88601.4
88602.1
88624.5
88663.6
88970.4
88971.212
89071.2
89076.5
89571.3
90066.4
90071.1
90277.5
91246.6
91303.211
91303.4
91304.1
91349.5
91351.4
91356.5
91357.4
91359.5
91407.6
91648.211
91648.4
91649.1
91689.5
92193.6
92333.211
92333.4
92334.1
92366.5
93150.6
93450.211
93450.4
93451.1
93538.5
93976.6
94088.211
94088.4
94089.1
94108.5
95341.6
95683.4
95684.212
95767.5
95784.2
96284.3
96784.1
97459.4
97480.5
97519.6
97676.6
97732.211
97732.4
97733.1
97762.5
98170.6
98326.211
98326.4
98327.1
98360.5
98674.6
98766.211
98766.4
98767.1
98797.5
98838.6
99147.4
99148.212
99230.5
99248.2
99748.3
100080.4
100084.5
100085.4
100217.5
100248.1
100373.6
100684.4
100685.212
100785.2
100950.5
101080.6
101103.6
101151.6
101208.6
101285.3
101437.4
101473.5
101514.6
101682.6
101702.6
101785.1
101969.4
101993.5
102039.6
102355.4
102356.212
102427.5
102456.2
102956.3
103286.6
103456.1
103646.6
103706.211
103706.4
103707.1
103771.5
103822.6
104111.211
104111.4
104112.1
104157.5
104204.6
104437.211
104437.4
104438.1
104484.5
104525.6
104589.6
104805.211
104805.4
104806.1
104857.5
104899.6
105195.211
105195.4
105196.1
105228.5
105268.6
105500.6
105563.211
105563.4
105564.1
105614.5
105658.6
105928.211
105928.4
105929.1
105967.5
106011.6
106261.211
106261.4
106262.1
106291.5
106331.6
106563.6
106658.4
106659.212
106759.2
106876.5
106950.6
107259.3
107289.4
107330.5
107367.6
107667.6
107735.4
107759.1
107771.5
107810.6
107890.6
108114.4
108115.212
108213.5
108215.2
108715.3
109123.6
109215.1
109724.4
109746.5
109784.6
110013.211
110013.4
110014.1
110054.5
110103.6
110372.211
110372.4
110373.1
110414.5
110457.6
110758.4
110759.212
110846.5
110859.2
111359.3
111859.1
111875.4
112109.5
112176.6
112193.6
112510.4
112511.212
112611.2
112621.5
113111.3
113503.4
113572.5
113611.1
114062.4
114083.5
114138.6
114176.6
114385.211
114385.4
114386.1
114449.5
115111.6
115388.211
115388.4
115389.1
115442.5
115560.6
116075.4
116076.212
116176.2
116198.5
116676.3
117176.1
117306.4
117463.5
117850.6
117921.211
117921.4
117922.1
117947.5
117991.6
118328.4
118329.212
118406.5
118429.2
118929.3
119429.1
120680.6
120921.211
120921.4
120922.1
120975.5
121932.6
122439.4
122440.212
122534.5
122540.2
123040.3
123456.4
123540.1
123542.5
123960.4
123982.5
124024.6
124279.211
124279.4
124280.1
124323.5
124435.6
124720.211
124720.4
124721.1
124997.5
125068.6
125346.211
125346.4
125347.1
125436.5
126570.6
126856.211
126856.4
126857.1
126901.5
134331.6
134396.211
134396.4
134397.1
134456.5
134506.6
134761.211
134761.4
134762.1
134850.5
137881.6
137955.211
137955.4
137956.1
137994.5
138037.6
138372.4
138373.212
138450.5
138473.2
138973.3
139473.1
139541.4
139627.5
140920.4
141012.5
141267.4
141358.5
141414.6
141604.211
141604.4
141605.1
141643.5
141719.6
141994.211
141994.4
141995.1
142031.5
142141.6
142558.4
142559.212
142636.5
142659.2
143159.3
143659.1
143745.6
144149.4
144150.212
144229.5
144250.2
144750.3
145250.1
145844.4
146015.5
146122.6
146327.211
146327.4
146328.1
146365.5
146415.6
146664.211
146664.4
146665.1
146718.5
147126.4
147140.5
147840.4
147875.5
150021.4
150029.5
150827.4
150851.5
150937.6
151183.211
151183.4
151184.1
151226.5
151275.6
151491.6
151540.211
151540.4
151541.1
151575.5
151804.6
151862.211
151862.4
151863.1
151910.5
151956.6
152199.211
152199.4
152200.1
152249.5
152293.6
152536.211
152536.4
152537.1
152573.5
152626.6
152838.211
152838.4
152839.1
152881.5
152925.6
153184.211
153184.4
153185.1
153242.5
153285.6
153450.6
153529.211
153529.4
153530.1
153570.5
153610.6
153902.211
153902.4
153903.1
153946.5
153990.6
154344.4
154345.212
154414.5
154445.2
154945.3
155223.4
155260.5
155312.6
155445.1
155657.4
155683.5
155728.6
156070.4
156071.212
156154.5
156171.2
156671.3
157021.4
157078.5
157128.6
157171.1
157531.4
157554.5
157597.6
157860.211
157860.4
157861.1
157907.5
157961.6
158251.211
158251.4
158252.1
158298.5
158515.6
158838.4
158839.212
158911.5
158939.2
159439.3
159939.1
160649.4
160674.5
160714.6
160934.211
160934.4
160935.1
160968.5
161012.6
161271.211
161271.4
161272.1
161305.5
161352.6
161638.211
161638.4
161639.1
161668.5
161718.6
161973.6
162028.4
162029.212
162103.5
162129.2
162629.3
163129.1
163203.6
163450.211
163450.4
163451.1
163480.5
163529.6
163792.211
163792.4
163793.1
163823.5
163871.6
164150.211
164150.4
164151.1
164187.5
164237.6
164496.211
164496.4
164497.1
164577.5
164621.6
164900.211
164900.4
164901.1
164942.5
164985.6
165282.211
165282.4
165283.1
165331.5
165369.6
165622.211
165622.4
165623.1
165684.5
165725.6
166030.4
166031.212
166107.5
166131.2
166631.3
167131.1
167331.6
167566.211
167566.4
167567.1
167646.5
168033.4
168047.5
168091.6
168373.211
168373.4
168374.1
168401.5
168453.6
168711.211
168711.4
168712.1
168749.5
169177.6
169513.4
169514.212
169595.5
169614.2
170114.3
170547.6
170614.1
171098.6
171264.211
171264.4
171265.1
171311.5
171777.4
171804.5
171857.6
172108.211
172108.4
172109.1
172134.5
172199.6
172492.211
172492.4
172493.1
172529.5
172581.6
172871.211
172871.4
172872.1
172904.5
172952.6
173314.4
173315.212
173396.5
173415.2
173915.3
174415.1
174531.6
174749.211
174749.4
174750.1
174812.5
174863.6
175128.6
175191.4
175192.212
175292.2
175314.5
175792.3
176292.1
176465.4
176714.5
176913.6
177186.211
177186.4
177187.1
177233.5
177279.6
177581.4
177582.212
177657.5
177682.2
178182.3
178682.1
178755.4
178794.5
178852.6
179148.211
179148.4
179149.1
179181.5
179235.6
179458.211
179458.4
179459.1
179494.5
179850.6
179926.211
179926.4
179927.1
180000.9
123456789
11
17
15
11
17
15
3
FI
1
3
9
59
25
10
32
25
6
2
1138
0
0
0
314159265
58
0
220
180000
314159265
0.1
295.6
436.6
677.4
678.212
778.2
809.5
1278.3
1778.1
1982.6
2283.4
2284.212
2384.2
2411.5
2884.3
3293.6
3384.1
3844.4
3869.5
3935.6
3963.6
4196.211
4196.4
4197.1
4496.5
4665.6
4690.6
4952.211
4952.4
4953.1
5025.5
5235.6
5572.4
5573.212
5660.5
5673.2
6173.3
6673.1
7042.6
7315.211
7315.4
7316.1
7359.5
7494.6
7865.4
7866.212
7966.2
7969.5
8466.3
8966.1
9574.4
9605.5
9667.6
9982.4
9983.212
10068.5
10083.2
10583.3
10587.4
10687.5
10823.6
11083.1
11501.6
11583.211
11583.4
11584.1
11626.5
11668.6
11791.6
11831.6
11892.211
11892.4
11893.1
11930.5
11990.6
12327.4
12328.212
12404.5
12428.2
12928.3
13428.1
14167.6
14507.4
14508.212
14578.5
14608.2
15108.3
15528.4
15550.5
15608.1
15764.6
15785.6
16065.4
16066.212
16165.5
16166.2
16411.4
16553.5
16660.4
16666.3
16708.5
17166.1
18526.4
18549.5
18751.4
18773.5
18820.6
19148.4
19149.212
19231.5
19249.2
19749.3
20249.1
20620.6
20904.211
20904.4
20905.1
20971.5
21075.6
21404.4
21405.212
21494.5
21505.2
22005.3
22505.1
23806.6
24042.211
24042.4
24043.1
24139.5
24872.6
24879.6
24937.211
24937.4
24938.1
24959.5
25004.6
25315.4
25316.212
25416.2
25416.5
25916.3
26416.1
27001.6
27251.211
27251.4
27252.1
27312.5
27401.6
27650.6
27709.4
27710.212
27810.2
27835.5
28310.3
28538.4
28586.5
28655.6
28810.1
29036.4
29079.5
29140.6
29291.6
29361.211
29361.4
29362.1
29402.5
29445.6
29669.211
29669.4
29670.1
29714.5
29759.6
30053.211
30053.4
30054.1
30094.5
30145.6
30373.211
30373.4
30374.1
30425.5
30736.6
30779.211
30779.4
30780.1
30816.5
30854.6
31086.211
31086.4
31087.1
31110.5
31510.4
31511.5
31512.4
31544.5
31590.6
31794.211
31794.4
31795.1
31838.5
31894.6
31931.6
31990.6
32159.211
32159.4
32160.1
32187.5
32229.6
32245.6
32543.4
32544.212
32634.5
32644.2
33144.3
33419.4
33532.5
33618.6
33644.1
33648.6
33894.211
33894.4
33895.1
33975.5
34019.6
34299.211
34299.4
34300.1
34338.5
34404.6
34641.211
34641.4
34642.1
34679.5
34755.6
35012.211
35012.4
35013.1
35044.5
35186.6
35424.211
35424.4
35425.1
35481.5
35545.6
35563.6
35797.211
35797.4
35798.1
35880.5
35977.6
36219.211
36219.4
36220.1
36266.5
36326.6
36663.4
36664.212
36760.5
36764.2
37264.3
37764.1
38052.6
38388.4
38389.212
38467.5
38489.2
38989.3
39461.6
39489.1
40101.6
40238.211
40238.4
40239.1
40263.5
40302.6
40596.211
40596.4
40597.1
40848.5
41580.6
41637.211
41637.4
41638.1
41639.5
42168.6
42325.211
42325.4
42326.1
42338.5
42378.6
42707.4
42708.212
42802.5
42808.2
43308.3
43808.1
43948.6
43977.6
44394.4
44395.212
44466.5
44495.2
44995.3
45495.1
45927.6
46159.211
46159.4
46160.1
46229.5
46326.6
46631.4
46632.212
46732.2
46738.5
47232.3
47732.1
47885.6
48141.211
48141.4
48142.1
48223.5
48485.6
48791.4
48792.212
48874.5
48892.2
49392.3
49892.1
49965.4
50212.5
50785.6
51023.211
51023.4
51024.1
51090.5
51174.6
51190.6
51547.4
51548.212
51618.5
51648.2
52148.3
52580.4
52637.5
52648.1
52856.6
53078.211
53078.4
53079.1
53098.5
53143.6
53368.211
53368.4
53369.1
53406.5
53796.6
54052.211
54052.4
54053.1
54151.5
54280.6
54600.4
54601.212
54682.5
54701.2
55201.3
55701.1
55832.6
56174.4
56175.212
56243.5
56275.2
56775.3
57275.1
57507.4
57524.5
57599.6
57863.211
57863.4
57864.1
57914.5
58595.6
59112.4
59113.212
59189.5
59213.2
59713.3
60213.1
60436.6
60513.211
60513.4
60514.1
60547.5
60590.6
60613.6
60859.211
60859.4
60860.1
60951.5
61054.6
61065.6
61396.4
61397.212
61497.2
61579.5
61997.3
62497.1
62965.6
63318.4
63319.212
63419.2
63437.5
63879.4
63919.3
63921.5
64419.1
64723.6
64967.6
65023.211
65023.4
65024.1
65054.5
65105.6
65380.6
65427.4
65428.212
65497.5
65528.2
66028.3
66363.4
66496.5
66528.1
66585.6
66932.4
66933.212
67033.2
67196.5
67533.3
68033.1
68333.6
68643.4
68644.212
68744.2
68744.5
69244.3
69744.1
70761.6
70816.6
71046.211
71046.4
71047.1
71146.5
71232.6
71266.6
71613.4
71614.212
71696.5
71714.2
72214.3
72714.1
72981.6
73008.6
73225.211
73225.4
73226.1
73299.5
73865.4
73886.5
73937.6
74191.211
74191.4
74192.1
74243.5
74370.6
74896.6
74947.4
74948.212
75048.2
75049.5
75548.3
76048.1
76141.6
76375.211
76375.4
76376.1
76407.5
76476.6
76731.211
76731.4
76732.1
76765.5
76806.6
77054.211
77054.4
77055.1
77084.5
77146.6
77370.211
77370.4
77371.1
77399.5
77512.6
77802.211
77802.4
77803.1
77851.5
78256.6
78618.4
78619.212
78698.5
78719.2
79219.3
79719.1
80513.6
80818.4
80819.212
80919.2
80948.5
81419.3
81919.1
82040.6
82071.6
82306.211
82306.4
82307.1
82396.5
83005.6
83295.211
83295.4
83296.1
83399.5
83528.6
83785.211
83785.4
83786.1
83814.5
85149.6
85525.4
85526.212
85599.5
85626.2
86126.3
86267.4
86476.5
86626.1
86648.6
86944.211
86944.4
86945.1
86975.5
88890.6
89153.211
89153.4
89154.1
89186.5
89267.6
89587.4
89588.212
89666.5
89688.2
90188.3
90635.4
90688.1
90805.5
91044.4
91046.5
91047.4
91072.5
91111.6
91323.211
91323.4
91324.1
91354.5
91469.6
91892.4
91893.212
91980.5
91993.2
92211.4
92213.5
92217.4
92348.5
92493.3
92993.1
93946.6
93994.211
93994.4
93995.1
94018.5
94077.6
94363.211
94363.4
94364.1
94404.5
99985.6
100097.211
100097.4
100098.1
100110.5
103373.4
103384.5
106914.4
106995.5
108292.4
108377.5
108402.4
108652.5
108658.4
108670.5
108728.4
108865.5
108878.4
108920.5
108945.4
108950.5
109476.6
109709.211
109709.4
109710.1
109733.5
109763.4
109787.5
119959.4
119961.5
119962.4
119965.5
119971.4
119985.5
120030.6
120173.211
120173.4
120174.1
120204.5
120247.6
120386.6
120446.211
120446.4
120447.1
120470.5
120521.6
120733.211
120733.4
120734.1
120788.5
120845.6
120871.6
121093.211
121093.4
121094.1
121145.5
121201.6
121267.6
121450.211
121450.4
121451.1
121489.5
121569.6
121825.211
121825.4
121826.1
121863.5
121902.6
122195.211
122195.4
122196.1
122232.5
122280.6
122610.4
122611.212
122698.5
122711.2
123211.3
123505.4
123589.5
123711.1
124008.6
124145.211
124145.4
124146.1
124233.5
124276.6
124299.6
124529.211
124529.4
124530.1
124570.5
124639.6
124917.211
124917.4
124918.1
124952.5
125014.6
125053.6
125069.6
125147.6
125342.4
125343.212
125443.2
125474.5
125943.3
126081.4
126156.5
126319.6
126443.1
126580.4
126601.5
126610.4
126627.5
126691.6
126944.211
126944.4
126945.1
126981.5
127252.6
127295.6
127301.6
127313.6
127326.6
127426.211
127426.4
127427.1
127470.5
127516.6
127831.4
127832.212
127909.5
127932.2
128432.3
128932.1
131654.6
131724.211
131724.4
131725.1
131748.5
131807.6
131825.6
132051.211
132051.4
132052.1
132096.5
132413.6
132504.6
132555.211
132555.4
132556.1
132594.5
132681.6
132881.6
132949.211
132949.4
132950.1
132977.5
133039.6
133307.211
133307.4
133308.1
133349.5
133397.6
133572.6
133576.6
133589.6
133621.6
133771.4
133772.212
133864.5
133872.2
134372.3
134720.4
134872.1
134936.5
135000.6
135023.6
135269.6
135456.4
135457.212
135534.5
135557.2
136057.3
136411.4
136442.5
136517.6
136557.1
136611.6
136913.4
136914.212
136989.5
137014.2
137514.3
137884.4
138014.1
138164.5
138269.6
138570.4
138571.212
138671.2
138711.5
139171.3
139671.1
140578.6
140808.211
140808.4
140809.1
140841.5
140898.6
141152.211
141152.4
141153.1
141227.5
141294.6
141328.6
141535.211
141535.4
141536.1
141582.5
141623.6
141642.6
141944.4
141945.212
142027.5
142045.2
142545.3
143045.1
143111.4
143222.5
143309.6
143599.211
143599.4
143600.1
143643.5
143773.6
143961.211
143961.4
143962.1
144023.5
144075.6
144094.6
144302.211
144302.4
144303.1
144340.5
144385.6
144586.211
144586.4
144587.1
144640.5
144704.6
144885.211
144885.4
144886.1
144925.5
144966.6
145267.4
145268.212
145337.5
145368.2
145868.3
146368.1
146785.6
146845.211
146845.4
146846.1
146899.5
146944.6
147210.211
147210.4
147211.1
147270.5
147326.6
147355.6
147566.211
147566.4
147567.1
147615.5
147717.6
147772.6
147866.6
147931.211
147931.4
147932.1
147957.5
148004.6
148268.211
148268.4
148269.1
148306.5
148354.6
148387.6
148686.4
148687.212
148768.5
148787.2
149287.3
149787.1
149876.4
149899.5
149946.6
150209.211
150209.4
150210.1
150270.5
150312.6
150419.6
150533.211
150533.4
150534.1
150566.5
150620.6
150840.211
150840.4
150841.1
150873.5
150922.6
151153.6
151229.4
151230.212
151298.5
151330.2
151830.3
152330.1
152398.6
152618.211
152618.4
152619.1
152653.5
152698.6
152933.6
152981.211
152981.4
152982.1
152982.5
152985.4
153006.5
153048.6
153062.6
153262.211
153262.4
153263.1
153285.5
153331.6
153576.211
153576.4
153577.1
153615.5
153710.6
153952.211
153952.4
153953.1
153975.5
154016.6
154270.211
154270.4
154271.1
154299.5
154378.6
154691.4
154692.212
154766.5
154792.2
155292.3
155792.1
156361.4
156385.5
156438.6
156718.211
156718.4
156719.1
156743.5
156795.6
156834.6
156852.6
157042.6
157129.4
157130.212
157213.5
157230.2
157730.3
158230.1
158268.6
158498.211
158498.4
158499.1
158538.5
158542.4
158544.5
158635.6
158835.6
158947.4
158948.212
159046.5
159048.2
159548.3
160048.1
160588.6
160678.6
160785.211
160785.4
160786.1
160817.5
161039.6
161106.211
161106.4
161107.1
161146.5
161200.6
161247.6
161447.6
161549.4
161550.212
161628.5
161650.2
162150.3
162650.1
162803.6
162845.6
163044.6
163121.4
163122.212
163199.5
163222.2
163722.3
164195.4
164222.1
164262.5
164381.6
164447.6
164502.6
164691.4
164692.212
164792.2
164799.5
165292.3
165792.1
166276.6
166454.6
166537.211
166537.4
166538.1
166567.5
166615.6
166897.211
166897.4
166898.1
166949.5
166996.6
167286.211
167286.4
167287.1
167323.5
167362.6
167650.6
167747.4
167748.212
167813.5
167848.2
168348.3
168848.1
168963.6
169177.6
169300.4
169301.212
169401.2
169421.5
169901.3
170401.1
170698.6
170751.6
170957.211
170957.4
170958.1
170995.5
171043.6
171357.4
171358.212
171429.5
171458.2
171958.3
172458.1
172741.4
172744.5
172746.4
173241.5
173349.6
173660.4
173661.212
173757.5
173761.2
174261.3
174761.1
175085.4
175331.5
175480.6
175731.211
175731.4
175732.1
175761.5
175826.6
176023.6
176151.4
176152.212
176252.2
176253.5
176752.3
177252.1
177633.6
177873.211
177873.4
177874.1
177933.5
177977.6
178008.6
178231.211
178231.4
178232.1
178287.5
178333.6
178406.6
178613.211
178613.4
178614.1
178647.5
178732.6
179001.211
179001.4
179002.1
179036.5
179117.6
179386.211
179386.4
179387.1
179416.5
179455.6
179756.4
179757.212
179845.5
180000.9
123456789
11
18
15
11
18
15
3
FI
1
3
9
50
18
10
23
18
6
2
1055
0
0
0
314159265
71
0
205
180000
314159265
0.1
1.4
6.5
252.4
273.5
677.4
706.5
771.6
930.211
930.4
931.1
986.5
1027.6
1043.6
1233.211
1233.4
1234.1
1294.5
1380.6
1494.6
1551.211
1551.4
1552.1
1622.5
1667.6
1934.211
1934.4
1935.1
1972.5
2042.6
2295.211
2295.4
2296.1
2329.5
2335.4
2376.5
2452.6
2811.4
2812.212
2908.5
2912.2
3412.3
3610.6
3647.6
3747.4
3768.5
3830.6
3912.1
4266.6
4348.211
4348.4
4349.1
4404.5
4442.6
4698.211
4698.4
4699.1
4736.5
5026.6
5226.211
5226.4
5227.1
5260.5
5373.6
5665.211
5665.4
5666.1
5704.5
5752.6
6054.4
6055.212
6155.2
6178.5
6655.3
6748.4
6949.5
7155.1
7380.6
7416.6
7673.211
7673.4
7674.1
7675.5
7676.4
7716.5
8325.6
8455.211
8455.4
8456.1
8520.5
8574.6
8787.211
8787.4
8788.1
8816.5
8868.6
9187.4
9188.212
9272.5
9288.2
9788.3
10081.4
10192.5
10288.1
10846.6
11173.4
11174.212
11274.2
11505.5
11769.6
11774.3
12026.4
12050.5
12157.6
12274.1
12337.6
12416.211
12416.4
12417.1
12444.5
12507.6
12737.211
12737.4
12738.1
12769.5
12847.6
13102.211
13102.4
13103.1
13136.5
13183.6
13209.6
13459.211
13459.4
13460.1
13526.5
13618.6
13646.6
14009.4
14010.212
14093.5
14110.2
14610.3
15110.1
15502.6
15938.4
15939.212
16039.2
16049.5
16539.3
16779.4
16782.5
16783.4
16926.5
17039.1
18864.4
18874.5
18960.6
19346.4
19347.212
19447.2
19466.5
19947.3
20447.1
22322.6
22579.211
22579.4
22580.1
22730.5
22825.6
22858.6
23157.4
23158.212
23233.5
23258.2
23758.3
24258.1
25515.6
25658.211
25658.4
25659.1
25694.5
25776.6
26084.4
26085.212
26179.5
26185.2
26685.3
27134.6
27185.1
27554.6
27583.6
27655.6
27857.4
27858.212
27933.5
27958.2
28391.4
28458.3
28477.5
28842.4
28958.1
29009.5
29141.6
29160.6
29392.211
29392.4
29393.1
29469.5
29626.6
29940.4
29941.212
30041.2
30065.5
30541.3
31041.1
31573.4
31598.5
31648.6
31666.6
32013.4
32014.212
32114.2
32160.5
32299.6
32582.4
32610.5
32614.3
32669.6
32708.6
32927.4
32969.5
33015.6
33032.6
33084.6
33114.1
33247.6
33461.211
33461.4
33462.1
33509.5
33857.4
33886.5
33936.6
33970.6
34193.211
34193.4
34194.1
34234.5
34362.6
35032.4
35033.212
35118.5
35133.2
35633.3
35751.4
35870.5
36133.1
36289.6
36624.4
36625.212
36710.5
36725.2
37225.3
37725.1
38245.6
38567.4
38568.212
38649.5
38668.2
39168.3
39436.4
39572.5
39668.1
40815.6
41121.4
41122.212
41199.5
41222.2
41722.3
42222.1
42225.4
42283.5
42367.6
42409.6
42677.4
42678.212
42762.5
42778.2
43278.3
43778.1
43795.4
43897.5
44120.6
44143.6
44460.4
44461.212
44546.5
44558.4
44561.2
44593.5
45061.3
45380.4
45478.5
45561.1
46154.6
46429.211
46429.4
46430.1
46489.5
46653.6
47014.4
47015.212
47115.2
47139.5
47615.3
48115.1
48817.6
49244.4
49245.212
49345.2
49377.5
49845.3
50345.1
50465.6
50766.4
50767.212
50840.5
50867.2
51367.3
51867.1
51967.4
52037.5
52161.6
52442.211
52442.4
52443.1
52533.5
52650.6
53048.4
53049.212
53134.5
53149.2
53649.3
53992.6
54149.1
54291.4
54310.5
54747.4
54760.5
55084.4
55110.5
55167.6
55417.211
55417.4
55418.1
55480.5
55557.6
55582.6
55988.4
55989.212
56079.5
56089.2
56589.3
57089.1
57562.4
57772.5
57933.6
58214.211
58214.4
58215.1
58266.5
58382.6
58655.211
58655.4
58656.1
58706.5
58815.6
59123.4
59124.212
59214.5
59224.2
59724.3
60224.1
60735.4
60743.5
60803.6
61157.4
61158.212
61243.5
61258.2
61758.3
62258.1
62685.6
63092.4
63093.212
63173.5
63193.2
63693.3
64193.1
64240.6
64567.4
64568.212
64655.5
64668.2
65168.3
65668.1
67262.6
67599.4
67600.212
67695.5
67700.2
68200.3
68648.4
68649.5
68656.4
68700.1
68745.5
68860.6
68890.6
69269.4
69270.212
69360.5
69370.2
69870.3
70370.1
70635.6
70671.6
70940.4
70941.212
71041.2
71059.5
71541.3
72041.1
72128.4
72233.5
72535.4
72633.5
72768.6
72824.6
73085.4
73086.212
73186.2
73220.5
73686.3
74186.1
74602.6
74873.211
74873.4
74874.1
74944.5
75447.6
75749.4
75750.212
75820.5
75850.2
76350.3
76850.1
77018.4
77131.5
77280.6
77594.4
77595.212
77680.5
77695.2
78195.3
78695.1
79122.4
79177.5
79537.4
79547.5
79613.6
79868.211
79868.4
79869.1
79937.5
80023.6
80051.6
80319.211
80319.4
80320.1
80354.5
80460.6
80782.4
80783.212
80859.5
80883.2
81383.3
81875.4
81883.1
81910.5
82000.6
82248.211
82248.4
82249.1
82308.5
82403.6
82745.4
82746.212
82827.5
82846.2
83346.3
83846.1
83965.6
84394.4
84395.212
84485.5
84495.2
84995.3
85495.1
85678.6
85973.211
85973.4
85974.1
86038.5
86263.4
86272.5
86391.6
86693.4
86694.212
86787.5
86794.2
87294.3
87794.1
87948.6
88249.4
88250.212
88342.5
88350.2
88850.3
89350.1
90062.6
90332.211
90332.4
90333.1
90515.5
90591.6
90609.6
90935.4
90936.212
91002.5
91036.2
91536.3
91938.4
92026.5
92036.1
92556.6
92834.211
92834.4
92835.1
92883.5
93008.6
93032.6
93389.4
93390.212
93488.5
93490.2
93990.3
94490.1
96057.4
96075.5
96123.6
96154.6
96354.211
96354.4
96355.1
96401.5
96509.6
96809.211
96809.4
96810.1
96850.5
96945.6
96981.6
97442.4
97443.212
97526.5
97543.2
97758.4
97829.5
98043.3
98543.1
99304.6
99330.6
99547.211
99547.4
99548.1
99580.5
99806.6
100109.4
100110.212
100210.2
100214.5
100710.3
101210.1
103111.6
103407.211
103407.4
103408.1
103436.5
103502.6
103527.6
103837.4
103838.212
103934.5
103938.2
104438.3
104938.1
105138.6
105585.4
105586.212
105671.5
105686.2
106186.3
106686.1
106714.4
106986.5
107142.6
107403.211
107403.4
107404.1
107436.5
107499.6
107845.4
107846.212
107932.5
107946.2
108249.4
108327.5
108446.3
108497.6
108593.6
108807.4
108820.5
108893.6
108946.1
108985.6
109123.211
109123.4
109124.1
109146.5
109508.4
109530.5
109594.6
109827.211
109827.4
109828.1
109873.5
109943.6
109968.6
110240.211
110240.4
110241.1
110297.5
110367.6
110383.6
110697.4
110698.212
110771.5
110798.2
111298.3
111798.1
111913.6
112209.211
112209.4
112210.1
112247.5
112298.6
112630.4
112631.212
112707.5
112731.2
113231.3
113731.1
114072.6
114442.4
114443.212
114530.5
114543.2
115043.3
115543.1
115637.4
115829.5
115906.6
115940.6
116175.211
116175.4
116176.1
116208.5
116283.6
116309.6
116582.211
116582.4
116583.1
116622.5
116714.6
117256.4
117257.212
117357.2
117728.5
117776.4
117857.3
118240.5
118357.1
119402.4
119501.5
119742.6
119974.211
119974.4
119975.1
120012.5
120083.6
120122.6
120392.4
120393.212
120493.2
120495.5
120993.3
121493.1
121529.4
122291.5
122448.6
122453.6
122480.6
122716.211
122716.4
122717.1
122756.5
122913.6
123245.4
123246.212
123346.2
123378.5
123846.3
124346.1
124483.6
124817.4
124818.212
124903.5
124918.2
125418.3
125918.1
126005.4
126208.5
126306.6
126339.6
126563.211
126563.4
126564.1
126593.5
126678.6
127004.4
127005.212
127069.5
127105.2
127605.3
128061.4
128105.1
128378.5
128583.6
128840.211
128840.4
128841.1
128904.5
128999.6
129266.211
129266.4
129267.1
129302.5
129385.6
129720.4
129721.212
129802.5
129821.2
130321.3
130821.1
130934.6
131302.4
131303.212
131403.2
131433.5
131903.3
132403.1
135424.6
135634.211
135634.4
135635.1
135674.5
135736.6
136005.211
136005.4
136006.1
136073.5
136134.6
136155.6
136462.4
136463.212
136563.2
136647.5
137063.3
137563.1
137630.4
137676.5
137742.6
138079.4
138080.212
138172.5
138180.2
138680.3
139180.1
139324.4
139440.5
139620.4
139663.5
139746.6
139770.6
139968.211
139968.4
139969.1
140026.5
140843.4
140862.5
141122.6
141175.211
141175.4
141176.1
141197.5
141284.6
141299.6
141481.211
141481.4
141482.1
141517.5
141642.6
141818.211
141818.4
141819.1
141846.5
141887.6
141899.6
142263.4
142264.212
142347.5
142364.2
142864.3
143189.4
143265.5
143364.1
144107.6
144352.211
144352.4
144353.1
144450.5
144960.6
145054.211
145054.4
145055.1
145084.5
145132.6
145372.211
145372.4
145373.1
145400.5
145443.6
145730.211
145730.4
145731.1
145809.5
145876.6
146242.4
146243.212
146343.2
146374.5
146843.3
147343.1
147466.6
147532.6
147640.211
147640.4
147641.1
147676.5
147734.6
147754.6
148039.4
148040.212
148140.2
148142.5
148640.3
149140.1
149437.6
149478.6
149749.4
149750.212
149850.2
149865.5
150350.3
150850.1
151231.6
151409.211
151409.4
151410.1
151486.5
151545.6
151789.211
151789.4
151790.1
151838.5
151938.6
152283.4
152284.212
152367.5
152384.2
152884.3
153384.1
154213.6
154441.211
154441.4
154442.1
154489.5
154567.6
154606.6
154876.4
154877.212
154968.5
154977.2
155477.3
155977.1
156647.6
156765.211
156765.4
156766.1
156791.5
156829.6
157080.211
157080.4
157081.1
157128.5
158033.6
158421.4
158422.212
158499.5
158522.2
159022.3
159522.1
159678.6
159942.211
159942.4
159943.1
159984.5
161367.6
161616.211
161616.4
161617.1
161647.5
161706.6
161725.6
161950.211
161950.4
161951.1
161985.5
162039.6
162360.4
162361.212
162461.2
162476.5
162961.3
163461.1
164622.6
164885.211
164885.4
164886.1
164912.5
165000.6
165290.211
165290.4
165291.1
165410.5
165464.6
165783.4
165784.212
165884.2
165901.5
166384.3
166884.1
168155.6
168386.211
168386.4
168387.1
168412.5
168470.6
168947.4
168948.212
169048.2
169060.5
169548.3
170048.1
170249.6
170525.211
170525.4
170526.1
170570.5
170631.6
170653.6
170941.4
170942.212
171039.5
171042.2
171542.3
172042.1
172210.6
172525.4
172526.212
172626.2
172640.5
173126.3
173626.1
173930.6
174203.211
174203.4
174204.1
174227.5
175481.6
175722.211
175722.4
175723.1
175758.5
175829.6
176122.211
176122.4
176123.1
176150.5
176209.6
176571.4
176572.212
176658.5
176672.2
177172.3
177545.4
177588.5
177672.1
177708.6
178070.4
178071.212
178141.5
178171.2
178671.3
179171.1
179368.6
179665.211
179665.4
179666.1
179718.5
180000.9
123456789
11
19
15
11
19
15
3
FI
1
3
9
54
19
10
27
18
6
2
841
0
0
0
314159265
63
2
161
180000
314159265
0.1
317.4
329.5
394.6
535.211
535.4
536.1
559.5
605.6
949.4
950.212
1032.5
1050.2
1550.3
1689.4
1715.5
2050.1
2265.4
2290.5
2744.4
2779.5
2883.6
3199.4
3200.212
3285.5
3300.2
3800.3
3889.4
4150.5
4300.1
5679.6
6007.4
6008.212
6090.5
6108.2
6608.3
7108.1
7328.6
7606.211
7606.4
7607.1
7687.5
9006.6
9054.211
9054.4
9055.1
9078.5
9133.6
9308.6
9363.211
9363.4
9364.1
9396.5
9783.6
10140.4
10141.212
10142.5
10144.4
10223.5
10241.2
10741.3
11241.1
11375.6
11638.211
11638.4
11639.1
11736.5
11832.6
12115.211
12115.4
12116.1
12152.5
13199.6
13456.211
13456.4
13457.1
13483.5
13561.6
13585.6
13922.4
13923.212
13997.5
14023.2
14523.3
14664.4
14818.5
14953.6
15023.1
15292.6
15583.211
15583.4
15584.1
15692.5
15777.6
16059.211
16059.4
16060.1
16083.5
16310.6
16448.6
16710.4
16711.212
16795.5
16811.2
17311.3
17355.4
17610.5
17698.6
17728.6
17811.1
18528.6
18639.211
18639.4
18640.1
18646.5
18708.6
19032.4
19033.212
19111.5
19133.2
19633.3
20133.1
20642.6
20934.211
20934.4
20935.1
20956.5
21015.6
21285.211
21285.4
21286.1
21315.5
21930.6
22067.211
22067.4
22068.1
22089.5
22131.6
22592.4
22593.212
22693.2
22698.5
23193.3
23693.1
23896.6
23918.6
24204.4
24205.212
24291.5
24305.2
24805.3
25305.1
25443.6
25743.211
25743.4
25744.1
25778.5
25897.6
26440.4
26441.212
26541.2
26542.5
27041.3
27541.1
28050.8
28302.6
28558.211
28558.4
28559.1
28590.5
28743.6
29003.211
29003.4
29004.1
29032.5
29104.6
29486.4
29487.212
29587.2
29604.5
30087.3
30587.1
31632.6
31674.6
32119.4
32120.212
32220.2
32226.5
32720.3
33220.1
34004.6
34364.4
34365.212
34436.5
34465.2
34965.3
35465.1
35654.4
35707.5
35825.6
36100.211
36100.4
36101.1
36168.5
36270.6
36613.4
36614.212
36701.5
36714.2
37214.3
37714.1
37889.4
38104.5
39020.6
39119.211
39119.4
39120.1
39134.5
39187.6
39542.4
39543.212
39641.5
39643.2
40143.3
40643.1
40730.6
40745.6
41047.4
41048.212
41148.2
41215.5
41347.4
41407.5
41648.3
42148.1
42637.4
42766.5
42987.4
42990.5
42992.4
43060.5
43175.6
43409.211
43409.4
43410.1
43450.5
43523.6
43548.6
43876.4
43877.212
43977.2
44026.5
44477.3
44977.1
45167.4
45191.5
45702.6
45974.211
45974.4
45975.1
46092.5
46190.6
46527.4
46528.212
46616.5
46628.2
47128.3
47628.1
47967.4
48091.5
48221.6
48487.211
48487.4
48488.1
48570.5
48633.6
49007.4
49008.212
49108.2
49122.5
49608.3
50108.1
50631.6
50660.6
50932.4
50933.212
51020.5
51033.2
51533.3
52033.1
52206.4
52266.5
52331.6
52743.4
52744.212
52832.5
52844.2
53344.3
53844.1
54018.4
54072.5
54142.6
54509.4
54510.212
54598.5
54610.2
55110.3
55610.1
56016.6
56265.211
56265.4
56266.1
56347.5
56421.6
56449.6
56812.4
56813.212
56888.5
56913.2
57413.3
57913.1
57917.4
57923.5
57928.4
57990.5
58126.6
58389.211
58389.4
58390.1
58455.5
58548.6
58563.6
58863.4
58864.212
58950.5
58964.2
59464.3
59964.1
60392.6
60417.6
60665.211
60665.4
60666.1
60722.5
60828.6
61124.211
61124.4
61125.1
61181.5
61482.6
61629.211
61629.4
61630.1
61666.5
61716.6
61733.6
62008.211
62008.4
62009.1
62044.5
62133.6
62409.211
62409.4
62410.1
62528.5
62584.6
62894.4
62895.212
62977.5
62995.2
63495.3
63995.1
64481.6
64991.4
64992.212
65076.5
65092.2
65592.3
66092.1
67061.6
67376.4
67377.212
67477.2
67512.5
67977.3
68477.1
68937.6
69167.211
69167.4
69168.1
69202.5
69302.6
69578.211
69578.4
69579.1
69652.5
69754.6
70067.4
70068.212
70154.5
70168.2
70668.3
71168.1
71422.4
71427.5
71428.4
71473.5
71479.4
71659.5
71723.6
71759.6
71984.211
71984.4
71985.1
72017.5
72108.6
72387.211
72387.4
72388.1
72419.5
72505.6
72836.4
72837.212
72937.2
72955.5
73437.3
73937.1
74981.6
75090.6
75371.4
75372.212
75442.5
75472.2
75972.3
76472.1
76509.6
76536.6
76798.211
76798.4
76799.1
76830.5
76903.6
77263.4
77264.212
77354.5
77364.2
77864.3
78364.1
78840.6
79181.4
79182.212
79259.5
79282.2
79782.3
80282.1
80856.6
81153.211
81153.4
81154.1
81214.5
82331.6
82368.6
82730.4
82731.212
82824.5
82831.2
83331.3
83722.4
83805.5
83831.1
85143.6
85432.211
85432.4
85433.1
85463.5
87361.6
87511.211
87511.4
87512.1
87520.5
87556.6
87892.4
87893.212
87989.5
87993.2
88320.4
88354.5
88493.3
88993.1
89161.6
89506.4
89507.212
89604.5
89607.2
90107.3
90607.1
90817.6
90830.6
91043.211
91043.4
91044.1
91071.5
91142.6
91423.211
91423.4
91424.1
91459.5
91531.6
91555.6
91939.4
91940.212
92023.5
92040.2
92540.3
93040.1
93350.6
93385.6
93607.211
93607.4
93608.1
93674.5
93759.6
94042.211
94042.4
94043.1
94079.5
95247.6
95289.6
95588.4
95589.212
95667.5
95689.2
96189.3
96689.1
97008.6
97312.4
97313.212
97393.5
97413.2
97913.3
98413.1
98597.6
98863.211
98863.4
98864.1
98897.5
98994.6
99314.4
99315.212
99405.5
99415.2
99915.3
100415.1
100553.4
100722.5
100967.6
101274.4
101275.212
101353.5
101375.2
101875.3
102179.4
102277.5
102375.1
102411.6
102720.4
102721.212
102821.2
102845.5
103321.3
103821.1
106142.6
106470.4
106471.212
106550.5
106571.2
107071.3
107571.1
107867.6
108234.4
108235.212
108335.2
108336.5
108835.3
109335.1
109519.6
109782.211
109782.4
109783.1
109892.5
109993.6
110252.211
110252.4
110253.1
110282.5
110394.6
110711.4
110712.212
110811.5
110812.2
111312.3
111812.1
112029.4
112205.5
112391.6
112752.4
112753.212
112853.2
112861.5
113353.3
113853.1
114421.6
114448.6
114712.211
114712.4
114713.1
114814.5
114881.6
115168.211
115168.4
115169.1
115229.5
115330.6
115687.4
115688.212
115788.2
115799.5
116288.3
116788.1
117050.4
117242.5
117311.6
117638.4
117639.212
117729.5
117739.2
118239.3
118739.1
118930.4
118984.5
119056.6
119070.6
119317.211
119317.4
119318.1
119363.5
119449.6
119860.4
119861.212
119937.5
119961.2
120461.3
120961.1
121176.4
121299.5
121738.6
122574.4
122575.212
122653.5
122675.2
123175.3
123675.1
125647.6
125697.6
126242.4
126243.212
126343.2
126360.5
126843.3
127343.1
127769.6
128134.4
128135.212
128235.2
128240.5
128735.3
129235.1
129428.6
129731.4
129732.212
129832.2
130332.3
130391.5
130508.4
130600.5
130790.6
130832.1
132574.6
132660.211
132660.4
132661.1
132715.5
132764.6
133033.211
133033.4
133034.1
133155.5
133208.6
133548.4
133549.212
133635.5
133649.2
134149.3
134649.1
134881.4
135012.5
136156.4
136158.5
136160.4
136206.5
136615.4
136619.5
136620.4
136625.5
136688.6
136729.6
136958.211
136958.4
136959.1
136992.5
137074.6
137380.4
137381.212
137466.5
137481.2
137981.3
138408.4
138481.1
138882.5
139055.6
139486.4
139487.212
139585.5
139587.2
140087.3
140587.1
141060.6
141376.4
141377.212
141455.5
141477.2
141977.3
142477.1
142624.4
142699.5
142803.6
143076.211
143076.4
143077.1
143135.5
143198.6
143566.4
143567.212
143639.5
143667.2
144167.3
144667.1
144929.6
145249.4
145250.212
145338.5
145350.2
145850.3
146350.1
147463.6
147840.4
147841.212
147925.5
147941.2
148441.3
148941.1
150306.6
150436.211
150436.4
150437.1
150449.5
150492.6
150522.6
150807.4
150808.212
150888.5
150908.2
151408.3
151908.1
153146.6
153274.211
153274.4
153275.1
153285.5
153320.6
153680.4
153681.212
153766.5
153781.2
154281.3
154781.1
157427.8
162836.6
163005.211
163005.4
163006.1
163019.5
163057.6
163434.4
163435.212
163520.5
163535.2
164035.3
164535.1
164724.4
164857.5
167687.4
167736.5
170926.6
170954.6
170966.6
171158.211
171158.4
171159.1
171185.5
171249.6
171526.211
171526.4
171527.1
171543.5
171706.6
171994.211
171994.4
171995.1
172032.5
172094.6
172404.4
172405.212
172496.5
172505.2
173005.3
173454.4
173505.1
180000.9
123456789
11
20
15
11
20
15
3
FI
1
3
9
47
09
10
20
09
6
2
744
0
0
0
314159265
63
0
143
180000
314159265
0.1
452.6
525.211
525.4
526.1
574.5
1079.6
1163.211
1163.4
1164.1
1189.5
1232.6
1707.4
1708.212
1808.2
1808.5
2308.3
2617.4
2760.5
2808.1
3692.6
3969.211
3969.4
3970.1
4013.5
5722.6
6127.4
6128.212
6228.2
6234.5
6728.3
7220.6
7228.1
9878.6
10208.4
10209.212
10299.5
10309.2
10809.3
10972.4
11091.5
11309.1
11575.6
11982.4
11983.212
12075.5
12083.2
12583.3
13083.1
13414.6
13640.211
13640.4
13641.1
13710.5
13765.6
14041.211
14041.4
14042.1
14200.5
14742.6
14992.211
14992.4
14993.1
15023.5
15159.6
15481.4
15482.212
15582.2
15590.5
16082.3
16582.1
16752.6
17041.211
17041.4
17042.1
17043.5
17044.4
17087.5
17208.6
17577.4
17578.212
17659.5
17678.2
18178.3
18661.6
18678.1
18705.6
19033.4
19034.212
19119.5
19134.2
19634.3
20134.1
20157.6
20634.4
20635.212
20735.2
20809.5
21235.3
21735.1
21869.6
22205.4
22206.212
22300.5
22306.2
22806.3
23271.4
23306.1
23529.5
23615.6
23873.211
23873.4
23874.1
23905.5
24005.6
24388.4
24389.212
24477.5
24489.2
24989.3
25489.1
25946.6
26344.4
26345.212
26426.5
26445.2
26945.3
27445.1
27880.6
28239.4
28240.212
28326.5
28340.2
28840.3
29340.1
29915.6
30215.211
30215.4
30216.1
30389.5
30571.6
30598.6
31051.4
31052.212
31142.5
31152.2
31652.3
31793.4
31794.5
31796.4
31881.5
32152.1
33413.6
33711.211
33711.4
33712.1
33756.5
33849.6
34206.4
34207.212
34307.2
34323.5
34807.3
35307.1
35577.4
35654.5
36573.6
36908.4
36909.212
37009.2
37090.5
37509.3
37646.4
37750.5
37938.4
38009.1
38039.5
38214.4
38445.5
39006.6
39274.211
39274.4
39275.1
39322.5
39381.6
39753.4
39754.212
39840.5
39854.2
40354.3
40854.1
41265.4
41384.5
41584.4
41676.5
41766.6
42080.4
42081.212
42158.5
42181.2
42681.3
43181.1
43299.6
43984.4
43985.212
44067.5
44085.2
44585.3
45085.1
45633.4
45702.5
45768.6
46064.211
46064.4
46065.1
46137.5
46596.6
47033.4
47034.212
47122.5
47134.2
47634.3
48134.1
48907.6
49157.211
49157.4
49158.1
49307.5
49383.6
49740.4
49741.212
49831.5
49841.2
50341.3
50841.1
51516.6
51830.4
51831.212
51920.5
51931.2
52431.3
52931.1
53713.6
53957.211
53957.4
53958.1
54009.5
54100.6
54440.4
54441.212
54541.2
54581.5
55041.3
55541.1
59614.6
60237.4
60238.212
60338.2
60339.5
60838.3
61338.1
61656.4
61765.5
61846.6
62092.211
62092.4
62093.1
62127.5
62437.6
62662.211
62662.4
62663.1
62674.5
62718.6
63116.4
63117.212
63217.2
63230.5
63717.3
64217.1
65018.6
65314.211
65314.4
65315.1
65347.5
65434.6
65754.4
65755.212
65855.2
65856.5
66355.3
66855.1
67647.6
67982.4
67983.212
68083.2
68174.5
68583.3
69083.1
69718.6
69744.6
70087.4
70088.212
70173.5
70188.2
70595.4
70688.3
70712.5
71188.1
72330.4
72335.5
72339.4
72468.5
72564.6
72808.211
72808.4
72809.1
72809.5
72812.4
72840.5
72938.6
73193.211
73193.4
73194.1
73224.5
74101.6
74629.4
74630.212
74721.5
74730.2
75230.3
75730.1
76199.6
76459.211
76459.4
76460.1
76643.5
76725.6
77174.4
77175.212
77274.5
77275.2
77775.3
78275.1
78681.6
78981.211
78981.4
78982.1
79024.5
79099.6
79547.4
79548.212
79636.5
79648.2
80148.3
80648.1
81408.6
81722.4
81723.212
81813.5
81823.2
82323.3
82823.1
83529.6
83808.211
83808.4
83809.1
83846.5
83966.6
84325.4
84326.212
84426.2
84443.5
84926.3
85426.1
86160.6
86471.4
86472.212
86556.5
86572.2
87072.3
87572.1
87958.4
87960.5
87964.4
88044.5
88131.6
88380.211
88380.4
88381.1
88410.5
88474.6
88539.6
88817.4
88818.212
88917.5
88918.2
89418.3
89918.1
90583.6
90886.4
90887.212
90973.5
90987.2
91487.3
91987.1
92407.4
92540.5
92843.6
93161.4
93162.212
93236.5
93262.2
93762.3
94262.1
94732.4
94959.5
95046.6
95330.211
95330.4
95331.1
95381.5
95455.6
95767.4
95768.212
95856.5
95868.2
96368.3
96868.1
97456.6
97739.211
97739.4
97740.1
97783.5
97896.6
98249.4
98250.212
98350.2
98364.5
98850.3
99350.1
100062.6
100487.4
100488.212
100578.5
100588.2
101088.3
101588.1
101967.4
102024.5
102031.4
102039.5
102178.6
102483.4
102484.212
102584.2
102958.5
103084.3
103584.1
112064.6
112326.211
112326.4
112327.1
112331.5
112379.6
112789.4
112790.212
112871.5
112890.2
113390.3
113890.1
114452.4
114549.5
115643.6
115973.4
115974.212
116074.2
116085.5
116574.3
117074.1
118016.6
118326.4
118327.212
118418.5
118427.2
118927.3
119427.1
119986.4
119995.5
120010.4
120116.5
120180.6
120462.211
120462.4
120463.1
120465.5
120466.4
120532.5
120613.6
120993.4
120994.212
121090.5
121094.2
121594.3
122094.1
122990.6
123290.211
123290.4
123291.1
123422.5
123483.6
123783.211
123783.4
123784.1
123871.5
123951.6
124312.4
124313.212
124413.2
124481.5
124913.3
125413.1
126505.6
126520.6
126802.211
126802.4
126803.1
126832.5
126924.6
127266.4
127267.212
127367.2
127387.5
127867.3
128367.1
129087.6
129389.4
129390.212
129485.5
129490.2
129990.3
130490.1
131551.6
131851.211
131851.4
131852.1
131882.5
131947.6
132267.4
132268.212
132354.5
132368.2
132868.3
133368.1
134274.6
134554.211
134554.4
134555.1
134671.5
134738.6
135563.4
135564.212
135645.5
135664.2
136164.3
136664.1
136905.4
136907.5
136912.4
137119.5
137221.6
137509.211
137509.4
137510.1
137538.5
137610.6
137968.4
137969.212
138069.2
138107.5
138569.3
139069.1
140249.6
140582.4
140583.212
140682.5
140683.2
141183.3
141683.1
142605.6
143051.4
143052.212
143148.5
143152.2
143652.3
144152.1
144202.4
144295.5
145041.4
145222.5
149048.6
149210.6
149271.211
149271.4
149272.1
149351.5
149400.6
149722.4
149723.212
149823.2
149840.5
150323.3
150823.1
151901.6
152142.211
152142.4
152143.1
152155.5
152335.6
152710.4
152711.212
152811.2
152813.5
153311.3
153811.1
156318.6
156576.211
156576.4
156577.1
156638.5
156700.6
157080.4
157081.212
157181.2
157188.5
157681.3
158181.1
159791.6
160117.4
160118.212
160218.2
160370.5
160503.6
160718.3
161218.1
161639.6
161946.4
161947.212
162047.2
162251.5
162442.4
162535.5
162547.3
162753.6
162899.6
163047.1
163580.6
163778.6
163834.211
163834.4
163835.1
163870.5
163917.6
164236.4
164237.212
164337.2
164406.5
164444.4
164488.5
164573.6
164618.6
164837.3
164896.6
165070.4
165103.5
165148.6
165337.1
165667.6
165858.211
165858.4
165859.1
165906.5
165951.6
166277.4
166278.212
166378.2
166501.5
166878.3
167378.1
168444.6
168700.211
168700.4
168701.1
168894.5
168968.6
169067.6
169360.4
169361.212
169461.2
169502.5
169961.3
170461.1
171029.6
171388.4
171389.212
171489.2
171559.5
171591.4
171681.5
171722.4
171820.5
171989.3
172489.1
175718.6
175781.211
175781.4
175782.1
175836.5
175881.6
176137.211
176137.4
176138.1
176322.5
176507.6
176821.4
176822.212
176922.2
176932.5
177422.3
177922.1
178595.4
178652.5
178714.6
178969.211
178969.4
178970.1
179026.5
179082.6
179402.4
179403.212
179503.2
180000.9
123456789
11
21
15
11
21
15
3
FI
1
3
9
49
01
10
22
01
6
2
833
0
0
0
314159265
55
0
165
180000
314159265
0.1
260.4
281.5
630.4
648.5
693.6
705.6
1128.4
1129.212
1229.2
1235.5
1729.3
2229.1
2309.4
2425.5
3615.6
3792.211
3792.4
3793.1
3824.5
3887.6
4045.6
4354.4
4355.212
4444.5
4455.2
4955.3
5372.6
5396.6
5455.1
5529.6
5783.211
5783.4
5784.1
5815.5
5868.6
6137.211
6137.4
6138.1
6232.5
6330.6
6354.6
6574.211
6574.4
6575.1
6616.5
6697.6
7005.4
7006.212
7106.2
7178.5
7606.3
7839.4
7962.5
8053.6
8106.1
8174.6
8513.4
8514.212
8605.5
8614.2
9114.3
9614.1
10526.6
10827.4
10828.212
10916.5
10928.2
11428.3
11928.1
12351.6
12596.211
12596.4
12597.1
12728.5
12812.6
13138.4
13139.212
13234.5
13239.2
13739.3
14239.1
14865.6
15145.211
15145.4
15146.1
15237.5
15430.4
15463.5
15547.6
15811.211
15811.4
15812.1
15883.5
15953.6
15967.6
16384.4
16385.212
16463.5
16485.2
16985.3
17485.1
17991.6
18292.4
18293.212
18390.5
18393.2
18893.3
19393.1
19730.6
20030.211
20030.4
20031.1
20152.5
20248.6
20544.211
20544.4
20545.1
20701.5
20819.6
21133.4
21134.212
21209.5
21234.2
21734.3
22234.1
22409.6
22684.211
22684.4
22685.1
22746.5
22960.6
23281.4
23282.212
23348.5
23382.2
23882.3
24318.4
24382.1
24529.5
24653.6
24675.6
25052.4
25053.212
25149.5
25153.2
25653.3
26153.1
26536.6
26559.6
26900.4
26901.212
27001.2
27012.5
27501.3
28001.1
29350.6
29525.211
29525.4
29526.1
29557.5
29601.6
29627.6
29854.211
29854.4
29855.1
30034.5
30201.6
30505.4
30506.212
30595.5
30606.2
31106.3
31606.1
31633.6
31889.211
31889.4
31890.1
32005.5
32107.6
32564.4
32565.212
32652.5
32665.2
33165.3
33639.4
33665.1
33990.5
34312.6
34391.211
34391.4
34392.1
34414.5
34461.6
34697.211
34697.4
34698.1
34738.5
34858.6
35126.211
35126.4
35127.1
35172.5
35252.6
35271.6
35560.4
35561.212
35632.5
35661.2
36161.3
36661.1
36820.6
36841.6
37104.211
37104.4
37105.1
37147.5
37241.6
37584.4
37585.212
37685.2
37695.5
38185.3
38224.4
38368.5
38442.4
38488.5
38685.1
38835.6
38906.211
38906.4
38907.1
38925.5
38974.6
39234.211
39234.4
39235.1
39263.5
39631.6
39782.211
39782.4
39783.1
39809.5
39852.6
39876.6
40205.4
40206.212
40269.5
40306.2
40806.3
41263.4
41306.1
41384.5
41503.6
41520.6
41791.211
41791.4
41792.1
41923.5
41983.6
42002.6
42315.4
42316.212
42416.2
42416.5
42916.3
43416.1
43469.4
43549.5
43794.6
44114.4
44115.212
44211.5
44215.2
44715.3
45215.1
45226.4
45318.5
45444.6
45742.211
45742.4
45743.1
45771.5
45841.6
46106.211
46106.4
46107.1
46164.5
46281.6
46305.6
46587.4
46588.212
46688.2
46708.5
47188.3
47688.1
47778.4
47780.5
47783.4
47958.5
48093.6
48336.211
48336.4
48337.1
48399.5
48489.6
48849.4
48850.212
48943.5
48950.2
49450.3
49950.1
50236.6
50266.6
50482.211
50482.4
50483.1
50541.5
50625.6
50944.4
50945.212
51045.2
51056.5
51545.3
52045.1
52070.4
52292.5
52586.6
52887.4
52888.212
52976.5
52988.2
53488.3
53988.1
54126.4
54202.5
54266.6
54571.4
54572.212
54649.5
54672.2
55172.3
55672.1
55992.6
56043.211
56043.4
56044.1
56062.5
56102.6
56389.211
56389.4
56390.1
56463.5
56902.6
56922.6
57199.211
57199.4
57200.1
57258.5
57359.6
57731.4
57732.212
57818.5
57832.2
58332.3
58832.1
59893.6
60193.211
60193.4
60194.1
60262.5
60340.6
60651.6
60690.4
60691.212
60784.5
60791.2
61291.3
61308.4
61383.5
61791.1
61909.4
61912.5
61916.4
61981.5
62080.6
62342.211
62342.4
62343.1
62373.5
62437.6
62727.211
62727.4
62728.1
62807.5
62888.6
63282.4
63283.212
63383.2
63796.5
63883.3
64383.1
65232.6
65589.4
65590.212
65672.5
65690.2
66190.3
66557.4
66563.5
66565.4
66647.5
66690.1
66723.6
67082.4
67083.212
67182.5
67183.2
67683.3
68183.1
68669.6
68909.211
68909.4
68910.1
68990.5
69171.6
69193.6
69537.4
69538.212
69606.5
69638.2
70138.3
70638.1
70640.4
70799.5
70865.6
71123.211
71123.4
71124.1
71190.5
71279.6
71659.4
71660.212
71750.5
71760.2
72260.3
72733.4
72760.1
72780.5
72872.6
73227.4
73228.212
73328.2
73338.5
73828.3
74328.1
74499.4
74523.5
74581.6
74859.211
74859.4
74860.1
74923.5
74996.6
75421.4
75422.212
75501.5
75522.2
76022.3
76522.1
77348.6
77750.4
77751.212
77834.5
77851.2
78351.3
78821.4
78851.1
78871.5
78934.6
79204.211
79204.4
79205.1
79264.5
79326.6
79641.4
79642.212
79718.5
79742.2
80242.3
80742.1
81226.6
81485.211
81485.4
81486.1
81514.5
82475.6
82888.4
82889.212
82989.2
83000.5
83489.3
83989.1
83992.4
84317.5
84446.6
84746.211
84746.4
84747.1
84811.5
84895.6
85195.211
85195.4
85196.1
85250.5
85330.6
85634.4
85635.212
85735.2
85739.5
86235.3
86735.1
86735.4
86738.5
86746.4
86902.5
87366.6
87642.211
87642.4
87643.1
87685.5
87767.6
88027.211
88027.4
88028.1
88060.5
88125.6
88148.6
88494.4
88495.212
88575.5
88595.2
89095.3
89595.1
89708.6
89976.211
89976.4
89977.1
90004.5
90064.6
90484.4
90485.212
90565.5
90585.2
91085.3
91585.1
91802.6
92055.211
92055.4
92056.1
92091.5
92170.6
92466.211
92466.4
92467.1
92517.5
92606.6
92625.6
93130.4
93131.212
93202.5
93231.2
93731.3
94231.1
94745.6
95016.211
95016.4
95017.1
95049.5
95122.6
95429.4
95430.212
95504.5
95508.4
95510.5
95530.2
96030.3
96530.1
96668.4
96827.5
97095.6
97383.211
97383.4
97384.1
97421.5
97489.6
97838.4
97839.212
97907.5
97939.2
98439.3
98939.1
100764.6
101361.4
101362.212
101453.5
101462.2
101962.3
102462.1
103235.6
103656.4
103657.212
103736.5
103757.2
104257.3
104757.1
108375.6
108737.4
108738.212
108813.5
108838.2
109338.3
109838.1
110096.4
110102.5
110749.4
110754.5
110762.4
110866.5
112593.4
112609.5
119620.6
119756.211
119756.4
119757.1
119770.5
119811.6
120127.4
120128.212
120211.5
120228.2
120728.3
121164.4
121168.5
121171.4
121228.1
121312.5
131222.6
131341.211
131341.4
131342.1
131359.5
131402.6
131835.4
131836.212
131837.5
131838.4
131918.5
131936.2
132436.3
132788.4
132791.5
132795.4
132847.5
132936.1
133584.6
133823.211
133823.4
133824.1
133851.5
133913.6
134269.4
134270.212
134356.5
134370.2
134870.3
135370.1
135516.6
135796.211
135796.4
135797.1
135862.5
136304.6
136463.211
136463.4
136464.1
136489.5
136603.6
136907.4
136908.212
136980.5
137008.2
137508.3
137850.4
137920.5
138008.1
145456.6
145751.211
145751.4
145752.1
145877.5
154872.6
154985.211
154985.4
154986.1
155051.5
155125.6
155391.211
155391.4
155392.1
155525.5
155593.6
155829.211
155829.4
155830.1
155863.5
155938.6
156190.211
156190.4
156191.1
156222.5
157397.6
157635.211
157635.4
157636.1
157666.5
157733.6
158001.211
158001.4
158002.1
158035.5
158091.6
158382.211
158382.4
158383.1
158430.5
158487.6
158568.6
158854.4
158855.212
158945.5
158955.2
159455.3
159955.1
160083.4
160155.5
160226.6
160483.211
160483.4
160484.1
160541.5
160668.6
160979.4
160980.212
161060.5
161080.2
161580.3
162080.1
162368.6
162629.211
162629.4
162630.1
162663.5
162729.6
163008.211
163008.4
163009.1
163052.5
163113.6
163396.211
163396.4
163397.1
163467.5
163521.6
163837.4
163838.212
163937.5
163938.2
164438.3
164926.4
164938.1
165076.5
165152.6
165403.211
165403.4
165404.1
165450.5
165504.6
165771.211
165771.4
165772.1
165820.5
165874.6
166157.211
166157.4
166158.1
166205.5
166260.6
166609.4
166610.212
166688.5
166710.2
167210.3
167710.1
175819.4
175853.5
175891.6
176240.4
176241.212
176317.5
176341.2
176841.3
177341.1
177795.6
177924.6
177980.211
177980.4
177981.1
177994.5
178031.6
178259.211
178259.4
178260.1
178283.5
178367.6
178709.4
178710.212
178791.5
178810.2
179310.3
180000.9
123456789
11
22
15
11
22
15
3
FI
1
3
9
54
40
10
27
40
6
2
1168
0
0
0
314159265
53
0
220
180000
314159265
0.1
198.6
704.4
705.212
805.2
815.5
1305.3
1532.4
1635.5
1805.1
2354.6
2581.211
2581.4
2582.1
2638.5
2793.6
3098.211
3098.4
3099.1
3159.5
3357.6
3737.211
3737.4
3738.1
3795.5
3954.6
4356.4
4357.212
4432.5
4457.2
4957.3
5332.4
5446.5
5457.1
6031.6
6430.211
6430.4
6431.1
6544.5
6609.6
6983.211
6983.4
6984.1
7032.5
7103.6
7533.4
7534.212
7626.5
7634.2
8134.3
8634.1
8635.6
8683.6
9026.211
9026.4
9027.1
9058.5
9168.6
9603.4
9604.212
9679.5
9704.2
9821.4
9955.5
10204.3
10213.4
10372.5
10466.6
10501.6
10670.6
10704.1
10813.6
11147.211
11147.4
11148.1
11202.5
11381.6
11964.4
11965.212
12038.5
12065.2
12565.3
13065.1
13506.6
13930.4
13931.212
14029.5
14031.2
14531.3
14794.6
15031.1
15294.6
15639.211
15639.4
15640.1
15674.5
15763.6
15775.6
16140.211
16140.4
16141.1
16238.5
16294.6
16717.4
16718.212
16791.5
16818.2
17318.3
17638.4
17683.5
17800.6
17818.1
18134.6
18488.211
18488.4
18489.1
18524.5
18824.6
18883.6
18992.211
18992.4
18993.1
19045.5
19109.6
19451.211
19451.4
19452.1
19533.5
19732.6
19914.211
19914.4
19915.1
19954.5
20010.6
20062.6
20072.6
20294.211
20294.4
20295.1
20335.5
20403.6
20688.211
20688.4
20689.1
20729.5
20802.6
21083.211
21083.4
21084.1
21114.5
21187.6
21239.6
21470.211
21470.4
21471.1
21502.5
21578.6
21722.6
21869.211
21869.4
21870.1
21898.5
22042.6
22438.211
22438.4
22439.1
22569.5
22662.6
22750.6
22822.211
22822.4
22823.1
22845.5
23249.6
23517.211
23517.4
23518.1
23536.5
23576.6
23602.6
24017.4
24018.212
24105.5
24118.2
24618.3
25088.6
25118.1
25143.6
25450.211
25450.4
25451.1
25494.5
25583.6
25928.211
25928.4
25929.1
25991.5
26063.6
26736.4
26737.212
26806.5
26837.2
27337.3
27618.4
27794.5
27837.1
28033.6
28065.6
28440.4
28441.212
28541.2
28561.5
29041.3
29495.4
29541.1
29587.5
29712.6
30032.211
30032.4
30033.1
30066.5
30248.6
30645.211
30645.4
30646.1
30710.5
30804.6
31308.4
31309.212
31394.5
31409.2
31909.3
32409.1
32481.6
32500.6
32838.211
32838.4
32839.1
32860.5
32913.6
33256.211
33256.4
33257.1
33286.5
33366.6
34174.4
34175.212
34259.5
34275.2
34775.3
35275.1
35432.6
35881.4
35882.212
35982.2
36008.5
36482.3
36982.1
37081.4
37271.5
37686.6
37764.211
37764.4
37765.1
37784.5
37850.6
37874.6
38209.211
38209.4
38210.1
38288.5
38794.6
39255.4
39256.212
39339.5
39356.2
39856.3
40356.1
40510.6
40918.4
40919.212
41019.2
41043.5
41199.4
41310.5
41519.3
41825.4
41840.5
41884.6
42019.1
42340.6
42783.4
42784.212
42877.5
42884.2
43384.3
43884.1
44049.6
44061.6
44306.211
44306.4
44307.1
44345.5
44411.6
44770.211
44770.4
44771.1
44832.5
44901.6
44920.6
45285.211
45285.4
45286.1
45327.5
45402.6
45427.6
45761.211
45761.4
45762.1
45807.5
45876.6
45892.6
46145.211
46145.4
46146.1
46192.5
46499.4
46516.5
46571.6
46911.211
46911.4
46912.1
46947.5
47121.6
48175.4
48176.212
48276.2
48322.5
48776.3
49276.1
49499.6
50301.4
50302.212
50386.5
50402.2
50902.3
51402.1
51749.6
51998.211
51998.4
51999.1
52024.5
52113.6
52532.4
52533.212
52617.5
52633.2
53133.3
53633.1
53851.4
53981.5
54099.6
54552.4
54553.212
54634.5
54653.2
55153.3
55653.1
55979.6
56347.211
56347.4
56348.1
56390.5
56497.6
56927.4
56928.212
57028.2
57062.5
57299.4
57390.5
57528.3
57541.6
58028.1
58239.6
58538.211
58538.4
58539.1
58570.5
58679.6
58983.211
58983.4
58984.1
59041.5
59119.6
59445.211
59445.4
59446.1
59491.5
59558.6
59936.211
59936.4
59937.1
59976.5
60065.6
60410.211
60410.4
60411.1
60453.5
60748.6
60988.211
60988.4
60989.1
61013.5
61698.6
61898.211
61898.4
61899.1
61911.5
62289.6
62521.6
62575.211
62575.4
62576.1
62596.5
62650.6
62957.211
62957.4
62958.1
63023.5
63098.6
63454.211
63454.4
63455.1
63486.5
63563.6
64087.4
64088.212
64188.2
64216.5
64688.3
65188.1
65390.6
65947.4
65948.212
66038.5
66048.2
66548.3
67048.1
67209.4
67237.5
67909.6
68173.211
68173.4
68174.1
68201.5
69215.6
69263.211
69263.4
69264.1
69295.5
69349.6
69605.211
69605.4
69606.1
69631.5
69737.6
70013.211
70013.4
70014.1
70050.5
70312.6
70352.6
70442.211
70442.4
70443.1
70462.5
70685.6
70848.6
71059.211
71059.4
71060.1
71100.5
71151.6
71203.6
71442.6
71521.211
71521.4
71522.1
71546.5
71589.6
72003.6
72051.4
72052.212
72152.2
72208.5
72652.3
73152.1
73287.6
73774.4
73775.212
73875.2
73886.5
74375.3
74875.1
75003.6
75366.211
75366.4
75367.1
75397.5
75461.6
75827.211
75827.4
75828.1
75859.5
75898.6
76281.6
76338.4
76339.212
76432.5
76439.2
76939.3
77439.1
77830.6
78288.4
78289.212
78387.5
78389.2
78889.3
79389.1
80192.6
80377.211
80377.4
80378.1
80411.5
80451.6
80680.6
80804.211
80804.4
80805.1
80833.5
80879.6
81158.211
81158.4
81159.1
81183.5
81227.6
81473.6
81537.6
81624.211
81624.4
81625.1
81831.5
81927.6
82192.6
82273.211
82273.4
82274.1
82308.5
82365.6
82554.6
82744.211
82744.4
82745.1
82790.5
82843.6
83180.211
83180.4
83181.1
83215.5
83269.6
83589.6
83646.211
83646.4
83647.1
83684.5
83725.6
83853.6
84053.211
84053.4
84054.1
84119.5
84168.6
84513.211
84513.4
84514.1
84549.5
84733.6
84962.211
84962.4
84963.1
84988.5
85045.6
85336.6
85346.6
85408.211
85408.4
85409.1
85446.5
85488.6
85719.211
85719.4
85720.1
85752.5
85840.6
86288.4
86289.212
86367.5
86389.2
86889.3
87389.1
87605.6
87684.211
87684.4
87685.1
87700.5
87744.6
87765.6
88116.211
88116.4
88117.1
88163.5
88255.6
88586.211
88586.4
88587.1
88659.5
88808.6
89294.4
89295.212
89395.2
89396.5
89895.3
90395.1
91045.6
91277.211
91277.4
91278.1
91336.5
91508.6
91702.211
91702.4
91703.1
91746.5
91793.6
92139.211
92139.4
92140.1
92207.5
92278.6
92637.211
92637.4
92638.1
92670.5
92747.6
93139.211
93139.4
93140.1
93189.5
93260.6
93658.211
93658.4
93659.1
93743.5
93832.6
94254.4
94255.212
94352.5
94355.2
94855.3
95355.1
95364.4
95368.5
95379.4
95699.5
96323.6
96625.211
96625.4
96626.1
96685.5
96784.6
97144.211
97144.4
97145.1
97173.5
97602.6
97767.211
97767.4
97768.1
97795.5
97864.6
98188.211
98188.4
98189.1
98219.5
98416.6
98852.4
98853.212
98953.2
98983.5
99453.3
99953.1
100398.6
100418.6
100754.211
100754.4
100755.1
100838.5
100904.6
101303.211
101303.4
101304.1
101335.5
101449.6
101817.211
101817.4
101818.1
101873.5
101957.6
102381.4
102382.212
102471.5
102482.2
102982.3
103482.1
104152.6
104458.211
104458.4
104459.1
104497.5
104569.6
105064.4
105065.212
105165.2
105181.5
105665.3
106165.1
107080.6
107382.211
107382.4
107383.1
107447.5
107824.6
108157.211
108157.4
108158.1
108196.5
108380.6
108795.4
108796.212
108877.5
108896.2
109396.3
109896.1
109991.6
110442.4
110443.212
110526.5
110543.2
111043.3
111543.1
111942.6
112034.211
112034.4
112035.1
112084.5
112320.6
112673.211
112673.4
112674.1
112726.5
112819.6
113199.211
113199.4
113200.1
113234.5
114621.6
114708.6
115044.4
115045.212
115122.5
115145.2
115645.3
116052.4
116134.5
116145.1
116451.4
116505.5
116849.6
117215.211
117215.4
117216.1
117292.5
117437.6
117805.211
117805.4
117806.1
117840.5
117939.6
118356.4
118357.212
118440.5
118457.2
118957.3
119457.1
120436.6
120788.211
120788.4
120789.1
120837.5
120950.6
121560.4
121561.212
121639.5
121661.2
122161.3
122661.1
123019.6
123031.6
123367.211
123367.4
123368.1
123415.5
124595.4
124625.5
125151.4
125171.5
125212.6
125452.211
125452.4
125453.1
125490.5
125615.6
126027.4
126028.212
126119.5
126128.2
126628.3
127128.1
127194.4
127363.5
127523.6
127841.211
127841.4
127842.1
127872.5
128398.6
128586.211
128586.4
128587.1
128622.5
128679.6
129057.211
129057.4
129058.1
129200.5
129266.6
129286.6
129620.211
129620.4
129621.1
129708.5
130101.4
130218.5
130221.4
130237.5
130318.6
130448.6
130902.4
130903.212
130973.5
131003.2
131503.3
132003.1
132424.6
132908.4
132909.212
132988.5
133009.2
133509.3
134009.1
134548.6
134663.6
134969.4
134970.212
135051.5
135070.2
135570.3
136070.1
137212.6
137576.211
137576.4
137577.1
137657.5
137764.6
138126.211
138126.4
138127.1
138159.5
138253.6
138630.211
138630.4
138631.1
138686.5
138766.6
139168.4
139169.212
139251.5
139269.2
139769.3
140269.1
141012.6
141316.211
141316.4
141317.1
141396.5
141521.6
141831.211
141831.4
141832.1
141885.5
141989.6
142342.211
142342.4
142343.1
142393.5
142478.6
142905.4
142906.212
142971.5
143006.2
143506.3
144006.1
144306.6
144679.211
144679.4
144680.1
144739.5
145014.6
145382.211
145382.4
145383.1
145441.5
145574.6
145584.6
145932.211
145932.4
145933.1
145962.5
146161.6
146568.4
146569.212
146669.2
146680.5
147169.3
147669.1
148428.6
148811.211
148811.4
148812.1
148859.5
149189.6
149548.211
149548.4
149549.1
149578.5
149700.6
150042.211
150042.4
150043.1
150108.5
151627.6
151990.211
151990.4
151991.1
152063.5
152242.6
152618.211
152618.4
152619.1
152658.5
152839.6
153207.211
153207.4
153208.1
153246.5
153408.6
153708.211
153708.4
153709.1
153735.5
153791.6
154154.211
154154.4
154155.1
154215.5
154301.6
154659.211
154659.4
154660.1
154683.5
154730.6
154945.6
155243.4
155244.212
155330.5
155344.2
155844.3
156344.1
156360.4
156630.5
156847.6
157189.211
157189.4
157190.1
157218.5
157324.6
157652.211
157652.4
157653.1
157817.5
157876.6
158308.4
158309.212
158383.5
158409.2
158909.3
159010.4
159234.5
159409.1
159415.6
159692.211
159692.4
159693.1
159810.5
159873.6
160278.4
160279.212
160361.5
160379.2
160879.3
161379.1
161384.4
161541.5
161625.4
162019.5
162171.6
162599.4
162600.212
162681.5
162700.2
163200.3
163700.1
164159.4
164288.5
164686.6
164981.211
164981.4
164982.1
165022.5
165177.6
165535.211
165535.4
165536.1
165587.5
165666.6
165967.211
165967.4
165968.1
166025.5
166082.6
166450.211
166450.4
166451.1
166544.5
166932.6
167120.211
167120.4
167121.1
167181.5
167227.6
167504.6
167518.6
167606.211
167606.4
167607.1
167626.5
167677.6
167989.211
167989.4
167990.1
168067.5
168119.6
168139.6
168520.4
168521.212
168608.5
168621.2
169121.3
169621.1
170183.6
170192.6
170516.6
170569.211
170569.4
170570.1
170597.5
170646.6
170717.6
170930.211
170930.4
170931.1
170958.5
171012.6
171500.4
171501.212
171583.5
171601.2
172101.3
172601.1
172971.4
173041.5
173050.4
173106.5
173112.4
173134.5
173206.6
173478.211
173478.4
173479.1
173517.5
173983.6
174105.6
174404.4
174405.212
174505.2
174533.5
175005.3
175505.1
176219.4
176274.5
176650.6
176963.211
176963.4
176964.1
176994.5
177409.6
177484.211
177484.4
177485.1
177500.5
177539.6
177856.211
177856.4
177857.1
177882.5
177956.6
178219.6
178437.4
178438.212
178537.5
178538.2
179038.3
179448.4
179538.1
179653.5
180000.9
123456789
11
23
15
11
23
15
3
FI
1
3
9
48
30
10
21
30
6
2
974
0
0
0
314159265
50
3
188
180000
314159265
0.1
410.6
752.211
752.4
753.1
795.5
873.6
1008.6
1117.211
1117.4
1118.1
1136.5
1815.6
2192.211
2192.4
2193.1
2238.5
2290.6
2316.6
2669.211
2669.4
2670.1
2757.5
2840.6
2902.6
3151.211
3151.4
3152.1
3169.5
3319.6
3336.6
3712.211
3712.4
3713.1
3787.5
3861.6
4102.6
4166.211
4166.4
4167.1
4194.5
4546.6
4706.211
4706.4
4707.1
4734.5
4780.6
4796.6
5212.4
5213.212
5305.5
5313.2
5813.3
5991.4
6074.5
6313.1
6893.6
7187.211
7187.4
7188.1
7262.5
7349.6
7708.211
7708.4
7709.1
7894.5
7990.6
8003.6
8387.211
8387.4
8388.1
8532.5
8597.6
8615.6
8929.211
8929.4
8930.1
8997.5
9088.6
9477.211
9477.4
9478.1
9521.5
9762.6
10113.211
10113.4
10114.1
10168.5
10331.6
10698.211
10698.4
10699.1
10739.5
10971.6
11117.211
11117.4
11118.1
11143.5
11192.6
11569.211
11569.4
11570.1
11640.5
11793.6
11806.6
12155.211
12155.4
12156.1
12197.5
12340.6
12746.4
12747.212
12829.5
12847.2
13347.3
13797.4
13847.1
13877.5
14010.4
14020.5
14023.4
14125.5
14708.6
15108.211
15108.4
15109.1
15185.5
15312.6
15688.211
15688.4
15689.1
15728.5
15733.4
15752.5
15834.6
15847.6
16193.211
16193.4
16194.1
16234.5
16461.6
16916.4
16917.212
17017.2
17019.5
17517.3
17778.4
17904.5
18017.1
19001.6
19421.4
19422.212
19498.5
19522.2
20022.3
20522.1
20888.6
21246.211
21246.4
21247.1
21284.5
21919.6
22307.211
22307.4
22308.1
22350.5
22505.6
22968.4
22969.212
23069.2
23092.5
23569.3
24069.1
24167.6
24639.4
24640.212
24740.2
24759.5
25240.3
25740.1
25875.6
26277.4
26278.212
26362.5
26378.2
26878.3
27378.1
27385.4
27391.5
27392.4
27624.5
27955.4
28088.5
28270.6
28509.211
28509.4
28510.1
28587.5
28683.6
29050.211
29050.4
29051.1
29230.5
29316.6
29685.211
29685.4
29686.1
29734.5
29830.6
30224.211
30224.4
30225.1
30291.5
30378.6
30396.6
30844.4
30845.212
30925.5
30945.2
31445.3
31945.1
32275.6
32627.211
32627.4
32628.1
32694.5
32826.6
33271.4
33272.212
33355.5
33372.2
33872.3
34372.1
34538.6
34565.6
35087.4
35088.212
35184.5
35188.2
35688.3
36188.1
36526.6
36874.211
36874.4
36875.1
36912.5
37021.6
37579.4
37580.212
37680.2
37733.5
38180.3
38680.1
38807.6
39144.211
39144.4
39145.1
39196.5
39365.6
39853.4
39854.212
39939.5
39954.2
40454.3
40954.1
41191.6
41572.211
41572.4
41573.1
41629.5
42000.6
42392.211
42392.4
42393.1
42431.5
42921.6
43077.6
43569.4
43570.212
43668.5
43670.2
44170.3
44670.1
44813.4
44845.5
44963.6
45329.211
45329.4
45330.1
45365.5
45587.6
46005.4
46006.212
46092.5
46106.2
46606.3
47106.1
47212.4
47218.5
47219.4
47320.5
47535.4
47620.5
48057.6
48401.211
48401.4
48402.1
48550.5
48918.6
49255.211
49255.4
49256.1
49293.5
49432.6
49838.4
49839.212
49914.5
49939.2
50439.3
50662.4
50817.5
50939.1
51089.6
51377.211
51377.4
51378.1
51428.5
51501.6
51790.211
51790.4
51791.1
51818.5
51881.6
52211.211
52211.4
52212.1
52316.5
52421.6
52796.211
52796.4
52797.1
52850.5
52956.6
53382.4
53383.212
53467.5
53483.2
53983.3
54483.1
55411.6
55957.4
55958.212
56030.5
56058.2
56558.3
57058.1
57727.6
58096.211
58096.4
58097.1
58187.5
58271.6
58777.4
58778.212
58861.5
58878.2
59378.3
59878.1
59975.4
59996.5
60315.6
60643.211
60643.4
60644.1
60718.5
60815.6
61172.211
61172.4
61173.1
61226.5
61309.6
61828.4
61829.212
61906.5
61929.2
62429.3
62929.1
63251.6
63588.211
63588.4
63589.1
63651.5
64028.6
64522.4
64523.212
64606.5
64623.2
65123.3
65623.1
65903.6
66283.211
66283.4
66284.1
66340.5
66467.6
66854.211
66854.4
66855.1
66909.5
67012.6
67361.211
67361.4
67362.1
67427.5
67831.6
68200.211
68200.4
68201.1
68259.5
68388.6
68814.4
68815.212
68901.5
68915.2
69415.3
69915.1
70124.6
70573.4
70574.212
70653.5
70674.2
71174.3
71674.1
72233.6
72566.211
72566.4
72567.1
72634.5
73154.6
73528.211
73528.4
73529.1
73581.5
74929.6
75041.211
75041.4
75042.1
75059.5
75106.6
75466.211
75466.4
75467.1
75576.5
75672.6
76013.211
76013.4
76014.1
76066.5
76311.6
76458.6
76902.4
76903.212
77003.2
77006.5
77503.3
78003.1
78788.6
79133.211
79133.4
79134.1
79196.5
79304.6
79707.4
79708.212
79794.5
79808.2
80308.3
80808.1
81289.6
81695.4
81696.212
81772.5
81796.2
82296.3
82796.1
83304.6
83657.211
83657.4
83658.1
83722.5
84213.6
84367.211
84367.4
84368.1
84384.5
84461.6
84805.211
84805.4
84806.1
84852.5
85007.6
85544.4
85545.212
85621.5
85645.2
86145.3
86645.1
87064.6
87086.6
87463.211
87463.4
87464.1
87530.5
87684.6
88141.4
88142.212
88229.5
88242.2
88742.3
89242.1
89839.6
90179.211
90179.4
90180.1
90229.5
90447.6
90725.211
90725.4
90726.1
90761.5
90838.6
90858.6
91247.4
91248.212
91334.5
91348.2
91848.3
92348.1
92639.6
93115.4
93116.212
93193.5
93216.2
93716.3
94216.1
94539.6
94774.211
94774.4
94775.1
94835.5
95218.6
95550.211
95550.4
95551.1
95754.5
95855.6
96186.211
96186.4
96187.1
96240.5
96642.6
97006.211
97006.4
97007.1
97054.5
97148.6
97506.211
97506.4
97507.1
97544.5
97656.6
98101.4
98102.212
98182.5
98202.2
98702.3
99202.1
99593.6
99928.211
99928.4
99929.1
100001.5
100319.6
100566.211
100566.4
100567.1
100598.5
100644.6
100669.6
101003.211
101003.4
101004.1
101086.5
101173.6
101570.211
101570.4
101571.1
101624.5
101918.6
101994.6
102127.6
102484.4
102485.212
102561.5
102585.2
103085.3
103585.1
103600.4
103750.5
103865.6
104189.211
104189.4
104190.1
104251.5
104340.6
104356.6
104693.211
104693.4
104694.1
104755.5
104858.6
105209.211
105209.4
105210.1
105258.5
105353.6
105705.211
105705.4
105706.1
105834.5
106029.6
106180.211
106180.4
106181.1
106191.5
106253.6
106651.211
106651.4
106652.1
106715.5
106778.6
107168.211
107168.4
107169.1
107215.5
107356.6
107730.211
107730.4
107731.1
107767.5
107854.6
108325.4
108326.212
108414.5
108426.2
108926.3
109223.4
109418.5
109426.1
109843.6
110177.211
110177.4
110178.1
110259.5
110320.6
110688.211
110688.4
110689.1
110750.5
111171.6
111599.4
111600.212
111700.2
111755.5
111912.4
112035.5
112200.3
112700.1
113078.4
113139.5
113307.6
113635.211
113635.4
113636.1
113660.5
113720.6
114165.4
114166.212
114241.5
114266.2
114766.3
115266.1
115612.6
116041.4
116042.212
116128.5
116142.2
116642.3
117142.1
118110.6
118636.4
118637.212
118703.5
118737.2
119237.3
119737.1
120126.6
120466.211
120466.4
120467.1
120545.5
120622.6
120641.6
121050.4
121051.212
121151.2
121237.5
121651.3
122151.1
122855.4
122864.5
122865.4
123247.5
123625.6
123944.211
123944.4
123945.1
123977.5
124078.6
124485.4
124486.212
124586.2
124606.5
125086.3
125586.1
125769.4
126083.5
126337.6
126657.211
126657.4
126658.1
126684.5
127233.6
127686.4
127687.212
127775.5
127787.2
128287.3
128760.4
128787.1
128891.5
130288.6
130613.211
130613.4
130614.1
130643.5
130730.6
131107.211
131107.4
131108.1
131142.5
131264.6
131657.211
131657.4
131658.1
131695.5
131885.6
132346.4
132347.212
132447.2
132450.5
132873.4
132874.5
132881.4
132947.3
133049.5
133226.4
133338.5
133447.1
133690.6
134088.211
134088.4
134089.1
134187.5
134277.6
134746.4
134747.212
134847.2
134880.5
135347.3
135847.1
136255.6
136610.211
136610.4
136611.1
136661.5
136728.6
137113.211
137113.4
137114.1
137173.5
137240.6
137562.211
137562.4
137563.1
137594.5
137684.6
137843.6
138234.4
138235.212
138313.5
138335.2
138835.3
139335.1
140007.4
140311.5
140391.6
140413.6
140714.211
140714.4
140715.1
140791.5
140861.6
141271.4
141272.212
141372.2
141383.5
141872.3
142372.1
142885.6
143259.211
143259.4
143260.1
143510.5
143668.6
144030.211
144030.4
144031.1
144067.5
144394.6
144779.211
144779.4
144780.1
144853.5
145009.6
145365.211
145365.4
145366.1
145397.5
145549.6
146057.4
146058.212
146158.2
146179.5
146658.3
147158.1
147397.4
147602.5
147768.6
148141.211
148141.4
148142.1
148425.5
148501.6
148932.4
148933.212
149030.5
149033.2
149533.3
150033.1
150624.6
151049.4
151050.212
151149.5
151150.2
151650.3
152150.1
152874.6
153250.211
153250.4
153251.1
153346.5
153513.6
154410.4
154411.212
154511.2
154591.5
155011.3
155511.1
155983.4
156057.5
156185.4
156469.5
156901.6
157200.211
157200.4
157201.1
157239.5
157361.6
157381.6
157723.211
157723.4
157724.1
157760.5
158128.6
158369.211
158369.4
158370.1
158376.5
164482.6
164802.211
164802.4
164803.1
164835.5
164899.6
165316.4
165317.212
165417.2
165437.5
165917.3
166417.1
167604.6
167912.211
167912.4
167913.1
167942.5
168016.6
168328.211
168328.4
168329.1
168359.5
168573.6
168907.211
168907.4
168908.1
168933.5
170818.6
171124.211
171124.4
171125.1
171147.5
171188.6
171652.4
171653.212
171736.5
171753.2
172253.3
172753.1
172789.4
172844.5
172926.6
173389.4
173390.212
173490.2
173496.5
173634.4
173683.5
173990.3
174490.1
175119.6
175395.211
175395.4
175396.1
175493.5
175631.6
175921.211
175921.4
175922.1
175941.5
176741.8
176754.8
180000.9
123456789
11
24
15
11
24
15
3
FI
1
3
9
59
52
10
32
52
6
2
1109
0
0
0
314159265
27
0
213
180000
314159265
0.1
443.6
597.6
914.211
914.4
915.1
936.5
990.6
1026.6
1391.211
1391.4
1392.1
1416.5
1562.6
1663.6
2018.211
2018.4
2019.1
2057.5
2308.6
2503.6
2687.211
2687.4
2688.1
2709.5
2755.6
2790.6
2821.6
3149.211
3149.4
3150.1
3184.5
3396.6
3413.6
3782.211
3782.4
3783.1
3824.5
3919.6
4214.6
4293.211
4293.4
4294.1
4310.5
4458.6
4516.6
4878.211
4878.4
4879.1
4909.5
5235.6
5619.211
5619.4
5620.1
5654.5
5747.6
6110.211
6110.4
6111.1
6141.5
6364.6
6695.211
6695.4
6696.1
6734.5
6792.6
7234.211
7234.4
7235.1
7266.5
7498.6
7512.6
7916.211
7916.4
7917.1
7947.5
8037.6
8438.211
8438.4
8439.1
8486.5
8546.6
8567.6
8912.211
8912.4
8913.1
8929.5
8974.6
9426.211
9426.4
9427.1
9462.5
9575.6
9860.6
10012.211
10012.4
10013.1
10050.5
10406.6
10868.211
10868.4
10869.1
10901.5
11011.6
11542.4
11543.212
11634.5
11643.2
12143.3
12643.1
13452.6
13696.211
13696.4
13697.1
13740.5
13865.6
14269.211
14269.4
14270.1
14351.5
14440.6
14698.211
14698.4
14699.1
14726.5
14775.6
15237.211
15237.4
15238.1
15268.5
15354.6
15760.211
15760.4
15761.1
15835.5
16032.6
16476.211
16476.4
16477.1
16512.5
17207.6
17607.211
17607.4
17608.1
17661.5
17746.6
18232.211
18232.4
18233.1
18309.5
18917.6
19350.211
19350.4
19351.1
19386.5
19791.6
20188.211
20188.4
20189.1
20224.5
20498.6
20936.211
20936.4
20937.1
20964.5
21172.6
21187.6
21566.211
21566.4
21567.1
21600.5
22213.6
22400.211
22400.4
22401.1
22425.5
22999.6
23377.211
23377.4
23378.1
23403.5
23509.6
23964.211
23964.4
23965.1
23993.5
24162.6
24695.4
24696.212
24792.5
24796.2
25296.3
25534.4
25796.1
26092.5
26235.6
26249.6
26530.211
26530.4
26531.1
26581.5
26936.6
27243.211
27243.4
27244.1
27311.5
27418.6
27867.211
27867.4
27868.1
27915.5
28023.6
28765.4
28766.212
28858.5
28866.2
29366.3
29780.4
29848.5
29866.1
30731.6
30749.6
31099.211
31099.4
31100.1
31157.5
31250.6
31292.6
31629.211
31629.4
31630.1
31659.5
31821.6
32238.211
32238.4
32239.1
32278.5
32571.6
33030.211
33030.4
33031.1
33061.5
33163.6
33545.211
33545.4
33546.1
33586.5
33669.6
34135.211
34135.4
34136.1
34167.5
34243.6
34663.211
34663.4
34664.1
34702.5
34788.6
35340.4
35341.212
35416.5
35441.2
35941.3
36045.4
36371.5
36441.1
36491.4
36607.5
36714.6
37148.211
37148.4
37149.1
37381.5
37454.6
37462.6
37738.211
37738.4
37739.1
37758.5
37810.6
38172.211
38172.4
38173.1
38209.5
38296.6
38741.211
38741.4
38742.1
38775.5
38870.6
39287.211
39287.4
39288.1
39317.5
39517.6
39966.211
39966.4
39967.1
40160.5
40345.6
40869.4
40870.212
40957.5
40970.2
41387.4
41470.3
41631.5
41799.6
41827.6
41970.1
42031.6
42156.211
42156.4
42157.1
42179.5
42249.6
42560.211
42560.4
42561.1
42605.5
42807.6
43053.211
43053.4
43054.1
43084.5
43143.6
43304.6
43429.211
43429.4
43430.1
43481.5
43544.6
43704.6
43866.211
43866.4
43867.1
43898.5
43963.6
44012.6
44118.6
44226.211
44226.4
44227.1
44270.5
44316.6
44552.6
44660.211
44660.4
44661.1
44696.5
44807.6
45036.211
45036.4
45037.1
45070.5
45128.6
45201.6
45469.211
45469.4
45470.1
45506.5
45569.6
45667.6
45974.211
45974.4
45975.1
46019.5
46123.6
46428.6
46494.211
46494.4
46495.1
46586.5
46646.6
47049.211
47049.4
47050.1
47090.5
47179.6
47642.211
47642.4
47643.1
47676.5
47882.6
48098.6
48209.211
48209.4
48210.1
48238.5
48291.6
48378.6
48429.6
48597.211
48597.4
48598.1
48630.5
48676.6
48980.211
48980.4
48981.1
49025.5
49082.6
49113.6
49387.211
49387.4
49388.1
49471.5
49645.6
49811.6
50251.4
50252.212
50331.5
50352.2
50852.3
51352.1
51621.6
52035.211
52035.4
52036.1
52079.5
52843.6
53233.211
53233.4
53234.1
53276.5
53355.6
53757.211
53757.4
53758.1
53795.5
54048.6
54552.4
54553.212
54652.5
54653.2
55153.3
55653.1
55715.4
55744.5
55805.6
55831.6
56326.4
56327.212
56405.5
56427.2
56927.3
57427.1
58348.6
58362.6
58647.211
58647.4
58648.1
58765.5
58847.6
59184.211
59184.4
59185.1
59252.5
59699.6
59768.211
59768.4
59769.1
59796.5
60149.6
60410.211
60410.4
60411.1
60452.5
60496.6
60524.6
61212.4
61213.212
61292.5
61313.2
61813.3
62221.6
62313.1
63025.6
63373.211
63373.4
63374.1
63423.5
63618.6
64028.211
64028.4
64029.1
64077.5
64373.6
64500.211
64500.4
64501.1
64549.5
64613.6
64903.211
64903.4
64904.1
64941.5
65028.6
65372.211
65372.4
65373.1
65414.5
65494.6
65770.6
65830.211
65830.4
65831.1
65869.5
65925.6
66309.211
66309.4
66310.1
66348.5
66718.6
66883.211
66883.4
66884.1
66906.5
66956.6
67353.211
67353.4
67354.1
67396.5
67893.6
68277.211
68277.4
68278.1
68310.5
68379.6
68748.211
68748.4
68749.1
68811.5
69029.6
69475.211
69475.4
69476.1
69510.5
69677.6
70046.211
70046.4
70047.1
70088.5
70227.6
70640.211
70640.4
70641.1
70673.5
72152.6
72528.211
72528.4
72529.1
72587.5
72682.6
73090.211
73090.4
73091.1
73133.5
73219.6
73579.211
73579.4
73580.1
73610.5
73811.6
74347.4
74348.212
74419.5
74448.2
74948.3
75448.1
75989.4
76002.5
76009.4
76245.5
76447.4
76758.5
76761.4
76868.5
76990.6
77013.6
77341.211
77341.4
77342.1
77370.5
78264.6
78616.211
78616.4
78617.1
78678.5
78790.6
79152.211
79152.4
79153.1
79189.5
79286.6
79664.211
79664.4
79665.1
79766.5
79836.6
80586.4
80587.212
80687.2
80739.5
81187.3
81441.4
81517.5
81687.1
81785.4
82355.5
82702.6
82801.211
82801.4
82802.1
82820.5
82895.6
83451.4
83452.212
83552.2
83579.5
84052.3
84552.1
85402.6
85610.211
85610.4
85611.1
85644.5
85716.6
85736.6
86151.211
86151.4
86152.1
86324.5
86401.6
86795.211
86795.4
86796.1
86860.5
87947.6
88276.211
88276.4
88277.1
88329.5
88589.6
88972.211
88972.4
88973.1
89135.5
89218.6
89574.211
89574.4
89575.1
89640.5
89723.6
90244.4
90245.212
90323.5
90345.2
90845.3
91345.1
91719.6
92074.211
92074.4
92075.1
92156.5
92235.6
92566.211
92566.4
92567.1
92638.5
93265.6
93657.211
93657.4
93658.1
93724.5
93817.6
94151.211
94151.4
94152.1
94203.5
94286.6
94681.211
94681.4
94682.1
94751.5
94838.6
95233.211
95233.4
95234.1
95278.5
95356.6
95720.211
95720.4
95721.1
95751.5
96004.6
96508.4
96509.212
96600.5
96609.2
97109.3
97479.4
97544.5
97609.1
97682.6
98294.4
98295.212
98384.5
98395.2
98895.3
99395.1
99558.6
99971.211
99971.4
99972.1
100128.5
100273.6
100690.211
100690.4
100691.1
100744.5
100916.6
101292.211
101292.4
101293.1
101332.5
101707.6
102025.211
102025.4
102026.1
102058.5
102121.6
102543.211
102543.4
102544.1
102583.5
103351.6
103689.211
103689.4
103690.1
103720.5
103814.6
104257.211
104257.4
104258.1
104354.5
104458.6
104942.211
104942.4
104943.1
104997.5
105075.6
105503.211
105503.4
105504.1
105541.5
105792.6
106197.211
106197.4
106198.1
106247.5
108929.6
109416.211
109416.4
109417.1
109448.5
109544.6
110089.4
110090.212
110179.5
110190.2
110690.3
111190.1
111455.6
111873.211
111873.4
111874.1
111955.5
112073.6
112429.211
112429.4
112430.1
112463.5
112558.6
112570.6
113060.4
113061.212
113161.2
113276.5
113661.3
114070.4
114161.1
114775.5
114962.6
115322.211
115322.4
115323.1
115465.5
115565.6
115903.211
115903.4
115904.1
115966.5
116056.6
116439.211
116439.4
116440.1
116470.5
116647.6
117062.211
117062.4
117063.1
117125.5
117220.6
117781.4
117782.212
117865.5
117882.2
118358.4
118382.3
118401.5
118882.1
118943.4
118947.5
119273.6
119605.211
119605.4
119606.1
119734.5
120407.6
120556.211
120556.4
120557.1
120598.5
120648.6
121114.211
121114.4
121115.1
121157.5
121226.6
121825.4
121826.212
121926.2
121926.5
122426.3
122876.4
122926.1
122973.5
123115.6
123465.211
123465.4
123466.1
123574.5
123642.6
123674.6
124226.4
124227.212
124327.2
124341.5
124827.3
125327.1
125954.6
126328.211
126328.4
126329.1
126449.5
126522.6
127489.4
127490.212
127590.2
127613.5
128090.3
128444.4
128590.1
128696.5
129403.6
129599.211
129599.4
129600.1
129618.5
129711.6
129996.211
129996.4
129997.1
130018.5
130080.6
130260.6
130374.211
130374.4
130375.1
130399.5
130469.6
130830.211
130830.4
130831.1
130874.5
130962.6
131555.4
131556.212
131656.2
131913.5
132156.3
132324.6
132656.1
132872.6
133188.211
133188.4
133189.1
133221.5
133304.6
133642.211
133642.4
133643.1
133681.5
133943.6
134208.211
134208.4
134209.1
134227.5
134288.6
134623.211
134623.4
134624.1
134727.5
134801.6
134814.6
135600.4
135601.212
135701.2
135711.5
136201.3
136701.1
137411.6
137741.211
137741.4
137742.1
137779.5
139054.6
139325.211
139325.4
139326.1
139356.5
139418.6
139762.211
139762.4
139763.1
139803.5
139903.6
140264.211
140264.4
140265.1
140337.5
140443.6
141063.4
141064.212
141151.5
141164.2
141664.3
142149.4
142164.1
142260.5
142414.6
142805.211
142805.4
142806.1
142870.5
143239.6
143475.211
143475.4
143476.1
143499.5
143979.6
144408.211
144408.4
144409.1
144482.5
144576.6
145008.211
145008.4
145009.1
145047.5
145391.6
145800.211
145800.4
145801.1
145834.5
145991.6
146397.211
146397.4
146398.1
146467.5
146554.6
146573.6
146933.211
146933.4
146934.1
146983.5
147675.6
148059.211
148059.4
148060.1
148095.5
149674.6
150157.211
150157.4
150158.1
150225.5
150662.6
151116.211
151116.4
151117.1
151150.5
151234.6
151659.211
151659.4
151660.1
151687.5
151786.6
152420.4
152421.212
152506.5
152521.2
153021.3
153521.1
153906.6
154317.211
154317.4
154318.1
154348.5
154350.4
154361.5
154545.6
154960.211
154960.4
154961.1
154991.5
158673.6
159132.211
159132.4
159133.1
159166.5
159393.6
159829.211
159829.4
159830.1
159860.5
159946.6
160301.211
160301.4
160302.1
160383.5
160455.6
160909.211
160909.4
160910.1
160956.5
161128.6
161637.4
161638.212
161723.5
161738.2
162238.3
162738.1
163824.6
164310.211
164310.4
164311.1
164340.5
164422.6
164888.211
164888.4
164889.1
164935.5
165110.6
165559.211
165559.4
165560.1
165602.5
165704.6
166056.211
166056.4
166057.1
166080.5
168105.6
168436.6
168494.211
168494.4
168495.1
168515.5
168665.6
169039.211
169039.4
169040.1
169068.5
172520.6
172743.6
173070.4
173071.212
173171.2
173568.5
173671.3
174171.1
175102.6
175425.211
175425.4
175426.1
180000.9
123456789
11
25
15
11
25
15
3
FI
1
3
9
50
03
10
23
03
6
2
945
0
0
0
314159265
52
0
180
180000
314159265
0.1
294.6
580.211
580.4
581.1
599.5
678.6
1165.211
1165.4
1166.1
1198.5
1359.6
1376.6
1390.6
1941.4
1942.212
2031.5
2042.2
2542.3
3042.1
3045.4
3104.5
3418.6
3604.211
3604.4
3605.1
3634.5
3926.4
3952.5
4046.6
4389.211
4389.4
4390.1
4552.5
4631.6
4648.6
5008.211
5008.4
5009.1
5062.5
5151.6
5160.6
5519.211
5519.4
5520.1
5553.5
5609.6
6091.211
6091.4
6092.1
6145.5
6257.6
6718.211
6718.4
6719.1
6788.5
6873.6
7290.211
7290.4
7291.1
7357.5
7432.6
7952.4
7953.212
8032.5
8053.2
8553.3
9053.1
10126.6
10468.211
10468.4
10469.1
10489.5
10589.6
10614.6
11274.6
11331.4
11332.212
11403.5
11432.2
11932.3
12155.4
12221.5
12432.1
12567.4
12670.5
12999.4
13171.5
13790.4
13815.5
14031.6
14360.211
14360.4
14361.1
14424.5
14625.6
14652.6
15168.4
15169.212
15268.5
15269.2
15769.3
16269.1
16328.4
16582.5
17182.6
17525.211
17525.4
17526.1
17619.5
17750.6
18184.211
18184.4
18185.1
18231.5
18410.6
19009.4
19010.212
19110.2
19119.5
19610.3
20110.1
21176.6
21564.211
21564.4
21565.1
21609.5
21878.6
22388.4
22389.212
22479.5
22489.2
22989.3
23489.1
23614.6
24135.4
24136.212
24207.5
24236.2
24362.4
24484.5
24736.3
25236.1
26508.6
26927.211
26927.4
26928.1
26978.5
27700.6
28070.211
28070.4
28071.1
28130.5
28281.6
28859.4
28860.212
28940.5
28960.2
29460.3
29852.4
29946.5
29960.1
30231.6
30589.211
30589.4
30590.1
30620.5
31081.6
31116.6
31539.211
31539.4
31540.1
31590.5
32220.6
32609.211
32609.4
32610.1
32704.5
32894.6
32915.6
33367.211
33367.4
33368.1
33418.5
33547.6
34045.211
34045.4
34046.1
34102.5
34324.6
34740.211
34740.4
34741.1
34795.5
34887.6
35399.4
35400.212
35500.2
35507.5
36000.3
36500.1
36640.6
37114.211
37114.4
37115.1
37162.5
37325.6
37857.4
37858.212
37939.5
37958.2
38458.3
38958.1
39112.6
39691.4
39692.212
39770.5
39792.2
40292.3
40792.1
40924.6
41261.211
41261.4
41262.1
41452.5
41627.6
41659.6
42346.4
42347.212
42425.5
42447.2
42947.3
43418.6
43447.1
44269.6
44835.4
44836.212
44904.5
44936.2
45436.3
45936.1
46004.6
46545.4
46546.212
46645.5
46646.2
47146.3
47646.1
47829.6
47839.6
48410.4
48411.212
48511.2
48546.5
49011.3
49511.1
49923.6
50480.4
50481.212
50579.5
50581.2
51081.3
51301.4
51367.5
51581.1
51864.6
51916.6
52367.4
52368.212
52459.5
52468.2
52968.3
53468.1
54304.6
54691.211
54691.4
54692.1
54746.5
55102.6
55481.211
55481.4
55482.1
55524.5
55771.6
56143.211
56143.4
56144.1
56186.5
56685.6
57057.211
57057.4
57058.1
57094.5
57226.6
57654.211
57654.4
57655.1
57690.5
57933.6
58350.211
58350.4
58351.1
58385.5
58596.6
59043.211
59043.4
59044.1
59081.5
59417.6
59717.211
59717.4
59718.1
59733.5
59789.6
60252.211
60252.4
60253.1
60303.5
60415.6
60885.211
60885.4
60886.1
60924.5
61008.6
61504.211
61504.4
61505.1
61544.5
61642.6
62150.4
62151.212
62251.2
62253.5
62751.3
63163.4
63251.1
63440.5
63589.6
63968.211
63968.4
63969.1
64081.5
64200.6
64757.4
64758.212
64832.5
64858.2
65358.3
65679.4
65858.1
66067.5
66200.6
66557.211
66557.4
66558.1
66635.5
66864.6
67336.211
67336.4
67337.1
67391.5
67515.6
68030.4
68031.212
68113.5
68131.2
68631.3
69131.1
69262.6
69709.211
69709.4
69710.1
69757.5
69817.4
69818.5
69819.4
69861.5
69961.6
70430.211
70430.4
70431.1
70498.5
70607.6
71039.211
71039.4
71040.1
71074.5
71172.6
71775.4
71776.212
71857.5
71876.2
72376.3
72876.1
73634.6
73929.211
73929.4
73930.1
74015.5
74447.4
74520.5
74629.6
75034.211
75034.4
75035.1
75118.5
75203.6
75600.211
75600.4
75601.1
75653.5
75739.6
76201.211
76201.4
76202.1
76253.5
76603.6
76856.211
76856.4
76857.1
76883.5
76929.6
76963.6
77479.4
77480.212
77559.5
77580.2
78080.3
78580.1
78811.4
78904.5
79156.6
79581.211
79581.4
79582.1
79634.5
79738.6
80201.211
80201.4
80202.1
80238.5
80332.6
80964.4
80965.212
81061.5
81065.2
81565.3
82065.1
82152.6
82678.4
82679.212
82779.2
82786.5
83279.3
83779.1
83889.4
83946.5
84318.6
84717.211
84717.4
84718.1
84771.5
84872.6
85386.4
85387.212
85459.5
85487.2
85987.3
86487.1
86909.6
87382.211
87382.4
87383.1
87447.5
87736.6
88317.4
88318.212
88391.5
88418.2
88918.3
89418.1
89514.6
90163.4
90164.212
90245.5
90264.2
90764.3
91264.1
92062.6
92515.211
92515.4
92516.1
92587.5
92882.6
93393.4
93394.212
93477.5
93494.2
93994.3
94494.1
95844.6
96235.211
96235.4
96236.1
96271.5
96362.6
96391.6
96875.4
96876.212
96951.5
96976.2
97476.3
97976.1
98127.4
98282.5
98369.6
98387.6
98828.211
98828.4
98829.1
98884.5
99380.6
99860.211
99860.4
99861.1
99895.5
99989.6
100469.211
100469.4
100470.1
100512.5
100786.6
101265.211
101265.4
101266.1
101310.5
101413.6
101877.211
101877.4
101878.1
101915.5
102019.6
102566.4
102567.212
102667.2
102684.5
103167.3
103667.1
104257.6
104786.4
104787.212
104880.5
104887.2
105387.3
105887.1
106011.6
106828.4
106829.212
106905.5
106929.2
107429.3
107862.4
107929.1
108060.5
108507.6
108969.211
108969.4
108970.1
109033.5
109164.6
109715.4
109716.212
109816.2
109822.5
110316.3
110816.1
111552.6
111934.211
111934.4
111935.1
111976.5
112233.6
112605.211
112605.4
112606.1
112703.5
112794.6
113250.211
113250.4
113251.1
113376.5
113471.6
113943.211
113943.4
113944.1
113992.5
114115.6
114710.4
114711.212
114811.2
114824.5
115311.3
115811.1
116330.6
116748.211
116748.4
116749.1
116830.5
116932.6
117457.4
117458.212
117558.2
117584.5
118058.3
118558.1
118594.4
118784.5
118910.6
119337.211
119337.4
119338.1
119429.5
119638.6
120417.4
120418.212
120490.5
120518.2
121018.3
121099.4
121207.5
121428.6
121518.1
122239.6
122667.211
122667.4
122668.1
122823.5
122915.6
123431.4
123432.212
123517.5
123532.2
124032.3
124532.1
124594.4
124656.5
125225.4
125228.5
125234.4
125241.5
125463.6
125829.211
125829.4
125830.1
125864.5
126219.6
126583.211
126583.4
126584.1
126628.5
126704.6
127082.211
127082.4
127083.1
127121.5
127166.6
127624.211
127624.4
127625.1
127733.5
127793.6
128237.211
128237.4
128238.1
128278.5
128363.6
128875.4
128876.212
128976.2
128982.5
129223.4
129281.5
129476.3
129976.1
130682.6
131174.211
131174.4
131175.1
131215.5
131370.6
132535.4
132536.212
132636.2
132692.5
133136.3
133163.4
133241.5
133456.6
133609.6
133636.1
133799.6
134223.211
134223.4
134224.1
134428.5
134526.6
135057.4
135058.212
135158.2
135238.5
135658.3
136158.1
136387.6
136881.211
136881.4
136882.1
136943.5
137066.6
137443.211
137443.4
137444.1
137474.5
137565.6
138047.211
138047.4
138048.1
138083.5
138138.6
138750.4
138751.212
138851.2
138852.5
139351.3
139851.1
140392.6
140836.211
140836.4
140837.1
140883.5
141002.6
141528.4
141529.212
141608.5
141629.2
142129.3
142629.1
142658.4
142660.5
142661.4
142841.5
142971.6
143469.211
143469.4
143470.1
143511.5
143697.6
144146.211
144146.4
144147.1
144195.5
144272.6
144291.6
144803.4
144804.212
144889.5
144904.2
145404.3
145904.1
146425.6
146851.211
146851.4
146852.1
146900.5
147014.6
147032.6
147531.4
147532.212
147624.5
147632.2
148132.3
148632.1
148899.4
149155.5
149268.6
149674.211
149674.4
149675.1
149712.5
149815.6
150185.211
150185.4
150186.1
150209.5
150270.6
150786.4
150787.212
150887.2
150892.5
151387.3
151887.1
152396.6
152767.211
152767.4
152768.1
152795.5
152845.6
153250.211
153250.4
153251.1
153287.5
153372.6
153885.4
153886.212
153986.2
153996.5
154486.3
154986.1
155536.6
155834.211
155834.4
155835.1
155866.5
155961.6
156350.211
156350.4
156351.1
156390.5
156505.6
157089.4
157090.212
157190.2
157193.5
157690.3
158190.1
158595.6
158614.6
159127.4
159128.212
159203.5
159228.2
159728.3
160228.1
160598.6
161000.211
161000.4
161001.1
161066.5
161164.6
161622.211
161622.4
161623.1
161670.5
161766.6
162275.4
162276.212
162361.5
162376.2
162876.3
163376.1
163788.6
164196.211
164196.4
164197.1
164435.5
164514.6
164535.6
164991.211
164991.4
164992.1
165050.5
165140.6
165586.211
165586.4
165587.1
165618.5
165690.6
166147.211
166147.4
166148.1
166205.5
166280.6
166806.4
166807.212
166893.5
166907.2
167407.3
167907.1
169378.6
169812.211
169812.4
169813.1
169841.5
169910.6
170347.211
170347.4
170348.1
170379.5
171352.6
171750.211
171750.4
171751.1
171787.5
171877.6
172373.211
172373.4
172374.1
172420.5
172499.6
172938.211
172938.4
172939.1
172988.5
173046.6
173509.211
173509.4
173510.1
173553.5
173622.6
174231.4
174232.212
174311.5
174332.2
174832.3
175332.1
175672.6
176222.4
176223.212
176323.2
176340.5
176823.3
177323.1
179129.6
179260.6
179356.211
179356.4
179357.1
179408.5
179484.6
179880.211
179880.4
179881.1
179903.5
180000.9
123456789
11
26
15
11
26
15
3
FI
1
3
10
07
01
10
40
01
6
2
1125
0
0
0
314159265
30
0
208
180000
314159265
0.1
881.6
956.211
956.4
957.1
999.5
1044.6
1441.211
1441.4
1442.1
1464.5
1586.6
1607.6
1639.6
1973.211
1973.4
1974.1
2029.5
2194.6
2748.211
2748.4
2749.1
2806.5
2968.6
3355.211
3355.4
3356.1
3385.5
3635.6
3669.6
3860.6
4357.4
4358.212
4435.5
4458.2
4958.3
5213.4
5311.5
5458.1
5458.4
5698.5
6177.6
6378.211
6378.4
6379.1
6392.5
6607.6
7090.211
7090.4
7091.1
7185.5
7431.6
7982.211
7982.4
7983.1
8027.5
8264.6
8296.6
8816.211
8816.4
8817.1
8876.5
8964.6
9529.211
9529.4
9530.1
9575.5
9763.6
10164.211
10164.4
10165.1
10226.5
10317.6
10859.211
10859.4
10860.1
10900.5
11099.6
11554.211
11554.4
11555.1
11604.5
11784.6
12348.211
12348.4
12349.1
12391.5
12499.6
13025.211
13025.4
13026.1
13068.5
13161.6
13187.6
13695.211
13695.4
13696.1
13734.5
13840.6
14304.211
14304.4
14305.1
14352.5
14534.6
15031.211
15031.4
15032.1
15163.5
15304.6
15744.211
15744.4
15745.1
15781.5
15902.6
16296.211
16296.4
16297.1
16348.5
16431.6
16456.6
16917.211
16917.4
16918.1
16964.5
17077.6
17578.211
17578.4
17579.1
17613.5
17898.6
18428.211
18428.4
18429.1
18484.5
18548.6
18564.6
19070.211
19070.4
19071.1
19103.5
19208.6
19221.6
19707.211
19707.4
19708.1
19745.5
20377.6
20949.211
20949.4
20950.1
20982.5
21085.6
21584.211
21584.4
21585.1
21616.5
21632.4
21642.5
21734.6
22239.211
22239.4
22240.1
22274.5
22473.6
22682.6
23076.4
23077.212
23172.5
23177.2
23611.4
23677.3
23820.5
24086.6
24177.1
24508.6
24578.6
24649.211
24649.4
24650.1
24683.5
25306.6
25674.6
26043.6
26119.4
26120.212
26199.5
26220.2
26720.3
27085.6
27220.1
27333.6
27533.6
27549.6
27616.6
27629.6
27699.6
27706.6
27851.6
27965.4
27966.212
28056.5
28066.2
28566.3
28818.4
28963.5
29066.1
29075.6
29230.211
29230.4
29231.1
29255.5
29334.6
29418.6
29440.6
29532.6
29620.6
29960.4
29961.212
30040.5
30061.2
30561.3
30891.4
31061.1
31128.5
31242.6
31324.211
31324.4
31325.1
31350.5
31423.6
31594.6
31647.6
31727.211
31727.4
31728.1
31757.5
31801.6
31855.6
32155.211
32155.4
32156.1
32206.5
32271.6
32326.6
32377.6
32439.211
32439.4
32440.1
32642.5
32720.6
32804.6
32873.211
32873.4
32874.1
33027.5
33082.6
33138.6
33249.6
33340.211
33340.4
33341.1
33408.5
33474.6
33511.6
33517.6
33591.6
33738.6
33763.6
33815.6
33962.211
33962.4
33963.1
34025.5
34085.6
34468.211
34468.4
34469.1
34519.5
34567.6
34739.6
34902.211
34902.4
34903.1
34950.5
35030.6
35246.211
35246.4
35247.1
35280.5
35342.6
35533.6
35548.6
35627.211
35627.4
35628.1
35691.5
35741.6
36075.211
36075.4
36076.1
36141.5
36201.6
36573.211
36573.4
36574.1
36621.5
36906.6
36989.6
37006.6
37236.6
37458.6
37548.4
37549.212
37618.5
37649.2
38149.3
38410.6
38649.1
38693.6
38726.6
38790.211
38790.4
38791.1
39008.5
39077.6
39218.6
39267.6
39321.6
39357.6
39639.211
39639.4
39640.1
39683.5
39866.6
40116.6
40124.6
40283.6
40465.6
40613.4
40614.212
40692.5
40714.2
41214.3
41284.4
41387.5
41714.1
41783.6
41871.6
42339.211
42339.4
42340.1
42472.5
42544.6
42587.6
42628.6
42664.6
42830.6
43008.6
43156.4
43157.212
43240.5
43257.2
43757.3
43885.4
44235.5
44257.1
44356.6
44593.211
44593.4
44594.1
44657.5
44737.6
44764.6
44890.6
44908.6
44933.6
45153.211
45153.4
45154.1
45213.5
45288.6
45363.6
45428.6
45521.6
45720.211
45720.4
45721.1
45762.5
46058.6
46289.6
46353.211
46353.4
46354.1
46378.5
46465.6
47251.4
47252.212
47331.5
47352.2
47852.3
48299.6
48352.1
48512.6
48707.6
48868.211
48868.4
48869.1
48893.5
48976.6
49003.6
49423.211
49423.4
49424.1
49459.5
49558.6
49577.6
50012.211
50012.4
50013.1
50050.5
50251.6
50742.211
50742.4
50743.1
50772.5
51948.6
52327.211
52327.4
52328.1
52355.5
52724.6
53178.211
53178.4
53179.1
53221.5
54058.6
54450.211
54450.4
54451.1
54521.5
54613.6
54631.6
55118.211
55118.4
55119.1
55153.5
55245.6
55909.4
55910.212
56010.2
56042.5
56510.3
57010.1
57200.6
57567.211
57567.4
57568.1
57666.5
57814.6
57831.6
58402.211
58402.4
58403.1
58471.5
58563.6
59203.4
59204.212
59271.5
59304.2
59804.3
60304.1
60374.6
60935.211
60935.4
60936.1
61015.5
61248.6
61867.4
61868.212
61960.5
61968.2
62468.3
62876.4
62968.1
63204.5
63459.6
63486.6
64178.4
64179.212
64279.2
64286.5
64779.3
65067.4
65279.1
65429.5
65806.6
65821.6
66132.211
66132.4
66133.1
66245.5
66607.6
67054.211
67054.4
67055.1
67087.5
67575.6
68216.4
68217.212
68317.2
68333.5
68626.4
68687.5
68817.3
69317.1
69770.4
69828.5
70059.6
70824.4
70825.212
70901.5
70925.2
71138.4
71247.5
71304.4
71425.3
71687.5
71809.6
71925.1
72155.6
72283.211
72283.4
72284.1
72304.5
72372.6
72390.6
72691.211
72691.4
72692.1
72728.5
72830.6
73301.211
73301.4
73302.1
73338.5
73422.6
73432.6
73784.211
73784.4
73785.1
73835.5
73912.6
73942.6
74346.211
74346.4
74347.1
74394.5
74471.6
74858.211
74858.4
74859.1
74899.5
74959.6
75395.211
75395.4
75396.1
75441.5
75530.6
76072.211
76072.4
76073.1
76109.5
76194.6
76217.6
76658.211
76658.4
76659.1
76709.5
76787.6
77180.211
77180.4
77181.1
77209.5
77300.6
77525.6
77583.211
77583.4
77584.1
77624.5
77686.6
77863.6
78134.211
78134.4
78135.1
78183.5
78235.6
78760.211
78760.4
78761.1
78855.5
79391.6
79566.211
79566.4
79567.1
79603.5
80037.6
80237.6
80405.6
80485.211
80485.4
80486.1
80585.5
80971.6
81132.6
81464.211
81464.4
81465.1
81495.5
81642.6
81742.6
81761.6
82641.4
82642.212
82727.5
82742.2
83242.3
83581.4
83742.1
83802.5
84095.6
84449.6
84657.211
84657.4
84658.1
84690.5
84999.6
85310.6
85423.211
85423.4
85424.1
85457.5
85599.6
85657.6
85674.6
85816.6
86110.211
86110.4
86111.1
86243.5
86636.6
86734.6
86967.6
86983.6
87028.6
87102.6
87205.211
87205.4
87206.1
87238.5
87531.6
87768.6
87964.211
87964.4
87965.1
88003.5
88063.6
88258.6
88320.211
88320.4
88321.1
88349.5
88708.6
88814.6
89093.211
89093.4
89094.1
89126.5
89197.6
89540.6
89617.211
89617.4
89618.1
89646.5
89701.6
89825.6
89880.6
90072.211
90072.4
90073.1
90121.5
90189.6
90595.211
90595.4
90596.1
90634.5
90787.6
90966.6
91235.211
91235.4
91236.1
91282.5
91356.6
91392.6
91783.211
91783.4
91784.1
91814.5
91918.6
92450.211
92450.4
92451.1
92516.5
92629.6
93119.211
93119.4
93120.1
93158.5
93268.6
93784.211
93784.4
93785.1
93816.5
94084.6
94764.4
94765.212
94865.2
94875.5
95365.3
95440.4
95519.5
95829.4
95830.5
95832.4
95865.1
96210.5
96269.4
96307.5
96430.6
96753.6
96837.6
97185.4
97186.212
97263.5
97286.2
97786.3
98167.4
98170.5
98172.4
98286.1
98599.5
98606.4
98619.5
98926.6
99278.211
99278.4
99279.1
99317.5
99936.6
99955.6
100431.211
100431.4
100432.1
100488.5
100961.6
100979.6
101328.211
101328.4
101329.1
101376.5
101758.6
101804.6
102003.211
102003.4
102004.1
102035.5
102168.6
102189.6
102691.211
102691.4
102692.1
102731.5
102837.6
103539.4
103540.212
103635.5
103640.2
104140.3
104640.1
105335.6
105412.211
105412.4
105413.1
105435.5
105543.6
106046.211
106046.4
106047.1
106162.5
106270.6
106824.211
106824.4
106825.1
106876.5
107027.6
107500.211
107500.4
107501.1
107535.5
107639.6
108301.4
108302.212
108397.5
108402.2
108902.3
109402.1
109527.6
110016.211
110016.4
110017.1
110063.5
110255.6
110282.6
110297.6
110800.211
110800.4
110801.1
110836.5
110952.6
111638.4
111639.212
111739.2
111788.5
112239.3
112739.1
112886.6
113335.211
113335.4
113336.1
113382.5
114010.6
114590.211
114590.4
114591.1
114634.5
114777.6
115447.4
115448.212
115548.2
115581.5
116048.3
116512.4
116548.1
117119.5
117208.4
117325.5
117751.6
118195.211
118195.4
118196.1
118231.5
118381.6
118859.211
118859.4
118860.1
118894.5
119017.6
119554.211
119554.4
119555.1
119587.5
119751.6
120259.211
120259.4
120260.1
120295.5
120410.6
121090.4
121091.212
121191.2
121192.5
121691.3
122173.4
122191.1
122235.5
122355.6
122910.211
122910.4
122911.1
122948.5
123082.6
123723.4
123724.212
123818.5
123824.2
124324.3
124805.4
124815.5
124816.4
124824.1
124867.5
125117.6
125678.211
125678.4
125679.1
125716.5
125907.6
126501.211
126501.4
126502.1
126539.5
126643.6
127193.211
127193.4
127194.1
127253.5
127477.6
128285.4
128286.212
128386.2
128435.5
128886.3
129307.4
129308.5
129315.4
129386.1
129444.5
129657.6
130213.211
130213.4
130214.1
130410.5
130717.6
131266.211
131266.4
131267.1
131302.5
131392.6
131809.211
131809.4
131810.1
131911.5
132006.6
132626.4
132627.212
132713.5
132727.2
133227.3
133727.1
133849.6
134487.4
134488.212
134588.2
134602.5
135088.3
135588.1
137555.6
138076.211
138076.4
138077.1
138241.5
139191.6
139686.211
139686.4
139687.1
139748.5
139846.6
140305.211
140305.4
140306.1
140373.5
140445.6
141041.211
141041.4
141042.1
141127.5
141232.6
141826.211
141826.4
141827.1
141904.5
142011.6
142669.4
142670.212
142752.5
142770.2
143270.3
143770.1
144080.6
144630.211
144630.4
144631.1
144747.5
144864.6
145344.211
145344.4
145345.1
145378.5
145855.6
146250.211
146250.4
146251.1
146291.5
146390.6
146857.211
146857.4
146858.1
146896.5
146994.6
147566.211
147566.4
147567.1
147609.5
147731.6
148211.211
148211.4
148212.1
148258.5
148352.6
148912.211
148912.4
148913.1
148966.5
149184.6
149703.211
149703.4
149704.1
149748.5
150008.6
150503.211
150503.4
150504.1
150536.5
150649.6
151217.211
151217.4
151218.1
151258.5
151424.6
152038.4
152039.212
152139.2
152307.5
152639.3
153139.1
153532.4
153552.5
153662.6
154112.211
154112.4
154113.1
154153.5
156483.6
156795.211
156795.4
156796.1
156833.5
157414.6
157806.211
157806.4
157807.1
157951.5
158131.6
158547.211
158547.4
158548.1
158576.5
158736.6
159177.211
159177.4
159178.1
159311.5
159428.6
159922.211
159922.4
159923.1
159989.5
160203.6
160794.211
160794.4
160795.1
160865.5
162620.4
162667.5
164975.6
165615.4
165616.212
165698.5
165716.2
166216.3
166636.4
166647.5
166716.1
167269.6
167631.211
167631.4
167632.1
167665.5
169248.6
169674.211
169674.4
169675.1
169715.5
169813.6
170195.211
170195.4
170196.1
170230.5
170317.6
170683.6
170731.211
170731.4
170732.1
170771.5
171020.6
171433.211
171433.4
171434.1
171471.5
171576.6
171994.211
171994.4
171995.1
180000.9
123456789
11
27
15
11
27
15
3
FI
1
3
9
48
02
10
21
02
6
2
960
0
0
0
314159265
42
0
188
180000
314159265
0.1
675.6
1064.211
1064.4
1065.1
1110.5
1433.6
1495.6
1592.211
1592.4
1593.1
1625.5
1812.6
1911.6
2102.211
2102.4
2103.1
2120.5
2227.6
2634.211
2634.4
2635.1
2734.5
2858.6
2965.6
3363.211
3363.4
3364.1
3364.5
3365.4
3421.5
3596.6
4064.211
4064.4
4065.1
4094.5
4717.6
4791.211
4791.4
4792.1
4816.5
4876.6
4888.6
5347.211
5347.4
5348.1
5379.5
5686.4
5721.5
5787.6
6319.211
6319.4
6320.1
6358.5
6532.6
7081.211
7081.4
7082.1
7127.5
7220.6
7668.211
7668.4
7669.1
7700.5
7775.6
8302.211
8302.4
8303.1
8366.5
8456.6
9082.4
9083.212
9183.2
9235.5
9237.4
9238.5
9385.4
9683.3
9876.5
10183.1
11168.6
11674.211
11674.4
11675.1
11717.5
12558.6
12577.6
12801.6
12903.6
12975.6
13667.4
13668.212
13768.2
13884.5
14268.3
14539.4
14542.5
14768.1
14797.4
14845.5
15493.6
15899.211
15899.4
15900.1
15933.5
16668.6
17324.4
17325.212
17404.5
17425.2
17925.3
18425.1
19882.6
20342.211
20342.4
20343.1
20379.5
20527.6
20544.6
21032.211
21032.4
21033.1
21081.5
21194.6
21468.6
22011.4
22012.212
22112.2
22159.5
22612.3
23112.1
23759.6
23967.211
23967.4
23968.1
24035.5
24203.6
24265.6
24469.6
24598.211
24598.4
24599.1
24624.5
24735.6
25438.4
25439.212
25539.2
25556.5
26039.3
26539.1
27771.6
28021.211
28021.4
28022.1
28047.5
28113.6
28650.211
28650.4
28651.1
28709.5
28821.6
29435.4
29436.212
29532.5
29536.2
29944.4
29948.5
29949.4
30013.5
30036.3
30536.1
30854.6
31364.211
31364.4
31365.1
31366.5
31367.4
31422.5
31536.6
32274.4
32275.212
32366.5
32375.2
32875.3
33134.4
33375.1
33686.5
33820.6
34366.211
34366.4
34367.1
34402.5
34554.6
35179.4
35180.212
35264.5
35280.2
35780.3
35981.4
36250.5
36280.1
36422.6
36446.6
36975.211
36975.4
36976.1
37054.5
37351.6
37990.4
37991.212
38081.5
38091.2
38591.3
39091.1
39227.6
39249.6
39807.211
39807.4
39808.1
39842.5
40116.6
40794.4
40795.212
40883.5
40895.2
41395.3
41895.1
42029.4
42202.5
42311.6
43054.4
43055.212
43136.5
43155.2
43655.3
44155.1
45801.6
46156.211
46156.4
46157.1
46223.5
46313.6
46841.211
46841.4
46842.1
46902.5
47000.6
47695.4
47696.212
47796.2
47825.5
48296.3
48796.1
49238.6
49670.211
49670.4
49671.1
49694.5
49823.6
50318.211
50318.4
50319.1
50341.5
50438.6
51075.4
51076.212
51164.5
51176.2
51676.3
52176.1
52342.6
52362.6
52834.211
52834.4
52835.1
52921.5
53476.6
53874.211
53874.4
53875.1
53925.5
54011.6
54625.4
54626.212
54710.5
54726.2
54848.4
54903.5
55226.3
55726.1
56063.4
56064.5
56067.4
56161.5
56532.6
57124.211
57124.4
57125.1
57156.5
58306.6
58757.211
58757.4
58758.1
58787.5
59001.6
59617.4
59618.212
59718.2
59733.5
60218.3
60718.1
61226.6
62062.4
62063.212
62163.2
62175.5
62663.3
63163.1
63499.6
63564.6
63693.6
64124.4
64125.212
64225.2
64228.5
64725.3
65225.1
65681.6
66194.211
66194.4
66195.1
66270.5
66589.6
66904.211
66904.4
66905.1
66913.5
66980.6
67635.4
67636.212
67736.2
67740.5
68236.3
68736.1
68913.6
69475.211
69475.4
69476.1
69542.5
70204.6
70754.211
70754.4
70755.1
70799.5
71236.6
71950.4
71951.212
72051.2
72065.5
72551.3
73051.1
73863.6
73878.6
74456.211
74456.4
74457.1
74503.5
74951.6
75452.211
75452.4
75453.1
75587.5
75681.6
76088.211
76088.4
76089.1
76118.5
76206.6
76839.4
76840.212
76940.2
76943.5
77440.3
77848.4
77940.1
78131.5
78250.6
78733.211
78733.4
78734.1
78901.5
79143.6
79641.211
79641.4
79642.1
79679.5
79775.6
80320.211
80320.4
80321.1
80361.5
80477.6
80994.211
80994.4
80995.1
81030.5
81124.6
81606.211
81606.4
81607.1
81638.5
82161.6
82550.211
82550.4
82551.1
82585.5
82718.6
83240.211
83240.4
83241.1
83274.5
83365.6
83870.211
83870.4
83871.1
83905.5
84009.6
84543.211
84543.4
84544.1
84570.5
84632.6
85107.211
85107.4
85108.1
85145.5
85236.6
85745.211
85745.4
85746.1
85758.5
87365.6
87456.6
87491.6
87547.6
88009.4
88010.212
88110.2
88175.5
88610.3
89021.4
89110.1
89190.5
90051.6
90343.211
90343.4
90344.1
90368.5
90575.6
90984.211
90984.4
90985.1
91014.5
91086.6
91873.4
91874.212
91874.5
91875.4
91955.5
91974.2
92474.3
92974.1
92980.4
93290.5
93440.6
93876.6
94362.4
94363.212
94448.5
94463.2
94963.3
95463.1
96196.4
96382.5
96801.6
97171.211
97171.4
97172.1
97232.5
97321.6
97834.211
97834.4
97835.1
97894.5
98165.6
98758.211
98758.4
98759.1
98808.5
98915.6
99567.4
99568.212
99647.5
99668.2
100168.3
100668.1
101388.6
101889.211
101889.4
101890.1
102030.5
102220.6
102749.211
102749.4
102750.1
102786.5
102923.6
103560.4
103561.212
103646.5
103661.2
104161.3
104661.1
104979.6
105505.211
105505.4
105506.1
105560.5
105728.6
106525.4
106526.212
106626.2
106641.5
107126.3
107626.1
107844.4
107849.5
107851.4
108080.5
108290.6
108821.211
108821.4
108822.1
108858.5
109025.6
109731.4
109732.212
109811.5
109832.2
110332.3
110832.1
111140.6
111162.6
111612.211
111612.4
111613.1
111654.5
111775.6
112487.4
112488.212
112578.5
112588.2
113088.3
113588.1
114131.6
114534.211
114534.4
114535.1
114569.5
114780.6
115396.4
115397.212
115471.5
115497.2
115997.3
116497.1
116779.6
117311.211
117311.4
117312.1
117375.5
118306.6
118695.211
118695.4
118696.1
118729.5
118864.6
119512.4
119513.212
119613.2
119637.5
120113.3
120128.4
120215.5
120333.4
120337.5
120340.4
120438.5
120613.1
121117.6
121153.6
121565.211
121565.4
121566.1
121607.5
121729.6
122126.211
122126.4
122127.1
122145.5
122251.6
122677.211
122677.4
122678.1
122713.5
122796.6
123483.4
123484.212
123584.2
123612.5
124084.3
124584.1
124963.4
125065.5
125193.6
125723.211
125723.4
125724.1
125790.5
125918.6
125973.6
126466.211
126466.4
126467.1
126503.5
126659.6
127071.211
127071.4
127072.1
127105.5
127181.6
127748.211
127748.4
127749.1
127787.5
127848.6
127878.6
128409.211
128409.4
128410.1
128450.5
128526.6
129134.4
129135.212
129216.5
129235.2
129735.3
130235.1
130956.6
131356.211
131356.4
131357.1
131383.5
131459.6
131982.211
131982.4
131983.1
132039.5
132137.6
132742.4
132743.212
132840.5
132843.2
133343.3
133731.4
133843.1
133918.5
134047.4
134050.5
134052.4
134364.5
134469.6
134930.211
134930.4
134931.1
134977.5
135102.6
135609.211
135609.4
135610.1
136085.5
136215.6
136523.211
136523.4
136524.1
136589.5
136665.6
137137.211
137137.4
137138.1
137178.5
137263.6
137802.211
137802.4
137803.1
137847.5
137849.4
137853.5
137936.6
138496.211
138496.4
138497.1
138576.5
138657.6
139211.211
139211.4
139212.1
139262.5
139368.6
139949.211
139949.4
139950.1
140018.5
140092.6
140549.211
140549.4
140550.1
140571.5
140627.6
141309.4
141310.212
141410.2
141444.5
141910.3
142309.4
142410.1
142582.5
142920.6
142951.6
143366.211
143366.4
143367.1
143408.5
143528.6
143655.6
144154.4
144155.212
144255.2
144286.5
144755.3
145255.1
145376.4
145381.5
145386.4
145469.5
145920.6
146408.211
146408.4
146409.1
146457.5
146672.6
147132.211
147132.4
147133.1
147176.5
147262.6
147937.4
147938.212
148028.5
148038.2
148538.3
149038.1
149135.4
149243.5
149479.6
149983.211
149983.4
149984.1
150031.5
150142.6
150727.211
150727.4
150728.1
150768.5
150880.6
151555.4
151556.212
151656.2
151659.5
152156.3
152656.1
152949.6
153471.211
153471.4
153472.1
153515.5
153628.6
154435.4
154436.212
154534.5
154536.2
155036.3
155536.1
155708.6
156189.211
156189.4
156190.1
156225.5
156324.6
156946.4
156947.212
157032.5
157047.2
157547.3
158047.1
158147.6
158170.6
158578.211
158578.4
158579.1
158619.5
158704.6
159298.211
159298.4
159299.1
159356.5
159480.6
159506.6
159839.211
159839.4
159840.1
159857.5
159967.6
160449.211
160449.4
160450.1
160500.5
160587.6
160988.211
160988.4
160989.1
161026.5
161100.6
161131.6
161499.211
161499.4
161500.1
161532.5
161591.6
162094.211
162094.4
162095.1
162131.5
162246.6
162711.211
162711.4
162712.1
162741.5
162994.6
163480.211
163480.4
163481.1
163530.5
163628.6
164085.211
164085.4
164086.1
164116.5
164216.6
164678.211
164678.4
164679.1
164698.5
165125.6
165213.6
165740.4
165741.212
165841.2
165843.5
166341.3
166841.1
167664.6
168068.211
168068.4
168069.1
168104.5
168225.6
168806.211
168806.4
168807.1
168845.5
168952.6
168962.6
169487.211
169487.4
169488.1
169550.5
169628.6
170206.211
170206.4
170207.1
170242.5
170877.6
171330.211
171330.4
171331.1
171364.5
171494.6
171949.211
171949.4
171950.1
171970.5
172032.6
172538.211
172538.4
172539.1
172574.5
173246.6
173335.6
173509.211
173509.4
173510.1
173563.5
173984.6
174326.211
174326.4
174327.1
174360.5
174536.6
174922.211
174922.4
174923.1
174953.5
175036.6
175159.6
175629.211
175629.4
175630.1
175664.5
175757.6
176342.211
176342.4
176343.1
176390.5
176470.6
176499.6
177082.4
177083.212
177183.2
177238.5
177683.3
178183.1
178596.6
179210.4
179211.212
179299.5
179311.2
180000.9
123456789
11
28
15
11
28
15
3
FI
1
3
9
47
33
10
20
33
6
2
688
0
0
0
314159265
20
2
145
180000
314159265
0.1
1845.4
1905.5
2408.6
2790.211
2790.4
2791.1
2828.5
2919.4
2939.5
4596.4
4637.5
8085.4
8267.5
9835.6
10468.4
10469.212
10569.2
10590.5
11069.3
11188.4
11351.5
11569.1
11812.6
12579.4
12580.212
12662.5
12680.2
13162.4
13180.3
13496.5
13680.1
15514.6
15548.6
15919.211
15919.4
15920.1
16027.5
16250.6
16284.6
16833.211
16833.4
16834.1
16894.5
18319.6
18385.211
18385.4
18386.1
18414.5
18596.6
18970.211
18970.4
18971.1
19013.5
20058.6
20425.211
20425.4
20426.1
20463.5
20534.6
20923.211
20923.4
20924.1
20951.5
21012.6
21273.6
21635.4
21636.212
21736.2
21738.5
22236.3
22736.1
23117.4
23383.5
23636.6
24174.211
24174.4
24175.1
24208.5
24302.6
25006.4
25007.212
25096.5
25107.2
25607.3
26107.1
26483.6
27112.4
27113.212
27189.5
27213.2
27713.3
28213.1
28997.4
29113.5
29936.6
30187.211
30187.4
30188.1
30220.5
30353.6
30886.211
30886.4
30887.1
30985.5
31068.6
31422.211
31422.4
31423.1
31452.5
31683.6
32181.211
32181.4
32182.1
32245.5
32353.6
32773.211
32773.4
32774.1
32806.5
32972.6
32997.6
33544.211
33544.4
33545.1
33579.5
33749.6
34194.211
34194.4
34195.1
34217.5
34277.6
34655.211
34655.4
34656.1
34687.5
34772.6
35206.211
35206.4
35207.1
35237.5
35323.6
35840.211
35840.4
35841.1
35926.5
36004.6
36543.211
36543.4
36544.1
36577.5
36621.6
37099.211
37099.4
37100.1
37128.5
37323.6
37710.211
37710.4
37711.1
37743.5
39360.6
39868.211
39868.4
39869.1
39942.5
40017.6
40486.211
40486.4
40487.1
40512.5
40610.6
40627.6
40997.211
40997.4
40998.1
41029.5
41461.6
41913.211
41913.4
41914.1
41945.5
42030.6
42559.211
42559.4
42560.1
42589.5
42677.6
43269.211
43269.4
43270.1
43296.5
56276.4
56319.5
61075.4
61165.5
62645.4
62692.5
62712.4
62716.5
64620.4
64630.5
65510.4
65547.5
67107.6
67395.211
67395.4
67396.1
67454.5
69482.6
69850.211
69850.4
69851.1
69878.5
78753.4
78761.5
78766.4
78802.5
78805.4
78806.5
78811.4
78904.5
78908.4
78916.5
78918.4
78943.5
79024.4
79049.5
79053.4
79091.5
83779.8
84337.4
84359.5
87556.6
87774.211
87774.4
87775.1
87794.5
87847.6
88240.211
88240.4
88241.1
88293.5
88370.6
88860.211
88860.4
88861.1
88892.5
89011.6
89547.211
89547.4
89548.1
89584.5
89706.6
90151.211
90151.4
90152.1
90188.5
90624.6
90986.211
90986.4
90987.1
91091.5
91181.6
91841.4
91842.212
91927.5
91942.2
92375.4
92442.3
92489.5
92503.4
92724.5
92942.1
93006.6
93030.6
93350.211
93350.4
93351.1
93379.5
93761.6
94067.211
94067.4
94068.1
94122.5
94183.6
94589.211
94589.4
94590.1
94647.5
94778.6
95198.211
95198.4
95199.1
95236.5
95331.6
95818.211
95818.4
95819.1
95851.5
95918.6
96406.211
96406.4
96407.1
96448.5
96546.6
96591.6
96723.6
96756.6
97172.4
97173.212
97248.5
97273.2
97773.3
97982.4
98056.5
98246.6
98273.1
98471.6
98659.211
98659.4
98660.1
98693.5
98762.6
98919.6
99090.211
99090.4
99091.1
99130.5
99192.6
99547.211
99547.4
99548.1
99591.5
99691.6
99777.6
100034.211
100034.4
100035.1
100073.5
100154.6
100170.6
100439.211
100439.4
100440.1
100482.5
100543.6
100837.211
100837.4
100838.1
100869.5
100926.6
100965.6
101268.211
101268.4
101269.1
101371.5
101451.6
101994.211
101994.4
101995.1
102050.5
102136.6
102167.6
102189.6
102254.6
102333.6
102654.211
102654.4
102655.1
102687.5
102759.6
102784.6
103407.4
103408.212
103491.5
103508.2
104008.3
104105.4
104256.5
104408.6
104488.6
104508.1
104695.6
104753.6
104982.211
104982.4
104983.1
105013.5
105239.6
105669.211
105669.4
105670.1
105712.5
105802.6
106460.6
106512.4
106513.212
106613.2
106633.5
107113.3
107613.1
109093.6
109526.211
109526.4
109527.1
109550.5
109681.6
110167.211
110167.4
110168.1
110206.5
110335.6
110832.211
110832.4
110833.1
110872.5
111087.6
112085.4
112086.212
112163.5
112186.2
112686.3
112945.4
113027.5
113186.1
113259.6
114011.4
114012.212
114112.2
114115.5
114612.3
114827.4
114904.5
115112.1
115225.4
115322.5
115524.6
115967.6
116028.211
116028.4
116029.1
116055.5
116128.6
116758.4
116759.212
116835.5
116859.2
117359.3
117806.4
117859.1
118129.5
118732.6
119079.211
119079.4
119080.1
119133.5
119254.6
120234.4
120235.212
120322.5
120335.2
120835.3
121335.1
121511.6
121530.6
122130.4
122131.212
122231.2
122235.5
122731.3
123231.1
123478.6
123995.211
123995.4
123996.1
124030.5
124833.6
125261.211
125261.4
125262.1
125293.5
126569.6
127053.211
127053.4
127054.1
127106.5
127195.6
127691.211
127691.4
127692.1
127742.5
127826.6
128287.211
128287.4
128288.1
128314.5
128401.6
128812.211
128812.4
128813.1
128829.5
128855.4
128866.5
128920.6
129379.211
129379.4
129380.1
129449.5
129517.6
129904.6
129961.211
129961.4
129962.1
129998.5
130059.6
130611.211
130611.4
130612.1
130639.5
130694.6
130757.6
130819.6
130980.211
130980.4
130981.1
131006.5
131747.4
131769.5
131848.6
132312.211
132312.4
132313.1
132351.5
132400.6
133034.4
133035.212
133135.2
133154.5
133635.3
134135.1
134434.6
134729.211
134729.4
134730.1
134814.5
134916.6
135346.211
135346.4
135347.1
135377.5
135481.6
135518.6
136185.4
136186.212
136286.2
136288.5
136786.3
137286.1
137508.4
137598.5
137757.4
137789.5
137791.4
137848.5
137967.6
137992.6
138385.211
138385.4
138386.1
138434.5
138599.6
138639.6
139024.211
139024.4
139025.1
139081.5
139175.6
139264.6
139805.4
139806.212
139896.5
139906.2
140406.3
140906.1
141110.6
141549.211
141549.4
141550.1
141609.5
141718.6
141740.6
142242.211
142242.4
142243.1
142283.5
142366.6
143021.4
143022.212
143096.5
143122.2
143622.3
143741.4
143955.5
144094.6
144122.1
144127.6
144542.211
144542.4
144543.1
144576.5
144673.6
145202.211
145202.4
145203.1
145240.5
145381.6
145835.211
145835.4
145836.1
145875.5
145954.6
146583.4
146584.212
146676.5
146684.2
147074.4
147076.5
147077.4
147184.3
147215.5
147365.6
147418.6
147684.1
152520.6
152772.211
152772.4
152773.1
152796.5
152880.6
153444.211
153444.4
153445.1
153472.5
153581.6
154057.211
154057.4
154058.1
154098.5
154942.8
157387.6
157739.6
157786.211
157786.4
157787.1
157835.5
157889.6
158192.211
158192.4
158193.1
158224.5
165487.6
166403.4
166404.212
166504.2
166543.5
167004.3
167370.4
167406.5
167504.1
167601.6
167641.6
167977.211
167977.4
167978.1
168003.5
173232.6
173434.211
173434.4
173435.1
173448.5
173529.6
173981.211
173981.4
173982.1
180000.9
123456789
11
29
15
11
29
15
3
FI
1
3
9
48
33
10
21
33
6
2
1011
0
0
0
314159265
22
1
189
180000
314159265
0.1
480.4
486.5
538.6
975.211
975.4
976.1
995.5
2046.4
2063.5
2184.6
2577.211
2577.4
2578.1
2612.5
3049.6
3334.211
3334.4
3335.1
3376.5
3456.6
3524.6
3946.211
3946.4
3947.1
3983.5
4123.6
4239.6
4770.4
4771.212
4772.5
4773.4
4855.5
4871.2
5371.3
5871.1
6220.6
6661.211
6661.4
6662.1
6699.5
6804.6
7219.211
7219.4
7220.1
7361.5
7481.6
7506.6
8026.211
8026.4
8027.1
8072.5
8214.6
8678.211
8678.4
8679.1
8725.5
8819.6
9332.211
9332.4
9333.1
9358.5
9457.6
9484.6
10113.4
10114.212
10201.5
10214.2
10714.3
10871.4
10876.5
10879.4
11044.5
11198.6
11214.1
11290.6
11691.211
11691.4
11692.1
11716.5
12409.6
12428.6
12440.6
13049.4
13050.212
13134.5
13150.2
13650.3
13836.4
13867.5
13886.4
14011.5
14132.6
14150.1
14230.6
14959.4
14960.212
15056.5
15060.2
15560.3
15699.4
15878.5
16058.6
16060.1
16111.6
16329.6
16528.211
16528.4
16529.1
16652.5
17490.6
17527.6
17814.211
17814.4
17815.1
17854.5
17931.6
17943.6
18518.211
18518.4
18519.1
18556.5
18617.6
18644.6
19161.211
19161.4
19162.1
19219.5
19301.6
19321.6
19794.211
19794.4
19795.1
19832.5
19927.6
19954.6
20340.211
20340.4
20341.1
20368.5
20426.6
20448.6
20790.211
20790.4
20791.1
20826.5
20938.6
21502.211
21502.4
21503.1
21524.5
21575.6
21621.6
21963.211
21963.4
21964.1
21995.5
22063.6
22085.6
22542.211
22542.4
22543.1
22579.5
22664.6
22676.6
23221.211
23221.4
23222.1
23280.5
23343.6
24042.4
24043.212
24143.2
24146.5
24643.3
25143.1
25421.4
25465.5
25662.6
26003.211
26003.4
26004.1
26052.5
26139.6
26586.211
26586.4
26587.1
26620.5
26700.6
27187.211
27187.4
27188.1
27235.5
27329.6
27825.211
27825.4
27826.1
27861.5
27956.6
28355.211
28355.4
28356.1
28387.5
28452.6
28588.6
28620.6
29137.4
29138.212
29238.2
29248.5
29738.3
30238.1
30311.6
30780.211
30780.4
30781.1
30813.5
30985.6
31769.4
31770.212
31867.5
31870.2
32370.3
32852.6
32870.1
32896.6
33353.211
33353.4
33354.1
33419.5
33540.6
34105.211
34105.4
34106.1
34139.5
34231.6
34683.211
34683.4
34684.1
34716.5
34796.6
35354.211
35354.4
35355.1
35444.5
35526.6
36021.211
36021.4
36022.1
36057.5
36132.6
36608.211
36608.4
36609.1
36682.5
36762.6
37238.211
37238.4
37239.1
37271.5
37450.6
37877.211
37877.4
37878.1
37914.5
38001.6
38485.211
38485.4
38486.1
38519.5
38602.6
39104.211
39104.4
39105.1
39132.5
39188.6
39197.6
39919.4
39920.212
40000.5
40020.2
40520.3
40614.4
40766.5
40974.4
41020.1
41056.5
41215.6
41693.211
41693.4
41694.1
41741.5
42749.6
42762.6
43100.211
43100.4
43101.1
43132.5
43207.6
43221.6
43665.211
43665.4
43666.1
43696.5
43788.6
44353.211
44353.4
44354.1
44382.5
44448.6
44902.211
44902.4
44903.1
44937.5
45018.6
45082.6
45422.211
45422.4
45423.1
45451.5
46197.6
46227.6
46658.211
46658.4
46659.1
46690.5
46794.6
47320.211
47320.4
47321.1
47359.5
47467.6
48038.211
48038.4
48039.1
48065.5
48171.6
48603.211
48603.4
48604.1
48604.5
48605.4
48636.5
48741.6
49206.211
49206.4
49207.1
49236.5
49313.6
49324.6
49461.6
49894.211
49894.4
49895.1
49927.5
50015.6
50477.211
50477.4
50478.1
50512.5
50608.6
51019.211
51019.4
51020.1
51053.5
51731.6
52274.211
52274.4
52275.1
52314.5
58184.6
58338.6
58402.6
58466.211
58466.4
58467.1
58476.5
58525.6
59167.6
59591.4
59592.212
59677.5
59692.2
60192.3
60655.4
60692.1
60884.5
61057.6
61136.6
61194.6
61217.6
61266.211
61266.4
61267.1
61286.5
61433.6
61824.211
61824.4
61825.1
61854.5
61953.6
62511.211
62511.4
62512.1
62546.5
64882.6
64960.211
64960.4
64961.1
64975.5
66738.6
67079.211
67079.4
67080.1
67130.5
67245.6
67701.211
67701.4
67702.1
67734.5
67812.6
67926.6
68141.211
68141.4
68142.1
68162.5
68243.6
68628.211
68628.4
68629.1
68655.5
68752.6
69139.211
69139.4
69140.1
69170.5
71061.6
71085.6
71587.211
71587.4
71588.1
71613.5
71667.6
71832.6
72084.211
72084.4
72085.1
72171.5
72234.6
72277.6
72708.211
72708.4
72709.1
72741.5
72837.6
73633.4
73634.212
73731.5
73734.2
74234.3
74734.1
74765.6
74786.6
75494.4
75495.212
75594.5
75595.2
76095.3
76372.4
76444.5
76550.6
76595.1
77620.4
77631.5
78485.6
78515.6
78580.6
78765.211
78765.4
78766.1
78788.5
78866.6
78911.6
78930.6
78979.6
79283.6
79445.211
79445.4
79446.1
79475.5
79598.6
79987.211
79987.4
79988.1
80018.5
80157.6
80678.211
80678.4
80679.1
80704.5
80841.6
81130.211
81130.4
81131.1
81179.5
81223.6
81237.6
81261.6
81377.6
81544.6
81622.211
81622.4
81623.1
81678.5
81731.6
81806.6
82058.211
82058.4
82059.1
82099.5
82203.6
82704.211
82704.4
82705.1
82736.5
82842.6
83272.211
83272.4
83273.1
83300.5
83394.6
83416.6
83714.211
83714.4
83715.1
83736.5
83828.6
84195.211
84195.4
84196.1
84206.5
84253.6
84263.6
84300.6
84413.6
84797.211
84797.4
84798.1
84827.5
84907.6
84931.6
85224.211
85224.4
85225.1
85261.5
85423.6
86067.4
86068.212
86166.5
86168.2
86668.3
86751.4
86888.5
87055.6
87106.6
87168.1
87248.6
87576.211
87576.4
87577.1
87617.5
87720.6
88014.6
88088.211
88088.4
88089.1
88126.5
88811.6
88886.211
88886.4
88887.1
89066.5
89139.6
89488.211
89488.4
89489.1
89526.5
89640.6
89666.6
90133.211
90133.4
90134.1
90181.5
90248.6
90264.6
90704.211
90704.4
90705.1
90733.5
90799.6
91002.6
91143.6
91227.211
91227.4
91228.1
91367.5
91463.6
91842.211
91842.4
91843.1
91904.5
91980.6
92490.211
92490.4
92491.1
92523.5
92620.6
93111.211
93111.4
93112.1
93158.5
93242.6
93272.6
93740.211
93740.4
93741.1
93771.5
93867.6
94539.4
94540.212
94640.2
94669.5
95140.3
95640.1
96169.6
96212.6
96531.211
96531.4
96532.1
96559.5
96659.6
97034.211
97034.4
97035.1
97064.5
97296.6
97629.211
97629.4
97630.1
97667.5
97743.6
97762.6
98425.4
98426.212
98526.2
98540.5
99026.3
99526.1
99705.6
100048.211
100048.4
100049.1
100080.5
100376.6
100836.211
100836.4
100837.1
100875.5
101043.6
101062.6
101574.211
101574.4
101575.1
101606.5
101702.6
101723.6
101751.6
102319.4
102320.212
102420.2
102430.5
102920.3
103420.1
103457.6
103816.211
103816.4
103817.1
103850.5
104539.6
104902.211
104902.4
104903.1
104935.5
105506.6
105856.211
105856.4
105857.1
105885.5
105957.6
106547.211
106547.4
106548.1
106634.5
106718.6
106755.6
107267.211
107267.4
107268.1
107297.5
107394.6
107901.211
107901.4
107902.1
107932.5
108006.6
108616.4
108617.212
108705.5
108717.2
109217.3
109610.6
109645.6
109717.1
110309.6
110707.211
110707.4
110708.1
110741.5
110845.6
111473.4
111474.212
111574.2
111595.5
112074.3
112284.4
112329.5
112472.6
112537.6
112574.1
113714.6
114127.211
114127.4
114128.1
114157.5
114251.6
114835.211
114835.4
114836.1
114887.5
115120.6
115617.211
115617.4
115618.1
115648.5
115755.6
116236.211
116236.4
116237.1
116265.5
116345.6
116885.211
116885.4
116886.1
116919.5
117031.6
117540.211
117540.4
117541.1
117575.5
119180.6
119564.211
119564.4
119565.1
119595.5
119686.6
120128.211
120128.4
120129.1
120152.5
120212.6
120833.4
120834.212
120914.5
120934.2
121434.3
121670.4
121724.5
121765.4
121814.5
121847.4
121887.5
121892.4
121904.5
121934.1
122196.6
122522.211
122522.4
122523.1
122569.5
125942.6
126029.211
126029.4
126030.1
126048.5
126329.6
126692.211
126692.4
126693.1
126729.5
133407.4
133411.5
133412.4
133512.5
134331.4
134355.5
136806.6
137092.211
137092.4
137093.1
137150.5
139699.6
140075.211
140075.4
140076.1
140110.5
140518.6
140883.211
140883.4
140884.1
140913.5
142074.6
142498.211
142498.4
142499.1
142544.5
142640.6
143098.211
143098.4
143099.1
143147.5
143166.4
143187.5
156539.8
156738.4
156874.5
157238.6
157755.211
157755.4
157756.1
157781.5
158876.6
159241.211
159241.4
159242.1
159270.5
159458.6
159672.6
159776.6
160063.6
160352.6
160423.4
160424.212
160507.5
160524.2
161024.3
161188.4
161272.5
161524.1
161597.6
161825.211
161825.4
161826.1
161863.5
161926.6
162005.6
162235.6
162403.211
162403.4
162404.1
162456.5
162566.6
162873.6
163048.211
163048.4
163049.1
163102.5
163203.6
163550.211
163550.4
163551.1
163591.5
163648.6
163770.6
163812.6
163885.6
164002.211
164002.4
164003.1
164041.5
164102.6
164118.6
164308.6
164343.6
164465.6
164664.211
164664.4
164665.1
164732.5
164853.6
164978.6
165222.211
165222.4
165223.1
165262.5
165396.6
165775.211
165775.4
165776.1
165813.5
165872.6
165979.6
166137.6
166402.211
166402.4
166403.1
166452.5
166522.6
166912.6
167076.211
167076.4
167077.1
167132.5
167195.6
167468.6
167622.211
167622.4
167623.1
167652.5
167780.6
168043.6
168124.211
168124.4
168125.1
168153.5
168205.6
168220.6
168242.6
168266.6
168283.6
168365.6
168479.6
168638.211
168638.4
168639.1
168666.5
168740.6
168778.6
169169.211
169169.4
169170.1
169261.5
169354.6
169799.211
169799.4
169800.1
169827.5
169947.6
170772.4
170773.212
170858.5
170873.2
171373.3
171524.4
171608.5
171873.1
173012.6
173484.211
173484.4
173485.1
173562.5
174009.6
174507.211
174507.4
174508.1
174543.5
174658.6
175181.211
175181.4
175182.1
175211.5
175293.6
175309.6
175863.211
175863.4
175864.1
175897.5
175999.6
176610.4
176611.212
176697.5
176711.2
177211.3
177711.1
177913.6
178962.4
178963.212
179052.5
179063.2
180000.9
123456789
11
30
15
11
30
15
3
FI
1
3
9
49
37
10
22
37
6
2
941
0
0
0
314159265
35
0
186
180000
314159265
0.1
1260.6
1303.6
1591.211
1591.4
1592.1
1731.5
1923.6
2264.211
2264.4
2265.1
2360.5
2488.6
2520.6
2540.6
3520.4
3521.212
3621.2
3755.5
4121.3
4621.1
4651.4
4661.5
4850.6
4930.6
5535.4
5536.212
5633.5
5636.2
6136.3
6487.4
6496.5
6511.4
6636.1
6660.5
7576.6
7912.211
7912.4
7913.1
7967.5
8106.6
8570.211
8570.4
8571.1
8609.5
8733.6
9364.4
9365.212
9465.2
9490.5
9965.3
10465.1
11252.6
11759.211
11759.4
11760.1
11782.5
12001.6
12015.6
12380.211
12380.4
12381.1
12408.5
12476.6
13075.211
13075.4
13076.1
13122.5
14176.6
14206.6
14584.211
14584.4
14585.1
14622.5
14743.6
15179.211
15179.4
15180.1
15210.5
15366.6
15918.211
15918.4
15919.1
15943.5
16035.6
16500.211
16500.4
16501.1
16526.5
17152.6
17481.211
17481.4
17482.1
17499.5
17573.6
17590.6
18043.211
18043.4
18044.1
18070.5
18145.6
18156.6
18796.4
18797.212
18880.5
18897.2
19397.3
19836.4
19897.1
19981.5
20103.6
20761.4
20762.212
20844.5
20862.2
21362.3
21450.4
21455.5
21456.4
21862.1
21890.5
22337.6
22942.4
22943.212
23015.5
23043.2
23543.3
23839.4
24039.5
24043.1
24506.6
24777.211
24777.4
24778.1
24834.5
24976.6
25628.4
25629.212
25717.5
25729.2
26229.3
26729.1
27785.6
28045.211
28045.4
28046.1
28141.5
28296.6
28715.211
28715.4
28716.1
28819.5
28935.6
29268.211
29268.4
29269.1
29289.5
29349.6
29366.6
29806.211
29806.4
29807.1
29835.5
29919.6
30358.6
30625.4
30626.212
30713.5
30726.2
30948.4
31011.5
31226.3
31726.1
32463.6
32488.6
33234.4
33235.212
33316.5
33335.2
33835.3
34335.1
34353.6
34923.211
34923.4
34924.1
35047.5
35356.6
35911.211
35911.4
35912.1
35954.5
36136.6
36152.6
36625.211
36625.4
36626.1
36684.5
36789.6
37312.211
37312.4
37313.1
37360.5
37435.6
37989.211
37989.4
37990.1
38046.5
38121.6
38556.211
38556.4
38557.1
38577.5
38644.6
39045.211
39045.4
39046.1
39132.5
39228.6
39772.211
39772.4
39773.1
39807.5
39903.6
40521.4
40522.212
40598.5
40622.2
41122.3
41622.1
41793.6
41833.6
42306.211
42306.4
42307.1
42370.5
42472.6
42867.211
42867.4
42868.1
42912.5
42991.6
43010.6
43584.211
43584.4
43585.1
43638.5
43721.6
44333.4
44334.212
44409.5
44434.2
44934.3
45434.1
45562.6
45571.6
45828.6
45877.211
45877.4
45878.1
45910.5
45980.6
46027.6
46122.6
46367.211
46367.4
46368.1
46397.5
46507.6
46994.211
46994.4
46995.1
47032.5
47098.6
47119.6
47536.211
47536.4
47537.1
47568.5
47645.6
48053.211
48053.4
48054.1
48080.5
48160.6
48728.211
48728.4
48729.1
48760.5
48836.6
48846.6
49374.211
49374.4
49375.1
49421.5
49497.6
50143.4
50144.212
50240.5
50244.2
50744.3
51244.1
51618.6
52047.211
52047.4
52048.1
52079.5
52357.6
52900.211
52900.4
52901.1
52927.5
53015.6
54033.4
54034.212
54118.5
54134.2
54634.3
54968.4
55134.1
55181.5
55363.6
55935.211
55935.4
55936.1
55991.5
56190.6
56757.211
56757.4
56758.1
56804.5
56897.6
57388.211
57388.4
57389.1
57425.5
57523.6
57538.6
58068.211
58068.4
58069.1
58138.5
58213.6
58780.211
58780.4
58781.1
58851.5
58932.6
59429.211
59429.4
59430.1
59463.5
59566.6
59992.211
59992.4
59993.1
60022.5
60091.6
60567.211
60567.4
60568.1
60599.5
60652.6
61599.4
61600.212
61692.5
61700.2
62200.3
62700.1
63096.6
63178.6
63208.6
63454.211
63454.4
63455.1
63485.5
63589.6
64250.4
64251.212
64339.5
64351.2
64851.3
65351.1
65488.6
66007.211
66007.4
66008.1
66068.5
66169.6
66720.211
66720.4
66721.1
66774.5
66844.6
67441.211
67441.4
67442.1
67488.5
67579.6
68219.4
68220.212
68320.2
68330.5
68820.3
69320.1
69489.4
69666.5
69794.6
70522.4
70523.212
70609.5
70623.2
71123.3
71623.1
71959.6
72379.211
72379.4
72380.1
72612.5
72750.4
72859.5
73068.6
73478.211
73478.4
73479.1
73541.5
73625.6
74168.211
74168.4
74169.1
74254.5
74569.6
75094.211
75094.4
75095.1
75131.5
75236.6
76100.4
76101.212
76201.2
76282.5
76701.3
77171.6
77201.1
78014.6
78467.211
78467.4
78468.1
78501.5
78601.6
79525.4
79526.212
79626.2
79672.5
80126.3
80513.4
80626.1
80653.5
80843.4
81236.5
81648.6
81994.211
81994.4
81995.1
82036.5
82156.6
82885.4
82886.212
82986.2
83098.5
83486.3
83986.1
84117.4
84270.5
84414.6
84876.211
84876.4
84877.1
84912.5
85093.6
85656.211
85656.4
85657.1
85686.5
85780.6
86447.4
86448.212
86524.5
86548.2
87048.3
87211.4
87216.5
87243.4
87366.5
87512.6
87548.1
87553.6
87944.211
87944.4
87945.1
87991.5
88122.6
88501.211
88501.4
88502.1
88543.5
88923.6
89355.211
89355.4
89356.1
89377.5
90222.6
90591.211
90591.4
90592.1
90632.5
90729.6
91357.4
91358.212
91439.5
91458.2
91958.3
92407.6
92458.1
92467.6
92916.211
92916.4
92917.1
92986.5
93051.6
93076.6
93595.211
93595.4
93596.1
93645.5
93739.6
93773.6
94190.211
94190.4
94191.1
94221.5
95627.4
95646.5
95705.6
96159.211
96159.4
96160.1
96246.5
96647.6
97093.211
97093.4
97094.1
97122.5
97228.6
97667.211
97667.4
97668.1
97701.5
97829.6
98200.211
98200.4
98201.1
98229.5
100225.6
100619.211
100619.4
100620.1
100649.5
106963.4
107005.5
107550.4
107653.5
115756.6
116016.211
116016.4
116017.1
116053.5
116323.6
116694.211
116694.4
116695.1
116727.5
117632.6
117691.6
117864.211
117864.4
117865.1
117963.5
118042.6
118068.6
118285.6
118500.211
118500.4
118501.1
118526.5
118581.6
118594.6
119074.211
119074.4
119075.1
119120.5
119208.6
119716.211
119716.4
119717.1
119774.5
119837.6
119952.6
120373.211
120373.4
120374.1
120429.5
120502.6
120518.6
121056.211
121056.4
121057.1
121088.5
121202.6
121760.211
121760.4
121761.1
121822.5
121906.6
122379.211
122379.4
122380.1
122439.5
122566.6
123099.211
123099.4
123100.1
123130.5
123215.6
124047.4
124048.212
124148.2
124175.5
124451.4
124573.5
124647.4
124648.3
124732.5
125148.1
125686.6
126328.4
126329.212
126424.5
126429.2
126687.4
126760.5
126895.4
126929.3
126971.5
127429.1
128036.4
128198.5
128841.6
128867.6
129274.211
129274.4
129275.1
129328.5
129443.6
130070.4
130071.212
130149.5
130171.2
130671.3
131171.1
131251.6
131642.211
131642.4
131643.1
131792.5
131875.6
132426.211
132426.4
132427.1
132491.5
132612.6
133331.4
133332.212
133427.5
133432.2
133932.3
134327.4
134330.5
134331.4
134432.1
134593.5
134730.6
134742.6
135239.211
135239.4
135240.1
135318.5
135673.6
136201.211
136201.4
136202.1
136352.5
136564.6
137184.4
137185.212
137282.5
137285.2
137785.3
138285.1
138361.6
138901.211
138901.4
138902.1
139023.5
140554.6
140922.211
140922.4
140923.1
140954.5
141129.6
141650.211
141650.4
141651.1
141694.5
141853.6
142623.4
142624.212
142713.5
142724.2
143224.3
143724.1
144421.6
144684.211
144684.4
144685.1
144718.5
144730.4
144754.5
144890.6
145354.211
145354.4
145355.1
145403.5
145492.6
145873.211
145873.4
145874.1
145903.5
145974.6
146299.211
146299.4
146300.1
146332.5
146467.6
146484.6
146937.211
146937.4
146938.1
146971.5
147066.6
147085.6
147156.6
147583.211
147583.4
147584.1
147667.5
147733.6
147771.6
148188.211
148188.4
148189.1
148224.5
148297.6
148732.211
148732.4
148733.1
148788.5
148879.6
149634.4
149635.212
149735.2
149735.5
150235.3
150603.4
150667.5
150735.1
151232.6
151762.211
151762.4
151763.1
151814.5
151942.6
152753.4
152754.212
152854.2
152858.5
153354.3
153854.1
154078.6
154716.4
154717.212
154814.5
154817.2
154832.4
154912.5
155317.3
155817.1
156091.6
156533.211
156533.4
156534.1
156624.5
156854.6
157614.4
157615.212
157698.5
157715.2
158215.3
158524.4
158596.5
158715.1
161236.6
161326.6
161883.4
161884.212
161984.2
162003.5
162460.4
162484.3
162505.5
162984.1
163711.4
164008.5
164387.6
164614.211
164614.4
164615.1
164638.5
165219.6
165533.211
165533.4
165534.1
165566.5
165674.6
166453.4
166454.212
166554.2
166556.5
167054.3
167554.1
167718.6
168039.211
168039.4
168040.1
168084.5
168183.6
168764.211
168764.4
168765.1
168796.5
168876.6
169215.211
169215.4
169216.1
169243.5
169352.6
169727.211
169727.4
169728.1
169761.5
169872.6
169899.6
170347.211
170347.4
170348.1
170399.5
170502.6
171099.211
171099.4
171100.1
171186.5
171260.6
171315.6
171670.211
171670.4
171671.1
171703.5
171859.6
172269.211
172269.4
172270.1
172302.5
172382.6
172841.211
172841.4
172842.1
172874.5
172987.6
173548.211
173548.4
173549.1
173580.5
173687.6
174128.211
174128.4
174129.1
174158.5
174214.6
174624.211
174624.4
174625.1
174670.5
174776.6
175299.211
175299.4
175300.1
175376.5
175530.6
176179.4
176180.212
176267.5
176280.2
176542.4
176610.5
176780.3
177280.1
177422.4
177423.5
177425.4
177640.5
177871.6
178388.211
178388.4
178389.1
178468.5
179087.6
179526.211
179526.4
179527.1
180000.9
123456789
12
01
15
12
01
15
3
FI
1
3
9
48
19
10
21
19
6
2
960
0
0
0
314159265
27
0
184
180000
314159265
0.1
148.4
160.5
313.6
587.211
587.4
588.1
636.5
768.6
1136.211
1136.4
1137.1
1203.5
1335.6
1830.211
1830.4
1831.1
1832.5
1833.4
1874.5
2060.6
2606.211
2606.4
2607.1
2645.5
2713.6
3238.211
3238.4
3239.1
3318.5
3397.6
3903.211
3903.4
3904.1
3935.5
4115.6
4472.211
4472.4
4473.1
4500.5
4630.6
4643.6
5144.211
5144.4
5145.1
5177.5
5343.6
5889.211
5889.4
5890.1
5924.5
6053.6
6652.211
6652.4
6653.1
6682.5
6850.6
7520.4
7521.212
7605.5
7621.2
7866.4
7946.5
8121.3
8465.4
8541.5
8621.1
8800.6
9603.4
9604.212
9704.2
9735.5
10204.3
10704.1
11839.6
12244.211
12244.4
12245.1
12278.5
13090.6
13482.211
13482.4
13483.1
13522.5
14002.6
14312.211
14312.4
14313.1
14394.5
14515.6
14928.211
14928.4
14929.1
14984.5
15079.6
15476.211
15476.4
15477.1
15517.5
15614.6
16087.211
16087.4
16088.1
16089.5
16090.4
16130.5
16262.6
16818.211
16818.4
16819.1
16911.5
17025.6
17452.211
17452.4
17453.1
17541.5
17639.6
18058.211
18058.4
18059.1
18099.5
18203.6
18659.211
18659.4
18660.1
18700.5
18840.6
19208.211
19208.4
19209.1
19240.5
19331.6
19346.6
19807.211
19807.4
19808.1
19847.5
19971.6
20511.211
20511.4
20512.1
20548.5
20640.6
21159.211
21159.4
21160.1
21193.5
21326.6
21743.211
21743.4
21744.1
21788.5
21868.6
22311.211
22311.4
22312.1
22345.5
22486.6
22840.211
22840.4
22841.1
22876.5
22968.6
23318.211
23318.4
23319.1
23329.5
23596.6
23622.6
23757.6
23971.211
23971.4
23972.1
24015.5
24066.6
24085.6
24398.211
24398.4
24399.1
24429.5
24496.6
24865.211
24865.4
24866.1
24891.5
24945.6
24997.6
25214.211
25214.4
25215.1
25263.5
25333.6
25495.6
25744.211
25744.4
25745.1
25888.5
26736.6
27102.211
27102.4
27103.1
27140.5
27225.6
27722.211
27722.4
27723.1
27762.5
27856.6
28281.211
28281.4
28282.1
28312.5
28377.6
28414.6
28903.211
28903.4
28904.1
28950.5
29027.6
29054.6
29418.211
29418.4
29419.1
29452.5
29544.6
29558.6
29996.211
29996.4
29997.1
30023.5
30107.6
30611.211
30611.4
30612.1
30647.5
30734.6
31292.211
31292.4
31293.1
31446.5
31502.6
31522.6
31861.211
31861.4
31862.1
31894.5
32413.6
32576.211
32576.4
32577.1
32660.5
32794.6
32945.6
33032.6
33177.211
33177.4
33178.1
33272.5
33398.6
33485.6
33862.211
33862.4
33863.1
33902.5
33962.6
34004.6
34438.211
34438.4
34439.1
34487.5
34571.6
34627.6
34749.6
34848.6
35025.211
35025.4
35026.1
35084.5
35165.6
35313.6
35415.6
35594.211
35594.4
35595.1
35621.5
35679.6
35915.6
36173.211
36173.4
36174.1
36234.5
36287.6
36322.6
36479.6
36747.211
36747.4
36748.1
36781.5
36881.6
36962.6
37016.6
37215.6
37442.211
37442.4
37443.1
37476.5
37623.6
37872.211
37872.4
37873.1
37930.5
38331.6
38677.211
38677.4
38678.1
38709.5
38848.6
39263.211
39263.4
39264.1
39322.5
39431.6
39837.211
39837.4
39838.1
39870.5
39951.6
40361.211
40361.4
40362.1
40519.5
41725.6
42163.211
42163.4
42164.1
42192.5
42528.6
42969.211
42969.4
42970.1
43011.5
43097.6
43118.6
43647.211
43647.4
43648.1
43816.5
43918.6
44323.211
44323.4
44324.1
44402.5
44500.6
44518.6
44919.211
44919.4
44920.1
44948.5
45032.6
45584.211
45584.4
45585.1
45637.5
45687.6
46103.211
46103.4
46104.1
46154.5
46254.6
46888.4
46889.212
46971.5
46989.2
47489.3
47989.1
48105.6
48683.211
48683.4
48684.1
48794.5
48962.6
48979.6
49412.211
49412.4
49413.1
49453.5
49573.6
49592.6
50196.4
50197.212
50269.5
50297.2
50797.3
51297.1
51372.6
51823.211
51823.4
51824.1
51893.5
52198.6
52823.4
52824.212
52903.5
52924.2
53424.3
53924.1
53971.6
54003.6
54576.4
54577.212
54653.5
54677.2
55177.3
55379.4
55677.1
55695.5
56915.6
57122.211
57122.4
57123.1
57201.5
57709.6
58073.211
58073.4
58074.1
58109.5
58272.6
58924.4
58925.212
59025.2
59052.5
59525.3
60025.1
61478.6
61924.211
61924.4
61925.1
61972.5
62280.6
62934.4
62935.212
63016.5
63035.2
63535.3
64035.1
65890.6
65897.6
66178.211
66178.4
66179.1
66243.5
66436.6
66982.211
66982.4
66983.1
67022.5
67168.6
67703.211
67703.4
67704.1
67743.5
67996.6
68459.211
68459.4
68460.1
68501.5
68591.6
69161.211
69161.4
69162.1
69209.5
69268.6
69290.6
69922.4
69923.212
70010.5
70023.2
70523.3
70925.6
70950.6
70966.6
71023.1
72832.6
73114.211
73114.4
73115.1
73145.5
73355.6
74035.4
74036.212
74114.5
74136.2
74636.3
74984.4
74986.5
74987.4
75136.1
75300.5
75561.6
76163.4
76164.212
76253.5
76264.2
76764.3
77198.4
77264.1
77485.5
78248.6
78272.6
78630.211
78630.4
78631.1
78790.5
79285.6
79728.211
79728.4
79729.1
79776.5
80174.6
80187.6
80824.4
80825.212
80912.5
80925.2
81425.3
81925.1
82054.6
82082.6
82901.4
82902.212
82992.5
83002.2
83502.3
83967.4
84002.1
84135.5
85842.6
86366.211
86366.4
86367.1
86417.5
86532.6
87240.4
87241.212
87323.5
87341.2
87841.3
88341.1
88343.4
88712.5
89347.6
89879.211
89879.4
89880.1
89920.5
90540.6
90586.6
91140.211
91140.4
91141.1
91222.5
91332.6
92692.4
92693.212
92780.5
92793.2
93293.3
93793.1
94223.6
94759.211
94759.4
94760.1
95001.5
95285.6
95872.211
95872.4
95873.1
95906.5
96048.6
96810.4
96811.212
96898.5
96911.2
97411.3
97911.1
97947.6
98949.4
98950.212
99028.5
99050.2
99519.4
99550.3
99713.5
99989.6
100050.1
100990.6
101551.211
101551.4
101552.1
101589.5
101735.6
102499.4
102500.212
102576.5
102600.2
103100.3
103497.4
103600.1
103605.5
103762.6
104320.211
104320.4
104321.1
104361.5
105438.6
105666.211
105666.4
105667.1
105704.5
105803.6
105822.6
106437.4
106438.212
106522.5
106538.2
107038.3
107483.6
107538.1
109156.6
109184.6
109681.211
109681.4
109682.1
109743.5
109814.6
109844.6
110351.211
110351.4
110352.1
110392.5
110517.6
110983.211
110983.4
110984.1
111021.5
111141.6
111658.211
111658.4
111659.1
111704.5
111782.6
112270.211
112270.4
112271.1
112304.5
112401.6
113163.4
113164.212
113264.2
113284.5
113764.3
114012.4
114066.5
114154.6
114203.6
114264.1
114479.6
114752.211
114752.4
114753.1
114792.5
114999.6
115608.4
115609.212
115686.5
115709.2
116209.3
116551.4
116709.1
116715.5
116950.6
116987.6
117313.211
117313.4
117314.1
117348.5
117842.6
118219.211
118219.4
118220.1
118261.5
118398.6
118417.6
118878.211
118878.4
118879.1
118912.5
119005.6
119670.4
119671.212
119763.5
119771.2
120271.3
120771.1
120794.4
121037.5
121178.6
121680.211
121680.4
121681.1
121733.5
121925.6
122529.4
122530.212
122617.5
122630.2
123130.3
123592.4
123630.1
123902.5
124201.6
124719.211
124719.4
124720.1
124775.5
125441.6
125924.211
125924.4
125925.1
125975.5
126128.6
126602.211
126602.4
126603.1
126641.5
126747.6
127396.4
127397.212
127470.5
127497.2
127997.3
128376.4
128430.5
128497.1
128571.6
129102.211
129102.4
129103.1
129151.5
129291.6
129899.4
129900.212
130000.2
130018.5
130500.3
130883.4
130993.5
131000.1
131309.6
131719.211
131719.4
131720.1
131750.5
132304.6
132614.211
132614.4
132615.1
132653.5
132771.6
133347.211
133347.4
133348.1
133413.5
134423.6
134502.211
134502.4
134503.1
134527.5
134718.6
135111.211
135111.4
135112.1
135138.5
135236.6
135631.211
135631.4
135632.1
135657.5
135724.6
135741.6
136243.211
136243.4
136244.1
136275.5
136334.6
137017.4
137018.212
137118.2
137129.5
137618.3
138118.1
138365.6
138919.211
138919.4
138920.1
138960.5
139568.6
140028.211
140028.4
140029.1
140066.5
140195.6
140625.211
140625.4
140626.1
140663.5
142813.6
143153.211
143153.4
143154.1
143174.5
143276.6
143731.211
143731.4
143732.1
143758.5
143865.6
143883.6
144508.4
144509.212
144609.2
144639.5
145109.3
145490.4
145609.1
145647.5
145805.6
146374.211
146374.4
146375.1
146591.5
146720.6
147195.211
147195.4
147196.1
147225.5
148950.6
149029.211
149029.4
149030.1
149063.5
149806.6
150193.211
150193.4
150194.1
150244.5
150386.6
150917.211
150917.4
150918.1
150948.5
151069.6
151467.211
151467.4
151468.1
151494.5
151590.6
152018.211
152018.4
152019.1
152054.5
152110.6
152684.211
152684.4
152685.1
152685.5
152686.4
152815.5
152896.6
152910.6
153393.211
153393.4
153394.1
153426.5
156460.6
156811.211
156811.4
156812.1
156838.5
158484.6
158775.211
158775.4
158776.1
158807.5
158892.6
159253.211
159253.4
159254.1
159286.5
159365.6
159839.211
159839.4
159840.1
159874.5
159971.6
160482.211
160482.4
160483.1
160512.5
160601.6
161067.211
161067.4
161068.1
161099.5
161191.6
161656.211
161656.4
161657.1
161690.5
161788.6
162284.211
162284.4
162285.1
162316.5
162406.6
162887.211
162887.4
162888.1
162925.5
164419.6
164771.211
164771.4
164772.1
164773.5
164774.4
164796.5
164892.6
165416.211
165416.4
165417.1
165446.5
165868.6
166305.211
166305.4
166306.1
166334.5
171579.6
172087.211
172087.4
172088.1
172159.5
177205.4
177625.5
178730.6
179261.211
179261.4
179262.1
180000.9
123456789
12
02
15
12
02
15
3
FI
1
3
9
49
30
10
22
31
6
2
904
0
0
0
314159265
43
0
173
180000
314159265
0.1
374.6
757.211
757.4
758.1
780.5
883.6
1136.211
1136.4
1137.1
1150.5
1218.6
1243.6
1668.211
1668.4
1669.1
1713.5
1833.6
2520.4
2521.212
2597.5
2621.2
3121.3
3186.4
3286.5
3621.1
3748.6
4306.211
4306.4
4307.1
4380.5
4511.6
5312.4
5313.212
5413.2
5413.5
5913.3
6069.4
6073.5
6080.4
6146.5
6413.1
7246.6
7872.4
7873.212
7952.5
7973.2
8334.4
8473.3
8500.5
8973.1
9603.6
9789.211
9789.4
9790.1
9838.5
10330.6
10937.4
10938.212
11021.5
11038.2
11538.3
12038.1
13079.6
13100.6
13438.211
13438.4
13439.1
13472.5
13599.6
14299.4
14300.212
14392.5
14400.2
14900.3
15251.6
15319.6
15357.6
15400.1
15915.6
16301.211
16301.4
16302.1
16326.5
16416.6
16809.211
16809.4
16810.1
16851.5
16949.6
16969.6
17632.4
17633.212
17713.5
17733.2
18233.3
18612.6
18709.6
18725.6
18733.1
18750.6
19330.211
19330.4
19331.1
19365.5
19686.6
20204.211
20204.4
20205.1
20237.5
20435.6
20982.211
20982.4
20983.1
21024.5
21228.6
21737.211
21737.4
21738.1
21780.5
21896.6
22576.4
22577.212
22661.5
22677.2
23154.4
23177.3
23226.5
23677.1
23716.6
24639.6
24681.4
24682.212
24782.2
24806.5
25282.3
25782.1
25927.6
26364.211
26364.4
26365.1
26365.5
26366.4
26430.5
27227.6
27650.211
27650.4
27651.1
27680.5
27941.6
28331.211
28331.4
28332.1
28362.5
28431.6
28735.211
28735.4
28736.1
28769.5
28911.6
29357.211
29357.4
29358.1
29393.5
29518.6
30137.4
30138.212
30218.5
30238.2
30738.3
30836.4
31238.1
31281.5
31506.6
31875.211
31875.4
31876.1
31911.5
32805.6
33229.211
33229.4
33230.1
33261.5
33423.6
34064.4
34065.212
34151.5
34165.2
34665.3
34745.4
35165.1
35183.5
35386.6
35721.211
35721.4
35722.1
35764.5
36135.6
36601.211
36601.4
36602.1
36635.5
36963.6
37361.211
37361.4
37362.1
37398.5
37490.6
37857.211
37857.4
37858.1
37889.5
37998.6
38379.211
38379.4
38380.1
38409.5
38498.6
39090.211
39090.4
39091.1
39127.5
39236.6
39784.211
39784.4
39785.1
39814.5
39909.6
40471.211
40471.4
40472.1
40523.5
40598.6
41012.211
41012.4
41013.1
41042.5
41136.6
41634.211
41634.4
41635.1
41664.5
41718.6
41740.6
42167.211
42167.4
42168.1
42199.5
42284.6
43161.4
43162.212
43262.2
43281.5
43762.3
44178.6
44262.1
44668.6
45266.211
45266.4
45267.1
45365.5
45424.6
45437.6
45834.211
45834.4
45835.1
45865.5
45962.6
46576.4
46577.212
46661.5
46677.2
47040.4
47117.5
47177.3
47677.1
47853.6
48281.211
48281.4
48282.1
48370.5
48481.6
49217.4
49218.212
49293.5
49318.2
49818.3
50318.1
50424.4
50603.5
50767.6
51435.4
51436.212
51524.5
51536.2
52036.3
52435.4
52438.5
52446.4
52496.5
52536.1
52748.6
53439.4
53440.212
53538.5
53540.2
54040.3
54540.1
54756.6
55242.211
55242.4
55243.1
55278.5
55883.6
56373.211
56373.4
56374.1
56411.5
57120.6
57436.211
57436.4
57437.1
57478.5
57584.6
58054.211
58054.4
58055.1
58095.5
58206.6
58802.211
58802.4
58803.1
58846.5
58941.6
59529.211
59529.4
59530.1
59560.5
59641.6
60530.4
60531.212
60624.5
60631.2
61131.3
61631.1
62643.6
63316.4
63317.212
63396.5
63417.2
63917.3
64417.1
64541.6
65022.211
65022.4
65023.1
65128.5
65236.6
65933.4
65934.212
66018.5
66034.2
66534.3
67034.1
67267.6
67288.6
67557.211
67557.4
67558.1
67618.5
68067.6
68587.211
68587.4
68588.1
68628.5
68776.6
69513.4
69514.212
69614.2
69626.5
70114.3
70614.1
71160.6
71806.4
71807.212
71897.5
71907.2
72407.3
72907.1
73210.6
73880.4
73881.212
73979.5
73981.2
74481.3
74981.1
75192.6
75621.211
75621.4
75622.1
75651.5
76444.6
77021.211
77021.4
77022.1
77067.5
77167.6
77788.4
77789.212
77881.5
77889.2
78389.3
78578.4
78801.5
78889.1
79068.6
79093.6
79660.211
79660.4
79661.1
79693.5
80449.6
80853.211
80853.4
80854.1
80902.5
80980.6
81083.6
81554.211
81554.4
81555.1
81582.5
81675.6
81699.6
82219.211
82219.4
82220.1
82292.5
82394.6
82409.6
82947.211
82947.4
82948.1
82979.5
83124.6
83740.4
83741.212
83822.5
83841.2
84341.3
84681.4
84811.5
84841.1
85046.6
85470.211
85470.4
85471.1
85504.5
85845.6
86145.211
86145.4
86146.1
86178.5
86296.6
86528.6
86947.4
86948.212
87048.2
87051.5
87548.3
88048.1
88222.6
88734.211
88734.4
88735.1
88770.5
89468.6
89864.211
89864.4
89865.1
89900.5
90004.6
90351.211
90351.4
90352.1
90378.5
90414.4
90434.5
90493.6
91035.211
91035.4
91036.1
91105.5
91188.6
91663.211
91663.4
91664.1
91696.5
91784.6
92355.211
92355.4
92356.1
92393.5
92466.6
93111.4
93112.212
93198.5
93212.2
93712.3
94212.1
94295.6
94885.211
94885.4
94886.1
94952.5
95120.6
95721.4
95722.212
95821.5
95822.2
96322.3
96822.1
97173.6
97557.211
97557.4
97558.1
97597.5
97745.6
98309.211
98309.4
98310.1
98343.5
98528.6
99105.211
99105.4
99106.1
99142.5
99237.6
99689.211
99689.4
99690.1
99719.5
99840.6
100330.211
100330.4
100331.1
100373.5
100450.6
101048.211
101048.4
101049.1
101081.5
101174.6
101732.211
101732.4
101733.1
101768.5
101863.6
102733.4
102734.212
102814.5
102834.2
103334.3
103834.1
103929.6
104531.4
104532.212
104619.5
104632.2
105132.3
105632.1
106327.6
106512.211
106512.4
106513.1
106544.5
106616.6
107135.211
107135.4
107136.1
107175.5
107598.6
108386.4
108387.212
108474.5
108487.2
108987.3
109487.1
109594.6
110297.4
110298.212
110375.5
110398.2
110497.4
110559.5
110898.3
111398.1
113209.6
113539.211
113539.4
113540.1
113567.5
113676.6
114234.211
114234.4
114235.1
114272.5
114470.6
115003.211
115003.4
115004.1
115036.5
116456.6
116846.211
116846.4
116847.1
116875.5
116985.6
117565.211
117565.4
117566.1
117650.5
117768.6
118394.4
118395.212
118479.5
118495.2
118995.3
119495.1
119741.6
120144.211
120144.4
120145.1
120178.5
121073.6
121356.211
121356.4
121357.1
121382.5
121461.6
121946.211
121946.4
121947.1
121985.5
122109.6
122668.211
122668.4
122669.1
122703.5
123132.6
123628.211
123628.4
123629.1
123657.5
124469.6
124920.211
124920.4
124921.1
125004.5
126018.6
127290.4
127291.212
127372.5
127391.2
127891.3
128347.4
128391.1
128453.5
128724.6
128772.6
129122.211
129122.4
129123.1
129310.5
129783.6
130371.211
130371.4
130372.1
130446.5
131648.6
132007.211
132007.4
132008.1
132035.5
133436.6
133803.211
133803.4
133804.1
133836.5
135714.6
135972.211
135972.4
135973.1
135998.5
138502.6
138912.211
138912.4
138913.1
138950.5
139669.6
140050.211
140050.4
140051.1
140078.5
140289.6
140720.211
140720.4
140721.1
140746.5
140945.6
141358.211
141358.4
141359.1
141389.5
141552.6
142037.211
142037.4
142038.1
142038.5
142040.4
142072.5
142126.6
142137.6
142824.4
142825.212
142925.2
142935.5
143425.3
143616.4
143750.5
143903.4
143925.1
144054.5
145282.6
145646.211
145646.4
145647.1
145677.5
145814.6
146367.211
146367.4
146368.1
146394.5
146545.6
147223.4
147224.212
147320.5
147324.2
147824.3
148324.1
148663.6
149176.211
149176.4
149177.1
149202.5
149435.6
149956.211
149956.4
149957.1
149995.5
150133.6
150687.211
150687.4
150688.1
150723.5
150816.6
151583.4
151584.212
151662.5
151684.2
152184.3
152684.1
152757.6
153253.211
153253.4
153254.1
153255.5
153256.4
153296.5
153459.6
154043.211
154043.4
154044.1
154079.5
154258.6
154833.211
154833.4
154834.1
154869.5
155061.6
155094.6
155753.4
155754.212
155820.5
155854.2
156354.3
156854.1
157162.6
157694.211
157694.4
157695.1
157735.5
158419.6
158732.211
158732.4
158733.1
158762.5
158886.6
159587.4
159588.212
159657.5
159688.2
160188.3
160688.1
160720.4
160784.5
161093.4
161197.5
161309.6
161824.211
161824.4
161825.1
161858.5
162332.6
162836.211
162836.4
162837.1
162866.5
162972.6
163716.4
163717.212
163797.5
163817.2
164317.3
164817.1
165006.6
165024.6
165574.211
165574.4
165575.1
165623.5
165857.6
166392.211
166392.4
166393.1
166451.5
166549.6
167247.4
167248.212
167328.5
167348.2
167848.3
168348.1
168480.6
169020.211
169020.4
169021.1
169049.5
170844.6
171235.211
171235.4
171236.1
171260.5
171364.6
171846.211
171846.4
171847.1
171881.5
171992.6
172466.211
172466.4
172467.1
172501.5
172570.6
172616.6
173276.4
173277.212
173357.5
173377.2
173877.3
174377.1
174684.6
175348.4
175349.212
175427.5
175449.2
175949.3
176449.1
176622.6
177420.4
177421.212
177501.5
177521.2
178021.3
178422.4
178521.1
178675.5
178891.6
179530.4
179531.212
179609.5
180000.9
123456789
12
03
15
12
03
15
3
FI
1
3
9
53
19
10
26
19
6
2
1090
0
0
0
314159265
39
0
202
180000
314159265
0.1
394.6
585.211
585.4
586.1
587.5
637.6
933.211
933.4
934.1
984.5
1423.6
1755.211
1755.4
1756.1
1785.5
2105.6
2562.211
2562.4
2563.1
2606.5
2806.6
3288.211
3288.4
3289.1
3329.5
3436.6
4112.4
4113.212
4196.5
4213.2
4713.3
4898.4
4984.5
5180.6
5204.6
5213.1
5494.6
5517.6
5934.211
5934.4
5935.1
5960.5
6282.6
6785.211
6785.4
6786.1
6851.5
6968.6
7354.211
7354.4
7355.1
7387.5
7388.4
7436.5
7531.6
7982.211
7982.4
7983.1
8014.5
8385.6
8746.211
8746.4
8747.1
8775.5
8907.6
9393.211
9393.4
9394.1
9428.5
10248.6
10303.6
10558.211
10558.4
10559.1
10593.5
10725.6
10745.6
10757.6
11221.211
11221.4
11222.1
11268.5
11367.6
11809.211
11809.4
11810.1
11834.5
11925.6
12546.4
12547.212
12635.5
12647.2
13147.3
13515.6
13534.6
13647.1
14027.6
14194.6
14579.211
14579.4
14580.1
14622.5
14763.6
15221.211
15221.4
15222.1
15259.5
15393.6
15971.211
15971.4
15972.1
16031.5
16152.6
16756.4
16757.212
16849.5
16857.2
17357.3
17648.4
17650.5
17652.4
17655.5
17656.4
17779.5
17857.1
17932.6
18464.211
18464.4
18465.1
18554.5
18682.6
19315.4
19316.212
19384.5
19416.2
19916.3
20416.1
21403.6
21992.211
21992.4
21993.1
22030.5
22184.6
22695.211
22695.4
22696.1
22760.5
22887.6
23447.211
23447.4
23448.1
23524.5
23731.6
24231.211
24231.4
24232.1
24270.5
24360.6
24376.6
24883.211
24883.4
24884.1
24921.5
25000.6
25630.4
25631.212
25717.5
25731.2
26231.3
26234.4
26365.5
26731.1
27320.6
27643.211
27643.4
27644.1
27682.5
28040.6
28467.211
28467.4
28468.1
28539.5
28608.6
29223.4
29224.212
29301.5
29324.2
29824.3
30006.4
30294.5
30324.1
30429.6
30974.211
30974.4
30975.1
31012.5
31511.6
31540.6
31962.211
31962.4
31963.1
32002.5
32101.6
32116.6
32871.4
32872.212
32952.5
32972.2
33472.3
33972.1
34069.6
34625.211
34625.4
34626.1
34652.5
34862.6
35527.4
35528.212
35628.2
35636.5
36128.3
36342.4
36421.5
36628.1
36852.6
37343.211
37343.4
37344.1
37382.5
37491.6
38045.211
38045.4
38046.1
38078.5
38173.6
38642.211
38642.4
38643.1
38678.5
38773.6
39424.4
39425.212
39514.5
39525.2
40025.3
40131.4
40201.5
40525.1
41575.6
41961.211
41961.4
41962.1
41996.5
42117.6
42134.6
42148.6
42597.211
42597.4
42598.1
42657.5
42746.6
43362.4
43363.212
43455.5
43463.2
43963.3
44293.4
44463.1
44542.5
44695.6
45223.211
45223.4
45224.1
45254.5
45340.6
45740.211
45740.4
45741.1
45774.5
45956.6
46563.4
46564.212
46655.5
46664.2
47164.3
47487.4
47488.5
47495.4
47542.5
47664.1
47669.6
47693.6
48151.211
48151.4
48152.1
48185.5
48300.6
48972.4
48973.212
49067.5
49073.2
49573.3
50020.4
50073.1
50243.5
50446.6
50759.211
50759.4
50760.1
50795.5
50987.6
51494.211
51494.4
51495.1
51595.5
51688.6
52220.211
52220.4
52221.1
52267.5
52369.6
52871.211
52871.4
52872.1
52912.5
53029.6
53489.211
53489.4
53490.1
53548.5
53680.6
54139.211
54139.4
54140.1
54213.5
54428.6
54815.211
54815.4
54816.1
54846.5
54932.6
55449.211
55449.4
55450.1
55482.5
55556.6
55580.6
55591.6
56041.211
56041.4
56042.1
56072.5
56167.6
56702.211
56702.4
56703.1
56738.5
56848.6
57340.211
57340.4
57341.1
57374.5
57462.6
57927.211
57927.4
57928.1
57969.5
58483.6
58917.211
58917.4
58918.1
58948.5
59030.6
59507.211
59507.4
59508.1
59538.5
59629.6
60216.211
60216.4
60217.1
60254.5
60341.6
60821.211
60821.4
60822.1
60847.5
60924.6
61490.211
61490.4
61491.1
61528.5
61630.6
62195.6
62223.6
62687.4
62688.212
62788.2
62790.5
63288.3
63467.4
63583.5
63788.1
63831.6
63856.6
64206.211
64206.4
64207.1
64237.5
64353.6
64970.4
64971.212
65071.2
65103.5
65571.3
66071.1
66196.6
66465.211
66465.4
66466.1
66499.5
66677.6
67130.211
67130.4
67131.1
67173.5
67276.6
67299.6
67865.211
67865.4
67866.1
67916.5
68076.6
68629.211
68629.4
68630.1
68659.5
68722.6
68762.6
69209.211
69209.4
69210.1
69242.5
69308.6
69640.6
69865.211
69865.4
69866.1
69905.5
69998.6
70549.211
70549.4
70550.1
70580.5
70669.6
71279.4
71280.212
71345.5
71380.2
71880.3
72380.1
72433.6
73036.4
73037.212
73137.2
73140.5
73487.4
73637.3
73720.5
73982.6
74019.6
74137.1
74397.6
74672.211
74672.4
74673.1
74719.5
74828.6
75255.211
75255.4
75256.1
75306.5
75440.6
75902.211
75902.4
75903.1
75952.5
76731.6
77168.211
77168.4
77169.1
77206.5
77356.6
77378.6
77949.211
77949.4
77950.1
77988.5
78070.6
78684.4
78685.212
78778.5
78785.2
79285.3
79785.1
80811.6
81206.211
81206.4
81207.1
81236.5
81362.6
81843.211
81843.4
81844.1
81878.5
82094.6
82495.211
82495.4
82496.1
82527.5
82635.6
83111.211
83111.4
83112.1
83151.5
83253.6
83776.211
83776.4
83777.1
83814.5
83913.6
84277.211
84277.4
84278.1
84305.5
84365.6
84951.211
84951.4
84952.1
84999.5
85149.6
85595.211
85595.4
85596.1
85628.5
85715.6
86216.211
86216.4
86217.1
86275.5
86369.6
86918.211
86918.4
86919.1
86968.5
87063.6
87615.211
87615.4
87616.1
87672.5
88025.6
88433.211
88433.4
88434.1
88465.5
88585.6
89037.6
89190.4
89191.212
89267.5
89291.2
89791.3
90073.4
90123.5
90291.1
90421.6
90501.6
90532.6
90735.211
90735.4
90736.1
90768.5
90831.6
90923.6
91085.6
91227.211
91227.4
91228.1
91267.5
91327.6
91402.6
91411.6
91702.211
91702.4
91703.1
91746.5
91840.6
91852.6
92107.6
92188.211
92188.4
92189.1
92244.5
92312.6
92349.6
92363.6
92397.6
92737.211
92737.4
92738.1
92790.5
92900.6
92953.6
93155.6
93254.211
93254.4
93255.1
93280.5
93340.6
93411.6
93680.6
93748.211
93748.4
93749.1
93800.5
93888.6
94195.6
94394.211
94394.4
94395.1
94439.5
94491.6
94535.6
94697.6
94770.6
94955.211
94955.4
94956.1
95013.5
95065.6
95135.6
95306.6
95351.6
95448.211
95448.4
95449.1
95470.5
95534.6
95989.211
95989.4
95990.1
96033.5
96081.6
96543.211
96543.4
96544.1
96576.5
96830.6
96858.6
96977.6
97230.6
97454.4
97455.212
97555.2
97586.5
98055.3
98555.1
98780.6
99130.211
99130.4
99131.1
99181.5
99325.6
99709.211
99709.4
99710.1
99753.5
99878.6
100373.211
100373.4
100374.1
100429.5
100565.6
101294.4
101295.212
101391.5
101395.2
101895.3
102193.4
102395.1
102434.5
102577.6
103056.211
103056.4
103057.1
103083.5
103269.6
103782.211
103782.4
103783.1
103824.5
105021.6
105397.211
105397.4
105398.1
105430.5
105556.6
106105.211
106105.4
106106.1
106142.5
106467.6
106856.211
106856.4
106857.1
106888.5
107118.6
107579.211
107579.4
107580.1
107614.5
107704.6
108182.211
108182.4
108183.1
108215.5
108412.6
108907.211
108907.4
108908.1
108950.5
109053.6
109766.4
109767.212
109860.5
109867.2
110367.3
110867.1
111196.6
111821.4
111822.212
111896.5
111922.2
112422.3
112687.4
112871.5
112922.1
113022.6
113434.211
113434.4
113435.1
113478.5
113561.6
114199.4
114200.212
114276.5
114300.2
114800.3
115300.1
115304.6
115718.211
115718.4
115719.1
115751.5
116445.6
116913.211
116913.4
116914.1
116972.5
117063.6
117101.6
117929.4
117930.212
118012.5
118030.2
118530.3
119030.1
119044.6
119611.211
119611.4
119612.1
119645.5
119739.6
120476.4
120477.212
120577.2
120609.5
121077.3
121577.1
121726.6
121748.6
122186.211
122186.4
122187.1
122220.5
122555.6
123057.211
123057.4
123058.1
123090.5
123278.6
123883.4
123884.212
123950.5
123984.2
124484.3
124984.1
125124.6
125409.211
125409.4
125410.1
125440.5
126097.6
126233.211
126233.4
126234.1
126255.5
126643.6
126989.211
126989.4
126990.1
127016.5
127172.6
127640.211
127640.4
127641.1
127673.5
127890.6
128219.211
128219.4
128220.1
128248.5
128343.6
128704.211
128704.4
128705.1
128734.5
128814.6
128837.6
129268.211
129268.4
129269.1
129305.5
129418.6
129849.211
129849.4
129850.1
129893.5
129983.6
130400.211
130400.4
130401.1
130431.5
130507.6
131005.211
131005.4
131006.1
131197.5
131282.6
131850.211
131850.4
131851.1
131930.5
132031.6
132681.4
132682.212
132767.5
132782.2
133282.3
133369.4
133511.5
133782.1
133882.6
133903.6
134584.4
134585.212
134685.2
134727.5
135185.3
135685.1
136013.6
136439.211
136439.4
136440.1
136478.5
136654.6
136675.6
137252.211
137252.4
137253.1
137284.5
137515.6
138167.4
138168.212
138268.2
138289.5
138768.3
139268.1
139411.6
139438.6
139841.211
139841.4
139842.1
139917.5
140397.6
140918.211
140918.4
140919.1
140954.5
141067.6
141788.4
141789.212
141889.2
141930.5
142389.3
142889.1
143141.6
143636.211
143636.4
143637.1
143670.5
144403.6
144659.211
144659.4
144660.1
144690.5
145187.6
145478.211
145478.4
145479.1
145524.5
145612.6
146239.4
146240.212
146314.5
146340.2
146840.3
147340.1
147439.6
147736.211
147736.4
147737.1
147773.5
147988.6
148612.4
148613.212
148713.2
148806.5
149213.3
149713.1
150206.6
150668.211
150668.4
150669.1
150703.5
150801.6
151291.211
151291.4
151292.1
151317.5
151470.6
151902.211
151902.4
151903.1
151938.5
153431.4
153437.5
153486.6
153818.211
153818.4
153819.1
153852.5
153959.6
155242.4
155243.212
155343.2
155501.5
155655.6
155763.6
155843.3
156343.1
156581.6
157430.4
157431.212
157517.5
157531.2
158031.3
158531.1
158549.4
158687.5
158786.6
158821.6
159187.211
159187.4
159188.1
159215.5
159379.6
159740.211
159740.4
159741.1
159795.5
159919.6
160462.211
160462.4
160463.1
160554.5
160648.6
161262.4
161263.212
161338.5
161363.2
161863.3
162363.1
162664.6
162959.211
162959.4
162960.1
163042.5
163156.6
163673.211
163673.4
163674.1
163753.5
163852.6
164455.4
164456.212
164533.5
164556.2
165056.3
165501.4
165556.1
165634.5
167523.6
167866.211
167866.4
167867.1
167901.5
168358.6
168383.6
168799.211
168799.4
168800.1
168835.5
168985.6
169423.211
169423.4
169424.1
169487.5
169577.6
169594.6
170137.211
170137.4
170138.1
170173.5
170471.6
171376.4
171377.212
171477.2
171477.5
171977.3
172477.1
173721.6
174003.6
174441.4
174442.212
174521.5
174542.2
175042.3
175542.1
176181.6
176632.211
176632.4
176633.1
176675.5
176948.6
177475.211
177475.4
177476.1
177517.5
177833.6
178468.4
178469.212
178540.5
178569.2
179069.3
179569.1
180000.9
123456789
12
04
15
12
04
15
3
FI
1
3
9
49
45
10
22
46
6
2
1121
0
0
0
314159265
26
48
211
180000
314159265
0.1
920.4
937.5
1107.6
1416.211
1416.4
1417.1
1457.5
1590.6
1931.211
1931.4
1932.1
1932.5
1933.4
1963.5
2447.6
2459.6
2476.6
2498.6
2527.6
2537.6
2752.211
2752.4
2753.1
2882.5
3134.6
3266.211
3266.4
3267.1
3299.5
3355.6
3760.211
3760.4
3761.1
3807.5
4186.6
4521.211
4521.4
4522.1
4558.5
4708.6
4746.6
5140.211
5140.4
5141.1
5176.5
5888.6
6102.211
6102.4
6103.1
6136.5
6277.6
6660.211
6660.4
6661.1
6698.5
6789.6
6810.6
7347.211
7347.4
7348.1
7405.5
7526.6
8074.211
8074.4
8075.1
8114.5
8179.6
8201.6
8538.211
8538.4
8539.1
8568.5
8673.6
9147.211
9147.4
9148.1
9177.5
9270.6
9825.211
9825.4
9826.1
9857.5
9982.6
10563.211
10563.4
10564.1
10600.5
10725.6
11150.211
11150.4
11151.1
11175.5
11559.6
11575.6
12019.211
12019.4
12020.1
12050.5
12181.6
12495.211
12495.4
12496.1
12525.5
12606.6
13070.211
13070.4
13071.1
13112.5
13202.6
13226.6
13593.211
13593.4
13594.1
13624.5
13711.6
14139.211
14139.4
14140.1
14173.5
14267.6
14668.211
14668.4
14669.1
14699.5
14755.6
14777.6
15169.211
15169.4
15170.1
15200.5
15299.6
15336.6
15819.211
15819.4
15820.1
15849.5
16017.6
16036.6
16138.6
16470.211
16470.4
16471.1
16513.5
16634.6
17075.211
17075.4
17076.1
17130.5
17235.6
17597.211
17597.4
17598.1
17630.5
17710.6
17766.6
18253.211
18253.4
18254.1
18282.5
18393.6
18974.211
18974.4
18975.1
19014.5
19118.6
19751.4
19752.212
19833.5
19852.2
20352.3
20852.1
20941.6
21106.211
21106.4
21107.1
21126.5
21199.6
21542.211
21542.4
21543.1
21576.5
21672.6
21693.6
22093.211
22093.4
22094.1
22123.5
22226.6
22748.211
22748.4
22749.1
22820.5
22913.6
23331.211
23331.4
23332.1
23356.5
23416.6
23628.6
23903.211
23903.4
23904.1
23934.5
24015.6
24567.211
24567.4
24568.1
24607.5
24722.6
25166.211
25166.4
25167.1
25214.5
25314.6
25827.211
25827.4
25828.1
25888.5
25998.6
26468.211
26468.4
26469.1
26498.5
26616.6
27122.211
27122.4
27123.1
27282.5
27518.6
27536.6
27558.6
27916.211
27916.4
27917.1
27938.5
28442.6
28842.211
28842.4
28843.1
28873.5
29080.6
29609.211
29609.4
29610.1
29644.5
30334.6
30446.211
30446.4
30447.1
30478.5
30549.6
30592.6
30979.211
30979.4
30980.1
31009.5
31130.6
31141.6
31660.211
31660.4
31661.1
31691.5
31793.6
32285.211
32285.4
32286.1
32319.5
32421.6
32435.6
32935.211
32935.4
32936.1
32970.5
33081.6
33126.6
33164.6
33412.211
33412.4
33413.1
33444.5
33497.6
33625.6
33790.6
34085.211
34085.4
34086.1
34116.5
34217.6
34295.6
34660.211
34660.4
34661.1
34689.5
34813.6
35280.211
35280.4
35281.1
35314.5
35389.6
35406.6
35910.211
35910.4
35911.1
35939.5
36025.6
36042.6
36586.211
36586.4
36587.1
36620.5
36749.6
37331.211
37331.4
37332.1
37371.5
37460.6
37491.6
38193.4
38194.212
38294.2
38316.5
38794.3
39294.1
39444.6
39471.6
39911.211
39911.4
39912.1
39996.5
40155.6
40177.6
40576.211
40576.4
40577.1
40605.5
40718.6
40738.6
41201.211
41201.4
41202.1
41234.5
41238.4
41272.5
41356.6
41375.6
41978.4
41979.212
42065.5
42079.2
42579.3
42809.4
42989.5
43079.1
43216.6
43253.6
43807.211
43807.4
43808.1
43904.5
44152.6
44646.211
44646.4
44647.1
44676.5
44825.6
45360.211
45360.4
45361.1
45408.5
45511.6
45536.6
45939.6
46235.4
46236.212
46325.5
46336.2
46836.3
47336.1
48714.6
49141.211
49141.4
49142.1
49170.5
49262.6
49288.6
49728.211
49728.4
49729.1
49758.5
49843.6
50212.211
50212.4
50213.1
50247.5
50336.6
50364.6
50831.211
50831.4
50832.1
50888.5
50984.6
51476.211
51476.4
51477.1
51513.5
51619.6
52026.211
52026.4
52027.1
52059.5
52170.6
52686.211
52686.4
52687.1
52720.5
52829.6
53344.211
53344.4
53345.1
53394.5
53516.6
53997.211
53997.4
53998.1
54212.5
54335.6
54935.211
54935.4
54936.1
54992.5
55113.6
55685.211
55685.4
55686.1
55719.5
55856.6
56060.6
56480.4
56481.212
56581.2
56630.5
57081.3
57581.1
58844.6
58856.6
59155.211
59155.4
59156.1
59183.5
59393.6
59863.211
59863.4
59864.1
59899.5
60043.6
60597.211
60597.4
60598.1
60637.5
60728.6
61238.211
61238.4
61239.1
61293.5
61400.6
61616.6
62028.4
62029.212
62125.5
62129.2
62629.3
63129.1
63332.6
63750.211
63750.4
63751.1
63871.5
64325.6
64762.211
64762.4
64763.1
64798.5
64973.6
65311.211
65311.4
65312.1
65342.5
65445.6
66064.4
66065.212
66140.5
66165.2
66665.3
66904.4
66994.5
67165.1
67256.6
67290.6
67933.4
67934.212
68034.2
68039.5
68534.3
68989.4
69034.1
69113.5
69290.6
69743.211
69743.4
69744.1
69870.5
70311.6
70679.211
70679.4
70680.1
70741.5
71131.6
71747.4
71748.212
71820.5
71848.2
72348.3
72848.1
73682.6
74079.211
74079.4
74080.1
74136.5
74378.6
74402.6
74840.211
74840.4
74841.1
74842.5
74843.4
74905.5
74994.6
75493.211
75493.4
75494.1
75574.5
75685.6
76123.211
76123.4
76124.1
76171.5
76271.6
76683.211
76683.4
76684.1
76716.5
77362.6
77699.211
77699.4
77700.1
77732.5
77839.6
78531.4
78532.212
78620.5
78632.2
79038.4
79107.5
79132.3
79632.1
79700.4
79780.5
80410.6
80724.211
80724.4
80725.1
80762.5
80919.6
81420.211
81420.4
81421.1
81459.5
81640.6
82216.211
82216.4
82217.1
82264.5
82763.6
83214.211
83214.4
83215.1
83257.5
83709.6
84063.211
84063.4
84064.1
84097.5
84169.6
84208.6
84216.6
84621.211
84621.4
84622.1
84656.5
84765.6
85190.211
85190.4
85191.1
85221.5
85308.6
85871.211
85871.4
85872.1
85940.5
86056.6
86642.211
86642.4
86643.1
86684.5
86819.6
87476.4
87477.212
87577.2
87618.5
88077.3
88577.1
88922.6
89329.211
89329.4
89330.1
89376.5
90799.6
90823.6
91152.211
91152.4
91153.1
91186.5
91359.6
91850.211
91850.4
91851.1
91886.5
91957.6
91979.6
92755.4
92756.212
92837.5
92856.2
93356.3
93856.1
95198.6
95298.6
95528.211
95528.4
95529.1
95563.5
95871.6
96294.211
96294.4
96295.1
96325.5
96434.6
96932.211
96932.4
96933.1
96964.5
97073.6
97612.211
97612.4
97613.1
97649.5
97759.6
98273.211
98273.4
98274.1
98309.5
98407.6
98875.211
98875.4
98876.1
98908.5
99019.6
99507.211
99507.4
99508.1
99587.5
99647.6
99673.6
100179.211
100179.4
100180.1
100213.5
100303.6
100909.4
100910.212
100910.5
100913.4
101010.2
101092.5
101510.3
102010.1
102337.6
102789.211
102789.4
102790.1
102845.5
104289.6
104759.211
104759.4
104760.1
104794.5
104961.6
105561.211
105561.4
105562.1
105562.5
105563.4
105605.5
105709.6
105721.6
106311.4
106312.212
106390.5
106412.2
106912.3
107033.4
107412.1
107597.5
108848.6
109121.211
109121.4
109122.1
109339.5
109484.6
109976.211
109976.4
109977.1
110019.5
110233.6
110685.211
110685.4
110686.1
110718.5
110820.6
111493.4
111494.212
111586.5
111594.2
112094.3
112331.4
112594.1
113018.5
113562.6
114082.211
114082.4
114083.1
114158.5
114304.6
114810.211
114810.4
114811.1
114851.5
115060.6
115677.4
115678.212
115778.2
115805.5
116278.3
116778.1
116940.4
117082.5
117208.6
117516.211
117516.4
117517.1
117549.5
117779.6
118422.4
118423.212
118501.5
118523.2
119023.3
119523.1
120630.6
121091.211
121091.4
121092.1
121124.5
121233.6
121258.6
121652.211
121652.4
121653.1
121698.5
121763.6
122547.4
122548.212
122626.5
122648.2
123148.3
123307.4
123360.5
123430.4
123491.5
123648.1
123915.4
124011.5
124290.6
124552.211
124552.4
124553.1
124613.5
124934.6
125364.211
125364.4
125365.1
125423.5
125566.6
126012.211
126012.4
126013.1
126062.5
126276.6
126728.211
126728.4
126729.1
126777.5
126886.6
127605.4
127606.212
127683.5
127706.2
128206.3
128706.1
128936.6
129622.4
129623.212
129723.2
129733.5
130223.3
130723.1
131649.6
131974.211
131974.4
131975.1
132006.5
132797.6
133276.211
133276.4
133277.1
133309.5
133515.6
134161.4
134162.212
134256.5
134262.2
134762.3
135193.4
135262.1
135389.5
135565.6
135962.211
135962.4
135963.1
135964.5
135966.4
136003.5
136326.6
136723.211
136723.4
136724.1
136839.5
137013.6
137605.211
137605.4
137606.1
137648.5
137835.6
138348.211
138348.4
138349.1
138393.5
138476.6
138937.211
138937.4
138938.1
138992.5
139088.6
139641.211
139641.4
139642.1
139674.5
139777.6
140243.211
140243.4
140244.1
140281.5
140370.6
140842.211
140842.4
140843.1
140893.5
140980.6
140995.6
141573.211
141573.4
141574.1
141767.5
142018.6
142421.211
142421.4
142422.1
142452.5
143133.8
143252.8
143342.8
143401.8
143534.4
143588.5
143679.8
143744.8
143806.8
143821.8
143822.8
143900.8
144052.8
144265.4
144315.5
144507.8
144511.8
144550.8
144565.8
144576.8
144627.8
144692.8
145082.8
145156.8
145248.8
145261.8
145277.8
145451.8
145527.8
145678.8
145703.8
145753.8
146084.8
146097.8
146181.8
146357.8
146616.8
146703.8
146714.8
146718.8
146739.8
147031.4
147076.5
147282.8
147295.8
147409.8
147620.8
147732.8
147767.8
148152.8
148228.8
148233.8
148747.8
148919.8
149556.6
150029.211
150029.4
150030.1
150066.5
150494.4
150526.5
150547.4
150609.5
150722.4
150761.5
150771.4
150799.5
150927.6
151366.211
151366.4
151367.1
151416.5
151625.6
152020.211
152020.4
152021.1
152053.5
153162.6
153502.211
153502.4
153503.1
153535.5
153619.6
154098.211
154098.4
154099.1
154130.5
154276.6
154792.211
154792.4
154793.1
154831.5
154968.6
155434.211
155434.4
155435.1
155469.5
155547.6
155582.6
156243.4
156244.212
156332.5
156344.2
156844.3
157344.1
157681.6
158101.211
158101.4
158102.1
158154.5
158690.6
159064.211
159064.4
159065.1
159145.5
159365.6
160063.4
160064.212
160157.5
160164.2
160664.3
161164.1
161223.6
161848.4
161849.212
161947.5
161949.2
162449.3
162895.4
162896.5
162897.4
162949.1
163982.5
164933.6
165198.211
165198.4
165199.1
165232.5
166570.6
167242.4
167243.212
167343.2
167450.5
167843.3
167922.4
168211.5
168343.1
168571.6
168610.6
169043.211
169043.4
169044.1
169075.5
169081.4
169200.5
169292.6
169860.211
169860.4
169861.1
169893.5
169978.6
170523.211
170523.4
170524.1
170559.5
170840.6
171337.211
171337.4
171338.1
171377.5
171914.6
172373.211
172373.4
172374.1
172411.5
172507.6
173054.211
173054.4
173055.1
173088.5
173224.6
173720.211
173720.4
173721.1
173758.5
173875.6
174435.211
174435.4
174436.1
174471.5
174570.6
175264.4
175265.212
175365.2
175367.5
175865.3
176365.1
178501.6
178890.211
178890.4
178891.1
179012.5
179148.6
179661.211
179661.4
179662.1
179705.5
179706.4
179733.5
180000.9
123456789
12
05
15
12
05
15
3
FI
1
3
9
48
30
10
21
30
6
2
982
0
0
0
314159265
39
0
193
180000
314159265
0.1
704.6
960.211
960.4
961.1
1011.5
1107.6
1618.211
1618.4
1619.1
1655.5
1742.6
1762.6
2228.211
2228.4
2229.1
2280.5
2362.6
3165.4
3166.212
3258.5
3266.2
3766.3
4266.1
4526.6
5314.4
5315.212
5415.2
5450.5
5915.3
6415.1
6603.6
7122.211
7122.4
7123.1
7166.5
7168.4
7172.5
7337.6
7710.6
7945.4
7946.212
8046.2
8059.5
8546.3
8845.4
8942.5
9046.1
9171.6
9814.4
9815.212
9915.2
9926.5
10415.3
10850.4
10915.1
11041.5
11778.6
12208.211
12208.4
12209.1
12281.5
13065.6
13223.211
13223.4
13224.1
13292.5
13530.6
14089.211
14089.4
14090.1
14146.5
14353.6
14805.211
14805.4
14806.1
14967.5
15074.6
15476.211
15476.4
15477.1
15518.5
15639.6
16103.211
16103.4
16104.1
16173.5
16591.6
17127.211
17127.4
17128.1
17433.5
17588.6
17975.211
17975.4
17976.1
18015.5
18150.6
18647.211
18647.4
18648.1
18698.5
18847.6
19302.211
19302.4
19303.1
19356.5
19458.6
19957.211
19957.4
19958.1
19996.5
20114.6
20537.211
20537.4
20538.1
20582.5
20690.6
21090.211
21090.4
21091.1
21135.5
21236.6
21841.4
21842.212
21843.5
21845.4
21928.5
21942.2
22442.3
22942.1
23095.6
23626.211
23626.4
23627.1
23695.5
24279.6
24607.211
24607.4
24608.1
24652.5
24804.6
25314.211
25314.4
25315.1
25370.5
25572.6
26084.211
26084.4
26085.1
26132.5
26278.6
26762.211
26762.4
26763.1
26806.5
26882.6
27367.211
27367.4
27368.1
27410.5
27538.6
27955.211
27955.4
27956.1
27993.5
28093.6
28523.211
28523.4
28524.1
28556.5
28666.6
29043.211
29043.4
29044.1
29074.5
29194.6
29762.211
29762.4
29763.1
29807.5
29943.6
30409.211
30409.4
30410.1
30489.5
30612.6
31096.211
31096.4
31097.1
31135.5
31246.6
31650.211
31650.4
31651.1
31684.5
31740.6
31778.6
32144.211
32144.4
32145.1
32174.5
32312.6
32776.211
32776.4
32777.1
32848.5
32952.6
33416.211
33416.4
33417.1
33451.5
33557.6
34043.211
34043.4
34044.1
34126.5
34193.6
34717.211
34717.4
34718.1
34747.5
34859.6
35296.211
35296.4
35297.1
35332.5
36006.6
36505.211
36505.4
36506.1
36543.5
36654.6
37215.211
37215.4
37216.1
37250.5
37355.6
38098.4
38099.212
38199.2
38242.5
38699.3
39113.6
39137.6
39199.1
39442.6
39767.211
39767.4
39768.1
39813.5
39906.6
40402.211
40402.4
40403.1
40433.5
40716.6
41307.211
41307.4
41308.1
41358.5
41458.6
41472.6
42031.211
42031.4
42032.1
42062.5
42186.6
42851.4
42852.212
42952.2
42995.5
43452.3
43596.4
43952.1
44082.5
44413.6
44743.211
44743.4
44744.1
44776.5
45046.6
45698.4
45699.212
45792.5
45799.2
46299.3
46466.4
46612.5
46799.1
48797.6
49177.211
49177.4
49178.1
49220.5
49424.6
50381.4
50382.212
50454.5
50482.2
50982.3
51482.1
51924.6
52283.211
52283.4
52284.1
52360.5
52543.6
53037.211
53037.4
53038.1
53097.5
53211.6
53701.211
53701.4
53702.1
53742.5
54035.6
54569.211
54569.4
54570.1
54642.5
54826.6
55532.4
55533.212
55633.2
55633.5
56133.3
56138.4
56141.5
56142.4
56222.5
56467.4
56607.5
56633.1
56819.6
57191.211
57191.4
57192.1
57225.5
57489.6
57922.211
57922.4
57923.1
57959.5
58219.6
58752.211
58752.4
58753.1
58787.5
58887.6
58928.6
59427.211
59427.4
59428.1
59467.5
59548.6
60154.4
60155.212
60255.2
60356.5
60755.3
61255.1
61544.6
62205.4
62206.212
62306.2
62317.5
62806.3
63306.1
63947.4
64151.5
64345.6
65011.4
65012.212
65112.2
65122.5
65612.3
66112.1
67405.6
67924.211
67924.4
67925.1
67972.5
68107.6
68650.211
68650.4
68651.1
68704.5
68800.6
69271.211
69271.4
69272.1
69319.5
69754.6
70153.211
70153.4
70154.1
70216.5
70298.6
70883.211
70883.4
70884.1
70975.5
71076.6
71682.4
71683.212
71783.2
71787.5
72283.3
72783.1
72840.4
72876.5
72999.6
73570.211
73570.4
73571.1
73623.5
74008.6
74059.6
74504.211
74504.4
74505.1
74667.5
74884.4
74901.5
75028.6
75558.211
75558.4
75559.1
75596.5
76899.6
77378.211
77378.4
77379.1
77427.5
78171.6
78631.211
78631.4
78632.1
78696.5
78795.6
79331.211
79331.4
79332.1
79375.5
79400.4
79419.5
79427.4
79429.5
79433.4
79474.5
79571.6
80093.211
80093.4
80094.1
80135.5
80223.6
80705.211
80705.4
80706.1
80756.5
80871.6
81323.211
81323.4
81324.1
81357.5
82197.6
82232.6
82635.211
82635.4
82636.1
82679.5
82767.6
83232.211
83232.4
83233.1
83268.5
83357.6
83372.6
83789.211
83789.4
83790.1
83834.5
84147.6
84741.211
84741.4
84742.1
84796.5
84907.6
85033.6
85470.211
85470.4
85471.1
85511.5
85659.6
86292.4
86293.212
86393.2
86396.5
86893.3
87393.1
87654.6
88089.211
88089.4
88090.1
88166.5
88582.6
89079.211
89079.4
89080.1
89122.5
89286.6
89773.211
89773.4
89774.1
89812.5
89927.6
90657.4
90658.212
90740.5
90758.2
91258.3
91340.4
91413.5
91515.4
91604.5
91758.1
92489.6
92765.211
92765.4
92766.1
92799.5
93077.6
93530.211
93530.4
93531.1
93569.5
93864.6
94422.211
94422.4
94423.1
94479.5
94690.6
95224.211
95224.4
95225.1
95265.5
95613.6
95630.6
96319.4
96320.212
96396.5
96420.2
96920.3
97420.1
98610.6
98772.6
98845.211
98845.4
98846.1
98872.5
98950.6
99465.211
99465.4
99466.1
99503.5
99646.6
100262.4
100263.212
100339.5
100363.2
100863.3
101215.4
101218.5
101223.4
101304.5
101363.1
101464.6
102016.211
102016.4
102017.1
102068.5
102456.6
102969.211
102969.4
102970.1
103025.5
103129.6
103717.211
103717.4
103718.1
103793.5
103893.6
104435.211
104435.4
104436.1
104486.5
104592.6
104624.6
105087.211
105087.4
105088.1
105134.5
105240.6
105846.4
105847.212
105933.5
105947.2
106447.3
106947.1
107123.6
107848.4
107849.212
107926.5
107949.2
108449.3
108949.1
109520.4
109521.5
109525.4
109563.5
109707.6
110049.211
110049.4
110050.1
110078.5
110217.6
110746.211
110746.4
110747.1
110786.5
110859.6
110896.6
110921.6
111434.211
111434.4
111435.1
111646.5
111914.6
112353.211
112353.4
112354.1
112447.5
112598.6
113203.4
113204.212
113299.5
113304.2
113804.3
114298.6
114304.1
114411.6
114765.211
114765.4
114766.1
114805.5
114974.6
115409.211
115409.4
115410.1
115450.5
115579.6
116288.4
116289.212
116380.5
116389.2
116889.3
116984.4
117062.5
117389.1
117905.6
118369.211
118369.4
118370.1
118436.5
118877.6
119368.211
119368.4
119369.1
119474.5
119560.6
120361.4
120362.212
120462.2
120471.5
120962.3
121462.1
121660.6
121693.6
122146.211
122146.4
122147.1
122202.5
122415.6
123217.4
123218.212
123318.2
123326.5
123818.3
124318.1
124612.6
125250.4
125251.212
125327.5
125351.2
125851.3
126351.1
126647.6
127108.211
127108.4
127109.1
127167.5
127169.4
127186.5
127640.6
127937.211
127937.4
127938.1
127981.5
128079.6
128633.211
128633.4
128634.1
128675.5
128832.6
129364.211
129364.4
129365.1
129406.5
129510.6
129519.6
130171.4
130172.212
130251.5
130272.2
130772.3
131272.1
131533.6
132095.211
132095.4
132096.1
132147.5
132538.6
133012.211
133012.4
133013.1
133052.5
133212.6
133841.4
133842.212
133929.5
133942.2
134442.3
134942.1
135290.6
135303.6
135772.211
135772.4
135773.1
135837.5
136364.6
136708.211
136708.4
136709.1
136741.5
136912.6
137296.211
137296.4
137297.1
137329.5
137927.6
138387.211
138387.4
138388.1
138432.5
138577.6
138956.211
138956.4
138957.1
139004.5
139099.6
139708.4
139709.212
139804.5
139809.2
140309.3
140809.1
141753.6
142377.4
142378.212
142455.5
142478.2
142978.3
143266.4
143463.5
143478.1
143781.6
144421.4
144422.212
144522.2
144536.5
145022.3
145522.1
145619.6
146038.211
146038.4
146039.1
146126.5
146265.6
146776.211
146776.4
146777.1
146826.5
146930.6
146955.6
147381.211
147381.4
147382.1
147420.5
147572.6
148121.211
148121.4
148122.1
148160.5
148263.6
149008.4
149009.212
149109.2
149162.5
149609.3
150109.1
150140.4
150514.5
150670.6
151036.211
151036.4
151037.1
151065.5
151161.6
151709.211
151709.4
151710.1
151740.5
151861.6
152671.4
152672.212
152751.5
152772.2
153272.3
153772.1
153782.6
153826.6
154210.211
154210.4
154211.1
154334.5
154507.6
155129.4
155130.212
155208.5
155230.2
155730.3
156230.1
156400.4
156518.5
156791.6
157168.211
157168.4
157169.1
157203.5
157310.6
157337.6
157785.211
157785.4
157786.1
157815.5
158374.6
158702.211
158702.4
158703.1
158735.5
158879.6
159807.4
159808.212
159908.2
160408.3
160505.5
160507.4
160527.5
160908.1
161262.6
161315.6
161610.211
161610.4
161611.1
161639.5
161714.6
161743.6
162160.211
162160.4
162161.1
162189.5
162237.6
162658.211
162658.4
162659.1
162703.5
162790.6
163395.4
163396.212
163466.5
163496.2
163996.3
164107.4
164181.5
164496.1
165441.4
165774.5
166327.6
166601.211
166601.4
166602.1
166633.5
166805.6
167257.211
167257.4
167258.1
167301.5
167413.6
167933.211
167933.4
167934.1
167970.5
168216.6
168812.211
168812.4
168813.1
168858.5
169006.6
169725.4
169726.212
169826.2
169863.5
170326.3
170826.1
171156.6
171772.4
171773.212
171873.2
171885.5
172373.3
172873.1
172897.4
173199.5
173446.6
174146.4
174147.212
174226.5
174247.2
174747.3
175247.1
175888.6
176326.211
176326.4
176327.1
176385.5
176790.6
177229.211
177229.4
177230.1
177269.5
177412.6
178049.4
178050.212
178123.5
178150.2
178650.3
179150.1
180000.9
123456789
12
06
15
12
06
15
3
FI
1
3
9
48
15
10
21
15
6
2
796
0
0
0
314159265
45
1
157
180000
314159265
0.1
424.6
805.211
805.4
806.1
868.5
1136.6
1476.211
1476.4
1477.1
1521.5
1653.6
2198.211
2198.4
2199.1
2339.5
2849.6
3160.211
3160.4
3161.1
3186.5
3352.6
3375.6
3695.211
3695.4
3696.1
3735.5
3831.6
4231.211
4231.4
4232.1
4289.5
4387.6
4772.211
4772.4
4773.1
4857.5
4975.6
5506.211
5506.4
5507.1
5538.5
5658.6
6656.4
6657.212
6729.5
6757.2
7257.3
7727.6
7757.1
8099.6
8647.211
8647.4
8648.1
8753.5
8841.6
8863.6
9359.211
9359.4
9360.1
9421.5
9534.6
10061.211
10061.4
10062.1
10100.5
10201.6
10790.211
10790.4
10791.1
10856.5
10966.6
11603.4
11604.212
11704.2
11718.5
12204.3
12552.4
12691.5
12704.1
13422.6
13894.211
13894.4
13895.1
13977.5
14111.6
14651.211
14651.4
14652.1
14739.5
14922.6
15707.4
15708.212
15710.5
15711.4
15788.5
15808.2
16308.3
16807.6
16808.1
16951.6
17500.211
17500.4
17501.1
17567.5
17667.6
18365.4
18366.212
18459.5
18466.2
18889.4
18966.3
19028.5
19466.1
19634.6
20282.4
20283.212
20370.5
20383.2
20883.3
21217.4
21383.1
21502.5
21826.6
22148.211
22148.4
22149.1
22451.5
22625.6
22644.6
22971.211
22971.4
22972.1
23039.5
23168.6
23577.211
23577.4
23578.1
23616.5
23745.6
24154.211
24154.4
24155.1
24204.5
24319.6
24765.211
24765.4
24766.1
24830.5
24926.6
24947.6
25421.211
25421.4
25422.1
25455.5
25598.6
26186.211
26186.4
26187.1
26248.5
26357.6
26807.211
26807.4
26808.1
26841.5
26969.6
27496.211
27496.4
27497.1
27525.5
27650.6
28096.211
28096.4
28097.1
28128.5
28188.6
28203.6
28673.211
28673.4
28674.1
28722.5
28842.6
29413.211
29413.4
29414.1
29449.5
29553.6
29577.6
30062.211
30062.4
30063.1
30099.5
30193.6
30230.6
30827.4
30828.212
30920.5
30928.2
31428.3
31858.6
31889.6
31928.1
32355.6
32613.211
32613.4
32614.1
32650.5
32786.6
32887.6
33268.211
33268.4
33269.1
33379.5
33508.6
33989.211
33989.4
33990.1
34026.5
34161.6
34532.211
34532.4
34533.1
34534.5
34535.4
34564.5
34665.6
35288.4
35289.212
35290.5
35292.4
35386.5
35389.2
35889.3
36389.1
36585.4
36760.5
36905.6
37383.211
37383.4
37384.1
37446.5
37589.6
38263.4
38264.212
38364.2
38369.5
38864.3
39364.1
39408.6
40002.211
40002.4
40003.1
40072.5
40518.6
41292.4
41293.212
41393.2
41404.5
41893.3
42393.1
42737.6
43548.4
43549.212
43649.2
43688.5
44149.3
44649.1
45087.6
45916.4
45917.212
46017.2
46037.5
46517.3
47017.1
47570.6
48385.4
48386.212
48465.5
48486.2
48986.3
49486.1
49558.6
50163.4
50164.212
50264.2
50283.5
50764.3
51264.1
51476.6
52030.211
52030.4
52031.1
52205.5
52530.6
53030.211
53030.4
53031.1
53068.5
53456.6
54106.4
54107.212
54187.5
54207.2
54707.3
55207.1
55281.6
56025.4
56026.212
56103.5
56126.2
56626.3
57126.1
57429.6
58023.211
58023.4
58024.1
58278.5
58536.6
59242.4
59243.212
59323.5
59343.2
59843.3
60343.1
60623.6
61452.4
61453.212
61553.2
61587.5
62053.3
62553.1
62666.4
62892.5
63048.6
63823.4
63824.212
63907.5
63924.2
64424.3
64924.1
65005.4
65371.5
65554.6
66040.211
66040.4
66041.1
66117.5
66419.4
66624.5
67297.6
67754.211
67754.4
67755.1
67849.5
67979.6
68587.4
68588.212
68688.2
68690.5
69188.3
69593.4
69664.5
69688.1
69938.4
70102.5
70374.6
70889.211
70889.4
70890.1
70993.5
71465.6
72058.211
72058.4
72059.1
72145.5
72524.6
73156.4
73157.212
73233.5
73257.2
73757.3
74257.1
74395.4
74461.5
74617.6
74641.6
75467.4
75468.212
75562.5
75568.2
76068.3
76568.1
76737.4
76960.5
77386.6
77882.211
77882.4
77883.1
77935.5
78729.6
79359.4
79360.212
79460.2
79476.5
79577.4
79633.5
79960.3
80460.1
81142.4
81447.5
81694.6
82449.4
82450.212
82540.5
82550.2
83050.3
83470.4
83550.1
84013.5
84440.6
85078.4
85079.212
85179.2
85203.5
85679.3
86004.4
86179.1
86405.5
87344.6
87806.211
87806.4
87807.1
88093.5
88393.6
88957.211
88957.4
88958.1
89022.5
90014.6
91112.4
91113.212
91213.2
91238.5
91375.4
91445.5
91713.3
92213.1
92837.4
93256.5
94816.6
95154.211
95154.4
95155.1
95274.5
95378.6
96106.4
96107.212
96192.5
96207.2
96707.3
97193.4
97207.1
97295.5
97548.6
97987.211
97987.4
97988.1
98064.5
98875.6
99473.211
99473.4
99474.1
99513.5
100194.6
100225.6
100590.211
100590.4
100591.1
100679.5
102595.6
102623.6
102977.211
102977.4
102978.1
103020.5
103884.8
104212.6
104623.211
104623.4
104624.1
104658.5
104752.6
104769.6
105142.211
105142.4
105143.1
105184.5
105271.6
106085.4
106086.212
106186.2
106188.5
106686.3
107136.4
107186.1
107396.5
107689.6
108221.211
108221.4
108222.1
108291.5
109020.6
109498.211
109498.4
109499.1
109565.5
109768.6
110356.211
110356.4
110357.1
110397.5
110509.6
111526.4
111527.212
111600.5
111627.2
112127.3
112498.4
112627.1
112843.5
113932.6
114683.4
114684.212
114784.2
114787.5
115284.3
115784.1
117077.6
117652.211
117652.4
117653.1
117812.5
117918.6
118386.211
118386.4
118387.1
118423.5
118540.6
119135.211
119135.4
119136.1
119179.5
119292.6
120061.4
120062.212
120130.5
120162.2
120662.3
121162.1
121404.6
122184.4
122185.212
122271.5
122285.2
122785.3
123285.1
123503.6
124259.4
124260.212
124335.5
124360.2
124860.3
125360.1
125738.6
126218.211
126218.4
126219.1
126304.5
126551.6
127266.4
127267.212
127367.2
127367.5
127867.3
128367.1
128712.6
129234.211
129234.4
129235.1
129293.5
129669.6
130355.4
130356.212
130451.5
130456.2
130956.3
131456.1
132025.6
132720.4
132721.212
132807.5
132821.2
133321.3
133821.1
134462.6
134868.211
134868.4
134869.1
134956.5
135174.6
135916.4
135917.212
136006.5
136017.2
136517.3
137017.1
137196.6
137805.4
137806.212
137892.5
137906.2
138406.3
138906.1
139104.4
139183.5
139730.6
139753.6
140151.211
140151.4
140152.1
140192.5
140365.6
141464.4
141465.212
141565.2
141589.5
142065.3
142565.1
142763.4
142766.5
142767.4
142960.5
143193.6
144078.4
144079.212
144174.5
144179.2
144679.3
145179.1
145484.4
145804.5
145953.6
146465.211
146465.4
146466.1
146518.5
146747.6
147413.4
147414.212
147499.5
147514.2
148014.3
148514.1
148833.6
149282.211
149282.4
149283.1
149356.5
149576.6
150092.211
150092.4
150093.1
150147.5
150303.6
150631.211
150631.4
150632.1
150674.5
150767.6
150782.6
151262.211
151262.4
151263.1
151287.5
151345.6
151816.211
151816.4
151817.1
151859.5
151872.4
151941.5
152050.6
152957.4
152958.212
153040.5
153058.2
153558.3
154058.1
155950.4
155979.5
156113.6
156724.4
156725.212
156810.5
156825.2
157325.3
157642.4
157644.5
157655.4
157825.1
157858.5
157998.6
158384.211
158384.4
158385.1
158420.5
158971.6
160104.4
160105.212
160205.2
160232.5
160705.3
161205.1
162051.4
162053.5
162058.4
162249.5
162633.6
162976.211
162976.4
162977.1
163009.5
163435.6
164201.4
164202.212
164302.2
164329.5
164802.3
165302.1
165553.6
165570.6
165931.211
165931.4
165932.1
165993.5
166134.6
166573.211
166573.4
166574.1
166645.5
166752.6
167270.211
167270.4
167271.1
167306.5
167415.6
167983.211
167983.4
167984.1
168034.5
168138.6
168670.211
168670.4
168671.1
168718.5
168789.6
169356.211
169356.4
169357.1
169395.5
170657.6
171041.211
171041.4
171042.1
171105.5
171269.6
171956.4
171957.212
172057.2
172059.5
172557.3
173057.1
174081.6
174373.211
174373.4
174374.1
174403.5
176166.4
176213.5
178132.6
178468.211
178468.4
178469.1
180000.9
123456789
12
07
15
12
07
15
3
FI
1
3
9
49
21
10
22
21
6
2
943
0
0
0
314159265
36
4
196
180000
314159265
0.1
523.6
681.211
681.4
682.1
682.5
685.4
690.5
788.6
1004.211
1004.4
1005.1
1072.5
1724.6
2117.211
2117.4
2118.1
2158.5
2307.6
2810.211
2810.4
2811.1
2836.5
2933.6
3129.211
3129.4
3130.1
3152.5
3214.6
3309.6
3823.4
3824.212
3903.5
3924.2
4424.3
4513.4
4815.5
4924.1
5336.6
5970.4
5971.212
6056.5
6071.2
6571.3
6998.4
7064.5
7071.1
8354.4
8372.5
8578.6
8780.211
8780.4
8781.1
8817.5
8948.6
9347.211
9347.4
9348.1
9484.5
9554.6
9691.6
10182.4
10183.212
10260.5
10283.2
10783.3
11283.1
11394.4
11480.5
12120.4
12126.5
12128.4
12388.5
13297.6
13652.211
13652.4
13653.1
13756.5
13845.6
14366.211
14366.4
14367.1
14453.5
15117.6
15560.211
15560.4
15561.1
15620.5
15693.6
15728.6
16262.211
16262.4
16263.1
16307.5
17048.6
17671.4
17672.212
17755.5
17772.2
18272.3
18612.4
18699.5
18772.1
18875.6
19505.4
19506.212
19606.2
19654.5
20106.3
20606.1
20774.4
21040.5
21930.4
22003.5
22153.6
22436.211
22436.4
22437.1
22471.5
22574.6
23059.211
23059.4
23060.1
23102.5
23358.6
23678.211
23678.4
23679.1
23719.5
23804.6
24382.211
24382.4
24383.1
24442.5
24506.6
24995.211
24995.4
24996.1
25028.5
25162.6
25707.211
25707.4
25708.1
25763.5
25865.6
26464.211
26464.4
26465.1
26506.5
26637.6
27075.211
27075.4
27076.1
27119.5
27213.6
27718.211
27718.4
27719.1
27750.5
27829.6
28240.211
28240.4
28241.1
28264.5
28367.6
28875.211
28875.4
28876.1
28906.5
29000.6
29460.211
29460.4
29461.1
29462.5
29463.4
29489.5
29571.6
30217.4
30218.212
30298.5
30318.2
30818.3
31230.6
31257.6
31318.1
31596.6
31609.6
31926.211
31926.4
31927.1
31954.5
32061.6
32503.211
32503.4
32504.1
32530.5
32645.6
33120.211
33120.4
33121.1
33162.5
33271.6
33896.4
33897.212
33987.5
33997.2
34412.4
34497.3
34640.5
34930.6
34970.6
34997.1
35208.6
35644.211
35644.4
35645.1
35746.5
35844.6
36358.211
36358.4
36359.1
36390.5
36497.6
37007.211
37007.4
37008.1
37044.5
37141.6
37750.4
37751.212
37851.2
37886.5
38134.4
38351.3
38385.5
38552.6
38851.1
39212.6
39519.211
39519.4
39520.1
39540.5
39580.6
39592.6
40032.211
40032.4
40033.1
40065.5
40160.6
40623.211
40623.4
40624.1
40654.5
40807.6
41295.211
41295.4
41296.1
41324.5
41406.6
41897.211
41897.4
41898.1
41915.5
42484.6
42867.211
42867.4
42868.1
42900.5
42951.6
42965.6
43510.211
43510.4
43511.1
43541.5
43668.6
44267.211
44267.4
44268.1
44312.5
44416.6
44868.211
44868.4
44869.1
44911.5
44993.6
45466.211
45466.4
45467.1
45491.5
45589.6
46065.211
46065.4
46066.1
46067.5
46069.4
46097.5
46181.6
46708.211
46708.4
46709.1
46733.5
46895.6
47636.4
47637.212
47714.5
47737.2
48237.3
48737.1
49576.4
49714.5
49956.4
50048.5
50431.6
50980.211
50980.4
50981.1
51022.5
51247.6
51762.211
51762.4
51763.1
51799.5
51868.6
51908.6
52351.211
52351.4
52352.1
52379.5
52483.6
52943.211
52943.4
52944.1
52982.5
53070.6
53561.211
53561.4
53562.1
53588.5
53733.6
54456.4
54457.212
54542.5
54557.2
55057.3
55557.1
56560.6
56840.211
56840.4
56841.1
56921.5
57263.6
58244.4
58245.212
58338.5
58345.2
58603.4
58696.5
58845.3
59345.1
59747.4
59833.5
60024.6
60589.211
60589.4
60590.1
60652.5
61062.6
61622.211
61622.4
61623.1
61656.5
61838.6
62343.211
62343.4
62344.1
62418.5
62494.6
62520.6
63102.4
63103.212
63187.5
63203.2
63703.3
64203.1
64883.6
65377.211
65377.4
65378.1
65527.5
65537.4
65726.5
65789.4
65856.5
65879.4
65979.5
66412.6
67000.211
67000.4
67001.1
67033.5
67173.6
67624.211
67624.4
67625.1
67654.5
67757.6
68324.211
68324.4
68325.1
68581.5
68660.6
69091.211
69091.4
69092.1
69116.5
69203.6
69980.4
69981.212
70077.5
70081.2
70581.3
71050.4
71081.1
71177.5
72505.6
73088.211
73088.4
73089.1
73265.5
73383.4
73490.5
74655.6
74751.211
74751.4
74752.1
74790.5
74866.6
75662.4
75663.212
75736.5
75763.2
76263.3
76676.4
76763.1
77064.5
77518.6
77586.211
77586.4
77587.1
77607.5
77698.6
77721.6
78187.211
78187.4
78188.1
78235.5
78396.6
78416.6
78941.211
78941.4
78942.1
78975.5
79142.6
79789.4
79790.212
79890.2
79896.5
80390.3
80890.1
81044.6
81455.211
81455.4
81456.1
81505.5
81651.6
82175.211
82175.4
82176.1
82210.5
82463.6
83070.4
83071.212
83156.5
83171.2
83671.3
84171.1
84810.6
85340.211
85340.4
85341.1
85376.5
85767.6
86415.4
86416.212
86515.5
86516.2
87016.3
87516.1
87840.4
87938.5
88420.4
88426.5
88430.4
88664.5
89253.6
89284.6
89789.211
89789.4
89790.1
89885.5
90013.6
90566.211
90566.4
90567.1
90605.5
90758.6
91541.4
91542.212
91642.2
91643.5
92142.3
92565.4
92642.1
92655.5
92915.4
93081.5
94070.6
94111.6
94147.6
94688.4
94689.212
94766.5
94789.2
95289.3
95789.1
95850.4
96010.5
96174.6
96616.211
96616.4
96617.1
96642.5
96753.6
97129.211
97129.4
97130.1
97194.5
97312.6
97739.211
97739.4
97740.1
97771.5
98150.6
98730.211
98730.4
98731.1
98775.5
98971.6
99489.211
99489.4
99490.1
99528.5
99782.6
100380.211
100380.4
100381.1
100411.5
100875.6
101419.211
101419.4
101420.1
101524.5
101630.6
102224.211
102224.4
102225.1
102282.5
102347.6
103062.4
103063.212
103142.5
103163.2
103663.3
104163.1
104209.4
104335.5
104498.6
105092.211
105092.4
105093.1
105162.5
105334.6
105852.211
105852.4
105853.1
105906.5
105990.6
106507.211
106507.4
106508.1
106545.5
106617.6
106633.6
107216.211
107216.4
107217.1
107315.5
107404.6
108242.4
108243.212
108321.5
108343.2
108843.3
109343.1
109425.6
109964.211
109964.4
109965.1
110032.5
110293.6
110337.6
110944.4
110945.212
111031.5
111045.2
111545.3
112045.1
112176.4
112467.5
112660.6
113260.211
113260.4
113261.1
113328.5
113441.6
113968.211
113968.4
113969.1
114008.5
114134.6
114713.211
114713.4
114714.1
114748.5
116026.6
116518.211
116518.4
116519.1
116550.5
116729.6
117301.211
117301.4
117302.1
117334.5
117427.6
118068.4
118069.212
118137.5
118169.2
118669.3
119021.4
119169.1
119424.5
119552.6
120035.211
120035.4
120036.1
120065.5
120369.6
120807.211
120807.4
120808.1
120848.5
120952.6
121467.211
121467.4
121468.1
121469.5
121470.4
121506.5
121586.6
122136.211
122136.4
122137.1
122174.5
122267.6
122939.4
122940.212
123027.5
123040.2
123540.3
123873.4
123878.5
123880.4
124040.1
124183.5
124313.6
124803.211
124803.4
124804.1
124832.5
124965.6
125534.211
125534.4
125535.1
125566.5
126373.6
126978.4
126979.212
127069.5
127079.2
127579.3
128079.1
128535.4
128812.5
128996.4
129259.5
129458.6
129843.211
129843.4
129844.1
129955.5
130216.6
130647.211
130647.4
130648.1
130806.5
130901.6
131454.211
131454.4
131455.1
131590.5
131966.6
132370.211
132370.4
132371.1
132401.5
133399.6
133828.211
133828.4
133829.1
133973.5
134069.6
134813.4
134814.212
134914.2
134925.5
135414.3
135619.4
135687.5
135914.1
136356.6
137037.4
137038.212
137118.5
137138.2
137638.3
138138.1
138326.4
138528.5
138893.6
139440.211
139440.4
139441.1
139612.5
139830.6
140311.211
140311.4
140312.1
140607.5
140770.6
141225.211
141225.4
141226.1
141334.5
141594.6
142080.211
142080.4
142081.1
142121.5
142234.6
143301.4
143302.212
143380.5
143402.2
143902.3
144107.4
144206.5
144402.1
144895.6
145382.211
145382.4
145383.1
145441.5
145632.6
146188.211
146188.4
146189.1
146224.5
146355.6
147086.4
147087.212
147153.5
147187.2
147687.3
148187.1
148736.6
149361.4
149362.212
149447.5
149462.2
149962.3
150462.1
150777.6
151289.211
151289.4
151290.1
151373.5
151721.6
152237.211
152237.4
152238.1
152344.5
152659.6
152691.6
153917.4
153918.212
154018.2
154018.5
154328.4
154400.5
154518.3
155018.1
157005.6
157392.211
157392.4
157393.1
157451.5
157623.6
158111.211
158111.4
158112.1
158165.5
158167.4
158207.5
158307.6
158888.211
158888.4
158889.1
159004.5
159218.6
159972.4
159973.212
160073.2
160109.5
160573.3
161073.1
161660.6
162267.4
162268.212
162351.5
162368.2
162868.3
163364.4
163368.1
163798.5
164870.6
165360.211
165360.4
165361.1
165420.5
165531.6
166065.211
166065.4
166066.1
166138.5
166231.6
167005.4
167006.212
167086.5
167106.2
167606.3
168106.1
169053.6
169755.4
169756.212
169856.2
169923.5
170356.3
170856.1
171101.4
171333.5
171474.6
172064.211
172064.4
172065.1
172261.5
172425.6
172914.211
172914.4
172915.1
173179.5
173268.6
173704.211
173704.4
173705.1
173742.5
173884.6
174344.211
174344.4
174345.1
174410.5
176144.8
176165.8
176195.8
176291.8
176768.6
176858.211
176858.4
176859.1
176905.5
177016.6
177369.211
177369.4
177370.1
177398.5
177503.6
177927.211
177927.4
177928.1
177928.5
177929.4
177976.5
178051.6
178078.6
178692.4
178693.212
178783.5
178793.2
179293.3
180000.9
123456789
12
08
15
12
08
15
3
FI
1
3
9
55
36
10
28
37
6
2
675
0
0
0
314159265
40
3
137
180000
314159265
0.1
672.6
761.6
1026.211
1026.4
1027.1
1052.5
1371.6
1418.6
1473.6
2064.4
2065.212
2165.2
2208.5
2665.3
3010.4
3165.1
3191.5
3391.6
3885.211
3885.4
3886.1
3966.5
4092.6
4871.4
4872.212
4948.5
4972.2
5472.3
5571.4
5804.5
5972.1
7525.6
7603.211
7603.4
7604.1
7682.5
7688.4
7690.5
7873.6
8188.211
8188.4
8189.1
8287.5
8354.6
8373.6
8896.211
8896.4
8897.1
8964.5
9061.6
9774.4
9775.212
9846.5
9875.2
10375.3
10488.4
10724.5
10875.1
10886.6
10913.6
11678.4
11679.212
11779.2
11785.5
12279.3
12779.1
13424.6
13747.211
13747.4
13748.1
13823.5
14712.6
15030.211
15030.4
15031.1
15093.5
15193.6
15861.4
15862.212
15937.5
15962.2
16462.3
16570.4
16641.5
16962.1
17171.6
18005.4
18006.212
18106.2
18122.5
18514.4
18606.3
19106.1
19547.5
19755.6
20201.211
20201.4
20202.1
20275.5
20379.6
20394.6
20998.4
20999.212
21078.5
21099.2
21599.3
22099.1
22325.4
22424.5
22653.6
23147.211
23147.4
23148.1
23222.5
23971.6
24402.211
24402.4
24403.1
24443.5
24569.6
25186.4
25187.212
25287.2
25291.5
25787.3
26028.4
26282.5
26287.1
26424.6
27036.4
27037.212
27137.2
27138.5
27637.3
27708.4
27710.5
27713.4
27913.5
28137.1
29223.4
29427.5
30019.6
30292.211
30292.4
30293.1
30336.5
30418.6
30738.6
31197.4
31198.212
31296.5
31298.2
31798.3
32178.4
32298.1
32314.5
32453.6
32849.211
32849.4
32850.1
32893.5
33296.6
33747.211
33747.4
33748.1
33797.5
34126.6
34787.4
34788.212
34882.5
34888.2
35388.3
35735.6
35808.6
35888.1
36167.6
36627.211
36627.4
36628.1
36694.5
37364.6
37877.211
37877.4
37878.1
37922.5
38067.6
38764.4
38765.212
38865.2
38906.5
39365.3
39861.6
39865.1
41410.6
41937.211
41937.4
41938.1
41982.5
42085.6
42751.4
42752.212
42844.5
42852.2
43352.3
43852.1
43852.6
45709.4
45724.5
45771.6
45784.6
46311.211
46311.4
46312.1
46361.5
46519.6
47253.4
47254.212
47328.5
47354.2
47854.3
48354.1
49252.6
49885.4
49886.212
49887.5
49888.4
49967.5
49986.2
50486.3
50549.4
50689.5
50986.1
51442.6
52029.211
52029.4
52030.1
52115.5
52260.6
52281.6
52900.4
52901.212
53001.2
53071.5
53501.3
54001.1
54055.4
54240.5
54365.6
54388.6
55071.4
55072.212
55172.2
55209.5
55373.4
55461.5
55672.3
55686.4
55822.5
56172.1
56334.6
57125.4
57126.212
57194.5
57226.2
57726.3
58004.4
58009.5
58010.4
58083.5
58199.6
58226.1
58251.6
58576.211
58576.4
58577.1
58616.5
58722.6
59312.211
59312.4
59313.1
59371.5
59499.6
60016.211
60016.4
60017.1
60057.5
60199.6
60925.4
60926.212
60996.5
61026.2
61526.3
62026.1
62601.6
62886.211
62886.4
62887.1
62920.5
63611.6
63987.211
63987.4
63988.1
64024.5
64130.6
64808.4
64809.212
64909.2
64924.5
65409.3
65909.1
66041.6
66584.211
66584.4
66585.1
66641.5
66787.6
67537.4
67538.212
67629.5
67638.2
68138.3
68638.1
68724.6
69251.211
69251.4
69252.1
69293.5
69474.6
70158.4
70159.212
70259.2
70286.5
70759.3
71259.1
71314.6
71933.4
71934.212
72009.5
72034.2
72534.3
73034.1
73547.6
73910.211
73910.4
73911.1
73997.5
74151.6
74812.4
74813.212
74896.5
74913.2
75413.3
75913.1
76342.6
76783.211
76783.4
76784.1
76847.5
77024.6
77623.211
77623.4
77624.1
77670.5
77820.6
78449.4
78450.212
78531.5
78550.2
79050.3
79550.1
79913.4
80109.5
80253.6
80799.211
80799.4
80800.1
80890.5
81116.6
81720.4
81721.212
81810.5
81821.2
82321.3
82408.4
82553.5
82821.1
83957.6
84486.211
84486.4
84487.1
84542.5
84840.6
85229.211
85229.4
85230.1
85259.5
85371.6
86070.4
86071.212
86139.5
86171.2
86671.3
87107.6
87171.1
87928.6
88221.211
88221.4
88222.1
88252.5
88324.6
88357.6
89017.4
89018.212
89118.2
89139.5
89618.3
90118.1
90628.6
90955.211
90955.4
90956.1
90988.5
91115.6
91572.211
91572.4
91573.1
91613.5
91700.6
92200.211
92200.4
92201.1
92241.5
92326.6
92908.211
92908.4
92909.1
92962.5
93041.6
93552.211
93552.4
93553.1
93584.5
93671.6
94406.4
94407.212
94507.2
94518.5
95007.3
95507.1
96076.6
96566.211
96566.4
96567.1
96597.5
96811.6
97416.4
97417.212
97509.5
97517.2
98017.3
98517.1
98667.4
98725.5
99643.6
99676.6
100217.211
100217.4
100218.1
100262.5
100549.6
101042.211
101042.4
101043.1
101075.5
101622.6
102180.211
102180.4
102181.1
102212.5
102416.6
103248.4
103249.212
103330.5
103349.2
103849.3
104349.1
104839.6
105633.4
105634.212
105705.5
105734.2
106234.3
106725.4
106734.1
106842.5
106988.6
107671.4
107672.212
107739.5
107772.2
108272.3
108772.1
108946.4
109082.5
109339.6
109349.6
109911.211
109911.4
109912.1
109946.5
110055.6
110676.4
110677.212
110777.2
110788.5
111277.3
111777.1
113957.6
114404.211
114404.4
114405.1
114434.5
115247.6
115304.211
115304.4
115305.1
115331.5
115394.6
115429.6
116434.4
116435.212
116515.5
116535.2
117035.3
117535.1
117871.6
118724.4
118725.212
118795.5
118825.2
119325.3
119825.1
119861.4
120048.5
120260.4
120689.5
121092.6
121680.211
121680.4
121681.1
121716.5
121839.6
122427.211
122427.4
122428.1
122461.5
122614.6
122640.6
122650.6
123097.211
123097.4
123098.1
123099.5
123102.4
123128.5
124827.6
124889.211
124889.4
124890.1
125062.5
125117.6
125945.4
125946.212
126046.2
126057.5
126546.3
126755.4
126914.5
127046.1
127308.4
127432.5
127691.6
128254.211
128254.4
128255.1
128286.5
128548.6
129210.4
129211.212
129289.5
129311.2
129441.4
129498.5
129796.4
129811.3
130021.5
130184.6
130311.1
130494.6
130549.6
131106.4
131107.212
131207.2
131216.5
131707.3
132207.1
132412.6
133089.4
133090.212
133184.5
133190.2
133259.4
133333.5
133690.3
134190.1
134975.4
135209.5
135388.6
135794.211
135794.4
135795.1
135837.5
135953.6
136504.211
136504.4
136505.1
136537.5
136993.6
137366.211
137366.4
137367.1
137368.5
137369.4
137412.5
138945.6
139183.211
139183.4
139184.1
139217.5
139325.6
139878.211
139878.4
139879.1
139907.5
142902.8
143129.4
143193.5
144896.8
144954.8
147336.6
147876.211
147876.4
147877.1
147994.5
148058.6
148441.211
148441.4
148442.1
148460.5
148515.6
148946.211
148946.4
148947.1
148974.5
167190.4
167283.5
167366.4
167376.5
167542.4
167583.5
178280.4
180000.9
123456789
12
09
15
12
09
15
3
FI
1
3
9
59
52
10
32
52
6
2
809
0
0
0
314159265
39
4
167
180000
314159265
0.1
479.4
514.5
602.6
627.6
1210.4
1211.212
1311.2
1340.5
1811.3
1983.4
2040.5
2250.6
2311.1
2717.6
3217.211
3217.4
3218.1
3287.5
3432.6
4033.4
4034.212
4134.2
4144.5
4305.4
4481.5
4634.3
5134.1
5250.6
5480.211
5480.4
5481.1
5527.5
5585.6
6093.211
6093.4
6094.1
6138.5
6237.6
6679.211
6679.4
6680.1
6707.5
6826.6
7379.211
7379.4
7380.1
7403.5
7614.6
8067.211
8067.4
8068.1
8105.5
8198.6
8875.4
8876.212
8953.5
8976.2
9476.3
9976.1
10765.6
11293.211
11293.4
11294.1
11332.5
11634.6
11994.211
11994.4
11995.1
12018.5
12023.4
12145.5
12315.6
12748.211
12748.4
12749.1
12777.5
12880.6
13428.211
13428.4
13429.1
13479.5
13581.6
14069.211
14069.4
14070.1
14092.5
14203.6
14843.4
14844.212
14944.2
14947.5
15444.3
15944.1
16166.4
16240.5
16308.6
16808.211
16808.4
16809.1
16837.5
17045.6
17710.4
17711.212
17789.5
17811.2
18102.4
18158.5
18311.3
18534.4
18755.5
18811.1
18855.6
19733.4
19734.212
19809.5
19834.2
20257.4
20262.5
20263.4
20308.5
20334.3
20439.6
20790.6
20834.1
21330.6
21813.211
21813.4
21814.1
21875.5
22562.6
22979.211
22979.4
22980.1
23017.5
23105.6
23118.6
23698.211
23698.4
23699.1
23728.5
23858.6
24420.211
24420.4
24421.1
24452.5
24545.6
25293.4
25294.212
25370.5
25394.2
25894.3
26375.6
26394.1
26649.6
27050.211
27050.4
27051.1
27080.5
27180.6
27799.4
27800.212
27888.5
27900.2
28400.3
28900.1
28937.4
29073.5
29731.6
30232.211
30232.4
30233.1
30273.5
30401.6
30907.211
30907.4
30908.1
30949.5
31156.6
31647.211
31647.4
31648.1
31680.5
32937.6
33002.211
33002.4
33003.1
33031.5
33220.6
33597.211
33597.4
33598.1
33628.5
33698.6
34143.211
34143.4
34144.1
34177.5
34248.6
34901.4
34902.212
34976.5
35002.2
35502.3
35666.4
35729.5
35850.6
36002.1
36234.6
36705.211
36705.4
36706.1
36742.5
37175.6
37615.211
37615.4
37616.1
37649.5
37757.6
38425.4
38426.212
38506.5
38526.2
39026.3
39178.4
39418.5
39526.1
39537.6
40174.4
40175.212
40266.5
40275.2
40775.3
40933.4
41214.5
41275.1
41377.6
42001.4
42002.212
42079.5
42102.2
42602.3
43102.1
43374.6
44088.4
44089.212
44189.2
44222.5
44689.3
45189.1
45561.6
45958.211
45958.4
45959.1
46020.5
46707.6
47249.211
47249.4
47250.1
47300.5
47403.6
48031.4
48032.212
48132.2
48165.5
48632.3
49056.4
49132.1
49138.5
49375.4
49682.5
49826.6
50156.211
50156.4
50157.1
50218.5
50643.6
51115.211
51115.4
51116.1
51153.5
52600.6
53160.211
53160.4
53161.1
53200.5
53204.4
53220.5
53534.6
54005.211
54005.4
54006.1
54074.5
54172.6
54986.4
54987.212
54988.5
54990.4
55087.2
55099.5
55587.3
55985.4
56087.1
56185.5
56298.6
56779.211
56779.4
56780.1
56823.5
57353.6
57826.211
57826.4
57827.1
57862.5
57971.6
59123.4
59124.212
59218.5
59224.2
59724.3
60224.1
60483.6
61376.4
61377.212
61459.5
61477.2
61977.3
62477.1
62590.6
63196.4
63197.212
63292.5
63297.2
63797.3
64297.1
64469.6
65078.4
65079.212
65173.5
65179.2
65679.3
66179.1
66765.6
67343.211
67343.4
67344.1
67396.5
67546.6
68091.211
68091.4
68092.1
68131.5
68225.6
68748.211
68748.4
68749.1
68779.5
68835.6
69381.211
69381.4
69382.1
69410.5
69459.6
70015.211
70015.4
70016.1
70062.5
70157.6
70706.211
70706.4
70707.1
70743.5
70821.6
71344.211
71344.4
71345.1
71374.5
71462.6
72038.211
72038.4
72039.1
72082.5
72167.6
72703.211
72703.4
72704.1
72730.5
72921.6
73352.211
73352.4
73353.1
73378.5
73591.6
74106.211
74106.4
74107.1
74137.5
74219.6
74816.211
74816.4
74817.1
74845.5
74919.6
75502.211
75502.4
75503.1
75589.5
75595.4
75611.5
75682.6
76400.4
76401.212
76486.5
76501.2
77001.3
77501.1
78149.6
78512.211
78512.4
78513.1
78550.5
78650.6
79275.4
79276.212
79376.2
79379.5
79876.3
80376.1
80558.6
81252.4
81253.212
81353.2
81376.5
81659.4
81748.5
81853.3
81974.6
82353.1
82445.6
82981.211
82981.4
82982.1
83006.5
83105.6
83765.4
83766.212
83852.5
83866.2
84366.3
84733.6
84866.1
84980.6
84998.6
85029.6
85600.4
85601.212
85675.5
85701.2
86201.3
86692.4
86701.1
86810.5
86924.6
87461.211
87461.4
87462.1
87537.5
87758.6
88279.211
88279.4
88280.1
88315.5
88448.6
88938.211
88938.4
88939.1
89000.5
89067.6
89611.211
89611.4
89612.1
89644.5
89794.6
90270.211
90270.4
90271.1
90306.5
90855.6
91369.211
91369.4
91370.1
91410.5
91519.6
92269.4
92270.212
92358.5
92370.2
92870.3
93228.4
93278.5
93370.1
93609.6
94245.4
94246.212
94331.5
94346.2
94846.3
95346.1
95633.6
96052.211
96052.4
96053.1
96053.5
96054.4
96083.5
96292.6
96943.4
96944.212
97044.2
97046.5
97544.3
98044.1
98147.4
98149.5
98150.4
98200.5
98291.6
98322.6
98868.211
98868.4
98869.1
98904.5
99094.6
99113.6
99719.4
99720.212
99797.5
99820.2
100320.3
100820.1
100917.6
100956.6
101431.211
101431.4
101432.1
101461.5
102219.6
102714.211
102714.4
102715.1
102752.5
102854.6
103745.4
103746.212
103746.5
103748.4
103845.5
103846.2
104088.4
104177.5
104230.4
104346.3
104830.5
104846.1
104984.6
106044.4
106045.212
106127.5
106145.2
106645.3
106957.4
107145.1
107204.5
107690.6
108227.211
108227.4
108228.1
108261.5
108369.6
109045.4
109046.212
109126.5
109146.2
109646.3
110146.1
110872.4
111000.5
111311.6
111726.211
111726.4
111727.1
111801.5
111918.6
111930.6
112433.211
112433.4
112434.1
112474.5
112638.6
113015.211
113015.4
113016.1
113039.5
113146.6
113815.4
113816.212
113905.5
113916.2
114241.4
114307.5
114416.3
114916.1
115262.4
115411.5
115699.6
116137.211
116137.4
116138.1
116206.5
116353.6
116887.211
116887.4
116888.1
116921.5
117048.6
117668.4
117669.212
117741.5
117769.2
118269.3
118769.1
119167.6
119702.211
119702.4
119703.1
119747.5
119864.6
120374.211
120374.4
120375.1
120418.5
120572.6
121407.4
121408.212
121508.2
121509.5
122008.3
122220.4
122306.5
122508.1
122715.4
122717.5
122719.4
123029.5
123215.6
123914.4
123915.212
124015.2
124090.5
124515.3
125015.1
125275.4
125318.5
125451.6
125955.211
125955.4
125956.1
125992.5
126216.6
126649.211
126649.4
126650.1
126677.5
126768.6
127319.211
127319.4
127320.1
127373.5
127488.6
127992.211
127992.4
127993.1
128027.5
128125.6
129019.4
129020.212
129102.5
129120.2
129620.3
129986.4
130120.1
130142.5
130266.6
130654.211
130654.4
130655.1
130689.5
130850.6
131371.211
131371.4
131372.1
131411.5
135450.6
135810.211
135810.4
135811.1
135847.5
140519.6
140926.211
140926.4
140927.1
140957.5
141181.6
141189.6
141792.4
141793.212
141873.5
141893.2
142393.3
142471.4
142488.5
142493.4
142542.5
142690.6
142893.1
143340.8
143550.6
143561.6
144011.211
144011.4
144012.1
144101.5
144190.6
144596.6
144660.211
144660.4
144661.1
144699.5
144738.6
144996.6
145066.211
145066.4
145067.1
145104.5
145147.6
145600.211
145600.4
145601.1
145651.5
149635.8
149673.8
149828.8
153704.6
153948.6
154519.4
154520.212
154620.2
154639.5
154816.4
154881.5
155120.3
155406.4
155584.5
155620.1
155792.6
156083.211
156083.4
156084.1
156114.5
156180.6
156738.211
156738.4
156739.1
156788.5
161401.4
161420.5
167639.6
167820.211
167820.4
167821.1
167829.5
167876.6
168205.211
168205.4
168206.1
168239.5
172462.6
172752.211
172752.4
172753.1
172780.5
175122.6
175841.4
175842.212
175925.5
175942.2
176442.3
176682.4
176784.5
176942.1
176970.4
177070.5
178452.6
178960.211
178960.4
178961.1
180000.9
123456789
12
10
15
12
10
15
3
FI
1
3
9
56
18
10
29
18
6
2
909
0
0
0
314159265
51
1
183
180000
314159265
0.1
348.6
615.211
615.4
616.1
677.5
796.6
1200.211
1200.4
1201.1
1250.5
1367.6
1952.211
1952.4
1953.1
2067.5
2158.6
2755.211
2755.4
2756.1
2794.5
2892.6
3464.211
3464.4
3465.1
3514.5
3603.6
3634.6
4088.211
4088.4
4089.1
4121.5
4323.6
4806.211
4806.4
4807.1
4837.5
4910.6
5225.211
5225.4
5226.1
5253.5
5493.6
5962.211
5962.4
5963.1
6008.5
6080.6
6128.6
6749.4
6750.212
6826.5
6850.2
7350.3
7352.4
7588.5
7797.6
7812.6
7850.1
8553.6
8676.211
8676.4
8677.1
8711.5
8755.6
9278.211
9278.4
9279.1
9308.5
9400.6
10106.4
10107.212
10183.5
10207.2
10660.4
10707.3
10733.5
10972.6
10991.6
11207.1
11276.6
11805.211
11805.4
11806.1
11838.5
12009.6
12494.211
12494.4
12495.1
12526.5
12693.6
13335.4
13336.212
13428.5
13436.2
13936.3
14436.1
14449.6
15052.4
15053.212
15153.2
15172.5
15653.3
15717.4
15902.5
16024.6
16153.1
16221.6
16671.211
16671.4
16672.1
16710.5
17008.6
17036.6
17543.211
17543.4
17544.1
17586.5
17782.6
18242.211
18242.4
18243.1
18279.5
18376.6
18394.6
18890.211
18890.4
18891.1
18924.5
19028.6
19759.4
19760.212
19841.5
19860.2
20331.4
20360.3
20649.5
20860.1
20873.6
21431.211
21431.4
21432.1
21464.5
21637.6
21647.6
22161.211
22161.4
22162.1
22192.5
22301.6
22319.6
22943.4
22944.212
23026.5
23044.2
23535.4
23544.3
23582.5
23731.6
24020.6
24044.1
24255.6
24824.211
24824.4
24825.1
24855.5
24992.6
25037.6
25103.6
25670.4
25671.212
25752.5
25771.2
26271.3
26496.6
26771.1
26922.6
26951.6
27550.4
27551.212
27645.5
27651.2
28073.4
28151.3
28160.5
28651.1
28815.6
29418.4
29419.212
29494.5
29519.2
30019.3
30088.4
30143.5
30303.6
30487.6
30519.1
30544.6
31019.211
31019.4
31020.1
31214.5
31317.6
31328.6
31841.211
31841.4
31842.1
31882.5
31988.6
32507.211
32507.4
32508.1
32570.5
32670.6
33299.4
33300.212
33400.2
33401.5
33900.3
34400.1
34409.6
35112.4
35113.212
35193.5
35213.2
35713.3
35980.6
36213.1
36291.6
36307.6
36838.211
36838.4
36839.1
36961.5
37071.6
37607.211
37607.4
37608.1
37642.5
38029.6
38551.211
38551.4
38552.1
38587.5
38692.6
39375.4
39376.212
39465.5
39476.2
39976.3
40385.6
40415.6
40476.1
40649.6
41071.211
41071.4
41072.1
41118.5
41298.6
41874.211
41874.4
41875.1
42041.5
42125.6
42264.6
42871.4
42872.212
42972.2
42980.5
43472.3
43730.4
43815.5
43972.1
44002.6
44707.4
44708.212
44798.5
44808.2
45308.3
45540.4
45689.5
45808.1
45888.6
45909.6
46459.211
46459.4
46460.1
46521.5
46811.6
47447.4
47448.212
47548.2
47552.5
47781.4
47964.5
48048.3
48548.1
48725.6
48759.6
49280.211
49280.4
49281.1
49354.5
49604.6
50181.211
50181.4
50182.1
50218.5
50417.6
50911.211
50911.4
50912.1
50972.5
51063.6
51084.6
51742.4
51743.212
51842.5
51843.2
52343.3
52549.6
52843.1
53018.6
53025.6
53043.6
53431.211
53431.4
53432.1
53464.5
53561.6
54191.4
54192.212
54284.5
54292.2
54583.4
54693.5
54792.3
55011.4
55292.1
55361.5
55365.4
55397.5
55549.6
55959.211
55959.4
55960.1
55993.5
56154.6
56172.6
56193.6
56735.211
56735.4
56736.1
56774.5
56992.6
57639.4
57640.212
57712.5
57740.2
58240.3
58740.1
58817.4
59014.5
59969.6
60523.211
60523.4
60524.1
60581.5
60678.6
60703.6
61384.4
61385.212
61466.5
61485.2
61985.3
62139.4
62485.1
62611.5
62793.6
63384.211
63384.4
63385.1
63440.5
63614.6
63641.6
64240.4
64241.212
64341.2
64360.5
64841.3
65039.4
65341.1
65487.5
65634.6
65657.6
66280.4
66281.212
66346.5
66381.2
66881.3
67381.1
67566.6
68130.211
68130.4
68131.1
68196.5
68372.6
68391.6
69044.4
69045.212
69118.5
69145.2
69645.3
70145.1
70194.6
70735.211
70735.4
70736.1
70794.5
71188.6
71711.211
71711.4
71712.1
71773.5
71955.6
72584.4
72585.212
72685.2
72689.5
73185.3
73362.4
73511.5
73685.1
73702.6
74484.4
74485.212
74566.5
74585.2
75085.3
75585.1
75767.6
76348.211
76348.4
76349.1
76391.5
76800.6
76834.6
77348.211
77348.4
77349.1
77384.5
77614.6
78197.211
78197.4
78198.1
78239.5
78357.6
78370.6
78954.211
78954.4
78955.1
78993.5
79113.6
80485.4
80486.212
80576.5
80586.2
81086.3
81573.6
81586.1
81686.6
82548.4
82549.212
82649.2
82669.5
82863.4
82941.5
83149.3
83649.1
83833.4
83995.5
84133.6
84156.6
84729.211
84729.4
84730.1
84800.5
84821.4
84916.5
85046.6
85735.4
85736.212
85811.5
85836.2
86336.3
86432.4
86439.5
86446.4
86570.5
86836.1
86861.4
86903.5
87070.6
87514.211
87514.4
87515.1
87549.5
87926.6
87955.6
88364.211
88364.4
88365.1
88403.5
88555.6
89229.4
89230.212
89300.5
89330.2
89830.3
90061.4
90161.5
90306.4
90330.1
90359.5
90532.6
91277.4
91278.212
91378.2
91390.5
91878.3
92378.1
92504.4
92512.5
92832.6
93638.4
93639.212
93727.5
93739.2
94239.3
94736.6
94739.1
94773.6
95403.4
95404.212
95477.5
95504.2
96004.3
96504.1
96741.6
96785.6
97239.211
97239.4
97240.1
97315.5
97499.6
98154.4
98155.212
98234.5
98255.2
98755.3
99255.1
99384.6
99824.211
99824.4
99825.1
99923.5
100140.6
100157.6
100752.4
100753.212
100853.2
100866.5
101273.4
101353.3
101853.1
102013.5
102537.4
103017.5
103276.6
103819.211
103819.4
103820.1
103859.5
103974.6
103988.6
104573.211
104573.4
104574.1
104612.5
104762.6
105254.211
105254.4
105255.1
105292.5
105356.6
105383.6
106054.4
106055.212
106155.2
106218.5
106365.4
106418.5
106655.3
107106.4
107155.1
107236.5
107322.4
107765.5
107921.6
108548.4
108549.212
108649.2
108708.5
109149.3
109576.4
109649.1
109987.5
110189.6
110638.211
110638.4
110639.1
110679.5
110847.6
111417.211
111417.4
111418.1
111488.5
111601.6
112340.4
112341.212
112441.2
112525.5
112813.4
112941.3
112980.5
113289.4
113441.1
113454.5
113535.4
113649.5
113759.4
114289.5
114546.6
115171.4
115172.212
115268.5
115272.2
115771.4
115772.3
115942.5
116158.6
116272.1
116400.6
116809.211
116809.4
116810.1
116857.5
117134.6
117585.211
117585.4
117586.1
117700.5
117859.6
118235.211
118235.4
118236.1
118276.5
118385.6
119197.4
119198.212
119293.5
119298.2
119798.3
120142.4
120298.1
120468.5
120596.6
121045.211
121045.4
121046.1
121089.5
121218.6
121833.4
121834.212
121835.5
121837.4
121914.5
121934.2
122434.3
122934.1
123267.4
123329.5
123450.6
123963.211
123963.4
123964.1
124010.5
124160.6
124427.6
124948.4
124949.212
125021.5
125049.2
125549.3
126049.1
126658.4
126819.5
126943.6
127514.211
127514.4
127515.1
127557.5
127889.6
128596.4
128597.212
128697.2
128697.5
129197.3
129278.4
129332.5
129697.1
129827.4
130188.5
130306.6
130843.211
130843.4
130844.1
130957.5
131039.6
131770.4
131771.212
131854.5
131871.2
132371.3
132648.4
132871.1
133066.5
133228.4
133402.5
133544.6
134100.211
134100.4
134101.1
134136.5
134343.6
134363.6
135006.4
135007.212
135095.5
135107.2
135278.4
135322.5
135607.3
136107.1
136586.4
136759.5
136918.6
136934.6
137625.4
137626.212
137726.2
137746.5
138226.3
138726.1
138729.4
138793.5
139625.4
139890.5
140034.6
140680.4
140681.212
140774.5
140781.2
141281.3
141781.1
142286.6
142306.6
142318.6
142746.211
142746.4
142747.1
142792.5
143080.6
143103.6
144247.4
144248.212
144344.5
144348.2
144848.3
145348.1
145764.6
146287.211
146287.4
146288.1
146445.5
146693.6
147324.4
147325.212
147403.5
147425.2
147925.3
148425.1
148428.4
148501.5
148733.4
149060.5
149258.6
149803.211
149803.4
149804.1
149908.5
150076.6
150101.6
150803.4
150804.212
150884.5
150904.2
151404.3
151904.1
151939.4
152003.5
152877.4
153018.5
153170.6
153691.211
153691.4
153692.1
153732.5
154546.6
155127.211
155127.4
155128.1
155176.5
155275.6
155853.211
155853.4
155854.1
155885.5
155958.6
156672.4
156673.212
156761.5
156773.2
157273.3
157773.1
158191.6
158612.211
158612.4
158613.1
158643.5
158953.6
159426.211
159426.4
159427.1
159516.5
159611.6
160678.4
160679.212
160747.5
160779.2
161279.3
161779.1
161808.4
162084.5
162221.6
162296.6
162783.211
162783.4
162784.1
162830.5
163186.6
163634.211
163634.4
163635.1
163667.5
165244.6
165676.211
165676.4
165677.1
165678.5
165679.4
165799.5
165940.6
166402.211
166402.4
166403.1
166433.5
166504.6
167187.4
167188.212
167270.5
167288.2
167788.3
168185.4
168288.1
168302.5
168713.6
169211.211
169211.4
169212.1
169242.5
176122.8
177799.6
178356.211
178356.4
178357.1
180000.9
123456789
12
11
15
12
11
15
3
FI
1
3
9
49
15
10
22
15
6
2
801
0
0
0
314159265
52
0
158
180000
314159265
0.1
531.6
790.6
1077.211
1077.4
1078.1
1140.5
1294.6
1814.211
1814.4
1815.1
1853.5
1981.6
1999.6
2483.211
2483.4
2484.1
2545.5
2929.6
3385.211
3385.4
3386.1
3415.5
3595.6
4528.4
4529.212
4603.5
4629.2
5129.3
5488.4
5629.1
5632.5
5806.6
5830.6
6415.4
6416.212
6516.2
6547.5
7016.3
7516.1
7972.6
8698.4
8699.212
8793.5
8799.2
9299.3
9606.6
9630.6
9669.6
9740.6
9799.1
10074.6
10776.4
10777.212
10872.5
10877.2
11377.3
11848.6
11877.1
12954.6
13143.211
13143.4
13144.1
13230.5
13408.6
14067.4
14068.212
14168.2
14178.5
14668.3
15168.1
15904.6
16450.211
16450.4
16451.1
16578.5
16777.6
16795.6
17410.4
17411.212
17483.5
17511.2
18011.3
18511.1
18513.6
19061.211
19061.4
19062.1
19135.5
19488.6
20183.4
20184.212
20277.5
20284.2
20784.3
21284.1
21448.6
21489.6
22279.4
22280.212
22281.5
22282.4
22369.5
22380.2
22402.4
22469.5
22880.3
23380.1
23914.6
23933.6
24434.211
24434.4
24435.1
24436.5
24437.4
24486.5
25002.4
25043.5
25154.6
25730.211
25730.4
25731.1
25767.5
25894.6
25914.6
26483.211
26483.4
26484.1
26649.5
26731.6
26740.6
27309.211
27309.4
27310.1
27345.5
27465.6
28030.211
28030.4
28031.1
28066.5
28206.6
28226.6
28801.211
28801.4
28802.1
28850.5
28959.6
28977.6
29626.4
29627.212
29727.2
29860.5
30227.3
30727.1
30770.6
30791.6
31709.4
31710.212
31803.5
31810.2
32310.3
32810.1
32858.6
33381.211
33381.4
33382.1
33417.5
33493.6
34199.4
34200.212
34285.5
34300.2
34800.3
35300.1
35617.6
36310.4
36311.212
36411.2
36416.5
36911.3
37111.4
37304.5
37411.1
38151.6
38560.211
38560.4
38561.1
38599.5
38604.4
38656.5
39107.6
39694.211
39694.4
39695.1
39731.5
39954.6
40980.4
40981.212
41060.5
41081.2
41581.3
41686.4
41752.5
42034.6
42081.1
42198.6
42596.211
42596.4
42597.1
42627.5
42877.6
43564.4
43565.212
43653.5
43665.2
44165.3
44665.1
45476.6
46052.211
46052.4
46053.1
46129.5
46287.6
46935.4
46936.212
47036.2
47105.5
47258.4
47339.5
47536.3
47879.4
48036.1
48036.5
48279.6
48304.6
49018.4
49019.212
49119.2
49145.5
49619.3
50119.1
51092.4
51097.5
51099.4
51236.5
51479.6
52058.211
52058.4
52059.1
52117.5
52270.6
53083.4
53084.212
53162.5
53184.2
53684.3
54184.1
54395.6
54414.6
54929.211
54929.4
54930.1
55108.5
55309.6
55831.211
55831.4
55832.1
55903.5
56039.6
56791.4
56792.212
56892.2
56939.5
57392.3
57883.4
57892.1
58237.5
58529.6
58589.6
59386.4
59387.212
59466.5
59487.2
59987.3
60487.1
60711.4
60762.5
61675.6
62359.4
62360.212
62460.2
62464.5
62960.3
63279.4
63460.1
63737.5
64044.6
64089.6
64567.211
64567.4
64568.1
64647.5
65179.6
65673.211
65673.4
65674.1
65723.5
65819.6
65831.6
66529.4
66530.212
66630.2
66759.5
67130.3
67630.1
67692.4
68373.5
68679.6
68701.6
69131.211
69131.4
69132.1
69170.5
69476.6
69528.6
69595.6
70069.211
70069.4
70070.1
70131.5
70287.6
70306.6
70906.4
70907.212
71007.2
71013.5
71507.3
72007.1
72348.6
72995.4
72996.212
73096.2
73097.5
73282.4
73344.5
73596.3
74096.1
75599.6
75619.6
76136.211
76136.4
76137.1
76208.5
76696.6
77358.4
77359.212
77457.5
77459.2
77959.3
78459.1
79194.6
79212.6
79723.211
79723.4
79724.1
79762.5
79888.6
79908.6
80514.4
80515.212
80602.5
80615.2
80873.4
80922.5
81115.3
81304.4
81469.5
81615.1
81729.6
82378.4
82379.212
82456.5
82479.2
82979.3
83479.1
83976.6
84655.4
84656.212
84741.5
84756.2
85243.4
85256.3
85346.5
85756.1
85852.6
86368.211
86368.4
86369.1
86416.5
86551.6
87093.211
87093.4
87094.1
87152.5
87268.6
87924.4
87925.212
88025.2
88223.5
88525.3
88544.6
89025.1
89149.6
89571.211
89571.4
89572.1
89611.5
89707.6
90383.4
90384.212
90384.5
90386.4
90457.5
90484.2
90769.4
90846.5
90984.3
91274.4
91352.5
91484.1
91638.6
92183.211
92183.4
92184.1
92242.5
92763.6
93225.211
93225.4
93226.1
93267.5
93457.6
94201.4
94202.212
94277.5
94302.2
94802.3
95129.4
95130.5
95137.4
95302.1
95415.5
95872.6
96548.4
96549.212
96648.5
96649.2
97149.3
97649.1
98061.4
98166.5
98626.6
99326.4
99327.212
99400.5
99427.2
99927.3
100243.4
100317.5
100427.1
100614.4
100728.5
100944.6
101573.4
101574.212
101674.2
101683.5
101976.4
102174.3
102228.5
102674.1
102783.4
103046.5
103429.4
104153.5
104159.4
104162.5
104185.4
104419.5
104833.6
105125.211
105125.4
105126.1
105151.5
105296.6
105849.211
105849.4
105850.1
105887.5
106013.6
106033.6
106583.211
106583.4
106584.1
106629.5
106728.6
107381.4
107382.212
107482.2
107531.5
107982.3
108482.1
108610.4
108829.5
109080.6
109102.6
109654.211
109654.4
109655.1
109694.5
110323.6
110808.211
110808.4
110809.1
110903.5
111013.6
111561.211
111561.4
111562.1
111602.5
111734.6
112353.4
112354.212
112438.5
112454.2
112954.3
113224.4
113321.5
113454.1
113530.6
114164.4
114165.212
114257.5
114265.2
114765.3
115265.1
115427.4
115532.5
115724.4
115861.5
116092.6
116797.4
116798.212
116882.5
116898.2
117398.3
117898.1
117949.6
118438.211
118438.4
118439.1
118489.5
118797.6
119549.4
119550.212
119632.5
119650.2
120150.3
120650.1
120778.6
120802.6
121395.4
121396.212
121463.5
121496.2
121996.3
122496.1
122839.6
123378.211
123378.4
123379.1
123427.5
123828.6
124362.211
124362.4
124363.1
124531.5
124643.6
124658.6
125024.211
125024.4
125025.1
125067.5
125295.6
126583.4
126584.212
126666.5
126684.2
127184.3
127515.4
127610.5
127684.1
127932.6
128589.4
128590.212
128690.2
128722.5
129190.3
129690.1
130069.4
130254.5
130818.6
131337.211
131337.4
131338.1
131372.5
131539.6
132142.4
132143.212
132241.5
132243.2
132743.3
133230.4
133243.1
133438.5
133513.4
133779.5
134133.6
134708.211
134708.4
134709.1
134750.5
135197.6
135984.4
135985.212
136065.5
136085.2
136585.3
137085.1
137469.6
138082.4
138083.212
138159.5
138183.2
138683.3
139183.1
139404.6
140042.4
140043.212
140143.2
140209.5
140643.3
141143.1
142062.6
142612.211
142612.4
142613.1
142700.5
143066.6
143670.4
143671.212
143746.5
143771.2
144271.3
144321.4
144375.5
144771.1
144924.4
144985.5
145259.6
145678.211
145678.4
145679.1
145715.5
146212.6
146976.4
146977.212
147063.5
147077.2
147577.3
148077.1
148227.6
148770.211
148770.4
148771.1
148811.5
149209.6
149639.211
149639.4
149640.1
149686.5
150099.6
150134.6
150760.4
150761.212
150838.5
150861.2
151361.3
151861.1
152211.6
152747.211
152747.4
152748.1
152793.5
153013.6
153664.4
153665.212
153765.2
153783.5
154265.3
154765.1
154945.6
155352.211
155352.4
155353.1
155408.5
156069.6
156512.211
156512.4
156513.1
156551.5
159095.6
159332.211
159332.4
159333.1
159360.5
159419.6
159807.211
159807.4
159808.1
159873.5
159984.6
160585.4
160586.212
160660.5
160686.2
161186.3
161686.1
162362.6
162925.211
162925.4
162926.1
162963.5
163180.6
163999.4
164000.212
164100.2
164110.5
164600.3
165100.1
169479.4
169752.5
171030.6
171223.211
171223.4
171224.1
171373.5
171557.6
171829.211
171829.4
171830.1
171981.5
172495.6
173113.4
173114.212
173191.5
173214.2
173714.3
174214.1
174602.6
174965.211
174965.4
174966.1
175176.5
175606.6
175663.211
175663.4
175664.1
175692.5
175748.6
176111.211
176111.4
176112.1
176142.5
176248.6
176773.211
176773.4
176774.1
176814.5
177123.6
177647.211
177647.4
177648.1
177689.5
179350.6
179563.6
179849.211
179849.4
179850.1
180000.9
123456789
12
12
15
12
12
15
3
FI
1
3
9
47
46
10
20
46
6
2
710
0
0
0
314159265
37
4
146
180000
314159265
0.1
13.6
260.211
260.4
261.1
285.5
474.6
736.211
736.4
737.1
792.5
882.6
1579.4
1580.212
1680.2
1785.5
2180.3
2659.4
2680.1
2761.5
3100.6
3516.211
3516.4
3517.1
3596.5
3728.6
4427.4
4428.212
4516.5
4528.2
5028.3
5100.4
5171.5
5485.4
5528.1
5560.5
5888.6
6368.211
6368.4
6369.1
6407.5
6677.6
7162.211
7162.4
7163.1
7190.5
7447.6
7916.211
7916.4
7917.1
7980.5
7981.4
7995.5
8109.6
8657.211
8657.4
8658.1
8695.5
8960.6
9611.4
9612.212
9712.2
9733.5
10212.3
10712.1
11510.6
11958.211
11958.4
11959.1
11993.5
12867.6
13368.211
13368.4
13369.1
13438.5
13525.6
14329.4
14330.212
14425.5
14430.2
14930.3
15424.6
15430.1
15463.6
16367.4
16368.212
16467.5
16468.2
16968.3
17420.4
17422.5
17430.4
17468.1
17493.5
18010.6
18476.211
18476.4
18477.1
18517.5
18956.6
19658.4
19659.212
19753.5
19759.2
20097.4
20168.5
20259.3
20759.1
21254.4
21335.5
22435.6
22802.211
22802.4
22803.1
22846.5
23031.6
23670.4
23671.212
23759.5
23771.2
24271.3
24633.4
24771.1
24864.5
25374.6
25967.211
25967.4
25968.1
26074.5
26297.6
26860.211
26860.4
26861.1
26894.5
27131.6
27827.4
27828.212
27928.2
28015.5
28428.3
28928.1
29124.6
29703.211
29703.4
29704.1
29750.5
30008.6
30453.211
30453.4
30454.1
30483.5
30539.6
30581.6
31108.211
31108.4
31109.1
31140.5
31233.6
31862.4
31863.212
31942.5
31963.2
32463.3
32963.1
33151.6
33167.6
33753.4
33754.212
33844.5
33854.2
34354.3
34854.1
35274.4
35439.5
35650.4
35763.5
35980.6
36723.4
36724.212
36819.5
36824.2
37324.3
37824.1
37947.4
37953.5
37956.4
38012.5
38164.6
38183.6
38602.211
38602.4
38603.1
38663.5
38833.6
39264.211
39264.4
39265.1
39309.5
39477.6
40037.211
40037.4
40038.1
40080.5
40249.6
40847.211
40847.4
40848.1
41090.5
41256.6
41703.211
41703.4
41704.1
41754.5
41845.6
42386.211
42386.4
42387.1
42464.5
42604.6
43273.4
43274.212
43362.5
43374.2
43874.3
44374.1
44643.6
45204.211
45204.4
45205.1
45252.5
45439.6
46045.4
46046.212
46146.2
46213.5
46646.3
47146.1
47401.6
48056.4
48057.212
48138.5
48157.2
48657.3
49157.1
49428.4
49600.5
49768.6
50531.4
50532.212
50632.2
50646.5
51132.3
51632.1
51690.4
51792.5
52132.4
52190.5
52409.6
52852.211
52852.4
52853.1
52891.5
53119.6
53623.211
53623.4
53624.1
53657.5
53807.6
54554.4
54555.212
54649.5
54655.2
55155.3
55599.4
55655.1
55905.5
56039.6
56512.211
56512.4
56513.1
56540.5
56678.6
57399.4
57400.212
57500.2
57563.5
58000.3
58500.1
58849.4
58959.5
59219.4
59347.5
59692.6
60185.211
60185.4
60186.1
60222.5
60343.6
60787.211
60787.4
60788.1
60847.5
60972.6
61719.4
61720.212
61804.5
61820.2
62320.3
62816.4
62820.1
63208.5
63624.6
64295.4
64296.212
64380.5
64396.2
64653.4
64723.5
64896.3
65396.1
66118.4
66207.5
66370.6
66384.6
66399.6
67006.4
67007.212
67100.5
67107.2
67607.3
68107.1
68231.4
68488.5
68809.6
69264.211
69264.4
69265.1
69298.5
69446.6
69456.6
70555.4
70556.212
70629.5
70656.2
71156.3
71656.1
71978.6
72379.211
72379.4
72380.1
72413.5
72567.6
73154.211
73154.4
73155.1
73248.5
73443.6
74103.4
74104.212
74204.2
74204.5
74704.3
75204.1
75472.6
76018.211
76018.4
76019.1
76069.5
76259.6
76793.211
76793.4
76794.1
76827.5
76967.6
77570.4
77571.212
77671.2
77709.5
78171.3
78671.1
80041.6
80074.6
80471.211
80471.4
80472.1
80499.5
80846.6
81358.211
81358.4
81359.1
81360.5
81362.4
81396.5
84143.6
84952.4
84953.212
85053.2
85053.5
85553.3
86053.1
86571.6
86977.211
86977.4
86978.1
87011.5
88244.4
88304.5
88868.8
89554.8
90583.6
90930.211
90930.4
90931.1
90933.5
90934.4
90996.5
92077.6
92523.211
92523.4
92524.1
92557.5
92662.6
93146.211
93146.4
93147.1
93177.5
95414.6
95837.211
95837.4
95838.1
95927.5
97805.4
97870.5
98458.4
98481.5
99196.6
99349.211
99349.4
99350.1
99363.5
99434.6
99827.211
99827.4
99828.1
99829.5
99830.4
99861.5
99953.6
100446.211
100446.4
100447.1
100475.5
100576.6
100886.211
100886.4
100887.1
100905.5
100951.6
100967.6
101509.211
101509.4
101510.1
101553.5
101647.6
102195.211
102195.4
102196.1
102408.5
102525.6
103236.4
103237.212
103320.5
103337.2
103837.3
104337.1
104836.6
105271.211
105271.4
105272.1
105316.5
105461.6
106161.4
106162.212
106243.5
106262.2
106762.3
107071.4
107262.1
107590.5
107762.6
108280.211
108280.4
108281.1
108433.5
108549.6
109168.4
109169.212
109269.2
109281.5
109769.3
110269.1
110583.6
110604.6
111189.4
111190.212
111285.5
111290.2
111790.3
112290.1
112587.6
113068.211
113068.4
113069.1
113188.5
113632.6
113701.6
114329.4
114330.212
114409.5
114430.2
114930.3
115368.4
115430.1
115430.5
115649.4
115846.5
116275.6
116667.211
116667.4
116668.1
116758.5
117279.6
117540.211
117540.4
117541.1
117572.5
117683.6
118302.4
118303.212
118394.5
118403.2
118903.3
119383.4
119403.1
119473.5
119785.6
120282.211
120282.4
120283.1
120347.5
120681.6
121152.211
121152.4
121153.1
121251.5
121450.6
121911.211
121911.4
121912.1
121951.5
122047.6
122053.6
122634.211
122634.4
122635.1
122688.5
122807.6
123369.211
123369.4
123370.1
123407.5
123534.6
124042.211
124042.4
124043.1
124076.5
124214.6
124736.211
124736.4
124737.1
124771.5
124872.6
125401.211
125401.4
125402.1
125436.5
125553.6
126204.4
126205.212
126297.5
126305.2
126805.3
127305.1
127567.4
127669.5
127754.6
127778.6
128488.4
128489.212
128569.5
128589.2
129089.3
129589.1
129650.4
129920.5
130045.6
130515.211
130515.4
130516.1
130550.5
130711.6
131203.211
131203.4
131204.1
131232.5
131386.6
132092.4
132093.212
132171.5
132193.2
132693.3
133193.1
133812.4
133881.5
134441.6
134882.211
134882.4
134883.1
134912.5
135071.6
135702.4
135703.212
135782.5
135803.2
136303.3
136803.1
137028.6
137524.211
137524.4
137525.1
137563.5
137753.6
138217.211
138217.4
138218.1
138254.5
140154.4
140178.5
140227.6
140744.211
140744.4
140745.1
140778.5
140916.6
141499.211
141499.4
141500.1
141549.5
141817.6
142401.211
142401.4
142402.1
142429.5
143745.8
144080.4
144128.5
144224.6
145002.4
145003.212
145103.2
145150.5
145603.3
146103.1
146758.6
147324.211
147324.4
147325.1
147355.5
148254.6
148963.4
148964.212
149057.5
149064.2
149564.3
150064.1
152734.6
153576.4
153577.212
153673.5
153677.2
154177.3
154677.1
155183.6
155568.211
155568.4
155569.1
155597.5
173718.8
174505.6
175040.211
175040.4
175041.1
175115.5
178986.6
179331.211
179331.4
179332.1
180000.9
123456789
12
13
15
12
13
15
3
FI
1
3
9
53
36
10
26
36
6
2
528
0
0
0
314159265
23
3
105
180000
314159265
0.1
198.4
214.5
486.6
880.211
880.4
881.1
922.5
935.4
970.5
1097.6
1117.6
1155.6
1202.6
1653.211
1653.4
1654.1
1706.5
1809.6
2452.4
2453.212
2534.5
2553.2
3053.3
3222.6
3244.6
3553.1
3773.6
3793.6
4260.211
4260.4
4261.1
4286.5
4887.6
5009.211
5009.4
5010.1
5031.5
5081.6
5118.6
5500.211
5500.4
5501.1
5502.5
5504.4
5536.5
5677.6
6289.4
6290.212
6371.5
6390.2
6890.3
7108.4
7151.5
7353.6
7390.1
7656.6
7669.6
8075.211
8075.4
8076.1
8111.5
8251.6
8837.211
8837.4
8838.1
8881.5
8993.6
9013.6
9600.4
9601.212
9701.2
9708.5
10201.3
10391.6
10600.6
10701.1
10760.6
10894.6
11506.4
11507.212
11588.5
11607.2
12107.3
12607.1
13027.6
13420.211
13420.4
13421.1
13450.5
13645.6
14167.211
14167.4
14168.1
14210.5
14315.6
14325.6
14941.4
14942.212
15016.5
15042.2
15542.3
15586.4
15589.5
15596.4
15800.5
16024.6
16042.1
16152.6
16693.211
16693.4
16694.1
16759.5
16928.6
17434.211
17434.4
17435.1
17464.5
17665.6
18257.211
18257.4
18258.1
18327.5
18793.6
19435.4
19436.212
19536.2
19573.5
20036.3
20355.6
20536.1
20754.6
20784.6
21452.4
21453.212
21553.2
21554.5
22053.3
22355.6
22553.1
22944.6
22982.6
23505.211
23505.4
23506.1
23539.5
24801.6
25105.211
25105.4
25106.1
25133.5
25246.6
25795.211
25795.4
25796.1
25860.5
26017.6
26625.4
26626.212
26726.2
26757.5
27226.3
27433.4
27556.5
27726.1
27732.6
28319.211
28319.4
28320.1
28485.5
28668.6
29248.211
29248.4
29249.1
29280.5
29398.6
30048.4
30049.212
30137.5
30149.2
30649.3
30745.4
30938.5
31068.6
31149.1
31295.6
31814.211
31814.4
31815.1
31843.5
32000.6
32787.4
32788.212
32871.5
32888.2
33388.3
33562.4
33601.5
33741.6
33825.6
33888.1
34153.6
34171.6
34815.4
34816.212
34905.5
34916.2
35416.3
35916.1
36142.4
36590.5
36789.6
37547.4
37548.212
37628.5
37648.2
38148.3
38344.4
38527.5
38648.1
38681.6
39254.211
39254.4
39255.1
39331.5
39683.6
40211.211
40211.4
40212.1
40255.5
40434.6
40936.211
40936.4
40937.1
40968.5
41025.6
41618.211
41618.4
41619.1
41662.5
41788.6
42288.211
42288.4
42289.1
42325.5
42434.6
42450.6
43273.4
43274.212
43364.5
43374.2
43874.3
44374.1
44378.6
45028.4
45029.212
45030.5
45031.4
45129.2
45175.5
45629.3
46002.6
46129.1
46914.6
47220.211
47220.4
47221.1
47251.5
49712.6
50151.211
50151.4
50152.1
50200.5
55892.6
56180.211
56180.4
56181.1
56182.5
56183.4
56206.5
58398.6
58508.211
58508.4
58509.1
58538.5
58607.6
58624.6
59213.4
59214.212
59314.2
59358.5
59814.3
60314.1
60833.6
61276.211
61276.4
61277.1
61319.5
63231.4
63257.5
68852.4
68886.5
69113.6
69451.211
69451.4
69452.1
69492.5
71577.6
72007.211
72007.4
72008.1
72039.5
76538.6
76988.211
76988.4
76989.1
77017.5
80846.6
81442.211
81442.4
81443.1
81473.5
84817.6
84826.6
85093.6
86051.4
86052.212
86132.5
86152.2
86652.3
86718.4
86763.5
87152.1
88990.8
89166.8
89778.6
90195.211
90195.4
90196.1
90230.5
91410.6
91619.211
91619.4
91620.1
91643.5
91691.6
92260.211
92260.4
92261.1
92299.5
95200.4
95228.5
97717.6
97788.6
98531.4
98532.212
98631.5
98632.2
99132.3
99402.4
99484.5
99632.1
99767.6
100190.211
100190.4
100191.1
100216.5
100953.6
101411.211
101411.4
101412.1
101444.5
105768.6
106480.4
106481.212
106581.2
106612.5
107081.3
107581.1
107782.6
108134.211
108134.4
108135.1
108167.5
113913.6
114381.211
114381.4
114382.1
114468.5
119384.4
119428.5
119478.6
119886.211
119886.4
119887.1
119916.5
123523.6
123985.211
123985.4
123986.1
124036.5
140715.6
141038.211
141038.4
141039.1
141069.5
142686.6
142994.211
142994.4
142995.1
143040.5
144342.6
144787.211
144787.4
144788.1
144827.5
144882.6
145605.4
145606.212
145699.5
145706.2
146206.3
146706.1
146757.4
147019.5
147143.6
147755.4
147756.212
147844.5
147856.2
148331.4
148356.3
148581.5
148650.4
148796.5
148856.1
148931.4
148964.5
149057.6
149611.211
149611.4
149612.1
149613.5
149615.4
149735.5
150152.6
150690.211
150690.4
150691.1
150728.5
151772.6
152197.211
152197.4
152198.1
152226.5
152334.6
152953.4
152954.212
153054.2
153095.5
153554.3
154054.1
154730.6
155232.211
155232.4
155233.1
155263.5
156964.6
157800.4
157801.212
157889.5
157901.2
158401.3
158901.1
159715.4
159732.5
159871.6
160300.211
160300.4
160301.1
160321.5
163205.6
163407.211
163407.4
163408.1
163431.5
164567.6
164588.6
164873.211
164873.4
164874.1
164909.5
167737.6
167866.211
167866.4
167867.1
167874.5
167920.6
168373.211
168373.4
168374.1
168404.5
169070.6
169533.211
169533.4
169534.1
169556.5
174196.4
174205.5
174267.6
175073.4
175074.212
175152.5
175174.2
175625.4
175674.3
175767.5
176174.1
176568.6
176871.6
177156.211
177156.4
177157.1
177188.5
177855.8
180000.9
123456789
12
14
15
12
14
15
3
FI
1
3
9
48
16
10
21
15
6
2
770
0
0
0
314159265
39
2
153
180000
314159265
0.1
328.4
348.5
463.6
947.211
947.4
948.1
971.5
1097.6
1651.211
1651.4
1652.1
1700.5
1762.6
2220.211
2220.4
2221.1
2258.5
2358.6
2993.4
2994.212
3094.2
3110.5
3594.3
3650.4
3674.5
3993.6
4094.1
4310.6
4936.4
4937.212
5037.2
5071.5
5537.3
5939.6
6037.1
6158.6
6538.211
6538.4
6539.1
6622.5
7390.6
7792.211
7792.4
7793.1
7861.5
7965.6
8344.211
8344.4
8345.1
8379.5
9102.6
9423.211
9423.4
9424.1
9460.5
9597.6
10053.211
10053.4
10054.1
10172.5
10396.6
10838.211
10838.4
10839.1
10882.5
10972.6
11665.4
11666.212
11766.2
11788.5
12266.3
12726.6
12766.1
12862.6
13318.211
13318.4
13319.1
13359.5
14060.6
14385.211
14385.4
14386.1
14421.5
14584.6
15049.211
15049.4
15050.1
15096.5
15188.6
15926.4
15927.212
16019.5
16027.2
16527.3
17027.1
17230.6
17732.211
17732.4
17733.1
17770.5
17947.6
18512.211
18512.4
18513.1
18545.5
18695.6
19438.4
19439.212
19539.2
19548.5
20039.3
20539.1
20618.6
21245.4
21246.212
21327.5
21346.2
21846.3
22260.4
22338.5
22346.1
22836.4
23013.5
23379.6
23792.211
23792.4
23793.1
23839.5
23927.6
24491.211
24491.4
24492.1
24546.5
24932.6
25413.211
25413.4
25414.1
25452.5
25579.6
26086.211
26086.4
26087.1
26135.5
26258.6
26767.211
26767.4
26768.1
26799.5
26905.6
27577.4
27578.212
27664.5
27678.2
27867.4
27920.5
28178.3
28678.1
28705.4
29073.5
29582.6
30128.211
30128.4
30129.1
30164.5
30400.6
30889.211
30889.4
30890.1
30931.5
31110.6
31607.211
31607.4
31608.1
31651.5
31740.6
32309.211
32309.4
32310.1
32343.5
32439.6
33012.211
33012.4
33013.1
33043.5
33362.6
33889.211
33889.4
33890.1
33921.5
34013.6
34702.4
34703.212
34773.5
34803.2
35180.4
35250.5
35303.3
35803.1
35870.4
36093.5
36328.6
36868.211
36868.4
36869.1
36907.5
37398.6
38057.4
38058.212
38158.2
38161.5
38658.3
39011.4
39158.1
39214.5
39353.4
39524.5
39645.6
40201.211
40201.4
40202.1
40234.5
40413.6
41238.4
41239.212
41339.2
41370.5
41739.4
41750.5
41753.4
41833.5
41839.3
42333.6
42339.1
42361.6
42913.211
42913.4
42914.1
42943.5
43043.6
43058.6
45135.4
45136.212
45236.2
45239.5
45330.4
45385.5
45736.3
46236.1
50877.4
50903.5
51442.6
52156.4
52157.212
52248.5
52257.2
52757.3
53257.1
53481.4
53712.5
53940.6
54528.211
54528.4
54529.1
54561.5
54751.6
55288.211
55288.4
55289.1
55524.5
55821.6
56708.4
56709.212
56809.2
56849.5
57309.3
57809.1
57975.4
58117.5
58201.6
58814.4
58815.212
58889.5
58915.2
59415.3
59758.4
59915.1
60000.5
60360.6
60962.4
60963.212
61040.5
61063.2
61563.3
62063.1
62445.4
62568.5
62685.6
63113.211
63113.4
63114.1
63149.5
63473.6
64121.4
64122.212
64198.5
64222.2
64722.3
65222.1
65488.6
65553.6
66006.211
66006.4
66007.1
66064.5
66277.6
67429.4
67430.212
67530.2
67576.5
68030.3
68530.1
69775.6
70159.211
70159.4
70160.1
70191.5
70283.6
70713.211
70713.4
70714.1
70745.5
70802.6
71488.4
71489.212
71573.5
71589.2
72089.3
72589.1
72747.6
73139.211
73139.4
73140.1
73178.5
73382.6
73814.211
73814.4
73815.1
73856.5
73979.6
74716.4
74717.212
74796.5
74817.2
75317.3
75817.1
75959.4
76030.5
76215.4
76323.5
76561.6
77169.4
77170.212
77250.5
77270.2
77770.3
78270.1
78425.6
79003.211
79003.4
79004.1
79268.5
79830.6
80398.211
80398.4
80399.1
80441.5
80885.6
81318.211
81318.4
81319.1
81350.5
81446.6
82112.4
82113.212
82203.5
82213.2
82713.3
83213.1
83368.6
83499.6
83828.211
83828.4
83829.1
83899.5
83997.6
84088.6
84631.4
84632.212
84732.2
84738.5
85232.3
85732.1
85850.6
86598.4
86599.212
86683.5
86699.2
87199.3
87686.4
87699.1
87762.5
88168.4
88320.5
88628.6
88862.6
89171.211
89171.4
89172.1
89310.5
89390.6
89419.6
89876.211
89876.4
89877.1
89921.5
90021.6
90551.211
90551.4
90552.1
90582.5
90878.6
91440.211
91440.4
91441.1
91498.5
91651.6
92201.6
92259.4
92260.212
92357.5
92360.2
92860.3
93360.1
93421.4
93490.5
93849.6
94284.211
94284.4
94285.1
94324.5
94482.6
95067.211
95067.4
95068.1
95107.5
95225.6
95941.4
95942.212
96037.5
96042.2
96542.3
96942.4
97027.5
97042.1
97136.4
97240.5
97362.6
97905.211
97905.4
97906.1
97951.5
98109.6
98677.211
98677.4
98678.1
98712.5
98864.6
99467.4
99468.212
99550.5
99568.2
100068.3
100420.4
100511.5
100568.1
101076.6
101592.211
101592.4
101593.1
101672.5
101785.6
102215.211
102215.4
102216.1
102250.5
102297.6
102320.6
102369.6
102915.4
102916.212
103016.2
103021.5
103516.3
104016.1
104153.4
104287.5
104508.6
105050.211
105050.4
105051.1
105093.5
105261.6
105855.211
105855.4
105856.1
105910.5
106039.6
107089.4
107090.212
107158.5
107190.2
107690.3
108190.1
108301.4
108353.5
108476.6
109189.4
109190.212
109290.2
109302.5
109790.3
110290.1
110474.6
111056.211
111056.4
111057.1
111182.5
111277.6
111569.6
111597.6
111929.4
111930.212
112030.2
112040.5
112530.3
113030.1
113060.4
113308.5
113591.6
114103.211
114103.4
114104.1
114144.5
114320.6
114946.4
114947.212
115038.5
115047.2
115505.4
115547.3
115591.5
116047.1
116212.6
116823.4
116824.212
116903.5
116924.2
117424.3
117924.1
118055.6
118080.6
118511.211
118511.4
118512.1
118587.5
118779.6
119253.211
119253.4
119254.1
119318.5
119419.6
119556.6
120036.4
120037.212
120137.2
120148.5
120637.3
121137.1
121403.6
121880.211
121880.4
121881.1
121939.5
122113.6
122663.211
122663.4
122664.1
122753.5
122823.6
123590.4
123591.212
123668.5
123691.2
124191.3
124691.1
125389.4
125532.5
125686.6
126228.211
126228.4
126229.1
126261.5
126422.6
126792.6
127067.4
127068.212
127168.2
127193.5
127549.4
127619.5
127668.3
128168.1
128537.6
129000.211
129000.4
129001.1
129026.5
130522.6
130927.211
130927.4
130928.1
130959.5
132370.6
132812.211
132812.4
132813.1
132851.5
133046.6
133063.6
133592.211
133592.4
133593.1
133620.5
133732.6
134310.211
134310.4
134311.1
134419.5
134512.6
135153.4
135154.212
135251.5
135254.2
135754.3
136254.1
136419.6
136441.6
136959.211
136959.4
136960.1
136997.5
138381.6
138846.211
138846.4
138847.1
138884.5
140919.6
141323.211
141323.4
141324.1
141351.5
141456.6
142033.211
142033.4
142034.1
142062.5
143125.6
143640.211
143640.4
143641.1
143670.5
143841.6
144263.211
144263.4
144264.1
144290.5
144366.6
144847.211
144847.4
144848.1
144870.5
144916.6
145232.6
145279.211
145279.4
145280.1
145309.5
145362.6
145966.4
145967.212
146067.2
146070.5
146567.3
146715.4
146969.5
147067.1
148313.6
148858.211
148858.4
148859.1
148921.5
149013.6
149331.211
149331.4
149332.1
149353.5
149411.6
149501.211
149501.4
149502.1
149535.5
149589.6
150034.211
150034.4
150035.1
150066.5
150460.8
152792.6
152915.211
152915.4
152916.1
152935.5
152982.6
153607.4
153608.212
153708.2
153854.5
154208.3
154708.1
154883.6
155383.211
155383.4
155384.1
155407.5
159876.6
159897.6
160399.211
160399.4
160400.1
160428.5
166036.8
166737.6
166777.6
167218.211
167218.4
167219.1
167248.5
173670.6
173918.6
174495.4
174496.212
174572.5
174596.2
175096.3
175373.4
175594.5
180000.9
123456789
12
15
15
12
15
15
3
FI
1
3
9
48
17
10
21
17
6
2
752
0
0
0
314159265
46
0
143
180000
314159265
0.1
420.6
498.211
498.4
499.1
513.5
660.6
987.211
987.4
988.1
989.5
991.4
1027.5
1114.6
1139.6
1298.6
1680.211
1680.4
1681.1
1707.5
1831.6
2422.211
2422.4
2423.1
2453.5
2681.6
3431.4
3432.212
3532.2
3539.5
4032.3
4445.6
4532.1
4682.6
5222.211
5222.4
5223.1
5251.5
5466.6
5893.211
5893.4
5894.1
5921.5
6032.6
6354.211
6354.4
6355.1
6382.5
6516.6
7006.211
7006.4
7007.1
7034.5
7230.6
7251.6
7758.211
7758.4
7759.1
7792.5
7903.6
8389.211
8389.4
8390.1
8420.5
8525.6
9217.4
9218.212
9294.5
9318.2
9818.3
10148.6
10262.6
10318.1
10665.6
11036.211
11036.4
11037.1
11183.5
11269.6
11947.4
11948.212
12040.5
12048.2
12548.3
12995.6
13026.6
13048.1
13118.6
13540.211
13540.4
13541.1
13593.5
13918.6
14358.211
14358.4
14359.1
14389.5
14528.6
14543.6
15054.211
15054.4
15055.1
15088.5
15207.6
15893.4
15894.212
15989.5
15994.2
16494.3
16994.1
17207.6
17829.4
17830.212
17922.5
17930.2
18430.3
18458.4
18555.5
18930.1
18935.4
19164.5
19444.6
20073.4
20074.212
20165.5
20174.2
20674.3
21174.1
21636.4
21745.5
21857.6
22477.4
22478.212
22552.5
22578.2
23078.3
23578.1
23867.6
24280.211
24280.4
24281.1
24322.5
24565.6
24579.6
25117.211
25117.4
25118.1
25204.5
25402.6
26184.4
26185.212
26261.5
26285.2
26785.3
27285.1
27369.6
27922.211
27922.4
27923.1
27956.5
28422.6
28437.6
29023.4
29024.212
29124.2
29142.5
29624.3
30124.1
30243.6
30848.4
30849.212
30936.5
30949.2
31449.3
31949.1
32399.4
32628.5
32655.4
32812.5
32944.6
33447.211
33447.4
33448.1
33479.5
33722.6
34241.211
34241.4
34242.1
34294.5
34409.6
34987.211
34987.4
34988.1
35023.5
35122.6
35930.4
35931.212
36022.5
36031.2
36146.4
36198.5
36531.3
36971.4
37031.1
37050.5
37307.4
37451.5
37721.6
38069.6
38304.211
38304.4
38305.1
38337.5
38555.6
39128.211
39128.4
39129.1
39178.5
39306.6
39911.4
39912.212
40006.5
40012.2
40512.3
41012.1
41182.6
41239.6
41697.211
41697.4
41698.1
41751.5
42157.6
42863.4
42864.212
42952.5
42964.2
43464.3
43964.1
44090.4
44138.5
44279.6
44838.211
44838.4
44839.1
44885.5
45574.6
46103.211
46103.4
46104.1
46134.5
46237.6
47027.4
47028.212
47128.2
47144.5
47628.3
48093.4
48128.1
48156.5
48250.6
48740.211
48740.4
48741.1
48766.5
48890.6
49520.4
49521.212
49621.2
49648.5
49870.4
49872.5
49878.4
49880.5
49883.4
49991.5
50121.3
50224.6
50261.6
50621.1
51022.6
51275.211
51275.4
51276.1
51289.5
51354.6
51393.6
51814.211
51814.4
51815.1
51846.5
51933.6
52285.211
52285.4
52286.1
52306.5
52358.6
52459.6
52547.211
52547.4
52548.1
52568.5
52613.6
52672.6
52739.6
53192.211
53192.4
53193.1
53232.5
53330.6
53353.6
53365.6
53410.6
53944.4
53945.212
54045.2
54274.5
54545.3
54615.6
54674.6
54809.6
54834.6
55045.1
55085.4
55098.5
55162.6
55215.6
55223.6
55283.6
55627.211
55627.4
55628.1
55652.5
55701.6
55816.6
56265.211
56265.4
56266.1
56299.5
56378.6
56991.4
56992.212
57092.2
57110.5
57536.4
57592.3
57613.5
57835.4
57950.5
58092.1
58094.6
58123.6
58619.211
58619.4
58620.1
58667.5
58788.6
59358.211
59358.4
59359.1
59464.5
59576.6
60163.211
60163.4
60164.1
60202.5
60304.6
60844.211
60844.4
60845.1
60891.5
61008.6
61652.4
61653.212
61730.5
61753.2
62253.3
62753.1
62869.6
63417.211
63417.4
63418.1
63451.5
63637.6
63656.6
64298.4
64299.212
64373.5
64399.2
64899.3
65399.1
65433.6
66120.4
66121.212
66194.5
66221.2
66721.3
67221.1
67513.6
68152.4
68153.212
68229.5
68253.2
68753.3
69253.1
69533.4
69549.5
69552.4
69601.5
69685.6
70338.4
70339.212
70439.2
70456.5
70939.3
71439.1
71774.6
72375.4
72376.212
72466.5
72476.2
72976.3
73476.1
73685.6
74192.211
74192.4
74193.1
74246.5
74533.6
75205.4
75206.212
75306.2
75319.5
75806.3
76278.4
76306.1
76510.5
76658.6
77310.4
77311.212
77397.5
77411.2
77911.3
78411.1
78756.6
78844.6
79215.211
79215.4
79216.1
79359.5
79566.6
80228.4
80229.212
80319.5
80329.2
80829.3
81329.1
81581.6
82056.211
82056.4
82057.1
82092.5
82347.6
82994.4
82995.212
83075.5
83095.2
83595.3
84095.1
84535.6
85161.4
85162.212
85240.5
85262.2
85762.3
86262.1
86899.6
87534.4
87535.212
87610.5
87635.2
88135.3
88635.1
88966.4
89024.5
89302.6
89880.211
89880.4
89881.1
89931.5
90649.6
91615.4
91616.212
91697.5
91716.2
92216.3
92716.1
92926.4
93008.5
93144.6
93857.4
93858.212
93936.5
93958.2
94458.3
94601.4
94660.5
94958.1
94985.4
95272.5
95415.6
95986.211
95986.4
95987.1
96055.5
96415.6
97031.4
97032.212
97132.2
97140.5
97632.3
98132.1
98339.6
98867.211
98867.4
98868.1
98906.5
99188.6
99694.211
99694.4
99695.1
99732.5
100604.6
101106.211
101106.4
101107.1
101154.5
103325.6
103436.211
103436.4
103437.1
103460.5
103607.6
104124.211
104124.4
104125.1
104201.5
104278.6
104295.6
104864.211
104864.4
104865.1
104895.5
104996.6
105011.6
105745.4
105746.212
105826.5
105846.2
106346.3
106777.4
106846.1
106921.5
107055.6
107756.4
107757.212
107837.5
107857.2
108357.3
108857.1
109085.6
109106.6
109619.211
109619.4
109620.1
109659.5
109936.6
110528.211
110528.4
110529.1
110575.5
110701.6
111606.4
111607.212
111689.5
111707.2
112207.3
112707.1
112851.4
112941.5
114214.6
114687.211
114687.4
114688.1
114717.5
114727.4
114754.5
114899.6
115411.211
115411.4
115412.1
115452.5
115587.6
116291.4
116292.212
116392.2
116396.5
116617.4
116678.5
116892.3
117392.1
117706.4
117891.5
118102.6
118738.4
118739.212
118839.2
118842.5
119339.3
119839.1
120439.6
120983.211
120983.4
120984.1
121082.5
121161.6
121898.4
121899.212
121985.5
121999.2
122499.3
122999.1
123111.6
123729.4
123730.212
123830.2
123952.5
124330.3
124830.1
125350.6
125382.6
125986.4
125987.212
126056.5
126087.2
126587.3
126642.4
126725.5
127087.1
127240.4
127320.5
127457.6
128740.4
128741.212
128818.5
128841.2
129341.3
129615.4
129841.1
130214.5
130476.6
131116.4
131117.212
131199.5
131217.2
131717.3
132217.1
132323.6
132794.211
132794.4
132795.1
132843.5
134456.6
134577.211
134577.4
134578.1
134590.5
135461.6
135530.211
135530.4
135531.1
135560.5
135627.6
136084.211
136084.4
136085.1
136152.5
138196.6
138222.6
138282.6
138587.211
138587.4
138588.1
138611.5
142040.6
142589.211
142589.4
142590.1
142611.5
147846.6
148468.4
148469.212
148557.5
148569.2
149069.3
149569.1
150488.6
151258.4
151259.212
151359.2
151392.5
151859.3
152359.1
152566.6
152573.6
153508.4
153509.212
153609.2
153628.5
154109.3
154609.1
154772.6
154990.211
154990.4
154991.1
155009.5
155069.6
155636.211
155636.4
155637.1
155675.5
159594.6
159978.211
159978.4
159979.1
160006.5
163785.6
163906.6
164427.4
164428.212
164505.5
164528.2
164909.4
165028.3
165064.5
165528.1
170221.6
170587.211
170587.4
170588.1
180000.9
123456789
12
16
15
12
16
15
3
FI
1
3
9
50
02
10
23
02
6
2
725
0
0
0
314159265
38
3
148
180000
314159265
0.1
773.6
956.211
956.4
957.1
958.5
1378.6
1655.211
1655.4
1656.1
1681.5
1788.6
2238.211
2238.4
2239.1
2266.5
2403.6
3204.4
3205.212
3295.5
3305.2
3784.4
3805.3
3875.5
4051.4
4134.5
4305.1
4415.6
4923.211
4923.4
4924.1
4971.5
5055.6
5826.4
5827.212
5904.5
5927.2
6427.3
6927.1
7069.4
7275.5
7527.6
7990.211
7990.4
7991.1
8050.5
8179.6
8771.211
8771.4
8772.1
8800.5
8963.6
9467.211
9467.4
9468.1
9512.5
9625.6
10175.211
10175.4
10176.1
10219.5
10372.6
11185.4
11186.212
11286.2
11342.5
11786.3
11824.4
11923.5
12286.1
12568.6
13438.4
13439.212
13539.2
13616.5
14039.3
14477.4
14539.1
14732.5
15579.6
15798.211
15798.4
15799.1
15826.5
15878.6
16444.211
16444.4
16445.1
16495.5
16727.6
17305.211
17305.4
17306.1
17342.5
17434.6
18021.211
18021.4
18022.1
18056.5
18170.6
18912.4
18913.212
18996.5
19013.2
19513.3
20013.1
20037.6
20877.4
20878.212
20954.5
20978.2
21478.3
21978.1
22535.6
22606.211
22606.4
22607.1
22620.5
22710.6
23226.211
23226.4
23227.1
23269.5
23380.6
23924.211
23924.4
23925.1
23954.5
24073.6
24575.211
24575.4
24576.1
24821.5
24925.6
24940.6
25459.211
25459.4
25460.1
25545.5
25660.6
26148.211
26148.4
26149.1
26180.5
26270.6
26811.211
26811.4
26812.1
26846.5
27090.6
27613.211
27613.4
27614.1
27637.5
27727.6
28348.4
28349.212
28449.2
28450.5
28947.4
28949.3
29003.5
29224.4
29449.1
29483.5
29677.6
30393.4
30394.212
30469.5
30494.2
30994.3
31370.4
31424.5
31494.1
31581.6
32041.211
32041.4
32042.1
32077.5
32234.6
32739.211
32739.4
32740.1
32780.5
33059.6
33558.211
33558.4
33559.1
33722.5
33822.6
34744.4
34745.212
34845.2
34949.5
35345.3
35685.4
35838.5
35845.1
35999.6
36330.6
36908.4
36909.212
36991.5
37009.2
37509.3
37929.6
37942.6
38009.1
39026.6
39472.211
39472.4
39473.1
39502.5
39580.6
39600.6
40183.4
40184.212
40275.5
40284.2
40784.3
41070.6
41284.1
41492.6
42060.211
42060.4
42061.1
42125.5
42218.6
42749.211
42749.4
42750.1
42779.5
42913.6
43486.211
43486.4
43487.1
43522.5
43641.6
44495.4
44496.212
44496.5
44497.4
44498.5
44499.4
44595.5
44596.2
45096.3
45596.1
45598.6
46357.4
46358.212
46458.2
46466.5
46958.3
47181.4
47215.5
47323.6
47458.1
48397.6
48868.211
48868.4
48869.1
48903.5
49008.6
49451.211
49451.4
49452.1
49504.5
49646.6
50087.211
50087.4
50088.1
50129.5
50227.6
50244.6
50826.211
50826.4
50827.1
50875.5
50981.6
51813.4
51814.212
51897.5
51914.2
52414.3
52914.1
52979.6
53512.211
53512.4
53513.1
53603.5
53799.6
54375.211
54375.4
54376.1
54408.5
54553.6
55158.4
55159.212
55229.5
55259.2
55759.3
56259.1
58441.6
58551.211
58551.4
58552.1
58568.5
58647.6
59252.4
59253.212
59342.5
59353.2
59853.3
60353.1
60682.6
60705.6
61184.211
61184.4
61185.1
61219.5
61551.6
62127.211
62127.4
62128.1
62187.5
62610.6
63185.211
63185.4
63186.1
63220.5
63314.6
63852.211
63852.4
63853.1
63952.5
64057.6
64773.4
64774.212
64874.2
64903.5
65374.3
65506.4
65596.5
65874.1
66861.4
66890.5
66899.4
66969.5
67380.6
67931.211
67931.4
67932.1
67969.5
68114.6
68776.4
68777.212
68875.5
68877.2
69377.3
69877.1
70634.4
70918.5
71206.6
71683.211
71683.4
71684.1
71716.5
71834.6
72423.211
72423.4
72424.1
72455.5
72525.6
73084.211
73084.4
73085.1
73120.5
73248.6
74280.4
74281.212
74381.2
74384.5
74695.4
74832.5
74881.3
75381.1
75813.4
76012.5
76377.6
76924.211
76924.4
76925.1
76959.5
77411.6
78013.4
78014.212
78114.2
78154.5
78614.3
79055.4
79114.1
79510.5
79781.6
80518.4
80519.212
80619.2
80638.5
81096.4
81119.3
81172.5
81619.1
82266.4
82420.5
82565.6
83090.211
83090.4
83091.1
83243.5
83384.6
84142.4
84143.212
84229.5
84243.2
84743.3
85216.4
85218.5
85229.4
85243.1
85398.5
85822.6
86396.211
86396.4
86397.1
86512.5
86868.6
87610.4
87611.212
87711.2
87726.5
88211.3
88711.1
89918.6
89936.6
90576.4
90577.212
90670.5
90677.2
91177.3
91677.1
92110.6
93186.4
93187.212
93287.2
93305.5
93787.3
94287.1
94628.4
94631.5
94636.4
95013.5
95179.6
95744.211
95744.4
95745.1
95778.5
95870.6
96548.4
96549.212
96625.5
96649.2
97149.3
97649.1
97822.4
97885.5
98012.6
98620.4
98621.212
98721.2
98730.5
99221.3
99721.1
100271.4
100294.5
100392.6
100925.211
100925.4
100926.1
100967.5
101172.6
101721.211
101721.4
101722.1
101756.5
102122.6
102558.211
102558.4
102559.1
102616.5
102718.6
103315.211
103315.4
103316.1
103364.5
104454.6
105078.4
105079.212
105176.5
105179.2
105679.3
106179.1
106383.6
106830.211
106830.4
106831.1
106861.5
107094.6
107511.211
107511.4
107512.1
107548.5
107747.6
108238.211
108238.4
108239.1
108297.5
108416.6
109025.4
109026.212
109126.2
109141.5
109626.3
110126.1
110295.6
110806.211
110806.4
110807.1
110852.5
111447.6
111881.211
111881.4
111882.1
111919.5
112026.6
112644.4
112645.212
112734.5
112745.2
113245.3
113745.1
114447.6
114911.211
114911.4
114912.1
114998.5
115205.6
115949.4
115950.212
116035.5
116050.2
116550.3
117050.1
117186.4
117241.5
117541.6
117957.211
117957.4
117958.1
118019.5
118230.6
118736.211
118736.4
118737.1
118771.5
118886.6
119344.211
119344.4
119345.1
119381.5
119492.6
120117.4
120118.212
120208.5
120218.2
120718.3
121218.1
121630.4
121872.5
122006.6
122573.211
122573.4
122574.1
122631.5
122914.6
123430.211
123430.4
123431.1
123477.5
123586.6
124208.4
124209.212
124284.5
124309.2
124809.3
125243.4
125309.1
125433.5
125600.6
126302.4
126303.212
126383.5
126403.2
126903.3
127139.4
127396.5
127403.1
127556.6
128153.211
128153.4
128154.1
128219.5
128640.6
129177.211
129177.4
129178.1
129215.5
129583.6
129940.211
129940.4
129941.1
129966.5
130065.6
130591.211
130591.4
130592.1
130626.5
130732.6
131204.211
131204.4
131205.1
131233.5
131360.6
131961.4
131962.212
132059.5
132062.2
132562.3
133024.4
133062.1
133103.5
137415.6
137493.211
137493.4
137494.1
137516.5
137563.6
138168.4
138169.212
138256.5
138269.2
138769.3
139269.1
140021.6
140202.211
140202.4
140203.1
140214.5
140262.6
140963.4
140964.212
141064.2
141101.5
141564.3
142064.1
142426.8
143064.4
143159.5
143179.4
143185.5
143748.4
143807.5
143940.6
144442.211
144442.4
144443.1
144478.5
147376.8
147520.8
150498.6
150696.211
150696.4
150697.1
150709.5
150774.6
151357.211
151357.4
151358.1
151396.5
158742.6
159264.211
159264.4
159265.1
159355.5
159433.6
159454.6
160252.4
160253.212
160342.5
160353.2
160853.3
161119.4
161353.1
161383.5
161573.6
161984.211
161984.4
161985.1
162015.5
163210.6
163717.211
163717.4
163718.1
180000.9
123456789
12
17
15
12
17
15
3
FI
1
3
9
49
06
10
22
06
6
2
850
0
0
0
314159265
54
0
170
180000
314159265
0.1
572.6
873.211
873.4
874.1
907.5
999.6
1459.211
1459.4
1460.1
1501.5
1594.6
2146.211
2146.4
2147.1
2233.5
2329.6
2996.4
2997.212
2998.5
3000.4
3073.5
3097.2
3597.3
3667.4
3706.5
3836.6
3858.6
4097.1
4297.6
5008.4
5009.212
5090.5
5109.2
5609.3
5847.4
6020.5
6031.4
6040.5
6109.1
6998.6
7309.211
7309.4
7310.1
7554.5
7666.6
8211.211
8211.4
8212.1
8273.5
8365.6
8974.4
8975.212
9059.5
9075.2
9411.4
9575.3
9615.5
10016.4
10028.5
10075.1
10212.6
10799.211
10799.4
10800.1
10840.5
10978.6
11616.4
11617.212
11717.2
11719.5
12217.3
12717.1
13158.6
13665.211
13665.4
13666.1
13855.5
14074.6
14641.211
14641.4
14642.1
14690.5
14785.6
15459.4
15460.212
15560.2
15564.5
16060.3
16456.6
16560.1
16565.6
17286.4
17287.212
17357.5
17387.2
17887.3
18387.1
19350.6
19795.211
19795.4
19796.1
19856.5
19956.6
20672.4
20673.212
20756.5
20773.2
21273.3
21501.6
21649.6
21773.1
22556.6
23063.211
23063.4
23064.1
23137.5
23250.6
23937.4
23938.212
24014.5
24038.2
24538.3
25038.1
25070.6
25620.211
25620.4
25621.1
25670.5
25847.6
26384.211
26384.4
26385.1
26441.5
27639.6
28106.211
28106.4
28107.1
28169.5
28649.6
29089.211
29089.4
29090.1
29152.5
29245.6
29764.211
29764.4
29765.1
29792.5
29847.6
30474.4
30475.212
30550.5
30575.2
31075.3
31178.4
31291.5
31575.1
31652.6
32232.211
32232.4
32233.1
32283.5
33564.6
33917.211
33917.4
33918.1
33951.5
34049.6
34953.4
34954.212
35054.2
35060.5
35554.3
35692.4
35766.5
36054.1
36217.6
36834.4
36835.212
36927.5
36935.2
37435.3
37752.4
37833.5
37935.1
38900.6
39549.4
39550.212
39650.2
39678.5
40150.3
40650.1
40787.6
41333.211
41333.4
41334.1
41385.5
41555.6
41573.6
42177.4
42178.212
42265.5
42278.2
42778.3
43103.4
43278.1
43322.5
43334.4
43415.5
43569.6
44181.4
44182.212
44271.5
44282.2
44782.3
45282.1
45387.6
45917.211
45917.4
45918.1
46050.5
46259.6
46785.211
46785.4
46786.1
46823.5
47024.6
47043.6
47743.4
47744.212
47821.5
47844.2
48344.3
48844.1
48856.6
48879.6
49451.211
49451.4
49452.1
49491.5
49931.6
50452.211
50452.4
50453.1
50553.5
50646.6
51536.4
51537.212
51637.2
51674.5
52137.3
52637.1
52707.6
53237.211
53237.4
53238.1
53356.5
53716.6
54393.4
54394.212
54494.2
54496.5
54994.3
55365.4
55421.5
55494.1
55542.6
56160.4
56161.212
56249.5
56261.2
56761.3
57261.1
57507.4
57651.5
57661.4
57674.5
57803.6
58267.211
58267.4
58268.1
58327.5
58582.6
59071.211
59071.4
59072.1
59109.5
59220.6
59787.211
59787.4
59788.1
59824.5
60145.6
60662.211
60662.4
60663.1
60704.5
60815.6
61473.4
61474.212
61563.5
61574.2
62074.3
62315.4
62319.5
62326.4
62330.5
62332.4
62448.5
62574.1
62602.6
63320.4
63321.212
63421.2
63434.5
63921.3
64421.1
64495.4
64507.5
64509.4
64861.5
65003.6
65549.211
65549.4
65550.1
65592.5
65786.6
66557.4
66558.212
66634.5
66658.2
67158.3
67531.4
67590.5
67658.1
68393.6
68929.211
68929.4
68930.1
68983.5
69151.6
69843.4
69844.212
69920.5
69944.2
70444.3
70944.1
71049.6
71633.211
71633.4
71634.1
71741.5
71875.6
72532.4
72533.212
72624.5
72633.2
73133.3
73633.1
73823.6
74417.211
74417.4
74418.1
74492.5
74588.6
75244.4
75245.212
75313.5
75345.2
75845.3
76345.1
76403.4
76476.5
76923.6
77449.211
77449.4
77450.1
77486.5
77820.6
78417.211
78417.4
78418.1
78473.5
78621.6
79264.4
79265.212
79343.5
79365.2
79865.3
80365.1
80404.6
81034.4
81035.212
81135.2
81167.5
81635.3
82135.1
82386.4
82574.5
83538.6
83916.211
83916.4
83917.1
83962.5
84085.6
84644.211
84644.4
84645.1
84681.5
84767.6
85378.4
85379.212
85473.5
85479.2
85716.4
85797.5
85945.4
85979.3
86047.5
86204.4
86479.1
86488.5
86665.6
86689.6
87201.211
87201.4
87202.1
87271.5
87355.6
87855.211
87855.4
87856.1
87893.5
88000.6
88618.4
88619.212
88719.2
88863.5
89219.3
89611.6
89719.1
89905.6
90399.211
90399.4
90400.1
90452.5
90533.6
91060.211
91060.4
91061.1
91092.5
91163.6
91845.4
91846.212
91928.5
91946.2
92446.3
92930.6
92946.1
93109.6
93741.4
93742.212
93842.2
93886.5
94342.3
94842.1
94938.6
95438.211
95438.4
95439.1
95514.5
95687.6
96337.4
96338.212
96415.5
96438.2
96938.3
97296.4
97438.1
97446.5
97535.4
97719.5
97861.6
98374.211
98374.4
98375.1
98417.5
98543.6
99294.4
99295.212
99367.5
99395.2
99895.3
100273.4
100324.5
100395.1
100450.6
101016.211
101016.4
101017.1
101077.5
101184.6
101803.4
101804.212
101891.5
101904.2
102404.3
102904.1
103552.6
104075.211
104075.4
104076.1
104121.5
104474.6
104949.211
104949.4
104950.1
104951.5
104952.4
105001.5
105181.6
105640.211
105640.4
105641.1
105673.5
105772.6
106472.4
106473.212
106555.5
106573.2
107073.3
107516.4
107573.1
107703.5
108078.6
108767.4
108768.212
108868.2
108906.5
109005.4
109151.5
109368.3
109747.4
109750.5
109758.4
109868.1
110029.5
110195.6
110803.4
110804.212
110892.5
110904.2
111404.3
111904.1
112194.6
112856.4
112857.212
112934.5
112957.2
113457.3
113957.1
114232.6
114751.211
114751.4
114752.1
114825.5
115027.6
115643.4
115644.212
115744.2
115775.5
116244.3
116744.1
117026.6
117544.211
117544.4
117545.1
117602.5
120492.4
120520.5
120884.6
121144.211
121144.4
121145.1
121172.5
121231.6
121248.6
121775.211
121775.4
121776.1
121805.5
121910.6
122628.4
122629.212
122729.2
122750.5
123229.3
123729.1
124382.6
125031.4
125032.212
125132.2
125133.5
125632.3
126132.1
127164.6
127685.211
127685.4
127686.1
127724.5
127816.6
128411.211
128411.4
128412.1
128455.5
128541.6
129491.4
129492.212
129573.5
129592.2
130092.3
130592.1
130697.6
131210.211
131210.4
131211.1
131338.5
131428.6
131980.211
131980.4
131981.1
132016.5
132194.6
132694.211
132694.4
132695.1
132739.5
132830.6
133410.211
133410.4
133411.1
133446.5
133543.6
134295.4
134296.212
134396.2
134470.5
134896.3
135381.4
135396.1
135882.5
136198.6
136625.211
136625.4
136626.1
136656.5
137043.6
137516.211
137516.4
137517.1
137552.5
137681.6
138226.211
138226.4
138227.1
138258.5
138361.6
139092.4
139093.212
139193.2
139254.5
139693.3
140193.1
140232.4
140270.5
140464.6
141098.4
141099.212
141196.5
141199.2
141699.3
142199.1
145764.6
146290.211
146290.4
146291.1
146329.5
146424.6
146976.211
146976.4
146977.1
147021.5
147112.6
147759.4
147760.212
147851.5
147860.2
148360.3
148860.1
149122.6
149690.211
149690.4
149691.1
149747.5
150008.6
150473.211
150473.4
150474.1
150502.5
150619.6
151238.4
151239.212
151339.2
151365.5
151839.3
152332.4
152339.1
152543.5
152747.4
152797.5
152950.6
153648.4
153649.212
153749.2
153752.5
154200.4
154249.3
154305.5
154502.4
154577.5
154741.6
154749.1
154907.6
155460.211
155460.4
155461.1
155510.5
155669.6
156320.4
156321.212
156421.2
156438.5
156921.3
157421.1
157492.6
158035.211
158035.4
158036.1
158074.5
158306.6
158948.4
158949.212
159011.5
159049.2
159549.3
160049.1
164085.6
164495.211
164495.4
164496.1
164565.5
164640.6
164661.6
165120.211
165120.4
165121.1
165153.5
165242.6
165798.211
165798.4
165799.1
165829.5
165904.6
166423.211
166423.4
166424.1
166454.5
166544.6
167246.4
167247.212
167345.5
167347.2
167847.3
168347.1
168592.6
169090.211
169090.4
169091.1
169128.5
169347.6
169989.4
169990.212
170090.2
170095.5
170590.3
170620.4
170707.5
171072.6
171090.1
171116.6
171653.211
171653.4
171654.1
171681.5
171772.6
172619.4
172620.212
172710.5
172720.2
173220.3
173720.1
174680.6
175163.211
175163.4
175164.1
175198.5
175310.6
175835.211
175835.4
175836.1
175863.5
175957.6
176437.211
176437.4
176438.1
176471.5
176601.6
176635.6
177092.211
177092.4
177093.1
177122.5
177203.6
177950.4
177951.212
178045.5
178051.2
178495.4
178551.3
178663.5
179051.1
179159.6
179188.6
179783.4
179784.212
179858.5
180000.9
123456789
12
18
15
12
18
15
3
FI
1
3
9
56
14
10
29
15
6
2
779
0
0
0
314159265
40
3
156
180000
314159265
0.1
611.6
641.6
947.211
947.4
948.1
967.5
1677.4
1694.5
1917.6
2146.211
2146.4
2147.1
2196.5
2257.6
2706.211
2706.4
2707.1
2759.5
2956.6
3407.211
3407.4
3408.1
3665.5
3828.6
4191.211
4191.4
4192.1
4245.5
4346.6
5209.4
5210.212
5310.2
5347.5
5810.3
6310.1
6892.6
7253.211
7253.4
7254.1
7294.5
7396.6
7818.211
7818.4
7819.1
7851.5
8842.6
9113.211
9113.4
9114.1
9139.5
9208.6
9237.6
9640.211
9640.4
9641.1
9694.5
9877.6
10269.211
10269.4
10270.1
10305.5
10408.6
11115.4
11116.212
11195.5
11216.2
11716.3
11748.4
11753.5
11756.4
11909.5
12120.6
12216.1
12804.6
12848.6
13263.211
13263.4
13264.1
13303.5
13407.6
13961.211
13961.4
13962.1
14007.5
14110.6
14604.211
14604.4
14605.1
14636.5
14732.6
15197.211
15197.4
15198.1
15232.5
15330.6
15940.4
15941.212
16029.5
16041.2
16541.3
17041.1
17345.6
17850.211
17850.4
17851.1
17883.5
18020.6
18583.211
18583.4
18584.1
18620.5
19985.6
20552.211
20552.4
20553.1
20592.5
20725.6
21335.4
21336.212
21433.5
21436.2
21936.3
22186.6
22436.1
23000.6
23623.4
23624.212
23724.2
23727.5
24224.3
24724.1
25706.4
25707.5
25786.6
26274.211
26274.4
26275.1
26449.5
26556.6
27215.4
27216.212
27316.2
27322.5
27816.3
28287.6
28316.1
28842.6
29442.211
29442.4
29443.1
29484.5
29598.6
30178.211
30178.4
30179.1
30251.5
30343.6
30973.4
30974.212
31074.2
31110.5
31574.3
32074.1
32542.6
32917.211
32917.4
32918.1
32965.5
33076.6
33619.211
33619.4
33620.1
33659.5
33873.6
34389.211
34389.4
34390.1
34435.5
34609.6
35347.4
35348.212
35428.5
35448.2
35948.3
36448.1
36451.6
37292.4
37293.212
37381.5
37393.2
37893.3
38315.4
38393.1
38554.5
38702.6
39304.4
39305.212
39398.5
39405.2
39905.3
40245.4
40405.1
40567.5
40744.6
41242.211
41242.4
41243.1
41327.5
41454.6
42114.4
42115.212
42197.5
42215.2
42715.3
43215.1
43803.6
44331.211
44331.4
44332.1
44373.5
44481.6
45047.211
45047.4
45048.1
45094.5
45223.6
45914.4
45915.212
46015.2
46036.5
46515.3
46788.4
47015.1
47175.5
47555.6
48111.211
48111.4
48112.1
48331.5
49473.6
49567.211
49567.4
49568.1
49589.5
49629.6
49661.6
50022.211
50022.4
50023.1
50057.5
50167.6
50715.211
50715.4
50716.1
50765.5
50932.6
51584.4
51585.212
51680.5
51685.2
51915.4
52086.5
52185.3
52236.6
52279.6
52470.6
52685.1
52998.6
53710.4
53711.212
53785.5
53811.2
54311.3
54370.4
54495.5
54811.1
54859.6
54876.6
55436.211
55436.4
55437.1
55515.5
55671.6
56208.211
56208.4
56209.1
56246.5
56314.6
56860.211
56860.4
56861.1
56898.5
57361.6
57817.211
57817.4
57818.1
57857.5
57973.6
58644.4
58645.212
58745.2
58763.5
59245.3
59717.6
59745.1
60029.6
60066.6
60628.211
60628.4
60629.1
60666.5
60841.6
60874.6
61356.211
61356.4
61357.1
61396.5
61883.6
62388.211
62388.4
62389.1
62454.5
62573.6
63159.211
63159.4
63160.1
63204.5
63307.6
63886.211
63886.4
63887.1
63926.5
64034.6
64586.211
64586.4
64587.1
64619.5
64725.6
65357.4
65358.212
65458.2
65465.5
65677.4
65731.5
65958.3
66458.1
66648.6
67221.211
67221.4
67222.1
67303.5
67471.6
68092.4
68093.212
68193.2
68197.5
68604.4
68693.3
68723.5
68857.4
69193.1
69213.5
69364.6
69981.4
69982.212
70082.2
70085.5
70582.3
71082.1
71251.6
71765.211
71765.4
71766.1
71802.5
72767.6
72838.211
72838.4
72839.1
72864.5
72911.6
72951.6
73464.211
73464.4
73465.1
73500.5
74016.6
74658.4
74659.212
74734.5
74759.2
75259.3
75759.1
76366.6
76391.6
77002.4
77003.212
77103.2
77139.5
77603.3
78103.1
78968.6
79495.211
79495.4
79496.1
79533.5
79704.6
80239.211
80239.4
80240.1
80309.5
80415.6
81096.4
81097.212
81170.5
81197.2
81697.3
81854.4
81860.5
81862.4
82022.5
82185.6
82197.1
82547.6
82851.211
82851.4
82852.1
82872.5
82932.6
83087.211
83087.4
83088.1
83097.5
83153.6
83212.6
83264.211
83264.4
83265.1
83299.5
83349.6
83371.6
83928.211
83928.4
83929.1
83962.5
84051.6
84077.6
84866.4
84867.212
84941.5
84967.2
85467.3
85675.4
85954.5
85967.1
86272.6
86842.211
86842.4
86843.1
86898.5
87019.6
87709.4
87710.212
87792.5
87810.2
88310.3
88478.4
88618.5
88810.1
88884.6
89576.4
89577.212
89672.5
89677.2
90177.3
90533.4
90641.5
90677.1
90878.6
91503.4
91504.212
91572.5
91604.2
92104.3
92288.4
92508.5
92604.1
92737.6
93403.4
93404.212
93504.2
93516.5
94004.3
94472.4
94477.5
94480.4
94504.1
95093.5
95101.4
95104.5
95107.4
95113.5
95126.4
95132.5
95327.6
95768.211
95768.4
95769.1
95802.5
95894.6
96516.4
96517.212
96592.5
96617.2
97117.3
97530.4
97531.5
97536.4
97562.5
97617.1
97687.6
98353.4
98354.212
98454.2
98455.5
98848.4
98907.5
98954.3
99246.4
99454.1
99559.5
99875.6
100446.211
100446.4
100447.1
100567.5
100731.6
101292.211
101292.4
101293.1
101381.5
101479.6
102487.4
102488.212
102574.5
102588.2
102749.4
102805.5
103088.3
103588.1
103737.4
104063.5
104210.6
104798.211
104798.4
104799.1
104835.5
105003.6
105497.211
105497.4
105498.1
105561.5
105670.6
106249.211
106249.4
106250.1
106284.5
106591.6
107165.211
107165.4
107166.1
107200.5
107411.6
108115.4
108116.212
108216.2
108226.5
108716.3
109153.4
109157.5
109158.4
109216.1
109216.5
109357.6
110034.4
110035.212
110119.5
110135.2
110635.3
111057.4
111129.5
111135.1
111735.6
112273.211
112273.4
112274.1
112350.5
112494.6
113103.4
113104.212
113173.5
113204.2
113704.3
114204.1
114351.6
114365.6
115078.4
115079.212
115179.2
115217.5
115679.3
116179.1
116257.6
116803.211
116803.4
116804.1
116845.5
117062.6
117661.211
117661.4
117662.1
117710.5
118118.6
118683.211
118683.4
118684.1
118830.5
118899.6
119513.4
119514.212
119591.5
119614.2
120114.3
120236.4
120573.5
120614.1
120712.6
121342.4
121343.212
121426.5
121443.2
121943.3
122443.1
122656.4
122764.5
122871.6
123373.211
123373.4
123374.1
123454.5
123551.6
124177.4
124178.212
124278.2
124284.5
124778.3
125278.1
125478.6
125900.211
125900.4
125901.1
125944.5
126062.6
126602.211
126602.4
126603.1
126644.5
126751.6
127328.211
127328.4
127329.1
127421.5
127529.6
127952.211
127952.4
127953.1
127981.5
128070.6
128571.211
128571.4
128572.1
128616.5
128695.6
129324.4
129325.212
129411.5
129425.2
129925.3
130425.1
131158.6
131794.4
131795.212
131895.2
132075.5
132395.3
132895.1
133010.6
133035.6
133548.211
133548.4
133549.1
133574.5
133709.6
134269.211
134269.4
134270.1
134311.5
134411.6
135040.4
135041.212
135131.5
135141.2
135641.3
136118.4
136141.1
136368.5
136495.6
137133.4
137134.212
137234.2
137261.5
137559.4
137716.5
137734.3
137839.6
138234.1
138906.6
139381.211
139381.4
139382.1
139424.5
140298.6
140716.211
140716.4
140717.1
140742.5
140835.6
141404.211
141404.4
141405.1
141449.5
141850.6
142445.211
142445.4
142446.1
142480.5
142579.6
143132.211
143132.4
143133.1
143172.5
143878.6
144342.211
144342.4
144343.1
144401.5
145735.8
145755.8
145764.8
146444.6
146470.6
146783.211
146783.4
146784.1
146819.5
147299.6
147851.211
147851.4
147852.1
147875.5
149602.6
149671.211
149671.4
149672.1
149711.5
178063.4
180000.9
123456789
12
19
15
12
19
15
3
FI
1
3
9
49
41
10
22
40
6
2
832
0
0
0
314159265
48
1
164
180000
314159265
0.1
336.6
747.211
747.4
748.1
810.5
1030.6
1468.211
1468.4
1469.1
1583.5
1677.6
2086.211
2086.4
2087.1
2138.5
2219.6
2722.211
2722.4
2723.1
2769.5
2828.6
2842.6
3352.211
3352.4
3353.1
3427.5
3522.6
4050.211
4050.4
4051.1
4110.5
4199.6
4216.6
4782.211
4782.4
4783.1
4826.5
4906.6
5645.4
5646.212
5746.2
5750.5
5770.4
5852.5
6106.4
6174.5
6246.3
6328.6
6589.6
6746.1
7048.6
7626.211
7626.4
7627.1
7667.5
7795.6
8415.4
8416.212
8498.5
8516.2
9016.3
9516.1
9706.4
9803.5
9866.6
10280.211
10280.4
10281.1
10312.5
11336.4
11408.5
11490.6
11920.211
11920.4
11921.1
11951.5
12044.6
12567.211
12567.4
12568.1
12703.5
12820.6
12834.6
13298.211
13298.4
13299.1
13330.5
13429.6
13993.211
13993.4
13994.1
14027.5
14121.6
14755.4
14756.212
14845.5
14856.2
15356.3
15668.6
15817.6
15856.1
15993.6
16431.211
16431.4
16432.1
16462.5
16847.6
17332.211
17332.4
17333.1
17359.5
17459.6
18084.4
18085.212
18171.5
18185.2
18685.3
19119.4
19185.1
19296.5
19443.6
20011.211
20011.4
20012.1
20115.5
20284.6
20832.211
20832.4
20833.1
20866.5
20972.6
21192.6
21755.4
21756.212
21833.5
21856.2
22356.3
22680.6
22856.1
23000.6
23841.4
23842.212
23920.5
23942.2
24442.3
24942.1
25247.6
25944.4
25945.212
26034.5
26045.2
26545.3
27045.1
27919.6
28402.211
28402.4
28403.1
28527.5
28719.6
29442.4
29443.212
29543.2
29587.5
30043.3
30455.4
30543.1
30633.5
30782.6
31635.4
31636.212
31716.5
31736.2
32236.3
32692.4
32736.1
32801.5
33144.6
33507.211
33507.4
33508.1
33562.5
33690.6
34313.4
34314.212
34396.5
34414.2
34914.3
35414.1
35427.6
36101.4
36102.212
36185.5
36202.2
36702.3
37202.1
37525.6
38223.4
38224.212
38298.5
38324.2
38824.3
39324.1
39494.6
39514.6
40124.4
40125.212
40205.5
40225.2
40725.3
41225.1
41269.4
41576.5
41710.6
42168.211
42168.4
42169.1
42213.5
42437.6
42897.211
42897.4
42898.1
42934.5
43189.6
43780.211
43780.4
43781.1
43850.5
43939.6
44482.211
44482.4
44483.1
44522.5
44614.6
45134.211
45134.4
45135.1
45168.5
45245.6
45587.6
46000.4
46001.212
46072.5
46101.2
46601.3
46980.6
47101.1
47256.6
47905.4
47906.212
48006.2
48032.5
48506.3
49006.1
49230.6
49804.211
49804.4
49805.1
49869.5
49993.6
50566.211
50566.4
50567.1
50607.5
50715.6
51404.4
51405.212
51505.2
51524.5
52005.3
52505.1
52615.6
53094.211
53094.4
53095.1
53149.5
53286.6
53762.211
53762.4
53763.1
53807.5
53906.6
54568.4
54569.212
54643.5
54669.2
55169.3
55658.4
55669.1
55689.5
55795.6
56404.4
56405.212
56489.5
56505.2
57005.3
57505.1
57601.4
57727.5
57952.6
58406.211
58406.4
58407.1
58476.5
58586.6
59143.211
59143.4
59144.1
59182.5
59296.6
59817.211
59817.4
59818.1
59853.5
59971.6
60341.211
60341.4
60342.1
60371.5
60425.6
60456.6
60842.211
60842.4
60843.1
60870.5
60939.6
61598.4
61599.212
61680.5
61699.2
62199.3
62699.1
63061.4
63298.5
63466.6
63958.211
63958.4
63959.1
63992.5
64103.6
64755.4
64756.212
64850.5
64856.2
65356.3
65856.1
65943.4
66133.5
66253.6
66731.211
66731.4
66732.1
66768.5
66871.6
67539.4
67540.212
67631.5
67640.2
68140.3
68640.1
68654.4
68792.5
68958.6
69566.4
69567.212
69651.5
69667.2
70167.3
70667.1
71432.6
71845.211
71845.4
71846.1
71905.5
72204.6
72615.211
72615.4
72616.1
72651.5
72770.6
73461.4
73462.212
73562.2
73580.5
74062.3
74562.1
74695.4
74844.5
74984.6
75454.211
75454.4
75455.1
75495.5
75641.6
76202.211
76202.4
76203.1
76242.5
76568.6
77133.211
77133.4
77134.1
77168.5
77299.6
77993.4
77994.212
78062.5
78094.2
78594.3
78932.4
78992.5
79094.1
79306.4
79311.5
79315.4
79467.5
79646.6
80314.4
80315.212
80398.5
80415.2
80915.3
81415.1
81981.6
82535.211
82535.4
82536.1
82612.5
82725.6
83337.4
83338.212
83432.5
83438.2
83938.3
84302.4
84310.5
84313.4
84379.5
84438.1
85462.6
85856.211
85856.4
85857.1
85960.5
86079.6
86659.211
86659.4
86660.1
86707.5
86926.6
87463.211
87463.4
87464.1
87506.5
87610.6
88269.4
88270.212
88370.2
88376.5
88870.3
89370.1
89812.6
90285.211
90285.4
90286.1
90333.5
90444.6
90462.6
90968.211
90968.4
90969.1
91035.5
91132.6
91601.211
91601.4
91602.1
91634.5
92512.6
93014.211
93014.4
93015.1
93046.5
93135.6
93745.4
93746.212
93814.5
93846.2
94346.3
94760.4
94846.1
95026.5
95159.6
95710.211
95710.4
95711.1
95770.5
95978.6
96545.211
96545.4
96546.1
96579.5
96683.6
97762.4
97763.212
97831.5
97863.2
98363.3
98863.1
98874.4
98875.5
98878.4
99237.5
99517.6
99543.6
99971.211
99971.4
99972.1
100006.5
100103.6
100904.4
100905.212
100993.5
101005.2
101505.3
102005.1
102233.6
102801.211
102801.4
102802.1
102846.5
102959.6
103674.4
103675.212
103775.2
103790.5
104275.3
104775.1
104842.6
105254.211
105254.4
105255.1
105312.5
105420.6
105880.211
105880.4
105881.1
105956.5
106361.6
106975.4
106976.212
107076.2
107123.5
107576.3
108076.1
108340.4
108345.5
108348.4
108458.5
108588.6
109110.211
109110.4
109111.1
109294.5
109440.6
110028.211
110028.4
110029.1
110060.5
110197.6
110624.211
110624.4
110625.1
110653.5
110771.6
111373.4
111374.212
111474.2
111489.5
111974.3
112474.1
112872.6
113454.211
113454.4
113455.1
113488.5
113601.6
114189.211
114189.4
114190.1
114228.5
114724.6
115261.211
115261.4
115262.1
115292.5
115715.6
116114.211
116114.4
116115.1
116143.5
116447.6
116568.6
116693.211
116693.4
116694.1
116706.5
116760.6
117516.4
117517.212
117617.2
117632.5
118117.3
118617.1
118628.4
118750.5
118887.6
119269.6
119701.4
119702.212
119783.5
119802.2
120302.3
120802.1
121234.6
121754.211
121754.4
121755.1
121787.5
121890.6
122607.4
122608.212
122708.2
122713.5
123208.3
123708.1
123869.6
124370.211
124370.4
124371.1
124454.5
124841.6
125368.211
125368.4
125369.1
125408.5
125494.6
126044.211
126044.4
126045.1
126087.5
126195.6
126792.211
126792.4
126793.1
126885.5
126965.6
127678.4
127679.212
127758.5
127779.2
128279.3
128779.1
128889.6
129516.4
129517.212
129592.5
129617.2
130117.3
130534.6
130580.6
130617.1
130940.6
131521.211
131521.4
131522.1
131613.5
131719.6
132352.4
132353.212
132453.2
132478.5
132953.3
133453.1
133508.6
134131.4
134132.212
134232.2
134236.5
134732.3
135232.1
135924.6
136409.211
136409.4
136410.1
136438.5
136516.6
137147.4
137148.212
137248.2
137263.5
137748.3
138248.1
138351.4
138485.5
138596.6
138631.6
139108.211
139108.4
139109.1
139174.5
139267.6
139810.211
139810.4
139811.1
139848.5
139946.6
140464.211
140464.4
140465.1
140493.5
140590.6
141253.4
141254.212
141348.5
141354.2
141854.3
142354.1
142737.6
143200.211
143200.4
143201.1
143249.5
143349.6
143907.211
143907.4
143908.1
143940.5
144144.6
144832.4
144833.212
144933.2
144943.5
145433.3
145933.1
146054.4
146191.5
146497.6
147021.211
147021.4
147022.1
147060.5
148352.6
148803.211
148803.4
148804.1
148830.5
148913.6
149593.4
149594.212
149683.5
149694.2
150194.3
150694.1
150822.6
151265.211
151265.4
151266.1
151295.5
151394.6
152563.4
152564.212
152664.2
152697.5
153164.3
153664.1
154220.6
154834.4
154835.212
154935.2
154943.5
155435.3
155574.4
155710.5
155831.4
155882.5
155935.1
156044.6
156694.4
156695.212
156790.5
156795.2
157295.3
157795.1
157892.6
158367.211
158367.4
158368.1
158409.5
163984.8
164439.4
164461.5
164469.4
164472.5
164474.4
164490.5
164872.6
165489.4
165490.212
165578.5
165590.2
166090.3
166453.4
166561.5
166570.4
166590.1
166857.5
167019.4
167061.5
167648.6
168035.211
168035.4
168036.1
168065.5
173034.4
173064.5
176170.6
176678.211
176678.4
176679.1
180000.9
123456789
12
20
15
12
20
15
3
FI
1
3
9
50
40
10
23
40
6
2
605
0
0
0
314159265
44
1
124
180000
314159265
0.1
484.6
897.211
897.4
898.1
921.5
1002.6
1581.211
1581.4
1582.1
1613.5
1694.6
1707.6
2208.211
2208.4
2209.1
2248.5
2340.6
2929.211
2929.4
2930.1
2998.5
3091.6
3701.4
3702.212
3802.2
3838.5
4302.3
4310.4
4543.5
4767.6
4787.6
4802.1
4992.6
5686.4
5687.212
5769.5
5787.2
6287.3
6347.4
6503.5
6787.1
7284.6
7767.211
7767.4
7768.1
7960.5
8073.6
8722.4
8723.212
8816.5
8823.2
9323.3
9400.4
9533.5
9823.1
9839.6
10488.4
10489.212
10489.5
10490.4
10568.5
10589.2
11089.3
11514.4
11564.5
11589.1
12770.6
12845.211
12845.4
12846.1
13011.5
13249.6
13715.211
13715.4
13716.1
13796.5
13910.6
14609.4
14610.212
14698.5
14710.2
15210.3
15710.1
16238.6
16313.6
16879.4
16880.212
16971.5
16980.2
17480.3
17980.1
18063.4
18326.5
18766.6
19355.211
19355.4
19356.1
19422.5
19633.6
20159.211
20159.4
20160.1
20197.5
20592.6
21111.211
21111.4
21112.1
21152.5
21847.6
22398.211
22398.4
22399.1
22451.5
22540.6
23172.4
23173.212
23273.2
23277.5
23773.3
24273.1
24427.6
25352.4
25353.212
25444.5
25453.2
25953.3
26453.1
26899.4
27001.5
27196.6
27782.211
27782.4
27783.1
27857.5
27989.6
28669.4
28670.212
28739.5
28770.2
29270.3
29770.1
29818.6
30544.4
30545.212
30627.5
30645.2
31145.3
31645.1
31669.6
31682.6
31727.6
32360.4
32361.212
32447.5
32461.2
32961.3
33461.1
33821.6
33844.6
34316.211
34316.4
34317.1
34555.5
34736.6
34759.6
35292.211
35292.4
35293.1
35350.5
35460.6
36162.4
36163.212
36250.5
36263.2
36763.3
37161.4
37263.1
37356.5
37665.6
38361.4
38362.212
38429.5
38462.2
38651.4
38715.5
38962.3
39462.1
40004.6
40753.4
40754.212
40827.5
40854.2
41354.3
41629.4
41690.5
41854.1
42287.6
42961.4
42962.212
43045.5
43062.2
43527.4
43562.3
43593.5
43787.4
43888.5
44062.1
44137.6
44931.4
44932.212
45032.2
45044.5
45532.3
45880.4
45886.5
45887.4
45951.5
46032.1
46115.6
46705.211
46705.4
46706.1
46777.5
46888.6
47578.4
47579.212
47676.5
47679.2
48179.3
48583.4
48679.1
48780.5
48965.6
49725.4
49726.212
49826.2
49879.5
50326.3
50826.1
51249.6
51288.6
51844.211
51844.4
51845.1
52156.5
52299.6
52330.6
52917.4
52918.212
53008.5
53018.2
53518.3
54018.1
54239.4
54294.5
54456.6
55068.4
55069.212
55169.2
55201.5
55669.3
56169.1
56426.4
56718.5
57088.6
57581.211
57581.4
57582.1
57639.5
58029.6
58064.6
58644.4
58645.212
58729.5
58745.2
59245.3
59745.1
59937.4
59976.5
60101.6
60715.4
60716.212
60816.2
60847.5
61316.3
61816.1
62654.6
63107.211
63107.4
63108.1
63306.5
63448.6
63468.6
64053.4
64054.212
64141.5
64154.2
64654.3
64823.4
64995.5
65144.6
65154.1
65173.6
65180.6
65810.4
65811.212
65911.2
65943.5
66229.6
66411.3
66911.1
66917.4
66955.5
67138.6
67584.211
67584.4
67585.1
67620.5
67719.6
68266.211
68266.4
68267.1
68308.5
68409.6
69042.4
69043.212
69131.5
69143.2
69411.4
69643.3
69680.5
69800.4
69999.5
70138.6
70143.1
70168.6
70897.4
70898.212
70983.5
70998.2
71180.4
71230.5
71498.3
71998.1
72234.4
72539.5
72544.4
72964.5
73054.6
73681.4
73682.212
73749.5
73782.2
74282.3
74782.1
74891.4
74897.5
74900.4
75003.5
75096.6
75706.4
75707.212
75807.2
75843.5
76307.3
76807.1
77122.4
77394.5
77525.6
77538.6
78053.211
78053.4
78054.1
78110.5
78228.6
78877.4
78878.212
78967.5
78978.2
79478.3
79978.1
82244.6
82701.211
82701.4
82702.1
82743.5
82841.6
83627.4
83628.212
83728.2
83804.5
84228.3
84728.1
85030.6
85563.211
85563.4
85564.1
85617.5
85769.6
86351.211
86351.4
86352.1
86398.5
86523.6
87207.4
87208.212
87291.5
87308.2
87808.3
88295.4
88308.1
88725.5
89014.6
89684.4
89685.212
89757.5
89785.2
90285.3
90785.1
90805.4
90934.5
91266.6
91862.211
91862.4
91863.1
91981.5
92122.6
92882.4
92883.212
92966.5
92983.2
93483.3
93983.1
94696.6
95062.211
95062.4
95063.1
95129.5
95234.6
95994.4
95995.212
96086.5
96095.2
96595.3
97095.1
97249.4
97252.5
97254.4
97432.5
97626.6
98354.4
98355.212
98455.2
98482.5
98955.3
99455.1
100279.4
100327.5
100428.6
101075.4
101076.212
101176.2
101212.5
101676.3
102176.1
102624.6
103192.211
103192.4
103193.1
103292.5
103396.6
103987.211
103987.4
103988.1
104039.5
104137.6
104708.211
104708.4
104709.1
104749.5
104848.6
105859.4
105860.212
105944.5
105960.2
106460.3
106960.1
107146.6
107797.4
107798.212
107873.5
107898.2
108398.3
108898.1
110035.4
110050.5
110105.6
110137.6
110644.211
110644.4
110645.1
110698.5
110903.6
111520.4
111521.212
111608.5
111621.2
111796.4
111854.5
112121.3
112621.1
113549.4
113703.5
113831.6
114437.4
114438.212
114538.2
114656.5
115038.3
115538.1
115769.4
115812.5
115958.6
116083.6
116460.211
116460.4
116461.1
116533.5
116628.6
117273.4
117274.212
117358.5
117374.2
117874.3
118169.4
118258.5
118374.1
119210.6
119619.211
119619.4
119620.1
119677.5
119780.6
120423.4
120424.212
120509.5
120524.2
121024.3
121524.1
122545.6
122986.211
122986.4
122987.1
123040.5
123393.6
123878.211
123878.4
123879.1
123917.5
124020.6
124568.211
124568.4
124569.1
124654.5
124728.6
125339.4
125340.212
125431.5
125440.2
125940.3
126440.1
126982.6
127473.211
127473.4
127474.1
127527.5
129138.6
129453.211
129453.4
129454.1
129470.5
129523.6
130127.4
130128.212
130226.5
130228.2
130728.3
130764.4
130770.5
130772.4
130774.5
130780.4
130861.5
131228.1
132371.6
132492.211
132492.4
132493.1
132510.5
172015.4
172428.5
180000.9
123456789
12
21
15
12
21
15
3
FI
1
3
9
47
32
10
20
32
6
2
794
0
0
0
314159265
46
0
167
180000
314159265
0.1
395.6
921.211
921.4
922.1
987.5
1088.6
1660.211
1660.4
1661.1
1869.5
2043.6
2601.211
2601.4
2602.1
2604.5
2605.4
2642.5
2778.6
3452.4
3453.212
3553.2
3569.5
4053.3
4553.1
4879.6
5518.4
5519.212
5619.2
5649.5
6119.3
6383.4
6619.1
6685.5
7578.6
8228.4
8229.212
8303.5
8329.2
8829.3
9132.4
9329.1
9378.5
9991.6
10459.211
10459.4
10460.1
10702.5
11202.6
11754.211
11754.4
11755.1
11871.5
12654.6
13196.211
13196.4
13197.1
13226.5
13358.6
13975.4
13976.212
14060.5
14076.2
14576.3
14892.4
15076.1
15425.5
15764.6
16540.4
16541.212
16613.5
16641.2
17141.3
17323.4
17633.5
17641.1
17920.6
18507.211
18507.4
18508.1
18585.5
18724.6
19352.4
19353.212
19437.5
19453.2
19953.3
20453.1
20723.6
21458.4
21459.212
21559.2
21569.5
22059.3
22559.1
23013.4
23242.5
23426.6
24147.4
24148.212
24248.2
24431.5
24748.3
25248.1
25469.4
25476.5
25478.4
25541.5
25665.6
26188.211
26188.4
26189.1
26270.5
26449.6
27037.211
27037.4
27038.1
27074.5
27184.6
27261.6
27839.4
27840.212
27940.2
27963.5
28173.4
28382.5
28440.3
28940.1
29587.6
30330.4
30331.212
30424.5
30431.2
30931.3
31431.1
31479.4
31560.5
32048.4
32107.5
32261.6
33130.4
33131.212
33229.5
33231.2
33731.3
34231.1
34507.6
35025.211
35025.4
35026.1
35118.5
35237.6
35936.4
35937.212
36037.2
36064.5
36537.3
37037.1
38277.6
38882.4
38883.212
38983.2
39048.5
39483.3
39983.1
40206.4
40549.5
40803.6
41298.211
41298.4
41299.1
41341.5
41450.6
41958.211
41958.4
41959.1
41999.5
42108.6
42655.211
42655.4
42656.1
42699.5
42850.6
43356.211
43356.4
43357.1
43449.5
43553.6
44213.4
44214.212
44314.2
44315.5
44814.3
45314.1
45419.6
45946.211
45946.4
45947.1
45984.5
46128.6
46719.211
46719.4
46720.1
46755.5
46864.6
47501.4
47502.212
47581.5
47602.2
48102.3
48602.1
48759.6
49548.4
49549.212
49636.5
49649.2
50149.3
50649.1
51563.6
52014.211
52014.4
52015.1
52067.5
52153.6
52766.4
52767.212
52860.5
52867.2
53367.3
53867.1
54186.6
54756.211
54756.4
54757.1
55033.5
55688.6
56028.211
56028.4
56029.1
56243.5
56342.6
56768.211
56768.4
56769.1
56770.5
56771.4
56802.5
56911.6
57625.4
57626.212
57626.5
57628.4
57719.5
57726.2
58226.3
58726.1
58959.6
59440.211
59440.4
59441.1
59475.5
59559.6
60172.4
60173.212
60273.2
60277.5
60773.3
61232.4
61273.1
61323.5
61549.4
62052.5
62160.6
62273.6
62779.4
62780.212
62858.5
62880.2
63380.3
63880.1
64249.6
64773.211
64773.4
64774.1
64899.5
65028.6
65586.211
65586.4
65587.1
65638.5
65765.6
66368.4
66369.212
66469.2
66493.5
66969.3
67469.1
67561.4
68067.5
70147.6
70227.211
70227.4
70228.1
70250.5
70259.4
70364.5
70366.4
70386.5
70434.6
70946.211
70946.4
70947.1
70991.5
71112.6
71768.4
71769.212
71869.2
71879.5
72369.3
72869.1
73325.6
73798.211
73798.4
73799.1
73849.5
74239.6
74688.211
74688.4
74689.1
74722.5
74832.6
75377.211
75377.4
75378.1
75430.5
75610.6
75620.6
76201.211
76201.4
76202.1
76239.5
76356.6
77022.4
77023.212
77117.5
77123.2
77623.3
78123.1
78398.6
79089.4
79090.212
79190.2
79196.5
79690.3
80190.1
80301.4
80459.5
80605.6
81157.211
81157.4
81158.1
81268.5
82042.6
82612.211
82612.4
82613.1
82650.5
82774.6
83332.211
83332.4
83333.1
83394.5
83483.6
84100.4
84101.212
84201.2
84226.5
84701.3
85201.1
85204.4
85546.5
85550.4
85552.5
85559.4
85571.5
85573.4
85608.5
86750.6
87213.211
87213.4
87214.1
87253.5
87367.6
87401.6
87827.211
87827.4
87828.1
87860.5
87957.6
88484.211
88484.4
88485.1
88558.5
88621.6
89225.4
89226.212
89303.5
89326.2
89826.3
89894.4
89896.5
89899.4
90326.1
90442.5
90445.4
90472.5
90607.6
91185.211
91185.4
91186.1
91187.5
91189.4
91226.5
91327.6
92349.4
92350.212
92450.2
92456.5
92950.3
93450.1
94681.6
95339.4
95340.212
95428.5
95440.2
95940.3
96440.1
96743.6
97426.4
97427.212
97527.2
97534.5
98027.3
98527.1
98534.4
98681.5
98859.6
99358.211
99358.4
99359.1
99415.5
99534.6
100129.211
100129.4
100130.1
100187.5
100303.6
100940.4
100941.212
101041.2
101090.5
101541.3
102041.1
102263.4
102392.5
102514.6
102980.211
102980.4
102981.1
103019.5
103130.6
103641.211
103641.4
103642.1
103671.5
103765.6
104320.211
104320.4
104321.1
104354.5
104473.6
105018.211
105018.4
105019.1
105052.5
105145.6
105630.211
105630.4
105631.1
105678.5
105785.6
106403.4
106404.212
106504.2
106511.5
107004.3
107504.1
108010.6
108624.4
108625.212
108725.2
108796.5
109225.3
109725.1
109743.4
109927.5
110144.6
110678.211
110678.4
110679.1
110712.5
110825.6
111442.4
111443.212
111543.2
111547.5
112043.3
112543.1
112903.6
113633.4
113634.212
113734.2
113752.5
114234.3
114734.1
115101.4
115121.5
115251.6
115815.211
115815.4
115816.1
115881.5
116166.6
116797.4
116798.212
116799.5
116800.4
116898.2
116909.5
117398.3
117898.1
118313.6
118934.4
118935.212
118935.5
118937.4
119021.5
119035.2
119535.3
120035.1
120469.6
120913.211
120913.4
120914.1
120978.5
121333.6
121872.211
121872.4
121873.1
121910.5
122021.6
122607.211
122607.4
122608.1
122611.5
122612.4
122651.5
122811.6
123288.211
123288.4
123289.1
123324.5
123440.6
123978.211
123978.4
123979.1
124017.5
124153.6
125071.4
125072.212
125153.5
125172.2
125672.3
126172.1
126425.6
127233.4
127234.212
127321.5
127334.2
127834.3
128334.1
128616.6
129151.211
129151.4
129152.1
129205.5
129516.6
129548.6
130120.4
130121.212
130122.5
130123.4
130201.5
130221.2
130721.3
131221.1
131644.4
132087.5
132248.6
132767.211
132767.4
132768.1
132830.5
132934.6
133524.211
133524.4
133525.1
133596.5
133659.6
134246.211
134246.4
134247.1
134277.5
134472.6
135673.4
135674.212
135774.2
135794.5
136274.3
136409.4
136414.5
136415.4
136544.5
136774.1
137755.6
138354.211
138354.4
138355.1
138391.5
138487.6
138499.6
139109.4
139110.212
139210.2
139213.5
139710.3
140152.4
140210.1
140231.5
140638.4
141107.5
141278.6
141760.211
141760.4
141761.1
141815.5
141994.6
142566.211
142566.4
142567.1
142567.5
142570.4
142617.5
142695.6
143389.4
143390.212
143490.2
143533.5
143816.4
143901.5
143990.3
144490.1
145016.4
145018.5
145019.4
145511.5
146371.6
146401.6
146834.211
146834.4
146835.1
146869.5
147091.6
147123.6
147765.4
147766.212
147858.5
147866.2
148121.4
148366.3
148389.5
148391.4
148396.5
148866.1
150983.6
151299.211
151299.4
151300.1
151313.5
151358.6
151783.211
151783.4
151784.1
151821.5
151906.6
152449.211
152449.4
152450.1
152492.5
152494.4
152525.5
152632.6
153139.211
153139.4
153140.1
153172.5
153308.6
153777.211
153777.4
153778.1
153812.5
153893.6
154487.211
154487.4
154488.1
154528.5
154634.6
155081.211
155081.4
155082.1
155109.5
158605.6
159318.4
159319.212
159406.5
159419.2
159919.3
160419.1
161244.6
161683.211
161683.4
161684.1
161906.5
162058.6
162641.211
162641.4
162642.1
162678.5
162795.6
163305.211
163305.4
163306.1
163335.5
163401.6
163979.211
163979.4
163980.1
164017.5
164250.6
164875.4
164876.212
164968.5
164976.2
165476.3
165976.1
166197.6
166809.4
166810.212
166910.2
166949.5
167410.3
167910.1
168071.6
168644.211
168644.4
168645.1
168683.5
168804.6
169253.211
169253.4
169254.1
169291.5
169421.6
169901.211
169901.4
169902.1
169931.5
171840.6
172251.211
172251.4
172252.1
180000.9
123456789
