10
30
15
10
30
15
5
FI
1
5
9
52
00
10
25
01
6
2
594
0
0
0
314159265
42
111
156
180000
314159265
0.1
854.8
907.8
913.8
925.8
928.8
1458.8
1560.8
2141.8
2205.8
2556.8
2581.8
2586.8
2597.8
2991.8
3014.8
3094.8
3395.4
3396.212
3438.5
3454.4
3496.2
3561.5
3996.3
4496.1
6126.4
6280.5
6424.4
6519.5
7945.8
7950.8
7953.8
8031.8
8084.8
8098.8
8104.8
8142.8
8662.8
8697.8
8717.8
8761.8
8789.8
8844.8
9273.8
9300.8
9318.8
9372.8
9406.8
9462.8
10023.8
10068.8
10115.8
10119.8
10189.8
10587.8
10596.8
10637.8
10868.8
10875.8
10877.8
10950.4
10951.212
11051.2
11054.5
11551.3
12051.1
13673.4
13847.5
16944.4
16968.5
17026.8
17103.8
17221.8
17306.4
17307.212
17407.2
17703.5
17907.3
18407.1
21112.4
21240.5
21951.4
22057.5
22742.4
22875.5
23567.4
23716.5
23821.8
23973.4
23974.212
24074.2
24084.5
24574.3
25074.1
27239.4
27372.5
27452.4
27667.5
28926.4
29009.5
29500.8
29506.8
29562.8
29632.8
29791.4
29792.212
29805.5
29807.4
29892.2
29998.5
30392.3
30892.1
32781.4
32908.5
33710.4
33823.5
33951.8
33992.8
33996.8
33998.8
34226.8
34291.4
34292.212
34392.2
34526.5
34892.3
35392.1
37304.4
37465.5
37638.4
37804.5
37926.4
38080.5
38110.4
38156.5
38820.4
38859.5
38947.8
38956.8
39200.8
39335.4
39336.212
39436.2
39603.5
39936.3
40436.1
43123.4
43253.5
44422.8
44562.4
44563.212
44655.5
44663.2
45163.3
45663.1
47616.4
47697.5
47852.4
47881.5
48734.4
48833.5
49077.4
49193.5
49265.8
49302.8
49310.8
49431.4
49432.212
49522.5
49532.2
50032.3
50532.1
53006.4
53089.5
53308.4
53378.5
54070.4
54206.5
54272.4
54322.5
54947.8
55017.4
55018.212
55118.2
55128.5
55618.3
56118.1
57490.4
57580.5
57931.4
57948.5
57949.4
57979.5
58288.8
58367.4
58368.212
58461.5
58468.2
58968.3
59468.1
60401.4
60488.5
60846.4
60985.5
61062.8
61067.8
61094.8
61126.8
61192.4
61193.212
61293.2
61315.5
61793.3
62293.1
63917.4
63975.5
64781.8
64850.4
64851.212
64943.5
64951.2
65451.3
65951.1
66797.4
67094.5
67377.4
67523.5
67604.4
67740.5
68277.8
68351.4
68352.212
68452.2
68524.5
68952.3
69452.1
72635.4
72753.5
72890.4
73072.5
73327.4
73424.5
73669.4
73792.5
73851.4
73873.5
73981.8
74063.4
74064.212
74164.2
74197.5
74664.3
75164.1
75970.4
76041.5
76225.4
76253.5
76739.4
76850.5
76994.8
77070.4
77071.212
77171.2
77175.5
77671.3
78171.1
79883.8
79913.8
79983.4
79984.212
80084.2
80092.5
80584.3
81084.1
83227.4
83251.5
83491.4
83530.5
83737.4
83807.5
84003.4
84053.5
84121.8
84137.8
84229.4
84230.212
84330.2
84378.5
84830.3
85330.1
89480.4
89542.5
89649.8
89719.4
89720.212
89820.2
89852.5
90320.3
90820.1
92143.4
92210.5
92347.4
92378.5
92483.4
92568.5
92639.8
92714.4
92715.212
92815.2
92818.5
93315.3
93815.1
95414.4
95442.5
95687.4
95717.5
95830.8
95892.4
95893.212
95986.5
95993.2
96493.3
96993.1
98330.8
98413.4
98414.212
98514.2
98521.5
99014.3
99514.1
100593.4
100754.5
100853.8
100933.4
100934.212
101034.2
101041.5
101534.3
102034.1
104999.4
105121.5
105234.4
105271.5
105273.4
105306.5
105423.8
105496.4
105497.212
105597.2
105606.5
105613.4
105743.5
106097.3
106597.1
108306.4
108341.5
108618.4
108763.5
108961.4
109051.5
109135.8
109144.8
109235.4
109236.212
109336.2
109357.5
109836.3
110336.1
113318.4
113407.5
113707.4
113708.5
113710.4
113757.5
113922.8
114017.4
114018.212
114118.2
114218.5
114618.3
115118.1
117488.4
117522.5
117536.4
117548.5
117627.8
117744.4
117745.212
117834.5
117845.2
118345.3
118845.1
120465.4
120862.5
121143.4
121254.5
121359.8
121442.4
121443.212
121543.2
121600.5
122043.3
122543.1
122992.4
122997.5
123000.4
123072.5
124099.4
124209.5
125916.4
126000.5
126174.4
126648.5
126680.4
126846.5
127065.4
127241.5
127382.8
127461.4
127462.212
127558.5
127562.2
128062.3
128562.1
129364.4
129500.5
129640.8
129723.4
129724.212
129824.2
129846.5
130324.3
130824.1
131694.4
131895.5
132081.4
132192.5
132272.8
132349.4
132350.212
132359.5
132370.4
132450.2
132481.5
132950.3
133450.1
134310.4
134311.5
134465.8
134570.4
134571.212
134671.2
134750.5
135171.3
135671.1
136898.8
136982.4
136983.212
137083.2
137125.5
137270.4
137284.5
137287.4
137324.5
137583.3
138083.1
138855.4
138902.5
139792.8
139867.4
139868.212
139968.2
139988.5
140468.3
140968.1
141967.4
142038.5
145327.4
145398.5
145709.4
145763.5
145968.4
146015.5
146538.4
146549.5
146634.8
146715.4
146716.212
146799.5
146816.2
147316.3
147816.1
149746.4
149845.5
149910.8
150003.4
150004.212
150104.2
150114.5
150604.3
151104.1
152625.4
152637.5
152857.4
152929.5
153037.8
153044.8
153116.4
153117.212
153217.2
153303.5
153341.4
153355.5
153468.4
153510.5
153717.3
154217.1
155120.4
155167.5
155227.4
155258.5
155414.8
155590.8
155614.8
156168.4
156169.212
156172.5
156173.4
156269.2
156287.5
156769.3
157269.1
159203.4
159283.5
162932.4
163000.5
163504.4
163583.5
163756.4
163825.5
163840.4
163858.5
164010.8
164020.8
164109.4
164110.212
164210.2
164260.5
164710.3
165210.1
166223.8
166303.4
166304.212
166404.2
166530.5
166631.4
166710.5
166904.3
167312.4
167404.1
167413.5
167623.4
167686.5
171316.4
171348.5
171587.4
171655.5
171826.8
171838.8
171924.4
171925.212
171926.5
171954.4
172025.2
172064.5
172067.4
172116.5
172194.4
172223.5
172525.3
172676.4
172802.5
173025.1
177825.4
177906.5
177986.8
178100.4
178101.212
178201.2
178261.5
178701.3
180000.9
123456789
10
31
15
10
31
15
5
FI
1
5
9
53
00
10
26
00
6
2
496
0
0
0
314159265
45
61
126
180000
314159265
0.1
411.4
439.5
465.4
496.5
1056.8
1065.8
1125.4
1126.212
1226.2
1242.5
1726.3
2226.1
3525.4
3625.5
4104.4
4236.5
4457.4
4549.5
4690.8
4750.4
4751.212
4851.2
4852.5
5351.3
5851.1
6236.4
6427.5
7495.8
7572.4
7573.212
7673.2
7680.5
8173.3
8673.1
11050.4
11120.5
11233.8
11303.4
11304.212
11404.2
11431.5
11904.3
12404.1
14506.4
14611.5
15296.8
15303.8
15394.4
15395.212
15495.2
15511.5
15995.3
16495.1
17408.4
17522.5
17721.4
17810.5
17902.8
17980.4
17981.212
18081.2
18147.5
18581.3
19081.1
22016.4
22035.5
22161.8
22196.8
22198.8
22255.4
22256.212
22356.2
22422.5
22856.3
23356.1
24045.4
24291.5
24417.8
24495.4
24496.212
24596.2
24643.5
25096.3
25596.1
28904.8
28911.8
28979.4
28980.212
29080.2
29105.5
29580.3
30080.1
32021.4
32038.5
32101.8
32166.4
32167.212
32267.2
32280.5
32334.4
32432.5
32767.3
33267.1
36781.4
36836.5
37107.4
37152.5
37335.8
37422.4
37423.212
37523.2
37526.5
38023.3
38523.1
39244.4
39245.5
39246.4
39254.5
39256.4
39283.5
39377.8
39382.8
39474.4
39475.212
39575.2
39673.5
40075.3
40575.1
44678.4
44741.5
45770.4
45824.5
45938.8
46011.4
46012.212
46112.2
46152.5
46612.3
47112.1
51013.8
51108.4
51109.212
51209.2
51257.5
51709.3
52209.1
53248.4
53316.5
53414.8
53427.8
53488.4
53489.212
53589.2
53772.5
54089.3
54589.1
57743.4
57827.5
58028.4
58069.5
58207.8
58297.4
58298.212
58398.2
58404.5
58898.3
59398.1
60911.4
60965.5
61031.8
61123.4
61124.212
61224.2
61253.5
61259.4
61333.5
61724.3
62224.1
64958.4
65005.5
65531.4
65596.5
65689.8
65761.4
65762.212
65862.2
65879.5
66362.3
66862.1
68549.4
68584.5
68692.8
68765.4
68766.212
68866.2
68925.5
69366.3
69866.1
74012.8
74039.8
74107.4
74108.212
74208.2
74235.5
74708.3
75208.1
77602.8
77605.8
77697.4
77698.212
77733.5
77739.4
77798.2
77825.5
78298.3
78798.1
80203.8
80296.4
80297.212
80397.2
80535.5
80897.3
81397.1
82558.4
82853.5
82950.8
83027.4
83028.212
83128.2
83137.5
83628.3
84128.1
85721.4
85846.5
85945.8
85950.8
86018.4
86019.212
86119.2
86178.5
86269.4
86293.5
86619.3
86906.4
86992.5
87119.1
87749.4
87884.5
88013.8
88124.4
88125.212
88212.5
88225.2
88230.4
88330.5
88725.3
89225.1
90571.4
90784.5
90914.4
91012.5
92461.4
92558.5
92565.4
92613.5
92697.4
92766.5
97184.4
97300.5
97544.4
97637.5
97910.4
97979.5
98320.8
98412.4
98413.212
98513.2
98530.5
99013.3
99513.1
101107.4
101141.5
101266.8
101297.8
101368.4
101369.212
101469.2
101549.5
101969.3
102469.1
106267.4
106428.5
106587.8
106667.4
106668.212
106768.2
106839.5
106884.4
106959.5
107268.3
107768.1
112037.8
112102.4
112103.212
112203.2
112232.5
112703.3
113203.1
114842.4
114919.5
115078.4
115185.5
115249.8
115354.4
115355.212
115455.2
115497.5
115955.3
116455.1
117768.8
117861.4
117862.212
117962.2
117982.5
117986.4
118028.5
118082.4
118168.5
118462.3
118962.1
123220.8
123316.4
123317.212
123417.2
123585.5
123917.3
124417.1
126824.4
126941.5
126950.4
127063.5
127204.8
127295.4
127296.212
127396.2
127555.5
127896.3
128396.1
132494.8
132587.4
132588.212
132688.2
132695.5
133188.3
133688.1
134699.8
134784.4
134785.212
134885.2
134904.5
135385.3
135885.1
137708.4
137773.5
137929.4
138004.5
138154.8
138238.4
138239.212
138339.2
138401.5
138839.3
139080.4
139225.5
139339.1
139410.4
139563.5
139670.8
139758.4
139759.212
139859.2
140009.5
140359.3
140859.1
142699.4
142815.5
142891.4
142957.5
143138.8
143426.8
145138.8
145261.4
145262.212
145362.2
145390.5
145862.3
146362.1
147665.4
147933.5
148078.8
148083.8
148176.4
148177.212
148277.2
148415.5
148777.3
149277.1
150788.4
150939.5
151530.4
151669.5
151868.4
151970.5
152100.8
152275.4
152276.212
152376.2
152425.5
152876.3
153376.1
154601.4
154803.5
155070.4
155079.5
155099.4
155270.5
155385.8
155397.8
155475.4
155476.212
155576.2
155749.5
156076.3
156576.1
156831.4
156926.5
157041.4
157131.5
158920.4
159058.5
159152.8
159232.4
159233.212
159333.2
159412.5
159833.3
160333.1
161740.4
161856.5
162021.8
162112.4
162113.212
162213.2
162456.5
162713.3
162735.4
162809.5
162900.4
163012.5
163165.8
163213.1
163702.4
163826.5
164226.4
164499.5
166635.4
166654.5
167422.8
167565.4
167566.212
167666.2
167722.5
167804.4
167833.5
168166.3
168666.1
169226.4
169330.5
174028.4
174234.5
174491.4
174604.5
174918.8
175034.4
175035.212
175135.2
175305.5
175635.3
176135.1
176881.4
177163.5
177943.4
180000.9
123456789
11
01
15
11
01
15
5
FI
1
5
9
54
54
10
27
55
6
2
466
0
0
0
314159265
44
59
114
180000
314159265
0.1
378.4
393.5
485.8
552.4
553.212
653.2
697.5
1153.3
1653.1
4323.8
4332.8
4398.4
4399.212
4499.2
4548.5
4999.3
5499.1
7925.4
7982.5
8090.8
8144.4
8145.212
8245.2
8265.5
8745.3
9245.1
10815.8
10821.8
10885.4
10886.212
10986.2
11047.5
11486.3
11986.1
13217.8
13221.8
13224.8
13282.4
13283.212
13383.2
13402.5
13407.4
13533.5
13883.3
13891.4
13912.5
13916.4
13950.5
13954.4
14009.5
14383.1
15772.4
15895.5
16178.8
16186.8
16246.4
16247.212
16347.2
16366.5
16847.3
17347.1
18182.8
18266.4
18267.212
18367.2
18392.5
18867.3
19367.1
19753.8
19830.4
19831.212
19931.2
19936.5
20431.3
20931.1
23389.4
23523.5
23998.8
24083.4
24084.212
24184.2
24245.5
24684.3
25184.1
27201.4
27633.5
28696.4
28883.5
29024.4
29208.5
29278.8
29287.8
29341.4
29342.212
29442.2
29486.5
29942.3
30442.1
32228.8
32309.4
32310.212
32406.5
32410.2
32475.4
32560.5
32910.3
33410.1
34245.4
34251.5
34253.4
34378.5
39995.8
40069.4
40070.212
40170.2
40192.5
40227.4
40357.5
40392.4
40489.5
40581.4
40670.3
40700.5
40765.4
40883.5
41170.1
48311.8
48316.8
48399.4
48400.212
48500.2
48532.5
49000.3
49500.1
50952.8
51031.4
51032.212
51132.2
51171.5
51632.3
52132.1
53893.8
53897.8
53986.4
53987.212
54087.2
54101.5
54587.3
55087.1
56383.8
56470.4
56471.212
56571.2
56614.5
57071.3
57571.1
59327.8
59333.8
59417.4
59418.212
59518.2
59528.5
60018.3
60518.1
62495.8
62578.4
62579.212
62679.2
62826.5
63179.3
63679.1
64022.4
64149.5
64494.4
64652.5
65482.4
65670.5
65744.4
65885.5
66033.8
66133.4
66134.212
66234.2
66290.5
66384.4
66567.5
66734.3
67234.1
68235.8
68319.4
68320.212
68420.2
68493.5
68495.4
68499.5
68504.4
68528.5
68650.4
68920.3
68948.5
69420.1
71197.4
71333.5
71509.8
71515.8
71586.4
71587.212
71687.2
71742.5
72187.3
72687.1
74366.8
74372.8
74451.4
74452.212
74552.2
74700.5
75052.3
75186.4
75191.5
75194.4
75318.5
75552.1
78069.8
78151.4
78152.212
78252.2
78295.5
78752.3
79252.1
80845.8
80943.4
80944.212
81044.2
81308.5
81338.4
81435.5
81544.3
82044.1
83801.8
83896.4
83897.212
83997.2
84024.5
84497.3
84997.1
86720.8
86803.4
86804.212
86904.2
86962.5
87404.3
87904.1
89932.4
90079.5
90519.8
90527.8
90589.4
90590.212
90690.2
90724.5
91190.3
91690.1
92178.4
92349.5
92478.8
92559.4
92560.212
92660.2
92782.5
92833.4
92971.5
93160.3
93660.1
94688.4
94772.5
95151.4
95501.5
102324.4
102597.5
107978.4
107981.5
107983.4
108287.5
109214.4
109215.5
109216.4
109443.5
109577.8
109665.4
109666.212
109766.2
109815.5
110266.3
110766.1
113488.8
113563.4
113564.212
113664.2
113785.5
114164.3
114664.1
119723.4
119872.5
119958.8
120029.4
120030.212
120130.2
120168.5
120630.3
120789.4
120972.5
121129.8
121130.1
121220.4
121283.5
121358.8
121431.4
121432.212
121532.2
121595.5
122032.3
122532.1
124663.4
124704.5
124710.4
124713.5
124850.8
124929.4
124930.212
125030.2
125103.5
125530.3
126030.1
128561.8
128641.4
128642.212
128742.2
128933.5
128992.4
129070.5
129242.3
129742.1
130453.4
130542.5
131931.8
132013.4
132014.212
132114.2
132614.3
132677.5
132749.4
133042.5
133114.1
133159.8
133218.4
133219.212
133319.2
133364.5
133819.3
134319.1
136385.4
136635.5
136836.8
136921.4
136922.212
137022.2
137061.5
137118.4
137163.5
137406.4
137522.3
137617.5
137755.8
137834.4
138022.1
138022.5
138038.4
138076.5
138098.4
138187.5
138608.4
138712.5
138972.8
139035.4
139036.212
139136.2
139194.5
139636.3
140136.1
141759.4
141879.5
141992.8
142067.4
142068.212
142168.2
142229.5
142668.3
142845.4
142962.5
143168.1
145738.4
146023.5
146126.8
146215.4
146216.212
146316.2
146331.5
146816.3
147316.1
149264.8
149331.4
149332.212
149432.2
149504.5
149932.3
150219.8
150432.1
150486.4
150579.5
152408.4
152531.5
153759.4
154078.5
160887.4
160964.5
162431.4
162538.5
165198.4
165467.5
166428.4
166590.5
167963.4
167985.5
168073.8
168139.4
168140.212
168143.5
168144.4
168240.2
168312.5
168316.4
168493.5
168740.3
169240.1
174498.4
174597.5
174785.4
174918.5
174985.8
175054.4
175055.212
175155.2
175190.5
175655.3
176155.1
177603.8
177685.4
177686.212
177786.2
177944.5
178286.3
180000.9
123456789
11
02
15
11
02
15
5
FI
1
5
9
52
46
10
25
46
6
2
266
0
0
0
314159265
26
29
65
180000
314159265
0.1
562.8
621.4
622.212
722.2
764.5
1222.3
1722.1
2666.4
2699.5
2792.8
2863.4
2864.212
2964.2
3001.5
3464.3
3964.1
4821.8
4894.4
4895.212
4995.2
5044.5
5495.3
5995.1
6502.8
6578.4
6579.212
6679.2
6700.5
7179.3
7679.1
9304.4
9425.5
9495.8
9563.4
9564.212
9664.2
9725.5
10164.3
10664.1
12230.8
12302.4
12303.212
12403.2
12424.5
12903.3
13403.1
14890.8
14902.8
14968.4
14969.212
15069.2
15071.5
15569.3
16069.1
18496.4
18627.5
18992.8
18999.8
19068.4
19069.212
19169.2
19240.5
19669.3
20169.1
22160.4
22233.5
29379.4
29441.5
40930.4
41007.5
41107.8
41166.4
41167.212
41267.2
41276.5
41767.3
42267.1
44280.4
44319.5
44439.8
44507.4
44508.212
44608.2
44608.5
45108.3
45608.1
46367.8
46438.4
46439.212
46539.2
46625.5
47039.3
47539.1
49399.8
49474.4
49475.212
49575.2
49691.5
49770.4
49838.5
50075.3
50575.1
51226.4
51349.5
51371.4
51418.5
51458.4
51527.5
55789.4
55835.5
57894.4
58213.5
63398.8
63477.4
63478.212
63578.2
63597.5
64078.3
64578.1
67065.8
67142.4
67143.212
67243.2
67537.5
67743.3
68230.4
68243.1
68377.5
71263.4
71265.5
71267.4
71503.5
71568.4
71597.5
74165.4
74230.5
74400.4
74467.5
82896.4
82958.5
83132.4
83138.5
88793.4
88863.5
95031.4
95105.5
95235.8
95310.4
95311.212
95411.2
95734.5
95911.3
96411.1
113279.4
113292.5
116393.8
116469.4
116470.212
116570.2
116624.5
117070.3
117570.1
118754.4
118938.5
119040.8
119109.4
119110.212
119210.2
119356.5
119526.4
119710.3
119855.5
120210.1
120344.4
120502.5
120592.8
120660.4
120661.212
120761.2
120991.5
121083.4
121096.5
121261.3
121761.1
122849.4
122876.5
122975.8
123041.4
123042.212
123142.2
123171.5
123642.3
124142.1
125636.8
125713.4
125714.212
125814.2
125996.5
126314.3
126814.1
127884.4
127903.5
131086.4
131093.5
140945.4
140970.5
144364.4
144500.5
146901.8
146994.4
146995.212
147095.2
147202.5
147595.3
148095.1
151822.8
151878.4
151879.212
151979.2
151986.5
151988.4
152027.5
152045.4
152052.5
152479.3
152979.1
153481.4
153502.5
153510.4
153583.5
156269.8
156339.4
156340.212
156440.2
156486.5
156940.3
157440.1
159329.8
159400.4
159401.212
159501.2
159601.5
160001.3
160501.1
161215.8
161292.4
161293.212
161393.2
161426.5
161893.3
162393.1
168005.4
168059.5
169329.8
169517.8
169608.4
169609.212
169612.5
169633.4
169709.2
169714.5
170209.3
180000.9
123456789
11
03
15
11
03
15
5
FI
1
5
9
59
11
10
32
10
6
2
501
0
0
0
314159265
56
90
91
180000
314159265
0.1
350.8
403.4
404.212
502.5
504.2
1004.3
1504.1
1569.8
1581.8
1639.4
1640.212
1740.2
1776.5
2240.3
2740.1
3316.8
3380.4
3381.212
3481.2
3499.5
3606.4
3943.5
3981.3
4015.8
4036.8
4093.4
4124.5
4192.8
4481.1
4819.8
4871.4
4872.212
4972.2
4978.5
5472.3
5972.1
7179.8
7183.8
7187.8
7259.4
7260.212
7360.2
7386.5
7860.3
8360.1
9077.4
9152.5
9722.8
9732.8
9782.4
9783.212
9883.2
9929.5
10383.3
10883.1
12341.8
12348.8
12422.4
12423.212
12523.2
12622.5
13023.3
13523.1
14348.4
14416.5
14528.8
14609.4
14610.212
14710.2
14759.5
15210.3
15710.1
16747.8
16754.8
16817.4
16818.212
16918.2
16996.5
17418.3
17918.1
18954.8
19025.4
19026.212
19126.2
19243.5
19626.3
20126.1
23582.8
23651.4
23652.212
23752.2
23870.5
24238.4
24252.3
24348.5
24752.1
27493.4
27603.5
27843.8
27920.4
27921.212
28021.2
28067.5
28521.3
29021.1
31267.8
31281.8
31343.4
31344.212
31444.2
31457.5
31944.3
32444.1
33914.8
33917.8
33922.8
33992.4
33993.212
34093.2
34154.5
34593.3
35093.1
35765.8
35840.4
35841.212
35941.2
35956.5
36441.3
36941.1
38279.4
38282.5
38288.4
38344.5
38446.8
38526.4
38527.212
38627.2
38653.5
39127.3
39627.1
40543.4
40591.5
40676.8
40753.4
40754.212
40854.2
40910.5
41354.3
41854.1
43166.8
43301.4
43302.212
43402.2
43557.5
43902.3
44402.1
45074.8
45147.4
45148.212
45248.2
45403.5
45748.3
46248.1
47200.4
47414.5
47505.8
47573.4
47574.212
47674.2
47693.5
48174.3
48674.1
49753.4
49886.5
49981.8
49990.8
50051.4
50052.212
50152.2
50361.5
50470.4
50520.5
50624.8
50639.8
50652.3
50870.4
51109.5
51152.1
52579.4
52722.5
52799.8
52876.4
52877.212
52977.2
53124.5
53477.3
53977.1
55129.8
55202.4
55203.212
55303.2
55509.5
55690.8
55803.3
56303.1
56810.8
56882.4
56883.212
56983.2
57090.5
57483.3
57983.1
58799.4
58985.5
59155.4
59352.5
59420.8
59433.8
59486.4
59487.212
59587.2
59635.5
60087.3
60587.1
61643.8
61660.8
61726.4
61727.212
61827.2
61860.5
62327.3
62827.1
64582.8
64660.4
64661.212
64761.2
64801.5
65261.3
65761.1
66240.8
66301.4
66302.212
66402.2
66516.5
66902.3
67402.1
68805.8
68876.4
68877.212
68977.2
69001.5
69477.3
69977.1
70956.4
71194.5
71293.8
71355.4
71356.212
71456.2
71559.5
71859.4
71956.3
72060.5
72456.1
73167.4
73243.5
73307.8
73320.8
73375.4
73376.212
73476.2
73773.5
73843.4
73943.5
73976.3
74024.8
74140.4
74220.5
74476.1
75064.8
75124.4
75125.212
75225.2
75269.5
75725.3
76225.1
77201.4
77267.5
77371.8
77438.4
77439.212
77539.2
77565.5
78039.3
78539.1
79718.4
79785.5
79856.8
79862.8
79864.8
79939.4
79940.212
80040.2
80041.5
80540.3
81040.1
83160.8
83228.4
83229.212
83329.2
83404.5
83829.3
84329.1
87100.4
87102.5
87105.4
87134.5
87202.8
87273.4
87274.212
87374.2
87560.5
87874.3
88374.1
88930.4
88951.5
89015.8
89080.4
89081.212
89181.2
89347.5
89681.3
90181.1
91213.4
91316.5
91345.4
91588.5
91771.4
91899.5
91983.8
91990.8
92054.4
92055.212
92155.2
92317.5
92655.3
93155.1
94508.8
94583.4
94584.212
94684.2
94728.5
95184.3
95684.1
97056.8
97064.8
97132.4
97133.212
97233.2
97400.5
97733.3
98233.1
98520.8
98543.8
98613.4
98614.212
98714.2
98739.5
99214.3
99714.1
101127.8
101193.4
101194.212
101294.2
101398.5
101794.3
102294.1
108599.4
108661.5
108725.8
108781.4
108782.212
108882.2
109026.5
109382.3
109882.1
110406.8
110469.4
110470.212
110570.2
110666.5
111070.3
111570.1
111958.8
112017.4
112018.212
112118.2
112145.5
112618.3
113118.1
113713.4
113830.5
114004.8
114067.4
114068.212
114168.2
114184.5
114668.3
115168.1
116247.8
116336.4
116337.212
116437.2
116515.5
116937.3
117437.1
118261.8
118321.4
118322.212
118422.2
118499.5
118922.3
119422.1
120500.4
120568.5
120641.8
120698.4
120699.212
120799.2
120904.5
121299.3
121799.1
123041.8
123097.4
123098.212
123198.2
123230.5
123698.3
124198.1
126177.8
126272.4
126273.212
126360.5
126373.2
126873.3
127373.1
128040.8
128116.4
128117.212
128217.2
128233.5
128717.3
129217.1
130027.8
130043.8
130103.4
130104.212
130204.2
130289.5
130362.4
130464.5
130704.3
131204.1
132653.8
132726.4
132727.212
132827.2
132882.5
133327.3
133827.1
134607.8
134840.8
137387.8
137456.4
137457.212
137557.2
137562.5
138057.3
138557.1
140863.6
140872.6
141687.8
141928.8
143387.8
143602.8
143761.8
144400.8
145097.8
145195.4
145196.212
145296.2
145387.5
145796.3
146296.1
166411.4
166420.5
166428.4
180000.9
123456789
11
04
15
11
04
15
5
FI
1
5
9
50
45
10
23
45
6
2
483
0
0
0
314159265
54
77
94
180000
314159265
0.1
456.8
506.211
506.4
507.1
603.5
653.8
723.4
724.212
824.2
858.5
1324.3
1824.1
1931.8
1994.4
1995.212
2095.2
2138.5
2595.3
3095.1
3658.8
3720.4
3721.212
3821.2
3830.5
4321.3
4821.1
5211.4
5261.5
5367.4
5428.5
5493.8
5528.8
5571.4
5572.212
5669.5
5672.2
6172.3
6672.1
6862.4
6983.5
7062.8
7119.4
7120.212
7220.2
7230.5
7720.3
8220.1
9139.8
9201.4
9202.212
9302.2
9310.5
9802.3
10302.1
10688.4
10839.5
11009.4
11084.5
11146.8
11200.4
11201.212
11301.2
11327.5
11801.3
12301.1
12935.8
12999.4
13000.212
13098.5
13100.2
13600.3
14100.1
15100.8
15175.4
15176.212
15276.2
15277.5
15776.3
16276.1
17247.8
17257.8
17267.8
17314.4
17315.212
17415.2
17417.5
17915.3
18415.1
19486.8
19494.8
19565.4
19566.212
19666.2
19726.5
20166.3
20666.1
24117.8
24120.8
24184.4
24185.212
24285.2
24313.5
24785.3
25285.1
27144.4
27160.5
27238.8
27249.8
27277.8
27338.4
27339.212
27439.2
27494.5
27939.3
28439.1
29983.8
30074.4
30075.212
30175.2
30195.5
30675.3
31175.1
33617.8
33695.4
33696.212
33794.5
33796.2
34296.3
34796.1
36492.4
36627.5
36808.8
36886.4
36887.212
36987.2
37067.5
37487.3
37987.1
42956.8
43033.4
43034.212
43134.2
43239.5
43634.3
44134.1
49435.8
49446.8
49497.4
49498.212
49598.2
49608.5
50098.3
50598.1
52793.4
52827.5
52980.4
53033.5
53108.8
53179.4
53180.212
53280.2
53402.5
53780.3
54280.1
59365.8
59485.4
59486.212
59586.2
59775.5
59908.8
60086.3
60292.4
60447.5
60544.8
60553.8
60586.1
60669.4
60796.5
61483.8
61542.4
61543.212
61643.2
61792.5
62143.3
62643.1
64145.8
64221.4
64222.212
64322.2
64465.5
64822.3
65322.1
65365.4
65425.5
65542.8
65620.4
65621.212
65721.2
65786.5
66221.3
66721.1
68408.8
68482.4
68483.212
68583.2
68623.5
68628.4
68635.5
68649.4
68825.5
69083.3
69583.1
70062.8
70145.4
70146.212
70246.2
70299.5
70470.4
70620.5
70709.8
70746.3
71246.1
71696.8
71747.4
71748.212
71848.2
71908.5
72348.3
72848.1
74235.4
74294.5
74380.8
74443.4
74444.212
74544.2
74577.5
75044.3
75544.1
77878.4
77959.5
81211.8
81269.4
81270.212
81370.2
81409.5
81870.3
82370.1
85155.8
85218.4
85219.212
85319.2
85431.5
85580.8
85819.3
85947.8
85954.8
86037.4
86076.5
86319.1
86697.8
86757.4
86758.212
86858.2
86859.5
87358.3
87858.1
89632.8
89707.4
89708.212
89808.2
90023.5
90272.8
90308.3
90653.8
90783.4
90808.1
90937.5
91018.8
91090.4
91091.212
91191.2
91216.5
91691.3
92191.1
94060.8
94127.4
94128.212
94228.2
94412.5
94477.4
94568.5
94728.3
95228.1
97225.8
97233.8
97294.4
97295.212
97395.2
97620.5
97895.3
98395.1
100573.8
100654.4
100655.212
100755.2
100758.5
100898.4
101032.5
101255.3
101755.1
107151.4
107253.5
107988.4
108162.5
108510.4
108835.5
109056.4
109230.5
109489.8
109546.4
109547.212
109647.2
109972.5
110020.4
110092.5
110147.3
110647.1
111185.8
111242.4
111243.212
111343.2
111632.5
111811.4
111843.3
111960.5
112028.8
112043.8
112117.4
112343.1
112393.5
112397.4
112421.5
112993.8
113062.4
113063.212
113163.2
113380.5
113645.4
113663.3
113746.5
114163.1
115489.4
115591.5
115663.8
115671.8
115739.4
115740.212
115840.2
115864.5
116340.3
116840.1
118672.4
118723.5
118803.8
118875.4
118876.212
118976.2
119065.5
119476.3
119976.1
122262.8
122329.4
122330.212
122430.2
122480.5
122930.3
123430.1
126558.8
126632.4
126633.212
126733.2
126853.5
127233.3
127733.1
130852.8
130950.4
130951.212
131051.2
131171.5
131551.3
132051.1
137498.4
137531.5
137728.4
137813.5
138823.4
138884.5
139057.4
139227.5
139976.8
140044.4
140045.212
140145.2
140213.5
140645.3
141145.1
144214.8
144276.4
144277.212
144377.2
144436.5
144877.3
145377.1
147971.8
148058.4
148059.212
148159.2
148317.5
148659.3
149159.1
151694.8
151769.4
151770.212
151870.2
152033.5
152370.3
152870.1
153626.8
153692.4
153693.212
153793.2
153882.5
154293.3
154793.1
156285.8
156353.4
156354.212
156454.2
156526.5
156954.3
157454.1
162947.8
163042.4
163043.212
163143.2
163216.5
163643.3
164143.1
166636.8
166707.4
166708.212
166808.2
166903.5
167308.3
167808.1
173048.8
173125.4
173126.212
173196.5
173212.4
173226.2
173297.5
173726.3
174226.1
177310.8
177336.8
177397.4
177398.212
177498.2
177717.5
177998.3
178498.1
178866.4
179049.5
179439.4
179734.5
179816.8
179867.4
179868.212
180000.9
123456789
11
05
15
11
05
15
5
FI
1
5
9
56
29
10
29
29
6
2
505
0
0
0
314159265
60
76
91
180000
314159265
0.1
484.4
512.5
558.8
614.4
615.212
715.2
762.5
1215.3
1715.1
2034.8
2088.4
2089.212
2189.2
2326.5
2689.3
3189.1
6530.8
6611.4
6612.212
6712.2
6724.5
7212.3
7712.1
8388.8
8447.4
8448.212
8548.2
8580.5
9048.3
9548.1
10043.4
10128.5
10198.8
10261.4
10262.212
10362.2
10435.5
10862.3
11362.1
11873.4
11985.5
12080.8
12135.4
12136.212
12236.2
12238.5
12736.3
13236.1
14060.4
14068.5
14145.8
14147.8
14206.4
14207.212
14307.2
14355.5
14807.3
15307.1
17314.4
17386.5
17511.8
17579.4
17580.212
17680.2
17694.5
18180.3
18680.1
19744.8
19808.4
19809.212
19909.2
19939.5
20409.3
20909.1
22354.8
22420.4
22421.212
22521.2
22653.5
23021.3
23521.1
24909.8
24981.4
24982.212
25082.2
25084.5
25582.3
26082.1
27722.8
27800.4
27801.212
27901.2
27925.5
28401.3
28901.1
30369.8
30433.4
30434.212
30529.5
30534.2
31034.3
31534.1
32586.4
32646.5
32719.8
32784.4
32785.212
32885.2
32937.5
33385.3
33885.1
35421.8
35487.4
35488.212
35588.2
35605.5
36088.3
36588.1
36892.8
36961.4
36962.212
37062.2
37156.5
37562.3
38062.1
39426.8
39490.4
39491.212
39591.2
39851.5
39930.4
40091.3
40112.5
40274.8
40367.4
40438.5
40591.1
41399.8
41457.4
41458.212
41558.2
41679.5
42058.3
42558.1
43699.8
43766.4
43767.212
43867.2
43903.5
44367.3
44867.1
45238.4
45273.5
45354.8
45425.4
45426.212
45526.2
45608.5
46026.3
46073.8
46488.8
46526.1
48602.8
48612.8
48657.4
48658.212
48758.2
48885.5
49258.3
49594.8
49626.8
49758.1
50635.8
50700.4
50701.212
50801.2
50810.5
51301.3
51801.1
53409.8
53475.4
53476.212
53576.2
53766.5
54076.3
54576.1
55748.8
55827.4
55828.212
55928.2
55990.5
56428.3
56928.1
58448.8
58532.4
58533.212
58633.2
58959.5
59133.3
59633.1
60305.8
60364.4
60365.212
60465.2
60578.5
60965.3
61465.1
62523.8
62583.4
62584.212
62684.2
62725.5
63184.3
63684.1
64867.8
64931.4
64932.212
65032.2
65065.5
65232.4
65532.3
65653.5
66032.1
69939.8
70006.4
70007.212
70107.2
70291.5
70607.3
71107.1
72445.8
72513.4
72514.212
72614.2
72684.5
73114.3
73614.1
76311.4
76391.5
76463.8
76534.4
76535.212
76635.2
76679.5
77135.3
77412.4
77532.5
77594.8
77635.1
77655.4
77762.5
78508.8
78556.211
78556.4
78557.1
78901.5
80421.8
80476.4
80477.212
80577.2
80587.5
81077.3
81577.1
82694.8
82761.4
82762.212
82862.2
82908.5
83074.4
83136.5
83248.8
83362.3
83703.8
83769.4
83826.5
83862.1
84752.4
84804.5
84852.8
84904.4
84905.212
85005.2
85176.5
85505.3
86005.1
87557.8
87633.4
87634.212
87734.2
87785.5
88234.3
88734.1
90403.8
90476.4
90477.212
90577.2
90641.5
91077.3
91577.1
92710.8
92765.4
92766.212
92866.2
92926.5
93366.3
93866.1
95243.8
95297.4
95298.212
95398.2
95431.5
95898.3
96398.1
97877.4
97882.5
97980.8
97989.8
98043.4
98044.212
98144.2
98246.5
98644.3
99144.1
102722.4
102778.5
102935.4
102969.5
103031.8
103082.4
103083.212
103183.2
103325.5
103683.3
104183.1
105167.8
105239.4
105240.212
105340.2
105752.5
105840.3
106266.8
106340.1
107895.8
107951.4
107952.212
108052.2
108079.5
108552.3
109052.1
110403.8
110462.4
110463.212
110563.2
110608.5
111063.3
111563.1
113298.4
113333.5
113400.8
113461.4
113462.212
113562.2
113624.5
114062.3
114562.1
115171.8
115227.4
115228.212
115328.2
115376.5
115828.3
116328.1
118037.8
118046.8
118116.4
118117.212
118217.2
118244.5
118717.3
119217.1
120813.8
120920.4
120921.212
121021.2
121137.5
121521.3
122021.1
123651.8
123704.4
123705.212
123805.2
123945.5
124305.3
124805.1
125265.4
125341.5
125406.8
125466.4
125467.212
125567.2
125858.5
126067.3
126567.1
127124.8
127177.4
127178.212
127278.2
127490.5
127778.3
128278.1
131833.8
131896.4
131897.212
131997.2
132073.5
132497.3
132997.1
136630.4
136780.5
138140.8
138207.4
138208.212
138308.2
138348.5
138741.4
138808.3
138865.5
138960.8
139308.1
140721.8
140782.4
140783.212
140883.2
140914.5
141383.3
141883.1
142300.4
142321.5
142417.4
142454.5
142554.8
142600.211
142600.4
142601.1
142836.5
144110.8
144162.4
144163.212
144263.2
144319.5
144763.3
145263.1
146877.8
146943.4
146944.212
147044.2
147086.5
147544.3
148044.1
149600.8
149676.4
149677.212
149770.5
149777.2
150277.3
150777.1
152045.8
152112.4
152113.212
152213.2
152259.5
152324.4
152411.5
152713.3
153213.1
153897.4
153936.5
154501.8
154556.4
154557.212
154657.2
154669.5
155157.3
155657.1
157214.4
157246.5
158474.8
158532.4
158533.212
158633.2
158925.5
159133.3
159633.1
161323.4
161377.5
161456.8
161507.4
161508.212
161608.2
161733.5
162108.3
180000.9
123456789
11
06
15
11
06
15
5
FI
1
5
9
53
06
10
26
06
6
2
1300
0
0
0
314159265
28
339
262
180000
314159265
0.1
16.8
84.211
84.4
85.1
108.5
198.8
202.8
241.211
241.4
242.1
289.5
421.8
466.211
466.4
467.1
494.5
936.8
987.211
987.4
988.1
1070.5
1116.8
1130.8
1140.8
1185.211
1185.4
1186.1
1225.5
1274.8
1333.8
1374.211
1374.4
1375.1
1409.5
1880.8
1931.211
1931.4
1932.1
1971.5
2027.8
2075.8
2083.8
2096.8
2140.211
2140.4
2141.1
2178.5
3002.8
3103.8
3139.8
3154.8
3281.8
3354.8
3815.8
3905.8
3958.8
4018.4
4019.212
4119.2
4211.5
4293.4
4378.5
4436.8
4619.3
4653.8
4784.4
4804.5
5119.1
5827.8
5879.211
5879.4
5880.1
5952.5
6058.8
6083.8
6127.211
6127.4
6128.1
6167.5
6769.8
6878.211
6878.4
6879.1
6913.5
6971.8
7055.211
7055.4
7056.1
7090.5
7624.8
7707.211
7707.4
7708.1
7859.5
7934.8
8034.211
8034.4
8035.1
8100.5
8159.8
8247.211
8247.4
8248.1
8298.5
8958.8
9060.8
9114.8
9471.8
9613.4
9614.212
9622.5
9660.4
9714.2
9806.5
10214.3
10359.4
10454.5
10714.1
11718.8
11804.211
11804.4
11805.1
11865.5
11925.8
12031.211
12031.4
12032.1
12162.5
12172.4
12273.5
12350.8
12407.211
12407.4
12408.1
12486.5
13076.8
13132.211
13132.4
13133.1
13180.5
13229.8
13477.8
13492.8
13516.8
13602.4
13603.212
13703.2
13767.5
13845.4
13851.5
13853.4
13963.5
14203.3
14703.1
17535.8
17614.211
17614.4
17615.1
17713.5
17715.4
17821.5
17911.8
17947.8
18001.211
18001.4
18002.1
18195.5
18809.8
18818.8
18942.211
18942.4
18943.1
19047.5
19090.8
19173.211
19173.4
19174.1
19366.5
20057.8
20072.8
20181.8
20294.211
20294.4
20295.1
20452.5
20554.8
20640.211
20640.4
20641.1
20745.5
21271.8
21365.8
21424.8
21542.8
21951.4
21952.212
22052.2
22110.5
22552.3
23052.1
24974.4
25034.5
25139.8
25152.8
25214.211
25214.4
25215.1
25343.5
25422.8
25511.211
25511.4
25512.1
25604.5
26278.8
26283.8
26307.8
26312.8
26407.8
26512.211
26512.4
26513.1
26572.5
26645.8
26677.8
26727.211
26727.4
26728.1
26855.5
26941.8
27438.8
27620.8
27632.8
27776.4
27777.212
27877.2
27896.5
28377.3
28877.1
29249.8
29260.8
29294.8
29394.211
29394.4
29395.1
29483.5
29608.8
29625.8
29851.8
29952.4
29953.212
30053.2
30138.5
30553.3
31053.1
34698.4
34801.5
35280.4
35357.5
36140.8
36188.8
36240.211
36240.4
36241.1
36375.5
36433.8
36576.211
36576.4
36577.1
36723.5
36892.4
36948.5
36984.4
37230.5
37503.8
37604.211
37604.4
37605.1
37742.5
37743.4
37988.5
38131.4
38214.5
38260.8
38328.211
38328.4
38329.1
38412.5
38414.4
38423.5
38912.8
38957.8
38967.8
39056.8
39206.8
39267.4
39268.212
39368.2
39428.5
39868.3
40368.1
43164.4
43252.5
43452.4
43633.5
43919.4
44005.5
44520.8
44527.8
44604.211
44604.4
44605.1
44740.5
44796.8
44843.211
44843.4
44844.1
44944.5
45039.8
45049.8
45110.211
45110.4
45111.1
45153.5
45287.4
45341.5
45762.8
45827.211
45827.4
45828.1
45903.5
45964.8
46054.211
46054.4
46055.1
46146.5
46148.4
46233.5
46672.8
46759.211
46759.4
46760.1
46810.5
46939.8
47015.211
47015.4
47016.1
47063.5
47120.8
47217.211
47217.4
47218.1
47269.5
47781.8
47888.211
47888.4
47889.1
47947.5
48835.8
48897.211
48897.4
48898.1
48944.5
48996.8
49149.8
49200.8
49274.211
49274.4
49275.1
49319.5
49549.8
49613.211
49613.4
49614.1
49642.5
50013.8
50107.8
50190.8
50231.8
50260.8
50321.4
50322.212
50422.2
50472.5
50922.3
51422.1
51956.8
51969.8
52049.211
52049.4
52050.1
52119.5
52186.8
52289.211
52289.4
52290.1
52394.5
52397.4
52419.5
52503.8
52753.211
52753.4
52754.1
52823.5
53289.8
53370.211
53370.4
53371.1
53487.5
53580.8
53672.211
53672.4
53673.1
53736.5
53797.4
53853.5
54049.4
54241.5
54352.4
54366.5
54504.8
54569.211
54569.4
54570.1
54626.5
54706.8
54800.211
54800.4
54801.1
54833.5
55645.8
55755.8
55861.8
55887.8
55957.4
55958.212
56058.2
56088.5
56558.3
57058.1
57545.4
57612.5
57614.4
57671.5
57738.8
57834.211
57834.4
57835.1
57986.5
58058.8
58131.211
58131.4
58132.1
58176.5
58231.8
58319.211
58319.4
58320.1
58361.5
58440.4
58461.5
59343.8
59355.8
59358.8
59360.8
59373.8
59486.211
59486.4
59487.1
59588.5
59634.8
59686.8
59763.211
59763.4
59764.1
59805.5
59851.4
59982.5
60479.8
60497.8
60735.8
60868.4
60869.212
60967.5
60969.2
61469.3
61969.1
62462.4
62599.5
63144.8
63147.8
63212.211
63212.4
63213.1
63319.5
63517.4
63549.5
64272.8
64335.211
64335.4
64336.1
64408.5
64639.4
64679.5
65246.8
65350.8
65460.8
65502.8
65557.4
65558.212
65658.2
65692.5
66158.3
66658.1
67300.8
67392.211
67392.4
67393.1
67516.5
67589.8
67638.8
67691.211
67691.4
67692.1
67805.5
67998.8
68090.211
68090.4
68091.1
68198.5
68369.4
68431.5
69093.8
69167.211
69167.4
69168.1
69297.5
69334.4
69359.5
69440.8
69516.211
69516.4
69517.1
69555.5
69901.8
69973.211
69973.4
69974.1
70026.5
70088.4
70144.5
70211.8
70391.211
70391.4
70392.1
70429.5
70761.8
70788.8
70877.211
70877.4
70878.1
70962.5
70999.8
71080.211
71080.4
71081.1
71105.5
71371.4
71491.5
71543.8
71544.8
71600.211
71600.4
71601.1
71638.5
71712.4
71729.5
71888.8
71950.211
71950.4
71951.1
72026.5
72112.8
72169.211
72169.4
72170.1
72228.5
72896.8
73019.8
73232.8
73315.8
73323.8
73392.4
73393.212
73493.2
73534.5
73993.3
74493.1
75086.8
75166.211
75166.4
75167.1
75208.5
75389.8
75496.8
75608.8
75612.8
75686.211
75686.4
75687.1
75721.5
76138.8
76231.211
76231.4
76232.1
76296.5
76490.4
76520.5
76575.8
76578.8
76676.211
76676.4
76677.1
76742.5
76755.4
76781.5
77346.8
77440.8
77570.8
77631.211
77631.4
77632.1
77740.5
77798.8
77860.8
78020.8
78089.211
78089.4
78090.1
78139.5
78761.8
78781.8
78863.8
78929.8
79094.4
79095.212
79195.2
79229.5
79695.3
80195.1
81106.8
81374.8
81495.4
81496.212
81596.2
81720.5
82096.3
82596.1
84579.8
84674.211
84674.4
84675.1
84731.5
84901.8
84910.8
84979.211
84979.4
84980.1
85028.5
85094.4
85122.5
85631.8
85722.211
85722.4
85723.1
85780.5
85889.8
85973.211
85973.4
85974.1
86039.5
86131.8
86213.211
86213.4
86214.1
86403.5
86524.8
86625.211
86625.4
86626.1
86683.5
86706.4
86733.5
86828.4
86948.5
87392.8
87421.8
87491.211
87491.4
87492.1
87531.5
87647.8
87651.8
87948.8
87958.8
88019.8
88088.4
88089.212
88189.2
88197.5
88689.3
89189.1
90066.8
90278.8
90376.8
90473.4
90474.212
90574.2
90646.5
91074.3
91574.1
92522.4
92608.5
92686.8
92779.211
92779.4
92780.1
92864.5
92941.8
93017.211
93017.4
93018.1
93108.5
93468.4
93499.5
93555.4
93567.5
93699.8
93798.211
93798.4
93799.1
93882.5
93988.8
94080.211
94080.4
94081.1
94152.5
94737.8
94792.8
94795.8
94868.211
94868.4
94869.1
95065.5
95152.8
95250.211
95250.4
95251.1
95302.5
95333.4
95361.5
95661.8
95743.211
95743.4
95744.1
95795.5
96402.8
96567.8
96763.4
96764.212
96864.2
96886.5
97364.3
97864.1
100990.4
101048.5
101170.8
101242.211
101242.4
101243.1
101314.5
101422.8
101514.211
101514.4
101515.1
101697.5
101864.8
101950.211
101950.4
101951.1
102063.5
102171.4
102201.5
102854.8
102934.211
102934.4
102935.1
102986.5
103084.8
103091.8
103193.211
103193.4
103194.1
103250.5
103367.8
103459.211
103459.4
103460.1
103544.5
103695.4
103779.5
103895.8
103961.211
103961.4
103962.1
104000.5
104099.8
104181.211
104181.4
104182.1
104208.5
104283.4
104320.5
105047.8
105135.211
105135.4
105136.1
105197.5
105267.8
105320.8
105401.211
105401.4
105402.1
105446.5
105534.8
105673.211
105673.4
105674.1
105713.5
105877.8
105987.211
105987.4
105988.1
106030.5
106086.4
106095.5
106651.8
106807.8
106960.8
106994.8
107047.8
107112.4
107113.212
107213.2
107213.5
107713.3
108213.1
109001.4
109190.5
109281.8
109431.8
109543.211
109543.4
109544.1
109792.5
110210.8
110285.211
110285.4
110286.1
110328.5
110879.8
111053.8
111105.8
111196.4
111197.212
111297.2
111334.5
111797.3
112297.1
113864.8
113950.211
113950.4
113951.1
114084.5
114249.8
114326.211
114326.4
114327.1
114379.5
114477.8
114550.211
114550.4
114551.1
114578.5
114899.8
114978.211
114978.4
114979.1
115023.5
115112.8
115235.211
115235.4
115236.1
115282.5
115942.8
116017.211
116017.4
116018.1
116056.5
116124.8
116235.211
116235.4
116236.1
116281.5
116368.8
116463.211
116463.4
116464.1
116512.5
116676.8
117010.4
117011.212
117111.2
117138.5
117611.3
118111.1
119306.4
119382.5
119534.8
119603.211
119603.4
119604.1
119642.5
119745.8
119870.8
120098.4
120099.212
120199.2
120217.5
120699.3
121199.1
122135.8
122299.8
122338.8
122400.211
122400.4
122401.1
122473.5
123519.8
123602.211
123602.4
123603.1
123680.5
123931.8
123993.211
123993.4
123994.1
124108.5
124574.8
124635.211
124635.4
124636.1
124687.5
124741.8
124898.211
124898.4
124899.1
124976.5
125095.8
125180.211
125180.4
125181.1
125303.5
125406.4
125426.5
125468.4
125486.5
125586.8
125658.211
125658.4
125659.1
125691.5
125773.8
125865.211
125865.4
125866.1
125906.5
126160.8
126226.8
126240.8
126265.8
126309.8
126391.211
126391.4
126392.1
126472.5
126533.8
126707.8
126720.8
126729.8
126765.8
126921.4
126922.212
127020.5
127022.2
127522.3
128022.1
128805.8
128827.8
129056.8
129177.8
129262.4
129263.212
129363.2
129394.5
129863.3
130363.1
131347.4
131525.5
131638.8
131723.211
131723.4
131724.1
131987.5
132581.4
132684.5
132767.8
132824.211
132824.4
132825.1
132864.5
134975.4
135016.5
135110.8
135120.8
135209.211
135209.4
135210.1
135252.5
135405.8
135472.211
135472.4
135473.1
135531.5
135785.8
135791.8
135845.211
135845.4
135846.1
135981.5
136071.4
136072.5
136452.8
136576.211
136576.4
136577.1
136578.5
136754.8
136822.211
136822.4
136823.1
136864.5
137604.8
137716.8
137768.8
137925.8
138023.4
138024.212
138124.2
138141.5
138624.3
139124.1
140269.8
140344.211
140344.4
140345.1
140422.5
140495.8
140520.8
140609.211
140609.4
140610.1
140642.5
141071.4
141113.5
141142.4
141152.5
141228.8
141319.211
141319.4
141320.1
141377.5
141407.4
141424.5
141954.8
142061.8
142115.8
142238.211
142238.4
142239.1
142333.5
142392.8
142590.8
142692.8
142782.4
142783.212
142883.2
142897.5
143383.3
143883.1
144928.8
145080.211
145080.4
145081.1
145229.5
145319.8
145397.211
145397.4
145398.1
145427.5
145732.8
145971.211
145971.4
145972.1
146040.5
146240.8
146321.211
146321.4
146322.1
146359.5
146396.4
146406.5
146495.8
146573.211
146573.4
146574.1
146614.5
146730.8
146804.211
146804.4
146805.1
146877.5
146957.4
146975.5
147081.8
147160.211
147160.4
147161.1
147186.5
147836.8
147933.211
147933.4
147934.1
147970.5
148033.8
148100.8
148164.211
148164.4
148165.1
148213.5
148351.8
148446.211
148446.4
148447.1
148483.5
148688.4
148696.5
148697.4
148742.5
149183.8
149287.211
149287.4
149288.1
149333.5
149439.8
149542.211
149542.4
149543.1
149583.5
149766.8
149842.211
149842.4
149843.1
149915.5
150020.8
150135.211
150135.4
150136.1
150176.5
150785.8
150842.8
150896.211
150896.4
150897.1
150976.5
151559.8
151633.211
151633.4
151634.1
151679.5
152709.8
152813.211
152813.4
152814.1
152850.5
152915.8
152983.8
153056.8
153187.8
153308.4
153309.212
153409.2
153471.5
153909.3
154409.1
157131.4
157225.5
164967.4
165021.5
165117.8
165204.211
165204.4
165205.1
165243.5
165353.8
165464.211
165464.4
165465.1
165523.5
165607.8
165725.211
165725.4
165726.1
165768.5
165869.4
165965.5
165986.4
165989.5
168937.8
169021.8
169027.8
169329.4
169330.212
169430.2
169463.5
169930.3
170430.1
173411.4
173453.5
173551.8
173656.211
173656.4
173657.1
173708.5
173978.8
173988.8
174048.211
174048.4
174049.1
174107.5
174322.8
174428.211
174428.4
174429.1
174487.5
174657.8
174796.8
174918.211
174918.4
174919.1
174951.5
175464.8
175525.8
175630.211
175630.4
175631.1
175675.5
175818.8
176105.211
176105.4
176106.1
176146.5
176247.8
176252.8
176401.8
176551.8
176874.8
177040.4
177041.212
177141.2
177171.5
177641.3
178141.1
179037.4
179536.5
179806.4
179833.5
180000.9
123456789
11
07
15
11
07
15
5
FI
1
5
9
50
03
10
23
03
6
2
644
0
0
0
314159265
30
171
121
180000
314159265
0.1
103.4
155.5
577.8
609.8
659.211
659.4
660.1
695.5
801.8
922.8
926.8
979.8
1100.211
1100.4
1101.1
1128.5
1251.8
1470.8
1603.4
1604.212
1612.5
1622.4
1704.2
1714.5
2204.3
2704.1
2769.4
3193.5
3228.4
3354.5
3488.4
3898.5
4063.8
4143.8
4304.8
4502.4
4503.212
4603.2
4608.5
5103.3
5603.1
5743.8
5787.8
5811.8
5873.211
5873.4
5874.1
5974.5
6208.8
6265.8
6346.211
6346.4
6347.1
6371.5
6467.8
6513.8
6542.8
6806.4
6807.212
6907.2
7049.5
7407.3
7907.1
9826.4
9904.5
10013.8
10043.8
10149.8
10275.211
10275.4
10276.1
10367.5
10441.8
10480.8
10595.8
10686.211
10686.4
10687.1
10782.5
10847.8
11257.4
11258.212
11357.5
11358.2
11858.3
12358.1
13154.8
13268.211
13268.4
13269.1
13294.5
13563.8
13622.211
13622.4
13623.1
13675.5
14439.8
14486.8
14645.211
14645.4
14646.1
14733.5
14910.8
14955.8
14964.8
15073.8
15081.8
15251.8
15325.4
15326.212
15426.2
15441.5
15926.3
16426.1
18294.8
18344.8
18402.211
18402.4
18403.1
18584.5
18625.4
18711.5
19134.8
19196.8
19369.8
19428.8
19505.4
19506.212
19606.2
19626.5
20106.3
20606.1
21672.8
21686.8
21927.211
21927.4
21928.1
21966.5
22125.8
22269.211
22269.4
22270.1
22337.5
22479.8
22491.8
22556.211
22556.4
22557.1
22621.5
22661.4
22687.5
22730.4
22815.5
23011.8
23112.211
23112.4
23113.1
23163.5
23711.8
23789.8
23900.211
23900.4
23901.1
23939.5
24041.8
24302.211
24302.4
24303.1
24512.5
24676.8
24684.8
24876.211
24876.4
24877.1
24920.5
25017.8
25241.8
25327.8
25444.4
25445.212
25545.2
25553.5
26045.3
26545.1
27105.4
27181.5
27577.8
27702.8
27753.8
27819.211
27819.4
27820.1
27859.5
29045.8
29248.8
29353.4
29354.212
29454.2
29495.5
29954.3
30454.1
30512.4
30590.5
30901.4
31036.5
31194.8
31220.8
31248.8
31257.8
31314.211
31314.4
31315.1
31357.5
31460.8
31523.8
31720.211
31720.4
31721.1
31863.5
32020.8
32031.8
32097.211
32097.4
32098.1
32214.5
32426.4
32564.5
32729.8
32740.8
32797.8
32963.8
33194.4
33195.212
33295.2
33330.5
33795.3
34295.1
34886.4
34957.5
35034.8
35038.8
35168.8
35272.211
35272.4
35273.1
35354.5
35437.8
36138.8
36244.4
36245.212
36345.2
36392.5
36845.3
37345.1
40080.8
40363.211
40363.4
40364.1
40562.5
40654.8
40659.8
40705.8
40995.8
41060.4
41061.212
41161.2
41192.5
41661.3
42161.1
44115.8
44120.8
44222.211
44222.4
44223.1
44264.5
44690.4
44809.5
45034.4
45069.5
45196.8
45376.8
45418.8
45474.211
45474.4
45475.1
45595.5
45743.8
45997.211
45997.4
45998.1
46034.5
46278.8
46409.211
46409.4
46410.1
46452.5
46971.4
47042.5
47460.8
47657.211
47657.4
47658.1
47752.5
48612.8
48726.8
48783.8
48930.4
48931.212
49031.2
49064.5
49531.3
50031.1
61074.4
61108.5
61241.8
61325.211
61325.4
61326.1
61369.5
61477.8
61734.8
61910.4
61911.212
62011.2
62179.5
62263.4
62365.5
62511.3
63011.1
63733.4
63847.5
67877.8
67967.211
67967.4
67968.1
68032.5
68218.8
68445.211
68445.4
68446.1
68490.5
68632.8
68933.4
68934.212
69034.2
69193.5
69229.4
69299.5
69534.3
70034.1
75572.4
75604.5
75913.4
75945.5
76150.8
76233.211
76233.4
76234.1
76332.5
76900.4
76943.5
77940.8
78024.211
78024.4
78025.1
78068.5
78376.8
78516.211
78516.4
78517.1
78557.5
78646.8
78712.8
78855.211
78855.4
78856.1
78922.5
79811.8
80022.8
80098.8
80304.8
80437.4
80438.212
80538.2
80620.5
81038.3
81538.1
87213.8
87309.211
87309.4
87310.1
87336.5
87636.8
87915.8
88166.8
88218.8
88440.4
88441.212
88541.2
88636.5
88718.4
88855.5
89041.3
89541.1
97033.8
97118.211
97118.4
97119.1
97220.5
97301.8
97508.8
97520.8
97674.4
97675.212
97775.2
97958.5
97968.4
98275.3
98323.5
98775.1
101833.8
101846.8
101947.211
101947.4
101948.1
101981.5
102388.8
102399.8
102460.211
102460.4
102461.1
102551.5
102632.8
102843.8
102907.8
103024.4
103025.212
103125.2
103185.5
103625.3
104125.1
106981.4
107126.5
107209.8
107295.211
107295.4
107296.1
107380.5
107672.8
107678.8
107763.211
107763.4
107764.1
107851.5
108730.8
109040.4
109041.212
109141.2
109227.5
109641.3
110141.1
115652.8
115763.211
115763.4
115764.1
115794.5
116167.8
116242.211
116242.4
116243.1
116284.5
116486.4
116505.5
117589.8
117802.211
117802.4
117803.1
117864.5
118003.8
118139.8
118309.4
118310.212
118410.2
118534.5
118910.3
119410.1
128931.4
128945.5
129031.8
129043.8
129290.8
129439.4
129440.212
129540.2
129547.5
130040.3
130540.1
137627.8
137713.211
137713.4
137714.1
137745.5
137830.8
137988.8
138152.4
138153.212
138253.2
138268.5
138753.3
139253.1
140279.4
140496.5
141172.4
141312.5
141619.4
141701.5
141811.8
141953.8
142081.211
142081.4
142082.1
142234.5
142345.8
142434.211
142434.4
142435.1
142478.5
142588.8
142648.8
142718.211
142718.4
142719.1
142764.5
142880.8
142896.8
142933.8
143030.211
143030.4
143031.1
143085.5
143308.8
143526.8
143657.4
143658.212
143750.5
143758.2
144258.3
144758.1
146354.8
146727.4
146728.212
146730.5
146746.4
146828.2
146858.5
147328.3
147828.1
149367.8
149807.4
149808.212
149908.2
149966.5
150408.3
150908.1
159587.4
159631.5
159795.8
159915.211
159915.4
159916.1
159968.5
160148.8
160162.8
160239.211
160239.4
160240.1
160347.5
160440.8
160598.211
160598.4
160599.1
160632.5
160717.8
160731.8
161013.211
161013.4
161014.1
161110.5
161189.8
161484.8
161547.8
161774.4
161775.212
161875.2
161992.5
162375.3
162875.1
163265.4
163321.5
163417.8
163565.8
163922.4
163923.212
164023.2
164048.5
164523.3
165023.1
165902.4
166049.5
166185.8
166506.4
166507.212
166607.2
166741.5
167107.3
167607.1
167748.8
168359.4
168360.212
168460.2
168521.5
168960.3
169460.1
170977.4
171125.5
171304.8
171405.211
171405.4
171406.1
171515.5
174636.8
174785.8
174813.8
174830.8
174832.8
174954.4
174955.212
175055.2
175290.5
175555.3
180000.9
123456789
11
08
15
11
08
15
5
FI
1
5
9
53
01
10
26
01
6
2
1062
0
0
0
314159265
25
255
231
180000
314159265
0.1
332.8
377.8
486.211
486.4
487.1
524.5
614.8
880.8
1018.4
1019.212
1119.2
1188.5
1619.3
2079.4
2099.5
2119.1
2194.8
2302.8
2393.211
2393.4
2394.1
2423.5
2559.8
2773.211
2773.4
2774.1
2805.5
2928.8
3150.8
3255.4
3256.212
3338.5
3356.2
3856.3
4060.4
4194.5
4356.1
4989.4
5112.5
5180.8
5345.211
5345.4
5346.1
5402.5
5611.8
5769.8
5790.8
5881.211
5881.4
5882.1
5918.5
6051.8
6121.8
6377.4
6378.212
6478.2
6489.5
6978.3
7478.1
10126.8
10139.8
10452.4
10453.212
10553.2
10577.5
11053.3
11553.1
12249.4
12318.5
12407.8
12421.8
12536.211
12536.4
12537.1
12587.5
13274.8
13351.211
13351.4
13352.1
13391.5
13468.8
13726.211
13726.4
13727.1
13768.5
13922.8
13953.8
13969.8
14089.211
14089.4
14090.1
14162.5
14167.4
14178.5
14755.8
14811.8
14865.211
14865.4
14866.1
14933.5
15058.8
15102.8
15320.211
15320.4
15321.1
15404.5
15471.8
15480.8
15486.8
15694.211
15694.4
15695.1
15737.5
15838.4
16020.5
16309.8
16337.8
16597.211
16597.4
16598.1
16637.5
16745.8
16858.8
16972.211
16972.4
16973.1
17015.5
17231.8
17458.211
17458.4
17459.1
17500.5
18049.8
18059.8
18165.8
18245.211
18245.4
18246.1
18389.5
19739.8
19768.8
19864.211
19864.4
19865.1
19909.5
20040.8
20065.8
20240.211
20240.4
20241.1
20350.5
21016.4
21024.5
21094.8
21228.8
21317.211
21317.4
21318.1
21361.5
21460.8
21477.8
21594.211
21594.4
21595.1
21640.5
21887.8
21897.8
21925.8
22010.8
22045.8
22167.211
22167.4
22168.1
22206.5
22280.8
22298.8
22341.8
22439.211
22439.4
22440.1
22519.5
22944.8
22976.8
22997.8
23299.4
23300.212
23400.2
23427.5
23900.3
24400.1
27576.8
27851.211
27851.4
27852.1
27896.5
28439.8
28455.8
28589.211
28589.4
28590.1
28623.5
29607.8
29732.211
29732.4
29733.1
29788.5
29875.8
30037.211
30037.4
30038.1
30085.5
30183.8
30400.211
30400.4
30401.1
30440.5
30973.8
30977.8
30978.8
31043.211
31043.4
31044.1
31140.5
31965.8
32172.211
32172.4
32173.1
32214.5
32453.8
32580.211
32580.4
32581.1
32618.5
32724.8
32802.8
32888.211
32888.4
32889.1
32919.5
33567.8
33584.8
33588.8
33841.211
33841.4
33842.1
33898.5
34290.8
34320.8
34401.211
34401.4
34402.1
34418.5
35315.8
35357.8
35483.8
35538.8
35605.211
35605.4
35606.1
35647.5
35889.8
35946.8
36009.211
36009.4
36010.1
36046.5
36658.8
36698.8
36704.8
36910.8
37016.4
37017.212
37117.2
37129.5
37617.3
38117.1
38193.4
38387.5
38623.8
38637.8
38641.8
38770.211
38770.4
38771.1
38972.5
39085.8
39196.8
39198.8
39203.8
39235.8
39295.211
39295.4
39296.1
39359.5
39441.4
39462.5
40106.8
40151.8
40259.211
40259.4
40260.1
40292.5
40382.8
40516.211
40516.4
40517.1
40557.5
41219.8
41385.211
41385.4
41386.1
41433.5
41536.8
41613.8
41678.211
41678.4
41679.1
41713.5
41966.8
42125.8
42159.8
42166.8
42279.4
42280.212
42380.2
42404.5
42880.3
43380.1
45001.4
45070.5
45165.8
45183.8
45366.8
45433.211
45433.4
45434.1
45652.5
45728.8
45918.211
45918.4
45919.1
45963.5
46095.4
46116.5
46196.8
46291.211
46291.4
46292.1
46331.5
46749.8
46936.211
46936.4
46937.1
46970.5
47617.4
47619.5
47620.4
47635.5
47726.8
47916.211
47916.4
47917.1
47953.5
48045.8
48112.8
48186.211
48186.4
48187.1
48244.5
48443.8
48644.8
48709.211
48709.4
48710.1
48801.5
48957.4
48969.5
49564.8
49687.211
49687.4
49688.1
49728.5
49880.8
49985.211
49985.4
49986.1
50023.5
50148.8
50283.211
50283.4
50284.1
50331.5
50390.4
50420.5
50688.4
50714.5
51100.8
51210.211
51210.4
51211.1
51243.5
51693.8
51921.211
51921.4
51922.1
51970.5
52036.8
52042.8
52178.8
52247.211
52247.4
52248.1
52296.5
52462.8
52546.8
52553.8
52557.8
52647.211
52647.4
52648.1
52688.5
52747.4
52770.5
52862.8
53284.8
53349.8
53463.4
53464.212
53564.2
53574.5
54064.3
54564.1
55308.4
55388.5
55476.8
55488.8
55791.4
55792.212
55892.2
55915.5
56392.3
56892.1
59309.4
59570.5
60270.4
60323.5
60898.4
60988.5
62027.4
62076.5
62196.8
62283.211
62283.4
62284.1
62393.5
62519.4
62551.5
62714.8
62824.211
62824.4
62825.1
62924.5
63045.8
63202.211
63202.4
63203.1
63281.5
63413.8
63422.8
63766.4
63767.212
63867.2
63868.5
64367.3
64867.1
65400.8
65546.211
65546.4
65547.1
65585.5
65702.8
65739.8
65825.211
65825.4
65826.1
65876.5
66054.4
66160.5
66246.8
66253.8
66448.211
66448.4
66449.1
66499.5
66597.8
66730.211
66730.4
66731.1
66772.5
66841.4
66853.5
66961.8
67564.8
67565.8
67814.4
67815.212
67915.2
67949.5
68415.3
68915.1
72017.4
72045.5
73015.4
73095.5
73323.4
73366.5
73481.8
73485.8
73553.211
73553.4
73554.1
73623.5
73644.4
73672.5
73768.8
74098.4
74099.212
74199.2
74208.5
74699.3
75199.1
78939.4
79025.5
79410.4
79435.5
79926.8
79940.8
80040.211
80040.4
80041.1
80124.5
80397.4
80442.5
80552.8
80753.211
80753.4
80754.1
80838.5
80997.8
81092.8
81216.211
81216.4
81217.1
81258.5
81933.8
82048.211
82048.4
82049.1
82099.5
82174.8
82317.211
82317.4
82318.1
82353.5
82467.8
82474.8
82639.211
82639.4
82640.1
82668.5
82769.4
82801.5
82865.8
82978.211
82978.4
82979.1
83089.5
83213.8
83300.211
83300.4
83301.1
83323.5
83935.8
84058.211
84058.4
84059.1
84149.5
84225.8
84253.8
84444.211
84444.4
84445.1
84480.5
84816.8
84953.8
85003.8
85043.8
85153.4
85154.212
85254.2
85263.5
85754.3
86254.1
87507.8
87520.8
87879.4
87880.212
87980.2
88003.5
88480.3
88980.1
89482.4
89588.5
90586.4
90619.5
91197.8
91296.211
91296.4
91297.1
91439.5
91674.4
91750.5
91822.8
92057.8
92137.4
92138.212
92238.2
92246.5
92738.3
93238.1
94585.4
94626.5
94743.8
94751.8
94933.8
95025.211
95025.4
95026.1
95128.5
95707.4
95729.5
96294.8
96408.211
96408.4
96409.1
96448.5
96517.8
96554.8
96711.211
96711.4
96712.1
96820.5
97019.8
97113.211
97113.4
97114.1
97145.5
97203.8
97240.8
97397.211
97397.4
97398.1
97431.5
97609.8
97695.211
97695.4
97696.1
97740.5
98199.4
98240.5
98785.8
98919.211
98919.4
98920.1
98966.5
99214.4
99239.5
99322.4
99354.5
99391.4
99410.5
99518.8
99601.211
99601.4
99602.1
99628.5
100377.8
100510.211
100510.4
100511.1
100764.5
100915.8
101042.211
101042.4
101043.1
101085.5
101206.8
101391.8
101465.211
101465.4
101466.1
101505.5
101657.8
101785.211
101785.4
101786.1
101825.5
102112.8
102192.211
102192.4
102193.1
102226.5
102990.8
103064.8
103133.211
103133.4
103134.1
103175.5
103419.4
103486.5
103623.8
103760.211
103760.4
103761.1
103803.5
104211.4
104267.5
104358.4
104430.5
104546.8
104702.211
104702.4
104703.1
104741.5
105344.8
105353.8
105523.211
105523.4
105524.1
105558.5
105626.8
105653.8
105666.8
105884.211
105884.4
105885.1
105929.5
106089.8
106311.8
106427.4
106428.212
106528.2
106528.5
107028.3
107528.1
108308.4
108401.5
108603.4
108790.5
109422.4
109556.5
110334.8
110368.8
110481.211
110481.4
110482.1
110523.5
111214.8
111216.8
111429.8
111485.211
111485.4
111486.1
111558.5
111720.8
111794.8
111822.8
111912.211
111912.4
111913.1
111950.5
112453.8
112645.8
112761.4
112762.212
112862.2
112866.5
113362.3
113862.1
117238.4
117393.5
117543.4
117642.5
118492.4
118532.5
118732.4
118764.5
119013.4
119035.5
119188.8
119281.211
119281.4
119282.1
119318.5
119781.4
119818.5
120066.8
120101.8
120162.211
120162.4
120163.1
120199.5
120314.8
120510.211
120510.4
120511.1
120577.5
121024.4
121054.5
121703.8
121957.211
121957.4
121958.1
122089.5
122164.8
122504.4
122505.212
122594.5
122605.2
123105.3
123605.1
124065.4
124230.5
124355.8
124540.211
124540.4
124541.1
124573.5
124961.4
124984.5
125107.4
125136.5
125217.8
125327.211
125327.4
125328.1
125355.5
125467.4
125512.5
125977.8
126225.211
126225.4
126226.1
126288.5
126362.8
126750.4
126751.212
126849.5
126851.2
127351.3
127851.1
128502.4
128619.5
129139.4
129183.5
136288.4
136307.5
136413.8
136418.8
136420.8
136570.8
136662.211
136662.4
136663.1
136694.5
137220.4
137256.5
137728.4
137755.5
137874.8
137952.211
137952.4
137953.1
137977.5
138478.8
138558.8
138615.211
138615.4
138616.1
138658.5
138984.8
139085.211
139085.4
139086.1
139110.5
139203.8
139442.211
139442.4
139443.1
139483.5
139608.8
139611.8
139916.4
139917.212
140016.5
140017.2
140517.3
141017.1
142293.4
142371.5
142478.8
142773.211
142773.4
142774.1
142826.5
143878.8
144149.8
144206.4
144207.212
144307.2
144336.5
144807.3
145307.1
148849.8
148947.211
148947.4
148948.1
148984.5
149707.8
149881.8
150032.4
150033.212
150132.5
150133.2
150633.3
151133.1
154286.4
154526.5
154750.4
155088.5
155327.4
155741.5
155988.8
156079.211
156079.4
156080.1
156149.5
156348.8
156559.211
156559.4
156560.1
156731.5
157013.4
157045.5
157196.8
157498.4
157499.212
157599.2
157629.5
158099.3
158599.1
160994.4
161109.5
161215.4
161354.5
161824.4
162107.5
162356.4
163146.5
164369.4
164789.5
164794.4
164967.5
165030.4
165230.5
165321.4
165374.5
165700.4
165726.5
166090.4
166131.5
166240.8
166444.211
166444.4
166445.1
166476.5
166765.4
166798.5
166961.8
167329.4
167330.212
167430.2
167436.5
167930.3
168430.1
169526.4
169794.5
170897.8
171024.211
171024.4
171025.1
171054.5
171174.8
171440.211
171440.4
171441.1
171506.5
171612.8
171925.4
171926.212
172026.2
172119.5
172526.3
173026.1
175347.4
175461.5
176259.4
176379.5
176693.4
176726.5
177328.8
177390.211
177390.4
177391.1
177459.5
177601.8
177845.211
177845.4
177846.1
177896.5
177988.8
178188.211
178188.4
178189.1
178241.5
178353.8
178618.211
178618.4
178619.1
178653.5
178764.8
178788.8
178937.211
178937.4
178938.1
178980.5
179069.8
179081.8
179205.211
179205.4
179206.1
179249.5
179344.8
179492.211
179492.4
179493.1
179514.5
179532.4
180000.9
123456789
11
09
15
11
09
15
5
FI
1
5
9
52
01
10
25
01
6
2
954
0
0
0
314159265
35
283
186
180000
314159265
0.1
440.4
469.5
859.8
994.211
994.4
995.1
1032.5
1103.8
1269.211
1269.4
1270.1
1309.5
1338.4
1364.5
1444.8
1498.8
1786.8
1824.8
1927.4
1928.212
2028.2
2033.5
2528.3
3028.1
3192.4
3286.5
3379.8
3399.8
3515.8
3530.8
3581.211
3581.4
3582.1
3664.5
3739.8
3783.8
3935.211
3935.4
3936.1
3974.5
4763.8
4771.8
4947.211
4947.4
4948.1
4991.5
5098.8
5157.8
5356.211
5356.4
5357.1
5424.5
5616.8
5698.211
5698.4
5699.1
5785.5
6286.8
6307.8
6432.211
6432.4
6433.1
6527.5
6595.8
6634.8
6649.8
6771.8
6869.211
6869.4
6870.1
6960.5
7148.8
7185.8
7281.8
7442.211
7442.4
7443.1
7507.5
8159.8
8188.8
8317.8
8410.211
8410.4
8411.1
8452.5
8772.8
8799.8
8845.8
8894.8
8905.8
9002.211
9002.4
9003.1
9040.5
9127.8
9145.8
9240.8
9519.4
9520.212
9620.2
9656.5
10120.3
10587.4
10620.1
10787.5
11852.8
11909.8
11988.8
12097.211
12097.4
12098.1
12143.5
12369.8
12408.8
12659.211
12659.4
12660.1
12709.5
12818.8
12819.8
12820.8
13053.211
13053.4
13054.1
13094.5
13174.8
13250.8
13417.211
13417.4
13418.1
13456.5
14024.8
14056.8
14146.8
14221.8
14327.4
14328.212
14428.2
14445.5
14928.3
15428.1
15435.4
15673.5
15973.8
16042.8
16115.211
16115.4
16116.1
16143.5
16685.8
16727.8
16737.8
16739.8
17013.4
17014.212
17113.5
17114.2
17172.4
17257.5
17614.3
18057.4
18114.1
18361.5
18629.8
18631.8
18665.8
18675.8
18781.8
18940.8
19004.4
19005.212
19105.2
19123.5
19605.3
20105.1
20139.4
20325.5
20437.4
20625.5
20765.8
20788.8
20983.8
21047.211
21047.4
21048.1
21130.5
21263.8
21339.8
21340.8
21394.8
21508.8
21565.4
21566.212
21666.2
21750.5
22166.3
22569.4
22666.1
22814.5
23089.4
23405.5
23950.8
23957.8
23993.8
24143.211
24143.4
24144.1
24186.5
24409.8
24459.8
24593.8
24662.211
24662.4
24663.1
24762.5
24986.4
25132.5
25237.8
25243.8
25286.8
25445.8
25576.4
25577.212
25677.2
25707.5
26177.3
26677.1
29495.4
29598.5
29730.4
29883.5
29993.8
30009.8
30016.8
30100.8
30237.211
30237.4
30238.1
30286.5
30407.8
30624.211
30624.4
30625.1
30677.5
30766.8
31048.211
31048.4
31049.1
31093.5
31224.8
31267.8
31272.8
31406.211
31406.4
31407.1
31494.5
32145.4
32184.5
32249.8
32413.211
32413.4
32414.1
32461.5
32554.8
32593.8
32767.8
32821.211
32821.4
32822.1
32863.5
32981.8
33165.211
33165.4
33166.1
33217.5
33393.8
33437.8
33665.211
33665.4
33666.1
33738.5
34204.4
34239.5
34690.8
34694.8
34901.8
34910.8
35005.4
35006.212
35106.2
35232.5
35606.3
36106.1
36634.4
36897.5
37161.8
37402.211
37402.4
37403.1
37820.5
37932.8
38187.8
38201.8
38216.8
38336.4
38337.212
38431.5
38437.2
38937.3
39437.1
39723.4
40063.5
40168.8
40179.8
40405.8
40470.4
40471.212
40571.2
40584.5
41071.3
41571.1
44191.4
44192.5
44194.4
44323.5
44486.8
44742.211
44742.4
44743.1
44782.5
44905.8
44947.8
44950.8
45169.211
45169.4
45170.1
45214.5
45358.8
45546.8
45664.4
45665.212
45765.2
45805.5
46265.3
46765.1
49599.4
49604.5
49607.4
49735.5
49947.8
49981.8
50131.8
50217.211
50217.4
50218.1
50261.5
50463.8
50468.8
50571.8
50662.211
50662.4
50663.1
50894.5
51039.4
51146.5
51252.8
51306.8
51566.8
51598.8
51774.8
51848.4
51849.212
51949.2
51977.5
52449.3
52949.1
55360.4
55394.5
55504.8
55515.8
55531.8
55836.8
55841.8
55844.8
55919.4
55920.212
56020.2
56059.5
56520.3
57020.1
58041.4
58128.5
58398.4
58570.5
58725.8
58908.8
59002.211
59002.4
59003.1
59045.5
59888.8
59942.8
60171.8
60179.8
60303.4
60304.212
60404.2
60412.5
60904.3
61404.1
62130.4
62273.5
62645.8
62686.8
62749.8
62876.211
62876.4
62877.1
62914.5
63150.8
63227.8
63465.4
63466.212
63566.2
63609.5
64066.3
64566.1
66766.4
66989.5
67146.8
67412.211
67412.4
67413.1
67454.5
67587.8
67839.8
67900.4
67901.212
68001.2
68062.5
68501.3
69001.1
71364.4
71432.5
71648.4
71757.5
72523.8
72794.8
72853.4
72854.212
72954.2
72995.5
73454.3
73954.1
76827.4
76917.5
77256.8
77424.8
77436.8
77549.8
77631.4
77632.212
77732.2
77732.5
78232.3
78732.1
82087.4
82151.5
82286.8
82294.8
82321.8
82510.211
82510.4
82511.1
82544.5
82695.8
82953.211
82953.4
82954.1
82999.5
83108.8
83159.8
83376.8
83430.4
83431.212
83531.2
83568.5
84031.3
84531.1
87654.8
87740.8
87933.8
87998.4
87999.212
88088.5
88099.2
88599.3
89099.1
89954.4
90190.5
90412.4
90539.5
90664.8
90931.211
90931.4
90932.1
90961.5
91080.8
91305.8
91439.4
91440.212
91528.5
91540.2
92040.3
92517.4
92540.1
92959.5
93168.8
93269.8
93388.211
93388.4
93389.1
93421.5
93577.8
93737.8
93834.211
93834.4
93835.1
93881.5
94003.8
94039.8
94336.4
94337.212
94437.2
94531.5
94937.3
95437.1
96761.4
97023.5
97309.4
97394.5
97498.8
97679.211
97679.4
97680.1
97719.5
97992.8
98090.8
98161.211
98161.4
98162.1
98411.5
98494.8
98529.8
98780.8
98856.4
98857.212
98957.2
99019.5
99457.3
99957.1
103444.4
103518.5
103897.4
104080.5
104222.4
104309.5
104465.8
104653.8
104780.4
104781.212
104881.2
105050.5
105381.3
105881.1
108452.4
108622.5
109281.8
109283.8
109316.8
109424.211
109424.4
109425.1
109504.5
109516.4
109554.5
109716.8
109737.8
109960.211
109960.4
109961.1
110007.5
110091.8
110127.8
110288.8
110304.8
110405.4
110406.212
110503.5
110506.2
111006.3
111506.1
112499.4
112582.5
112903.8
113057.8
113079.8
113152.211
113152.4
113153.1
113212.5
113328.8
113573.211
113573.4
113574.1
113783.5
113962.8
114183.8
114272.4
114273.212
114373.2
114609.5
114873.3
115373.1
116827.4
116887.5
117021.8
117169.8
117252.211
117252.4
117253.1
117305.5
117397.8
117511.8
117633.211
117633.4
117634.1
118064.5
118216.4
118313.5
118402.8
118449.8
118452.8
118490.8
118624.211
118624.4
118625.1
118662.5
118740.8
118966.8
119017.211
119017.4
119018.1
119164.5
119252.8
119516.8
119529.8
119604.4
119605.212
119705.2
119707.5
120205.3
120705.1
121732.4
121836.5
121956.8
122016.8
122211.211
122211.4
122212.1
122244.5
122367.8
122393.8
122567.211
122567.4
122568.1
122654.5
122672.4
122704.5
122830.8
122945.8
122968.8
123060.211
123060.4
123061.1
123102.5
123257.8
123402.8
123446.8
123517.8
123692.4
123693.212
123793.2
123906.5
124293.3
124793.1
125468.4
125664.5
125864.8
125895.8
126027.211
126027.4
126028.1
126094.5
126118.4
126157.5
126234.8
126242.8
126298.8
126401.8
126520.211
126520.4
126521.1
126740.5
126846.4
126866.5
127555.4
127586.5
127606.4
127713.5
127830.8
127940.8
127965.8
128074.211
128074.4
128075.1
128276.5
128486.8
128589.211
128589.4
128590.1
128661.5
133633.8
133685.8
133926.8
134021.4
134022.212
134122.2
134175.5
134622.3
135122.1
135729.4
135904.5
136159.8
136181.8
136306.8
136350.8
136415.211
136415.4
136416.1
136603.5
136616.4
136634.5
136743.8
136912.8
136966.211
136966.4
136967.1
137038.5
137269.8
137407.8
137563.211
137563.4
137564.1
137628.5
137759.8
138021.211
138021.4
138022.1
138246.5
138312.4
138426.5
138594.8
138811.8
138926.4
138927.212
139027.2
139287.5
139527.3
140027.1
143571.8
143822.211
143822.4
143823.1
143964.5
144112.4
144274.5
144402.8
144661.211
144661.4
144662.1
144787.5
144884.8
145242.4
145243.212
145343.2
145356.5
145843.3
146343.1
147843.4
148002.5
148225.8
148427.211
148427.4
148428.1
148477.5
148587.8
148707.8
148853.8
148961.4
148962.212
149048.5
149062.2
149562.3
150062.1
151221.4
151309.5
151407.8
151431.8
151460.8
151684.211
151684.4
151685.1
151716.5
151823.8
151853.8
151914.8
151922.8
151996.211
151996.4
151997.1
152107.5
152109.4
152119.5
152200.8
152254.8
152417.8
152491.211
152491.4
152492.1
152606.5
152819.8
153006.8
153111.211
153111.4
153112.1
153252.5
153351.8
153363.8
153388.8
153553.8
153645.211
153645.4
153646.1
153684.5
153793.8
153986.8
154063.211
154063.4
154064.1
154126.5
154744.8
155029.211
155029.4
155030.1
155184.5
155264.8
155532.211
155532.4
155533.1
155577.5
155759.8
155913.211
155913.4
155914.1
155955.5
156163.4
156204.5
156848.8
156869.8
157065.211
157065.4
157066.1
157119.5
157270.8
157534.8
157535.8
157538.8
157588.4
157589.212
157689.2
157717.5
158189.3
158689.1
160996.4
161084.5
162734.4
162789.5
162989.8
163344.8
163347.8
163640.4
163641.212
163739.5
163741.2
164241.3
164634.4
164741.1
164788.5
164989.4
165134.5
165289.4
165357.5
165527.4
165631.5
166073.4
166198.5
166280.4
166547.5
166595.4
166719.5
168463.8
168537.211
168537.4
168538.1
168576.5
168708.8
169108.4
169109.212
169209.2
169215.5
169709.3
170209.1
171164.4
171320.5
171444.4
171535.5
171569.4
171744.5
171969.4
172141.5
172261.8
172358.211
172358.4
172359.1
172380.5
174670.8
174782.211
174782.4
174783.1
180000.9
123456789
11
10
15
11
10
15
5
FI
1
5
10
02
54
10
35
55
6
2
601
0
0
0
314159265
28
160
118
180000
314159265
0.1
1600.8
1755.8
1827.211
1827.4
1828.1
1860.5
2379.4
2405.5
3473.8
3524.8
3529.8
3761.8
4094.4
4095.212
4195.2
4212.5
4695.3
5195.1
7437.8
7826.8
7897.4
7898.212
7998.2
8082.5
8083.4
8218.5
8386.8
8412.8
8498.3
8998.1
10578.8
10802.211
10802.4
10803.1
10837.5
10946.8
10997.8
11007.8
11189.8
11220.8
11265.4
11266.212
11366.2
11395.5
11866.3
12039.4
12125.5
12366.1
12702.4
13047.5
13258.8
13301.8
13318.8
13600.4
13601.212
13701.2
13720.5
14201.3
14701.1
16185.4
16304.5
16661.8
16665.8
16704.8
16892.8
16980.4
16981.212
17081.2
17092.5
17581.3
18081.1
19090.4
19222.5
19432.4
19444.5
23754.8
23757.8
23835.211
23835.4
23836.1
23893.5
24119.8
24133.8
24204.8
24285.8
24410.211
24410.4
24411.1
24546.5
24679.8
24711.8
24759.8
24892.8
24996.4
24997.212
25097.2
25122.5
25240.4
25265.5
25343.8
25597.3
26097.1
26365.8
26448.211
26448.4
26449.1
26465.5
26791.4
26848.5
26963.8
27008.8
27220.211
27220.4
27221.1
27288.5
30714.8
30716.8
30880.8
30966.211
30966.4
30967.1
31003.5
31086.8
31136.8
31152.8
31256.8
31445.4
31446.212
31546.2
31573.5
32046.3
32546.1
33145.4
33274.5
33486.4
33542.5
33550.4
33705.5
33842.8
33862.8
33887.8
34230.8
34295.4
34296.212
34396.2
34406.5
34896.3
35396.1
35890.4
36020.5
36179.8
36657.8
36717.4
36718.212
36818.2
36839.5
37318.3
37818.1
39419.4
39564.5
39746.8
39755.8
39992.211
39992.4
39993.1
40032.5
40944.8
41019.211
41019.4
41020.1
41050.5
41221.8
41317.8
41394.211
41394.4
41395.1
41454.5
41557.8
41776.8
41854.211
41854.4
41855.1
41908.5
42006.8
42267.211
42267.4
42268.1
42306.5
42423.8
42780.4
42781.212
42881.2
42900.5
43381.3
43881.1
44619.8
44628.8
44865.8
45011.4
45012.212
45109.5
45112.2
45612.3
46112.1
46604.4
46792.5
46985.8
47007.8
47011.8
47410.4
47411.212
47511.2
47547.5
48011.3
48511.1
51222.4
51371.5
51930.4
52021.5
52161.8
52427.211
52427.4
52428.1
52482.5
52598.8
52729.8
52908.8
52985.4
52986.212
53086.2
53139.5
53586.3
54086.1
54960.4
55126.5
55284.8
55294.8
55534.211
55534.4
55535.1
55568.5
55716.8
55923.8
55997.211
55997.4
55998.1
56042.5
57031.8
57035.8
57175.8
57214.8
57279.8
57291.8
57399.4
57400.212
57499.5
57500.2
58000.3
58500.1
59347.4
59462.5
59633.8
59864.8
59930.211
59930.4
59931.1
60001.5
62107.8
62198.211
62198.4
62199.1
62204.5
62293.8
62614.4
62615.212
62715.2
62886.5
63215.3
63715.1
66229.8
66685.4
66686.212
66786.2
66816.5
67286.3
67786.1
71075.4
71191.5
72725.4
72756.5
73307.4
73419.5
73585.4
73653.5
73777.8
73987.8
74062.211
74062.4
74063.1
74105.5
74209.8
74217.8
74362.8
74440.211
74440.4
74441.1
74483.5
74652.8
74818.8
74823.8
74828.8
74878.211
74878.4
74879.1
74944.5
75276.8
75470.8
75490.8
75562.211
75562.4
75563.1
75605.5
75739.8
75887.8
75909.8
76043.4
76044.212
76144.2
76202.5
76644.3
77144.1
77928.4
78015.5
78263.8
78748.4
78749.212
78844.5
78849.2
79349.3
79849.1
80852.4
80996.5
81104.8
81107.8
81376.211
81376.4
81377.1
81413.5
81539.8
81727.8
81810.211
81810.4
81811.1
81855.5
81990.8
82383.4
82384.212
82484.2
82551.5
82984.3
83484.1
84635.4
84765.5
84928.8
85373.8
85383.8
85406.8
85467.4
85468.212
85568.2
85601.5
86068.3
86568.1
90271.8
90280.8
90354.211
90354.4
90355.1
90385.5
90516.8
90792.8
90859.4
90860.212
90945.5
90960.2
91460.3
91960.1
93449.4
93479.5
93640.8
94308.4
94309.212
94401.5
94409.2
94909.3
95409.1
96921.4
97031.5
97329.8
97339.8
97531.8
97634.4
97635.212
97735.2
97857.5
98235.3
98735.1
101355.4
101368.5
101378.4
101420.5
115716.4
115745.5
118079.8
118113.8
118177.211
118177.4
118178.1
118217.5
121014.4
121034.5
121400.8
121472.211
121472.4
121473.1
121501.5
126964.8
127176.211
127176.4
127177.1
127196.5
127280.8
127358.8
127362.8
127396.8
127450.211
127450.4
127451.1
127483.5
128263.8
128457.8
128543.211
128543.4
128544.1
128583.5
128667.8
128981.4
128982.212
129082.2
129101.5
129582.3
130082.1
130662.4
130751.5
130934.8
130961.8
131083.8
131213.211
131213.4
131214.1
131318.5
135040.8
135130.211
135130.4
135131.1
135150.5
135882.8
136226.4
136227.212
136327.2
136330.5
136827.3
137327.1
137853.4
138014.5
138113.8
138295.8
138405.211
138405.4
138406.1
138497.5
138578.8
138671.8
138817.211
138817.4
138818.1
138874.5
138877.4
138884.5
138969.8
139205.211
139205.4
139206.1
139320.5
140339.8
140382.8
140631.211
140631.4
140632.1
140723.5
140800.8
141037.211
141037.4
141038.1
141073.5
141173.8
141182.8
141524.4
141525.212
141625.2
141982.5
142125.3
142625.1
143268.4
143353.5
145091.4
145141.5
147565.8
148374.8
148512.4
148513.212
148613.2
148647.5
149113.3
149613.1
150519.4
150627.5
151793.4
151852.5
152541.8
152734.211
152734.4
152735.1
152774.5
152873.8
153152.211
153152.4
153153.1
153330.5
153426.8
153532.211
153532.4
153533.1
153550.5
156653.8
156817.8
156942.211
156942.4
156943.1
157052.5
157279.8
157341.211
157341.4
157342.1
157375.5
157579.8
157583.8
157756.211
157756.4
157757.1
157834.5
157898.8
157954.8
158235.4
158236.212
158336.2
158418.5
158836.3
159336.1
160208.4
160309.5
160445.8
160678.211
160678.4
160679.1
160756.5
160971.8
161125.8
161186.211
161186.4
161187.1
161629.5
161822.4
161836.5
166713.8
166843.8
166917.211
166917.4
166918.1
167015.5
173893.4
173914.5
177360.4
177446.5
178570.4
178592.5
178601.4
180000.9
123456789
11
11
15
11
11
15
5
FI
1
5
9
59
55
10
32
54
6
2
788
0
0
0
314159265
30
219
152
180000
314159265
0.1
718.8
762.8
989.211
989.4
990.1
1043.5
1161.8
1223.8
1375.8
1456.211
1456.4
1457.1
1509.5
2042.8
2152.8
2247.211
2247.4
2248.1
2314.5
2561.8
2656.211
2656.4
2657.1
2690.5
3215.4
3258.5
3342.8
3609.211
3609.4
3610.1
3641.5
3732.8
3768.8
3827.8
4062.4
4063.212
4163.2
4188.5
4663.3
5163.1
6848.4
7043.5
7529.8
7591.8
7735.8
7818.211
7818.4
7819.1
7889.5
7987.8
8000.8
8058.8
8255.8
8288.8
8293.8
8353.4
8354.212
8448.5
8454.2
8954.3
9454.1
11845.4
11906.5
12652.4
12709.5
12717.4
12747.5
12900.8
12903.8
12960.8
12972.8
13077.211
13077.4
13078.1
13131.5
13213.8
13247.8
13446.211
13446.4
13447.1
13501.5
13627.8
13957.4
13958.212
14058.2
14085.5
14558.3
15058.1
15210.4
15352.5
15831.8
15870.8
16360.8
16418.4
16419.212
16519.2
16570.5
17019.3
17519.1
18707.4
18993.5
19219.8
19222.8
19453.211
19453.4
19454.1
19494.5
19609.8
19623.8
19629.8
19651.8
19714.8
19901.211
19901.4
19902.1
20068.5
20186.8
20234.8
20247.8
20410.211
20410.4
20411.1
20462.5
20538.8
20568.8
20747.211
20747.4
20748.1
20781.5
21022.8
21029.8
21048.8
21103.8
21198.211
21198.4
21199.1
21301.5
21493.8
21571.8
21705.211
21705.4
21706.1
21742.5
21861.8
22078.8
22101.8
22158.211
22158.4
22159.1
22218.5
22320.8
22330.8
22338.8
22506.8
22580.211
22580.4
22581.1
22673.5
22800.8
22829.8
23099.8
23164.4
23165.212
23265.2
23283.5
23765.3
24011.4
24265.1
24266.5
24486.8
24514.8
24593.8
24598.8
24731.211
24731.4
24732.1
24757.5
24881.8
25120.8
25202.8
25208.8
25258.4
25259.212
25359.2
25376.5
25859.3
26359.1
26838.4
26929.5
27055.8
27068.8
27252.8
27478.4
27479.212
27579.2
27619.5
28079.3
28579.1
29862.4
29941.5
30083.8
30242.8
30310.211
30310.4
30311.1
30357.5
30496.8
30513.8
30631.8
30702.211
30702.4
30703.1
30733.5
30890.8
30916.8
30923.8
31086.8
31154.211
31154.4
31155.1
31202.5
31311.8
31346.8
31366.8
31606.211
31606.4
31607.1
31648.5
32091.8
32148.8
32151.8
32269.211
32269.4
32270.1
32313.5
32454.8
32608.8
32718.211
32718.4
32719.1
32749.5
33889.8
34104.8
34165.211
34165.4
34166.1
34207.5
34386.8
34527.8
34534.8
34602.8
34660.211
34660.4
34661.1
34732.5
34813.8
34916.8
35076.8
35085.8
35156.4
35157.212
35257.2
35269.5
35757.3
36257.1
37174.4
37290.5
37470.8
38170.4
38171.212
38271.2
38280.5
38771.3
39271.1
40048.4
40122.5
40739.4
41022.5
43089.8
43195.211
43195.4
43196.1
43387.5
43486.8
43594.8
43706.211
43706.4
43707.1
43750.5
43904.8
43989.8
44092.8
44161.211
44161.4
44162.1
44269.5
44385.8
44516.8
44525.8
44645.211
44645.4
44646.1
44689.5
44783.8
44903.8
44906.8
45082.211
45082.4
45083.1
45158.5
45475.8
45824.4
45825.212
45918.5
45925.2
46425.3
46925.1
47640.4
47771.5
47906.8
49520.4
49521.212
49621.2
49642.5
50121.3
50621.1
53765.4
53840.5
55237.8
55607.4
55608.212
55695.5
55708.2
56208.3
56708.1
58105.4
58207.5
59582.4
59606.5
60939.8
61089.8
61162.211
61162.4
61163.1
61196.5
61307.8
61458.8
61652.4
61653.212
61753.2
61771.5
62253.3
62753.1
66559.8
66693.8
66804.211
66804.4
66805.1
66851.5
66995.8
67027.8
67034.8
67412.8
67418.8
67548.8
67681.4
67682.212
67782.2
67827.5
68282.3
68782.1
72267.4
72292.5
72403.8
72742.4
72743.212
72843.2
72856.5
73343.3
73843.1
75021.4
75077.5
75219.8
75262.8
75701.4
75702.212
75802.2
75836.5
76302.3
76802.1
79625.4
79706.5
80453.8
80482.8
80564.211
80564.4
80565.1
80645.5
80743.8
80793.8
80878.8
81091.4
81092.212
81192.2
81202.5
81692.3
82192.1
83909.4
83990.5
84816.4
84835.5
84911.8
84959.8
85165.211
85165.4
85166.1
85202.5
85345.8
85420.8
85423.8
85523.211
85523.4
85524.1
85567.5
85671.8
85717.8
85804.8
85961.211
85961.4
85962.1
86016.5
86156.8
86280.8
86321.8
86345.8
86417.211
86417.4
86418.1
86464.5
86585.8
86675.8
86852.211
86852.4
86853.1
86891.5
87003.8
87140.8
87301.211
87301.4
87302.1
87340.5
87605.8
87880.211
87880.4
87881.1
87920.5
88081.8
88091.8
88111.8
88286.8
88356.211
88356.4
88357.1
88387.5
88771.8
89036.211
89036.4
89037.1
89088.5
89266.8
89452.8
89523.211
89523.4
89524.1
89579.5
89848.8
89961.8
90119.211
90119.4
90120.1
90165.5
90244.4
90272.5
90473.8
90793.8
90900.4
90901.212
90997.5
91001.2
91501.3
92001.1
93198.4
93311.5
93451.8
93853.4
93854.212
93954.2
94046.5
94454.3
94954.1
97650.4
97981.5
98112.8
98395.211
98395.4
98396.1
98855.5
99024.4
99050.5
100666.4
100858.5
101756.8
101842.211
101842.4
101843.1
102192.5
112448.4
112634.5
113372.4
113404.5
113503.8
113635.211
113635.4
113636.1
113684.5
114081.4
114308.5
120410.8
120578.8
120584.8
120682.211
120682.4
120683.1
120706.5
120841.8
121132.211
121132.4
121133.1
121198.5
121290.8
121588.211
121588.4
121589.1
121627.5
121739.8
121870.8
122011.211
122011.4
122012.1
122057.5
122264.8
122840.4
122841.212
122941.2
123006.5
123441.3
123941.1
125878.4
126031.5
126224.4
126273.5
126278.4
126411.5
126554.8
127092.4
127093.212
127193.2
127202.5
127693.3
128193.1
129075.4
129224.5
129378.8
129619.8
129688.4
129689.212
129789.2
129792.5
130289.3
130789.1
131579.4
131746.5
132242.8
132414.211
132414.4
132415.1
132516.5
132605.8
132630.8
132905.211
132905.4
132906.1
132938.5
133051.8
133177.8
133293.211
133293.4
133294.1
133336.5
133427.8
133684.211
133684.4
133685.1
133728.5
133830.4
133894.5
133970.8
134081.8
134201.8
134279.4
134280.212
134380.2
134500.5
134880.3
135380.1
138964.4
139000.5
139175.8
139423.211
139423.4
139424.1
139579.5
140047.4
140073.5
140232.8
140459.211
140459.4
140460.1
140487.5
140574.8
140787.211
140787.4
140788.1
140824.5
140974.8
141174.211
141174.4
141175.1
141275.5
141412.4
141418.5
141423.4
141438.5
141543.8
141815.211
141815.4
141816.1
141869.5
141974.4
141978.5
141979.4
142040.5
142125.8
142404.211
142404.4
142405.1
142441.5
142622.8
142713.211
142713.4
142714.1
142745.5
142863.8
143013.8
143080.8
143188.4
143189.212
143275.5
143289.2
143789.3
144289.1
144863.4
145102.5
145103.4
145131.5
145264.8
145619.4
145620.212
145720.2
145755.5
146220.3
146720.1
147523.4
147613.5
147829.4
147898.5
148032.8
148302.211
148302.4
148303.1
148327.5
148438.8
148754.4
148755.212
148855.2
148952.5
149355.3
149855.1
152106.4
152197.5
153041.8
153102.211
153102.4
153103.1
153176.5
154225.8
154424.211
154424.4
154425.1
154507.5
154972.8
155142.8
155287.4
155288.212
155388.2
155456.5
155888.3
156388.1
159451.4
159476.5
161178.8
161317.8
161332.8
161402.211
161402.4
161403.1
161447.5
162697.8
162762.8
162965.211
162965.4
162966.1
163039.5
163140.8
163148.8
163302.211
163302.4
163303.1
163306.5
163489.8
163621.211
163621.4
163622.1
163728.5
163951.8
164116.8
164189.211
164189.4
164190.1
164225.5
164618.4
164644.5
166115.8
166356.8
166456.4
166457.212
166551.5
166557.2
167057.3
167557.1
167900.4
168101.5
172844.8
173178.8
173219.8
173400.4
173401.212
173501.2
173523.5
174001.3
174501.1
175337.4
175438.5
176182.8
176267.211
176267.4
176268.1
176366.5
176478.8
177024.4
177025.212
177116.5
177125.2
177625.3
180000.9
123456789
11
12
15
11
12
15
5
FI
1
5
10
10
44
10
43
44
6
2
720
0
0
0
314159265
33
194
140
180000
314159265
0.1
623.8
674.8
860.211
860.4
861.1
901.5
1243.4
1262.5
2116.8
2457.4
2458.212
2558.2
2561.5
3058.3
3558.1
3931.8
4033.8
4036.8
4118.211
4118.4
4119.1
4149.5
4246.8
4282.8
4358.8
4431.8
4670.4
4671.212
4759.5
4771.2
5271.3
5719.4
5771.1
5871.5
5987.8
5998.8
6047.8
6070.8
6224.211
6224.4
6225.1
6254.5
7001.8
7013.8
7126.8
7250.8
7280.8
7289.8
7319.8
7455.4
7456.212
7556.2
7577.5
8056.3
8556.1
10135.8
10160.8
10262.8
10327.211
10327.4
10328.1
10364.5
10484.8
10531.8
10577.8
10591.8
10601.8
10607.8
10756.8
10760.8
10824.4
10825.212
10925.2
10945.5
11425.3
11925.1
12223.4
12393.5
12624.8
12661.8
12882.8
12956.4
12957.212
13057.2
13095.5
13557.3
14057.1
15835.4
15908.5
16033.8
16039.8
16210.211
16210.4
16211.1
16254.5
16391.8
16420.8
16442.8
16575.8
16584.8
16667.211
16667.4
16668.1
16861.5
16995.8
17076.8
17304.4
17305.212
17405.2
17423.5
17905.3
18405.1
21092.4
21100.5
21102.4
21174.5
21924.8
22006.211
22006.4
22007.1
22067.5
22248.8
22458.211
22458.4
22459.1
22506.5
22643.8
22757.8
22812.8
22868.211
22868.4
22869.1
22956.5
23190.8
23292.8
23435.211
23435.4
23436.1
23503.5
23677.8
23691.8
23974.211
23974.4
23975.1
24037.5
24115.4
24147.5
24268.8
24330.8
24401.8
24498.211
24498.4
24499.1
24533.5
24679.8
24700.8
24970.211
24970.4
24971.1
25090.5
25196.8
25219.8
25342.211
25342.4
25343.1
25380.5
25718.4
25759.5
25846.8
25885.8
25989.8
26075.8
26142.211
26142.4
26143.1
26179.5
26336.8
26359.8
26406.8
26465.8
26591.8
26648.4
26649.212
26749.2
26803.5
27249.3
27749.1
29137.4
29299.5
29578.4
29582.5
29760.8
30045.211
30045.4
30046.1
30084.5
30260.8
30290.8
30408.8
30413.8
30489.211
30489.4
30490.1
30548.5
30713.8
31068.4
31069.212
31169.2
31175.5
31669.3
32169.1
38761.4
38777.5
43020.4
43041.5
43152.8
43343.8
43581.8
43634.4
43635.212
43733.5
43735.2
44235.3
44735.1
45623.4
45730.5
45914.8
46170.211
46170.4
46171.1
46206.5
47839.8
48013.8
48029.8
48266.4
48267.212
48367.2
48370.5
48867.3
49367.1
50111.4
50193.5
50315.8
50332.8
50511.8
50613.211
50613.4
50614.1
50637.5
51024.8
51099.8
51154.8
51344.4
51345.212
51441.5
51445.2
51945.3
52445.1
53886.4
53985.5
54145.8
54149.8
54358.8
54460.4
54461.212
54561.2
54634.5
55061.3
55561.1
57093.4
57173.5
57341.8
57631.211
57631.4
57632.1
57765.5
57892.8
57913.8
58219.4
58220.212
58320.2
58320.5
58820.3
59320.1
61135.4
61294.5
61631.4
61697.5
61829.8
62057.211
62057.4
62058.1
62101.5
62439.8
62986.4
62987.212
63087.2
63091.5
63587.3
64087.1
66024.4
66040.5
66169.8
66454.211
66454.4
66455.1
66492.5
66723.8
67000.211
67000.4
67001.1
67045.5
67645.8
67708.8
67929.211
67929.4
67930.1
67971.5
68105.8
68127.8
68218.8
68393.211
68393.4
68394.1
68441.5
68887.8
69011.8
69113.211
69113.4
69114.1
69156.5
69328.8
69595.211
69595.4
69596.1
69657.5
69920.4
69937.5
69939.4
70852.5
71046.8
71064.8
71323.211
71323.4
71324.1
71375.5
71510.8
71776.8
71832.4
71833.212
71933.2
71935.5
72433.3
72933.1
75051.4
75128.5
75133.4
75135.5
75917.4
75953.5
76453.4
76475.5
76639.8
76960.8
77066.4
77067.212
77147.5
77167.2
77667.3
78167.1
80442.4
80516.5
84628.4
84633.5
84751.8
85066.4
85067.212
85164.5
85167.2
85667.3
86167.1
87105.4
87203.5
87490.8
87691.8
87758.211
87758.4
87759.1
87833.5
88099.8
88437.4
88438.212
88538.2
88591.5
89038.3
89538.1
93386.4
93435.5
93889.8
94037.8
94147.211
94147.4
94148.1
94187.5
94366.8
94642.8
94734.4
94735.212
94835.2
94906.5
95335.3
95835.1
99474.4
99502.5
99668.8
99679.8
99681.8
100073.4
100074.212
100174.2
100181.5
100674.3
101174.1
103532.8
103636.211
103636.4
103637.1
103676.5
103867.8
104104.211
104104.4
104105.1
104159.5
104382.8
104674.211
104674.4
104675.1
104723.5
104834.8
105121.211
105121.4
105122.1
105169.5
105292.8
105420.8
105581.211
105581.4
105582.1
105679.5
105832.8
106241.8
106302.4
106303.212
106403.2
106492.5
106903.3
107403.1
109534.4
109652.5
110435.8
110523.211
110523.4
110524.1
110535.5
110536.4
110571.5
110757.8
111067.4
111068.212
111168.2
111425.5
111534.4
111668.3
111946.5
112134.4
112168.1
112172.5
112399.8
112478.211
112478.4
112479.1
112618.5
112680.4
112769.5
112887.4
112957.5
116676.8
117206.4
117207.212
117307.2
117807.3
117822.5
117883.4
118017.5
118307.1
119983.8
120138.8
120234.211
120234.4
120235.1
120329.5
122865.4
122918.5
124826.8
125035.211
125035.4
125036.1
125195.5
125490.4
125537.5
127261.8
127562.4
127563.212
127655.5
127663.2
128163.3
128663.1
129439.4
129516.5
129685.8
129979.211
129979.4
129980.1
130219.5
131176.8
131299.8
131422.211
131422.4
131423.1
131516.5
131627.8
131746.8
131852.211
131852.4
131853.1
131896.5
131903.4
131935.5
132085.8
132287.8
132293.8
132374.211
132374.4
132375.1
132491.5
132607.8
132926.4
132927.212
133016.5
133027.2
133527.3
134027.1
135093.8
135116.8
135379.211
135379.4
135380.1
135419.5
142934.8
142943.8
142992.8
143268.4
143269.212
143369.2
143506.5
143869.3
144369.1
145065.8
145067.8
145072.8
145084.8
145142.211
145142.4
145143.1
145199.5
145779.4
145936.5
146033.8
146155.8
146311.211
146311.4
146312.1
146361.5
146506.4
146553.5
146628.8
146646.8
146873.211
146873.4
146874.1
146914.5
147055.8
147319.8
147377.8
147455.4
147456.212
147556.2
147692.5
148056.3
148556.1
152014.4
152123.5
152297.8
152653.4
152654.212
152754.2
152800.5
153254.3
153754.1
155669.4
155796.5
156437.8
156507.211
156507.4
156508.1
156550.5
156771.8
156914.8
157120.4
157121.212
157221.2
157228.5
157721.3
158221.1
159735.4
159794.5
160225.8
160315.211
160315.4
160316.1
160352.5
160563.8
160595.8
160820.211
160820.4
160821.1
160866.5
161035.8
161048.8
161049.8
161167.8
161279.8
161358.4
161359.212
161459.2
161529.5
161959.3
162459.1
166522.8
166611.211
166611.4
166612.1
166768.5
166955.8
166996.8
167189.211
167189.4
167190.1
167242.5
167398.8
167529.8
167530.8
167681.8
167693.8
167760.4
167761.212
167861.2
167877.5
168361.3
168861.1
169751.4
169754.5
169758.4
169831.5
169998.8
170181.8
170256.211
170256.4
170257.1
170300.5
170445.8
170524.8
170676.211
170676.4
170677.1
170707.5
170831.8
170879.8
170967.211
170967.4
170968.1
170996.5
171206.4
171277.5
171486.8
171524.8
171837.4
171838.212
171938.2
172327.5
172438.3
172938.1
177204.4
177292.5
178126.4
178168.5
178290.8
178575.211
178575.4
178576.1
178651.5
178777.8
179100.4
179101.212
179189.5
179201.2
180000.9
123456789
11
13
15
11
13
15
5
FI
1
5
9
58
13
10
31
13
6
2
625
0
0
0
314159265
31
184
114
180000
314159265
0.1
1.4
66.5
490.4
491.5
634.8
807.8
846.8
939.4
940.212
1040.2
1059.5
1540.3
2040.1
2256.8
2269.8
2338.8
2399.211
2399.4
2400.1
2428.5
2546.8
2589.8
2643.211
2643.4
2644.1
2689.5
3247.8
3321.8
3395.211
3395.4
3396.1
3439.5
3538.8
3609.8
3713.8
3882.4
3883.212
3983.2
4088.5
4483.3
4983.1
6679.4
6778.5
7406.8
7484.211
7484.4
7485.1
7522.5
7639.8
7713.8
7833.8
7914.211
7914.4
7915.1
7941.5
8071.8
8078.8
8126.8
8219.8
8336.211
8336.4
8337.1
8385.5
8595.8
8649.8
8652.8
8727.8
8730.8
8775.8
8906.4
8907.212
8997.5
9007.2
9507.3
10007.1
10172.4
10276.5
10383.8
10427.8
10485.8
10670.8
10733.4
10734.212
10828.5
10834.2
11334.3
11834.1
12913.4
13006.5
13545.8
13735.8
13807.8
13883.4
13884.212
13984.2
14013.5
14484.3
14984.1
17175.4
17267.5
17475.8
17780.4
17781.212
17881.2
17887.5
18381.3
18881.1
21808.4
21934.5
22366.8
22449.211
22449.4
22450.1
22498.5
22665.8
22718.8
22829.8
22889.211
22889.4
22890.1
23034.5
23218.8
23288.8
23305.8
23460.211
23460.4
23461.1
23506.5
23630.8
23645.8
23758.8
23955.4
23956.212
24056.2
24120.5
24556.3
25056.1
25787.4
25879.5
26289.8
26317.8
26426.8
26482.8
26692.4
26693.212
26793.2
26815.5
27293.3
27793.1
28812.4
28918.5
29055.8
29480.8
29565.4
29566.212
29663.5
29666.2
30166.3
30666.1
31334.4
31440.5
31441.4
31442.5
31630.8
32025.4
32026.212
32126.2
32160.5
32626.3
33126.1
35978.4
36008.5
36179.8
36379.8
36384.8
36446.211
36446.4
36447.1
36615.5
36759.8
36799.8
36955.211
36955.4
36956.1
36993.5
37167.8
37263.8
37322.8
37426.211
37426.4
37427.1
37673.5
37823.8
37853.8
37959.8
38045.211
38045.4
38046.1
38116.5
38237.8
38325.8
38538.4
38539.212
38634.5
38639.2
39139.3
39639.1
40614.4
40822.5
40967.8
40995.8
41002.8
41103.8
41114.8
41195.211
41195.4
41196.1
41224.5
41386.8
41426.8
41461.8
41693.4
41694.212
41794.2
41914.5
42294.3
42794.1
43800.4
43971.5
44523.8
44688.8
44775.211
44775.4
44776.1
44898.5
45039.8
45187.8
45195.8
45291.8
45303.8
45336.8
45388.4
45389.212
45489.2
45494.5
45989.3
46489.1
47778.4
47906.5
48479.8
48678.8
48745.211
48745.4
48746.1
48885.5
49570.8
49574.8
49893.4
49894.212
49993.5
49994.2
50494.3
50994.1
59388.4
59404.5
61069.8
61115.8
61123.8
61316.8
61396.4
61397.212
61497.2
61522.5
61997.3
62497.1
67269.8
67389.211
67389.4
67390.1
67426.5
67815.8
67971.211
67971.4
67972.1
68018.5
68166.8
68207.8
68230.8
68414.8
68493.4
68494.212
68588.5
68594.2
69094.3
69594.1
71146.4
71222.5
71552.8
71830.211
71830.4
71831.1
71918.5
72390.8
72520.8
72777.4
72778.212
72878.2
72938.5
73378.3
73878.1
75654.4
75753.5
75905.8
76206.4
76207.212
76307.2
76423.5
76807.3
77307.1
80317.4
80353.5
81265.4
81321.5
81651.8
81805.211
81805.4
81806.1
81843.5
82011.8
82144.8
82214.8
82294.211
82294.4
82295.1
82339.5
82517.8
82587.8
82592.8
82656.8
82770.211
82770.4
82771.1
82819.5
83130.8
83319.8
83352.8
83437.4
83438.212
83538.2
83546.5
84038.3
84538.1
87738.4
87816.5
88159.8
88348.8
88466.4
88467.212
88567.2
88575.5
89067.3
89567.1
92075.4
92194.5
92846.8
92865.8
92950.211
92950.4
92951.1
92992.5
93213.8
93265.8
93380.8
93389.8
93515.4
93516.212
93608.5
93616.2
94116.3
94616.1
97207.8
97441.211
97441.4
97442.1
97487.5
98197.8
98280.211
98280.4
98281.1
98309.5
99019.8
99102.211
99102.4
99103.1
99138.5
99223.8
99370.8
99416.8
99484.211
99484.4
99485.1
99629.5
99765.8
100003.8
100061.8
100117.4
100118.212
100218.2
100227.5
100718.3
101218.1
104698.4
104729.5
104912.8
104959.8
104970.8
105045.8
105133.211
105133.4
105134.1
105159.5
105390.8
105422.8
105471.8
105490.8
105604.8
105687.211
105687.4
105688.1
105728.5
105861.8
106001.8
106180.8
106277.4
106278.212
106378.2
106395.5
106878.3
107378.1
108590.4
108804.5
108996.4
109129.5
109219.8
109235.8
109532.4
109533.212
109633.2
109674.5
110133.3
110633.1
113284.4
113375.5
114150.4
114407.5
114821.4
114944.5
115087.8
115261.8
115382.211
115382.4
115383.1
115457.5
115663.8
115686.8
115925.211
115925.4
115926.1
115962.5
116196.8
116573.4
116574.212
116674.2
116700.5
117174.3
117674.1
119676.4
119781.5
119941.8
120337.8
120405.4
120406.212
120506.2
120525.5
121006.3
121506.1
123543.4
123673.5
124624.4
124668.5
124917.8
125191.211
125191.4
125192.1
125235.5
125374.8
125564.8
125709.4
125710.212
125810.2
125812.5
126310.3
126810.1
130473.4
130514.5
130690.8
130921.211
130921.4
130922.1
130967.5
131133.8
131259.8
131303.8
131384.211
131384.4
131385.1
131644.5
131739.8
131887.8
131894.8
131978.211
131978.4
131979.1
132010.5
132153.8
132246.211
132246.4
132247.1
132285.5
132414.4
132438.5
132849.8
132900.8
132912.8
133019.8
133131.211
133131.4
133132.1
133176.5
133268.4
133287.5
136856.8
136970.211
136970.4
136971.1
137023.5
137235.8
137481.211
137481.4
137482.1
137541.5
137654.8
137828.8
137844.8
138178.4
138179.212
138268.5
138279.2
138779.3
139279.1
154362.4
154408.5
154445.4
154514.5
154613.4
154691.5
155024.8
155037.8
155284.211
155284.4
155285.1
155340.5
155470.8
155550.8
155686.8
155691.8
155774.4
155775.212
155867.5
155875.2
156375.3
156875.1
160050.4
160133.5
160283.8
160637.4
160638.212
160738.2
160778.5
161238.3
161738.1
174301.4
174347.5
174800.4
174840.5
175110.8
175164.8
175354.211
175354.4
175355.1
175395.5
175492.8
175679.8
175688.8
175755.211
175755.4
175756.1
175802.5
176163.8
176259.8
176425.211
176425.4
176426.1
176463.5
176570.8
176813.8
176890.4
176891.212
176991.2
177030.5
177491.3
180000.9
123456789
11
14
15
11
14
15
5
FI
1
5
10
02
00
10
35
00
6
2
739
0
0
0
314159265
27
206
138
180000
314159265
0.1
423.8
585.8
643.8
647.8
765.8
831.4
832.212
932.2
934.5
1432.3
1792.4
1925.5
1932.1
2264.8
2386.8
2459.211
2459.4
2460.1
2529.5
2617.8
2845.8
2945.8
3070.4
3071.212
3171.2
3209.5
3671.3
3950.4
4055.5
4171.1
6357.8
6517.211
6517.4
6518.1
6610.5
6725.8
6913.8
6917.8
6982.211
6982.4
6983.1
7069.5
7198.8
7380.8
7440.211
7440.4
7441.1
7589.5
7858.8
8094.8
8159.4
8160.212
8260.2
8303.5
8760.3
9260.1
11151.4
11302.5
11502.8
11727.211
11727.4
11728.1
11960.5
12114.8
12181.8
12460.4
12461.212
12561.2
12757.5
13061.3
13561.1
14018.8
14032.8
14069.8
14153.8
14189.8
14246.211
14246.4
14247.1
14291.5
14388.8
14590.8
14657.8
14743.4
14744.212
14844.2
14914.5
15344.3
15844.1
16357.4
16604.5
16801.4
16958.5
17169.8
17182.8
17321.8
17402.211
17402.4
17403.1
17436.5
17558.8
17647.8
17851.211
17851.4
17852.1
18021.5
18206.8
18368.8
18429.8
18532.4
18533.212
18633.2
18690.5
19133.3
19633.1
21986.4
22047.5
22050.4
22057.5
22308.8
22441.8
22454.8
22542.211
22542.4
22543.1
22593.5
22704.4
22749.5
22954.8
23163.8
23216.211
23216.4
23217.1
23264.5
23482.4
23517.5
23634.8
23697.8
23735.8
23756.8
23852.211
23852.4
23853.1
23891.5
25052.8
25117.8
25125.8
25183.8
25279.211
25279.4
25280.1
25301.5
25387.8
25440.8
25644.8
25720.4
25721.212
25821.2
25842.5
26321.3
26821.1
27482.4
27656.5
28454.8
28602.8
28667.211
28667.4
28668.1
28708.5
29037.8
29186.8
29280.211
29280.4
29281.1
29418.5
29681.8
30010.4
30011.212
30111.2
30111.5
30611.3
31111.1
33351.4
33455.5
34928.8
35023.211
35023.4
35024.1
35057.5
35228.8
35273.8
35276.8
35404.8
35509.211
35509.4
35510.1
35552.5
35724.8
35780.8
35855.8
35952.211
35952.4
35953.1
35995.5
36173.8
36340.211
36340.4
36341.1
36383.5
36500.8
36641.211
36641.4
36642.1
36691.5
36816.8
36829.8
36968.211
36968.4
36969.1
37008.5
37147.8
37304.8
37308.8
37464.4
37465.212
37565.2
37641.5
38065.3
38565.1
39282.4
39391.5
39599.8
39611.8
39625.8
39848.211
39848.4
39849.1
39918.5
40142.4
40237.5
40335.8
40575.211
40575.4
40576.1
40621.5
40797.4
40988.5
41080.8
41242.211
41242.4
41243.1
41284.5
41399.8
41480.211
41480.4
41481.1
41512.5
41617.4
41684.5
41766.8
42050.211
42050.4
42051.1
42172.5
43722.8
44018.211
44018.4
44019.1
44061.5
44175.8
44552.8
44638.4
44639.212
44739.2
44745.5
45239.3
45739.1
48605.4
48695.5
49427.8
49443.8
49667.8
49729.4
49730.212
49828.5
49830.2
50330.3
50830.1
54470.8
54707.211
54707.4
54708.1
54758.5
54759.4
54760.5
54950.8
55223.211
55223.4
55224.1
55265.5
55402.8
55453.8
55634.8
55706.4
55707.212
55807.2
55829.5
56307.3
56807.1
60454.8
60541.211
60541.4
60542.1
60584.5
60786.8
60849.8
60852.8
61008.211
61008.4
61009.1
61046.5
61270.8
61281.8
61517.211
61517.4
61518.1
61659.5
61804.8
61884.8
62052.8
62077.8
62172.4
62173.212
62273.2
62305.5
62773.3
63273.1
66113.4
66249.5
66905.4
66990.5
67178.8
67438.211
67438.4
67439.1
67481.5
67737.8
68061.8
68142.4
68143.212
68243.2
68260.5
68743.3
69243.1
70250.4
70429.5
70618.4
70754.5
71583.8
71661.211
71661.4
71662.1
71771.5
71979.8
72066.8
72329.4
72330.212
72430.2
72430.5
72930.3
73430.1
75848.4
75931.5
77824.8
78112.211
78112.4
78113.1
78193.5
78337.8
78466.8
78582.211
78582.4
78583.1
78630.5
78741.8
78903.8
79028.211
79028.4
79029.1
79072.5
79240.8
79525.211
79525.4
79526.1
79676.5
79832.8
79975.211
79975.4
79976.1
80010.5
80316.8
80507.211
80507.4
80508.1
80548.5
80640.8
80755.8
80759.8
80877.211
80877.4
80878.1
80950.5
81164.8
81309.211
81309.4
81310.1
81320.5
81438.8
81538.211
81538.4
81539.1
81573.5
82743.8
82798.8
82862.211
82862.4
82863.1
82895.5
83035.8
83094.8
83223.211
83223.4
83224.1
83256.5
83352.8
83354.8
83356.8
83450.8
83464.8
83648.211
83648.4
83649.1
83686.5
83772.8
83873.211
83873.4
83874.1
83898.5
84164.8
84249.211
84249.4
84250.1
84285.5
85189.8
85390.211
85390.4
85391.1
85433.5
85539.8
85561.8
85625.8
85629.8
85760.211
85760.4
85761.1
85879.5
86719.8
86771.8
86884.211
86884.4
86885.1
86955.5
109198.8
109355.8
109402.8
109494.8
109576.4
109577.212
109677.2
109690.5
110177.3
110338.4
110509.5
110510.4
110616.5
110677.1
111053.4
111500.5
111579.4
111644.5
111751.4
111873.5
112110.8
112225.8
112314.211
112314.4
112315.1
112349.5
112535.8
112767.211
112767.4
112768.1
112925.5
113046.8
113128.8
113749.4
113750.212
113850.2
113868.5
114350.3
114850.1
117175.4
117286.5
117489.8
117510.8
117850.4
117851.212
117946.5
117951.2
118451.3
118951.1
119940.4
120134.5
120412.8
120690.211
120690.4
120691.1
120823.5
120958.8
121232.211
121232.4
121233.1
121302.5
121466.8
121778.4
121779.212
121879.2
121931.5
122379.3
122879.1
125293.4
125399.5
125555.8
125835.211
125835.4
125836.1
125877.5
126083.8
126135.8
126273.8
126335.211
126335.4
126336.1
126401.5
126598.8
126653.8
126665.8
126890.211
126890.4
126891.1
126944.5
127159.8
127183.8
127362.8
127513.4
127514.212
127608.5
127614.2
128114.3
128614.1
129472.4
129597.5
129871.8
130162.211
130162.4
130163.1
130201.5
130368.8
130410.8
130752.4
130753.212
130853.2
130874.5
131353.3
131853.1
138493.4
138524.5
139992.8
140229.8
140294.4
140295.212
140395.2
140430.5
140895.3
141395.1
148810.4
148840.5
149001.8
149276.211
149276.4
149277.1
149327.5
149431.8
149570.8
149711.211
149711.4
149712.1
149772.5
149935.8
150194.211
150194.4
150195.1
150244.5
150340.4
150383.5
150466.8
150673.211
150673.4
150674.1
150711.5
150801.8
150930.8
151044.211
151044.4
151045.1
151239.5
151383.8
151427.8
151570.8
151640.211
151640.4
151641.1
151684.5
151784.8
151979.8
152084.211
152084.4
152085.1
152128.5
152445.8
152451.8
152553.8
152669.211
152669.4
152670.1
152708.5
152828.8
152929.8
153092.211
153092.4
153093.1
153124.5
153201.8
153450.8
153515.4
153516.212
153616.2
153689.5
154116.3
154616.1
156414.4
156482.5
156626.8
156962.4
156963.212
157063.2
157092.5
157563.3
158063.1
161215.4
161247.5
161598.8
161728.8
161812.211
161812.4
161813.1
161957.5
162165.8
162368.8
162443.211
162443.4
162444.1
162500.5
162685.8
162830.8
162850.8
162933.211
162933.4
162934.1
162983.5
163097.8
163145.8
163381.211
163381.4
163382.1
163424.5
163584.8
163589.8
163592.8
163989.4
163990.212
164087.5
164090.2
164590.3
165090.1
166530.4
166679.5
167054.8
167060.8
167364.4
167365.212
167465.2
167505.5
167965.3
168465.1
171546.8
171834.211
171834.4
171835.1
171869.5
172063.8
172081.8
172378.4
172379.212
172472.5
172479.2
172979.3
173479.1
174683.4
174912.5
175106.8
175362.211
175362.4
175363.1
175403.5
180000.9
123456789
11
15
15
11
15
15
5
FI
1
5
9
50
32
10
23
31
6
2
927
0
0
0
314159265
35
268
179
180000
314159265
0.1
512.8
614.8
686.211
686.4
687.1
719.5
781.8
850.8
965.211
965.4
966.1
996.5
1595.8
1720.8
1822.211
1822.4
1823.1
1854.5
1971.8
2037.8
2137.211
2137.4
2138.1
2173.5
2391.4
2401.5
3329.8
3523.211
3523.4
3524.1
3564.5
3642.8
3675.8
3695.8
3799.8
3819.8
3828.8
3877.211
3877.4
3878.1
3922.5
4395.8
4550.8
4667.211
4667.4
4668.1
4711.5
4832.8
4930.8
4992.8
5061.8
5142.4
5143.212
5243.2
5265.5
5743.3
6243.1
7630.4
7721.5
7907.8
7912.8
8146.211
8146.4
8147.1
8192.5
8543.8
8680.8
8770.8
8979.4
8980.212
9075.5
9080.2
9580.3
10080.1
10482.4
10671.5
10815.8
10824.8
10863.8
11191.4
11192.212
11292.2
11302.5
11792.3
12292.1
14267.4
14372.5
14507.8
14730.211
14730.4
14731.1
14809.5
14908.8
15157.211
15157.4
15158.1
15208.5
15325.8
15396.8
15461.8
15580.211
15580.4
15581.1
15600.5
15711.8
15781.8
15945.8
16001.211
16001.4
16002.1
16053.5
16160.8
16194.8
16208.8
16215.8
16315.8
16358.8
16369.8
16579.4
16580.212
16658.5
16680.2
16703.4
16754.5
17180.3
17680.1
19113.4
19303.5
19701.4
19934.5
20058.8
20445.4
20446.212
20546.2
20555.5
21046.3
21546.1
23384.4
23470.5
23849.4
23938.5
24673.4
24793.5
25531.4
25534.5
25536.4
25635.5
25736.4
25830.5
25917.8
26047.8
26118.211
26118.4
26119.1
26295.5
26344.4
26473.5
26561.8
26652.8
26797.211
26797.4
26798.1
27010.5
27108.4
27282.5
27389.8
27506.8
27528.8
27590.8
27655.211
27655.4
27656.1
27700.5
27753.4
28099.5
28190.8
28210.8
28254.8
28349.8
28359.8
28424.8
28497.4
28498.212
28598.2
28677.5
29098.3
29598.1
30190.4
30286.5
30983.4
31048.5
32039.8
32107.211
32107.4
32108.1
32348.5
32470.8
32748.8
32802.4
32803.212
32903.2
32919.5
33403.3
33903.1
36647.4
36787.5
37051.4
37165.5
37326.4
37328.5
37331.4
37462.5
37680.8
37869.211
37869.4
37870.1
37910.5
38062.8
38096.8
38330.211
38330.4
38331.1
38447.5
38784.4
38878.5
38986.8
39011.8
39016.8
39069.8
39089.8
39223.211
39223.4
39224.1
39287.5
39434.8
39523.8
39554.8
39734.211
39734.4
39735.1
39875.5
40054.4
40152.5
40221.8
40311.8
40424.8
40507.211
40507.4
40508.1
40627.5
40734.8
40775.8
40865.8
41111.4
41112.212
41208.5
41212.2
41712.3
42212.1
43148.4
43228.5
43311.4
43400.5
43510.8
43519.8
43853.4
43854.212
43954.2
43990.5
44454.3
44954.1
47847.4
47987.5
48248.8
48270.8
48430.8
48503.211
48503.4
48504.1
48586.5
48999.8
49032.8
49490.4
49491.212
49591.2
49694.5
50091.3
50591.1
52211.4
52338.5
52488.8
52851.4
52852.212
52925.5
52952.2
52964.4
53044.5
53452.3
53952.1
56887.4
56962.5
57494.8
57500.8
57587.211
57587.4
57588.1
57632.5
57764.8
57992.211
57992.4
57993.1
58174.5
58257.8
58379.8
58557.211
58557.4
58558.1
58690.5
58828.4
58836.5
58917.8
58975.8
59093.8
59117.8
59162.211
59162.4
59163.1
59383.5
59491.8
59548.8
59624.211
59624.4
59625.1
59652.5
59844.4
59914.5
59978.8
60074.8
60190.211
60190.4
60191.1
60226.5
60329.8
60483.8
60545.211
60545.4
60546.1
60587.5
60711.8
60931.8
60983.211
60983.4
60984.1
61031.5
61218.8
61349.8
61388.8
61395.8
61453.211
61453.4
61454.1
61545.5
61630.8
61672.8
61860.8
61954.8
62087.4
62088.212
62181.5
62188.2
62688.3
63188.1
64138.4
64211.5
64331.8
64606.8
64668.4
64669.212
64769.2
64831.5
65269.3
65769.1
67677.4
67799.5
68182.8
68363.8
68473.211
68473.4
68474.1
68583.5
68677.8
68738.8
68808.8
68844.8
69051.8
69062.8
69121.4
69122.212
69214.5
69222.2
69722.3
70222.1
71457.4
71581.5
71685.8
71954.211
71954.4
71955.1
71994.5
75576.8
75711.8
75781.211
75781.4
75782.1
75890.5
75993.8
76205.211
76205.4
76206.1
76324.5
76476.8
76482.8
76609.8
76671.211
76671.4
76672.1
76721.5
76896.8
77022.8
77028.8
77099.211
77099.4
77100.1
77133.5
77264.8
77406.211
77406.4
77407.1
77450.5
77572.8
77727.8
77791.211
77791.4
77792.1
77829.5
78655.8
78669.8
78962.8
79035.4
79036.212
79122.5
79136.2
79636.3
80136.1
80775.4
80871.5
80999.8
81001.8
81285.211
81285.4
81286.1
81322.5
81446.8
81490.8
81739.8
81806.4
81807.212
81907.2
81911.5
82407.3
82907.1
86090.8
86149.8
86207.211
86207.4
86208.1
86244.5
86400.8
86433.8
86548.8
86620.211
86620.4
86621.1
86655.5
86759.8
86819.8
86923.8
86924.8
86996.211
86996.4
86997.1
87114.5
87227.8
87267.8
87397.8
87469.211
87469.4
87470.1
87498.5
87654.8
87701.8
87856.211
87856.4
87857.1
87898.5
88612.8
88652.8
88705.8
88790.8
88998.4
88999.212
89099.2
89114.5
89599.3
90099.1
91657.4
91740.5
91897.8
91901.8
92071.8
92226.8
92285.4
92286.212
92382.5
92386.2
92886.3
93386.1
95852.4
95968.5
96460.8
96464.8
96471.8
96611.8
96692.211
96692.4
96693.1
96844.5
96971.8
97022.8
97327.4
97328.212
97428.2
97443.5
97928.3
98428.1
99141.4
99265.5
99434.8
99799.4
99800.212
99900.2
99947.5
100400.3
100900.1
103873.4
104031.5
104431.8
104668.211
104668.4
104669.1
104718.5
105424.4
105457.5
105641.8
105822.8
105896.211
105896.4
105897.1
105985.5
106098.8
106264.8
106419.4
106420.212
106520.2
106541.5
107020.3
107520.1
110905.4
110933.5
111032.8
111238.211
111238.4
111239.1
111274.5
111371.8
111589.8
111642.211
111642.4
111643.1
111691.5
111717.4
111725.5
111967.8
111986.8
112221.211
112221.4
112222.1
112266.5
112395.8
112493.8
112572.211
112572.4
112573.1
112608.5
112730.8
112867.211
112867.4
112868.1
112992.5
113075.8
113180.8
113320.8
113413.4
113414.212
113505.5
113514.2
114014.3
114514.1
115176.4
115386.5
115548.8
115771.211
115771.4
115772.1
115814.5
116102.8
116253.8
116369.8
116460.4
116461.212
116561.2
116684.5
117061.3
117561.1
120297.4
120360.5
120827.8
121025.211
121025.4
121026.1
121127.5
122471.8
122591.211
122591.4
122592.1
122623.5
122879.8
123036.8
123205.4
123206.212
123302.5
123306.2
123806.3
124306.1
125300.4
125389.5
125520.8
125930.4
125931.212
126020.5
126031.2
126531.3
127031.1
127869.4
128224.5
128459.8
128461.8
128717.211
128717.4
128718.1
128888.5
129036.8
129460.4
129461.212
129561.2
129568.5
130061.3
130561.1
131565.4
131674.5
131861.8
131972.8
132113.8
132181.4
132182.212
132282.2
132289.5
132782.3
133282.1
133910.4
133992.5
134579.4
134696.5
134968.8
135195.211
135195.4
135196.1
135377.5
135493.8
135518.8
135609.8
135797.4
135798.212
135898.2
135949.5
136398.3
136898.1
138814.4
138900.5
139647.4
139829.5
140055.8
140311.211
140311.4
140312.1
140352.5
140478.8
140674.211
140674.4
140675.1
140711.5
140827.8
140876.8
140978.8
141049.211
141049.4
141050.1
141100.5
141243.8
141464.8
141560.4
141561.212
141661.2
141670.5
142161.3
142661.1
144506.4
144610.5
145405.4
145755.5
146026.4
146058.5
146079.4
146099.5
146187.4
146226.5
146312.8
146398.8
146402.8
146500.211
146500.4
146501.1
146527.5
146610.8
146708.8
146817.8
146876.211
146876.4
146877.1
146976.5
147059.8
147228.8
147301.211
147301.4
147302.1
147346.5
147608.8
147694.211
147694.4
147695.1
147732.5
148175.8
148231.8
148324.211
148324.4
148325.1
148410.5
148482.8
148810.8
148861.4
148862.212
148962.2
148989.5
149462.3
149962.1
152751.4
152845.5
153538.8
153638.211
153638.4
153639.1
153659.5
153664.4
153665.5
153793.8
153896.8
154059.211
154059.4
154060.1
154108.5
154246.8
154253.8
154386.8
154393.8
154466.211
154466.4
154467.1
154508.5
154741.8
154793.8
155065.4
155066.212
155166.2
155171.5
155666.3
156166.1
157362.4
157432.5
157592.4
157666.5
157829.8
158056.211
158056.4
158057.1
158094.5
158203.8
158339.8
158404.211
158404.4
158405.1
158446.5
158668.8
158875.8
158936.211
158936.4
158937.1
159006.5
159090.8
159096.8
159181.8
159407.8
159460.4
159461.212
159561.2
159623.5
160061.3
160561.1
162479.4
162539.5
163128.8
163144.8
163223.211
163223.4
163224.1
163271.5
163536.8
163591.8
163659.8
163735.211
163735.4
163736.1
163776.5
163872.8
163916.8
164095.211
164095.4
164096.1
164139.5
164405.8
164546.8
164595.8
164659.211
164659.4
164660.1
164705.5
164784.8
164925.211
164925.4
164926.1
164956.5
165410.8
165428.8
165713.8
165763.4
165764.212
165858.5
165864.2
166364.3
166864.1
167849.4
167924.5
168081.8
168384.4
168385.212
168485.2
168500.5
168985.3
169485.1
173329.8
173340.8
173351.8
173607.8
173609.8
173694.4
173695.212
173795.2
173986.5
174295.3
174795.1
177832.4
177932.5
178857.4
178930.5
179344.8
179436.211
179436.4
179437.1
179464.5
179596.8
179707.8
179825.211
179825.4
179826.1
180000.9
123456789
11
16
15
11
16
15
5
FI
1
5
9
54
45
10
27
45
6
2
713
0
0
0
314159265
35
200
134
180000
314159265
0.1
112.8
176.211
176.4
177.1
200.5
278.8
280.8
348.211
348.4
349.1
386.5
833.8
899.8
1007.8
1011.8
1094.211
1094.4
1095.1
1179.5
1242.4
1424.5
1494.8
1527.8
1650.8
1680.8
1732.211
1732.4
1733.1
1924.5
2296.8
2303.8
2340.8
2393.8
2464.8
2601.4
2602.212
2702.2
2716.5
3202.3
3702.1
5256.4
5260.5
5262.4
5354.5
5427.4
5667.5
5808.4
5950.5
6048.8
6056.8
6203.8
6237.8
6289.211
6289.4
6290.1
6332.5
6436.8
6540.8
6734.211
6734.4
6735.1
6806.5
6903.8
6963.8
7016.8
7134.8
7213.4
7214.212
7314.2
7320.5
7814.3
8314.1
12005.8
12029.8
12285.211
12285.4
12286.1
12324.5
12539.8
12545.8
12829.8
12896.4
12897.212
12997.2
13012.5
13497.3
13997.1
15044.4
15193.5
15328.8
15349.8
15526.8
15687.8
15758.4
15759.212
15859.2
15902.5
16359.3
16859.1
19779.4
19868.5
20926.8
21003.211
21003.4
21004.1
21033.5
21135.8
21140.8
21312.8
21366.211
21366.4
21367.1
21430.5
21546.8
21582.8
21690.8
21695.8
21706.8
21779.211
21779.4
21780.1
22178.5
22274.8
22417.8
22493.211
22493.4
22494.1
22657.5
22759.8
22836.8
22855.8
22862.8
22866.8
22876.8
22880.8
22927.8
23026.8
23073.8
23131.4
23132.212
23227.5
23232.2
23732.3
24232.1
25097.4
25206.5
25545.8
25970.8
26056.4
26057.212
26157.2
26229.5
26657.3
27157.1
30292.8
30509.211
30509.4
30510.1
30539.5
30659.8
30672.8
30784.8
31026.8
31100.4
31101.212
31201.2
31233.5
31701.3
32201.1
34206.4
34293.5
34601.4
34733.5
34951.8
35209.211
35209.4
35210.1
35245.5
35336.8
35438.8
35609.8
35707.4
35708.212
35808.2
35841.5
36308.3
36808.1
39448.8
39536.211
39536.4
39537.1
39700.5
39796.8
39928.8
40255.4
40256.212
40348.5
40356.2
40856.3
41356.1
43390.4
43471.5
43612.8
43831.8
44007.8
44074.4
44075.212
44175.2
44193.5
44675.3
45175.1
49177.4
49278.5
49626.8
49651.8
49812.8
49817.8
50025.4
50026.212
50126.2
50137.5
50626.3
51126.1
52416.4
52544.5
52698.8
52720.8
53055.4
53056.212
53156.2
53209.5
53656.3
54156.1
55689.4
55822.5
56352.8
56356.8
56367.8
56594.211
56594.4
56595.1
56784.5
56786.4
56788.5
56792.4
56794.5
56803.4
56806.5
56948.8
57274.4
57275.212
57375.2
57381.5
57875.3
58375.1
59828.4
59927.5
60079.8
60097.8
60433.4
60434.212
60534.2
60564.5
61034.3
61534.1
63330.4
63442.5
63692.8
63704.8
64374.8
64442.4
64443.212
64543.2
64586.5
65043.3
65543.1
68721.4
68850.5
69011.8
69025.8
69323.4
69324.212
69424.2
69454.5
69924.3
70424.1
71956.4
72094.5
72251.8
72428.8
72510.211
72510.4
72511.1
72675.5
72789.8
72818.8
72900.8
73002.211
73002.4
73003.1
73120.5
73206.8
73284.8
73376.8
73449.211
73449.4
73450.1
73550.5
73632.8
73655.8
73928.211
73928.4
73929.1
74115.5
74361.8
74378.8
74385.8
74477.8
74503.8
74508.8
74512.8
74573.8
74574.8
74707.4
74708.212
74808.2
74810.5
75308.3
75808.1
76305.4
76411.5
76535.8
76786.211
76786.4
76787.1
76896.5
77022.8
77048.8
77335.4
77336.212
77436.2
77442.5
77936.3
78436.1
79961.4
80094.5
80303.8
80787.4
80788.212
80888.2
80919.5
81388.3
81888.1
84432.8
84518.211
84518.4
84519.1
84562.5
84732.8
84803.8
85001.211
85001.4
85002.1
85038.5
85180.8
85430.8
85522.4
85523.212
85623.2
85699.5
86123.3
86623.1
89925.4
89982.5
91071.8
91170.211
91170.4
91171.1
91214.5
91347.8
91446.8
91539.211
91539.4
91540.1
91688.5
91774.8
91811.8
91881.8
92000.211
92000.4
92001.1
92057.5
92157.8
92401.8
92474.4
92475.212
92553.5
92575.2
93075.3
93575.1
94542.4
94630.5
94761.8
94964.8
95109.4
95110.212
95206.5
95210.2
95710.3
96210.1
97548.4
97634.5
98132.8
98436.4
98437.212
98537.2
98628.5
99037.3
99537.1
100639.4
100817.5
100839.4
100986.5
101101.8
101326.211
101326.4
101327.1
101457.5
101619.8
101989.4
101990.212
102090.2
102172.5
102590.3
103090.1
103713.4
103813.5
104415.4
104553.5
105000.4
105078.5
105328.8
105580.211
105580.4
105581.1
105707.5
105843.8
106377.8
106441.4
106442.212
106542.2
106862.5
107042.3
107542.1
113872.8
113990.211
113990.4
113991.1
114084.5
114161.8
114261.211
114261.4
114262.1
114309.5
117043.4
117090.5
119389.8
119495.211
119495.4
119496.1
119652.5
125905.8
126122.8
126126.8
126182.211
126182.4
126183.1
126223.5
126350.8
126612.211
126612.4
126613.1
126725.5
126810.8
128600.8
128618.8
128680.4
128681.212
128781.2
128825.5
129281.3
129781.1
132938.4
133015.5
133766.8
133957.211
133957.4
133958.1
134004.5
134210.8
134352.8
134360.8
134439.211
134439.4
134440.1
134643.5
134897.8
135004.8
135090.211
135090.4
135091.1
135136.5
135251.8
135477.211
135477.4
135478.1
135572.5
135658.8
135797.8
135884.211
135884.4
135885.1
135924.5
136097.8
136104.8
136379.8
136384.8
136463.4
136464.212
136564.2
136725.5
137064.3
137564.1
140359.4
140408.5
140723.8
140947.211
140947.4
140948.1
141094.5
141200.8
141489.211
141489.4
141490.1
141563.5
141700.8
141723.8
141844.8
141975.8
142048.4
142049.212
142149.2
142184.5
142649.3
143149.1
145512.4
145550.5
146104.8
146320.211
146320.4
146321.1
146376.5
146493.8
146593.8
146875.4
146876.212
146958.5
146976.2
147476.3
147976.1
149071.4
149223.5
149384.8
149699.4
149700.212
149800.2
149927.5
150039.4
150076.5
150300.3
150800.1
150892.4
151110.5
151707.4
152062.5
152189.8
152283.8
152499.4
152500.212
152600.2
152693.5
153100.3
153600.1
156307.4
156493.5
157679.4
157731.5
157753.4
157898.5
158042.4
158130.5
158227.8
158258.8
158532.4
158533.212
158633.2
158707.5
159133.3
159633.1
162196.4
162390.5
163248.8
163328.211
163328.4
163329.1
163680.5
163816.4
163996.5
164095.8
164168.8
164251.8
164302.211
164302.4
164303.1
164428.5
164526.8
164550.8
164653.8
164804.211
164804.4
164805.1
164865.5
165074.8
165288.211
165288.4
165289.1
165370.5
165489.8
165625.8
165757.211
165757.4
165758.1
165993.5
166126.8
166172.8
166398.211
166398.4
166399.1
166438.5
166531.8
166669.8
166831.211
166831.4
166832.1
166967.5
167304.8
167397.8
167579.211
167579.4
167580.1
167658.5
167773.8
168332.4
168333.212
168433.2
168592.5
168933.3
169433.1
172153.8
172166.8
172337.8
172479.4
172480.212
172580.2
172643.5
173080.3
173580.1
175143.4
175204.5
175756.4
175876.5
176704.4
176832.5
176939.8
177204.211
177204.4
177205.1
177248.5
177387.8
177571.8
177659.211
177659.4
177660.1
177714.5
177818.8
177829.8
177858.8
178047.211
178047.4
178048.1
178082.5
178224.8
178325.8
178491.8
178547.4
178548.212
178648.2
178844.5
179148.3
180000.9
123456789
11
17
15
11
17
15
5
FI
1
5
9
59
25
10
32
25
6
2
679
0
0
0
314159265
35
201
122
180000
314159265
0.1
630.8
632.8
829.211
829.4
830.1
863.5
995.8
1008.8
1074.8
1159.8
1164.8
1257.211
1257.4
1258.1
1289.5
1368.8
1449.8
1563.8
1567.8
1657.211
1657.4
1658.1
1680.5
2348.8
2451.8
2580.211
2580.4
2581.1
2627.5
2768.8
2809.8
2901.8
2990.211
2990.4
2991.1
3104.5
3203.8
3301.8
3516.4
3517.212
3617.2
3693.5
4117.3
4617.1
7129.4
7228.5
7642.8
7658.8
7843.211
7843.4
7844.1
7975.5
8125.8
8133.8
8452.4
8453.212
8553.2
8571.5
9053.3
9553.1
12120.4
12197.5
12448.8
12463.8
12645.211
12645.4
12646.1
12704.5
12839.8
13120.8
13161.8
13208.4
13209.212
13309.2
13309.5
13809.3
14309.1
14952.4
15042.5
15729.8
16108.4
16109.212
16209.2
16356.5
16709.3
17209.1
19029.4
19134.5
19590.4
19658.5
20020.8
20036.8
20246.211
20246.4
20247.1
20380.5
20507.8
20533.8
20740.8
20745.8
20810.4
20811.212
20911.2
20911.5
21411.3
21911.1
24989.4
25190.5
25475.4
25535.5
25967.8
26081.8
26150.211
26150.4
26151.1
26258.5
26379.8
26601.211
26601.4
26602.1
26602.5
26725.8
26843.8
26919.211
26919.4
26920.1
27024.5
27156.8
27461.4
27462.212
27562.2
27576.5
28062.3
28562.1
30309.4
30368.5
31608.8
31690.211
31690.4
31691.1
31727.5
31843.8
32084.211
32084.4
32085.1
32328.5
32484.8
32615.8
32769.211
32769.4
32770.1
32802.5
32910.8
32973.8
32991.8
33153.211
33153.4
33154.1
33358.5
33784.8
33802.8
33960.8
34028.211
34028.4
34029.1
34159.5
34265.8
34411.211
34411.4
34412.1
34429.5
34562.8
34655.8
34835.211
34835.4
34836.1
34976.5
35215.8
35334.8
35338.8
35418.8
35482.211
35482.4
35483.1
35628.5
35754.8
35879.8
35898.8
35926.8
36007.8
36078.4
36079.212
36179.2
36186.5
36679.3
37179.1
37808.4
37812.5
37813.4
37963.5
38130.8
38149.8
38152.8
38427.8
38548.8
38616.4
38617.212
38717.2
38815.5
39217.3
39717.1
43147.8
43155.8
43261.8
43469.4
43470.212
43570.2
43599.5
44070.3
44570.1
45442.4
45574.5
45858.8
46132.211
46132.4
46133.1
46227.5
46410.8
46528.8
46734.4
46735.212
46835.2
46901.5
47335.3
47835.1
50513.4
50607.5
50758.4
50910.5
51048.4
51192.5
51320.8
51609.211
51609.4
51610.1
51653.5
51796.8
51798.8
51803.8
51936.8
52011.211
52011.4
52012.1
52063.5
52310.8
52495.211
52495.4
52496.1
52609.5
52686.4
52741.5
52848.8
52945.8
53097.8
53158.4
53159.212
53254.5
53259.2
53759.3
54259.1
54978.4
55083.5
55243.8
55405.8
55508.211
55508.4
55509.1
55567.5
55662.8
55809.8
55969.4
55970.212
56070.2
56422.5
56570.3
57070.1
59550.8
59648.211
59648.4
59649.1
59689.5
59878.8
59950.8
60043.8
60133.211
60133.4
60134.1
60205.5
60207.4
60280.5
60370.8
60656.8
60669.8
60856.4
60857.212
60952.5
60957.2
61457.3
61957.1
62887.4
62959.5
63231.8
63449.211
63449.4
63450.1
63504.5
63649.8
63666.8
63854.8
63951.8
63963.8
64032.4
64033.212
64133.2
64285.5
64633.3
65133.1
65938.8
65972.8
66177.211
66177.4
66178.1
66207.5
69531.8
69658.8
69664.8
69739.211
69739.4
69740.1
69776.5
79963.4
80098.5
80100.4
80102.5
80422.8
80517.8
80705.211
80705.4
80706.1
80736.5
80857.8
80893.8
81166.4
81167.212
81267.2
81286.5
81767.3
82267.1
83367.4
83447.5
84007.8
84153.8
84912.8
84971.4
84972.212
85072.2
85083.5
85572.3
86072.1
87109.4
87172.5
87203.4
87282.5
87408.8
87879.8
87991.4
87992.212
88092.2
88156.5
88159.4
88264.5
88592.3
89092.1
93248.8
93259.8
93387.8
93465.211
93465.4
93466.1
93625.5
93724.8
93731.8
94182.4
94183.212
94283.2
94292.5
94783.3
95106.4
95283.1
95304.5
95313.4
95347.5
95472.8
95564.8
95637.8
95639.8
95774.4
95775.212
95875.2
95906.5
96375.3
96875.1
101300.4
101329.5
101476.8
101777.4
101778.212
101874.5
101878.2
102378.3
102878.1
104048.4
104175.5
104659.8
104747.211
104747.4
104748.1
104790.5
104967.8
105256.211
105256.4
105257.1
105390.5
105505.8
105885.4
105886.212
105986.2
106004.5
106486.3
106986.1
109072.8
109369.211
109369.4
109370.1
109425.5
109628.8
110099.4
110100.212
110196.5
110200.2
110700.3
111200.1
115474.8
115652.8
115718.211
115718.4
115719.1
115830.5
116002.8
116259.211
116259.4
116260.1
116363.5
116474.8
116526.8
116720.211
116720.4
116721.1
116770.5
116895.8
117289.4
117290.212
117390.2
117544.5
117890.3
118390.1
121897.4
121960.5
123293.8
123306.8
123775.8
124071.4
124072.212
124162.5
124172.2
124672.3
125172.1
127332.8
127494.8
127637.4
127638.212
127738.2
127768.5
128238.3
128738.1
138293.8
138437.8
138501.8
138583.8
138659.4
138660.212
138760.2
138809.5
139260.3
139760.1
144191.4
144240.5
146446.4
146524.5
146707.8
146852.8
146928.211
146928.4
146929.1
146983.5
147065.8
147352.211
147352.4
147353.1
147407.5
147529.8
147622.8
147731.8
147740.8
147741.8
147805.211
147805.4
147806.1
147869.5
148041.8
148140.8
148250.8
148338.211
148338.4
148339.1
148376.5
148380.4
148401.5
148484.8
148610.8
148722.8
148752.8
148768.8
148844.8
148922.4
148923.212
149023.2
149064.5
149523.3
149867.4
149938.5
150023.1
150068.8
150072.8
150267.8
150375.8
150451.4
150452.212
150552.2
150841.5
151052.3
151552.1
154097.8
154285.8
154341.211
154341.4
154342.1
154466.5
154562.8
154629.8
154788.8
154843.211
154843.4
154844.1
154924.5
155016.8
155083.8
155169.8
155233.8
155295.211
155295.4
155296.1
155394.5
155511.8
155564.8
155629.8
155772.8
155837.4
155838.212
155938.2
156027.5
156438.3
156938.1
157484.4
157554.5
157678.8
157803.8
158000.4
158001.212
158095.5
158101.2
158601.3
159101.1
160498.4
160558.5
161330.8
161475.8
161561.211
161561.4
161562.1
161645.5
162071.8
162700.8
162793.4
162794.212
162894.2
162949.5
163004.4
163068.5
163394.3
163894.1
166442.8
166721.211
166721.4
166722.1
166856.5
169470.8
169554.8
169648.211
169648.4
169649.1
169713.5
169785.8
169843.8
169915.8
170293.4
170294.212
170394.2
170507.5
170894.3
171394.1
172032.8
172164.8
172181.8
172216.8
172431.4
172432.212
172532.2
172645.5
172649.4
172653.5
173032.3
173532.1
174004.8
174196.8
174281.8
177224.8
177238.8
177393.8
177502.4
177503.212
177603.2
177648.5
177650.4
177794.5
177803.4
177814.5
177828.4
177884.5
178103.3
178603.1
179498.8
179618.8
179877.4
179878.212
180000.9
123456789
11
18
15
11
18
15
5
FI
1
5
9
50
18
10
23
18
6
2
715
0
0
0
314159265
35
194
137
180000
314159265
0.1
426.8
456.8
477.8
576.211
576.4
577.1
604.5
675.8
965.211
965.4
966.1
1031.5
1237.8
1428.211
1428.4
1429.1
1514.5
1534.4
1559.5
1643.8
2082.8
2104.8
2165.4
2166.212
2266.2
2278.5
2766.3
3146.4
3192.5
3266.1
3308.8
3425.8
3505.211
3505.4
3506.1
3546.5
3628.8
3890.211
3890.4
3891.1
3941.5
4007.8
4298.8
4312.8
4515.4
4516.212
4610.5
4616.2
5116.3
5555.4
5616.1
5626.5
5716.8
5854.8
6093.4
6094.212
6194.2
6204.5
6694.3
7194.1
10091.8
10100.8
10276.211
10276.4
10277.1
10434.5
10549.8
10573.8
10775.8
10837.211
10837.4
10838.1
10924.5
11493.8
11727.8
11735.8
11797.4
11798.212
11898.2
11947.5
12398.3
12898.1
15352.8
15423.211
15423.4
15424.1
15537.5
15643.8
15696.8
15783.8
15860.211
15860.4
15861.1
15896.5
16148.8
16164.8
16224.8
16346.8
16348.8
16404.211
16404.4
16405.1
16592.5
16673.8
16746.8
16822.8
16890.211
16890.4
16891.1
16981.5
17289.8
17294.8
17302.8
17361.8
17509.8
17670.8
17741.4
17742.212
17834.5
17842.2
18342.3
18842.1
23972.4
24126.5
24249.8
24559.4
24560.212
24660.2
24663.5
25160.3
25660.1
26389.4
26544.5
26700.8
26926.8
26940.8
27027.4
27028.212
27128.2
27171.5
27628.3
28128.1
32531.4
32561.5
32648.8
32797.8
32864.211
32864.4
32865.1
32897.5
33028.8
33053.8
33282.211
33282.4
33283.1
33399.5
33491.8
33589.8
33783.211
33783.4
33784.1
33869.5
34408.4
34523.5
34538.4
34596.5
35074.8
35191.8
35197.8
35204.8
35247.8
35334.211
35334.4
35335.1
35395.5
35572.8
35837.8
35842.8
35907.4
35908.212
36008.2
36015.5
36508.3
37008.1
37865.4
37963.5
38958.8
39021.211
39021.4
39022.1
39107.5
39468.8
39558.8
39660.211
39660.4
39661.1
39728.5
39849.8
40121.211
40121.4
40122.1
40158.5
40331.8
40432.8
40544.8
40615.211
40615.4
40616.1
40714.5
40867.8
40945.8
41217.8
41277.4
41278.212
41366.5
41378.2
41878.3
42378.1
42949.4
43035.5
43245.8
43253.8
43288.8
43722.8
43784.4
43785.212
43885.2
43903.5
44385.3
44885.1
47587.4
47650.5
48703.8
48825.8
48880.211
48880.4
48881.1
48980.5
49111.8
49131.8
49137.8
49453.4
49454.212
49549.5
49554.2
50054.3
50554.1
51428.4
51553.5
51728.8
51961.8
51965.8
52047.8
52109.4
52110.212
52210.2
52210.5
52710.3
53210.1
54858.4
54936.5
55788.8
56033.211
56033.4
56034.1
56149.5
56249.8
56526.8
56684.8
56754.4
56755.212
56855.2
56894.5
57355.3
57855.1
62256.4
62317.5
63067.8
63306.211
63306.4
63307.1
63394.5
63497.8
63872.4
63873.212
63973.2
64013.5
64473.3
64973.1
68112.4
68212.5
69036.4
69102.5
69639.8
69932.211
69932.4
69933.1
70013.5
70144.8
70253.8
70450.4
70451.212
70551.2
70553.5
71051.3
71551.1
72312.4
72430.5
72997.4
73118.5
74061.8
74301.211
74301.4
74302.1
74340.5
74432.8
74677.211
74677.4
74678.1
74732.5
74995.8
75101.8
75192.211
75192.4
75193.1
75277.5
75361.8
75594.211
75594.4
75595.1
75634.5
75758.8
75759.8
76015.8
76084.4
76085.212
76185.2
76294.5
76685.3
77185.1
78840.4
78954.5
80945.8
81085.8
81245.211
81245.4
81246.1
81319.5
81420.8
81525.8
81533.8
81711.211
81711.4
81712.1
81762.5
81931.8
81985.8
81991.8
82098.8
82252.4
82253.212
82353.2
82562.5
82853.3
83087.4
83104.5
83353.1
83629.4
83649.5
83657.4
83718.5
83793.8
83907.8
83919.8
83953.8
83961.8
84069.211
84069.4
84070.1
84130.5
84202.8
84276.8
84314.8
84373.8
84459.8
84532.4
84533.212
84633.2
84824.5
85133.3
85633.1
87768.4
87874.5
91766.4
91916.5
92099.4
92286.5
93054.8
93067.8
93302.211
93302.4
93303.1
93398.5
93577.4
93729.5
93825.8
95364.4
95365.212
95465.2
95493.5
95965.3
96465.1
98001.4
98140.5
98597.8
98833.211
98833.4
98834.1
98918.5
98995.8
99293.8
99342.4
99343.212
99443.2
99523.5
99943.3
100443.1
101601.4
101705.5
101889.8
101904.8
102324.4
102325.212
102425.2
102518.5
102577.4
102582.5
102925.3
103425.1
104014.8
104120.8
104338.4
104339.212
104439.2
104460.5
104530.4
104623.5
104939.3
105439.1
107716.8
107740.8
107875.8
108068.4
108069.212
108169.2
108384.5
108447.4
108474.5
108669.3
109169.1
109781.4
109797.5
109887.8
110107.211
110107.4
110108.1
110370.5
112593.8
112712.8
112741.8
112804.211
112804.4
112805.1
112834.5
112898.8
113005.8
113009.8
113011.8
113093.211
113093.4
113094.1
113443.5
113545.8
113805.211
113805.4
113806.1
114001.5
114004.4
114016.5
114092.8
114148.8
114156.8
114385.211
114385.4
114386.1
114495.5
114519.4
114531.5
115204.4
115400.5
115493.8
115525.8
115738.211
115738.4
115739.1
115767.5
115834.8
116093.211
116093.4
116094.1
116250.5
119544.4
119622.5
120156.8
120415.211
120415.4
120416.1
120591.5
120683.8
120956.8
121019.4
121020.212
121120.2
121211.5
121620.3
122120.1
124449.4
124524.5
124668.8
124859.8
125098.4
125099.212
125199.2
125210.5
125699.3
126199.1
128236.4
128346.5
131240.8
131373.8
131450.211
131450.4
131451.1
131530.5
131639.8
131954.4
131955.212
132055.2
132066.5
132555.3
133055.1
134345.4
134427.5
134657.8
134917.211
134917.4
134918.1
134997.5
135665.8
135739.211
135739.4
135740.1
135779.5
135928.8
135937.8
136132.211
136132.4
136133.1
136181.5
136314.8
136535.211
136535.4
136536.1
136643.5
136714.8
136994.8
136999.8
137182.4
137183.212
137276.5
137283.2
137783.3
138283.1
140795.8
140869.211
140869.4
140870.1
140910.5
141015.8
141421.4
141422.212
141522.2
141606.5
142022.3
142522.1
143796.4
143942.5
144097.8
144297.8
144383.211
144383.4
144384.1
144587.5
144681.8
145079.4
145080.212
145180.2
145441.5
145537.4
145680.3
145780.5
146180.1
147121.8
147244.8
147431.4
147432.212
147532.2
147854.5
147944.8
147976.8
148032.3
148310.8
148532.1
148822.8
148926.211
148926.4
148927.1
149387.5
150409.4
150474.5
150556.8
150596.8
150892.4
150893.212
150993.2
150996.5
151493.3
151993.1
152922.4
153164.5
156195.8
156381.8
156391.8
156614.4
156615.212
156715.2
156831.5
157215.3
157446.8
157715.1
157783.4
157923.5
158404.8
158458.8
158538.8
158554.8
158616.211
158616.4
158617.1
158660.5
158721.8
158787.8
158960.211
158960.4
158961.1
159006.5
159124.8
159206.8
159394.211
159394.4
159395.1
159489.5
159580.8
160198.4
160199.212
160299.2
160558.5
160799.3
160997.4
161155.5
161299.1
162039.8
162095.8
162116.8
162299.211
162299.4
162300.1
162333.5
162400.8
162801.4
162802.212
162902.2
162935.5
163402.3
163902.1
164454.4
164593.5
164829.4
164908.5
165234.8
165634.4
165635.212
165735.2
165787.5
165789.4
165820.5
166235.3
166735.1
172421.4
172504.5
176197.4
180000.9
123456789
11
19
15
11
19
15
5
FI
1
5
9
54
19
10
27
18
6
2
853
0
0
0
314159265
43
217
164
180000
314159265
0.1
536.8
751.211
751.4
752.1
783.5
847.8
945.8
1116.211
1116.4
1117.1
1146.5
1357.8
1360.8
1441.8
1489.8
1493.8
1593.8
1657.211
1657.4
1658.1
1750.5
1986.8
2057.8
2293.4
2294.212
2394.2
2419.5
2894.3
3341.4
3394.1
3398.5
3497.8
3767.211
3767.4
3768.1
3944.5
4186.8
4226.8
4666.8
4744.4
4745.212
4845.2
4855.5
4949.4
5105.5
5165.4
5270.5
5345.3
5407.8
5640.4
5642.5
5728.8
5739.8
5845.1
5949.4
5973.5
6119.8
6306.8
6352.211
6352.4
6353.1
6435.5
6532.8
6540.8
6791.8
6800.8
6883.4
6884.212
6984.2
7024.5
7484.3
7933.4
7984.1
8061.5
8165.8
8302.8
8543.4
8544.212
8644.2
8720.5
9144.3
9644.1
9781.4
9865.5
10021.8
10201.8
10322.8
10391.4
10392.212
10492.2
10516.5
10992.3
11492.1
11613.4
11753.5
12106.8
12108.8
12239.8
12434.4
12435.212
12535.2
12564.5
13035.3
13535.1
13664.4
13737.5
13857.8
13858.8
13865.8
14092.8
14311.4
14312.212
14412.2
14425.5
14912.3
15412.1
15598.4
15658.5
15868.8
16102.8
16123.8
16195.4
16196.212
16286.5
16296.2
16796.3
17296.1
17672.4
17751.5
17906.8
18094.8
18323.4
18324.212
18424.2
18476.5
18924.3
19424.1
20796.4
20902.5
21095.8
21112.8
21456.4
21457.212
21557.2
21589.5
22057.3
22557.1
23026.4
23082.5
23088.4
23163.5
23295.8
23481.211
23481.4
23482.1
23531.5
23629.8
23666.8
23684.8
23776.8
23959.4
23960.212
24060.2
24080.5
24560.3
25060.1
26665.4
26741.5
26972.8
27207.211
27207.4
27208.1
27274.5
27416.8
27711.8
27769.4
27770.212
27870.2
27888.5
28370.3
28870.1
29697.4
29776.5
30261.8
30474.211
30474.4
30475.1
30688.5
30779.8
31213.4
31214.212
31314.2
31322.5
31814.3
32314.1
33653.4
33756.5
34806.8
34961.8
35038.211
35038.4
35039.1
35094.5
35238.8
35536.211
35536.4
35537.1
35584.5
35689.8
35756.8
35869.8
35878.8
36018.8
36079.4
36080.212
36180.2
36209.5
36680.3
37180.1
39371.8
39798.8
39859.4
39860.212
39960.2
39979.5
40460.3
40960.1
42160.4
42252.5
43254.8
43461.211
43461.4
43462.1
43568.5
43671.8
43681.8
43968.211
43968.4
43969.1
44088.5
44197.8
44459.8
44475.8
44542.4
44543.212
44643.2
44685.5
45143.3
45643.1
47751.8
48072.4
48073.212
48168.5
48173.2
48673.3
49173.1
49805.4
49924.5
50353.4
50532.5
51014.8
51255.211
51255.4
51256.1
51303.5
51482.8
51835.4
51836.212
51936.2
51967.5
52436.3
52936.1
55321.4
55462.5
55812.8
56066.211
56066.4
56067.1
56180.5
56287.8
56472.8
56650.4
56651.212
56751.2
56781.5
57251.3
57751.1
58919.4
59048.5
59192.8
59329.8
59529.4
59530.212
59630.2
59648.5
60130.3
60630.1
60832.4
61069.5
61209.4
61344.5
61492.8
61877.4
61878.212
61978.2
62044.5
62478.3
62978.1
64011.4
64272.5
64595.8
64845.211
64845.4
64846.1
64895.5
65033.8
65203.8
65355.4
65356.212
65455.5
65456.2
65956.3
66456.1
67248.4
67395.5
67543.8
67589.8
67596.8
67855.4
67856.212
67956.2
67988.5
68456.3
68956.1
69951.4
70200.5
70383.8
70697.4
70698.212
70792.5
70798.2
71298.3
71798.1
73419.4
73500.5
74782.8
74859.211
74859.4
74860.1
74920.5
75019.8
75288.211
75288.4
75289.1
75348.5
75481.8
75847.4
75848.212
75948.2
75977.5
76448.3
76948.1
79742.4
79853.5
80705.8
80989.211
80989.4
80990.1
81099.5
81253.8
81414.8
81423.8
81492.211
81492.4
81493.1
81551.5
81650.8
81744.8
81906.211
81906.4
81907.1
82012.5
82097.8
82259.8
82330.211
82330.4
82331.1
82382.5
82493.8
82552.8
82672.8
82795.8
82862.4
82863.212
82963.2
82975.5
83463.3
83963.1
87240.4
87265.5
88188.8
88269.211
88269.4
88270.1
88313.5
88420.8
88638.211
88638.4
88639.1
88749.5
88828.8
89067.211
89067.4
89068.1
89116.5
89243.8
89453.211
89453.4
89454.1
89595.5
89706.8
89765.8
89864.8
89925.211
89925.4
89926.1
90049.5
90181.8
90184.8
90462.211
90462.4
90463.1
90519.5
91060.8
91150.8
91351.211
91351.4
91352.1
91425.5
91517.8
91627.8
91778.211
91778.4
91779.1
91811.5
91920.8
92017.8
92144.211
92144.4
92145.1
92168.5
92274.8
92438.8
92441.8
92478.8
92568.211
92568.4
92569.1
92614.5
92683.8
92915.8
92957.8
93089.4
93090.212
93186.5
93190.2
93690.3
94190.1
95326.8
95478.8
95600.211
95600.4
95601.1
95636.5
95768.8
96090.4
96091.212
96191.2
96194.5
96691.3
97191.1
98307.4
98367.5
98519.8
98960.4
98961.212
99061.2
99168.5
99561.3
100061.1
102084.4
102140.5
103056.8
103148.211
103148.4
103149.1
103172.5
103258.8
103487.211
103487.4
103488.1
103523.5
103613.8
103886.211
103886.4
103887.1
103952.5
104072.8
104257.211
104257.4
104258.1
104291.5
104566.8
104660.8
104734.211
104734.4
104735.1
104773.5
104864.8
104990.8
105035.8
105182.8
105231.4
105232.212
105327.5
105332.2
105832.3
106332.1
107157.4
107236.5
107619.8
107780.8
107856.211
107856.4
107857.1
107965.5
108142.8
108503.4
108504.212
108604.2
108607.5
109104.3
109604.1
110850.4
110954.5
111081.8
111277.8
111366.211
111366.4
111367.1
111399.5
111539.8
111754.8
111824.211
111824.4
111825.1
111867.5
112249.4
112268.5
112436.8
112552.8
112663.211
112663.4
112664.1
112685.5
112914.8
113079.8
113082.8
113089.8
113139.211
113139.4
113140.1
113181.5
113382.8
113462.211
113462.4
113463.1
113491.5
113511.4
113532.5
113767.8
113888.8
113903.8
113962.211
113962.4
113963.1
113998.5
115007.8
115107.211
115107.4
115108.1
115128.5
115199.8
115344.8
115433.211
115433.4
115434.1
115499.5
115654.8
115886.8
115898.8
115972.4
115973.212
116073.2
116101.5
116573.3
117073.1
118942.4
119007.5
121396.8
121537.8
121548.8
121550.8
121619.211
121619.4
121620.1
121651.5
121755.8
121774.8
121948.211
121948.4
121949.1
121991.5
122276.8
122501.8
122587.4
122588.212
122681.5
122688.2
123188.3
123688.1
124696.4
124756.5
124886.8
125126.211
125126.4
125127.1
125210.5
125354.8
125522.8
125608.211
125608.4
125609.1
125642.5
125758.8
126780.8
126844.4
126845.212
126932.5
126945.2
127445.3
127945.1
128843.4
128904.5
129155.8
129295.8
129406.211
129406.4
129407.1
129438.5
129568.8
129715.8
129906.4
129907.212
129991.5
130007.2
130507.3
131007.1
131891.4
131987.5
132149.8
132575.4
132576.212
132676.2
132705.5
133176.3
133676.1
135944.4
136011.5
136459.4
136496.5
137271.4
137346.5
145742.4
145862.5
146182.8
146184.8
146395.211
146395.4
146396.1
146425.5
146565.8
146676.8
146758.211
146758.4
146759.1
146783.5
148888.8
149301.4
149302.212
149402.2
149451.5
149902.3
150402.1
151280.4
151358.5
151529.8
151655.8
151733.211
151733.4
151734.1
151869.5
151998.8
152103.8
152222.211
152222.4
152223.1
152248.5
152374.8
152454.8
152660.211
152660.4
152661.1
152705.5
152805.8
152840.8
153079.8
153157.4
153158.212
153258.2
153258.5
153758.3
154258.1
154876.4
155053.5
155054.4
155073.5
155220.8
155364.8
155551.4
155552.212
155649.5
155652.2
156152.3
156652.1
158030.4
158137.5
158296.8
158449.8
158465.8
158562.211
158562.4
158563.1
158656.5
158785.8
159039.211
159039.4
159040.1
159091.5
159333.8
159866.4
159867.212
159965.5
159967.2
160467.3
160967.1
162158.4
162229.5
165179.8
165258.211
165258.4
165259.1
165282.5
165376.8
165603.211
165603.4
165604.1
165642.5
165748.8
166044.8
166109.4
166110.212
166210.2
166273.5
166710.3
167210.1
168240.4
168338.5
168349.4
168503.5
168741.8
168982.211
168982.4
168983.1
169014.5
169128.8
169171.8
169382.8
169450.4
169451.212
169551.2
169603.5
170051.3
170551.1
172201.4
172288.5
173091.4
173112.5
173238.8
173478.8
173580.4
173581.212
173681.2
173696.5
174181.3
174681.1
177169.4
177261.5
177863.8
177936.211
177936.4
177937.1
177970.5
178087.8
178261.211
178261.4
178262.1
178351.5
178455.8
178468.8
178660.211
178660.4
178661.1
178705.5
178863.8
178971.8
179036.211
179036.4
179037.1
179070.5
179256.8
179440.211
179440.4
179441.1
179485.5
179770.8
179844.8
179978.211
179978.4
180000.9
123456789
11
20
15
11
20
15
5
FI
1
5
9
47
09
10
20
09
6
2
485
0
0
0
314159265
35
112
95
180000
314159265
0.1
298.8
382.8
395.8
597.211
597.4
598.1
637.5
731.8
741.8
842.8
927.8
931.8
933.8
976.8
1033.4
1034.212
1134.2
1176.5
1634.3
2134.1
2342.4
2430.5
2555.8
2649.8
2674.8
2872.4
2873.212
2973.2
3113.5
3223.4
3258.5
3473.3
3973.1
4084.8
4195.211
4195.4
4196.1
4225.5
4312.8
4376.8
4694.4
4695.212
4795.2
4850.5
5295.3
5795.1
5997.4
6162.5
6316.8
6449.8
6667.4
6668.212
6768.2
6811.5
7268.3
7768.1
8331.4
8436.5
8886.8
9132.211
9132.4
9133.1
9514.5
9660.8
9671.8
9814.8
9903.211
9903.4
9904.1
10031.5
10138.8
10298.8
10374.211
10374.4
10375.1
10605.5
10720.8
10783.8
10923.8
11001.211
11001.4
11002.1
11042.5
11151.8
11173.8
11246.8
11332.8
11358.8
11425.211
11425.4
11426.1
11539.5
12083.8
12089.8
12186.8
12200.8
12227.8
12235.8
12236.8
12367.8
12429.4
12430.212
12530.2
12932.5
13030.3
13530.1
13788.8
13924.8
14002.8
14138.4
14139.212
14239.2
14335.5
14739.3
15239.1
15352.4
15687.5
19139.4
19159.5
20182.8
20438.211
20438.4
20439.1
20477.5
20587.8
20906.4
20907.212
21007.2
21029.5
21507.3
22007.1
23300.4
23463.5
23864.8
24118.211
24118.4
24119.1
24154.5
24240.8
24526.211
24526.4
24527.1
24667.5
24754.8
25217.4
25218.212
25318.2
25517.5
25818.3
26318.1
26454.8
26607.8
26619.8
26702.211
26702.4
26703.1
26755.5
26847.8
27230.8
27236.8
27526.4
27527.212
27627.2
27636.5
28127.3
28627.1
30319.8
30557.211
30557.4
30558.1
30790.5
31191.8
31358.8
31591.4
31592.212
31692.2
31739.5
32192.3
32692.1
33383.8
33434.8
33513.8
33621.211
33621.4
33622.1
33760.5
33842.8
34098.8
34189.4
34190.212
34290.2
34473.5
34790.3
35290.1
35616.8
35746.8
36058.8
36134.4
36135.212
36235.2
36423.5
36735.3
37235.1
40767.4
41049.5
43787.4
43948.5
45477.8
45518.8
45685.211
45685.4
45686.1
45693.5
45694.4
45699.5
45811.8
46172.4
46173.212
46271.5
46273.2
46773.3
47273.1
54603.4
54605.5
54607.4
54719.5
57112.8
57516.4
57517.212
57617.2
57635.5
58117.3
58617.1
58907.8
59123.8
59136.8
59385.4
59386.212
59486.2
59523.5
59986.3
60486.1
63445.4
63649.5
64988.4
65107.5
65219.8
65577.4
65578.212
65678.2
65683.5
66178.3
66678.1
69069.4
69160.5
69165.4
69276.5
69752.8
69989.211
69989.4
69990.1
70268.5
70388.8
70392.8
70725.4
70726.212
70826.2
70939.5
71326.3
71826.1
73005.4
73115.5
78372.4
78375.5
78752.8
78895.8
79147.4
79148.212
79248.2
79322.5
79748.3
80248.1
83248.8
83448.8
83702.4
83703.212
83803.2
83980.5
84303.3
84803.1
94619.4
94672.5
98088.4
98104.5
99585.4
99636.5
100942.4
101166.5
101990.4
101993.5
102962.8
103261.8
103421.4
103422.212
103522.2
103653.5
104022.3
104522.1
113535.4
113616.5
113835.8
114143.4
114144.212
114244.2
114331.5
114744.3
115244.1
116987.4
117051.5
117163.8
117550.4
117551.212
117651.2
117772.5
118151.3
118651.1
120444.4
120675.5
120822.8
121164.4
121165.212
121265.2
121433.5
121472.4
121605.5
121708.4
121765.3
121970.5
122265.1
124075.4
124193.5
124362.8
124386.8
124674.4
124675.212
124775.2
124898.5
124994.4
125041.5
125275.3
125775.1
126321.4
126345.5
126477.8
126609.8
126685.211
126685.4
126686.1
126767.5
126952.8
127283.4
127284.212
127384.2
127508.5
127643.8
127884.3
128071.8
128384.1
128518.8
128810.211
128810.4
128811.1
128849.5
128936.8
129002.8
129253.4
129254.212
129354.2
129383.5
129854.3
130354.1
131662.4
131816.5
131957.8
132264.4
132265.212
132365.2
132517.5
132865.3
133365.1
135495.8
135839.4
135840.212
135940.2
136071.5
136440.3
136940.1
137628.8
137883.211
137883.4
137884.1
137915.5
138004.8
138401.4
138402.212
138502.2
138505.5
139002.3
139502.1
140167.4
140232.5
142462.8
142843.4
142844.212
142944.2
142976.5
143444.3
143944.1
150041.4
150069.5
156291.4
156351.5
156486.8
156496.8
157201.8
157260.4
157261.212
157361.2
157435.5
157861.3
158361.1
160732.8
161113.4
161114.212
161214.2
161416.5
161463.4
161537.5
161714.3
162214.1
164365.4
164523.5
168486.4
168533.5
168660.8
169008.4
169009.212
169102.5
169109.2
169609.3
170109.1
170750.4
170939.5
171072.8
171076.8
171208.8
171365.211
171365.4
171366.1
171413.5
171509.8
171781.211
171781.4
171782.1
171874.5
171986.8
172155.8
172303.4
172304.212
172404.2
172426.5
172904.3
173404.1
174968.4
175115.5
175254.8
175592.4
175593.212
175693.2
175835.5
176193.3
180000.9
123456789
11
21
15
11
21
15
5
FI
1
5
9
49
01
10
22
01
6
2
853
0
0
0
314159265
43
257
147
180000
314159265
0.1
438.8
578.8
671.211
671.4
672.1
709.5
798.8
852.8
913.8
976.211
976.4
977.1
1008.5
1080.8
1306.211
1306.4
1307.1
1377.5
1461.8
1629.211
1629.4
1630.1
1655.5
1737.8
1762.8
2144.8
2213.4
2214.212
2314.2
2330.5
2814.3
3245.4
3277.5
3314.1
3382.8
3396.8
3518.8
3591.211
3591.4
3592.1
3689.5
3801.8
3919.8
4053.211
4053.4
4054.1
4108.5
4208.8
4308.8
4314.8
4393.211
4393.4
4394.1
4469.5
4620.8
4641.8
4790.211
4790.4
4791.1
4827.5
5206.8
5351.8
5397.8
5416.8
5444.8
5493.211
5493.4
5494.1
5627.5
5698.8
5800.8
5919.211
5919.4
5920.1
5953.5
6025.8
6177.8
6317.8
6391.4
6392.212
6492.2
6527.5
6992.3
7492.1
8743.4
8814.5
9027.8
9283.211
9283.4
9284.1
9327.5
9510.8
9806.211
9806.4
9807.1
9858.5
9978.8
10101.8
10117.8
10206.8
10277.211
10277.4
10278.1
10322.5
10503.8
10534.8
10622.8
10720.8
10773.211
10773.4
10774.1
10844.5
10916.8
11019.8
11030.8
11128.211
11128.4
11129.1
11152.5
11467.8
11506.8
11528.8
11688.8
11718.8
11780.4
11781.212
11877.5
11881.2
12381.3
12881.1
13320.4
13470.5
13601.8
13721.8
13776.8
13939.8
13953.8
13958.8
13962.8
14090.8
14146.4
14147.212
14240.5
14247.2
14747.3
15247.1
16588.4
16695.5
16884.8
16908.8
17068.8
17220.8
17300.4
17301.212
17401.2
17415.5
17901.3
18401.1
20647.4
20841.5
21071.8
21192.8
21208.8
21366.8
21434.4
21435.212
21535.2
21556.5
22035.3
22535.1
23448.4
23646.5
23912.8
24082.8
24294.4
24295.212
24395.2
24478.5
24895.3
25395.1
26285.4
26442.5
26631.8
26901.211
26901.4
26902.1
26931.5
27109.8
27319.8
27529.4
27530.212
27630.2
27649.5
28130.3
28630.1
31249.4
31319.5
31532.8
31640.8
31838.4
31839.212
31939.2
32024.5
32439.3
32939.1
34688.8
34905.211
34905.4
34906.1
34985.5
35092.8
35334.8
35451.8
35508.4
35509.212
35609.2
35620.5
36109.3
36609.1
38416.8
38839.4
38840.212
38940.2
38947.5
39440.3
39940.1
41012.4
41089.5
41248.8
41460.8
41707.4
41708.212
41808.2
41836.5
42308.3
42808.1
45028.8
45039.8
45308.211
45308.4
45309.1
45357.5
45834.8
46177.8
46234.4
46235.212
46331.5
46335.2
46835.3
47335.1
48713.8
48889.8
49094.4
49095.212
49195.2
49253.5
49695.3
50195.1
51734.4
51828.5
51977.8
52435.4
52436.212
52536.2
52563.5
53036.3
53536.1
55176.4
55355.5
55565.4
55728.5
55901.8
56179.211
56179.4
56180.1
56246.5
56384.8
56751.4
56752.212
56852.2
56892.5
57352.3
57852.1
59340.4
59400.5
59533.8
59655.8
59848.4
59849.212
59949.2
59959.5
60449.3
60949.1
62251.4
62332.5
62504.8
62623.8
62778.8
62858.4
62859.212
62951.5
62959.2
63459.3
63959.1
64873.4
64940.5
65086.8
65221.8
65229.8
65421.4
65422.212
65522.2
65530.5
66022.3
66522.1
68433.4
68498.5
68652.8
68772.8
68929.211
68929.4
68930.1
69000.5
69152.8
69421.8
69623.4
69624.212
69724.2
69829.5
70149.8
70224.3
70724.1
71013.8
71087.211
71087.4
71088.1
71124.5
71863.8
71898.8
72129.211
72129.4
72130.1
72246.5
72449.8
72767.4
72768.212
72861.5
72868.2
73368.3
73868.1
74767.4
75027.5
75230.8
75297.8
75523.211
75523.4
75524.1
75602.5
75722.8
75853.8
76062.4
76063.212
76163.2
76235.5
76663.3
77163.1
77960.4
78091.5
78220.8
78303.8
78330.8
78496.211
78496.4
78497.1
78532.5
78642.8
78677.8
78895.211
78895.4
78896.1
78996.5
79089.8
79163.8
79305.8
79390.4
79391.212
79491.2
79528.5
79991.3
80491.1
83241.4
83310.5
83636.8
83857.211
83857.4
83858.1
83906.5
84032.8
84315.211
84315.4
84316.1
84397.5
84518.8
84562.8
84668.8
84719.8
84893.4
84894.212
84989.5
84994.2
85494.3
85994.1
87212.4
87260.5
87404.8
87442.8
87448.8
87540.8
87617.211
87617.4
87618.1
87675.5
87836.8
88188.4
88189.212
88289.2
88310.5
88789.3
89289.1
90390.4
90447.5
90701.8
91046.4
91047.212
91147.2
91178.5
91647.3
92147.1
92575.4
92724.5
93338.4
93339.5
93341.4
93492.5
94307.4
94508.5
94951.8
95095.8
95200.211
95200.4
95201.1
95244.5
95379.8
95404.8
95688.4
95689.212
95789.2
95791.5
96289.3
96789.1
99584.4
99660.5
100097.8
100346.211
100346.4
100347.1
100387.5
100564.8
100691.8
100770.211
100770.4
100771.1
100829.5
101083.8
101153.8
101277.211
101277.4
101278.1
101349.5
101509.8
101788.211
101788.4
101789.1
101940.5
102037.8
102104.8
102353.4
102354.212
102454.2
102546.5
102954.3
103454.1
104679.4
104797.5
104921.8
105033.8
105187.211
105187.4
105188.1
105230.5
105385.8
105480.8
105572.8
105647.211
105647.4
105648.1
105731.5
105833.8
105869.8
106086.211
106086.4
106087.1
106126.5
106461.8
106590.8
106602.8
106612.8
106782.4
106783.212
106882.5
106883.2
107383.3
107883.1
109285.8
109578.211
109578.4
109579.1
109618.5
109756.8
109905.8
110071.4
110072.212
110172.2
110213.5
110672.3
111172.1
112989.4
113095.5
114173.4
114224.5
114372.8
114375.8
114534.8
114628.211
114628.4
114629.1
114659.5
114815.8
115497.8
115562.4
115563.212
115663.2
115730.5
116163.3
116663.1
119143.8
119194.8
119472.4
119473.212
119573.2
119707.5
120073.3
120573.1
122017.4
122109.5
122776.8
122893.8
122999.211
122999.4
123000.1
123043.5
123206.8
123280.8
123370.211
123370.4
123371.1
123413.5
123581.8
123673.8
123824.211
123824.4
123825.1
123869.5
123978.8
124119.8
124150.8
124159.8
124231.211
124231.4
124232.1
124342.5
124419.8
124758.4
124759.212
124859.2
124868.5
125359.3
125859.1
129318.8
129320.8
129425.211
129425.4
129426.1
129457.5
129622.8
129636.8
129916.211
129916.4
129917.1
129986.5
130122.8
130462.8
130541.4
130542.212
130642.2
130664.5
131142.3
131642.1
133077.8
133245.8
133354.211
133354.4
133355.1
133399.5
133525.8
133616.8
133799.211
133799.4
133800.1
133849.5
133995.8
134030.8
134321.4
134322.212
134422.2
134509.5
134922.3
135422.1
139517.8
139780.211
139780.4
139781.1
139902.5
140140.8
140163.8
140272.211
140272.4
140273.1
140294.5
140409.8
140451.8
140511.8
140671.211
140671.4
140672.1
140735.5
140847.8
140894.8
141059.211
141059.4
141060.1
141106.5
142057.8
142118.8
142289.8
142374.4
142375.212
142475.2
142514.5
142975.3
143475.1
144518.4
144593.5
144849.8
144872.8
145030.8
145032.8
145109.211
145109.4
145110.1
145154.5
145496.8
145613.8
145800.4
145801.212
145901.2
145934.5
146401.3
146901.1
148326.4
148422.5
148646.8
148834.8
148922.211
148922.4
148923.1
148962.5
149097.8
149241.8
149331.211
149331.4
149332.1
149368.5
149574.8
149668.8
149770.8
149865.211
149865.4
149866.1
149905.5
150028.8
150131.8
150366.4
150367.212
150467.2
150470.5
150967.3
151467.1
152801.4
152859.5
153005.8
153159.8
153358.4
153359.212
153459.2
153473.5
153959.3
154459.1
155859.4
155947.5
156129.8
156331.8
156410.211
156410.4
156411.1
156460.5
156654.8
156804.8
156952.211
156952.4
156953.1
157047.5
157158.8
157160.8
157195.8
157373.8
157444.211
157444.4
157445.1
157573.5
157772.8
157799.8
157878.8
158022.211
158022.4
158023.1
158059.5
158328.8
158369.8
158472.8
158473.8
158484.8
158486.8
158607.211
158607.4
158608.1
158656.5
158742.8
158906.8
158919.8
158938.8
158947.8
159015.211
159015.4
159016.1
159064.5
159437.8
159522.8
159634.8
159712.211
159712.4
159713.1
159758.5
159864.8
159947.8
160087.8
160093.8
160162.211
160162.4
160163.1
160224.5
160316.8
160496.8
160674.4
160675.212
160775.2
160788.5
161275.3
161775.1
163930.4
164081.5
164216.8
164410.8
164425.8
164517.4
164518.212
164618.2
164630.5
165118.3
165618.1
167982.4
168074.5
171067.8
171999.8
172070.4
172071.212
172171.2
172233.5
172671.3
173171.1
175032.4
175104.5
175417.4
175556.5
175708.8
175725.8
175888.8
176099.4
176100.212
176200.2
176240.5
176700.3
177200.1
178652.4
178771.5
179024.4
179138.5
179269.8
179421.8
179520.211
179520.4
179521.1
179555.5
179690.8
179821.8
179841.8
179856.8
179972.211
179972.4
180000.9
123456789
11
22
15
11
22
15
5
FI
1
5
9
54
40
10
27
40
6
2
1159
0
0
0
314159265
31
396
199
180000
314159265
0.1
319.8
420.8
542.211
542.4
543.1
588.5
657.8
666.8
940.8
1096.8
1164.4
1165.212
1265.2
1284.5
1765.3
1942.4
2066.5
2265.1
2374.4
2822.5
2909.8
2923.8
3077.211
3077.4
3078.1
3192.5
3373.8
3539.211
3539.4
3540.1
3621.5
3692.8
3740.8
3839.211
3839.4
3840.1
4030.5
4110.8
4114.8
4127.8
4288.8
4347.211
4347.4
4348.1
4445.5
4519.8
4582.8
4654.8
4712.8
4776.211
4776.4
4777.1
4848.5
4948.8
5020.8
5111.8
5156.8
5167.8
5184.8
5237.211
5237.4
5238.1
5311.5
5435.8
5528.8
5636.8
5709.211
5709.4
5710.1
5794.5
5967.8
5998.8
6067.8
6121.8
6228.211
6228.4
6229.1
6329.5
6428.8
6866.8
6955.4
6956.212
7056.2
7077.5
7556.3
8056.1
9483.8
9611.8
9714.211
9714.4
9715.1
9774.5
9882.8
10012.8
10064.8
10084.8
10161.211
10161.4
10162.1
10230.5
10428.8
10446.8
10547.8
10576.8
10646.211
10646.4
10647.1
10687.5
10858.8
10880.8
10935.8
11022.8
11119.211
11119.4
11120.1
11158.5
11243.8
11404.8
11448.8
11531.8
11542.8
11601.211
11601.4
11602.1
11648.5
11749.8
12001.8
12065.8
12102.8
12188.4
12189.212
12289.2
12361.5
12789.3
13289.1
13549.4
13612.5
13778.8
13786.8
13926.8
13981.8
14083.8
14157.211
14157.4
14158.1
14325.5
14560.8
14645.8
14652.8
14830.211
14830.4
14831.1
14922.5
15022.8
15151.8
15222.8
15274.8
15289.8
15387.211
15387.4
15388.1
15446.5
15589.8
15604.8
15819.8
15973.211
15973.4
15974.1
16031.5
16291.8
16397.8
16407.8
16491.211
16491.4
16492.1
16518.5
16921.8
16952.8
17159.211
17159.4
17160.1
17234.5
17349.8
17446.8
17574.8
17653.211
17653.4
17654.1
17691.5
17780.8
17903.8
17988.8
18056.211
18056.4
18057.1
18135.5
18241.8
18309.8
18401.8
18512.211
18512.4
18513.1
18545.5
18968.8
19010.8
19060.8
19182.211
19182.4
19183.1
19222.5
19296.8
19469.8
19630.211
19630.4
19631.1
19663.5
19741.8
19990.8
20044.8
20112.211
20112.4
20113.1
20146.5
20242.8
20354.8
20383.8
20427.8
20483.8
20537.8
20595.211
20595.4
20596.1
20647.5
20748.4
20814.5
20818.4
20857.5
20981.8
21013.8
21117.8
21126.8
21316.8
21357.8
21427.4
21428.212
21528.2
21607.5
22028.3
22528.1
23110.4
23201.5
23332.8
23432.8
23511.8
23651.8
23742.4
23743.212
23843.2
23886.5
24343.3
24843.1
25038.4
25107.5
25249.8
25254.8
25259.8
25270.8
25402.8
25611.8
25671.4
25672.212
25772.2
25786.5
26272.3
26772.1
26948.4
27120.5
27308.8
27342.8
27507.8
27511.8
27722.4
27723.212
27823.2
27857.5
28323.3
28823.1
29802.4
29871.5
30157.8
30167.8
30350.8
30352.8
30430.211
30430.4
30431.1
30472.5
30703.8
30852.8
31048.211
31048.4
31049.1
31186.5
31306.8
31330.8
31757.4
31758.212
31858.2
31933.5
32358.3
32858.1
35913.8
36159.211
36159.4
36160.1
36183.5
36406.8
36725.211
36725.4
36726.1
36773.5
36973.8
37561.8
37660.4
37661.212
37761.2
37809.5
38261.3
38761.1
41523.8
41797.211
41797.4
41798.1
41810.5
42011.8
42294.8
42359.211
42359.4
42360.1
42456.5
42599.8
42920.211
42920.4
42921.1
42959.5
43112.8
43245.8
43388.211
43388.4
43389.1
43425.5
43535.8
43698.8
43858.211
43858.4
43859.1
43933.5
44017.8
44058.8
44223.8
44322.8
44469.4
44470.212
44570.2
44616.5
45070.3
45570.1
46415.4
46573.5
47189.8
47429.8
47505.211
47505.4
47506.1
47564.5
48105.8
48527.4
48528.212
48628.2
48674.5
49128.3
49628.1
52275.4
52435.5
52436.4
52438.5
53280.8
53448.8
53543.211
53543.4
53544.1
53585.5
53746.8
53889.8
54098.211
54098.4
54099.1
54138.5
54284.8
54373.8
54523.211
54523.4
54524.1
54555.5
54644.8
54892.8
55003.211
55003.4
55004.1
55095.5
55172.8
55407.8
55469.211
55469.4
55470.1
55509.5
55559.4
55569.5
55662.8
55771.8
55906.8
55936.8
56014.211
56014.4
56015.1
56132.5
56229.8
56397.8
56473.211
56473.4
56474.1
56508.5
56662.8
56757.8
56898.8
56945.8
57000.211
57000.4
57001.1
57087.5
57153.4
57159.5
57244.8
57508.8
57514.8
57598.211
57598.4
57599.1
57652.5
58249.8
58455.211
58455.4
58456.1
58479.5
58562.8
58671.8
58799.211
58799.4
58800.1
58838.5
59029.8
59051.8
59157.8
59230.211
59230.4
59231.1
59258.5
59384.8
59489.211
59489.4
59490.1
59516.5
59651.8
59737.8
59868.211
59868.4
59869.1
59907.5
59964.4
60126.5
60382.8
60437.8
60517.8
60527.8
60539.8
60543.8
60591.211
60591.4
60592.1
60675.5
60779.8
60810.8
60830.8
60909.8
61051.8
61132.8
61204.8
61261.4
61262.212
61362.2
61366.5
61862.3
62362.1
64188.4
64394.5
64942.8
64957.8
65158.211
65158.4
65159.1
65234.5
65354.8
65647.211
65647.4
65648.1
65692.5
65787.8
66096.211
66096.4
66097.1
66234.5
66332.8
66426.8
66555.8
66567.8
66627.211
66627.4
66628.1
66676.5
66756.4
66813.5
66897.8
66912.8
67312.8
67316.8
67394.4
67395.212
67495.2
67506.5
67995.3
68495.1
69167.4
69257.5
69259.4
69263.5
69267.4
69349.5
69489.8
69506.8
69877.211
69877.4
69878.1
69953.5
70249.8
70474.8
70700.4
70701.212
70801.2
70827.5
71301.3
71801.1
72924.4
73200.5
74696.8
74918.211
74918.4
74919.1
74949.5
75067.8
75252.8
75478.4
75479.212
75579.2
75592.5
76079.3
76579.1
77437.4
77593.5
79336.8
79601.211
79601.4
79602.1
79689.5
79916.8
80607.8
80669.4
80670.212
80770.2
80770.5
81270.3
81770.1
85616.8
85669.8
85678.8
85787.211
85787.4
85788.1
85827.5
85910.8
86080.8
86213.211
86213.4
86214.1
86275.5
86365.8
86502.8
86620.8
86704.211
86704.4
86705.1
86739.5
86832.8
86951.8
87021.8
87149.211
87149.4
87150.1
87186.5
87337.8
87394.8
87436.8
87602.211
87602.4
87603.1
87678.5
87755.8
87860.8
88001.8
88007.8
88116.211
88116.4
88117.1
88175.5
88267.8
88390.8
88469.8
88578.211
88578.4
88579.1
88610.5
88748.8
89021.211
89021.4
89022.1
89045.5
89147.8
89326.8
89394.8
89564.4
89565.212
89665.2
89665.5
90165.3
90665.1
92693.4
92837.5
92961.8
93364.4
93365.212
93462.5
93465.2
93965.3
94465.1
95097.4
95370.5
95424.4
95585.5
95748.8
95751.8
96250.4
96251.212
96351.2
96408.5
96851.3
97351.1
99365.4
99460.5
100287.8
100487.211
100487.4
100488.1
100527.5
100729.8
100748.8
101113.211
101113.4
101114.1
101184.5
101427.8
101448.8
101784.8
101845.4
101846.212
101946.2
101972.5
102446.3
102946.1
105225.4
105397.5
105895.8
106379.4
106380.212
106471.5
106480.2
106980.3
107480.1
109090.4
109288.5
110161.8
110370.211
110370.4
110371.1
110446.5
110700.8
110983.8
110992.8
111072.211
111072.4
111073.1
111119.5
111336.8
111483.8
111559.8
111622.211
111622.4
111623.1
111724.5
111803.8
111924.8
112091.8
112155.211
112155.4
112156.1
112198.5
112390.8
112498.8
112581.8
112688.211
112688.4
112689.1
112771.5
112841.8
112996.8
113122.211
113122.4
113123.1
113154.5
113261.8
113366.8
113531.8
113610.211
113610.4
113611.1
113651.5
113768.8
113878.8
114022.8
114086.211
114086.4
114087.1
114117.5
114541.8
114617.211
114617.4
114618.1
114659.5
114730.8
114851.8
114885.8
114963.8
115045.211
115045.4
115046.1
115078.5
115281.8
115316.8
115323.8
115401.8
115539.211
115539.4
115540.1
115591.5
115673.4
115712.5
115727.4
115730.5
116287.8
116413.8
116542.211
116542.4
116543.1
116573.5
116690.8
116779.8
116883.8
116939.211
116939.4
116940.1
116992.5
117341.4
117354.5
117359.4
117364.5
117443.8
117503.8
117693.8
117754.211
117754.4
117755.1
117819.5
117901.8
118087.8
118160.211
118160.4
118161.1
118177.5
118393.8
118485.8
118726.211
118726.4
118727.1
118772.5
118852.8
119038.8
119136.211
119136.4
119137.1
119591.5
119690.8
119709.8
120004.211
120004.4
120005.1
120080.5
120640.8
120676.8
120778.8
120806.8
120879.211
120879.4
120880.1
120912.5
120993.8
121201.211
121201.4
121202.1
121240.5
121352.8
121397.8
121624.211
121624.4
121625.1
121657.5
121762.8
121869.8
121998.8
122102.211
122102.4
122103.1
122135.5
122465.8
122590.8
122807.8
122845.8
122903.4
122904.212
123004.2
123012.5
123504.3
124004.1
126258.4
126638.5
126966.4
127142.5
128600.8
128753.8
128834.211
128834.4
128835.1
128877.5
128998.8
129149.8
129340.211
129340.4
129341.1
129382.5
129487.8
129612.8
129700.8
129704.8
129809.8
129879.211
129879.4
129880.1
129921.5
130211.8
130426.8
130472.8
130555.211
130555.4
130556.1
130683.5
130747.4
130764.5
131192.8
131221.8
131440.8
131527.211
131527.4
131528.1
131565.5
131677.8
132029.211
132029.4
132030.1
132105.5
132185.8
132419.8
132422.8
132612.4
132613.212
132713.2
132720.5
133213.3
133713.1
135156.4
135276.5
135504.4
135646.5
135727.4
135851.5
135881.4
136055.5
136280.8
136454.8
136658.211
136658.4
136659.1
137064.5
137203.8
137469.8
137645.4
137646.212
137746.2
137751.5
138246.3
138746.1
139592.4
139790.5
140099.8
140322.8
140562.4
140563.212
140663.2
140685.5
141163.3
141663.1
142703.4
142827.5
143247.4
143521.5
144542.8
144719.8
144793.211
144793.4
144794.1
144858.5
145068.8
145351.8
145473.8
145578.4
145579.212
145679.2
145685.5
146179.3
146679.1
147234.4
147359.5
147690.4
147745.5
147928.8
148184.8
148516.4
148517.212
148610.5
148617.2
149117.3
149617.1
150622.4
150689.5
151259.8
151308.8
151461.8
151462.8
151541.211
151541.4
151542.1
151584.5
152683.8
152823.8
152917.211
152917.4
152918.1
152955.5
153088.8
153791.8
153864.4
153865.212
153965.2
154156.5
154465.3
154965.1
157727.8
157916.8
157997.211
157997.4
157998.1
158066.5
158211.8
158466.8
158538.211
158538.4
158539.1
158622.5
158709.8
158934.8
159225.4
159226.212
159315.5
159326.2
159826.3
160326.1
162818.4
162883.5
163022.4
163147.5
163777.8
163980.8
164071.211
164071.4
164072.1
164157.5
164342.8
164400.8
164480.8
164669.211
164669.4
164670.1
164817.5
165016.8
165192.8
165327.211
165327.4
165328.1
165394.5
165485.8
165634.8
165833.211
165833.4
165834.1
165991.5
166116.8
166134.8
166298.8
166378.211
166378.4
166379.1
166412.5
166600.8
166822.8
166984.211
166984.4
166985.1
167025.5
167122.8
167454.211
167454.4
167455.1
167615.5
167767.8
167866.8
167928.8
168013.211
168013.4
168014.1
168051.5
168195.8
168456.211
168456.4
168457.1
168472.5
168543.8
168711.8
168836.211
168836.4
168837.1
168876.5
168954.8
169049.8
169083.8
169177.211
169177.4
169178.1
169200.5
169274.8
169358.211
169358.4
169359.1
169387.5
169465.8
169726.211
169726.4
169727.1
169745.5
170159.8
170352.8
170399.8
170410.8
170520.211
170520.4
170521.1
170584.5
170758.8
171011.8
171098.211
171098.4
171099.1
171139.5
171155.4
171177.5
171710.8
171805.8
172050.8
172057.8
172266.8
172370.4
172371.212
172454.5
172471.2
172971.3
173471.1
175882.4
176070.5
177369.8
177622.211
177622.4
177623.1
177650.5
177824.8
177996.8
178237.4
178238.212
178328.5
178338.2
178838.3
180000.9
123456789
11
23
15
11
23
15
5
FI
1
5
9
48
30
10
21
30
6
2
828
0
0
0
314159265
45
265
142
180000
314159265
0.1
1009.8
1046.8
1253.8
1317.211
1317.4
1318.1
1353.5
1426.8
1592.8
1718.211
1718.4
1719.1
1751.5
1980.8
2088.8
2307.211
2307.4
2308.1
2330.5
2406.8
2410.8
2416.8
2418.8
2433.8
2472.8
2532.8
2597.8
2734.211
2734.4
2735.1
2778.5
2876.8
3004.8
3060.8
3094.8
3110.8
3134.8
3165.8
3222.8
3258.8
3314.4
3315.212
3415.2
3456.5
3915.3
4159.4
4239.5
4331.8
4415.1
4415.8
4426.8
4503.8
4575.8
4603.8
4668.211
4668.4
4669.1
4722.5
5179.8
5213.8
5224.8
5273.8
5326.8
5362.8
5440.211
5440.4
5441.1
5477.5
5599.8
5628.8
5705.8
5917.8
5927.8
6105.4
6106.212
6206.2
6221.5
6706.3
6963.4
7024.5
7132.8
7177.8
7206.1
7351.8
7475.8
7609.211
7609.4
7610.1
7638.5
7847.8
7893.8
7898.8
8345.8
8410.4
8411.212
8511.2
8634.5
9011.3
9511.1
11260.4
11365.5
11515.8
11686.8
11803.8
11925.8
11991.4
11992.212
12086.5
12092.2
12592.3
13092.1
14886.4
15079.5
15390.8
15508.8
15518.8
15621.8
15737.211
15737.4
15738.1
15772.5
15935.8
16069.8
16227.8
16247.8
16314.211
16314.4
16315.1
16398.5
16531.8
16541.8
16640.8
16648.8
16693.8
16721.8
16790.8
16932.4
16933.212
17028.5
17033.2
17533.3
18033.1
18288.4
18429.5
18571.8
18787.8
18934.8
19006.4
19007.212
19107.2
19137.5
19607.3
20107.1
20580.8
20581.8
20796.8
20821.8
21081.4
21082.212
21182.2
21206.5
21682.3
22182.1
23415.4
23502.5
23897.8
24133.211
24133.4
24134.1
24178.5
24586.8
24819.211
24819.4
24820.1
24855.5
25033.8
25122.8
25371.8
25438.4
25439.212
25539.2
25583.5
26039.3
26539.1
26994.4
27115.5
27618.8
27631.8
27811.8
28038.4
28039.212
28139.2
28157.5
28639.3
29139.1
29829.4
29951.5
30181.8
30202.8
30494.8
30723.4
30724.212
30805.5
30824.2
31324.3
31824.1
32454.4
32530.5
32870.4
32995.5
33157.8
33297.8
33494.211
33494.4
33495.1
33634.5
33753.8
34081.8
34236.4
34237.212
34337.2
34337.5
34837.3
35337.1
37933.4
38060.5
38609.8
38616.8
38966.211
38966.4
38967.1
39066.5
39368.8
39611.8
39618.8
39677.211
39677.4
39678.1
39867.5
39880.4
40069.5
40183.8
40303.8
40307.8
40330.8
40396.8
40545.8
40622.4
40623.212
40714.5
40723.2
41223.3
41723.1
42417.4
42501.5
42648.8
42790.8
42812.8
42923.8
43138.4
43139.212
43239.2
43250.5
43739.3
44239.1
46279.4
46497.5
47108.8
47516.8
47632.4
47633.212
47733.2
47756.5
48233.3
48733.1
49832.4
49887.5
50725.8
50996.211
50996.4
50997.1
51170.5
51286.8
51639.8
51703.4
51704.212
51804.2
51820.5
52304.3
52804.1
53954.4
54024.5
54232.8
54640.4
54641.212
54741.2
54742.5
55241.3
55741.1
56780.8
57218.4
57219.212
57319.2
57328.5
57819.3
58319.1
59792.8
59935.8
59948.8
60173.211
60173.4
60174.1
60212.5
60705.8
60974.211
60974.4
60975.1
60997.5
61520.8
61523.8
61525.8
61611.211
61611.4
61612.1
61635.5
61730.8
61791.8
61966.211
61966.4
61967.1
62015.5
62814.8
62893.211
62893.4
62894.1
62937.5
63015.8
63225.8
63229.8
63302.8
63311.8
63429.4
63430.212
63509.5
63530.2
64030.3
64530.1
65296.4
65354.5
65692.8
66119.4
66120.212
66220.2
66253.5
66720.3
67220.1
68774.4
68881.5
69178.8
69391.8
69647.4
69648.212
69748.2
69752.5
70248.3
70748.1
72430.4
72565.5
72738.4
72815.5
73281.8
73623.211
73623.4
73624.1
73714.5
73845.8
73994.8
74240.211
74240.4
74241.1
74286.5
74459.8
74486.8
74720.8
74725.8
74813.211
74813.4
74814.1
74984.5
75132.8
75146.8
75247.8
75354.8
75360.8
75396.8
75493.211
75493.4
75494.1
75575.5
75718.8
75857.8
76001.8
76087.8
76211.4
76212.212
76302.5
76312.2
76812.3
77312.1
77994.4
78243.5
78430.8
78626.8
78794.211
78794.4
78795.1
78831.5
78978.8
79162.8
79349.211
79349.4
79350.1
79386.5
79552.8
79932.211
79932.4
79933.1
79960.5
80082.8
80218.8
80374.211
80374.4
80375.1
80411.5
80583.8
80666.8
80707.8
80709.8
80800.8
80896.211
80896.4
80897.1
80984.5
81157.8
81343.8
81493.8
81564.8
81645.4
81646.212
81746.2
81749.5
82246.3
82746.1
83626.4
83628.5
83630.4
83717.5
84194.8
84433.8
84627.8
84702.4
84703.212
84800.5
84803.2
85303.3
85803.1
86598.4
86602.5
86604.4
86695.5
87159.8
87316.8
87558.211
87558.4
87559.1
87963.5
88679.8
88966.211
88966.4
88967.1
89117.5
89298.8
89454.8
89698.211
89698.4
89699.1
89834.5
89954.8
90131.8
90305.8
90401.4
90402.212
90501.5
90502.2
91002.3
91502.1
93065.4
93118.5
93333.4
93444.5
93763.8
93935.8
94144.211
94144.4
94145.1
94182.5
94484.8
94888.4
94889.212
94989.2
95007.5
95489.3
95989.1
98275.4
98380.5
99589.8
99800.211
99800.4
99801.1
99849.5
100307.8
100407.8
100489.211
100489.4
100490.1
100532.5
100690.8
100781.8
100871.8
101026.211
101026.4
101027.1
101060.5
101156.8
101190.8
101202.8
101300.8
101360.8
101394.8
101506.8
101580.4
101581.212
101681.2
101712.5
102181.3
102681.1
103604.4
103791.5
103992.8
104410.4
104411.212
104504.5
104511.2
105011.3
105511.1
106582.4
106649.5
106903.8
107135.8
107169.8
107415.4
107416.212
107516.2
107521.5
108016.3
108516.1
109569.4
109655.5
110171.8
110358.8
110605.4
110606.212
110694.5
110706.2
111206.3
111706.1
112845.8
113156.8
113160.8
113233.211
113233.4
113234.1
113358.5
113673.8
113854.8
113911.8
114133.4
114134.212
114234.2
114247.5
114734.3
115234.1
116878.8
117167.211
117167.4
117168.1
117204.5
117895.8
118268.211
118268.4
118269.1
118352.5
118460.8
118467.8
118485.8
119512.8
119572.4
119573.212
119673.2
119681.5
120173.3
120673.1
122890.4
123095.5
123249.8
124100.8
124168.4
124169.212
124266.5
124269.2
124769.3
125269.1
126716.4
126891.5
127369.8
127713.211
127713.4
127714.1
127760.5
127903.8
128080.8
128232.8
128314.4
128315.212
128408.5
128415.2
128915.3
129415.1
130113.8
130561.4
130562.212
130662.2
130669.5
131162.3
131662.1
133032.4
133033.5
133037.4
133260.5
133287.4
133298.5
133480.8
133667.8
133687.8
133848.8
134093.4
134094.212
134194.2
134211.5
134694.3
135194.1
137158.4
137291.5
137859.8
138449.4
138450.212
138550.2
138572.5
139050.3
139550.1
141278.4
141375.5
141740.4
141895.5
142198.8
142699.4
142700.212
142800.2
142815.5
143300.3
143800.1
145953.4
146141.5
146265.4
146557.5
146857.8
147019.8
147045.8
147140.211
147140.4
147141.1
147252.5
147344.8
147457.8
147527.8
147533.8
147593.211
147593.4
147594.1
147692.5
147695.4
147699.5
147783.8
148157.8
148221.4
148222.212
148322.2
148336.5
148822.3
149322.1
150023.4
150221.5
150392.8
150623.8
150727.8
150790.211
150790.4
150791.1
150845.5
151270.8
151675.4
151676.212
151766.5
151776.2
152276.3
152776.1
154577.4
154707.5
155506.8
156009.4
156010.212
156110.2
156124.5
156610.3
157110.1
159534.4
159635.5
160069.8
160273.8
160538.4
160539.212
160630.5
160639.2
161139.3
161639.1
162817.4
162889.5
163298.8
163474.8
163639.8
163640.8
163692.211
163692.4
163693.1
163777.5
163927.8
164224.8
164335.8
164453.4
164454.212
164554.2
164573.5
165054.3
165554.1
165684.4
166060.5
166225.8
166370.8
166543.211
166543.4
166544.1
166595.5
166788.8
166804.8
166978.8
167009.8
167136.8
167204.4
167205.212
167294.5
167305.2
167805.3
168305.1
170014.4
170088.5
170249.8
170397.8
170686.4
170687.212
170787.2
170880.5
171287.3
171787.1
173662.8
173681.8
173879.8
173954.211
173954.4
173955.1
173994.5
174102.8
174239.8
174311.8
174466.211
174466.4
174467.1
174527.5
174742.8
174801.8
175235.4
175236.212
175336.2
175344.5
175836.3
176336.1
178797.4
178987.5
179374.8
179380.8
179571.8
179677.211
179677.4
179678.1
179722.5
180000.9
123456789
11
24
15
11
24
15
5
FI
1
5
9
59
52
10
32
52
6
2
1260
0
0
0
314159265
19
499
206
180000
314159265
0.1
588.8
669.211
669.4
670.1
681.5
749.8
817.8
987.211
987.4
988.1
1018.5
1093.8
1099.8
1412.8
1475.8
1529.8
1579.8
1633.4
1634.212
1734.2
1760.5
2234.3
2734.1
3061.8
3356.8
3429.211
3429.4
3430.1
3508.5
3622.8
3764.8
3826.8
3919.8
3934.8
4093.211
4093.4
4094.1
4202.5
4301.8
4334.8
4442.8
4527.8
4539.8
4685.211
4685.4
4686.1
4763.5
5348.8
5434.8
5577.211
5577.4
5578.1
5621.5
5695.8
5844.8
5953.211
5953.4
5954.1
6010.5
6150.8
6250.8
6318.8
6330.8
6418.8
6500.211
6500.4
6501.1
6587.5
6710.8
6726.8
6835.8
6917.8
6958.8
7112.8
7172.211
7172.4
7173.1
7221.5
7352.8
7364.8
7454.8
7710.8
7719.8
7772.8
7841.8
7915.8
7985.4
7986.212
8086.2
8104.5
8586.3
9086.1
9264.4
9336.5
9463.8
9567.8
9719.8
9726.8
9732.8
9801.211
9801.4
9802.1
9842.5
10990.8
11164.8
11266.8
11271.8
11326.211
11326.4
11327.1
11446.5
11544.8
11663.8
11672.8
11703.8
11861.8
11877.8
11959.211
11959.4
11960.1
11998.5
12131.8
12257.8
12339.8
12345.8
12414.8
12483.211
12483.4
12484.1
12573.5
12742.8
12762.8
12865.8
12916.8
13000.8
13042.8
13116.211
13116.4
13117.1
13156.5
13282.4
13521.5
13615.8
13629.8
13704.8
13755.8
13772.8
13775.8
13832.8
13878.8
13950.211
13950.4
13951.1
14208.5
14788.8
14833.8
14890.8
14956.8
15037.8
15109.211
15109.4
15110.1
15236.5
15238.4
15240.5
15722.8
15735.8
15797.211
15797.4
15798.1
15991.5
16087.4
16168.5
16314.8
16826.8
16893.4
16894.212
16994.2
17020.5
17494.3
17994.1
20844.4
20956.5
21211.8
21344.8
21498.8
21505.8
21594.211
21594.4
21595.1
21649.5
21795.8
21991.8
22146.211
22146.4
22147.1
22281.5
22415.8
22427.8
22635.8
22710.211
22710.4
22711.1
22747.5
22851.8
22868.8
22940.8
23002.8
23112.8
23147.8
23208.211
23208.4
23209.1
23332.5
23533.8
23598.8
23663.8
23676.8
23791.211
23791.4
23792.1
23821.5
23988.4
23996.5
24080.8
24160.8
24247.8
24321.211
24321.4
24322.1
24352.5
24541.8
24584.8
24650.8
24681.8
24693.8
24780.211
24780.4
24781.1
24818.5
24922.8
24954.8
25014.8
25103.8
25207.211
25207.4
25208.1
25241.5
25705.8
25731.8
25803.8
25875.8
25919.8
25968.211
25968.4
25969.1
26189.5
26346.8
26446.8
26506.8
26571.8
26623.211
26623.4
26624.1
26669.5
26947.8
26956.8
26990.8
26999.8
27085.8
27149.211
27149.4
27150.1
27181.5
27298.8
27341.8
27361.8
27399.8
27482.8
27513.8
27618.211
27618.4
27619.1
27786.5
28251.4
28321.5
28406.8
28436.8
28507.8
28567.8
28692.211
28692.4
28693.1
28955.5
29049.8
29159.8
29210.8
29290.8
29293.8
29358.211
29358.4
29359.1
29404.5
29510.8
29615.8
29669.8
29735.8
29828.8
29892.211
29892.4
29893.1
29935.5
30009.4
30133.5
30222.4
30287.5
30432.8
30767.211
30767.4
30768.1
30940.5
31002.4
31264.5
32098.8
32177.8
32358.211
32358.4
32359.1
32381.5
32458.8
32650.8
32688.8
32771.211
32771.4
32772.1
32813.5
32948.8
33134.8
33210.211
33210.4
33211.1
33245.5
33610.4
33664.5
33878.8
33884.8
33976.8
34007.8
34079.211
34079.4
34080.1
34113.5
34313.8
34386.8
34426.8
34586.211
34586.4
34587.1
34645.5
34992.8
35319.211
35319.4
35320.1
35431.5
35566.8
35618.8
35789.8
35795.8
35824.8
35871.8
35934.211
35934.4
35935.1
35961.5
36156.4
36174.5
36285.8
36454.8
36461.8
36549.8
36610.211
36610.4
36611.1
36639.5
38519.8
38663.8
38899.211
38899.4
38900.1
38933.5
39178.8
39359.8
39475.211
39475.4
39476.1
39605.5
39782.8
40164.8
40255.211
40255.4
40256.1
40293.5
40403.8
40433.8
40519.8
40539.8
40633.8
40772.211
40772.4
40773.1
40816.5
40835.4
40859.5
45023.8
45058.8
45137.8
45264.8
45345.211
45345.4
45346.1
45370.5
45456.8
45507.8
45585.8
45627.8
45656.8
45724.211
45724.4
45725.1
45757.5
45882.8
45903.8
46052.8
46130.8
46198.211
46198.4
46199.1
46244.5
46340.8
46615.8
46692.211
46692.4
46693.1
46733.5
46849.8
46898.8
47420.8
47474.4
47475.212
47575.2
47585.5
48075.3
48575.1
50540.4
50930.5
51513.8
51778.211
51778.4
51779.1
51918.5
52128.4
52345.5
52346.4
52348.5
52417.4
52503.5
52712.8
52734.8
53036.211
53036.4
53037.1
53083.5
53214.8
53230.8
53373.8
53531.8
53565.8
53619.211
53619.4
53620.1
53688.5
53797.8
53944.8
54211.8
54278.211
54278.4
54279.1
54461.5
54550.8
54696.8
54773.8
55010.211
55010.4
55011.1
55153.5
55230.4
55332.5
55478.8
55489.8
55640.8
55728.8
55809.211
55809.4
55810.1
55978.5
56111.8
56361.8
56431.211
56431.4
56432.1
56467.5
56594.8
56627.8
56774.8
56841.8
57028.211
57028.4
57029.1
57064.5
57162.8
57188.8
57203.8
57479.211
57479.4
57480.1
57500.5
57589.8
57620.8
57958.211
57958.4
57959.1
58001.5
58139.8
58262.8
58449.8
58520.211
58520.4
58521.1
58555.5
59129.8
59531.211
59531.4
59532.1
59570.5
59660.8
59849.8
59945.8
60180.4
60181.212
60271.5
60281.2
60781.3
61281.1
64429.4
64543.5
66473.8
66636.8
66641.8
66647.8
66888.8
66948.211
66948.4
66949.1
67045.5
67166.8
67649.211
67649.4
67650.1
67684.5
67815.8
68587.8
68648.4
68649.212
68749.2
68766.5
69249.3
69749.1
72690.4
72752.5
74148.8
74222.211
74222.4
74223.1
74249.5
74372.8
74886.4
74887.212
74987.2
74987.5
75487.3
75987.1
77742.4
77777.5
78384.8
78688.211
78688.4
78689.1
78718.5
78845.8
78858.8
78982.8
79281.211
79281.4
79282.1
79343.5
79478.8
79642.8
79748.8
79886.8
79952.211
79952.4
79953.1
80008.5
80196.8
80317.8
80521.211
80521.4
80522.1
80638.5
80765.8
80776.8
80881.8
81168.211
81168.4
81169.1
81336.5
81422.4
81574.5
81678.8
81768.8
81781.8
81925.8
81999.211
81999.4
82000.1
82120.5
82232.4
82322.5
82371.4
82459.5
82582.8
82897.8
82960.211
82960.4
82961.1
83139.5
83328.8
83588.8
83745.211
83745.4
83746.1
83782.5
83893.8
84241.211
84241.4
84242.1
84367.5
84590.8
84701.211
84701.4
84702.1
84714.5
84798.8
85055.8
85173.211
85173.4
85174.1
85212.5
85332.8
85500.8
85639.211
85639.4
85640.1
85660.5
85745.8
85862.8
86097.211
86097.4
86098.1
86128.5
86625.8
86688.8
86720.8
86722.8
86786.8
86894.211
86894.4
86895.1
86932.5
87021.8
87305.8
87360.211
87360.4
87361.1
87458.5
87568.8
87714.8
87946.211
87946.4
87947.1
87977.5
88061.8
88266.211
88266.4
88267.1
88290.5
88338.4
88494.5
88631.8
88715.8
88823.8
88888.8
88902.8
89023.8
89248.8
89295.8
89363.4
89364.212
89461.5
89464.2
89964.3
90464.1
93660.4
93835.5
94045.8
94458.211
94458.4
94459.1
94495.5
94678.8
94888.8
94973.8
95078.211
95078.4
95079.1
95108.5
95217.8
95568.8
95643.211
95643.4
95644.1
95682.5
95863.8
95887.8
96101.8
96114.8
96191.211
96191.4
96192.1
96220.5
96352.8
96383.8
96469.8
96633.8
96643.8
96744.211
96744.4
96745.1
96811.5
96960.8
96963.8
97104.8
97111.8
97344.211
97344.4
97345.1
97412.5
97526.8
97562.8
97577.8
97814.8
97831.8
97907.211
97907.4
97908.1
97963.5
98124.8
98194.8
98269.8
98279.8
98389.8
98468.211
98468.4
98469.1
98499.5
98877.8
98891.8
98947.8
99034.211
99034.4
99035.1
99052.5
99121.8
99317.8
99500.211
99500.4
99501.1
99546.5
99782.8
99880.8
100021.8
100106.211
100106.4
100107.1
100139.5
100284.8
100497.8
100612.8
100681.211
100681.4
100682.1
100701.5
100754.4
100779.5
100867.8
101031.8
101055.8
101260.8
101360.211
101360.4
101361.1
101402.5
101658.8
101661.8
101737.8
101875.8
101943.211
101943.4
101944.1
101971.5
102326.6
102682.4
102791.5
102912.8
102971.8
102988.8
103223.8
103227.8
103415.8
103469.8
103580.4
103581.212
103671.5
103681.2
104181.3
104681.1
108091.4
108162.5
108290.4
108403.5
109491.8
109704.211
109704.4
109705.1
109877.5
109976.8
110518.4
110519.212
110619.2
110649.5
111119.3
111619.1
114535.8
114834.8
114918.211
114918.4
114919.1
115022.5
115177.8
115407.8
115586.211
115586.4
115587.1
115629.5
115950.8
116323.8
116385.211
116385.4
116386.1
116589.5
116702.8
116716.8
117207.8
117277.4
117278.212
117378.2
117384.5
117878.3
118378.1
120951.4
121217.5
121927.8
121970.8
122165.211
122165.4
122166.1
122234.5
122341.8
122541.8
122700.211
122700.4
122701.1
122755.5
122870.8
123443.8
123507.4
123508.212
123608.2
123638.5
124108.3
124608.1
127227.4
127350.5
128904.8
129047.211
129047.4
129048.1
129134.5
129219.8
129324.8
129514.211
129514.4
129515.1
129557.5
129836.8
129949.8
130134.8
130282.211
130282.4
130283.1
130324.5
130438.8
130604.8
130606.8
130617.8
130687.8
130808.8
130863.211
130863.4
130864.1
130909.5
131082.8
131237.8
131281.8
131407.211
131407.4
131408.1
131491.5
131571.8
131756.8
131852.8
131923.211
131923.4
131924.1
131959.5
132064.8
132206.8
132363.8
132367.8
132523.211
132523.4
132524.1
132559.5
132842.8
132939.8
132944.8
133090.8
133106.8
133137.8
133233.211
133233.4
133234.1
133307.5
133658.4
133680.5
134341.8
134472.8
134563.8
134607.8
134660.211
134660.4
134661.1
134719.5
134918.8
134952.8
135035.8
135199.211
135199.4
135200.1
135240.5
135245.4
135309.5
135448.8
135513.8
135805.211
135805.4
135806.1
135853.5
135935.8
135976.8
136115.8
136145.8
136301.211
136301.4
136302.1
136336.5
136512.4
136541.5
136556.4
136561.5
136705.8
136766.8
136878.8
137001.8
137089.211
137089.4
137090.1
137207.5
137300.8
137490.8
137679.211
137679.4
137680.1
137705.5
138458.8
138568.8
138574.8
138639.8
138722.211
138722.4
138723.1
138768.5
138860.8
139035.8
139094.8
139114.8
139270.211
139270.4
139271.1
139429.5
139561.8
139742.8
140037.8
140115.4
140116.212
140216.2
140247.5
140716.3
141216.1
143823.4
143880.5
144007.4
144204.5
144593.4
144714.5
145028.8
145149.8
145446.211
145446.4
145447.1
145564.5
145630.4
145713.5
145837.8
146030.8
146166.8
146359.4
146360.212
146460.2
146501.5
146960.3
147460.1
148682.4
148846.5
149183.8
149509.8
149621.211
149621.4
149622.1
149656.5
150702.8
150908.8
150985.211
150985.4
150986.1
151186.5
151310.8
151780.8
151862.4
151863.212
151963.2
151977.5
152463.3
152963.1
155190.4
155237.5
157498.8
157510.8
157588.211
157588.4
157589.1
157616.5
157742.8
158001.8
158180.211
158180.4
158181.1
158207.5
158320.8
158478.8
158586.8
158715.8
158885.8
158949.4
158950.212
159044.5
159050.2
159550.3
160050.1
160397.4
160515.5
160657.4
160730.5
160817.4
160925.5
161228.4
162042.5
162439.8
162675.8
162910.211
162910.4
162911.1
162998.5
163161.8
163463.8
164003.4
164004.212
164091.5
164104.2
164604.3
165104.1
165692.4
165857.5
166312.4
166595.5
166753.8
166761.8
167382.4
167383.212
167483.2
167493.5
167983.3
168483.1
169092.4
169325.5
169564.8
169818.211
169818.4
169819.1
169867.5
170186.8
170573.8
170668.211
170668.4
170669.1
170776.5
170872.8
170873.8
171036.8
171186.8
171198.8
171314.8
171381.4
171382.212
171477.5
171482.2
171982.3
172482.1
173341.4
173520.5
173638.4
173805.5
173928.8
174185.8
174263.211
174263.4
174264.1
174425.5
174529.8
174927.8
174931.8
174990.211
174990.4
174991.1
175059.5
175290.8
175452.8
175698.8
175778.211
175778.4
175779.1
175837.5
175986.8
176245.8
176250.8
176335.8
176401.211
176401.4
176402.1
176436.5
176657.8
176678.8
176833.8
176909.8
176977.211
176977.4
176978.1
177022.5
177169.8
177199.8
177214.8
177306.8
177314.8
177446.211
177446.4
177447.1
177773.5
177810.4
178208.5
178306.8
178394.8
178542.211
178542.4
178543.1
178583.5
178719.8
178735.8
178957.8
179035.211
179035.4
179036.1
179068.5
179151.8
179337.8
179424.211
179424.4
179425.1
179454.5
179568.8
179570.8
179726.8
179729.8
179893.8
179908.8
179972.211
179972.4
180000.9
123456789
11
25
15
11
25
15
5
FI
1
5
9
50
03
10
23
03
6
2
1049
0
0
0
314159265
29
364
178
180000
314159265
0.1
398.8
498.8
658.211
658.4
659.1
692.5
811.8
971.8
1062.211
1062.4
1063.1
1142.5
1219.8
1261.8
1495.211
1495.4
1496.1
1538.5
1540.4
1578.5
1790.8
1853.8
1865.8
1970.8
2120.8
2179.211
2179.4
2180.1
2297.5
2303.4
2331.5
2404.8
2523.8
2555.8
2563.8
2695.211
2695.4
2696.1
2764.5
3274.8
3343.211
3343.4
3344.1
3363.5
3453.8
3630.8
3781.8
3853.8
3918.211
3918.4
3919.1
3961.5
4079.8
4286.8
4374.8
4532.211
4532.4
4533.1
4568.5
4674.4
4689.5
4792.8
4919.8
5016.8
5063.8
5122.8
5217.211
5217.4
5218.1
5310.5
5424.8
5440.8
5533.8
5539.8
5544.8
5594.8
5623.8
5628.8
5775.211
5775.4
5776.1
5807.5
6225.8
6297.8
6527.8
6530.8
6538.8
6635.211
6635.4
6636.1
6670.5
6799.8
6914.8
6926.8
7109.211
7109.4
7110.1
7133.5
7551.4
7637.5
7639.4
7644.5
7730.8
7842.8
7888.8
7966.8
8028.8
8119.8
8179.211
8179.4
8180.1
8215.5
8409.8
8512.8
8600.8
8609.8
8857.211
8857.4
8858.1
8893.5
9374.8
9480.8
9718.211
9718.4
9719.1
9759.5
9866.8
10023.8
10229.8
10357.8
10436.4
10437.212
10537.2
10563.5
11037.3
11453.4
11457.5
11460.4
11514.5
11537.1
11636.8
11753.8
12122.8
12281.8
12367.4
12368.212
12468.2
12472.5
12968.3
13468.1
15249.4
15337.5
15724.8
15738.8
16112.211
16112.4
16113.1
16241.5
16432.8
16586.8
16870.211
16870.4
16871.1
16976.5
17096.8
17361.8
17517.211
17517.4
17518.1
17608.5
17708.8
17956.8
18121.8
18175.211
18175.4
18176.1
18271.5
18374.8
18453.8
18662.8
18843.8
18866.8
18922.4
18923.212
19023.2
19024.5
19523.3
20023.1
20257.4
20358.5
21240.8
21519.211
21519.4
21520.1
21612.5
22077.8
22331.8
22465.211
22465.4
22466.1
22620.5
22737.8
22901.8
23211.8
23289.4
23290.212
23390.2
23443.5
23890.3
24390.1
24963.4
25028.5
25634.8
26067.211
26067.4
26068.1
26135.5
26756.8
26975.211
26975.4
26976.1
27033.5
27819.8
28261.8
28313.211
28313.4
28314.1
28430.5
28432.4
28445.5
29035.8
29487.211
29487.4
29488.1
29529.5
29726.8
30138.211
30138.4
30139.1
30182.5
30402.8
30532.8
30667.8
30781.8
30902.211
30902.4
30903.1
30963.5
31109.8
31127.8
31225.8
31372.8
31562.211
31562.4
31563.1
31669.5
31762.8
32029.8
32198.8
32300.4
32301.212
32401.2
32408.5
32901.3
33401.1
33763.4
33964.5
34447.8
34457.8
34767.8
34779.8
34939.8
35021.4
35022.212
35122.2
35130.5
35622.3
36122.1
38612.4
38728.5
39276.8
39545.8
39622.211
39622.4
39623.1
39812.5
40151.8
40529.211
40529.4
40530.1
40762.5
40854.8
41044.8
41155.8
41286.211
41286.4
41287.1
41332.5
41449.8
41821.8
41933.8
42000.4
42001.212
42092.5
42101.2
42601.3
43101.1
43593.4
43721.5
44445.8
44617.8
44878.211
44878.4
44879.1
44954.5
45105.8
45594.211
45594.4
45595.1
45742.5
45842.8
46097.8
46207.8
46407.4
46408.212
46506.5
46508.2
47008.3
47218.4
47508.1
47563.5
47654.8
47858.8
47862.8
48098.8
48101.8
48105.8
48177.4
48178.212
48278.2
48278.5
48778.3
49278.1
51377.4
51508.5
52507.8
52621.211
52621.4
52622.1
52681.5
52792.8
52812.8
52819.8
53176.211
53176.4
53177.1
53239.5
53540.8
53869.211
53869.4
53870.1
53937.5
54064.8
54271.8
54349.211
54349.4
54350.1
54420.5
54425.4
54485.5
54601.8
54958.211
54958.4
54959.1
55050.5
55170.8
55306.8
55308.8
55584.211
55584.4
55585.1
55673.5
55863.8
55969.8
56359.211
56359.4
56360.1
56414.5
56505.8
56513.8
56642.8
56741.8
56953.211
56953.4
56954.1
57071.5
57078.4
57156.5
57229.8
57406.8
57487.8
57771.8
57843.4
57844.212
57944.2
57956.5
58444.3
58944.1
62282.4
62373.5
63039.8
63056.8
63283.211
63283.4
63284.1
63350.5
63485.8
63836.211
63836.4
63837.1
63911.5
64578.8
64661.211
64661.4
64662.1
64722.5
64834.8
65497.8
65562.4
65563.212
65663.2
65702.5
66163.3
66663.1
69372.8
69706.211
69706.4
69707.1
69749.5
70179.8
70526.211
70526.4
70527.1
70572.5
70792.8
70806.8
70898.8
70961.8
71045.8
71102.8
71317.4
71318.212
71418.2
71428.5
71918.3
72418.1
74710.4
74803.5
74932.8
75627.4
75628.212
75723.5
75728.2
76228.3
76728.1
80823.4
80900.5
80994.8
81163.8
81275.211
81275.4
81276.1
81357.5
81438.8
81548.8
81763.211
81763.4
81764.1
81808.5
81932.8
82047.8
82057.8
82064.8
82150.8
82227.211
82227.4
82228.1
82270.5
82423.8
82549.8
82747.211
82747.4
82748.1
82789.5
82916.8
83045.8
83222.8
83298.211
83298.4
83299.1
83340.5
83451.8
83567.8
83586.8
83677.8
83737.211
83737.4
83738.1
83784.5
83939.8
84090.8
84261.8
84327.211
84327.4
84328.1
84379.5
84544.8
84658.8
84691.8
84802.8
84889.211
84889.4
84890.1
84948.5
85030.8
85221.8
85281.8
85374.8
85543.8
85780.4
85781.212
85862.5
85881.2
86381.3
86881.1
87733.4
87962.5
88097.8
88547.211
88547.4
88548.1
88618.5
88865.8
89040.8
89142.8
89204.8
89369.4
89370.212
89470.2
89507.5
89970.3
90470.1
93177.4
93407.5
94348.8
94504.211
94504.4
94505.1
94567.5
94940.8
95206.211
95206.4
95207.1
95250.5
95418.8
95672.8
95882.211
95882.4
95883.1
95942.5
96081.8
96337.8
96439.8
96441.8
96502.211
96502.4
96503.1
96570.5
97077.8
97226.211
97226.4
97227.1
97275.5
97379.8
97528.8
97627.8
97792.8
97883.4
97884.212
97984.2
98021.5
98484.3
98984.1
99949.4
100091.5
100254.8
100492.8
100663.211
100663.4
100664.1
100705.5
101087.4
101161.5
101284.8
101439.8
101571.8
101765.211
101765.4
101766.1
101851.5
102003.8
102211.8
102215.8
102232.8
102442.211
102442.4
102443.1
102498.5
102639.8
103221.8
103294.4
103295.212
103395.2
103407.5
103895.3
104395.1
107606.4
107748.5
107879.8
108108.8
108337.211
108337.4
108338.1
108372.5
108575.8
108695.8
109030.211
109030.4
109031.1
109072.5
109283.8
109394.8
109597.8
109750.211
109750.4
109751.1
109807.5
109955.8
110166.8
110171.8
110284.8
110397.211
110397.4
110398.1
110446.5
110610.8
110623.8
110872.8
110885.8
111098.211
111098.4
111099.1
111154.5
111274.8
111422.8
111440.8
111758.211
111758.4
111759.1
111809.5
111898.8
112106.8
112155.8
112273.211
112273.4
112274.1
112310.5
112315.4
112453.5
112526.8
112546.8
112813.8
112937.211
112937.4
112938.1
112978.5
113080.8
113147.8
113260.8
113392.8
113493.211
113493.4
113494.1
113537.5
113763.8
113834.8
113887.8
113984.8
114147.211
114147.4
114148.1
114182.5
114298.8
114490.8
114576.8
114654.8
114746.8
114882.4
114883.212
114977.5
114983.2
115483.3
115983.1
116438.4
116740.5
116872.8
117075.8
117253.8
117348.211
117348.4
117349.1
117421.5
117561.8
117856.8
117941.8
118099.4
118100.212
118200.2
118216.5
118700.3
118789.4
119092.5
119200.1
119270.8
119407.8
119543.8
119635.211
119635.4
119636.1
119693.5
119843.8
120038.8
120097.8
120206.8
120261.211
120261.4
120262.1
120315.5
120566.8
120704.8
120789.8
120962.211
120962.4
120963.1
121089.5
121187.8
121190.8
121276.8
121299.8
121380.211
121380.4
121381.1
121411.5
121537.8
121597.8
121746.8
121803.8
121865.211
121865.4
121866.1
121907.5
121981.4
122014.5
122128.8
122382.8
122391.8
122450.8
122560.8
122636.4
122637.212
122737.2
122739.5
123237.3
123737.1
126149.4
126262.5
126556.4
126797.5
126996.8
127463.211
127463.4
127464.1
127513.5
127644.8
127866.8
128145.4
128146.212
128244.5
128246.2
128746.3
128776.4
128865.5
129246.1
130050.4
130381.5
130524.8
131034.4
131035.212
131135.2
131204.5
131635.3
132135.1
133120.4
133375.5
133824.8
134183.211
134183.4
134184.1
134259.5
134586.8
134980.211
134980.4
134981.1
135056.5
135494.8
135725.8
135917.211
135917.4
135918.1
135983.5
136093.8
136098.8
136382.8
136449.211
136449.4
136450.1
136509.5
136680.8
136894.8
137134.211
137134.4
137135.1
137188.5
137321.8
137809.8
137874.4
137875.212
137975.2
137985.5
138475.3
138975.1
139741.4
139859.5
140009.8
140567.4
140568.212
140668.2
140669.5
141168.3
141668.1
142946.4
143040.5
143906.8
144147.211
144147.4
144148.1
144199.5
144348.8
144665.211
144665.4
144666.1
144703.5
144844.8
145572.8
145631.4
145632.212
145732.2
145768.5
146232.3
146732.1
147602.4
147755.5
148386.8
148848.211
148848.4
148849.1
148916.5
149168.8
149174.8
149473.8
149576.211
149576.4
149577.1
149618.5
149802.8
149971.8
150313.4
150314.212
150414.2
150456.5
150914.3
151414.1
153565.4
153920.5
154974.8
155364.211
155364.4
155365.1
155419.5
155485.8
155621.8
155754.8
155835.211
155835.4
155836.1
155901.5
156056.8
156505.211
156505.4
156506.1
156559.5
156677.8
156790.8
156938.8
156939.8
156948.8
157010.8
157020.8
157207.4
157208.212
157295.5
157308.2
157808.3
158308.1
161085.4
161238.5
162395.4
162453.5
162554.8
162765.8
162888.8
162942.211
162942.4
162943.1
162990.5
163139.8
163277.8
163287.8
163298.8
163305.8
163336.8
163452.8
163525.211
163525.4
163526.1
163682.5
163794.8
164133.8
164214.211
164214.4
164215.1
164264.5
164558.8
164701.8
164787.211
164787.4
164788.1
164829.5
165116.8
165292.211
165292.4
165293.1
165331.5
165611.4
165638.5
167827.8
168143.211
168143.4
168144.1
168178.5
168268.8
168285.8
168452.8
168678.211
168678.4
168679.1
168723.5
168880.8
168971.8
169036.8
169286.211
169286.4
169287.1
169329.5
169352.4
169472.5
169591.8
169737.8
169779.8
170088.211
170088.4
170089.1
170228.5
170373.8
170822.8
170898.4
170899.212
170999.2
171050.5
171499.3
171999.1
173649.4
173844.5
174286.8
174711.211
174711.4
174712.1
174778.5
175729.8
175956.211
175956.4
175957.1
176001.5
176192.8
176200.8
176290.8
176486.211
176486.4
176487.1
176528.5
176635.8
176808.8
176835.8
176993.8
177075.211
177075.4
177076.1
177130.5
177263.8
177382.8
177865.4
177866.212
177966.2
177989.5
178466.3
180000.9
123456789
11
26
15
11
26
15
5
FI
1
5
10
07
01
10
40
01
6
2
1259
0
0
0
314159265
17
484
206
180000
314159265
0.1
688.8
910.8
1014.8
1125.211
1125.4
1126.1
1159.5
1239.8
1490.8
1555.8
1589.8
1602.8
1695.211
1695.4
1696.1
1789.5
2474.8
2584.8
2619.8
2679.8
2881.8
2892.8
3023.211
3023.4
3024.1
3059.5
3904.8
4125.8
4374.211
4374.4
4375.1
4434.5
4586.8
4793.8
4887.8
5080.8
5153.211
5153.4
5154.1
5242.5
5353.8
5484.8
5490.8
5746.8
5777.8
5789.8
5853.211
5853.4
5854.1
5907.5
6000.8
6095.8
6409.8
6488.8
6589.8
6590.8
6735.8
6737.8
6796.4
6797.212
6897.2
6924.5
7397.3
7897.1
9549.4
9683.5
10622.8
10907.8
11037.8
11129.211
11129.4
11130.1
11176.5
11352.8
11811.211
11811.4
11812.1
11875.5
12066.8
12270.8
12279.8
12347.8
12509.211
12509.4
12510.1
12589.5
12594.4
12652.5
12744.8
12930.8
13071.8
13174.211
13174.4
13175.1
13203.5
13341.8
13455.8
13713.8
13752.8
13821.211
13821.4
13822.1
13927.5
14096.8
14238.8
14327.8
14375.8
14532.211
14532.4
14533.1
14581.5
14708.8
14714.8
14816.8
14908.8
15040.8
15044.8
15122.211
15122.4
15123.1
15164.5
15294.8
15368.8
15552.211
15552.4
15553.1
15570.5
15667.4
15683.5
15786.8
15881.8
16005.8
16013.8
16098.8
16210.8
16274.211
16274.4
16275.1
16316.5
16432.8
16449.8
16592.8
16691.8
16923.211
16923.4
16924.1
16963.5
17121.8
17239.8
17347.8
17470.211
17470.4
17471.1
17522.5
17676.8
17809.8
17900.8
17903.8
18125.211
18125.4
18126.1
18160.5
18449.8
18482.8
18639.8
18749.8
18763.8
18870.211
18870.4
18871.1
18916.5
19095.8
19524.8
19576.211
19576.4
19577.1
19610.5
19867.8
20200.211
20200.4
20201.1
20259.5
20270.4
20346.5
20438.8
20542.8
20579.8
20814.211
20814.4
20815.1
20873.5
20959.4
21016.5
21562.4
21635.5
21733.8
22046.8
22054.8
22127.211
22127.4
22128.1
22165.5
22291.8
22438.8
22751.211
22751.4
22752.1
22784.5
22990.8
23229.8
23346.8
23354.8
23422.211
23422.4
23423.1
23468.5
23749.8
23865.8
23888.8
24026.211
24026.4
24027.1
24066.5
25022.8
25088.8
25162.8
25227.8
25371.8
25507.211
25507.4
25508.1
25541.5
25660.8
25744.8
25827.8
25992.211
25992.4
25993.1
26041.5
26126.8
26484.8
26503.8
26606.211
26606.4
26607.1
26644.5
26879.8
27094.8
27206.211
27206.4
27207.1
27523.5
27759.8
27780.8
27852.8
28184.8
28252.8
28352.8
28423.8
28514.4
28515.212
28615.2
28661.5
29115.3
29615.1
31725.4
31917.5
32291.8
32739.211
32739.4
32740.1
32787.5
33276.8
33298.8
33976.8
34044.4
34045.212
34140.5
34145.2
34645.3
35145.1
37143.4
37271.5
38216.8
38609.211
38609.4
38610.1
38661.5
38867.8
39068.8
39507.4
39508.212
39608.2
39615.5
40108.3
40608.1
42148.4
42288.5
42439.8
42564.8
42576.8
42823.8
42899.211
42899.4
42900.1
42951.5
43152.8
43342.8
43579.8
43643.211
43643.4
43644.1
43688.5
43861.8
44258.211
44258.4
44259.1
44310.5
44407.8
44410.8
44661.8
44709.8
44721.8
44845.211
44845.4
44846.1
44894.5
44958.4
45054.5
45150.8
45241.8
45281.8
45360.8
45581.211
45581.4
45582.1
45630.5
45635.4
45678.5
45867.8
46029.8
46114.8
46126.8
46205.8
46299.211
46299.4
46300.1
46356.5
46357.4
46403.5
46514.8
46676.8
46885.211
46885.4
46886.1
46919.5
47039.8
47135.8
47290.8
47429.211
47429.4
47430.1
47490.5
47575.8
47705.8
47783.211
47783.4
47784.1
47820.5
47830.4
47860.5
48292.8
48757.211
48757.4
48758.1
48842.5
48930.8
49099.8
49104.8
49288.8
49357.211
49357.4
49358.1
49395.5
49575.8
49669.8
49711.8
49826.8
49870.8
49921.211
49921.4
49922.1
50051.5
50161.8
50444.8
50759.211
50759.4
50760.1
50810.5
50939.8
51275.8
51333.211
51333.4
51334.1
51371.5
51476.8
51575.8
51782.211
51782.4
51783.1
51803.5
51939.8
52031.8
52233.211
52233.4
52234.1
52287.5
52370.8
52478.8
52518.8
52615.8
52696.211
52696.4
52697.1
52731.5
52880.8
53187.8
53264.211
53264.4
53265.1
53299.5
54150.8
54262.8
54320.8
54387.211
54387.4
54388.1
54419.5
54513.8
54853.8
54865.8
55018.211
55018.4
55019.1
55039.5
55110.8
55342.8
55346.8
55353.8
55372.8
55551.211
55551.4
55552.1
55640.5
55764.8
55895.8
56036.211
56036.4
56037.1
56067.5
56188.8
56237.8
56480.8
56556.8
56664.8
56713.8
56763.211
56763.4
56764.1
56802.5
60990.8
61171.8
61235.8
61297.211
61297.4
61298.1
61327.5
66259.8
66354.8
66395.8
66521.211
66521.4
66522.1
66554.5
66665.8
66726.8
67115.8
67209.8
67290.4
67291.212
67391.2
67441.5
67891.3
68391.1
71031.8
71178.8
71376.8
71466.211
71466.4
71467.1
71507.5
71619.8
71738.8
72020.211
72020.4
72021.1
72131.5
72294.8
72485.8
72660.211
72660.4
72661.1
72972.5
73134.8
73791.8
73856.4
73857.212
73957.2
73984.5
74457.3
74957.1
77116.4
77206.5
77568.8
77953.211
77953.4
77954.1
78014.5
78154.8
78340.8
78530.8
78644.8
78713.211
78713.4
78714.1
78760.5
78905.8
79078.8
79419.211
79419.4
79420.1
79488.5
80335.8
81220.8
81310.4
81311.212
81411.2
81425.5
81911.3
82411.1
84127.4
84231.5
85087.8
85196.8
85282.211
85282.4
85283.1
85337.5
85481.8
85619.8
85823.211
85823.4
85824.1
85865.5
85880.4
85989.5
86096.8
86116.8
86449.211
86449.4
86450.1
86489.5
86600.8
86931.211
86931.4
86932.1
86979.5
87083.4
87158.5
87160.4
87201.5
87306.8
87379.8
87609.211
87609.4
87610.1
87661.5
87795.8
88010.8
88068.8
88136.211
88136.4
88137.1
88271.5
88355.8
88358.8
88413.8
88567.8
88684.211
88684.4
88685.1
88714.5
88865.8
89032.8
89083.8
89198.211
89198.4
89199.1
89231.5
89422.8
89583.8
89697.211
89697.4
89698.1
89732.5
89953.8
90058.8
90091.8
90148.211
90148.4
90149.1
90179.5
90427.8
90472.8
90639.211
90639.4
90640.1
90669.5
91140.8
91310.8
91355.8
91357.8
91414.211
91414.4
91415.1
91457.5
91574.8
91820.8
91891.211
91891.4
91892.1
91938.5
92168.8
92340.8
92455.8
92508.211
92508.4
92509.1
92544.5
92755.8
92832.8
92910.211
92910.4
92911.1
92936.5
93046.8
93382.211
93382.4
93383.1
93426.5
93509.8
93559.8
93645.8
93649.8
93660.8
93661.8
93693.8
93832.8
93837.8
93839.8
93971.8
94050.211
94050.4
94051.1
94082.5
94191.8
94407.8
94578.211
94578.4
94579.1
94615.5
94751.8
94989.8
95061.211
95061.4
95062.1
95087.5
95299.8
95434.8
95580.8
95697.211
95697.4
95698.1
95772.5
95846.8
96002.8
96217.8
96271.8
96356.8
96458.4
96459.212
96559.2
96633.5
97059.3
97559.1
97940.4
98146.5
98278.8
98768.211
98768.4
98769.1
98830.5
100382.8
100898.8
100958.211
100958.4
100959.1
101019.5
101782.8
102295.8
102400.4
102401.212
102499.5
102501.2
103001.3
103501.1
105866.4
105939.5
106162.8
106409.8
106634.211
106634.4
106635.1
106692.5
106901.8
107051.8
107200.211
107200.4
107201.1
107243.5
107410.8
107731.211
107731.4
107732.1
107852.5
107981.8
108222.211
108222.4
108223.1
108328.5
108416.8
108667.211
108667.4
108668.1
108701.5
108805.8
109088.211
109088.4
109089.1
109130.5
109400.4
109419.5
109534.8
109592.8
109661.8
109759.8
109800.8
109863.211
109863.4
109864.1
109947.5
110040.8
110196.8
110389.8
110433.8
110521.211
110521.4
110522.1
110611.5
110690.8
110778.8
110980.211
110980.4
110981.1
111011.5
111134.8
111311.8
111345.8
111356.8
111410.211
111410.4
111411.1
111441.5
111558.8
111618.8
111774.8
111939.8
112012.211
112012.4
112013.1
112059.5
112197.8
112253.8
112360.8
112490.8
112621.211
112621.4
112622.1
112667.5
114034.8
114154.8
114191.8
114330.8
114345.8
114510.211
114510.4
114511.1
114555.5
114674.8
114902.8
114978.211
114978.4
114979.1
115017.5
115111.8
115214.8
115281.8
115458.211
115458.4
115459.1
115515.5
115700.8
115972.8
116040.211
116040.4
116041.1
116080.5
116368.8
116463.211
116463.4
116464.1
116491.5
116681.8
116691.8
116873.8
116902.8
116909.8
117055.211
117055.4
117056.1
117089.5
117201.8
117591.8
117608.8
117671.211
117671.4
117672.1
117713.5
117808.8
117962.8
118073.211
118073.4
118074.1
118124.5
118517.8
118589.8
118610.8
118687.8
118788.8
119011.211
119011.4
119012.1
119046.5
119172.8
119344.8
119358.8
119494.8
119558.8
119563.8
119566.8
119586.8
119588.8
119657.8
119708.211
119708.4
119709.1
119746.5
120033.4
120046.5
120137.8
120144.8
120371.211
120371.4
120372.1
120404.5
120915.8
121108.8
121139.8
121150.8
121261.211
121261.4
121262.1
121292.5
121602.4
121858.5
121979.8
122124.8
122236.8
122248.8
122309.211
122309.4
122310.1
122349.5
122675.8
122762.211
122762.4
122763.1
122784.5
122866.8
122939.8
123048.8
123218.8
123409.8
123419.8
123496.4
123497.212
123591.5
123597.2
124097.3
124597.1
124939.4
125353.5
125452.4
125793.5
125937.8
126217.8
126558.4
126559.212
126659.2
126663.5
127159.3
127659.1
128110.4
128821.5
129525.4
129691.5
129837.8
130127.8
130356.211
130356.4
130357.1
130437.5
130650.8
130903.8
131124.8
131348.4
131349.212
131449.2
131452.5
131949.3
132449.1
132953.4
133151.5
133851.8
134094.8
134225.8
134308.211
134308.4
134309.1
134371.5
134707.8
135181.211
135181.4
135182.1
135225.5
136784.4
136834.5
136931.8
137073.8
137270.211
137270.4
137271.1
137335.5
137346.4
137411.5
137505.8
137743.8
137844.8
137937.211
137937.4
137938.1
137992.5
138003.4
138012.5
138208.4
138341.5
138425.8
138433.8
138790.8
138846.211
138846.4
138847.1
138885.5
139011.8
139223.8
139393.211
139393.4
139394.1
139489.5
139567.8
139829.8
139890.8
139949.8
140055.211
140055.4
140056.1
140099.5
140214.8
140434.8
140456.8
140655.8
140762.211
140762.4
140763.1
140798.5
140940.8
141192.8
141251.211
141251.4
141252.1
141291.5
141672.8
141739.8
141875.8
142116.8
142303.4
142304.212
142404.2
142428.5
142904.3
143404.1
145263.4
145446.5
145993.8
146219.211
146219.4
146220.1
146369.5
146513.8
146646.8
146649.8
146660.8
146761.8
146846.211
146846.4
146847.1
147010.5
147120.8
147249.8
147458.211
147458.4
147459.1
147494.5
147636.8
147972.211
147972.4
147973.1
148002.5
148083.4
148142.5
148151.4
148155.5
148338.4
148401.5
148468.8
148673.8
148861.211
148861.4
148862.1
148910.5
148919.4
148951.5
149056.8
149153.8
149340.8
149396.8
149403.8
149562.8
149575.8
149637.211
149637.4
149638.1
149696.5
149826.8
150077.8
150295.211
150295.4
150296.1
150333.5
150451.8
150617.8
150734.211
150734.4
150735.1
150761.5
150925.8
151068.8
151206.8
151307.211
151307.4
151308.1
151371.5
151509.8
151521.8
151631.211
151631.4
151632.1
151689.5
151753.8
151955.8
152020.211
152020.4
152021.1
152051.5
152253.8
152344.8
152531.8
152662.211
152662.4
152663.1
152708.5
152853.8
153113.8
153247.8
153575.4
153576.212
153673.5
153676.2
154176.3
154676.1
156558.4
156716.5
156849.4
157027.5
157162.8
157370.8
157460.8
157666.211
157666.4
157667.1
157708.5
158784.4
158961.5
159090.8
159252.8
159440.211
159440.4
159441.1
159479.5
159574.8
159586.8
159752.8
159857.8
159923.8
160219.4
160220.212
160311.5
160320.2
160820.3
161320.1
161865.4
162024.5
162333.8
162740.8
162746.8
162752.8
162839.211
162839.4
162840.1
162873.5
163729.8
164074.211
164074.4
164075.1
164133.5
164288.8
164619.8
164765.211
164765.4
164766.1
164807.5
165081.8
165390.8
165397.8
165612.211
165612.4
165613.1
165662.5
166112.8
166496.211
166496.4
166497.1
166552.5
166737.8
166899.8
167288.8
167446.4
167447.212
167547.2
167550.5
168047.3
168547.1
169447.4
169514.5
170557.8
170837.211
170837.4
170838.1
170866.5
170982.8
171178.8
171186.8
171354.211
171354.4
171355.1
171409.5
171586.8
172407.4
172408.212
172508.2
172511.5
173008.3
173508.1
174929.4
175273.5
176302.8
176388.211
176388.4
176389.1
176416.5
176768.8
177089.211
177089.4
177090.1
177140.5
177281.8
177421.8
177763.211
177763.4
177764.1
177810.5
179460.8
179797.211
179797.4
179798.1
180000.9
123456789
11
27
15
11
27
15
5
FI
1
5
9
48
02
10
21
02
6
2
1002
0
0
0
314159265
27
381
165
180000
314159265
0.1
569.8
637.8
704.8
763.8
835.8
886.8
1015.8
1018.8
1126.211
1126.4
1127.1
1160.5
1304.8
1430.8
1468.8
1651.8
1655.8
1729.8
1956.4
1957.212
2057.2
2065.5
2557.3
2975.4
3057.1
3070.5
3077.4
3169.5
3345.8
3448.8
3510.8
3573.8
3815.8
3899.8
4022.4
4023.212
4123.2
4144.5
4623.3
4996.4
5123.1
5159.5
5295.8
5369.8
5640.8
6130.8
6137.8
6211.4
6212.212
6312.2
6332.5
6812.3
7312.1
9195.4
9289.5
9745.8
10050.211
10050.4
10051.1
10363.5
10679.8
10812.8
10928.8
11004.8
11101.211
11101.4
11102.1
11201.5
11337.8
11512.8
11559.8
11568.8
11628.8
11752.211
11752.4
11753.1
11866.5
12001.8
12186.8
12195.8
12209.8
12232.8
12332.8
12404.8
12530.8
12535.8
12688.4
12689.212
12789.2
12809.5
13289.3
13789.1
14108.4
14185.5
14421.8
14749.8
14766.8
14978.8
15052.4
15053.212
15152.5
15153.2
15653.3
16153.1
18903.4
18999.5
19183.8
19561.8
19663.211
19663.4
19664.1
19810.5
20241.8
20345.8
20507.8
20514.8
20682.211
20682.4
20683.1
20772.5
20877.8
21114.8
21169.8
21171.8
21243.211
21243.4
21244.1
21288.5
21437.8
21592.8
21632.8
21678.8
21836.211
21836.4
21837.1
21895.5
22059.8
22267.8
22493.8
22575.211
22575.4
22576.1
22742.5
22745.4
22749.5
22781.4
22882.5
22989.8
23210.8
23259.8
23269.8
23379.211
23379.4
23380.1
23421.5
23522.4
23545.5
23671.8
23831.8
23911.8
23996.8
24007.8
24183.8
24251.211
24251.4
24252.1
24295.5
24437.4
24489.5
24596.8
24787.8
24898.8
25023.211
25023.4
25024.1
25075.5
25247.8
25386.8
25466.8
25593.211
25593.4
25594.1
25641.5
25870.8
25990.211
25990.4
25991.1
26013.5
26110.8
26206.8
26273.8
26357.8
26459.8
26535.211
26535.4
26536.1
26576.5
26888.8
26928.8
27036.8
27182.8
27315.211
27315.4
27316.1
27370.5
27481.8
27725.8
27750.8
27813.8
27915.8
28062.211
28062.4
28063.1
28195.5
28279.4
28524.5
28549.4
28665.5
28788.8
28849.8
28946.8
29016.8
29020.8
29088.8
29180.8
29289.8
29388.211
29388.4
29389.1
29423.5
29979.8
30121.8
30181.8
30202.8
30347.8
30432.8
30436.8
30602.4
30603.212
30703.2
30736.5
31203.3
31703.1
34095.4
34288.5
34299.4
34473.5
34761.4
34836.5
35112.8
35325.8
35395.8
35495.211
35495.4
35496.1
35532.5
35754.8
35931.8
35955.8
35974.8
36117.8
36125.8
36251.211
36251.4
36252.1
36317.5
36760.8
36803.8
36862.8
37037.8
37103.211
37103.4
37104.1
37144.5
37978.8
38046.211
38046.4
38047.1
38188.5
38573.8
38854.8
38862.8
38867.8
38989.8
39066.211
39066.4
39067.1
39109.5
39231.8
39398.8
39542.8
39653.211
39653.4
39654.1
39705.5
39863.8
39912.8
40060.8
40203.8
40260.8
40461.211
40461.4
40462.1
40509.5
40799.8
40913.8
41141.8
41230.8
41263.8
41266.8
41267.8
41424.4
41425.212
41525.2
41534.5
42025.3
42525.1
44663.4
44782.5
45905.8
46093.211
46093.4
46094.1
46149.5
46305.8
46693.8
46843.211
46843.4
46844.1
46890.5
47079.8
47359.8
47619.8
47624.8
47741.4
47742.212
47842.2
47869.5
48342.3
48842.1
51958.4
52183.5
52590.8
52595.8
52756.8
53015.211
53015.4
53016.1
53056.5
53268.8
53649.8
53810.211
53810.4
53811.1
53855.5
54049.8
54407.8
54595.211
54595.4
54596.1
54644.5
54814.8
54822.8
54834.8
54835.8
55118.8
55249.8
55324.8
55328.8
55462.4
55463.212
55553.5
55563.2
56063.3
56563.1
57229.4
57334.5
57908.4
58091.5
58221.8
59110.4
59111.212
59211.2
59240.5
59711.3
60211.1
61139.4
61253.5
63343.8
63356.8
63657.211
63657.4
63658.1
63776.5
64013.8
64260.8
64503.211
64503.4
64504.1
64620.5
64818.8
64820.8
65039.8
65109.211
65109.4
65110.1
65205.5
65327.8
65656.8
65803.8
65885.211
65885.4
65886.1
65949.5
66168.8
66386.8
66453.8
66528.8
66605.211
66605.4
66606.1
66663.5
66791.8
66872.8
66883.8
66999.8
67146.8
67277.211
67277.4
67278.1
67322.5
67455.8
67979.8
68001.8
68071.4
68072.212
68172.2
68213.5
68672.3
69172.1
69606.4
69732.5
70109.4
70214.5
70585.8
70702.8
70705.8
71001.8
71281.4
71282.212
71382.2
71409.5
71882.3
72382.1
74462.4
74661.5
75964.8
76116.8
76185.211
76185.4
76186.1
76226.5
76439.8
76763.211
76763.4
76764.1
76826.5
77597.8
77671.211
77671.4
77672.1
77701.5
77828.8
77979.8
78082.8
78235.211
78235.4
78236.1
78294.5
79018.8
79093.211
79093.4
79094.1
79125.5
79928.8
80134.211
80134.4
80135.1
80182.5
80408.8
80552.8
80635.8
80717.8
80783.211
80783.4
80784.1
80840.5
80994.8
81216.8
81292.8
81330.8
81345.8
81598.4
81599.212
81699.2
81751.5
82199.3
82699.1
85132.4
85372.5
85499.4
85642.5
85774.8
86024.8
86141.8
86214.211
86214.4
86215.1
86256.5
86473.8
86642.8
86755.8
86925.211
86925.4
86926.1
86991.5
87279.8
87611.8
87741.8
87926.4
87927.212
88027.2
88042.5
88527.3
89027.1
89636.4
89894.5
90129.8
90565.8
90763.4
90764.212
90856.5
90864.2
91364.3
91864.1
93433.4
93553.5
93694.8
94625.4
94626.212
94726.2
94750.5
95226.3
95726.1
98451.4
98598.5
99194.8
99710.211
99710.4
99711.1
99931.5
100071.8
100503.211
100503.4
100504.1
100546.5
100713.8
101006.8
101085.211
101085.4
101086.1
101128.5
101285.8
101406.8
101569.8
101640.211
101640.4
101641.1
101691.5
101841.8
101954.8
102212.211
102212.4
102213.1
102249.5
102378.8
102518.8
102650.8
102662.8
102768.211
102768.4
102769.1
102811.5
102924.8
103045.8
103293.8
103475.211
103475.4
103476.1
103521.5
103721.8
103859.8
103997.211
103997.4
103998.1
104038.5
104203.4
104251.5
104279.4
104284.5
104467.8
104531.8
104798.8
104869.211
104869.4
104870.1
104914.5
105022.8
105071.8
105156.8
105229.8
105344.211
105344.4
105345.1
105375.5
106315.8
106358.8
106391.8
106465.211
106465.4
106466.1
106508.5
106591.8
106625.8
106743.8
106846.8
106900.8
107030.211
107030.4
107031.1
107070.5
107198.8
107442.8
107453.8
107495.8
107540.8
107717.8
107841.4
107842.212
107942.2
107955.5
108442.3
108942.1
110233.4
110235.5
110237.4
110395.5
111760.8
111898.8
111966.211
111966.4
111967.1
112109.5
112832.8
113114.211
113114.4
113115.1
113195.5
114067.8
114151.211
114151.4
114152.1
114181.5
114320.8
114524.8
114527.8
114534.8
114585.8
114605.8
114707.8
114794.211
114794.4
114795.1
114848.5
115042.8
115433.8
115451.8
115526.211
115526.4
115527.1
115564.5
115686.8
115899.8
116238.211
116238.4
116239.1
116281.5
116400.8
116717.8
116723.8
116833.8
116957.211
116957.4
116958.1
116998.5
117153.8
117354.8
117403.8
117685.211
117685.4
117686.1
117739.5
118094.8
118222.8
118388.8
118546.211
118546.4
118547.1
118607.5
118730.8
118886.8
118975.8
119058.211
119058.4
119059.1
119105.5
119285.8
119433.8
119677.8
119780.211
119780.4
119781.1
119820.5
119937.8
120036.8
120278.8
120358.8
120400.8
120402.8
120535.211
120535.4
120536.1
120600.5
120604.4
120789.5
120886.8
121036.8
121420.8
121487.4
121488.212
121588.2
121596.5
122088.3
122588.1
123338.4
123532.5
123536.4
123538.5
123541.4
123648.5
123794.8
124042.8
124667.4
124668.212
124768.2
124777.5
125268.3
125768.1
128203.4
128335.5
128701.8
129168.211
129168.4
129169.1
129205.5
129421.8
129586.8
129767.8
129997.211
129997.4
129998.1
130055.5
130220.8
130528.8
130729.8
131011.4
131012.212
131106.5
131112.2
131612.3
132112.1
134496.4
134605.5
135122.4
135305.5
135442.8
135821.8
135907.211
135907.4
135908.1
135950.5
136098.8
136242.8
136408.8
136427.8
136621.211
136621.4
136622.1
136661.5
137111.8
137483.211
137483.4
137484.1
137532.5
137681.8
138000.8
138122.211
138122.4
138123.1
138157.5
138248.8
138375.8
138494.211
138494.4
138495.1
138529.5
138653.8
138774.8
138857.8
138947.8
138950.8
139064.8
139115.211
139115.4
139116.1
139167.5
139328.8
139344.8
139782.8
139862.211
139862.4
139863.1
139894.5
140061.8
140608.211
140608.4
140609.1
140671.5
140951.8
141246.8
141336.8
141533.8
141660.4
141661.212
141761.2
141782.5
142261.3
142761.1
143930.4
143932.5
143933.4
144136.5
147250.8
147552.8
147601.8
147889.4
147890.212
147990.2
148035.5
148490.3
148990.1
150969.4
151239.5
151999.8
152516.211
152516.4
152517.1
152603.5
153011.8
153233.8
153417.8
153554.211
153554.4
153555.1
153600.5
153786.8
153965.8
154113.8
154158.8
154265.211
154265.4
154266.1
154307.5
154453.8
154736.8
154980.8
155118.4
155119.212
155219.2
155241.5
155719.3
156219.1
157049.4
157264.5
158280.8
158546.211
158546.4
158547.1
158603.5
158725.8
159365.8
159450.4
159451.212
159551.2
159554.5
160051.3
160551.1
162322.4
162848.5
163049.4
163325.5
164262.8
164623.211
164623.4
164624.1
164664.5
164884.8
165079.8
165327.211
165327.4
165328.1
165366.5
165537.8
165994.8
166013.8
166022.8
166133.211
166133.4
166134.1
166189.5
166334.8
166800.8
166940.4
166941.212
167041.2
167049.5
167541.3
168041.1
168665.4
168853.5
170009.8
170015.8
170348.211
170348.4
170349.1
170443.5
172207.8
172212.8
172216.8
172412.211
172412.4
172413.1
172510.5
172602.8
172637.8
172904.8
173010.8
173042.8
173153.211
173153.4
173154.1
173257.5
173320.4
173390.5
173483.8
173748.8
173867.8
173878.8
174099.4
174100.212
174200.2
174211.5
174700.3
175200.1
176056.4
176146.5
177151.8
177554.211
177554.4
177555.1
177599.5
177795.8
178465.8
178601.4
178602.212
178702.2
178714.5
179202.3
180000.9
123456789
11
28
15
11
28
15
5
FI
1
5
9
47
33
10
20
33
6
2
770
0
0
0
314159265
23
235
148
180000
314159265
0.1
329.8
487.8
635.211
635.4
636.1
684.5
747.8
915.8
989.8
1057.8
1069.8
1311.211
1311.4
1312.1
1379.5
1459.8
1703.8
1743.8
1791.8
1879.8
2039.8
2200.4
2201.212
2301.2
2324.5
2801.3
3301.1
3527.4
3575.5
3683.8
3876.8
4452.8
4962.4
4963.212
5063.2
5161.5
5563.3
6063.1
9297.4
9439.5
9595.4
9655.5
9787.8
9983.8
10167.8
10422.4
10423.212
10523.2
10651.5
11023.3
11523.1
12010.4
12167.5
13367.4
13519.5
13766.8
14058.8
14223.211
14223.4
14224.1
14437.5
15045.8
15261.8
15418.211
15418.4
15419.1
15588.5
16040.8
16255.8
16263.8
16418.8
16529.211
16529.4
16530.1
16624.5
16766.8
16899.8
17149.8
17417.4
17418.212
17512.5
17518.2
18018.3
18518.1
19693.4
19783.5
19845.4
20260.5
21377.4
21592.5
21768.8
22020.8
22485.4
22486.212
22586.2
22604.5
23086.3
23586.1
26069.4
26380.5
27193.8
27525.211
27525.4
27526.1
27615.5
27734.8
28226.211
28226.4
28227.1
28428.5
28902.8
29062.8
29269.8
29336.211
29336.4
29337.1
29423.5
29432.4
29444.5
29596.8
29780.8
30078.8
30312.4
30313.212
30411.5
30413.2
30913.3
31413.1
35069.4
35070.5
35072.4
35246.5
35534.4
35770.5
37092.4
37159.5
37291.8
37517.8
37530.8
37742.211
37742.4
37743.1
37786.5
37955.8
38263.211
38263.4
38264.1
38288.5
38396.8
38664.8
38795.8
38936.211
38936.4
38937.1
39000.5
39226.8
39681.211
39681.4
39682.1
39746.5
39932.8
40458.8
40537.4
40538.212
40636.5
40638.2
41138.3
41638.1
42348.4
42679.5
43507.8
43842.211
43842.4
43843.1
44005.5
44639.4
44714.5
44813.8
45171.8
45379.211
45379.4
45380.1
45664.5
45780.8
45975.8
45988.8
46128.8
46255.211
46255.4
46256.1
46294.5
46490.8
46646.8
46781.211
46781.4
46782.1
46894.5
47839.8
48045.8
48181.8
48268.211
48268.4
48269.1
48314.5
48648.8
48805.8
48820.8
49038.8
49172.211
49172.4
49173.1
49229.5
49436.8
49505.8
49601.8
49723.8
49853.211
49853.4
49854.1
49894.5
49994.4
50058.5
50195.8
50640.8
50865.4
50866.212
50958.5
50966.2
51466.3
51966.1
53409.8
54025.4
54026.212
54111.5
54126.2
54626.3
55126.1
57729.8
58063.211
58063.4
58064.1
58123.5
58329.8
58573.8
58732.8
58751.8
58898.211
58898.4
58899.1
58967.5
59134.8
59501.8
59776.4
59777.212
59877.2
59900.5
60377.3
60877.1
63781.4
63898.5
64816.8
64921.211
64921.4
64922.1
65001.5
65107.8
65222.8
65392.8
65402.8
65484.211
65484.4
65485.1
65548.5
65889.8
65908.8
66030.8
66124.8
66205.8
66308.211
66308.4
66309.1
66363.5
66837.8
67111.211
67111.4
67112.1
67240.5
67828.8
68318.211
68318.4
68319.1
68358.5
68502.8
68515.8
68589.8
68890.8
69061.211
69061.4
69062.1
69116.5
69234.8
69373.8
69568.8
69737.211
69737.4
69738.1
69774.5
69967.8
70271.8
70342.8
70440.8
70584.4
70585.212
70685.2
70691.5
71185.3
71685.1
75148.4
75330.5
75572.8
75940.8
76213.4
76214.212
76299.5
76314.2
76814.3
77314.1
78444.4
78702.5
80729.4
80824.5
80931.8
81122.8
81867.4
81868.212
81968.2
82010.5
82468.3
82968.1
87147.4
87314.5
88095.8
88411.8
88507.8
88576.211
88576.4
88577.1
88652.5
89250.8
89550.211
89550.4
89551.1
89663.5
89798.8
89972.8
90382.211
90382.4
90383.1
90438.5
90567.8
90827.8
91163.211
91163.4
91164.1
91237.5
91420.8
91525.8
91846.211
91846.4
91847.1
91880.5
92357.8
92868.211
92868.4
92869.1
92921.5
93086.8
93748.4
93749.212
93849.2
93851.5
94349.3
94849.1
97184.4
97540.5
98289.8
98291.8
98443.8
98707.211
98707.4
98708.1
98750.5
98906.8
99408.211
99408.4
99409.1
99502.5
99608.8
99850.8
99950.8
100241.4
100242.212
100342.2
100369.5
100842.3
101342.1
102850.4
103002.5
104521.8
104844.211
104844.4
104845.1
104891.5
105236.8
105476.8
105624.8
105807.211
105807.4
105808.1
105881.5
106746.8
106999.8
107069.211
107069.4
107070.1
107127.5
107445.8
108275.8
108340.4
108341.212
108441.2
108452.5
108941.3
109441.1
110843.4
111105.5
111262.4
111803.5
112234.8
112539.8
112629.211
112629.4
112630.1
112685.5
112849.8
112919.8
113280.211
113280.4
113281.1
113317.5
113406.4
113511.5
113596.8
113709.8
113919.8
114019.211
114019.4
114020.1
114046.5
114183.8
114636.211
114636.4
114637.1
114693.5
114809.4
114837.5
114923.8
114960.8
115185.8
115201.8
115232.8
115456.211
115456.4
115457.1
115494.5
115620.8
115662.8
116127.211
116127.4
116128.1
116168.5
116233.4
116288.5
116383.8
116421.8
116608.8
116756.211
116756.4
116757.1
116789.5
117572.8
117698.8
117854.8
117985.211
117985.4
117986.1
118033.5
118278.8
118783.211
118783.4
118784.1
118831.5
118947.8
118984.8
119133.8
119396.211
119396.4
119397.1
119423.5
119760.4
119777.5
119871.8
119892.8
120160.8
120561.4
120562.212
120662.2
120673.5
121162.3
121662.1
125562.4
125774.5
126559.4
126665.5
127481.8
127613.8
127794.211
127794.4
127795.1
127829.5
127988.8
128194.8
128311.211
128311.4
128312.1
128342.5
128460.8
128578.8
128624.8
128697.8
128704.8
128818.8
128934.211
128934.4
128935.1
128971.5
129298.8
129380.8
129476.211
129476.4
129477.1
129503.5
130049.8
130432.211
130432.4
130433.1
130542.5
130640.8
130698.8
131121.8
131131.8
131232.8
131453.4
131454.212
131554.2
131590.5
132054.3
132554.1
133869.4
133955.5
134077.4
134286.5
134459.8
135230.4
135231.212
135331.2
135334.5
135831.3
136331.1
139353.4
139497.5
139673.8
140350.4
140351.212
140451.2
140483.5
140951.3
141451.1
144702.4
144980.5
146279.4
146458.5
147206.4
147261.5
147711.8
148036.211
148036.4
148037.1
148108.5
148976.4
149082.5
149214.8
149476.8
149493.8
149498.8
149503.8
149596.211
149596.4
149597.1
149653.5
150132.4
150156.5
150676.8
150865.211
150865.4
150866.1
150909.5
151059.8
151370.8
151428.8
151518.211
151518.4
151519.1
151558.5
151757.8
151794.8
151928.8
151933.8
152107.8
152228.211
152228.4
152229.1
152285.5
153102.4
153143.5
156586.8
157105.211
157105.4
157106.1
157150.5
157325.8
157739.8
157927.4
157928.212
158028.2
158057.5
158528.3
159028.1
159494.4
159667.5
159945.8
160188.8
160352.211
160352.4
160353.1
160409.5
162163.4
162245.5
163067.8
163356.211
163356.4
163357.1
163403.5
163527.8
163839.211
163839.4
163840.1
163881.5
164105.8
164432.211
164432.4
164433.1
164472.5
164609.8
164762.8
165020.8
165152.211
165152.4
165153.1
165190.5
165326.8
165422.8
165830.211
165830.4
165831.1
165862.5
166045.8
166223.8
166326.211
166326.4
166327.1
166358.5
166525.8
166940.8
167075.211
167075.4
167076.1
167122.5
168186.8
168405.8
168622.211
168622.4
168623.1
168657.5
168960.4
169001.5
169054.4
169055.5
169125.4
169764.5
169814.4
169889.5
171489.8
171731.211
171731.4
171732.1
171755.5
171851.8
172092.8
172175.8
172304.8
172326.8
172426.211
172426.4
172427.1
172464.5
172803.4
172850.5
172853.4
172880.5
172965.8
172996.8
173069.8
173236.8
173370.8
173495.211
173495.4
173496.1
173570.5
173689.8
173745.8
173939.8
174190.8
174209.8
174327.4
174328.212
174416.5
174428.2
174928.3
175428.1
176382.4
176455.5
176459.4
176642.5
176760.8
176899.8
177205.8
177606.4
177607.212
177707.2
177732.5
178175.4
178207.3
178258.5
178707.1
178766.4
180000.9
123456789
11
29
15
11
29
15
5
FI
1
5
9
48
33
10
21
33
6
2
792
0
0
0
314159265
16
293
130
180000
314159265
0.1
303.8
742.211
742.4
743.1
806.5
863.4
921.5
989.8
1429.8
1511.211
1511.4
1512.1
1549.5
1639.8
1857.8
1916.8
2163.211
2163.4
2164.1
2247.5
2459.8
2785.8
2937.8
3044.211
3044.4
3045.1
3108.5
3331.8
3365.8
3497.8
3606.8
3704.211
3704.4
3705.1
3749.5
3880.8
3895.8
3923.8
4037.8
4160.8
4256.8
4581.4
4582.212
4682.2
4691.5
5182.3
5682.1
5880.4
5949.5
6073.8
6151.8
6250.8
6335.8
6354.8
6357.8
6371.8
6479.8
6564.211
6564.4
6565.1
6873.5
7154.8
7332.8
7808.4
7809.212
7903.5
7909.2
8409.3
8909.1
8963.4
9056.5
9470.4
9655.5
10310.8
10363.8
10423.8
10498.8
10650.8
10718.211
10718.4
10719.1
10926.5
11027.8
11071.8
11536.8
11672.8
11747.8
11809.4
11810.212
11892.5
11910.2
12410.3
12910.1
13265.4
13565.5
13680.8
13751.8
13881.8
13968.8
14094.211
14094.4
14095.1
14175.5
14338.8
14607.8
14621.8
14709.8
14795.211
14795.4
14796.1
14958.5
15229.4
15306.5
15394.8
15646.8
15702.8
15815.8
15926.211
15926.4
15927.1
16037.5
16169.8
16491.8
16564.8
16609.8
16677.8
16833.4
16834.212
16934.2
16934.5
17434.3
17934.1
21967.8
21980.8
22457.8
22777.4
22778.212
22870.5
22878.2
23378.3
23878.1
25245.4
25407.5
26504.8
26693.8
26801.211
26801.4
26802.1
26951.5
27096.8
27466.8
27533.211
27533.4
27534.1
27630.5
27638.4
27713.5
28862.8
29051.8
29119.211
29119.4
29120.1
29178.5
29468.8
29697.8
29910.211
29910.4
29911.1
29958.5
30118.8
30631.8
30705.211
30705.4
30706.1
30765.5
30912.8
31209.8
31327.8
31425.211
31425.4
31426.1
31467.5
31856.8
31983.8
31999.8
32124.8
32320.8
32399.211
32399.4
32400.1
32438.5
32634.8
32667.8
32751.8
32776.8
32963.8
33078.8
33095.8
33203.211
33203.4
33204.1
33482.5
34188.8
34216.8
34235.8
34437.8
34463.8
34546.8
34626.211
34626.4
34627.1
34712.5
34831.8
34962.8
35079.211
35079.4
35080.1
35126.5
35745.4
35786.5
35889.8
35914.8
35953.8
35969.8
36041.8
36139.8
36575.4
36576.212
36676.2
36688.5
37176.3
37676.1
43251.8
43413.8
43526.211
43526.4
43527.1
43587.5
43724.8
43959.8
43978.8
44049.211
44049.4
44050.1
44105.5
44293.8
44324.8
44642.211
44642.4
44643.1
44683.5
44761.8
44920.8
45085.8
45194.211
45194.4
45195.1
45235.5
45360.8
45369.8
45576.8
45741.8
45855.8
45926.211
45926.4
45927.1
45969.5
46147.8
46185.8
46534.211
46534.4
46535.1
46566.5
46935.8
46958.8
47016.8
47305.8
47314.8
47384.211
47384.4
47385.1
47423.5
47613.8
47839.8
48209.211
48209.4
48210.1
48256.5
48460.8
48915.8
49137.8
49143.8
49170.8
49292.4
49293.212
49392.5
49393.2
49893.3
50393.1
51917.4
52035.5
52059.4
52098.5
52722.8
53017.211
53017.4
53018.1
53058.5
55497.8
55504.8
55714.211
55714.4
55715.1
55817.5
55927.8
56110.8
56214.8
56423.211
56423.4
56424.1
56459.5
56655.8
56902.211
56902.4
56903.1
56923.5
57021.8
57029.8
57171.8
57208.8
57308.8
57423.211
57423.4
57424.1
57470.5
57636.8
57817.8
57919.211
57919.4
57920.1
57941.5
58029.8
58410.211
58410.4
58411.1
58440.5
58949.8
59054.8
59152.8
59227.8
59338.211
59338.4
59339.1
59394.5
59488.8
59654.8
59741.8
59842.8
59852.8
60019.8
60075.211
60075.4
60076.1
60110.5
60947.8
61020.8
61166.211
61166.4
61167.1
61205.5
61956.8
62058.8
62124.8
62309.211
62309.4
62310.1
62350.5
63581.8
63615.8
63740.8
63983.211
63983.4
63984.1
64030.5
64189.8
64198.8
64406.8
64557.8
64804.8
64956.4
64957.212
65047.5
65057.2
65557.3
66057.1
67072.4
67218.5
67725.8
67868.8
68087.211
68087.4
68088.1
68289.5
68454.8
68724.8
68759.8
68882.211
68882.4
68883.1
68924.5
69701.8
70106.211
70106.4
70107.1
70185.5
70302.8
70328.8
70734.211
70734.4
70735.1
70796.5
71133.8
71418.8
71421.8
71493.211
71493.4
71494.1
71534.5
71722.8
71777.8
71930.8
71943.8
72014.8
72123.8
72195.211
72195.4
72196.1
72236.5
72539.8
72656.8
72716.8
72811.211
72811.4
72812.1
72847.5
73328.8
73933.8
74006.4
74007.212
74107.2
74136.5
74607.3
75107.1
79607.8
79902.8
79979.211
79979.4
79980.1
80048.5
80164.8
80707.211
80707.4
80708.1
80745.5
80988.8
81337.8
81420.8
81574.211
81574.4
81575.1
81613.5
81741.8
81767.8
82106.8
82282.211
82282.4
82283.1
82327.5
82884.8
82898.8
83141.211
83141.4
83142.1
83263.5
84895.8
85118.8
85122.8
85191.211
85191.4
85192.1
85558.5
86122.8
86396.211
86396.4
86397.1
86625.5
88132.8
88170.8
88185.8
88234.8
88347.8
88451.211
88451.4
88452.1
88485.5
89773.8
89774.8
89814.8
89838.8
89908.211
89908.4
89909.1
89923.5
89992.8
90014.8
90111.8
90222.8
90299.8
90401.211
90401.4
90402.1
90442.5
91032.8
91180.8
91311.211
91311.4
91312.1
91357.5
92147.8
92171.8
92947.8
93322.4
93323.212
93423.2
93467.5
93923.3
94423.1
97818.4
97890.5
98662.4
98690.5
101874.8
102048.211
102048.4
102049.1
102077.5
104073.4
104090.5
104798.8
105016.8
105059.8
105183.211
105183.4
105184.1
105224.5
105804.8
106148.211
106148.4
106149.1
106200.5
106324.8
106520.8
106599.211
106599.4
106600.1
106638.5
107723.8
107776.8
108107.211
108107.4
108108.1
108146.5
111517.8
111885.211
111885.4
111886.1
111918.5
113016.8
113019.8
113240.8
113392.211
113392.4
113393.1
113430.5
113909.8
113975.8
114099.8
114372.8
114397.8
114520.4
114521.212
114612.5
114621.2
115121.3
115621.1
116438.4
116624.5
116798.8
116805.8
117333.211
117333.4
117334.1
117388.5
117858.8
118203.211
118203.4
118204.1
118250.5
118729.8
119585.4
119586.212
119686.2
119708.5
120186.3
120686.1
121506.4
121568.5
121984.8
122458.8
122480.8
122599.8
122738.4
122739.212
122839.2
122899.5
123339.3
123839.1
125645.4
125906.5
126024.8
126170.8
126452.211
126452.4
126453.1
126486.5
126646.8
126788.8
126949.8
126975.8
127145.211
127145.4
127146.1
127196.5
127418.8
127594.8
127977.211
127977.4
127978.1
128016.5
128203.8
128400.8
128587.8
128729.211
128729.4
128730.1
128778.5
128918.8
129139.8
129433.211
129433.4
129434.1
129486.5
129579.8
130069.8
130150.211
130150.4
130151.1
130188.5
131620.8
131966.8
132131.211
132131.4
132132.1
132162.5
132315.8
132730.211
132730.4
132731.1
132753.5
133085.4
133105.5
135206.8
135228.8
135515.211
135515.4
135516.1
135548.5
135705.8
136158.8
136275.211
136275.4
136276.1
136308.5
136465.8
136538.8
136616.8
136974.211
136974.4
136975.1
136996.5
137081.8
137357.8
137428.8
137431.8
137694.4
137695.212
137795.2
137797.5
138295.3
138795.1
141406.4
141469.5
141743.4
141935.5
142397.8
142871.211
142871.4
142872.1
142904.5
143647.8
143983.211
143983.4
143984.1
144041.5
144212.8
144648.8
144657.8
144944.4
144945.212
145045.2
145045.5
145545.3
146045.1
149370.4
149427.5
149625.4
149694.5
151120.4
151190.5
151700.4
151742.5
152482.8
152716.8
152725.8
152728.8
152964.211
152964.4
152965.1
152985.5
154393.8
154618.8
154767.211
154767.4
154768.1
154802.5
154997.8
155553.211
155553.4
155554.1
155597.5
155695.8
155856.8
156104.211
156104.4
156105.1
156141.5
157105.8
157402.211
157402.4
157403.1
157468.5
157557.8
158178.4
158179.212
158279.2
158311.5
158779.3
159279.1
162699.4
162806.5
164381.4
164396.5
165287.8
165542.211
165542.4
165543.1
165575.5
173452.4
180000.9
123456789
11
30
15
11
30
15
5
FI
1
5
9
49
37
10
22
37
6
2
698
0
0
0
314159265
22
209
128
180000
314159265
0.1
697.8
909.211
909.4
910.1
955.5
1035.8
1301.8
1365.8
1461.8
1466.8
1553.211
1553.4
1554.1
1629.5
1875.8
1976.8
2367.211
2367.4
2368.1
2600.5
2754.8
2894.8
3413.4
3414.212
3514.2
3514.5
4014.3
4514.1
4658.4
4839.5
4974.8
4987.8
5247.8
5695.4
5696.212
5796.2
5805.5
6296.3
6796.1
7764.4
7865.5
8025.8
8250.8
8352.8
8370.8
8555.211
8555.4
8556.1
8713.5
8842.8
9107.8
9220.8
9369.211
9369.4
9370.1
9497.5
9595.8
9786.8
9857.8
10045.8
10126.211
10126.4
10127.1
10320.5
10428.8
10637.8
10754.8
10866.8
10983.211
10983.4
10984.1
11185.5
11282.8
11381.8
11519.8
11725.8
11858.211
11858.4
11859.1
11934.5
12102.8
12327.8
12410.8
12536.8
12653.211
12653.4
12654.1
12790.5
12884.8
13085.8
13183.8
13432.211
13432.4
13433.1
13467.5
13586.4
13646.5
13722.8
14374.4
14375.212
14475.2
14513.5
14975.3
15475.1
18232.4
18674.5
18841.8
18951.8
19230.211
19230.4
19231.1
19343.5
19502.8
19998.211
19998.4
19999.1
20051.5
20144.8
20151.8
20318.8
20394.8
20627.8
20835.4
20836.212
20936.2
20946.5
21436.3
21936.1
23984.4
24077.5
24243.8
24477.8
24918.4
24919.212
25019.2
25032.5
25519.3
26019.1
27688.4
27829.5
29057.8
29060.8
29337.211
29337.4
29338.1
29465.5
29470.4
29568.5
29676.8
29759.8
29947.8
30029.211
30029.4
30030.1
30150.5
30284.8
30596.8
30661.8
30759.8
30849.8
30977.4
30978.212
31078.2
31112.5
31578.3
32078.1
37117.4
37212.5
37361.8
37594.8
37915.211
37915.4
37916.1
37980.5
38137.8
38253.8
38266.8
38685.211
38685.4
38686.1
38753.5
39802.8
39933.8
40093.211
40093.4
40094.1
40357.5
40476.8
40700.8
40706.8
41038.211
41038.4
41039.1
41099.5
41233.8
41786.8
41859.4
41860.212
41957.5
41960.2
42460.3
42960.1
46169.4
46278.5
46666.4
46939.5
47278.4
47434.5
47706.8
48112.211
48112.4
48113.1
48188.5
48332.8
48852.211
48852.4
48853.1
49017.5
49186.8
49494.8
49791.4
49792.212
49892.2
49918.5
50392.3
50892.1
52181.4
52315.5
53310.8
53524.8
53601.211
53601.4
53602.1
53689.5
53851.8
53963.8
54293.8
54352.211
54352.4
54353.1
54410.5
54586.8
54918.8
55067.8
55290.4
55291.212
55391.2
55402.5
55891.3
56391.1
59588.8
60131.211
60131.4
60132.1
60248.5
60387.8
60868.8
60991.4
60992.212
61092.2
61113.5
61592.3
62092.1
63440.4
63567.5
64099.8
64503.8
64522.8
64596.211
64596.4
64597.1
64684.5
64807.8
65209.211
65209.4
65210.1
65279.5
65521.8
65644.8
65765.8
65909.211
65909.4
65910.1
65972.5
65981.4
65996.5
66091.8
67010.4
67011.212
67106.5
67111.2
67611.3
68111.1
71426.8
71820.211
71820.4
71821.1
72034.5
73186.8
73598.211
73598.4
73599.1
73690.5
73856.8
73985.8
74164.8
74416.211
74416.4
74417.1
74521.5
74640.8
75004.8
75019.8
75122.211
75122.4
75123.1
75176.5
75663.8
75768.8
75895.211
75895.4
75896.1
75931.5
76023.8
76201.8
76400.8
76521.211
76521.4
76522.1
76579.5
76672.8
76919.8
76996.211
76996.4
76997.1
77103.5
77225.8
77311.8
77316.8
77318.8
77647.8
78006.4
78007.212
78105.5
78107.2
78607.3
79107.1
80420.8
80521.8
80682.8
80768.211
80768.4
80769.1
80837.5
80848.4
80908.5
81020.8
81450.8
81539.211
81539.4
81540.1
81612.5
81738.8
81888.8
82285.211
82285.4
82286.1
82322.5
82472.8
82578.8
82700.8
82909.211
82909.4
82910.1
82998.5
83168.8
83272.8
83375.8
83486.211
83486.4
83487.1
83601.5
83731.8
84039.8
84229.211
84229.4
84230.1
84266.5
84331.4
84387.5
84488.8
84511.8
84803.8
84947.8
85050.8
85183.4
85184.212
85274.5
85284.2
85784.3
86284.1
87107.4
87254.5
87538.8
87823.211
87823.4
87824.1
87880.5
88096.8
88252.8
88467.8
88606.211
88606.4
88607.1
88669.5
89671.8
90129.8
90199.211
90199.4
90200.1
90252.5
90359.8
90602.8
90676.8
90788.211
90788.4
90789.1
90826.5
91049.8
91063.8
91280.8
91439.8
91443.8
91628.211
91628.4
91629.1
91669.5
91826.8
92104.8
92123.8
92551.4
92552.212
92652.2
92668.5
93152.3
93652.1
97149.4
97275.5
97863.8
98179.211
98179.4
98180.1
98227.5
98346.8
98524.8
98636.8
98971.4
98972.212
99072.2
99181.5
99572.3
100072.1
101677.4
101832.5
102517.8
102533.8
102672.8
103004.211
103004.4
103005.1
103080.5
105012.8
105144.8
105287.211
105287.4
105288.1
105347.5
105500.8
106027.211
106027.4
106028.1
106230.5
106329.8
106828.211
106828.4
106829.1
106873.5
107060.8
107294.8
107547.211
107547.4
107548.1
107595.5
108031.8
108408.211
108408.4
108409.1
108454.5
108571.8
108712.8
109124.211
109124.4
109125.1
109164.5
109320.8
109734.8
109917.211
109917.4
109918.1
109977.5
110038.4
110059.5
110189.8
110803.4
110804.212
110896.5
110904.2
111404.3
111904.1
115592.8
115991.8
116069.211
116069.4
116070.1
116113.5
116315.8
116679.8
116868.211
116868.4
116869.1
116964.5
117306.8
117492.8
117623.211
117623.4
117624.1
117691.5
117807.8
118232.211
118232.4
118233.1
118291.5
118446.8
119106.8
119270.4
119271.212
119361.5
119371.2
119871.3
120371.1
122108.4
122173.5
124076.8
124340.211
124340.4
124341.1
124403.5
124642.8
124808.8
124818.8
125011.211
125011.4
125012.1
125085.5
125190.8
125825.4
125826.212
125926.2
125932.5
126426.3
126926.1
128567.4
128662.5
128832.8
129794.4
129795.212
129895.2
129896.5
130395.3
130895.1
131761.4
131852.5
132087.8
132892.4
132893.212
132993.2
133012.5
133493.3
133993.1
137335.4
137412.5
138065.4
138267.5
138508.4
138626.5
138894.4
139041.5
140613.4
140793.5
140917.8
141325.211
141325.4
141326.1
141383.5
142278.4
142539.5
142685.8
142828.8
143135.211
143135.4
143136.1
143174.5
143337.8
143764.8
143928.211
143928.4
143929.1
144154.5
144304.8
145187.4
145188.212
145275.5
145288.2
145788.3
146288.1
148259.4
148344.5
149282.8
149463.8
149676.211
149676.4
149677.1
149740.5
149870.8
150351.211
150351.4
150352.1
150403.5
150417.4
150445.5
150803.8
151141.211
151141.4
151142.1
151187.5
151362.8
151734.8
151934.211
151934.4
151935.1
151984.5
152013.4
152048.5
152156.8
152389.8
152714.211
152714.4
152715.1
152756.5
153961.8
154471.211
154471.4
154472.1
154522.5
154653.8
155341.4
155342.212
155441.5
155442.2
155942.3
156442.1
161124.4
161246.5
163426.4
163458.5
169768.4
169786.5
174199.8
174705.211
174705.4
174706.1
174743.5
174911.8
175196.8
175432.211
175432.4
175433.1
175565.5
175751.8
175756.8
176021.8
176240.211
176240.4
176241.1
180000.9
123456789
12
01
15
12
01
15
5
FI
1
5
9
48
19
10
21
19
6
2
879
0
0
0
314159265
21
278
160
180000
314159265
0.1
647.8
939.211
939.4
940.1
974.5
1461.8
1616.8
1729.211
1729.4
1730.1
1809.5
1938.8
2183.8
2327.8
2385.8
2500.211
2500.4
2501.1
2587.5
3192.8
3291.8
3294.8
3365.8
3450.8
3653.211
3653.4
3654.1
3798.5
3900.8
4457.211
4457.4
4458.1
4570.5
5011.8
5137.8
5146.8
5478.211
5478.4
5479.1
5573.5
5789.8
5910.8
6130.8
6169.8
6281.211
6281.4
6282.1
6372.5
6508.8
6610.8
6653.8
6797.211
6797.4
6798.1
6808.5
6949.8
6984.8
6987.8
7383.8
7471.211
7471.4
7472.1
7473.5
7474.4
7499.5
7555.8
7727.8
7908.211
7908.4
7909.1
7947.5
8204.8
8258.8
8365.8
8589.8
8650.211
8650.4
8651.1
8687.5
9018.8
9077.8
9213.8
9298.211
9298.4
9299.1
9372.5
9568.4
9587.5
9668.8
9856.8
9911.8
9931.8
9978.8
10316.8
10354.8
10407.4
10408.212
10508.2
10509.5
11008.3
11508.1
11972.4
12051.5
12145.8
12702.211
12702.4
12703.1
12785.5
12950.8
13156.8
13420.211
13420.4
13421.1
13522.5
13631.8
13751.8
13758.8
13860.8
13873.8
13980.8
14103.211
14103.4
14104.1
14175.5
14601.8
14704.8
14832.8
14892.8
15100.211
15100.4
15101.1
15152.5
16390.8
16467.8
16602.8
16661.8
16699.8
16803.211
16803.4
16804.1
16842.5
17757.8
17941.211
17941.4
17942.1
17956.5
18019.8
18313.8
18432.211
18432.4
18433.1
18505.5
18649.8
18698.8
18927.8
19108.8
19200.8
19252.4
19253.212
19353.2
19370.5
19853.3
20353.1
21787.4
21883.5
22200.8
22588.211
22588.4
22589.1
22753.5
22890.8
23107.8
23382.8
23447.211
23447.4
23448.1
23522.5
23661.8
23853.8
23963.8
23995.8
24046.211
24046.4
24047.1
24109.5
24202.4
24336.5
24543.8
24568.8
24649.8
24810.8
24905.211
24905.4
24906.1
24970.5
25999.8
26187.8
26199.8
26280.8
26384.8
26482.211
26482.4
26483.1
26525.5
31067.4
31146.5
31874.4
31936.5
32055.4
32106.5
32118.4
32175.5
32334.8
32830.211
32830.4
32831.1
32985.5
33394.8
33790.8
33940.211
33940.4
33941.1
34012.5
34141.8
34415.8
34955.4
34956.212
35056.2
35089.5
35556.3
36056.1
38535.4
38538.5
38541.4
38657.5
38983.4
39136.5
39545.8
39558.8
40875.8
40935.8
41431.4
41432.212
41532.2
41582.5
42032.3
42532.1
43498.4
43660.5
45250.8
45743.211
45743.4
45744.1
45801.5
46075.8
46237.8
46664.211
46664.4
46665.1
46752.5
47007.8
47411.8
47515.211
47515.4
47516.1
47588.5
47795.8
48308.211
48308.4
48309.1
48351.5
48506.8
48691.8
48693.8
48792.8
48957.211
48957.4
48958.1
49005.5
49124.8
49315.8
49400.8
49631.211
49631.4
49632.1
49737.5
49921.8
50444.211
50444.4
50445.1
50498.5
50626.8
51123.8
51132.8
51180.8
51286.4
51287.212
51387.2
51412.5
51887.3
52387.1
55433.4
55544.5
58717.8
58938.8
59036.8
59141.211
59141.4
59142.1
59181.5
59967.8
60089.8
60182.211
60182.4
60183.1
60232.5
60642.8
60919.8
60979.8
61038.211
61038.4
61039.1
61110.5
61213.8
61862.4
61863.212
61958.5
61963.2
62463.3
62963.1
64413.4
64487.5
64491.4
64588.5
66494.8
66631.8
66722.8
66876.8
66878.8
67015.211
67015.4
67016.1
67072.5
67184.8
67281.8
67420.8
67583.8
67682.211
67682.4
67683.1
67719.5
67820.4
68005.5
68104.8
68195.8
68633.211
68633.4
68634.1
68707.5
68875.8
69172.8
69325.211
69325.4
69326.1
69364.5
69565.8
69577.8
69684.8
69855.8
69892.8
70081.211
70081.4
70082.1
70121.5
70253.8
70259.8
70467.8
70708.211
70708.4
70709.1
70779.5
71024.4
71062.5
72045.8
72092.8
72199.8
72473.211
72473.4
72474.1
72514.5
72671.8
72825.8
73052.211
73052.4
73053.1
73090.5
73205.8
73459.211
73459.4
73460.1
73490.5
73562.8
73946.8
74051.211
74051.4
74052.1
74089.5
74246.8
74441.8
74521.8
74588.211
74588.4
74589.1
74628.5
74869.8
74900.8
75372.211
75372.4
75373.1
75436.5
75597.8
75916.211
75916.4
75917.1
75961.5
76068.8
76319.211
76319.4
76320.1
76366.5
76614.8
76626.8
76777.211
76777.4
76778.1
76807.5
76998.8
77358.211
77358.4
77359.1
77396.5
77539.8
77598.8
77728.8
77827.8
77907.211
77907.4
77908.1
77964.5
78346.4
78379.5
78833.8
79261.211
79261.4
79262.1
79298.5
79749.8
79942.211
79942.4
79943.1
79995.5
80078.8
80251.8
80578.211
80578.4
80579.1
80622.5
81303.8
81379.8
81801.211
81801.4
81802.1
81839.5
82007.8
82234.8
82536.8
82632.4
82633.212
82733.2
82741.5
83233.3
83733.1
84122.4
84369.5
84509.8
85229.4
85230.212
85326.5
85330.2
85830.3
86330.1
89705.4
89864.5
90335.8
90531.8
90715.8
90804.211
90804.4
90805.1
90895.5
90993.8
91529.211
91529.4
91530.1
91702.5
91862.8
92358.211
92358.4
92359.1
92430.5
92579.8
93435.4
93436.212
93536.2
93544.5
93755.4
93995.5
94036.3
94536.1
94689.8
94880.8
94939.211
94939.4
94940.1
95001.5
95081.8
95092.8
95329.8
95521.8
96002.4
96003.212
96103.2
96104.5
96603.3
97103.1
99596.4
99742.5
99894.4
100015.5
100081.4
100301.5
100446.8
100863.211
100863.4
100864.1
100940.5
101092.8
101221.8
101575.211
101575.4
101576.1
101671.5
102077.8
102185.8
102187.8
102349.211
102349.4
102350.1
102398.5
102813.8
103162.211
103162.4
103163.1
103242.5
103371.8
103747.211
103747.4
103748.1
103785.5
103895.8
104199.8
104400.211
104400.4
104401.1
104448.5
104735.4
104787.5
105041.4
105117.5
105893.8
105940.8
106168.211
106168.4
106169.1
106224.5
106321.8
106434.8
106450.8
106672.211
106672.4
106673.1
106709.5
106975.8
107067.8
107184.211
107184.4
107185.1
107216.5
107353.8
107482.8
107615.8
107792.211
107792.4
107793.1
107848.5
107996.8
108225.8
108234.8
108477.211
108477.4
108478.1
108513.5
109122.8
109297.8
109374.211
109374.4
109375.1
109423.5
109733.8
110070.211
110070.4
110071.1
110166.5
110173.4
110289.5
110388.8
110603.8
110801.211
110801.4
110802.1
110839.5
110993.8
111106.8
111225.211
111225.4
111226.1
111257.5
111339.8
111482.8
111908.211
111908.4
111909.1
111948.5
112417.8
112511.8
112942.211
112942.4
112943.1
112980.5
113089.8
113110.8
113447.8
113570.8
113665.211
113665.4
113666.1
113701.5
113955.8
114164.211
114164.4
114165.1
114250.5
114980.8
115012.8
115096.8
115200.8
115582.8
115649.4
115650.212
115750.2
115800.5
116250.3
116750.1
120069.4
120219.5
120732.8
121089.211
121089.4
121090.1
121171.5
121283.8
121780.8
121959.4
121960.212
122060.2
122123.5
122560.3
123060.1
125238.4
125532.5
125704.4
125945.5
126703.8
127082.211
127082.4
127083.1
127170.5
127325.8
127466.8
127468.8
127643.8
127924.211
127924.4
127925.1
127967.5
128186.8
128601.8
128607.8
128614.8
128775.211
128775.4
128776.1
128863.5
129060.8
129624.211
129624.4
129625.1
129684.5
130052.8
130465.8
130669.4
130670.212
130770.2
130789.5
131270.3
131770.1
134160.4
134276.5
134399.4
134562.5
134691.4
134861.5
135145.8
135588.8
135722.8
135779.4
135780.212
135878.5
135880.2
136380.3
136880.1
137669.4
138407.5
138712.8
139175.8
139259.211
139259.4
139260.1
139456.5
139555.8
139824.8
140057.8
140279.4
140280.212
140377.5
140380.2
140880.3
141380.1
142595.4
143052.5
143812.8
144215.211
144215.4
144216.1
144348.5
144478.8
145336.8
145495.4
145496.212
145596.2
145598.5
146096.3
146596.1
148097.4
148199.5
149792.8
150085.211
150085.4
150086.1
150156.5
150984.8
151215.211
151215.4
151216.1
151277.5
151443.8
152441.4
152442.212
152542.2
152555.5
153042.3
153542.1
154829.4
155014.5
155057.4
155224.5
155397.8
156061.4
156062.212
156162.2
156174.5
156662.3
157162.1
160394.4
160530.5
160702.4
160785.5
161343.8
161721.211
161721.4
161722.1
161783.5
162617.8
162815.211
162815.4
162816.1
162859.5
163011.8
163274.8
163612.4
163613.212
163713.2
163721.5
164213.3
164713.1
168112.8
168387.211
168387.4
168388.1
168463.5
168599.8
169107.211
169107.4
169108.1
169213.5
169304.8
169620.8
169725.211
169725.4
169726.1
169766.5
169913.8
170203.8
170362.8
170535.4
170536.212
170636.2
170692.5
171136.3
171636.1
173995.8
174580.211
174580.4
174581.1
174644.5
175440.8
175665.8
175743.211
175743.4
175744.1
175829.5
176454.8
176879.211
176879.4
176880.1
176968.5
177078.8
177261.8
177697.4
177698.212
177793.5
177798.2
178298.3
178798.1
179715.4
180000.9
123456789
12
02
15
12
02
15
5
FI
1
5
9
49
30
10
22
31
6
2
871
0
0
0
314159265
24
296
145
180000
314159265
0.1
581.8
681.8
686.8
866.211
866.4
867.1
908.5
1229.8
1606.8
1706.211
1706.4
1707.1
1774.5
1906.8
2425.211
2425.4
2426.1
2496.5
2653.8
2824.8
2967.8
3062.8
3115.8
3206.8
3308.4
3309.212
3409.2
3419.5
3909.3
4409.1
6998.4
7303.5
7510.8
7539.8
7648.8
7685.8
7693.8
7707.8
7790.8
8079.211
8079.4
8080.1
8142.5
8356.8
8368.8
8541.8
8599.8
8765.211
8765.4
8766.1
8860.5
8882.4
9067.5
9331.8
9519.8
9524.8
9626.8
9658.8
9892.211
9892.4
9893.1
9951.5
10108.8
10258.8
10663.211
10663.4
10664.1
10704.5
10988.8
11271.8
11583.211
11583.4
11584.1
11634.5
11790.8
12274.211
12274.4
12275.1
12321.5
12660.8
13027.211
13027.4
13028.1
13104.5
13398.8
13446.8
13461.8
13512.8
13664.8
13886.211
13886.4
13887.1
13954.5
14070.8
14418.8
14533.8
14654.8
14698.8
14785.4
14786.212
14886.2
14927.5
15386.3
15886.1
18370.4
18467.5
19590.8
19656.8
19762.8
20019.211
20019.4
20020.1
20078.5
20229.8
20658.8
20675.8
20894.8
20966.4
20967.212
21063.5
21067.2
21567.3
22067.1
24576.8
24920.211
24920.4
24921.1
24988.5
25630.8
25725.8
25942.211
25942.4
25943.1
25993.5
26907.4
26932.5
27038.8
27319.8
27324.8
27394.211
27394.4
27395.1
27436.5
27612.8
27815.8
27892.8
28034.211
28034.4
28035.1
28088.5
28216.8
28413.8
28532.8
28722.211
28722.4
28723.1
28775.5
28964.8
29209.8
29216.8
29243.8
29327.8
29478.8
29496.8
29500.8
29631.4
29632.212
29732.2
29733.5
30232.3
30732.1
33184.4
33683.5
33825.8
33939.8
34032.8
34302.8
34305.8
34439.4
34440.212
34540.2
34888.5
35040.3
35540.1
38407.8
38668.211
38668.4
38669.1
38736.5
39146.8
39421.211
39421.4
39422.1
39544.5
39696.8
39959.8
40243.211
40243.4
40244.1
40312.5
40317.4
40320.5
40500.8
40990.8
41072.211
41072.4
41073.1
41127.5
41280.8
41657.8
41680.8
41823.211
41823.4
41824.1
41881.5
42167.8
42519.8
42696.211
42696.4
42697.1
42790.5
42901.8
43098.8
43173.8
43256.8
43335.211
43335.4
43336.1
43388.5
43556.8
43751.8
43925.211
43925.4
43926.1
43976.5
44126.8
44281.8
44375.211
44375.4
44376.1
44407.5
44544.8
44547.8
44638.8
44809.8
44822.8
44981.211
44981.4
44982.1
45046.5
45374.4
45690.5
45842.8
46214.8
46377.211
46377.4
46378.1
46476.5
46608.8
46813.8
46919.8
47228.4
47229.212
47329.2
47337.5
47829.3
48329.1
48868.4
49011.5
49178.8
49194.8
49722.211
49722.4
49723.1
49773.5
50238.8
50386.8
50732.211
50732.4
50733.1
50861.5
50976.8
51526.8
51589.4
51590.212
51685.5
51690.2
52190.3
52690.1
55350.4
55512.5
55665.8
55852.8
55989.8
56401.4
56402.212
56502.2
56531.5
57002.3
57502.1
60406.4
60498.5
60798.4
60931.5
62122.8
62126.8
62402.211
62402.4
62403.1
62460.5
62705.8
62976.8
63123.211
63123.4
63124.1
63183.5
63329.8
63491.8
63599.8
63647.8
63830.211
63830.4
63831.1
63923.5
64049.8
64201.8
64532.8
64611.211
64611.4
64612.1
64657.5
64982.8
65238.8
65338.211
65338.4
65339.1
65459.5
65584.8
65777.8
65790.8
66001.8
66116.211
66116.4
66117.1
66163.5
66281.8
66554.8
66684.211
66684.4
66685.1
66733.5
66897.8
66990.8
67077.8
67313.8
67373.211
67373.4
67374.1
67453.5
67554.8
67801.8
68067.8
68147.211
68147.4
68148.1
68188.5
68341.8
68713.8
68843.8
68914.211
68914.4
68915.1
68958.5
68965.4
69143.5
69284.8
69398.8
69481.8
69714.211
69714.4
69715.1
69854.5
69971.8
70378.8
70411.8
70439.8
70575.4
70576.212
70676.2
70758.5
71176.3
71676.1
74926.4
75084.5
75626.8
75949.211
75949.4
75950.1
76046.5
76229.8
76566.8
76647.8
76826.211
76826.4
76827.1
76900.5
77062.8
77252.8
77365.8
77487.211
77487.4
77488.1
77558.5
77686.8
77881.8
78056.211
78056.4
78057.1
78100.5
78249.8
78452.8
78555.8
78638.8
78744.211
78744.4
78745.1
78785.5
78923.8
79029.8
79278.211
79278.4
79279.1
79330.5
79461.8
79500.8
79592.8
79690.8
79711.8
79715.8
79734.8
79916.211
79916.4
79917.1
79985.5
80092.8
80443.211
80443.4
80444.1
80518.5
80624.8
80860.8
80961.211
80961.4
80962.1
81049.5
81164.8
81539.8
81767.4
81768.212
81867.5
81868.2
82368.3
82868.1
85849.4
85975.5
86270.8
86670.211
86670.4
86671.1
86721.5
87069.8
87452.211
87452.4
87453.1
87521.5
87665.8
87693.8
87810.8
87971.211
87971.4
87972.1
88043.5
88167.8
88430.8
88437.8
88706.211
88706.4
88707.1
88744.5
88938.8
89062.8
89137.8
89364.211
89364.4
89365.1
89426.5
89530.8
89546.8
89557.8
89675.8
89866.8
89959.8
90023.211
90023.4
90024.1
90060.5
90472.8
90561.8
90789.8
90900.211
90900.4
90901.1
90950.5
91084.8
91397.8
91400.8
91550.211
91550.4
91551.1
91589.5
91770.8
92468.4
92469.212
92569.2
92619.5
93069.3
93569.1
97027.8
97174.8
97176.8
97244.211
97244.4
97245.1
97348.5
97632.8
97952.8
98021.211
98021.4
98022.1
98087.5
98244.8
98733.8
98905.4
98906.212
99006.2
99034.5
99506.3
100006.1
102700.4
102990.5
103375.8
103701.8
103880.211
103880.4
103881.1
104095.5
104232.8
104742.8
104939.4
104940.212
105037.5
105040.2
105540.3
106040.1
107747.4
107820.5
107960.8
108509.8
108613.4
108614.212
108714.2
108743.5
109214.3
109714.1
112828.8
113242.211
113242.4
113243.1
113293.5
113301.4
113308.5
113469.8
113793.8
113994.211
113994.4
113995.1
114053.5
114324.8
114941.4
114942.212
115038.5
115042.2
115542.3
116042.1
120972.8
121269.211
121269.4
121270.1
121331.5
121464.8
121979.211
121979.4
121980.1
122036.5
122427.8
122521.8
122601.8
122821.211
122821.4
122822.1
122862.5
122871.4
122888.5
123015.8
123018.8
123289.8
123370.8
123501.211
123501.4
123502.1
123562.5
123658.8
123880.8
124091.8
124219.211
124219.4
124220.1
124251.5
124376.8
124541.8
124546.8
125038.8
125396.4
125397.212
125497.2
125505.5
125997.3
126497.1
127453.4
127497.5
127676.4
127831.5
127966.8
128283.8
128475.211
128475.4
128476.1
128553.5
129012.8
129121.8
129443.211
129443.4
129444.1
129530.5
129649.8
129652.8
129917.8
129991.8
130184.211
130184.4
130185.1
130251.5
130390.8
130871.8
131045.4
131046.212
131140.5
131146.2
131646.3
132146.1
134423.8
134540.8
134941.211
134941.4
134942.1
135028.5
136278.8
136493.211
136493.4
136494.1
136571.5
136695.8
137219.8
137397.4
137398.212
137497.5
137498.2
137998.3
138498.1
140059.4
140322.5
141459.8
141673.211
141673.4
141674.1
141741.5
141743.4
141854.5
141966.8
142198.8
142388.211
142388.4
142389.1
142432.5
142583.4
142647.5
142749.8
142913.8
143006.211
143006.4
143007.1
143054.5
143176.8
143228.8
143462.8
143529.211
143529.4
143530.1
143570.5
143780.8
143821.8
144024.211
144024.4
144025.1
144096.5
144247.8
144572.211
144572.4
144573.1
144649.5
144752.8
144896.8
145185.211
145185.4
145186.1
145226.5
145605.4
145637.5
145715.8
146343.4
146344.212
146444.2
146455.5
146944.3
147444.1
148297.4
148524.5
148658.8
149183.211
149183.4
149184.1
149294.5
149420.8
149599.8
149848.8
150246.8
150309.4
150310.212
150407.5
150410.2
150910.3
151410.1
153555.4
153650.5
154221.8
154553.211
154553.4
154554.1
154600.5
154840.8
155430.211
155430.4
155431.1
155569.5
155682.8
156110.211
156110.4
156111.1
156269.5
156483.8
156687.8
156924.8
156990.211
156990.4
156991.1
157033.5
157326.8
157539.8
157770.211
157770.4
157771.1
157826.5
157962.8
158297.8
158405.8
158588.4
158589.212
158689.2
158695.5
159189.3
159689.1
160515.4
160516.5
160518.4
160798.5
160940.8
161164.8
161383.8
161591.4
161592.212
161692.2
161740.5
162192.3
162692.1
165773.8
165975.8
166195.211
166195.4
166196.1
166286.5
166475.8
167402.4
167403.212
167490.5
167503.2
168003.3
168503.1
170638.8
170641.8
171239.4
171240.212
171340.2
171354.5
171840.3
172340.1
175100.8
175518.8
175520.8
175646.211
175646.4
175647.1
175704.5
175825.8
176274.211
176274.4
176275.1
176389.5
176618.8
177019.211
177019.4
177020.1
177080.5
177293.8
177697.211
177697.4
177698.1
177743.5
178324.8
178615.211
178615.4
178616.1
178660.5
178811.8
179144.8
179240.211
179240.4
179241.1
180000.9
123456789
12
03
15
12
03
15
5
FI
1
5
9
53
19
10
26
19
6
2
1020
0
0
0
314159265
13
339
187
180000
314159265
0.1
462.8
497.8
533.8
723.8
1057.211
1057.4
1058.1
1081.5
1623.8
1628.8
2154.211
2154.4
2155.1
2213.5
2686.8
3052.8
3095.8
3253.211
3253.4
3254.1
3327.5
4256.8
4464.8
4578.211
4578.4
4579.1
4623.5
4809.8
4932.8
5163.211
5163.4
5164.1
5267.5
5573.8
5688.8
5861.8
5948.8
6125.211
6125.4
6126.1
6161.5
6953.8
7156.8
7160.8
7231.8
7349.211
7349.4
7350.1
7426.5
7765.8
7804.8
7927.8
7996.8
8161.211
8161.4
8162.1
8202.5
8299.4
8414.5
8516.8
8611.8
8842.8
8956.211
8956.4
8957.1
8988.5
9757.8
9767.8
9788.8
9812.8
10028.211
10028.4
10029.1
10055.5
10250.8
10360.8
10584.8
10690.211
10690.4
10691.1
10733.5
12335.8
12615.8
12735.8
12839.211
12839.4
12840.1
12880.5
14061.4
14063.5
14132.8
14140.8
14579.211
14579.4
14580.1
14691.5
15174.8
15349.8
15576.211
15576.4
15577.1
15616.5
16884.8
17062.211
17062.4
17063.1
17108.5
18827.8
19019.8
19346.211
19346.4
19347.1
19393.5
20353.8
20534.211
20534.4
20535.1
20563.5
22775.8
22941.8
22991.211
22991.4
22992.1
23014.5
23039.4
23082.5
26041.8
26128.8
26278.8
26366.211
26366.4
26367.1
26393.5
28297.8
28626.8
28695.211
28695.4
28696.1
28743.5
28920.8
28943.8
29076.8
29162.211
29162.4
29163.1
29238.5
29353.8
29514.8
29570.211
29570.4
29571.1
29593.5
30040.4
30226.5
30463.8
30579.8
30660.211
30660.4
30661.1
30874.5
31007.8
31351.8
31448.211
31448.4
31449.1
31516.5
31645.8
31979.8
32181.8
32230.211
32230.4
32231.1
32324.5
42095.8
42254.8
42397.8
42570.8
42670.211
42670.4
42671.1
42704.5
45555.8
45719.8
45822.8
45870.8
46092.211
46092.4
46093.1
46123.5
46433.8
46629.8
46729.8
46807.211
46807.4
46808.1
46929.5
47545.4
47562.5
47567.4
47579.5
47584.4
47593.5
47614.4
47641.5
47776.4
47829.5
47917.4
48039.5
48168.4
48321.5
48424.8
48910.8
48917.8
48982.211
48982.4
48983.1
49008.5
49120.8
49412.8
49437.8
49563.8
49790.8
49969.4
49970.212
50070.2
50098.5
50570.3
51070.1
51359.4
51427.5
51430.4
51478.5
51702.8
52807.8
53031.4
53032.212
53132.2
53144.5
53632.3
54132.1
55075.4
55199.5
55370.8
56041.4
56042.212
56142.2
56222.5
56642.3
57142.1
57583.4
57811.5
58765.8
58773.8
58938.211
58938.4
58939.1
59007.5
59161.8
59368.8
59602.211
59602.4
59603.1
59768.5
59919.8
60329.211
60329.4
60330.1
60393.5
60616.8
60630.8
61005.211
61005.4
61006.1
61377.5
61473.8
61865.211
61865.4
61866.1
62076.5
62206.4
62384.5
62478.8
62686.8
62776.211
62776.4
62777.1
62863.5
63105.8
63225.8
63341.211
63341.4
63342.1
63405.5
63563.8
63804.8
65074.8
65153.8
65248.4
65249.212
65341.5
65349.2
65849.3
66349.1
66502.4
66577.5
66682.8
66776.8
66957.211
66957.4
66958.1
67218.5
67324.8
67572.8
67686.211
67686.4
67687.1
67747.5
67908.8
68191.8
68196.8
68207.8
68277.211
68277.4
68278.1
68314.5
68344.4
68394.5
68516.8
68823.211
68823.4
68824.1
68886.5
68983.8
69056.8
69148.8
69279.211
69279.4
69280.1
69318.5
69572.8
69602.8
69724.8
69790.8
69920.211
69920.4
69921.1
69953.5
70048.4
70089.5
70180.8
70452.8
70518.211
70518.4
70519.1
70554.5
70727.8
70977.8
71136.211
71136.4
71137.1
71167.5
71391.8
71683.8
71809.211
71809.4
71810.1
71848.5
72015.8
72131.8
72263.211
72263.4
72264.1
72291.5
72907.8
73146.211
73146.4
73147.1
73200.5
73316.8
73691.211
73691.4
73692.1
73727.5
73743.4
73808.5
73895.8
74036.8
74041.8
74058.8
74206.211
74206.4
74207.1
74236.5
74340.8
74576.211
74576.4
74577.1
74609.5
74692.8
74798.8
74837.8
74920.8
75136.211
75136.4
75137.1
75141.5
75169.4
75290.5
75366.8
75559.8
75652.211
75652.4
75653.1
75693.5
75955.8
75970.8
76083.211
76083.4
76084.1
76095.5
76163.8
76466.8
76571.211
76571.4
76572.1
76599.5
76751.8
76754.8
77048.8
77052.8
77214.8
77267.211
77267.4
77268.1
77364.5
78180.8
78332.8
78492.211
78492.4
78493.1
78533.5
78948.8
79147.8
79170.8
79252.8
79304.211
79304.4
79305.1
79367.5
79522.8
79656.8
79796.211
79796.4
79797.1
79823.5
80822.8
81009.8
81015.8
81120.211
81120.4
81121.1
81164.5
81259.8
81405.8
81726.211
81726.4
81727.1
81775.5
81966.8
82057.8
82393.8
82404.8
82418.8
82424.8
82515.211
82515.4
82516.1
82544.5
82713.8
82898.211
82898.4
82899.1
82946.5
83050.8
83308.211
83308.4
83309.1
83332.5
83522.8
83761.8
83855.8
83923.211
83923.4
83924.1
84004.5
84125.8
84254.8
84435.8
84630.211
84630.4
84631.1
84672.5
84855.8
85156.8
85288.211
85288.4
85289.1
85330.5
85544.8
86222.8
86291.8
86480.8
86592.8
86645.4
86646.212
86746.2
86768.5
87246.3
87746.1
87889.4
87960.5
88100.8
88249.8
88846.4
88847.212
88947.2
88949.5
89447.3
89947.1
90057.4
90161.5
90195.4
90367.5
91155.8
91326.8
91399.211
91399.4
91400.1
91464.5
92706.8
92973.211
92973.4
92974.1
93042.5
93195.8
93338.8
93544.8
93670.211
93670.4
93671.1
93765.5
93861.8
94810.8
95078.8
95153.8
95156.8
95206.4
95207.212
95305.5
95307.2
95807.3
96307.1
96744.4
96817.5
96966.8
97150.8
97280.211
97280.4
97281.1
97380.5
97503.8
97509.8
97856.211
97856.4
97857.1
97902.5
98216.8
98384.8
98525.211
98525.4
98526.1
98611.5
98775.8
98819.8
98991.8
99182.211
99182.4
99183.1
99231.5
100250.8
100336.8
100418.211
100418.4
100419.1
100463.5
100543.8
100645.8
100774.8
100889.211
100889.4
100890.1
100918.5
101224.4
101247.5
101409.8
101445.8
101624.8
101697.211
101697.4
101698.1
101753.5
102511.8
102741.8
102792.8
102982.211
102982.4
102983.1
103021.5
103664.8
103849.8
104170.8
104230.211
104230.4
104231.1
104268.5
109081.4
109143.5
110100.8
110385.211
110385.4
110386.1
110421.5
110985.4
111012.5
111160.8
111182.8
111329.8
111409.8
111530.211
111530.4
111531.1
111565.5
111699.8
112017.8
112133.211
112133.4
112134.1
112170.5
112420.8
112871.8
113022.4
113023.212
113100.5
113123.2
113143.4
113193.5
113623.3
114123.1
116472.4
116612.5
116759.4
116760.5
116762.4
116870.5
117374.8
117483.8
117634.8
117703.211
117703.4
117704.1
117750.5
117944.4
118138.5
118245.8
118707.8
118778.211
118778.4
118779.1
118842.5
118905.4
119130.5
119220.8
119706.211
119706.4
119707.1
119763.5
119795.4
119895.5
119994.8
120582.8
120642.4
120643.212
120742.5
120743.2
121243.3
121743.1
124689.4
124809.5
124997.8
125281.8
125380.211
125380.4
125381.1
125451.5
125737.8
126043.211
126043.4
126044.1
126113.5
126460.8
126610.8
126676.211
126676.4
126677.1
126719.5
126900.8
126976.8
127195.211
127195.4
127196.1
127241.5
127345.8
127491.8
127686.211
127686.4
127687.1
127758.5
127839.8
127956.8
128259.211
128259.4
128260.1
128328.5
128418.8
128657.8
128765.211
128765.4
128766.1
128804.5
128921.8
129032.8
129382.211
129382.4
129383.1
129440.5
129612.8
129635.8
129881.211
129881.4
129882.1
129922.5
130183.4
130221.5
130789.8
130823.8
130989.8
131170.211
131170.4
131171.1
131205.5
131531.8
131834.211
131834.4
131835.1
131878.5
132190.8
132290.8
132480.211
132480.4
132481.1
132533.5
132638.8
132674.8
132808.8
132980.211
132980.4
132981.1
132990.5
133075.8
133479.211
133479.4
133480.1
133506.5
133795.4
133833.5
133836.4
133922.5
134030.8
134063.8
134430.8
134514.8
134529.8
134653.8
134709.4
134710.212
134810.2
134839.5
135310.3
135810.1
138190.4
138252.5
138417.8
138425.8
138730.8
138874.211
138874.4
138875.1
138954.5
139374.8
139386.8
139525.8
139536.8
139597.211
139597.4
139598.1
139639.5
139880.8
140147.211
140147.4
140148.1
140216.5
140590.8
140926.211
140926.4
140927.1
140968.5
141100.8
141336.8
141979.4
141980.212
142071.5
142080.2
142580.3
143080.1
147010.8
147357.211
147357.4
147358.1
147403.5
147626.8
147806.8
148031.211
148031.4
148032.1
148093.5
148241.8
148372.8
148541.8
148733.8
148786.211
148786.4
148787.1
148832.5
149061.8
149433.211
149433.4
149434.1
149463.5
149623.8
149701.8
149804.8
150082.211
150082.4
150083.1
150122.5
150239.8
150628.8
150775.211
150775.4
150776.1
150851.5
152133.8
152225.211
152225.4
152226.1
152293.5
152405.4
152514.5
152616.8
152848.8
152999.8
153083.8
153150.211
153150.4
153151.1
153177.5
153274.4
153362.5
153451.8
153837.8
153942.8
154002.211
154002.4
154003.1
154035.5
154266.8
154471.211
154471.4
154472.1
154760.5
154875.8
155151.8
155369.211
155369.4
155370.1
155436.5
155527.8
155725.8
155980.211
155980.4
155981.1
156037.5
156176.8
156323.8
156328.8
156526.211
156526.4
156527.1
156558.5
156667.8
156970.8
157066.211
157066.4
157067.1
157106.5
157845.8
158180.8
158246.211
158246.4
158247.1
158295.5
158433.8
158461.8
158534.8
158802.8
158963.211
158963.4
158964.1
158999.5
159182.8
159651.211
159651.4
159652.1
159717.5
159800.8
160107.8
160379.211
160379.4
160380.1
160412.5
162428.4
162470.5
162543.8
162774.8
162852.211
162852.4
162853.1
162882.5
163142.4
163154.5
164844.8
165207.8
165279.211
165279.4
165280.1
165317.5
165430.8
165439.8
165560.8
165867.211
165867.4
165868.1
165900.5
166053.8
166191.8
166411.211
166411.4
166412.1
166437.5
168314.4
168333.5
168401.8
168602.8
168899.8
168946.8
169254.4
169255.212
169349.5
169355.2
169855.3
170355.1
170831.4
170970.5
171096.8
171271.8
171715.4
171716.212
171816.2
171874.5
172316.3
172816.1
175724.4
175805.5
176622.8
176938.211
176938.4
176939.1
176978.5
177462.8
177899.211
177899.4
177900.1
177950.5
179268.4
179300.5
179621.8
180000.9
123456789
12
04
15
12
04
15
5
FI
1
5
9
49
45
10
22
46
6
2
777
0
0
0
314159265
18
198
162
180000
314159265
0.1
291.8
337.8
347.8
351.8
894.8
1013.4
1014.212
1019.5
1078.4
1114.2
1212.5
1614.3
2114.1
4154.4
4228.5
4774.8
4782.8
5069.211
5069.4
5070.1
5244.5
5354.8
5703.8
5902.211
5902.4
5903.1
6022.5
6193.8
6366.8
6662.211
6662.4
6663.1
6761.5
7127.8
7366.8
7382.8
7729.8
7950.4
7951.212
8051.2
8079.5
8551.3
9051.1
11952.4
12114.5
12509.4
12609.5
12968.8
13333.211
13333.4
13334.1
13420.5
13709.8
13807.8
14360.4
14361.212
14461.2
14494.5
14961.3
15461.1
18551.4
18621.5
19136.4
19215.5
19477.8
19779.211
19779.4
19780.1
19861.5
20219.8
20390.8
20590.211
20590.4
20591.1
20653.5
20828.8
21348.211
21348.4
21349.1
21386.5
21524.8
21753.8
21867.8
21944.211
21944.4
21945.1
21988.5
22164.8
22483.8
22637.211
22637.4
22638.1
22684.5
23475.8
23557.211
23557.4
23558.1
23605.5
23895.4
24014.5
24083.8
24293.8
24430.211
24430.4
24431.1
24464.5
24711.8
25073.8
25430.4
25431.212
25531.2
25559.5
26031.3
26531.1
29616.4
29685.5
30144.8
30303.8
30476.211
30476.4
30477.1
30527.5
30715.8
30960.8
31336.4
31337.212
31437.2
31446.5
31937.3
32437.1
34956.4
35052.5
36918.4
37055.5
37155.4
37464.5
38253.8
38530.211
38530.4
38531.1
38790.5
38867.4
38937.5
39091.8
39106.8
39320.8
39446.211
39446.4
39447.1
39508.5
39534.4
39592.5
39765.8
40255.211
40255.4
40256.1
40304.5
40462.8
40923.211
40923.4
40924.1
40967.5
41223.4
41331.5
41447.8
41516.8
41933.211
41933.4
41934.1
42001.5
42192.4
42193.5
42251.4
42252.5
42258.4
42260.5
42270.4
42272.5
42464.8
42897.211
42897.4
42898.1
42943.5
43126.8
43745.4
43746.212
43840.5
43846.2
44346.3
44846.1
45728.4
45815.5
46472.8
46762.211
46762.4
46763.1
46851.5
49157.4
49205.5
50223.8
50633.211
50633.4
50634.1
50688.5
50775.8
51109.8
51193.211
51193.4
51194.1
51244.5
51379.4
51494.5
51729.8
52183.211
52183.4
52184.1
52231.5
52385.8
52713.211
52713.4
52714.1
52740.5
52873.8
53026.8
53244.8
53430.211
53430.4
53431.1
53488.5
53611.8
53774.8
54087.211
54087.4
54088.1
54154.5
54192.4
54252.5
54345.8
54629.8
54746.8
54888.211
54888.4
54889.1
54959.5
55055.4
55088.5
55190.8
55199.8
55320.8
55601.8
55702.8
55774.211
55774.4
55775.1
55811.5
56311.4
56378.5
56487.8
56723.8
56811.8
56953.8
56955.8
57028.211
57028.4
57029.1
57069.5
57200.8
57511.8
57708.211
57708.4
57709.1
57745.5
58033.8
58303.211
58303.4
58304.1
58341.5
58417.8
58551.8
58682.8
58887.8
59075.4
59076.212
59169.5
59176.2
59676.3
60176.1
60907.4
61185.5
61302.8
61740.8
61849.211
61849.4
61850.1
61904.5
62186.8
62616.211
62616.4
62617.1
62685.5
62819.8
63077.8
63208.211
63208.4
63209.1
63252.5
63420.8
63892.211
63892.4
63893.1
63936.5
64047.4
64074.5
64159.8
64325.8
64762.4
64763.212
64863.2
64877.5
65363.3
65863.1
66832.4
66915.5
67082.8
67463.8
67474.8
67548.211
67548.4
67549.1
67708.5
68259.8
68584.211
68584.4
68585.1
68676.5
68680.4
68740.5
70278.8
70369.211
70369.4
70370.1
70417.5
70586.8
71020.211
71020.4
71021.1
71193.5
71294.8
71712.8
71803.8
71857.211
71857.4
71858.1
71896.5
72156.8
72194.8
72437.211
72437.4
72438.1
72469.5
72722.8
72829.211
72829.4
72830.1
72857.5
72940.8
72976.8
73099.211
73099.4
73100.1
73126.5
73489.4
73540.5
73624.8
73809.8
74148.8
74238.4
74239.212
74339.2
74367.5
74839.3
75339.1
77766.8
77775.8
78133.211
78133.4
78134.1
78195.5
78361.8
78818.211
78818.4
78819.1
78853.5
78951.4
78978.5
79127.8
79506.211
79506.4
79507.1
79543.5
79726.8
79991.211
79991.4
79992.1
80032.5
80113.8
80318.8
80506.211
80506.4
80507.1
80537.5
81368.8
81476.8
81595.211
81595.4
81596.1
81643.5
82334.4
82355.5
83005.8
83246.8
83399.211
83399.4
83400.1
83428.5
84875.8
84910.8
85007.211
85007.4
85008.1
85032.5
85968.4
85970.5
85975.4
86010.5
89693.4
89727.5
89811.8
89986.211
89986.4
89987.1
90013.5
90146.8
90385.8
90603.211
90603.4
90604.1
90641.5
91666.8
91734.8
91971.211
91971.4
91972.1
92001.5
95900.8
96240.211
96240.4
96241.1
96274.5
96441.8
96749.8
96809.211
96809.4
96810.1
96841.5
97027.8
97488.211
97488.4
97489.1
97617.5
97754.8
97958.211
97958.4
97959.1
97987.5
98080.8
98449.8
98519.8
98580.211
98580.4
98581.1
98610.5
102343.4
102377.5
102464.8
102684.8
102820.211
102820.4
102821.1
102877.5
103817.8
103903.8
104038.211
104038.4
104039.1
104063.5
104930.4
104957.5
105038.8
105187.8
105521.211
105521.4
105522.1
105561.5
106725.4
106787.5
108125.4
108197.5
118619.8
119041.211
119041.4
119042.1
119078.5
119803.4
119822.5
120770.8
121299.211
121299.4
121300.1
121332.5
122026.8
122096.8
122501.211
122501.4
122502.1
122538.5
122687.8
123479.4
123480.212
123579.5
123580.2
124080.3
124580.1
124944.4
125001.5
125108.8
125269.8
125442.8
125448.8
125526.8
125528.8
125626.211
125626.4
125627.1
125668.5
125853.8
126457.4
126458.212
126558.2
126754.5
127058.3
127558.1
128323.4
128538.5
128685.8
129360.4
129361.212
129461.2
129551.5
129961.3
130461.1
133930.4
134063.5
135207.4
135300.5
135441.8
135590.8
135734.211
135734.4
135735.1
135819.5
136236.4
136288.5
136461.8
137214.4
137215.212
137315.2
137361.5
137815.3
138315.1
140927.4
141024.5
141859.8
142129.211
142129.4
142130.1
142204.5
142350.8
142878.211
142878.4
142879.1
142936.5
143266.8
143782.211
143782.4
143783.1
143828.5
144037.8
144503.8
144522.8
144533.8
144605.211
144605.4
144606.1
144751.5
144880.8
145452.211
145452.4
145453.1
145503.5
146082.4
146405.5
146511.8
146915.211
146915.4
146916.1
147079.5
147424.8
147823.8
147962.211
147962.4
147963.1
148011.5
148301.8
148768.211
148768.4
148769.1
148869.5
148961.8
149476.211
149476.4
149477.1
149629.5
149690.4
150093.5
150262.8
150528.8
150733.211
150733.4
150734.1
150774.5
150949.8
151196.8
151492.211
151492.4
151493.1
151567.5
151654.8
151665.8
151873.8
152100.211
152100.4
152101.1
152141.5
152367.8
152855.211
152855.4
152856.1
152894.5
153510.4
153560.5
153993.4
154027.5
154205.8
154603.8
154678.211
154678.4
154679.1
154715.5
154858.4
154901.5
155005.8
155111.8
155130.8
155296.8
155556.8
155662.4
155663.212
155763.2
155778.5
156263.3
156763.1
157395.8
157768.211
157768.4
157769.1
157856.5
159165.8
159354.211
159354.4
159355.1
159423.5
159847.8
160345.211
160345.4
160346.1
160387.5
160764.8
161290.211
161290.4
161291.1
161332.5
161664.8
161901.8
162021.211
162021.4
162022.1
162061.5
162205.8
162627.8
162796.8
162902.4
162903.212
163003.2
163040.5
163503.3
164003.1
164319.4
164429.5
164968.8
165189.211
165189.4
165190.1
165359.5
165869.8
166333.211
166333.4
166334.1
166407.5
166658.8
167117.8
167343.8
167428.4
167429.212
167529.2
167537.5
168029.3
168529.1
171078.4
171313.5
171829.8
172191.211
172191.4
172192.1
172270.5
172709.8
173033.211
173033.4
173034.1
173073.5
173473.8
173918.211
173918.4
173919.1
173962.5
173997.4
174057.5
174197.8
174458.8
174801.4
174802.212
174902.2
174968.5
175402.3
175902.1
177159.4
177326.5
177471.8
178292.4
178293.212
178393.2
178443.5
178893.3
180000.9
123456789
12
05
15
12
05
15
5
FI
1
5
9
48
30
10
21
30
6
2
789
0
0
0
314159265
31
194
162
180000
314159265
0.1
672.4
693.5
767.8
1387.4
1388.212
1488.2
1538.5
1988.3
2488.1
4009.4
4076.5
4499.8
4848.211
4848.4
4849.1
4945.5
5607.8
5844.211
5844.4
5845.1
6022.5
6099.8
6421.211
6421.4
6422.1
6490.5
6655.8
6798.8
7123.211
7123.4
7124.1
7218.5
7331.8
7627.8
7740.211
7740.4
7741.1
7779.5
7859.4
7925.5
8034.8
8329.211
8329.4
8330.1
8371.5
8448.8
8602.8
8787.211
8787.4
8788.1
8828.5
8961.8
9306.8
9447.8
9504.211
9504.4
9505.1
9548.5
9767.8
9776.8
10260.211
10260.4
10261.1
10318.5
10328.4
10543.5
10675.8
10697.8
10999.8
11178.211
11178.4
11179.1
11234.5
11306.4
11342.5
11431.8
11548.8
11823.211
11823.4
11824.1
11859.5
12558.8
13132.211
13132.4
13133.1
13238.5
13339.8
13343.8
13521.8
13623.211
13623.4
13624.1
13744.5
13754.4
13821.5
13950.8
14109.8
14214.8
14310.211
14310.4
14311.1
14341.5
15193.8
15442.8
15769.211
15769.4
15770.1
15830.5
16060.8
16310.8
16709.4
16710.212
16809.5
16810.2
17310.3
17774.4
17810.1
17846.5
17999.8
18110.8
18354.8
18709.4
18710.212
18810.2
18838.5
19310.3
19810.1
20423.8
20931.211
20931.4
20932.1
21087.5
21580.8
22136.211
22136.4
22137.1
22201.5
23172.8
23191.8
23344.8
23409.211
23409.4
23410.1
23537.5
23697.8
23911.8
24241.211
24241.4
24242.1
24426.5
24561.8
24975.211
24975.4
24976.1
25016.5
25217.8
25503.8
25673.8
25817.211
25817.4
25818.1
25933.5
26372.8
26439.8
26507.8
26691.211
26691.4
26692.1
26733.5
26911.8
26925.8
27001.8
27273.211
27273.4
27274.1
27311.5
27434.8
27742.8
28054.4
28055.212
28142.5
28155.2
28655.3
29155.1
29408.4
29517.5
29662.8
29679.8
29847.8
30240.211
30240.4
30241.1
30314.5
30838.8
31289.8
31527.4
31528.212
31613.5
31628.2
32128.3
32628.1
33486.4
33614.5
34117.8
34416.211
34416.4
34417.1
34558.5
35135.8
35676.211
35676.4
35677.1
35748.5
35875.8
36270.8
36465.8
36643.4
36644.212
36744.2
36761.5
37244.3
37744.1
38252.4
38317.5
38636.4
38735.5
39012.8
39313.8
39505.211
39505.4
39506.1
39555.5
39952.4
40016.5
40120.8
40993.4
40994.212
41094.2
41103.5
41594.3
42094.1
42742.4
42743.5
42747.4
42805.5
43532.8
43808.211
43808.4
43809.1
43891.5
44237.8
44656.8
44824.8
44878.4
44879.212
44979.2
44998.5
45479.3
45979.1
49342.4
49493.5
50052.8
50487.8
50559.211
50559.4
50560.1
50691.5
51745.8
52491.4
52492.212
52592.2
52603.5
53092.3
53592.1
56361.4
56521.5
56804.4
56966.5
57491.8
57875.211
57875.4
57876.1
57940.5
58737.4
58813.5
59033.8
59450.8
59640.4
59641.212
59728.5
59741.2
60241.3
60656.4
60741.1
60864.5
61864.4
62031.5
62414.8
62868.211
62868.4
62869.1
62946.5
63276.8
63748.8
63939.4
63940.212
64040.2
64051.5
64540.3
65040.1
66248.8
66629.8
66711.211
66711.4
66712.1
66761.5
67056.4
67112.5
67461.8
68075.4
68076.212
68176.2
68207.5
68676.3
69176.1
70569.4
70722.5
71478.8
71905.211
71905.4
71906.1
71952.5
72195.8
72906.4
72907.212
73007.2
73019.5
73507.3
74007.1
74875.4
75121.5
75290.8
75978.4
75979.212
76079.2
76099.5
76579.3
77079.1
77773.4
77882.5
78906.8
79203.211
79203.4
79204.1
79270.5
79583.8
80347.4
80348.212
80448.2
80459.5
80948.3
81448.1
84296.4
84373.5
85039.8
85436.211
85436.4
85437.1
85576.5
85689.8
85696.8
86043.8
86398.4
86399.212
86499.2
86509.5
86999.3
87499.1
88848.4
88906.5
89089.8
89539.211
89539.4
89540.1
89613.5
90266.8
90704.211
90704.4
90705.1
90944.5
91241.4
91318.5
91420.8
91726.8
91924.8
92000.211
92000.4
92001.1
92089.5
92821.8
93174.211
93174.4
93175.1
93234.5
93693.8
93976.8
94146.211
94146.4
94147.1
94207.5
95777.8
96103.211
96103.4
96104.1
96183.5
96296.8
96476.8
96573.8
96685.211
96685.4
96686.1
96723.5
96886.8
97191.8
97201.8
97408.8
97417.8
97509.4
97510.212
97602.5
97610.2
98110.3
98610.1
99386.4
99463.5
99767.8
99938.8
100093.8
100203.211
100203.4
100204.1
100265.5
100552.8
101262.8
101334.4
101335.212
101435.2
101466.5
101935.3
102435.1
102845.4
102934.5
103436.4
103536.5
103721.8
104242.211
104242.4
104243.1
104319.5
104504.8
104758.8
104974.8
105086.8
105092.8
105093.8
105152.4
105153.212
105253.2
105256.5
105753.3
106253.1
106878.4
107080.5
107142.4
107348.5
107418.4
107598.5
108353.8
108694.211
108694.4
108695.1
108754.5
108864.8
109328.211
109328.4
109329.1
109429.5
109647.8
110084.8
110192.211
110192.4
110193.1
110240.5
110413.8
110721.8
110725.8
111050.4
111051.212
111151.2
111322.5
111651.3
112151.1
113201.8
113684.8
113699.8
113898.4
113899.212
113999.2
114012.5
114499.3
114999.1
115650.4
115802.5
116377.8
116609.8
116808.211
116808.4
116809.1
116910.5
117095.8
118068.4
118069.212
118169.2
118194.5
118669.3
119169.1
119844.4
119967.5
120189.8
120504.8
120725.211
120725.4
120726.1
120773.5
121862.8
122224.211
122224.4
122225.1
122322.5
123895.8
123983.211
123983.4
123984.1
124063.5
124159.8
124436.8
124595.8
124599.8
124664.211
124664.4
124665.1
124734.5
124877.8
125212.8
125523.4
125524.212
125624.2
125670.5
126124.3
126624.1
129036.4
129211.5
129791.8
130087.211
130087.4
130088.1
130148.5
130333.8
130994.4
130995.212
131095.2
131175.5
131595.3
132095.1
134243.4
134466.5
134628.4
134740.5
134831.4
134940.5
135078.8
135646.211
135646.4
135647.1
135695.5
135697.4
135803.5
135953.8
136242.211
136242.4
136243.1
136359.5
136460.8
137076.4
137077.212
137177.2
137202.5
137677.3
138177.1
140871.4
140960.5
141907.4
141976.5
142102.8
142415.8
142550.8
142661.211
142661.4
142662.1
142708.5
143077.8
143571.211
143571.4
143572.1
143639.5
143804.8
144205.211
144205.4
144206.1
144264.5
144294.4
144331.5
144441.8
144806.8
144999.211
144999.4
145000.1
145037.5
145170.8
145188.8
145552.211
145552.4
145553.1
145581.5
145916.8
146318.211
146318.4
146319.1
146354.5
147676.8
148082.8
148341.4
148342.212
148442.2
148454.5
148942.3
149442.1
149882.4
150070.5
150103.4
150227.5
150306.4
150463.5
150580.8
151106.8
151109.8
151171.211
151171.4
151172.1
151236.5
151413.8
151981.211
151981.4
151982.1
152026.5
152949.8
153097.8
153103.8
153176.211
153176.4
153177.1
153241.5
153361.8
153727.8
153850.8
154048.4
154049.212
154143.5
154149.2
154649.3
155149.1
156881.4
157002.5
157205.4
157335.5
158153.4
158215.5
158438.8
158444.8
158853.211
158853.4
158854.1
158890.5
158905.4
158945.5
159092.8
159219.8
159369.8
159596.211
159596.4
159597.1
159629.5
159639.4
159767.5
160010.8
160302.211
160302.4
160303.1
160346.5
160733.8
161122.211
161122.4
161123.1
161150.5
161215.8
161593.211
161593.4
161594.1
161636.5
163483.4
163526.5
163621.8
163723.8
163945.8
164130.211
164130.4
164131.1
164180.5
166788.4
166811.5
166878.8
167527.4
167528.212
167607.5
167628.2
168128.3
168628.1
169007.4
169073.5
169215.8
169710.211
169710.4
169711.1
169769.5
169946.8
170474.8
170544.211
170544.4
170545.1
170688.5
170799.8
171083.8
171234.8
171359.8
171477.4
171478.212
171568.5
171578.2
172078.3
172578.1
173007.4
173250.5
173427.8
174160.4
174161.212
174261.2
174709.5
174761.3
174783.4
174926.5
175261.1
175309.4
175334.5
175425.8
175627.8
175640.8
176031.4
176032.212
176132.2
176154.5
176632.3
176663.4
176761.5
177132.1
179871.4
180000.9
123456789
12
06
15
12
06
15
5
FI
1
5
9
48
15
10
21
15
6
2
711
0
0
0
314159265
20
184
143
180000
314159265
0.1
655.4
670.5
761.8
857.8
1124.211
1124.4
1125.1
1258.5
1616.4
1661.5
1708.4
1910.5
2029.8
2406.8
2638.4
2639.212
2739.2
2753.5
3239.3
3739.1
3759.4
3809.5
3921.8
4101.8
4133.8
4287.8
4305.8
4403.211
4403.4
4404.1
4548.5
5359.8
5549.8
5676.8
5729.8
5803.211
5803.4
5804.1
5874.5
6006.4
6081.5
6180.8
6188.8
6307.8
6762.211
6762.4
6763.1
6920.5
7129.8
7220.8
7444.8
7584.211
7584.4
7585.1
7713.5
7889.8
8435.8
8482.211
8482.4
8483.1
8561.5
8729.8
8892.8
9013.8
9204.211
9204.4
9205.1
9259.5
9382.8
9887.211
9887.4
9888.1
9978.5
9988.4
10037.5
10134.8
10296.8
10395.8
10568.211
10568.4
10569.1
10648.5
10792.8
10833.8
11179.8
11252.8
11412.4
11413.212
11513.2
11547.5
12013.3
12513.1
12823.4
12913.5
13176.8
13403.8
13827.4
13828.212
13928.2
13928.5
14428.3
14928.1
18218.8
18727.8
18758.8
18873.4
18874.212
18974.2
18979.5
19474.3
19974.1
21708.4
21879.5
22318.8
22503.8
22890.211
22890.4
22891.1
22978.5
23132.8
23355.8
23505.8
23652.8
23858.4
23859.212
23959.2
23972.5
24459.3
24959.1
26909.4
27035.5
27380.8
27747.211
27747.4
27748.1
27836.5
28183.8
28629.211
28629.4
28630.1
28748.5
28898.8
29084.8
29184.8
29314.211
29314.4
29315.1
29465.5
29611.8
30067.8
30078.8
30143.211
30143.4
30144.1
30201.5
30266.4
30325.5
30432.8
31037.4
31038.212
31136.5
31138.2
31638.3
32138.1
33863.4
34423.5
34705.4
34966.5
35099.8
35599.211
35599.4
35600.1
35663.5
36117.8
36471.211
36471.4
36472.1
36552.5
36674.8
37319.4
37320.212
37420.2
37432.5
37920.3
38420.1
40618.4
40621.5
40624.4
40705.5
41883.4
42044.5
42129.8
42370.211
42370.4
42371.1
42421.5
42553.8
43066.211
43066.4
43067.1
43219.5
43577.8
43969.211
43969.4
43970.1
44024.5
44665.8
44934.211
44934.4
44935.1
45023.5
45359.4
45411.5
45521.8
45836.211
45836.4
45837.1
45908.5
45988.8
46080.8
46198.8
46320.211
46320.4
46321.1
46354.5
46518.8
47038.211
47038.4
47039.1
47084.5
47252.8
47667.211
47667.4
47668.1
47721.5
47884.8
48286.8
48517.4
48518.212
48618.2
48708.5
49118.3
49618.1
50602.4
50730.5
51029.8
51425.8
51514.211
51514.4
51515.1
51578.5
51736.8
52420.4
52421.212
52521.2
52536.5
53021.3
53521.1
55777.4
56002.5
56240.8
56434.8
56754.211
56754.4
56755.1
56801.5
57026.8
57231.8
57495.211
57495.4
57496.1
57551.5
58058.8
58364.211
58364.4
58365.1
58431.5
58564.8
58710.8
58825.8
59102.211
59102.4
59103.1
59143.5
59273.8
59408.8
59511.211
59511.4
59512.1
59537.5
59845.8
59921.8
60243.211
60243.4
60244.1
60363.5
60624.4
60648.5
61176.8
61418.8
61711.211
61711.4
61712.1
61753.5
62809.4
62820.5
62888.8
63002.8
63141.8
63412.211
63412.4
63413.1
63468.5
63594.8
64136.211
64136.4
64137.1
64179.5
64318.8
65032.4
65033.212
65133.2
65150.5
65633.3
66133.1
66990.4
67207.5
67327.8
67586.8
67918.211
67918.4
67919.1
67969.5
68275.4
68325.5
68438.8
68976.8
69113.4
69114.212
69214.2
69233.5
69714.3
70214.1
70785.4
70881.5
71388.8
71801.211
71801.4
71802.1
71850.5
72164.8
72433.8
72875.4
72876.212
72976.2
72976.5
73476.3
73976.1
77161.4
77238.5
77887.4
77951.5
78090.8
78555.211
78555.4
78556.1
78626.5
78739.8
78923.8
79558.4
79559.212
79650.5
79659.2
80159.3
80659.1
81512.4
81635.5
81834.8
82381.211
82381.4
82382.1
82585.5
83631.8
84006.211
84006.4
84007.1
84170.5
84270.8
84848.211
84848.4
84849.1
84889.5
85049.8
85359.8
85731.4
85732.212
85829.5
85832.2
86332.3
86832.1
89259.4
89499.5
90359.8
90499.8
90773.211
90773.4
90774.1
90831.5
90972.8
91190.8
91411.211
91411.4
91412.1
91475.5
91586.8
91604.8
91944.8
92131.211
92131.4
92132.1
92170.5
92301.8
92730.211
92730.4
92731.1
92766.5
92982.8
93201.8
93272.211
93272.4
93273.1
93312.5
93453.8
93472.8
93995.211
93995.4
93996.1
94037.5
94170.8
94225.8
94786.4
94787.212
94887.2
94910.5
95387.3
95887.1
96429.4
96657.5
96891.8
97272.8
97341.211
97341.4
97342.1
97410.5
97845.8
98214.211
98214.4
98215.1
98264.5
98624.8
99112.211
99112.4
99113.1
99156.5
100129.8
100208.211
100208.4
100209.1
100245.5
100390.8
100962.211
100962.4
100963.1
101010.5
101188.8
101840.4
101841.212
101941.2
102094.5
102441.3
102941.1
103865.4
104175.5
104354.8
104946.211
104946.4
104947.1
105001.5
105183.8
105736.211
105736.4
105737.1
105844.5
105956.8
106211.8
106437.211
106437.4
106438.1
106534.5
106541.4
106569.5
106584.4
106783.5
106886.8
107000.211
107000.4
107001.1
107025.5
107157.8
107590.8
107644.211
107644.4
107645.1
107677.5
108861.8
109135.211
109135.4
109136.1
109179.5
109269.8
109628.211
109628.4
109629.1
109665.5
112597.8
113006.211
113006.4
113007.1
113046.5
113173.8
113194.8
113273.8
113403.8
113590.8
113715.8
113928.4
113929.212
114029.2
114041.5
114529.3
115029.1
116256.4
116365.5
116875.4
117078.5
117489.8
117500.8
118056.211
118056.4
118057.1
118092.5
118247.8
118270.8
118615.211
118615.4
118616.1
118667.5
118889.8
119174.8
119305.211
119305.4
119306.1
119347.5
119474.8
120116.4
120117.212
120217.2
120225.5
120717.3
121217.1
122602.4
122765.5
123097.4
123115.5
125933.8
125945.8
126207.211
126207.4
126208.1
126233.5
126979.4
127028.5
127746.8
127995.8
128344.211
128344.4
128345.1
128385.5
130008.8
130077.8
130292.211
130292.4
130293.1
130325.5
130499.8
130510.8
131043.211
131043.4
131044.1
131086.5
131204.8
131699.8
131769.211
131769.4
131770.1
131802.5
131895.8
132142.8
132365.8
132438.211
132438.4
132439.1
132479.5
132588.8
132735.8
133102.211
133102.4
133103.1
133144.5
133253.8
133891.4
133892.212
133992.2
134008.5
134492.3
134992.1
136625.4
136722.5
139832.8
140023.8
140461.8
140624.4
140625.212
140725.2
140748.5
141225.3
141725.1
142097.4
142159.5
142287.8
142295.8
142404.8
142532.8
142727.211
142727.4
142728.1
142798.5
142958.8
143145.8
143263.8
143386.211
143386.4
143387.1
143419.5
143775.8
144183.211
144183.4
144184.1
144227.5
145128.8
145206.211
145206.4
145207.1
145251.5
145383.8
145932.211
145932.4
145933.1
145971.5
149356.4
149399.5
157793.4
157827.5
160181.4
160243.5
162675.4
162772.5
162903.8
162917.8
163165.211
163165.4
163166.1
163204.5
169727.8
169997.8
170138.211
170138.4
170139.1
170185.5
170372.8
170710.211
170710.4
170711.1
170727.5
170795.8
171075.211
171075.4
171076.1
171115.5
173362.4
173382.5
178443.4
178478.5
179470.8
179691.211
179691.4
179692.1
180000.9
123456789
12
07
15
12
07
15
5
FI
1
5
9
49
21
10
22
21
6
2
590
0
0
0
314159265
27
127
125
180000
314159265
0.1
482.8
915.8
1009.211
1009.4
1010.1
1085.5
1670.8
1901.211
1901.4
1902.1
1971.5
2088.8
2634.211
2634.4
2635.1
2718.5
2857.8
3286.8
3415.8
3602.4
3603.212
3703.2
3738.5
4203.3
4703.1
7262.8
7269.8
7692.8
7950.4
7951.212
8051.2
8120.5
8551.3
9051.1
12386.4
12635.5
12765.8
12940.8
13427.4
13428.212
13528.2
13535.5
14028.3
14528.1
18000.4
18408.5
18713.4
18884.5
19244.8
19574.211
19574.4
19575.1
19688.5
19810.8
19957.8
20193.8
20205.8
20287.211
20287.4
20288.1
20428.5
20544.8
20825.8
20951.8
20954.8
21187.4
21188.212
21288.2
21333.5
21788.3
22288.1
25984.8
26434.211
26434.4
26435.1
26530.5
26666.8
26992.8
27283.4
27284.212
27384.2
27388.5
27884.3
28384.1
29995.4
30136.5
30991.8
31393.211
31393.4
31394.1
31502.5
31838.8
32598.4
32599.212
32699.2
32722.5
33199.3
33699.1
35237.4
35302.5
35773.8
36478.4
36479.212
36576.5
36579.2
37079.3
37579.1
40042.4
40162.5
40521.4
40708.5
40994.8
41503.211
41503.4
41504.1
41570.5
41902.8
42096.8
42259.211
42259.4
42260.1
42373.5
42473.8
43096.4
43097.212
43197.2
43201.5
43697.3
44197.1
45783.8
46255.211
46255.4
46256.1
46338.5
46539.8
47170.4
47171.212
47271.2
47275.5
47771.3
48271.1
51187.4
51188.5
51190.4
51390.5
51908.8
52250.211
52250.4
52251.1
52320.5
52463.8
53198.4
53199.212
53299.2
53325.5
53799.3
54299.1
57319.4
57421.5
57571.4
57775.5
57944.8
58234.8
58484.211
58484.4
58485.1
58550.5
58882.8
59379.211
59379.4
59380.1
59437.5
59578.8
60102.211
60102.4
60103.1
60194.5
60507.8
61070.211
61070.4
61071.1
61129.5
61262.8
61875.4
61876.212
61976.2
61978.5
62476.3
62976.1
64246.4
64436.5
64730.8
65313.211
65313.4
65314.1
65378.5
65499.8
66254.4
66255.212
66350.5
66355.2
66855.3
67355.1
70107.4
70157.5
70505.4
70626.5
71160.8
71547.211
71547.4
71548.1
71587.5
71741.4
71835.5
71940.8
72404.211
72404.4
72405.1
72461.5
72610.8
73074.211
73074.4
73075.1
73116.5
73257.8
73716.8
73874.4
73875.212
73975.2
74021.5
74475.3
74975.1
78338.4
78637.5
78827.8
79020.8
79447.4
79448.212
79548.2
79557.5
80048.3
80548.1
84440.4
84636.5
85042.4
85210.5
85842.8
86130.211
86130.4
86131.1
86162.5
86285.8
86985.4
86986.212
87086.2
87108.5
87586.3
88086.1
88393.4
88562.5
89444.4
89556.5
89667.4
89885.5
90062.8
90067.8
90402.211
90402.4
90403.1
90445.5
90695.8
91062.211
91062.4
91063.1
91141.5
91441.8
91757.8
91926.211
91926.4
91927.1
91998.5
92151.8
92319.8
92677.211
92677.4
92678.1
92739.5
92902.8
93300.211
93300.4
93301.1
93342.5
93487.8
93632.8
93707.8
93888.211
93888.4
93889.1
93941.5
94044.8
94235.8
94339.211
94339.4
94340.1
94365.5
94493.8
94847.8
94909.211
94909.4
94910.1
94955.5
95153.4
95203.5
95310.8
96072.4
96073.212
96173.2
96191.5
96673.3
97173.1
99347.4
99457.5
99766.4
99907.5
99975.4
100516.5
100797.4
100885.5
100999.8
101137.8
101519.8
101670.4
101671.212
101771.2
101792.5
102271.3
102771.1
105930.4
106064.5
106507.8
106818.8
106992.211
106992.4
106993.1
107051.5
107176.8
107379.8
107493.8
107504.8
107689.211
107689.4
107690.1
107733.5
107822.4
107850.5
107965.8
108373.8
108585.4
108586.212
108686.2
108705.5
109186.3
109686.1
113903.4
114082.5
115194.8
115297.8
115612.211
115612.4
115613.1
115678.5
115805.8
116414.4
116415.212
116504.5
116515.2
117015.3
117515.1
119647.4
119877.5
120098.4
120315.5
120495.8
121031.211
121031.4
121032.1
121074.5
121274.4
121302.5
121432.8
121812.8
122029.211
122029.4
122030.1
122088.5
122215.8
122799.211
122799.4
122800.1
122838.5
123608.8
124343.4
124344.212
124444.2
124458.5
124944.3
125444.1
128435.4
128620.5
128867.4
128932.5
131266.8
131479.8
133867.4
133868.212
133967.5
133968.2
134468.3
134968.1
135358.4
135460.5
135609.4
135783.5
135853.4
135937.5
136096.4
136222.5
136236.4
136323.5
136594.8
136597.8
136731.8
136947.211
136947.4
136948.1
137064.5
137269.4
137438.5
137572.8
138007.211
138007.4
138008.1
138044.5
138172.4
138197.5
138311.8
138790.211
138790.4
138791.1
138882.5
138997.8
139831.4
139832.212
139932.2
139940.5
140432.3
140932.1
141744.4
141977.5
142366.4
142510.5
142672.8
143180.211
143180.4
143181.1
143269.5
143366.8
143721.8
143815.211
143815.4
143816.1
143852.5
144099.8
144340.8
144497.211
144497.4
144498.1
144542.5
145538.8
145761.8
145953.211
145953.4
145954.1
145990.5
146298.4
146346.5
146457.8
146919.211
146919.4
146920.1
146956.5
147081.8
147393.8
147536.211
147536.4
147537.1
147574.5
147738.8
147921.8
148251.211
148251.4
148252.1
148286.5
148400.8
148478.8
148819.211
148819.4
148820.1
148845.5
149007.8
149017.8
149494.211
149494.4
149495.1
149518.5
149599.8
149891.8
150097.211
150097.4
150098.1
150133.5
150282.8
150909.4
150910.212
151010.2
151031.5
151510.3
152010.1
154554.8
154953.211
154953.4
154954.1
155002.5
155932.8
156579.8
156695.4
156696.212
156796.2
156856.5
157296.3
157796.1
158879.4
159006.5
159420.8
160072.4
160073.212
160173.2
160207.5
160673.3
161173.1
162524.4
162632.5
162794.8
163503.4
163504.212
163595.5
163604.2
164104.3
164604.1
166419.8
166773.211
166773.4
166774.1
166841.5
168429.8
169254.4
169255.212
169355.2
169403.5
169855.3
170355.1
176973.8
177264.8
177335.211
177335.4
177336.1
177371.5
177637.8
177851.8
178023.211
178023.4
178024.1
178057.5
178184.4
178241.5
178344.8
180000.9
123456789
12
08
15
12
08
15
5
FI
1
5
9
55
36
10
28
37
6
2
823
0
0
0
314159265
23
214
159
180000
314159265
0.1
442.8
610.8
687.211
687.4
688.1
748.5
840.8
1210.211
1210.4
1211.1
1326.5
1576.8
2142.211
2142.4
2143.1
2247.5
2341.8
3036.4
3037.212
3137.2
3144.5
3637.3
4137.1
4449.8
4493.8
4778.8
4983.211
4983.4
4984.1
5121.5
5238.8
5788.211
5788.4
5789.1
5847.5
6017.8
6288.211
6288.4
6289.1
6326.5
6417.8
6638.211
6638.4
6639.1
6721.5
7220.8
7348.8
7564.8
7674.211
7674.4
7675.1
7733.5
7873.8
8070.8
8370.211
8370.4
8371.1
8430.5
8556.8
8578.8
9153.211
9153.4
9154.1
9193.5
9328.8
9477.8
9907.8
9922.8
9973.4
9974.212
10074.2
10089.5
10574.3
11074.1
14978.8
15178.8
15560.211
15560.4
15561.1
15605.5
15751.8
16096.211
16096.4
16097.1
16234.5
16335.8
16912.211
16912.4
16913.1
17075.5
17216.8
17229.8
17756.211
17756.4
17757.1
17851.5
17931.8
18103.8
18307.211
18307.4
18308.1
18347.5
18515.8
19163.4
19164.212
19264.2
19271.5
19764.3
20264.1
20754.4
20890.5
21026.8
21826.4
21827.212
21927.2
21987.5
22427.3
22927.1
25742.4
25838.5
26104.4
26296.5
26453.4
26920.5
27284.8
27628.211
27628.4
27629.1
27685.5
27835.8
27849.8
28105.8
28168.211
28168.4
28169.1
28316.5
28431.8
28799.211
28799.4
28800.1
28876.5
28964.8
29167.8
29270.8
29367.211
29367.4
29368.1
29428.5
29570.8
30103.211
30103.4
30104.1
30173.5
30577.8
31049.211
31049.4
31050.1
31143.5
31243.8
31674.8
31799.211
31799.4
31800.1
31852.5
32601.8
33009.8
33030.8
33032.8
33103.211
33103.4
33104.1
33145.5
33300.8
33612.8
33776.211
33776.4
33777.1
33821.5
33994.8
34172.8
34791.4
34792.212
34892.2
34894.5
35392.3
35892.1
38467.4
38471.5
38473.4
38594.5
38709.4
38860.5
38869.4
38927.5
39137.8
39613.211
39613.4
39614.1
39659.5
39795.8
40162.211
40162.4
40163.1
40191.5
40582.4
40640.5
40744.8
40756.8
41278.211
41278.4
41279.1
41320.5
41419.8
42056.4
42057.212
42142.5
42157.2
42657.3
43157.1
43836.4
43978.5
44127.8
44323.8
44534.8
44780.4
44781.212
44881.2
44923.5
45381.3
45881.1
48388.4
48704.5
48867.8
48876.8
49264.8
49531.4
49532.212
49632.2
49687.5
50132.3
50632.1
54783.4
54967.5
55210.8
55349.8
55632.211
55632.4
55633.1
55710.5
56116.8
56308.211
56308.4
56309.1
56388.5
56516.8
56916.211
56916.4
56917.1
57019.5
57026.4
57089.5
57360.8
57846.211
57846.4
57847.1
57915.5
58026.8
58451.8
58532.211
58532.4
58533.1
58603.5
58708.8
59257.211
59257.4
59258.1
59354.5
59460.8
60147.4
60148.212
60248.2
60248.5
60748.3
61248.1
64206.4
64280.5
65790.8
66019.211
66019.4
66020.1
66079.5
66213.8
66369.8
66600.8
66660.8
66871.4
66872.212
66972.2
67093.5
67472.3
67972.1
71157.4
71313.5
71557.8
71815.8
72119.211
72119.4
72120.1
72196.5
72971.8
73416.211
73416.4
73417.1
73462.5
74469.8
74600.211
74600.4
74601.1
74649.5
74776.8
75139.8
75152.8
75206.211
75206.4
75207.1
75249.5
75396.8
75778.8
75782.8
75887.211
75887.4
75888.1
75923.5
76078.8
76464.8
76648.211
76648.4
76649.1
76703.5
76725.4
76782.5
76887.8
77199.8
77222.8
77393.8
77457.211
77457.4
77458.1
77496.5
79067.8
79215.8
79219.8
79224.8
79358.211
79358.4
79359.1
79403.5
80564.8
80752.211
80752.4
80753.1
80790.5
81009.8
81136.8
81233.211
81233.4
81234.1
81267.5
82155.4
82157.5
82160.4
82179.5
82246.8
82320.8
82799.211
82799.4
82800.1
82853.5
82957.8
82994.8
83229.211
83229.4
83230.1
83259.5
83337.8
83545.8
83657.8
83728.211
83728.4
83729.1
83765.5
83874.8
83907.8
84367.8
84472.211
84472.4
84473.1
84525.5
84643.8
84687.8
84800.8
85303.4
85304.212
85404.2
85443.5
85904.3
86404.1
86933.4
87013.5
87015.4
87059.5
87443.8
87811.211
87811.4
87812.1
87885.5
88217.8
88594.8
88790.211
88790.4
88791.1
88838.5
88976.8
89197.8
89210.8
89591.8
89645.4
89646.212
89744.5
89746.2
90246.3
90746.1
91475.4
91597.5
92101.8
92498.211
92498.4
92499.1
92539.5
92637.8
92946.211
92946.4
92947.1
93006.5
93314.8
93769.211
93769.4
93770.1
93809.5
94222.8
94421.8
94575.211
94575.4
94576.1
94619.5
94954.8
95706.4
95707.212
95807.2
95814.5
96307.3
96807.1
101575.8
102312.4
102313.212
102413.2
102427.5
102913.3
103413.1
105391.8
105693.8
105944.211
105944.4
105945.1
105987.5
106231.8
106905.4
106906.212
107004.5
107006.2
107506.3
108006.1
109223.4
109372.5
110356.8
110434.211
110434.4
110435.1
110508.5
110861.8
111409.211
111409.4
111410.1
111476.5
111645.8
112278.4
112279.212
112379.2
112413.5
112879.3
113379.1
115316.4
115431.5
115818.8
116255.211
116255.4
116256.1
116297.5
116753.8
117270.211
117270.4
117271.1
117338.5
117369.4
117529.5
117656.8
117865.8
118111.211
118111.4
118112.1
118150.5
118272.8
118848.8
118986.4
118987.212
119087.2
119132.5
119587.3
120087.1
121798.4
121871.5
122190.4
122324.5
122573.4
122793.5
122997.8
123448.211
123448.4
123449.1
123685.5
123815.8
124120.8
124391.211
124391.4
124392.1
124435.5
124558.8
124843.211
124843.4
124844.1
124899.5
124986.8
125371.211
125371.4
125372.1
125422.5
125487.8
125746.211
125746.4
125747.1
125774.5
126504.8
126662.211
126662.4
126663.1
126702.5
126805.8
127081.8
127148.211
127148.4
127149.1
127176.5
127894.8
127964.8
128161.211
128161.4
128162.1
128206.5
128314.8
128336.8
128672.211
128672.4
128673.1
128691.5
128765.8
129064.211
129064.4
129065.1
129095.5
129181.8
129491.211
129491.4
129492.1
129523.5
131685.4
131704.5
133353.4
133409.5
133512.8
133562.8
133844.211
133844.4
133845.1
133858.5
133962.8
133985.8
134920.4
134921.212
135021.2
135026.5
135521.3
136021.1
136640.4
136707.5
136938.8
137527.211
137527.4
137528.1
137579.5
138945.4
138982.5
139217.8
139734.211
139734.4
139735.1
139798.5
139922.8
140137.8
140504.211
140504.4
140505.1
140549.5
140651.8
140849.8
140977.8
141153.211
141153.4
141154.1
141187.5
141306.8
141315.8
141469.8
141691.8
141696.8
141768.211
141768.4
141769.1
141799.5
141943.8
142617.4
142618.212
142718.2
142756.5
143218.3
143718.1
144253.4
144328.5
145066.4
145245.5
146131.8
146359.211
146359.4
146360.1
146404.5
146795.8
147308.211
147308.4
147309.1
147366.5
147490.8
148030.211
148030.4
148031.1
148064.5
148197.8
148533.8
148630.8
148801.4
148802.212
148902.2
148906.5
149402.3
149902.1
150689.4
150892.5
151020.8
151645.4
151646.212
151744.5
151746.2
152246.3
152746.1
154998.4
155148.5
157040.8
157939.4
157940.212
158032.5
158040.2
158540.3
159040.1
159771.4
159862.5
159967.8
161484.4
161485.212
161585.2
161616.5
162085.3
162585.1
165795.4
165833.5
165904.8
166290.211
166290.4
166291.1
166321.5
166599.8
166796.211
166796.4
166797.1
166831.5
168226.8
168602.211
168602.4
168603.1
168637.5
169825.8
169908.8
169993.211
169993.4
169994.1
170026.5
170149.8
170199.8
170555.211
170555.4
170556.1
170585.5
170658.8
170906.8
171041.211
171041.4
171042.1
171076.5
171211.8
171225.8
171542.211
171542.4
171543.1
171580.5
171677.8
172072.211
172072.4
172073.1
172101.5
172184.8
172318.8
172578.211
172578.4
172579.1
172604.5
173237.4
173268.5
173340.8
173391.8
173556.8
173730.8
173809.211
173809.4
173810.1
173837.5
173958.8
174286.8
174504.211
174504.4
174505.1
174546.5
174736.8
174786.8
175126.211
175126.4
175127.1
175158.5
175262.8
175517.8
175607.211
175607.4
175608.1
175638.5
176051.8
176165.211
176165.4
176166.1
176188.5
176809.8
176895.8
177080.8
177137.211
177137.4
177138.1
177179.5
177475.8
177863.211
177863.4
177864.1
177897.5
178375.8
178543.8
178889.211
178889.4
178890.1
178920.5
179341.8
179467.8
179684.211
179684.4
179685.1
179715.5
180000.9
123456789
12
09
15
12
09
15
5
FI
1
5
9
59
52
10
32
52
6
2
467
0
0
0
314159265
15
104
100
180000
314159265
0.1
320.8
514.211
514.4
515.1
515.5
524.4
526.5
1394.8
1663.8
1998.4
1999.212
2099.2
2109.5
2599.3
3099.1
5962.4
5990.5
5991.4
6103.5
7821.8
8034.211
8034.4
8035.1
8090.5
8229.4
8279.5
8411.8
8765.211
8765.4
8766.1
8790.5
8869.8
9518.4
9519.212
9619.2
9632.5
10119.3
10619.1
16435.8
16788.211
16788.4
16789.1
16846.5
16949.8
17556.4
17557.212
17657.2
17670.5
18157.3
18657.1
19909.4
20088.5
20273.4
20356.5
21652.4
21867.5
22473.4
22559.5
22675.8
22914.211
22914.4
22915.1
22972.5
23979.8
24056.211
24056.4
24057.1
24089.5
25038.8
25187.211
25187.4
25188.1
25245.5
25811.4
25855.5
25958.8
26252.211
26252.4
26253.1
26290.5
26375.8
26637.211
26637.4
26638.1
26682.5
33142.8
33347.211
33347.4
33348.1
33383.5
33472.8
33484.8
34196.4
34197.212
34297.2
34333.5
34797.3
35297.1
37322.4
37533.5
37622.4
37697.5
38879.8
38962.211
38962.4
38963.1
38994.5
40066.8
40440.211
40440.4
40441.1
40482.5
40564.8
41040.211
41040.4
41041.1
41077.5
41190.8
41546.8
41583.8
41678.8
41734.211
41734.4
41735.1
41784.5
45478.4
45505.5
49390.8
49702.8
49805.211
49805.4
49806.1
49846.5
50036.4
50060.5
50616.8
51050.8
51165.211
51165.4
51166.1
51203.5
58840.8
59296.211
59296.4
59297.1
59326.5
59429.8
60015.211
60015.4
60016.1
60049.5
60177.8
60178.8
60591.211
60591.4
60592.1
60660.5
60805.8
61970.8
62249.8
62356.4
62357.212
62457.2
62460.5
62957.3
63457.1
64048.4
64162.5
64311.8
64865.8
64875.8
65003.4
65004.212
65095.5
65104.2
65604.3
66104.1
66582.4
66719.5
66883.8
67307.211
67307.4
67308.1
67381.5
67545.8
68176.8
68243.4
68244.212
68344.2
68359.5
68844.3
69344.1
73364.8
74016.4
74017.212
74117.2
74128.5
74582.4
74617.3
74656.5
75117.1
76684.8
76691.8
76693.8
77168.211
77168.4
77169.1
77277.5
77401.8
77768.8
77997.211
77997.4
77998.1
78052.5
78155.4
78209.5
78328.8
78898.211
78898.4
78899.1
78943.5
79250.8
79731.211
79731.4
79732.1
79775.5
80982.8
81057.211
81057.4
81058.1
81097.5
81219.8
81646.211
81646.4
81647.1
81682.5
81838.8
82302.211
82302.4
82303.1
82333.5
82459.8
82461.8
82798.8
82936.211
82936.4
82937.1
82976.5
83018.4
83167.5
83321.8
83991.4
83992.212
84092.2
84128.5
84592.3
85092.1
85486.4
85587.5
85792.8
85943.8
86084.8
86322.211
86322.4
86323.1
86383.5
86975.8
87546.211
87546.4
87547.1
87593.5
87872.8
88236.211
88236.4
88237.1
88265.5
89003.4
89023.5
89098.8
89132.8
89256.8
89628.211
89628.4
89629.1
89668.5
90219.8
90437.211
90437.4
90438.1
90473.5
90835.4
90856.5
91381.8
92001.4
92002.212
92102.2
92102.5
92602.3
93102.1
93655.4
93826.5
94025.8
94342.8
94607.211
94607.4
94608.1
94648.5
94827.8
95542.4
95543.212
95643.2
95695.5
96143.3
96643.1
101808.8
102105.211
102105.4
102106.1
102136.5
104658.8
104797.211
104797.4
104798.1
104821.5
108853.4
108856.5
118195.8
118346.8
118420.211
118420.4
118421.1
118490.5
119110.8
119635.8
119650.8
119746.4
119747.212
119847.2
119868.5
120347.3
120847.1
125359.4
125417.5
129083.8
129639.211
129639.4
129640.1
129676.5
131817.8
131983.8
132253.211
132253.4
132254.1
132321.5
134516.4
134551.5
137922.4
137950.5
144791.8
145166.211
145166.4
145167.1
145203.5
148181.8
148448.8
148452.8
148539.211
148539.4
148540.1
148575.5
148779.8
149286.211
149286.4
149287.1
149314.5
149393.8
150317.8
151617.4
151618.212
151718.2
151816.5
152218.3
152718.1
153308.8
153455.8
153617.211
153617.4
153618.1
153768.5
156837.8
157074.8
157153.211
157153.4
157154.1
157187.5
157743.8
158667.4
158668.212
158768.2
158791.5
159268.3
159709.4
159768.1
159952.5
160100.8
160360.8
160374.8
160452.211
160452.4
160453.1
160499.5
160971.4
161022.5
161745.8
161831.211
161831.4
161832.1
161864.5
161883.4
161905.5
162511.8
162797.8
162800.8
162884.8
163009.211
163009.4
163010.1
163060.5
164581.4
164609.5
165247.4
165272.5
165359.8
165583.8
165638.211
165638.4
165639.1
165662.5
168100.8
168652.211
168652.4
168653.1
168677.5
168749.8
169429.8
169782.4
169783.212
169883.2
169925.5
170383.3
170684.4
170828.5
170883.1
171360.4
171404.5
174743.4
174772.5
175489.4
175524.5
176555.8
176646.211
176646.4
176647.1
180000.9
123456789
12
10
15
12
10
15
5
FI
1
5
9
56
18
10
29
18
6
2
727
0
0
0
314159265
13
184
155
180000
314159265
0.1
685.8
1060.211
1060.4
1061.1
1144.5
1854.4
1933.5
2014.8
2444.211
2444.4
2445.1
2509.5
2645.8
2984.8
2995.8
3192.8
3330.4
3331.212
3431.2
3448.5
3595.4
3742.5
3931.3
4431.1
4878.4
5078.5
5368.8
5516.8
5617.211
5617.4
5618.1
5775.5
5786.4
5851.5
5952.8
6197.8
6428.211
6428.4
6429.1
6553.5
6653.8
7017.211
7017.4
7018.1
7406.5
7880.4
7979.5
8067.8
8470.211
8470.4
8471.1
8667.5
9146.4
9239.5
9322.4
9740.5
9801.4
9897.5
10233.8
10645.211
10645.4
10646.1
10723.5
10870.8
11274.211
11274.4
11275.1
11353.5
11615.8
11771.8
11967.211
11967.4
11968.1
12034.5
12158.8
12529.8
12668.211
12668.4
12669.1
12793.5
12909.8
13088.8
13405.8
13478.8
13632.4
13633.212
13724.5
13733.2
14233.3
14733.1
14952.4
15062.5
15188.4
15513.5
15677.8
15941.8
16185.211
16185.4
16186.1
16294.5
16474.8
16752.8
16962.211
16962.4
16963.1
17083.5
17369.8
17397.8
17673.8
17683.8
17690.8
17746.211
17746.4
17747.1
17837.5
18543.8
18763.211
18763.4
18764.1
18848.5
20430.4
20476.5
20555.8
20805.8
21021.211
21021.4
21022.1
21087.5
21089.4
21120.5
21319.8
21593.8
21786.211
21786.4
21787.1
21863.5
22685.4
22780.5
22880.8
23069.8
23318.211
23318.4
23319.1
23416.5
23544.8
23593.8
23598.8
23783.8
23890.8
23969.211
23969.4
23970.1
24051.5
24160.8
24354.8
24494.8
24496.8
24646.211
24646.4
24647.1
24686.5
24832.8
25316.8
25396.211
25396.4
25397.1
25433.5
25856.4
25999.5
26560.4
26607.5
26644.4
26853.5
27202.8
27536.8
27712.211
27712.4
27713.1
27755.5
27885.8
28183.8
28528.4
28529.212
28616.5
28629.2
29129.3
29408.4
29410.5
29413.4
29629.1
29680.5
29794.8
29807.8
30150.8
30353.211
30353.4
30354.1
30418.5
30600.8
30952.8
31138.211
31138.4
31139.1
31363.5
31468.8
31591.8
32025.211
32025.4
32026.1
32096.5
32628.8
33267.4
33268.212
33368.2
33396.5
33868.3
34368.1
34368.4
34460.5
34646.4
34831.5
34988.8
35221.8
35381.8
35592.4
35593.212
35693.2
35712.5
36193.3
36693.1
37165.4
37424.5
37592.8
37876.8
38066.211
38066.4
38067.1
38300.5
38463.8
38747.8
38962.211
38962.4
38963.1
39054.5
39331.8
39783.211
39783.4
39784.1
39881.5
40076.8
40437.8
40606.211
40606.4
40607.1
40656.5
41603.4
41657.5
41773.8
42155.211
42155.4
42156.1
42218.5
43231.8
43300.211
43300.4
43301.1
43339.5
44331.8
44412.211
44412.4
44413.1
44490.5
44578.8
44623.8
44950.8
45108.8
45128.8
45214.4
45215.212
45315.2
45343.5
45815.3
46315.1
48845.4
49045.5
50160.4
50180.5
50280.8
50705.211
50705.4
50706.1
50783.5
50891.8
51069.8
51212.8
51262.211
51262.4
51263.1
51299.5
51887.8
51905.8
52035.211
52035.4
52036.1
52072.5
52670.8
52886.211
52886.4
52887.1
52918.5
53451.8
53529.8
53804.211
53804.4
53805.1
53860.5
54869.4
54942.5
55505.8
55643.8
55803.8
55829.8
55872.211
55872.4
55873.1
55913.5
56808.8
56931.211
56931.4
56932.1
56972.5
57080.8
57092.8
57417.211
57417.4
57418.1
57446.5
58033.8
58111.211
58111.4
58112.1
58145.5
58262.8
58292.8
58731.211
58731.4
58732.1
58803.5
59409.8
59568.8
59765.211
59765.4
59766.1
59805.5
60827.8
61077.211
61077.4
61078.1
61111.5
62006.8
62103.211
62103.4
62104.1
62125.5
62619.4
62728.5
62767.4
62910.5
66257.8
66508.211
66508.4
66509.1
66551.5
66692.8
66712.8
67044.8
67217.211
67217.4
67218.1
67285.5
67287.4
67313.5
68151.8
68676.211
68676.4
68677.1
68718.5
69885.8
70315.8
70388.211
70388.4
70389.1
70454.5
70589.8
70975.211
70975.4
70976.1
71014.5
71156.8
71487.211
71487.4
71488.1
71534.5
72889.8
73188.8
73238.211
73238.4
73239.1
73268.5
73411.8
73787.8
73880.211
73880.4
73881.1
73956.5
74114.8
74125.8
74589.211
74589.4
74590.1
74633.5
75421.8
75551.8
75566.8
75720.211
75720.4
75721.1
75890.5
77521.8
77925.211
77925.4
77926.1
77981.5
78874.8
78916.8
79291.8
79308.8
79403.8
79519.4
79520.212
79620.2
79629.5
80120.3
80620.1
82623.4
82736.5
82926.8
83248.8
83322.211
83322.4
83323.1
83390.5
83575.8
83948.211
83948.4
83949.1
83984.5
84614.8
84680.211
84680.4
84681.1
84738.5
84851.8
85207.211
85207.4
85208.1
85275.5
85821.8
85880.8
86015.211
86015.4
86016.1
86160.5
86350.8
86611.8
86772.211
86772.4
86773.1
86817.5
87561.8
87880.211
87880.4
87881.1
87920.5
88053.8
88069.8
88614.211
88614.4
88615.1
88652.5
92193.4
92213.5
100629.8
101620.4
101621.212
101721.2
101824.5
102221.3
102721.1
102908.4
103124.5
103317.8
103640.8
103838.211
103838.4
103839.1
103960.5
105377.8
105741.211
105741.4
105742.1
105791.5
106729.4
106751.5
107439.4
107524.5
111139.8
111316.8
111786.8
111900.4
111901.212
112001.2
112009.5
112501.3
113001.1
114535.4
114670.5
115640.4
115675.5
117127.8
117129.8
117519.211
117519.4
117520.1
117588.5
117674.8
118004.211
118004.4
118005.1
118037.5
118110.8
118137.8
118658.211
118658.4
118659.1
118693.5
120702.4
120703.5
123637.8
123762.211
123762.4
123763.1
123807.5
124583.8
124595.8
125450.4
125451.212
125551.2
125590.5
126051.3
126551.1
130848.4
130894.5
131440.8
131699.211
131699.4
131700.1
131734.5
131827.8
132248.211
132248.4
132249.1
132293.5
132385.8
132865.8
132914.211
132914.4
132915.1
132966.5
134299.8
134870.211
134870.4
134871.1
134904.5
136990.4
137024.5
137955.4
137986.5
138773.8
139303.8
139315.8
139386.4
139387.212
139487.2
139488.5
139987.3
140487.1
141585.4
141684.5
142276.8
142554.211
142554.4
142555.1
142583.5
143701.8
143971.211
143971.4
143972.1
144028.5
144107.8
144169.8
144248.211
144248.4
144249.1
144270.5
145243.4
145260.5
149000.8
149109.211
149109.4
149110.1
149145.5
149240.8
150120.4
150121.212
150221.2
150247.5
150721.3
151221.1
152405.4
152467.5
156235.4
156290.5
157320.4
157364.5
160074.8
160179.211
160179.4
160180.1
160215.5
160924.8
161018.211
161018.4
161019.1
161051.5
164233.4
164269.5
165540.4
165569.5
165631.8
165738.211
165738.4
165739.1
165761.5
166884.4
166929.5
167017.8
167360.211
167360.4
167361.1
167388.5
167454.8
167775.211
167775.4
167776.1
167806.5
167893.8
168273.211
168273.4
168274.1
168303.5
168373.8
168815.211
168815.4
168816.1
168854.5
169644.8
170075.211
170075.4
170076.1
170098.5
170212.8
170319.211
170319.4
170320.1
170347.5
170823.4
170841.5
170952.8
171009.8
171187.8
171268.211
171268.4
171269.1
171293.5
173603.4
173634.5
174295.8
174715.8
174912.4
174913.212
174994.5
175013.2
175513.3
175763.4
175765.5
175770.4
175774.5
175779.4
175873.5
176013.1
176139.4
176303.5
176407.8
176933.211
176933.4
176934.1
177001.5
177946.8
178010.211
178010.4
178011.1
178042.5
180000.9
123456789
12
11
15
12
11
15
5
FI
1
5
9
49
15
10
22
15
6
2
900
0
0
0
314159265
19
225
185
180000
314159265
0.1
222.4
225.5
675.4
700.5
1283.8
1346.211
1346.4
1347.1
1379.5
1469.8
1908.8
1980.211
1980.4
1981.1
2065.5
2188.8
2590.211
2590.4
2591.1
2676.5
3727.4
3820.5
3920.8
4115.211
4115.4
4116.1
4171.5
4297.8
4425.211
4425.4
4426.1
4451.5
4753.8
4886.8
5078.211
5078.4
5079.1
5139.5
5308.8
5773.211
5773.4
5774.1
5816.5
5944.4
6002.5
6037.4
6193.5
6406.8
6418.8
6539.211
6539.4
6540.1
6561.5
6688.8
7024.8
7242.211
7242.4
7243.1
7294.5
7390.8
7405.8
7699.8
7712.8
7773.211
7773.4
7774.1
7815.5
8035.8
8044.8
8495.211
8495.4
8496.1
8541.5
8635.8
8807.8
9176.211
9176.4
9177.1
9242.5
9332.8
9474.8
9544.211
9544.4
9545.1
9596.5
10583.8
10634.8
10715.8
11175.211
11175.4
11176.1
11233.5
11668.8
11689.8
11933.8
12031.211
12031.4
12032.1
12061.5
12519.8
12604.8
12787.211
12787.4
12788.1
12823.5
13850.4
13883.5
14333.8
14431.211
14431.4
14432.1
14458.5
15475.4
15511.5
16377.8
16475.8
16628.8
16677.211
16677.4
16678.1
16727.5
16854.8
17146.8
17149.8
17217.8
17374.211
17374.4
17375.1
17418.5
17553.8
18029.211
18029.4
18030.1
18106.5
18301.8
18758.211
18758.4
18759.1
18797.5
19458.4
19523.5
20729.8
20845.211
20845.4
20846.1
20891.5
21845.8
22007.8
22115.211
22115.4
22116.1
22161.5
22457.8
22600.8
22623.8
22688.211
22688.4
22689.1
22723.5
22851.8
22884.8
23231.211
23231.4
23232.1
23312.5
23381.8
23394.8
23745.211
23745.4
23746.1
23787.5
27737.4
27812.5
28469.4
28582.5
28586.4
29174.5
29192.4
29197.5
29654.8
29978.211
29978.4
29979.1
30051.5
30280.4
30670.5
30780.4
30940.5
31236.4
31555.5
31647.4
31787.5
32029.4
32364.5
32672.8
33103.211
33103.4
33104.1
33143.5
33364.8
34058.4
34059.212
34159.2
34206.5
34659.3
35159.1
37714.4
37839.5
38164.8
38189.8
38349.8
38571.8
38631.211
38631.4
38632.1
38677.5
38858.8
38868.8
39206.211
39206.4
39207.1
39304.5
39416.8
39825.211
39825.4
39826.1
39866.5
40044.8
40426.8
40552.211
40552.4
40553.1
40684.5
40794.4
40907.5
40996.8
41599.8
41666.4
41667.212
41767.2
41779.5
42267.3
42767.1
44441.4
44483.5
44911.8
45192.211
45192.4
45193.1
45232.5
45565.8
46080.211
46080.4
46081.1
46442.5
47672.8
47990.211
47990.4
47991.1
48128.5
48381.8
48972.211
48972.4
48973.1
49068.5
49489.8
49846.211
49846.4
49847.1
49889.5
50195.8
50392.8
50653.211
50653.4
50654.1
50704.5
50861.8
50867.8
50886.8
51205.8
51308.211
51308.4
51309.1
51349.5
51468.8
51803.8
52075.4
52076.212
52176.2
52193.5
52676.3
53176.1
56149.4
56267.5
57666.4
57751.5
57851.8
58042.8
58217.211
58217.4
58218.1
58282.5
58555.8
58579.8
58896.211
58896.4
58897.1
58946.5
59061.8
59453.211
59453.4
59454.1
59571.5
59683.8
60235.211
60235.4
60236.1
60358.5
60754.8
61251.8
61348.211
61348.4
61349.1
61392.5
61528.8
61794.8
61932.211
61932.4
61933.1
61992.5
62075.8
62357.211
62357.4
62358.1
62391.5
62411.4
62451.5
62878.4
62908.5
63005.8
63560.211
63560.4
63561.1
63599.5
63758.8
64226.211
64226.4
64227.1
64288.5
66401.4
66425.5
66502.8
66831.8
66906.211
66906.4
66907.1
66935.5
67628.4
67654.5
67785.8
67993.8
68051.211
68051.4
68052.1
68078.5
68819.4
68858.5
68942.8
69532.211
69532.4
69533.1
69578.5
69643.8
69913.211
69913.4
69914.1
69947.5
70408.4
70445.5
70534.8
71148.4
71149.212
71249.2
71270.5
71749.3
72249.1
72608.8
72933.8
73127.8
73199.211
73199.4
73200.1
73343.5
73519.8
73808.8
74044.211
74044.4
74045.1
74110.5
74363.8
74553.8
74845.211
74845.4
74846.1
74886.5
75031.8
75558.211
75558.4
75559.1
75628.5
76238.8
76258.8
76382.211
76382.4
76383.1
76476.5
76584.8
76950.8
76954.8
77183.211
77183.4
77184.1
77222.5
77342.8
77494.8
77942.211
77942.4
77943.1
77984.5
78069.4
78133.5
78249.8
78672.8
78742.211
78742.4
78743.1
78790.5
79330.8
79572.211
79572.4
79573.1
79611.5
79716.8
79874.8
79943.211
79943.4
79944.1
79970.5
80516.4
80547.5
80639.8
81009.211
81009.4
81010.1
81041.5
81120.8
81148.8
81234.8
81423.211
81423.4
81424.1
81455.5
81596.8
81956.8
81962.8
82090.211
82090.4
82091.1
82167.5
82288.8
82921.4
82922.212
83018.5
83022.2
83522.3
84022.1
86680.4
86785.5
87737.4
87776.5
88668.8
88881.211
88881.4
88882.1
88965.5
89248.8
89281.8
89788.211
89788.4
89789.1
89830.5
89985.8
90571.211
90571.4
90572.1
90611.5
91405.8
91468.211
91468.4
91469.1
91506.5
92426.8
92778.211
92778.4
92779.1
92847.5
92939.8
93097.8
93422.211
93422.4
93423.1
93455.5
93534.8
93659.8
94335.8
94417.8
94956.4
94957.212
95057.2
95073.5
95557.3
96057.1
98382.4
98504.5
98855.8
99111.8
99180.211
99180.4
99181.1
99218.5
99407.8
99417.8
99825.211
99825.4
99826.1
99882.5
100025.8
100384.211
100384.4
100385.1
100429.5
100523.8
101072.211
101072.4
101073.1
101240.5
101334.8
101790.211
101790.4
101791.1
101823.5
101898.8
102014.8
102177.8
102374.211
102374.4
102375.1
102424.5
102559.8
102806.211
102806.4
102807.1
102875.5
103242.4
103293.5
103364.8
103651.8
103784.8
103790.8
103902.211
103902.4
103903.1
103930.5
104437.8
104438.8
104612.211
104612.4
104613.1
104648.5
105373.4
105398.5
105481.8
105735.8
105992.211
105992.4
105993.1
106044.5
106159.8
106360.8
106375.8
106575.211
106575.4
106576.1
106643.5
106762.8
106943.8
107154.211
107154.4
107155.1
107191.5
107311.8
107817.211
107817.4
107818.1
107850.5
108153.8
108312.8
108619.211
108619.4
108620.1
108650.5
108744.8
108769.8
108910.211
108910.4
108911.1
108935.5
109007.8
109189.8
109568.211
109568.4
109569.1
109637.5
109722.8
110166.8
110287.8
110676.4
110677.212
110777.2
110801.5
111277.3
111777.1
114504.8
114572.211
114572.4
114573.1
114633.5
115159.8
115239.211
115239.4
115240.1
115293.5
115402.8
115925.211
115925.4
115926.1
115988.5
116123.8
116803.4
116804.212
116904.2
116909.5
117404.3
117904.1
118318.4
118544.5
118695.8
118699.8
119083.8
119332.4
119333.212
119422.5
119433.2
119933.3
120433.1
122815.4
123127.5
123662.8
123987.211
123987.4
123988.1
124026.5
124219.8
124730.211
124730.4
124731.1
124775.5
124954.8
125638.4
125639.212
125739.2
126001.5
126019.4
126239.3
126276.5
126334.4
126391.5
126486.8
126739.1
126817.4
126888.5
126973.8
127486.8
127547.211
127547.4
127548.1
127591.5
127728.8
128733.8
128785.4
128786.212
128880.5
128886.2
129386.3
129886.1
130344.4
130441.5
130770.4
130933.5
131084.8
131665.211
131665.4
131666.1
131713.5
132149.8
132685.211
132685.4
132686.1
132727.5
133248.8
133521.211
133521.4
133522.1
133561.5
133705.8
134062.8
134210.211
134210.4
134211.1
134250.5
134409.8
134978.8
134982.8
135048.4
135049.212
135139.5
135149.2
135649.3
136149.1
136809.4
136948.5
137582.8
137925.211
137925.4
137926.1
137969.5
138492.8
139307.4
139308.212
139394.5
139408.2
139908.3
140408.1
142154.4
142453.5
142589.8
143285.4
143286.212
143374.5
143386.2
143886.3
144386.1
146052.4
146193.5
146526.4
146680.5
146682.4
146684.5
146786.4
147089.5
147461.8
147796.211
147796.4
147797.1
147884.5
148000.8
148343.211
148343.4
148344.1
148377.5
148490.8
148629.8
148659.8
149109.4
149110.212
149210.2
149210.5
149710.3
150210.1
152675.4
152827.5
153194.8
153502.211
153502.4
153503.1
153552.5
153660.8
154097.211
154097.4
154098.1
154139.5
154307.8
154923.4
154924.212
155024.2
155043.5
155524.3
156024.1
159833.4
159916.5
160346.8
160597.211
160597.4
160598.1
160638.5
160640.4
160671.5
160951.8
161595.4
161596.212
161682.5
161696.2
162196.3
162696.1
164757.8
165274.211
165274.4
165275.1
165333.5
165510.8
165978.211
165978.4
165979.1
166035.5
166435.8
166765.211
166765.4
166766.1
166846.5
166969.8
167429.211
167429.4
167430.1
167468.5
167578.8
168211.8
168268.4
168269.212
168361.5
168369.2
168869.3
169369.1
171399.4
171509.5
172433.8
172781.211
172781.4
172782.1
172819.5
172967.8
173294.8
173361.211
173361.4
173362.1
173419.5
173695.8
174130.211
174130.4
174131.1
174174.5
174547.8
174923.211
174923.4
174924.1
174963.5
175104.8
175302.8
176179.4
176180.212
176268.5
176280.2
176780.3
177280.1
177956.4
178004.5
178145.8
178525.211
178525.4
178526.1
178579.5
178870.8
179230.8
179302.211
179302.4
179303.1
179342.5
180000.9
123456789
12
12
15
12
12
15
5
FI
1
5
9
47
46
10
20
46
6
2
780
0
0
0
314159265
20
197
150
180000
314159265
0.1
852.8
949.211
949.4
950.1
982.5
1166.8
1800.4
1801.212
1897.5
1901.2
2401.3
2901.1
3186.8
3652.8
3882.4
3883.212
3983.2
4009.5
4483.3
4983.1
5671.4
5807.5
6630.4
6781.5
7148.8
7421.211
7421.4
7422.1
7616.5
7890.8
8082.8
8206.8
8287.211
8287.4
8288.1
8399.5
8502.8
8925.8
9025.8
9145.4
9146.212
9246.2
9314.5
9746.3
10246.1
12550.4
12759.5
12925.8
13247.211
13247.4
13248.1
13338.5
13429.8
13450.8
13617.8
13726.8
13817.8
13848.8
13951.211
13951.4
13952.1
14066.5
14285.8
14644.211
14644.4
14645.1
14768.5
14884.8
15080.8
15296.211
15296.4
15297.1
15384.5
15660.8
15961.8
16039.8
16090.211
16090.4
16091.1
16132.5
17791.8
17942.211
17942.4
17943.1
17989.5
18228.8
18792.211
18792.4
18793.1
18865.5
18959.8
19140.8
19146.8
19387.211
19387.4
19388.1
19422.5
19780.8
19862.8
20479.4
20480.212
20485.5
20487.4
20580.2
20636.5
21080.3
21580.1
21938.4
22024.5
22391.8
22634.211
22634.4
22635.1
23013.5
23690.8
23761.211
23761.4
23762.1
23834.5
24290.8
24630.211
24630.4
24631.1
24694.5
24808.8
25068.8
25277.8
25518.4
25519.212
25619.2
25619.5
26119.3
26619.1
27440.4
27619.5
28693.4
28736.5
29821.8
30097.211
30097.4
30098.1
30212.5
30528.8
30753.8
30976.211
30976.4
30977.1
31086.5
31898.8
32381.211
32381.4
32382.1
32445.5
32454.4
32498.5
32619.8
33217.211
33217.4
33218.1
33308.5
33320.4
33365.5
33452.8
34122.8
34228.4
34229.212
34329.2
34386.5
34829.3
35329.1
38728.8
38734.8
39060.211
39060.4
39061.1
39150.5
39270.8
39692.8
39747.211
39747.4
39748.1
39813.5
40031.8
40556.211
40556.4
40557.1
40600.5
40731.8
40752.8
41218.211
41218.4
41219.1
41275.5
41605.8
41834.8
41846.8
41955.211
41955.4
41956.1
42005.5
42132.8
42191.8
42544.211
42544.4
42545.1
42575.5
42658.8
43121.211
43121.4
43122.1
43158.5
43370.4
43393.5
43895.4
43918.5
43996.8
44402.8
44488.211
44488.4
44489.1
44525.5
44645.4
44766.5
44872.8
45014.8
45259.211
45259.4
45260.1
45294.5
45818.8
46109.8
46112.8
46175.211
46175.4
46176.1
46209.5
46352.8
46807.8
46991.8
47053.4
47054.212
47141.5
47154.2
47654.3
48154.1
52849.4
53100.5
53248.8
53739.211
53739.4
53740.1
53816.5
53948.8
54659.4
54660.212
54760.2
54786.5
55260.3
55760.1
61918.8
62048.8
62251.211
62251.4
62252.1
62320.5
62461.8
62926.211
62926.4
62927.1
62971.5
63274.8
63278.8
63557.8
63646.211
63646.4
63647.1
63716.5
63854.8
63897.8
64109.8
64175.211
64175.4
64176.1
64207.5
64487.8
64913.211
64913.4
64914.1
64963.5
65110.8
65566.8
65906.4
65907.212
66007.2
66035.5
66507.3
67007.1
70883.4
70976.5
71058.4
71245.5
71752.8
71982.211
71982.4
71983.1
72021.5
72120.4
72183.5
72282.8
72735.8
72823.211
72823.4
72824.1
72867.5
72990.8
73451.8
73626.4
73627.212
73724.5
73727.2
74227.3
74727.1
79460.4
79565.5
80925.8
81195.211
81195.4
81196.1
81255.5
81641.8
81726.211
81726.4
81727.1
81762.5
82177.8
82525.211
82525.4
82526.1
82574.5
82716.8
83215.8
83332.4
83333.212
83433.2
83445.5
83933.3
84433.1
87977.8
88239.211
88239.4
88240.1
88357.5
89700.8
89775.211
89775.4
89776.1
89829.5
90156.8
90569.211
90569.4
90570.1
90621.5
91350.8
91723.211
91723.4
91724.1
91768.5
92098.8
92653.211
92653.4
92654.1
92706.5
92867.8
93098.8
93213.8
93240.8
93520.4
93521.212
93621.2
93644.5
94121.3
94621.1
96852.8
97116.8
97183.211
97183.4
97184.1
97223.5
98323.8
98494.8
98556.211
98556.4
98557.1
98628.5
98774.8
99342.211
99342.4
99343.1
99405.5
99540.8
100102.8
100263.4
100264.212
100358.5
100364.2
100864.3
101364.1
104013.4
104345.5
105280.8
105585.211
105585.4
105586.1
105628.5
105784.8
106362.211
106362.4
106363.1
106508.5
106682.8
107055.211
107055.4
107056.1
107092.5
107182.8
107781.211
107781.4
107782.1
107821.5
107932.8
108436.8
108508.211
108508.4
108509.1
108635.5
108740.8
108982.211
108982.4
108983.1
109005.5
109119.8
109445.211
109445.4
109446.1
109603.5
109685.8
110068.8
110343.4
110344.212
110444.2
110444.5
110944.3
111444.1
113104.4
113211.5
114354.8
114663.211
114663.4
114664.1
114707.5
115006.8
115620.4
115621.212
115721.2
115731.5
116221.3
116721.1
117476.4
117556.5
118318.4
118483.5
119955.8
120243.211
120243.4
120244.1
120337.5
120553.8
121129.211
121129.4
121130.1
121179.5
121397.8
121982.211
121982.4
121983.1
122048.5
123163.8
123481.8
123560.211
123560.4
123561.1
123659.5
123759.4
123818.5
123908.8
124127.8
124418.211
124418.4
124419.1
124464.5
124568.8
124833.8
124913.211
124913.4
124914.1
124946.5
125359.8
125709.211
125709.4
125710.1
125746.5
125863.8
126065.8
126111.8
126131.8
126231.211
126231.4
126232.1
126265.5
126380.8
126474.8
126639.8
126757.211
126757.4
126758.1
126800.5
126903.8
127222.8
127303.8
127401.8
127459.211
127459.4
127460.1
127494.5
127879.8
128188.211
128188.4
128189.1
128228.5
128373.8
128420.8
128716.211
128716.4
128717.1
128767.5
128852.8
129198.211
129198.4
129199.1
129226.5
129311.8
129713.8
129838.211
129838.4
129839.1
129889.5
130349.8
130582.211
130582.4
130583.1
130656.5
131294.8
131560.8
131724.211
131724.4
131725.1
131745.5
131840.8
132044.211
132044.4
132045.1
132069.5
132157.8
132324.8
132480.211
132480.4
132481.1
132509.5
132654.8
133104.211
133104.4
133105.1
133137.5
133254.8
133275.8
133629.211
133629.4
133630.1
133654.5
133739.8
133819.8
134179.8
134286.211
134286.4
134287.1
134329.5
135001.8
135403.211
135403.4
135404.1
135426.5
135434.4
135435.5
135568.8
135840.211
135840.4
135841.1
135866.5
135940.8
136361.211
136361.4
136362.1
136391.5
136461.8
136932.211
136932.4
136933.1
136960.5
138381.8
138646.8
139014.8
139133.8
139194.4
139195.212
139295.2
139305.5
139795.3
140295.1
141002.4
141096.5
141100.4
141102.5
141187.4
141307.5
141437.8
141699.8
142163.4
142164.212
142264.2
142270.5
142764.3
143264.1
144202.4
144377.5
145285.8
145503.211
145503.4
145504.1
145599.5
146115.8
146581.211
146581.4
146582.1
146645.5
146772.8
147353.211
147353.4
147354.1
147444.5
147608.8
147879.8
148181.8
148258.4
148259.212
148338.5
148359.2
148859.3
149359.1
150026.4
150075.5
150232.8
150863.4
150864.212
150964.2
150978.5
151464.3
151964.1
155871.8
156271.211
156271.4
156272.1
156301.5
157657.8
157978.211
157978.4
157979.1
158006.5
158097.8
158291.8
158478.211
158478.4
158479.1
158530.5
158644.8
158789.8
158853.211
158853.4
158854.1
158878.5
159039.8
159455.211
159455.4
159456.1
159498.5
159591.8
160072.211
160072.4
160073.1
160102.5
160245.8
160298.8
160554.211
160554.4
160555.1
160589.5
161361.8
161989.4
161990.212
162082.5
162090.2
162590.3
163090.1
164362.8
164820.211
164820.4
164821.1
164864.5
165403.8
165776.8
165832.211
165832.4
165833.1
165901.5
166988.8
167141.211
167141.4
167142.1
167201.5
167317.8
167693.211
167693.4
167694.1
167761.5
167866.8
168163.211
168163.4
168164.1
168202.5
168331.8
168760.211
168760.4
168761.1
168790.5
169737.8
169804.211
169804.4
169805.1
169834.5
172579.4
172600.5
172706.8
172998.211
172998.4
172999.1
173028.5
173558.8
174022.211
174022.4
174023.1
174023.5
174025.4
174074.5
174151.8
174305.211
174305.4
174306.1
180000.9
123456789
12
13
15
12
13
15
5
FI
1
5
9
53
36
10
26
36
6
2
898
0
0
0
314159265
20
267
167
180000
314159265
0.1
594.8
1142.211
1142.4
1143.1
1252.5
1806.8
2224.211
2224.4
2225.1
2344.5
2610.8
2931.8
3118.211
3118.4
3119.1
3207.5
3464.8
3717.8
3886.211
3886.4
3887.1
3928.5
4048.8
4345.8
4422.8
4505.211
4505.4
4506.1
4585.5
5095.8
5556.8
5562.8
5634.211
5634.4
5635.1
5749.5
5867.8
6226.211
6226.4
6227.1
6282.5
6374.8
6668.8
6774.8
6877.211
6877.4
6878.1
6941.5
7357.4
7426.5
7513.8
7551.8
7653.8
7724.8
7864.8
8011.8
8015.8
8154.4
8155.212
8255.2
8280.5
8755.3
9255.1
11639.4
11751.5
11980.8
12165.8
12621.8
12718.8
12747.8
12847.4
12848.212
12948.2
12970.5
13448.3
13948.1
15204.4
15303.5
15620.8
15887.8
16035.211
16035.4
16036.1
16192.5
16356.8
16808.211
16808.4
16809.1
16868.5
17152.8
17300.8
17467.8
17537.211
17537.4
17538.1
17600.5
17642.4
17717.5
18454.8
18747.211
18747.4
18748.1
18788.5
18998.4
19051.5
19167.8
19691.211
19691.4
19692.1
19726.5
19920.8
20320.211
20320.4
20321.1
20427.5
20713.8
21093.8
21278.211
21278.4
21279.1
21317.5
21796.8
21857.8
22294.211
22294.4
22295.1
22330.5
22476.4
22498.5
22582.8
22613.8
22882.211
22882.4
22883.1
22917.5
23026.8
23263.8
23367.8
23471.8
23618.211
23618.4
23619.1
23676.5
23804.8
23933.8
23962.8
24075.8
24357.8
24607.8
24612.8
24742.4
24743.212
24843.2
24853.5
25343.3
25843.1
27864.4
28014.5
28819.4
28910.5
29085.8
29485.211
29485.4
29486.1
29581.5
29692.8
29700.8
29888.8
30368.8
30446.4
30447.212
30534.5
30547.2
31047.3
31547.1
33611.8
34094.211
34094.4
34095.1
34154.5
34323.8
34636.8
34819.8
34968.4
34969.212
35057.5
35069.2
35569.3
36069.1
36721.4
36869.5
37620.8
37991.211
37991.4
37992.1
38058.5
38758.8
39154.8
39231.211
39231.4
39232.1
39302.5
39534.8
39923.8
40234.4
40235.212
40335.2
40347.5
40835.3
41335.1
42059.4
42208.5
42398.8
43105.8
43390.4
43391.212
43490.5
43491.2
43494.4
43576.5
43991.3
44371.4
44441.5
44491.1
44533.8
44551.8
44783.8
45094.211
45094.4
45095.1
45157.5
45174.4
45227.5
45491.8
45871.211
45871.4
45872.1
45925.5
46749.8
46817.211
46817.4
46818.1
46896.5
47005.8
47390.8
47392.8
47510.211
47510.4
47511.1
47548.5
47689.4
47724.5
47815.8
48215.211
48215.4
48216.1
48253.5
48335.8
48702.8
48754.211
48754.4
48755.1
48791.5
48990.8
49018.8
49144.8
49161.8
49350.211
49350.4
49351.1
49375.5
49508.8
49617.8
49844.8
49952.211
49952.4
49953.1
49985.5
50090.8
50202.8
50583.211
50583.4
50584.1
50590.5
50673.8
51005.8
51109.8
51260.8
51320.4
51321.212
51421.2
51441.5
51921.3
52421.1
52634.4
52842.5
52993.8
53473.211
53473.4
53474.1
53516.5
53967.8
53976.8
54276.211
54276.4
54277.1
54387.5
54472.8
54828.8
54895.211
54895.4
54896.1
54951.5
55109.8
55323.211
55323.4
55324.1
55355.5
55366.4
55383.5
55506.8
55965.211
55965.4
55966.1
56056.5
56136.8
56154.8
56239.8
56386.8
56475.211
56475.4
56476.1
56510.5
56785.8
57340.211
57340.4
57341.1
57372.5
57457.8
57770.211
57770.4
57771.1
57800.5
59272.8
59494.211
59494.4
59495.1
59529.5
59764.8
59776.8
60020.211
60020.4
60021.1
60042.5
60171.8
60241.8
60541.211
60541.4
60542.1
60586.5
60601.4
60624.5
60710.8
60714.8
60746.8
61234.211
61234.4
61235.1
61258.5
62170.8
62198.8
62565.211
62565.4
62566.1
62612.5
62689.8
63227.211
63227.4
63228.1
63272.5
63342.8
63357.8
63425.8
63510.8
63989.4
63990.212
64089.5
64090.2
64590.3
65090.1
67655.8
68104.211
68104.4
68105.1
68147.5
68315.8
68626.8
68747.211
68747.4
68748.1
68788.5
68932.8
69191.211
69191.4
69192.1
69254.5
69361.8
69631.211
69631.4
69632.1
69694.5
69786.8
70117.8
70122.8
70126.8
70201.211
70201.4
70202.1
70242.5
70357.8
70360.8
70794.211
70794.4
70795.1
70825.5
70925.8
71360.211
71360.4
71361.1
71395.5
71497.8
71925.211
71925.4
71926.1
71957.5
74407.8
74612.211
74612.4
74613.1
74644.5
74754.8
75111.211
75111.4
75112.1
75149.5
76478.8
76980.211
76980.4
76981.1
77014.5
78367.4
78395.5
78482.8
78841.211
78841.4
78842.1
78858.5
78935.8
78999.8
79375.8
79403.8
79464.211
79464.4
79465.1
79508.5
82711.4
82713.5
82824.8
83326.8
83547.8
83666.4
83667.212
83767.2
83800.5
84267.3
84767.1
85162.4
85302.5
85418.8
85432.8
86175.4
86176.212
86276.2
86283.5
86776.3
87276.1
90508.8
90875.211
90875.4
90876.1
90945.5
91494.8
91736.211
91736.4
91737.1
91791.5
92465.8
92636.8
92695.211
92695.4
92696.1
92766.5
92779.4
92915.5
93094.4
93150.5
93260.8
93629.211
93629.4
93630.1
93683.5
93790.8
94327.8
94415.8
94533.4
94534.212
94621.5
94634.2
95134.3
95634.1
95957.4
96018.5
96664.8
96884.8
96887.8
96947.211
96947.4
96948.1
97083.5
97557.8
98090.8
98180.4
98181.212
98281.2
98316.5
98781.3
99281.1
102573.8
102783.211
102783.4
102784.1
102857.5
103007.8
103147.8
103157.8
103476.211
103476.4
103477.1
103594.5
103940.8
104133.211
104133.4
104134.1
104163.5
104281.8
104605.211
104605.4
104606.1
104668.5
104777.8
105334.211
105334.4
105335.1
105380.5
105572.4
105592.5
105682.8
105839.8
106213.211
106213.4
106214.1
106240.5
106332.8
106523.8
106711.211
106711.4
106712.1
106753.5
106841.8
107161.211
107161.4
107162.1
107191.5
107268.8
107289.8
107323.8
107470.8
107538.8
107694.211
107694.4
107695.1
107737.5
107750.4
107759.5
108322.8
108546.211
108546.4
108547.1
108661.5
108810.8
108918.8
109171.211
109171.4
109172.1
109241.5
109325.8
109683.8
109758.8
109907.211
109907.4
109908.1
109962.5
110084.8
110466.8
110535.8
110644.211
110644.4
110645.1
110681.5
110704.4
110765.5
110913.8
110925.8
111141.8
111446.211
111446.4
111447.1
111482.5
111873.8
111998.8
112052.8
112248.8
112420.8
112486.4
112487.212
112587.2
112592.5
113087.3
113587.1
116368.4
116603.5
116923.8
117470.211
117470.4
117471.1
117515.5
117666.8
118021.211
118021.4
118022.1
118065.5
118572.8
118586.8
118909.211
118909.4
118910.1
118966.5
120179.4
120225.5
120333.8
120557.8
120862.211
120862.4
120863.1
120920.5
121013.8
121324.8
121448.8
121551.211
121551.4
121552.1
121589.5
121714.8
122204.8
122314.211
122314.4
122315.1
122353.5
122469.8
122485.8
122815.211
122815.4
122816.1
122868.5
122937.8
123325.211
123325.4
123326.1
123355.5
124602.8
124629.8
124703.8
124910.211
124910.4
124911.1
124932.5
125879.4
125905.5
125981.8
126373.8
126457.8
126550.211
126550.4
126551.1
126584.5
126798.8
126811.8
126813.8
126995.8
127082.8
127164.211
127164.4
127165.1
127204.5
127517.8
127784.8
127808.8
127954.8
128053.211
128053.4
128054.1
128096.5
128268.8
128307.8
128786.211
128786.4
128787.1
128845.5
129030.8
129055.8
129365.211
129365.4
129366.1
129404.5
129491.8
129634.8
129660.8
129961.8
129971.8
130153.4
130154.212
130254.2
130255.5
130754.3
131254.1
134284.4
134389.5
134653.8
135155.8
135402.4
135403.212
135503.2
135528.5
136003.3
136503.1
138836.4
139120.5
139299.8
139539.8
139842.211
139842.4
139843.1
139886.5
140047.8
140457.8
140521.211
140521.4
140522.1
140586.5
142073.8
142168.8
142269.8
142393.211
142393.4
142394.1
142423.5
142750.8
143578.4
143579.212
143678.5
143679.2
144179.3
144679.1
145497.8
145670.8
145738.211
145738.4
145739.1
145790.5
146024.8
146679.4
146680.212
146780.2
146835.5
147280.3
147780.1
149625.4
149682.5
149968.4
150125.5
150264.4
150474.5
150896.8
151120.211
151120.4
151121.1
151155.5
152023.4
152064.5
152165.8
152459.211
152459.4
152460.1
152485.5
152628.8
153168.211
153168.4
153169.1
153220.5
154151.8
154236.8
154775.8
154789.8
154854.4
154855.212
154955.2
154957.5
155455.3
155955.1
156483.4
156600.5
156744.8
157080.8
157145.211
157145.4
157146.1
157183.5
159093.8
159329.211
159329.4
159330.1
159368.5
159552.8
159808.211
159808.4
159809.1
159856.5
160776.8
160806.8
161139.211
161139.4
161140.1
161176.5
162747.8
162832.211
162832.4
162833.1
162880.5
163676.4
163713.5
165407.4
165440.5
165577.8
165826.8
165835.8
165905.211
165905.4
165906.1
165940.5
169918.8
170045.211
170045.4
170046.1
170078.5
170147.8
170887.4
170888.212
170988.2
170993.5
171488.3
171988.1
173591.4
173656.5
173799.8
174141.211
174141.4
174142.1
174175.5
176303.4
176339.5
177903.8
178071.211
178071.4
178072.1
180000.9
123456789
12
14
15
12
14
15
5
FI
1
5
9
48
16
10
21
15
6
2
845
0
0
0
314159265
17
230
165
180000
314159265
0.1
420.8
725.8
934.211
934.4
935.1
998.5
1361.4
1362.5
1363.4
1410.5
2041.8
2386.8
2390.8
2470.8
2573.211
2573.4
2574.1
2621.5
2915.8
3111.8
3127.8
3235.211
3235.4
3236.1
3321.5
3322.4
3347.5
3473.8
3592.8
3739.8
3819.8
3858.8
3902.8
3988.211
3988.4
3989.1
4024.5
4528.8
4548.8
4930.8
5006.8
5128.8
5191.8
5244.4
5245.212
5345.2
5351.5
5845.3
6345.1
9057.4
9150.5
9434.8
9575.8
9673.211
9673.4
9674.1
9775.5
9890.8
10156.211
10156.4
10157.1
10233.5
10367.8
10507.8
10867.8
10931.211
10931.4
10932.1
10983.5
11149.8
11435.8
11509.211
11509.4
11510.1
11557.5
11822.8
12117.8
12173.8
12231.8
12375.211
12375.4
12376.1
12433.5
12612.8
13207.8
13281.4
13282.212
13382.2
13399.5
13882.3
14382.1
15939.4
16072.5
16647.8
16879.211
16879.4
16880.1
16930.5
17205.4
17427.5
17628.8
17820.8
17823.8
17970.8
18046.211
18046.4
18047.1
18116.5
18484.8
18503.8
18749.8
18765.8
18964.211
18964.4
18965.1
19018.5
20108.8
20117.8
20367.211
20367.4
20368.1
20402.5
20631.8
21002.8
21080.211
21080.4
21081.1
21160.5
21267.8
21517.8
21783.211
21783.4
21784.1
21855.5
21938.8
22031.8
22039.8
22231.8
22298.211
22298.4
22299.1
22337.5
22635.8
22854.211
22854.4
22855.1
22893.5
23527.8
23584.8
23643.8
23646.8
23721.211
23721.4
23722.1
23752.5
24828.8
24936.8
25028.211
25028.4
25029.1
25096.5
25948.4
26005.5
26090.8
26367.211
26367.4
26368.1
26504.5
26579.8
26710.8
26964.8
27083.8
27157.211
27157.4
27158.1
27194.5
27318.8
27788.8
27892.211
27892.4
27893.1
27928.5
31340.4
31440.5
31585.4
31603.5
32302.4
32339.5
34456.8
34517.8
34581.8
34666.211
34666.4
34667.1
34698.5
34864.8
34899.8
35429.211
35429.4
35430.1
35468.5
37054.4
37084.5
37159.8
37425.211
37425.4
37426.1
37457.5
37535.8
37788.211
37788.4
37789.1
37829.5
38688.4
38690.5
39561.8
39866.211
39866.4
39867.1
39900.5
40039.8
40413.211
40413.4
40414.1
40473.5
40498.4
40573.5
40691.8
40936.8
41099.8
41214.8
41274.211
41274.4
41275.1
41313.5
41487.8
41809.211
41809.4
41810.1
41844.5
41918.8
41938.8
42339.211
42339.4
42340.1
42391.5
42508.8
42985.8
43043.211
43043.4
43044.1
43072.5
44477.4
44499.5
44595.8
44653.8
44950.211
44950.4
44951.1
44988.5
45063.8
45337.8
45390.211
45390.4
45391.1
45425.5
46073.8
46719.4
46720.212
46820.2
46843.5
47320.3
47820.1
49401.4
49462.5
49603.8
49834.8
49857.8
50105.211
50105.4
50106.1
50313.5
50468.8
50482.8
50626.8
50790.8
50851.211
50851.4
50852.1
50919.5
51180.8
51464.8
51524.211
51524.4
51525.1
51567.5
51719.8
51726.8
52315.211
52315.4
52316.1
52382.5
52754.8
53033.8
53434.4
53435.212
53531.5
53535.2
54035.3
54535.1
57433.4
57568.5
57877.8
58203.211
58203.4
58204.1
58281.5
58397.8
58756.211
58756.4
58757.1
58811.5
58884.8
59185.211
59185.4
59186.1
59216.5
59857.8
59929.211
59929.4
59930.1
59978.5
60079.8
60088.8
60496.211
60496.4
60497.1
60532.5
60623.8
60983.8
61052.211
61052.4
61053.1
61085.5
61241.8
61617.8
61740.211
61740.4
61741.1
61781.5
61894.8
62341.211
62341.4
62342.1
62386.5
62477.8
62947.211
62947.4
62948.1
62977.5
63701.8
63915.8
64109.211
64109.4
64110.1
64149.5
64254.8
64750.8
64764.8
64819.211
64819.4
64820.1
64852.5
64948.8
65076.8
65407.211
65407.4
65408.1
65446.5
65513.8
65781.8
66011.8
66026.8
66109.211
66109.4
66110.1
66150.5
66306.8
66650.211
66650.4
66651.1
66683.5
66767.8
67071.211
67071.4
67072.1
67128.5
67206.8
67444.211
67444.4
67445.1
67473.5
68124.8
68615.8
68679.211
68679.4
68680.1
68720.5
68845.8
69233.8
69460.4
69461.212
69561.2
69583.5
70061.3
70561.1
71282.4
71384.5
72188.8
72258.211
72258.4
72259.1
72320.5
72734.8
73229.8
73297.211
73297.4
73298.1
73352.5
73562.8
73568.8
74198.4
74199.212
74299.2
74319.5
74799.3
75299.1
78347.4
78386.5
79094.8
79346.211
79346.4
79347.1
79488.5
79574.4
79937.5
79956.4
80315.5
80481.8
80764.211
80764.4
80765.1
80822.5
81684.8
81897.211
81897.4
81898.1
81950.5
82164.8
82557.211
82557.4
82558.1
82595.5
82899.4
82920.5
83007.8
83113.8
83724.4
83725.212
83825.2
83847.5
84325.3
84825.1
86724.4
86851.5
87002.8
87493.211
87493.4
87494.1
87545.5
87675.8
87913.8
88301.4
88302.212
88402.2
88418.5
88902.3
89402.1
91914.4
91986.5
92441.8
92957.211
92957.4
92958.1
93031.5
94392.8
94459.211
94459.4
94460.1
94563.5
94901.8
95520.4
95521.212
95621.2
95623.5
96121.3
96621.1
98283.4
98365.5
98517.8
98895.211
98895.4
98896.1
98932.5
99095.8
99202.8
99605.211
99605.4
99606.1
99691.5
99806.8
100214.211
100214.4
100215.1
100262.5
100503.8
100919.211
100919.4
100920.1
100987.5
101092.8
101485.211
101485.4
101486.1
101541.5
101657.8
102270.4
102271.212
102371.2
102433.5
102871.3
103371.1
106385.8
106791.211
106791.4
106792.1
106839.5
106947.8
107606.4
107607.212
107707.2
107723.5
108207.3
108707.1
111936.4
112076.5
113168.4
113198.5
113287.8
113642.211
113642.4
113643.1
113676.5
113788.8
113930.8
114045.8
114102.211
114102.4
114103.1
114136.5
115187.4
115224.5
115300.8
115523.211
115523.4
115524.1
115556.5
116749.4
116779.5
116861.8
117315.211
117315.4
117316.1
117350.5
117429.8
117529.8
117772.211
117772.4
117773.1
117796.5
117884.8
117958.8
118011.211
118011.4
118012.1
118040.5
119255.4
119276.5
120659.8
121219.211
121219.4
121220.1
121271.5
121731.8
122064.8
122118.211
122118.4
122119.1
122155.5
122181.4
122231.5
122665.8
122973.211
122973.4
122974.1
123007.5
123103.8
123415.211
123415.4
123416.1
123449.5
123558.8
123826.8
123930.8
124098.211
124098.4
124099.1
124133.5
124226.8
124657.211
124657.4
124658.1
124687.5
124757.8
124984.8
125342.211
125342.4
125343.1
125385.5
125935.8
126042.211
126042.4
126043.1
126066.5
127192.8
127723.211
127723.4
127724.1
127773.5
127840.8
128229.211
128229.4
128230.1
128287.5
130397.8
130423.8
130507.211
130507.4
130508.1
130540.5
131088.8
131469.211
131469.4
131470.1
131491.5
131582.8
132038.211
132038.4
132039.1
132072.5
132161.8
132499.211
132499.4
132500.1
132529.5
132632.8
133474.4
133475.212
133574.5
133575.2
134075.3
134575.1
134954.4
134995.5
135115.8
135316.8
135514.8
135594.211
135594.4
135595.1
135637.5
136334.8
136550.211
136550.4
136551.1
136607.5
138021.8
138101.211
138101.4
138102.1
138153.5
139376.8
139838.8
139890.211
139890.4
139891.1
139920.5
140664.8
140739.211
140739.4
140740.1
140760.5
142301.8
142731.211
142731.4
142732.1
142758.5
145457.8
145556.211
145556.4
145557.1
145585.5
146027.4
146063.5
149804.8
150282.8
150333.8
150421.4
150422.212
150517.5
150522.2
151022.3
151522.1
152098.8
152390.211
152390.4
152391.1
152432.5
152564.8
152930.8
152998.211
152998.4
152999.1
153037.5
153233.8
153904.4
153905.212
154005.2
154011.5
154505.3
154866.4
154930.5
155005.1
155349.8
155585.8
155817.211
155817.4
155818.1
155859.5
156244.8
156646.211
156646.4
156647.1
156699.5
156837.8
157184.8
157252.211
157252.4
157253.1
157295.5
157502.8
157513.8
157793.211
157793.4
157794.1
157835.5
157939.8
157982.8
158545.4
158546.212
158646.2
158652.5
159146.3
159646.1
159694.4
159695.5
159696.4
159838.5
160065.8
160647.211
160647.4
160648.1
160687.5
161064.8
161068.8
161444.8
161505.211
161505.4
161506.1
161541.5
162053.4
162083.5
162140.8
162502.211
162502.4
162503.1
162534.5
163942.4
163958.5
164775.4
164799.5
166641.8
166876.8
166923.8
167061.211
167061.4
167062.1
167088.5
169052.4
169075.5
170206.8
171153.4
171154.212
171254.2
171255.5
171754.3
172254.1
173119.8
173538.8
173613.211
173613.4
173614.1
173658.5
178062.8
178083.8
178555.211
178555.4
178556.1
178580.5
178653.8
179963.4
180000.9
123456789
12
15
15
12
15
15
5
FI
1
5
9
48
17
10
21
17
6
2
920
0
0
0
314159265
22
259
177
180000
314159265
0.1
460.4
485.5
710.8
716.8
841.8
923.8
982.211
982.4
983.1
1026.5
1155.8
1461.211
1461.4
1462.1
1507.5
1616.8
1749.8
1772.8
1853.8
1942.8
2062.211
2062.4
2063.1
2110.5
2169.4
2192.5
2326.8
2633.8
2645.8
2821.211
2821.4
2822.1
2971.5
3663.8
3841.211
3841.4
3842.1
3936.5
4247.8
4262.8
4439.211
4439.4
4440.1
4534.5
4539.4
4942.5
5110.8
5333.211
5333.4
5334.1
5547.5
5552.4
5892.5
6028.8
6387.211
6387.4
6388.1
6467.5
6568.8
6831.8
6905.8
7023.211
7023.4
7024.1
7093.5
7252.4
7528.5
7707.8
7903.8
7906.8
8050.211
8050.4
8051.1
8175.5
8224.4
8366.5
8630.4
8862.5
8931.4
9015.5
9470.4
9580.5
9788.8
9886.8
10277.211
10277.4
10278.1
10341.5
10567.8
10615.8
10664.8
10757.8
10766.8
10911.211
10911.4
10912.1
10988.5
11174.8
11463.211
11463.4
11464.1
11549.5
11695.8
11698.8
12077.8
12092.8
12256.8
12385.4
12386.212
12486.2
12531.5
12986.3
13486.1
13833.4
13905.5
14822.8
14847.8
15103.211
15103.4
15104.1
15180.5
16075.4
16170.5
16278.8
16286.8
16602.8
16842.211
16842.4
16843.1
17197.5
17346.8
17512.8
17692.8
18004.4
18005.212
18105.2
18131.5
18605.3
19105.1
21498.4
21621.5
22020.8
22187.8
22202.8
22381.211
22381.4
22382.1
22476.5
22658.8
23047.8
23136.8
23201.211
23201.4
23202.1
23253.5
23914.4
24039.5
24133.8
24258.8
24433.8
24535.8
24794.4
24795.212
24895.2
24907.5
25395.3
25895.1
26169.4
26474.5
26731.8
27437.4
27438.212
27538.2
27539.5
28038.3
28538.1
28765.4
28944.5
29504.8
29896.8
30248.4
30249.212
30349.2
30353.5
30849.3
31349.1
34646.8
34817.8
35150.211
35150.4
35151.1
35206.5
35665.8
36308.4
36309.212
36405.5
36409.2
36909.3
37409.1
37991.4
38178.5
38307.4
38452.5
39272.8
39555.8
39564.8
39628.211
39628.4
39629.1
39763.5
40052.8
40680.4
40681.212
40781.2
40796.5
41281.3
41781.1
43983.8
44072.211
44072.4
44073.1
44247.5
45527.8
45776.211
45776.4
45777.1
45852.5
46056.8
46356.8
46498.8
46565.211
46565.4
46566.1
46720.5
46842.8
47205.8
47226.8
47385.211
47385.4
47386.1
47497.5
47618.8
48032.8
48225.4
48226.212
48321.5
48326.2
48826.3
49326.1
52522.8
52780.211
52780.4
52781.1
52829.5
53188.8
53463.8
53544.211
53544.4
53545.1
53655.5
53672.4
53717.5
53824.8
54138.8
54297.8
54384.211
54384.4
54385.1
54452.5
54623.8
55000.8
55091.211
55091.4
55092.1
55158.5
55271.8
55723.211
55723.4
55724.1
55768.5
55855.8
56332.8
56408.211
56408.4
56409.1
56476.5
56616.8
56711.8
57044.8
57253.4
57254.212
57354.2
57359.5
57854.3
58354.1
61925.8
62270.211
62270.4
62271.1
62321.5
62517.8
62775.8
62890.8
62972.211
62972.4
62973.1
63052.5
63345.8
63607.8
63751.211
63751.4
63752.1
63800.5
63981.8
64038.8
64041.8
64329.8
64486.8
64513.8
64589.4
64590.212
64680.5
64690.2
65190.3
65690.1
68517.8
68532.8
68799.211
68799.4
68800.1
68846.5
69047.8
69376.8
69432.211
69432.4
69433.1
69491.5
69710.8
70002.211
70002.4
70003.1
70048.5
70170.8
70465.8
70540.211
70540.4
70541.1
70577.5
70724.8
71042.8
71140.211
71140.4
71141.1
71173.5
71294.8
71392.8
71769.211
71769.4
71770.1
71823.5
71899.8
71929.8
72126.8
72132.8
72218.8
72289.211
72289.4
72290.1
72420.5
72564.8
72797.8
72875.211
72875.4
72876.1
72900.5
73324.8
73750.211
73750.4
73751.1
73817.5
73942.8
74555.8
74624.4
74625.212
74717.5
74725.2
75225.3
75725.1
76424.4
76675.5
76815.8
77409.211
77409.4
77410.1
77457.5
78450.8
78482.8
78800.211
78800.4
78801.1
78864.5
79275.4
79404.5
79660.8
79874.8
79919.8
79996.211
79996.4
79997.1
80049.5
80682.4
80775.5
80996.8
81210.8
81459.8
81470.8
81531.211
81531.4
81532.1
81569.5
82539.8
82791.211
82791.4
82792.1
82855.5
82987.8
83631.4
83632.212
83732.2
83770.5
84232.3
84732.1
85646.4
85853.5
86092.8
86604.211
86604.4
86605.1
86671.5
87460.8
87652.211
87652.4
87653.1
87699.5
88325.8
88587.8
88686.211
88686.4
88687.1
88726.5
88883.8
89394.8
89472.211
89472.4
89473.1
89533.5
89665.8
90102.8
90197.211
90197.4
90198.1
90248.5
90348.8
90829.8
90907.211
90907.4
90908.1
90952.5
91091.8
91170.8
91532.8
91641.211
91641.4
91642.1
91677.5
91781.8
92077.8
92300.8
92422.4
92423.212
92523.2
92527.5
92658.4
92745.5
93023.3
93065.4
93167.5
93523.1
94498.4
94742.5
94749.4
94750.5
94909.8
95699.4
95700.212
95800.2
95832.5
96300.3
96800.1
100076.4
100135.5
100294.8
100626.8
100724.211
100724.4
100725.1
100808.5
100945.8
100951.8
101158.211
101158.4
101159.1
101205.5
101307.8
101766.8
101824.211
101824.4
101825.1
101866.5
101999.8
102408.8
102471.211
102471.4
102472.1
102509.5
102598.4
102691.5
102792.8
103009.8
103272.211
103272.4
103273.1
103322.5
103437.8
103844.211
103844.4
103845.1
103890.5
103905.4
104042.5
104139.8
104451.211
104451.4
104452.1
104493.5
104587.8
104983.211
104983.4
104984.1
105034.5
105122.8
105352.8
105422.211
105422.4
105423.1
105459.5
105966.4
105998.5
106092.8
106286.8
106407.8
106477.211
106477.4
106478.1
106519.5
106653.8
106904.8
107032.211
107032.4
107033.1
107085.5
107202.8
107488.8
107595.8
107691.211
107691.4
107692.1
107734.5
107855.8
107868.8
107878.8
108389.211
108389.4
108390.1
108434.5
108554.8
108927.8
108931.8
109128.211
109128.4
109129.1
109168.5
109499.8
110090.211
110090.4
110091.1
110127.5
110303.8
110530.8
110585.8
110670.8
110722.211
110722.4
110723.1
110764.5
111690.4
111726.5
111817.8
112510.4
112511.212
112611.2
112639.5
113111.3
113611.1
117168.8
117562.211
117562.4
117563.1
117632.5
117738.8
118060.211
118060.4
118061.1
118102.5
118252.8
118714.211
118714.4
118715.1
118756.5
118861.8
119113.8
119205.211
119205.4
119206.1
119241.5
119928.4
119959.5
120055.8
120207.8
120334.211
120334.4
120335.1
120372.5
121360.8
121721.211
121721.4
121722.1
121752.5
122243.8
122634.211
122634.4
122635.1
122684.5
123357.8
123437.211
123437.4
123438.1
123459.5
123625.8
123860.8
123921.211
123921.4
123922.1
123951.5
124030.8
124497.211
124497.4
124498.1
124533.5
124636.8
124939.8
125004.211
125004.4
125005.1
125041.5
125165.8
125825.4
125826.212
125926.2
125954.5
126426.3
126926.1
127188.4
127278.5
127410.8
127816.8
127823.8
127986.8
128045.4
128046.212
128146.2
128152.5
128646.3
129146.1
131036.4
131117.5
131452.8
131531.8
131889.211
131889.4
131890.1
131945.5
132151.8
132164.8
132510.8
132518.8
132534.8
132602.211
132602.4
132603.1
132643.5
133026.8
133277.211
133277.4
133278.1
133316.5
133460.8
134008.8
134055.211
134055.4
134056.1
134099.5
134360.8
134686.211
134686.4
134687.1
134746.5
134828.8
135204.8
135231.8
135287.211
135287.4
135288.1
135326.5
135366.4
135406.5
135514.8
135985.211
135985.4
135986.1
136045.5
136129.8
136151.8
136520.211
136520.4
136521.1
136554.5
136632.8
137077.211
137077.4
137078.1
137108.5
137247.8
137894.4
137895.212
137995.2
138009.5
138495.3
138995.1
140163.4
140348.5
140516.8
140984.211
140984.4
140985.1
141021.5
142099.4
142128.5
142222.8
142597.211
142597.4
142598.1
142635.5
143462.8
143528.8
143755.211
143755.4
143756.1
143798.5
143942.8
143987.8
144362.211
144362.4
144363.1
144395.5
144484.8
144589.8
145002.211
145002.4
145003.1
145065.5
145259.8
146246.4
146247.212
146347.2
146389.5
146847.3
147347.1
148656.4
148707.5
149435.8
149731.211
149731.4
149732.1
149832.5
149971.8
150526.8
150598.4
150599.212
150690.5
150699.2
151199.3
151699.1
154001.4
154046.5
154560.8
154835.211
154835.4
154836.1
154869.5
155114.8
155676.211
155676.4
155677.1
155715.5
156142.8
156562.211
156562.4
156563.1
156610.5
156736.8
157393.4
157394.212
157494.2
157497.5
157994.3
158494.1
160701.4
160883.5
162358.4
162413.5
162920.8
163256.211
163256.4
163257.1
163294.5
163482.8
164106.4
164107.212
164197.5
164207.2
164707.3
165207.1
167501.4
167641.5
167868.8
168107.8
168311.211
168311.4
168312.1
168347.5
170110.4
170161.5
170283.8
170710.211
170710.4
170711.1
170743.5
171408.8
171777.211
171777.4
171778.1
171817.5
171955.8
172402.211
172402.4
172403.1
172451.5
173835.4
173871.5
175034.4
175070.5
175369.8
175605.8
175701.211
175701.4
175702.1
175731.5
175842.8
176005.8
176142.211
176142.4
176143.1
176181.5
176292.8
176366.8
176682.8
176709.8
176794.211
176794.4
176795.1
176849.5
177008.8
177364.211
177364.4
177365.1
177439.5
177785.8
178188.211
178188.4
178189.1
178235.5
178470.4
178491.5
179598.8
179999.211
180000.9
123456789
12
16
15
12
16
15
5
FI
1
5
9
50
02
10
23
02
6
2
757
0
0
0
314159265
26
176
155
180000
314159265
0.1
392.4
408.5
496.8
511.8
763.8
912.8
959.8
1054.211
1054.4
1055.1
1140.5
1581.8
1972.8
2029.211
2029.4
2030.1
2088.5
2730.8
2984.8
2996.8
3090.211
3090.4
3091.1
3273.5
3376.8
3603.8
3632.8
3692.211
3692.4
3693.1
3767.5
4005.8
4168.8
4278.8
4357.8
4530.211
4530.4
4531.1
4620.5
5153.4
5194.5
5197.4
5238.5
5392.8
5403.8
5666.8
5712.8
5802.211
5802.4
5803.1
5915.5
6308.8
6811.8
6880.8
7006.4
7007.212
7107.2
7178.5
7607.3
8107.1
8634.8
9042.8
9162.8
9369.4
9370.212
9470.2
9502.5
9970.3
10315.4
10470.1
10519.5
10930.8
10957.8
10966.8
11198.211
11198.4
11199.1
11333.5
11465.8
11725.8
12068.4
12069.212
12169.2
12183.5
12669.3
13169.1
15545.4
15595.5
15779.4
15888.5
16759.4
16931.5
17097.8
17395.8
17407.8
17575.211
17575.4
17576.1
17626.5
17646.4
17709.5
17843.8
18378.211
18378.4
18379.1
18462.5
18575.8
19067.211
19067.4
19068.1
19257.5
19356.8
19507.8
19762.211
19762.4
19763.1
19816.5
19835.4
19897.5
20653.4
20706.5
20863.8
21079.8
21354.8
21418.211
21418.4
21419.1
21475.5
21592.8
22288.4
22289.212
22389.2
22412.5
22889.3
23389.1
25322.8
25331.8
25788.211
25788.4
25789.1
25849.5
25993.8
26339.211
26339.4
26340.1
26450.5
26580.8
26974.211
26974.4
26975.1
27022.5
27136.8
27837.4
27838.212
27938.2
27943.5
28438.3
28938.1
31300.4
31353.5
31597.8
31605.8
32043.211
32043.4
32044.1
32101.5
32206.8
32935.4
32936.212
33036.2
33151.5
33536.3
34036.1
34805.8
34809.8
35257.211
35257.4
35258.1
35325.5
35599.8
36198.211
36198.4
36199.1
36261.5
37098.4
37170.5
37911.4
37964.5
38056.8
38248.8
38443.8
38507.211
38507.4
38508.1
38555.5
39094.4
39138.5
39230.8
39802.211
39802.4
39803.1
39856.5
40076.8
40087.8
40520.211
40520.4
40521.1
40573.5
41426.4
41471.5
42303.8
42837.211
42837.4
42838.1
42872.5
43169.8
43435.211
43435.4
43436.1
43506.5
43595.8
43609.8
43698.8
43866.8
44045.8
44104.211
44104.4
44105.1
44192.5
44309.8
44345.8
44357.8
44934.4
44935.212
45035.2
45051.5
45535.3
46035.1
47108.8
47372.8
47808.4
47809.212
47909.2
47921.5
48409.3
48909.1
49105.4
49262.5
50147.4
50391.5
50708.8
51129.211
51129.4
51130.1
51191.5
51514.8
51746.211
51746.4
51747.1
51792.5
52587.4
52780.5
52905.8
52913.8
53176.211
53176.4
53177.1
53210.5
53367.8
53710.211
53710.4
53711.1
53796.5
53922.8
54050.8
54065.8
54150.8
54278.211
54278.4
54279.1
54314.5
54440.8
54692.8
54759.211
54759.4
54760.1
54834.5
54943.8
55375.211
55375.4
55376.1
55410.5
55498.8
56126.4
56127.212
56227.2
56254.5
56727.3
57227.1
57520.4
57671.5
57842.8
58232.8
58301.211
58301.4
58302.1
58347.5
58608.4
58622.5
59164.4
59205.5
59299.8
59470.8
59960.4
59961.212
60061.2
60063.5
60561.3
61061.1
61536.8
61802.8
62038.211
62038.4
62039.1
62172.5
62811.8
62991.8
63071.211
63071.4
63072.1
63123.5
63297.8
63695.211
63695.4
63696.1
63738.5
64150.8
64348.211
64348.4
64349.1
64384.5
64482.8
64648.8
65003.211
65003.4
65004.1
65048.5
65158.8
65643.211
65643.4
65644.1
65695.5
65816.8
66256.211
66256.4
66257.1
66325.5
66566.8
66570.8
67321.4
67322.212
67422.2
67430.5
67922.3
68422.1
68964.4
69230.5
70097.4
70137.5
70251.8
70677.211
70677.4
70678.1
70709.5
72103.8
72569.211
72569.4
72570.1
72609.5
72917.8
73168.211
73168.4
73169.1
73199.5
74042.8
74669.4
74670.212
74770.2
74774.5
75270.3
75770.1
77531.4
77571.5
78185.4
78225.5
78798.4
78819.5
78924.8
79318.211
79318.4
79319.1
79348.5
79920.4
79960.5
80093.8
80675.211
80675.4
80676.1
80713.5
80871.8
81217.211
81217.4
81218.1
81253.5
81377.8
81992.4
81993.212
82093.2
82106.5
82593.3
83093.1
83668.4
83872.5
84182.8
84498.8
84711.211
84711.4
84712.1
84753.5
85088.8
85981.4
85982.212
86070.5
86082.2
86582.3
87082.1
87260.4
87460.5
88218.8
88387.211
88387.4
88388.1
88455.5
88868.8
89258.8
89346.211
89346.4
89347.1
89400.5
90002.8
90330.211
90330.4
90331.1
90366.5
90457.8
90718.211
90718.4
90719.1
90744.5
90840.8
90867.8
91226.211
91226.4
91227.1
91259.5
91990.8
92557.211
92557.4
92558.1
92593.5
93215.8
93346.8
93501.211
93501.4
93502.1
93527.5
93644.8
94328.4
94329.212
94429.2
94469.5
94929.3
95429.1
96539.8
96857.211
96857.4
96858.1
96917.5
98181.4
98216.5
99187.8
99404.211
99404.4
99405.1
99437.5
99624.8
100070.8
100199.211
100199.4
100200.1
100238.5
101224.8
101285.211
101285.4
101286.1
101318.5
101549.8
101842.211
101842.4
101843.1
101868.5
102968.4
103050.5
103130.8
103661.211
103661.4
103662.1
103701.5
103825.8
103845.8
104453.4
104454.212
104542.5
104554.2
105054.3
105554.1
106184.4
106333.5
106481.8
107202.4
107203.212
107298.5
107303.2
107803.3
108303.1
110861.8
110864.8
111284.211
111284.4
111285.1
111335.5
112049.4
112064.5
112791.4
112824.5
112916.8
113457.211
113457.4
113458.1
113497.5
115332.4
115357.5
116895.4
116923.5
118346.4
118378.5
118515.8
118895.211
118895.4
118896.1
118924.5
119022.8
119369.211
119369.4
119370.1
119401.5
119541.8
119760.8
119873.211
119873.4
119874.1
119911.5
120016.8
120112.8
120426.8
120529.8
120604.211
120604.4
120605.1
120642.5
120828.8
121328.211
121328.4
121329.1
121364.5
121466.8
122043.8
122131.4
122132.212
122214.5
122232.2
122732.3
123232.1
126218.4
126296.5
126414.4
126581.5
127361.8
127367.8
127595.211
127595.4
127596.1
127640.5
127799.8
128317.211
128317.4
128318.1
128374.5
128511.8
128812.211
128812.4
128813.1
128849.5
128957.8
129559.8
129644.4
129645.212
129744.5
129745.2
130245.3
130745.1
133611.4
133709.5
134344.8
134668.211
134668.4
134669.1
134720.5
134874.8
135589.4
135590.212
135689.5
135690.2
136190.3
136690.1
140096.4
140258.5
140389.8
140857.211
140857.4
140858.1
140930.5
141420.8
141500.211
141500.4
141501.1
141556.5
142032.8
142563.211
142563.4
142564.1
142609.5
144343.8
144352.8
144712.211
144712.4
144713.1
144742.5
144882.8
145419.211
145419.4
145420.1
145450.5
146003.8
146082.211
146082.4
146083.1
146139.5
146677.8
147252.211
147252.4
147253.1
147285.5
148217.8
148811.211
148811.4
148812.1
148849.5
148970.8
149271.8
149483.211
149483.4
149484.1
149521.5
149662.8
150555.4
150556.212
150656.2
150694.5
151156.3
151656.1
154765.8
155430.4
155431.212
155531.2
155550.5
156031.3
156531.1
158900.8
159220.211
159220.4
159221.1
159280.5
160461.8
160471.8
160595.211
160595.4
160596.1
160651.5
160801.8
161524.4
161525.212
161625.2
161653.5
162125.3
162625.1
166577.4
166605.5
166728.8
167452.4
167453.212
167553.2
167617.5
167629.4
167666.5
167724.4
167789.5
168053.3
168553.1
169670.4
169857.5
170036.8
170708.4
170709.212
170809.2
170819.5
171309.3
171809.1
174163.4
174294.5
176054.4
176098.5
176203.8
176738.211
176738.4
176739.1
176790.5
176954.8
177745.4
177746.212
177846.2
177896.5
178346.3
180000.9
123456789
12
17
15
12
17
15
5
FI
1
5
9
49
06
10
22
06
6
2
665
0
0
0
314159265
22
145
136
180000
314159265
0.1
772.4
842.5
929.8
1476.8
1552.4
1553.212
1653.2
1668.5
2153.3
2653.1
2701.4
2812.5
2924.8
3291.8
3535.4
3536.212
3636.2
3666.5
4136.3
4636.1
6598.4
6667.5
6873.8
7381.211
7381.4
7382.1
7468.5
7563.8
7894.211
7894.4
7895.1
8013.5
8112.8
8283.211
8283.4
8284.1
8368.5
8463.8
8657.8
8998.8
9058.211
9058.4
9059.1
9110.5
9237.8
9668.211
9668.4
9669.1
9764.5
9879.8
10242.211
10242.4
10243.1
10277.5
10391.8
10770.8
10785.8
10811.8
10938.211
10938.4
10939.1
10978.5
11140.8
11533.8
11765.4
11766.212
11866.2
11871.5
12366.3
12866.1
16066.4
16334.5
17486.4
17518.5
17664.8
18122.211
18122.4
18123.1
18170.5
18352.8
18965.4
18966.212
19066.2
19095.5
19566.3
20066.1
22902.4
23072.5
23976.8
24243.211
24243.4
24244.1
24349.5
25185.4
25252.5
25295.4
25328.5
26061.4
26122.5
26944.8
27160.211
27160.4
27161.1
27224.5
27255.4
27758.5
28062.8
28638.211
28638.4
28639.1
28704.5
29145.8
29399.8
29485.211
29485.4
29486.1
29525.5
30259.8
30274.8
30509.211
30509.4
30510.1
30545.5
30652.8
30882.8
31033.8
31055.8
31158.8
31206.8
31307.4
31308.212
31408.2
31425.5
31908.3
32408.1
34636.4
34896.5
35402.8
35699.211
35699.4
35700.1
35867.5
36192.8
36405.211
36405.4
36406.1
36481.5
36593.8
37125.211
37125.4
37126.1
37191.5
37895.8
38050.211
38050.4
38051.1
38123.5
38292.8
38768.211
38768.4
38769.1
38827.5
39173.8
39888.4
39889.212
39989.2
40001.5
40489.3
40989.1
42120.4
42246.5
43366.4
43420.5
43658.4
43731.5
44443.8
44451.8
44606.211
44606.4
44607.1
44651.5
45461.8
45737.211
45737.4
45738.1
45789.5
45923.8
46334.211
46334.4
46335.1
46393.5
46549.8
47243.4
47244.212
47344.2
47349.5
47844.3
48344.1
52272.4
52507.5
52767.8
53081.211
53081.4
53082.1
53117.5
54090.8
54425.211
54425.4
54426.1
54500.5
54515.4
54571.5
54696.8
55164.211
55164.4
55165.1
55198.5
56259.8
56769.211
56769.4
56770.1
56812.5
56981.8
57541.211
57541.4
57542.1
57591.5
58526.8
58827.211
58827.4
58828.1
58903.5
59098.4
59108.5
59117.4
59609.5
59814.8
60193.211
60193.4
60194.1
60232.5
61364.8
61646.8
61758.211
61758.4
61759.1
61790.5
61892.8
62348.211
62348.4
62349.1
62382.5
63448.8
63910.211
63910.4
63911.1
63944.5
64077.8
64518.211
64518.4
64519.1
64546.5
64783.8
65135.211
65135.4
65136.1
65164.5
65282.8
66266.4
66267.212
66367.2
66406.5
66867.3
67367.1
68399.8
68516.8
68658.211
68658.4
68659.1
68706.5
69464.8
69900.211
69900.4
69901.1
69949.5
70095.8
70590.211
70590.4
70591.1
70646.5
70765.8
70889.8
71068.8
71476.4
71477.212
71577.2
71607.5
72077.3
72577.1
73074.4
73244.5
73431.8
73943.8
74016.211
74016.4
74017.1
74071.5
74423.8
75037.4
75038.212
75138.2
75162.5
75638.3
76138.1
78791.4
78823.5
79314.8
79705.211
79705.4
79706.1
79742.5
80836.8
81596.4
81597.212
81697.2
81750.5
82197.3
82697.1
86498.8
87049.211
87049.4
87050.1
87088.5
87268.8
87781.211
87781.4
87782.1
87815.5
87929.8
88866.4
88867.212
88961.5
88967.2
89467.3
89967.1
91825.8
92112.211
92112.4
92113.1
92258.5
93695.8
93788.211
93788.4
93789.1
93841.5
94015.8
94382.211
94382.4
94383.1
94437.5
95035.8
95579.211
95579.4
95580.1
95622.5
96470.4
96490.5
96600.8
97047.8
97114.211
97114.4
97115.1
97150.5
97309.8
97648.8
97795.8
97975.8
98063.4
98064.212
98164.2
98182.5
98664.3
99164.1
101381.8
102005.4
102006.212
102106.2
102305.5
102606.3
103106.1
107166.4
107319.5
108621.8
108928.211
108928.4
108929.1
108964.5
109952.4
110133.5
110745.8
110756.8
111027.211
111027.4
111028.1
111070.5
111175.8
111953.4
111954.212
112050.5
112054.2
112554.3
113054.1
114350.4
114474.5
115259.8
115531.211
115531.4
115532.1
115584.5
117817.8
118027.211
118027.4
118028.1
118087.5
118260.8
118553.8
118719.211
118719.4
118720.1
118772.5
119649.4
119659.5
119744.8
119817.8
120182.211
120182.4
120183.1
120217.5
120324.8
120743.211
120743.4
120744.1
120796.5
120982.8
121458.211
121458.4
121459.1
121491.5
121666.8
122116.211
122116.4
122117.1
122159.5
124511.8
125040.211
125040.4
125041.1
125070.5
125094.4
125202.5
125312.8
125643.211
125643.4
125644.1
125674.5
128475.8
128587.211
128587.4
128588.1
128610.5
128755.8
129255.211
129255.4
129256.1
129291.5
129406.8
129872.211
129872.4
129873.1
129909.5
131214.8
131705.211
131705.4
131706.1
131744.5
131908.4
131938.5
133179.8
133222.8
133232.8
133806.4
133807.212
133879.5
133907.2
133940.4
134021.5
134407.3
134907.1
137829.8
137914.8
137936.8
138148.211
138148.4
138149.1
138232.5
138372.8
138925.211
138925.4
138926.1
138958.5
139225.8
139855.4
139856.212
139952.5
139956.2
140456.3
140956.1
141319.4
141512.5
141661.8
142035.8
142186.211
142186.4
142187.1
142229.5
142715.8
142874.8
142951.8
142963.8
143040.211
143040.4
143041.1
143079.5
144503.8
144559.211
144559.4
144560.1
144598.5
144762.8
145262.211
145262.4
145263.1
145300.5
145453.8
145472.8
145821.211
145821.4
145822.1
145859.5
146939.8
147321.211
147321.4
147322.1
147361.5
148448.8
148579.8
148729.8
148819.211
148819.4
148820.1
148865.5
148972.8
149008.8
149633.4
149634.212
149734.2
149790.5
150234.3
150734.1
151814.4
151939.5
153350.4
153367.5
153447.8
153841.211
153841.4
153842.1
153875.5
155105.8
155348.211
155348.4
155349.1
155382.5
155509.8
155609.8
155725.8
155810.211
155810.4
155811.1
155871.5
155998.8
156480.211
156480.4
156481.1
156521.5
157099.8
157668.211
157668.4
157669.1
157708.5
157896.8
158677.4
158678.212
158778.2
158819.5
159278.3
159778.1
164810.8
165298.211
165298.4
165299.1
165332.5
166594.8
167433.4
167434.212
167534.2
167581.5
168034.3
168534.1
168839.4
168940.5
169077.4
169454.5
170197.8
170758.211
170758.4
170759.1
170887.5
171224.8
171536.211
171536.4
171537.1
171571.5
171645.4
171704.5
172389.8
172538.8
172852.211
172852.4
172853.1
172896.5
172999.8
173504.211
173504.4
173505.1
173532.5
174345.8
174431.8
175024.4
175025.212
175125.2
175131.5
175625.3
176125.1
177124.8
177851.4
177852.212
177952.2
177985.5
178452.3
178952.1
180000.9
123456789
12
18
15
12
18
15
5
FI
1
5
9
56
14
10
29
15
6
2
618
0
0
0
314159265
30
139
115
180000
314159265
0.1
392.4
414.5
486.8
703.8
753.8
845.8
907.211
907.4
908.1
964.5
1071.8
1586.8
1655.211
1655.4
1656.1
1721.5
2356.8
2431.8
2486.8
2512.8
2610.211
2610.4
2611.1
2643.5
2756.8
2767.8
3306.8
3496.4
3497.212
3597.2
3626.5
4097.3
4597.1
6273.4
6331.5
6472.8
6925.211
6925.4
6926.1
7016.5
7180.8
7311.8
7381.8
7446.211
7446.4
7447.1
7532.5
7705.4
7722.5
7853.8
8273.8
8347.211
8347.4
8348.1
8399.5
8611.8
8644.8
9233.8
9305.4
9306.212
9406.2
9408.5
9906.3
10406.1
10636.8
10640.8
10964.8
11077.8
11150.211
11150.4
11151.1
11308.5
11529.8
11861.8
12413.4
12414.212
12502.5
12514.2
13014.3
13514.1
15153.4
15292.5
15578.8
15852.211
15852.4
15853.1
15936.5
15946.4
16101.5
16225.8
16583.211
16583.4
16584.1
16638.5
16720.8
17237.211
17237.4
17238.1
17301.5
17378.8
17796.211
17796.4
17797.1
17875.5
18093.8
18223.8
18729.4
18730.212
18823.5
18830.2
19330.3
19830.1
20068.8
20517.8
20524.8
20686.8
20786.4
20787.212
20887.2
20907.5
21387.3
21887.1
23862.4
24006.5
24166.8
24407.211
24407.4
24408.1
24568.5
24692.8
24749.8
25191.211
25191.4
25192.1
25230.5
25317.8
25422.8
25435.8
25688.211
25688.4
25689.1
25799.5
25932.8
26461.211
26461.4
26462.1
26565.5
26665.8
26926.8
27438.4
27439.212
27539.2
27598.5
28039.3
28539.1
29056.4
29159.5
29285.8
29427.8
29563.8
29639.211
29639.4
29640.1
29705.5
30088.8
30683.211
30683.4
30684.1
30728.5
30884.8
31766.4
31767.212
31867.2
31912.5
32367.3
32867.1
34358.8
34831.211
34831.4
34832.1
34884.5
36165.8
36644.211
36644.4
36645.1
36681.5
37312.8
37716.211
37716.4
37717.1
37761.5
37938.8
38373.211
38373.4
38374.1
38421.5
39001.8
39031.8
39590.211
39590.4
39591.1
39625.5
40526.8
40740.211
40740.4
40741.1
40760.5
40845.8
41244.211
41244.4
41245.1
41275.5
42148.4
42170.5
43164.4
43200.5
43204.4
43220.5
43278.4
43391.5
43586.8
43765.211
43765.4
43766.1
43798.5
44213.8
44594.211
44594.4
44595.1
44638.5
44725.8
44751.8
45326.4
45327.212
45416.5
45427.2
45927.3
46427.1
48141.4
48227.5
51854.8
52053.8
52062.8
52260.211
52260.4
52261.1
52296.5
52413.8
52745.211
52745.4
52746.1
52783.5
56069.8
56771.4
56772.212
56872.2
56876.5
57372.3
57872.1
59168.8
59180.8
59406.8
59492.8
59605.211
59605.4
59606.1
59644.5
60533.8
61026.211
61026.4
61027.1
61117.5
61217.8
61760.211
61760.4
61761.1
61810.5
61925.8
62554.4
62555.212
62652.5
62655.2
63155.3
63655.1
65774.8
66325.211
66325.4
66326.1
66359.5
66815.8
67060.211
67060.4
67061.1
67146.5
67449.8
67755.8
67788.8
67796.8
67895.211
67895.4
67896.1
67932.5
68052.8
68788.4
68789.212
68878.5
68889.2
69389.3
69889.1
70835.8
71072.211
71072.4
71073.1
71123.5
71485.8
71983.211
71983.4
71984.1
72019.5
73494.4
73497.5
73584.8
74397.4
74398.212
74498.2
74529.5
74998.3
75498.1
79938.8
80319.211
80319.4
80320.1
80339.5
81407.8
81579.8
81590.8
81734.211
81734.4
81735.1
81761.5
82757.8
83412.4
83413.212
83513.2
83543.5
84013.3
84513.1
86761.8
87284.211
87284.4
87285.1
87320.5
87477.8
88035.211
88035.4
88036.1
88070.5
88172.8
88400.8
88651.211
88651.4
88652.1
88709.5
88970.8
89318.211
89318.4
89319.1
89353.5
90031.8
90113.211
90113.4
90114.1
90141.5
90278.8
90810.211
90810.4
90811.1
90850.5
91340.8
91784.211
91784.4
91785.1
91817.5
91900.8
92632.4
92633.212
92733.2
92752.5
93233.3
93733.1
95997.8
96739.4
96740.212
96840.2
96859.5
97340.3
97840.1
100749.8
100910.8
100991.211
100991.4
100992.1
101063.5
101217.8
101774.211
101774.4
101775.1
101812.5
102005.8
102464.211
102464.4
102465.1
102506.5
103584.8
103959.211
103959.4
103960.1
103991.5
104919.8
105395.211
105395.4
105396.1
105425.5
106112.8
106140.8
106871.4
106872.212
106972.2
107000.5
107472.3
107972.1
109728.8
110350.4
110351.212
110451.2
110460.5
110951.3
111451.1
112892.8
113737.4
113738.212
113838.2
113847.5
114338.3
114838.1
115810.8
116306.211
116306.4
116307.1
116346.5
116581.4
116635.5
116749.8
117478.4
117479.212
117574.5
117579.2
118079.3
118579.1
120981.8
121808.4
121809.212
121909.2
121989.5
122409.3
122909.1
124093.4
124118.5
125219.4
125239.5
125335.8
125872.211
125872.4
125873.1
125906.5
126070.8
126705.4
126706.212
126806.2
126813.5
127306.3
127806.1
128502.8
128968.211
128968.4
128969.1
129032.5
129404.8
129718.211
129718.4
129719.1
129752.5
129900.8
130361.211
130361.4
130362.1
130394.5
132571.4
132586.5
132716.8
133193.211
133193.4
133194.1
133238.5
134452.8
134927.211
134927.4
134928.1
134959.5
135331.8
135400.8
136014.4
136015.212
136115.2
136123.5
136615.3
137115.1
138638.4
138699.5
138851.8
139277.211
139277.4
139278.1
139311.5
140676.4
140714.5
142465.8
142891.211
142891.4
142892.1
142921.5
145127.8
145754.4
145755.212
145846.5
145855.2
146355.3
146855.1
147790.8
148278.211
148278.4
148279.1
148317.5
148458.8
148747.8
149062.4
149063.212
149159.5
149163.2
149663.3
150163.1
151357.4
151448.5
151619.8
151797.8
152011.211
152011.4
152012.1
152053.5
152314.8
153613.4
153614.212
153710.5
153714.2
154214.3
154714.1
156903.8
157497.211
157497.4
157498.1
157533.5
157689.8
158335.4
158336.212
158436.2
158452.5
158936.3
159436.1
161537.8
162358.4
162359.212
162459.2
162473.5
162959.3
163459.1
165069.4
165136.5
166110.8
166798.4
166799.212
166898.5
166899.2
167399.3
167899.1
171004.8
171372.211
171372.4
171373.1
171402.5
171821.8
172574.4
172575.212
172675.2
172700.5
173175.3
173675.1
174437.8
175375.4
175376.212
175476.2
175517.5
175976.3
176476.1
179344.4
180000.9
123456789
12
19
15
12
19
15
5
FI
1
5
9
49
41
10
22
40
6
2
650
0
0
0
314159265
28
149
118
180000
314159265
0.1
8.8
95.211
95.4
96.1
173.5
249.8
555.211
555.4
556.1
595.5
999.4
1022.5
1148.8
1731.211
1731.4
1732.1
1788.5
1945.8
2254.8
2524.8
2614.4
2615.212
2715.2
2719.5
3215.3
3678.4
3715.1
3756.5
3870.8
3974.8
4307.8
4465.211
4465.4
4466.1
4646.5
5668.8
6137.8
6294.4
6295.212
6379.5
6395.2
6895.3
7395.1
10663.8
11124.211
11124.4
11125.1
11156.5
11340.8
11347.8
11867.211
11867.4
11868.1
11908.5
12142.8
12646.211
12646.4
12647.1
12703.5
12961.8
13196.8
13274.211
13274.4
13275.1
13316.5
13445.8
13457.8
14011.211
14011.4
14012.1
14049.5
14252.8
14574.211
14574.4
14575.1
14617.5
14721.8
15015.211
15015.4
15016.1
15050.5
15160.8
15546.211
15546.4
15547.1
15593.5
15682.8
16229.211
16229.4
16230.1
16268.5
16410.8
17100.4
17101.212
17191.5
17201.2
17701.3
18201.1
18621.4
18682.5
18890.8
19074.8
19493.4
19494.212
19594.2
19663.5
20094.3
20594.1
23459.4
23521.5
24263.4
24291.5
24392.8
24925.211
24925.4
24926.1
24976.5
25761.8
26150.211
26150.4
26151.1
26365.5
27037.8
27428.211
27428.4
27429.1
27455.5
28407.8
28661.8
28788.211
28788.4
28789.1
28834.5
29525.8
29732.8
29741.8
29947.211
29947.4
29948.1
29994.5
30315.8
30750.8
30806.211
30806.4
30807.1
30925.5
31023.8
31061.8
31584.211
31584.4
31585.1
31629.5
31792.8
32486.4
32487.212
32587.2
32594.5
33087.3
33587.1
36817.8
37243.211
37243.4
37244.1
37331.5
37453.8
38001.211
38001.4
38002.1
38052.5
38202.8
38640.211
38640.4
38641.1
38700.5
38817.8
39405.211
39405.4
39406.1
39453.5
39771.8
40439.4
40440.212
40540.2
40550.5
41040.3
41540.1
42353.8
42649.211
42649.4
42650.1
42701.5
43107.8
43624.211
43624.4
43625.1
43681.5
44580.8
44823.211
44823.4
44824.1
44861.5
45015.8
45266.211
45266.4
45267.1
45288.5
45881.8
46350.211
46350.4
46351.1
46393.5
46491.8
46980.211
46980.4
46981.1
47002.5
47088.8
47112.8
47530.211
47530.4
47531.1
47564.5
47650.8
47666.8
48347.4
48348.212
48448.2
48459.5
48948.3
49448.1
51644.8
52268.4
52269.212
52369.2
52383.5
52869.3
53369.1
56713.8
56737.8
56868.211
56868.4
56869.1
57008.5
57114.8
57448.211
57448.4
57449.1
57525.5
57666.8
58170.211
58170.4
58171.1
58214.5
58329.8
58457.8
58705.8
58774.211
58774.4
58775.1
58814.5
58960.8
59008.8
59452.211
59452.4
59453.1
59502.5
59602.8
59763.8
60240.4
60241.212
60341.2
60429.5
60841.3
61341.1
64397.8
64901.8
65336.4
65337.212
65425.5
65437.2
65937.3
66437.1
68153.4
68378.5
68574.8
68959.8
69026.211
69026.4
69027.1
69072.5
69242.8
69773.211
69773.4
69774.1
69826.5
69942.8
70051.8
70168.8
70227.211
70227.4
70228.1
70307.5
70400.8
70853.211
70853.4
70854.1
70893.5
71472.8
71968.211
71968.4
71969.1
72022.5
72166.8
72208.8
72781.4
72782.212
72882.2
72886.5
73382.3
73882.1
75088.4
75241.5
75420.8
75830.211
75830.4
75831.1
75868.5
76045.8
76489.211
76489.4
76490.1
76542.5
77826.8
78438.4
78439.212
78531.5
78539.2
79039.3
79539.1
82734.8
83018.211
83018.4
83019.1
83048.5
85260.4
85289.5
85362.8
85480.8
85703.211
85703.4
85704.1
85742.5
85914.8
86481.211
86481.4
86482.1
86523.5
86641.8
86921.8
87044.8
87105.211
87105.4
87106.1
87149.5
87270.8
87385.8
87768.211
87768.4
87769.1
87806.5
87917.8
88469.211
88469.4
88470.1
88584.5
88694.8
88740.8
88755.8
88912.211
88912.4
88913.1
88935.5
89051.8
89697.4
89698.212
89794.5
89798.2
90298.3
90798.1
93000.8
93011.8
93525.211
93525.4
93526.1
93565.5
95189.8
95636.211
95636.4
95637.1
95667.5
95800.8
95856.8
96400.211
96400.4
96401.1
96437.5
96556.8
97188.4
97189.212
97289.2
97291.5
97789.3
98289.1
100670.4
100773.5
100927.8
101603.4
101604.212
101704.2
101705.5
102204.3
102704.1
104356.8
104574.8
104577.8
104760.211
104760.4
104761.1
104827.5
105020.8
105796.4
105797.212
105897.2
105917.5
106397.3
106897.1
108951.8
109030.211
109030.4
109031.1
109071.5
109399.8
109832.211
109832.4
109833.1
109908.5
110003.8
110758.4
110759.212
110859.2
110872.5
111359.3
111859.1
115653.4
115655.5
115656.4
115708.5
116407.4
116446.5
116561.8
116579.8
117190.4
117191.212
117291.2
117301.5
117791.3
118291.1
120641.4
120743.5
121189.8
121824.4
121825.212
121925.2
121930.5
122425.3
122925.1
127238.8
127763.211
127763.4
127764.1
127806.5
128061.8
128597.211
128597.4
128598.1
128666.5
128789.8
129421.4
129422.212
129522.2
129535.5
130022.3
130522.1
132766.8
132786.8
133230.211
133230.4
133231.1
133265.5
133877.8
134506.4
134507.212
134607.2
134692.5
135107.3
135607.1
139044.4
139132.5
139287.4
139353.5
139669.8
140187.211
140187.4
140188.1
140335.5
141177.8
141678.211
141678.4
141679.1
141746.5
142562.8
143099.211
143099.4
143100.1
143138.5
143251.8
143619.8
143690.211
143690.4
143691.1
143724.5
144117.8
144138.8
144220.8
144279.211
144279.4
144280.1
144311.5
144437.8
144960.211
144960.4
144961.1
145016.5
146148.8
146705.211
146705.4
146706.1
146745.5
146883.8
147587.4
147588.212
147688.2
147690.5
148188.3
148688.1
150094.8
150228.8
150526.211
150526.4
150527.1
150569.5
150985.8
151662.4
151663.212
151763.2
151766.5
152263.3
152763.1
154419.8
154429.8
154807.211
154807.4
154808.1
154852.5
155935.8
156125.8
156208.211
156208.4
156209.1
156250.5
156753.8
157311.211
157311.4
157312.1
157351.5
157460.8
158025.211
158025.4
158026.1
158067.5
158192.8
158672.211
158672.4
158673.1
158701.5
159673.8
160342.4
160343.212
160439.5
160443.2
160943.3
161443.1
162135.8
162246.8
162249.8
162929.4
162930.212
163030.2
163054.5
163530.3
164030.1
167340.8
167957.4
167958.212
168058.2
168073.5
168558.3
169058.1
172402.8
172661.211
172661.4
172662.1
172750.5
172844.8
173311.211
173311.4
173312.1
173353.5
174051.8
174668.4
174669.212
174769.2
174791.5
175269.3
175769.1
177286.8
177488.211
177488.4
177489.1
177568.5
177702.8
178353.4
178354.212
178454.2
178475.5
178954.3
180000.9
123456789
12
20
15
12
20
15
5
FI
1
5
9
50
40
10
23
40
6
2
641
0
0
0
314159265
27
132
123
180000
314159265
0.1
1354.8
1357.8
1547.211
1547.4
1548.1
1612.5
1705.8
2160.8
2250.211
2250.4
2251.1
2289.5
2419.8
2431.8
3063.4
3064.212
3164.2
3208.5
3373.4
3449.5
3664.3
4164.1
6333.4
6401.5
6523.8
6530.8
6887.8
6900.8
7054.211
7054.4
7055.1
7144.5
7281.8
7940.8
7997.4
7998.212
8098.2
8099.5
8598.3
9098.1
10823.4
11049.5
12229.8
12308.211
12308.4
12309.1
12363.5
12573.8
12859.8
12919.211
12919.4
12920.1
12961.5
13092.8
13707.4
13708.212
13802.5
13808.2
14308.3
14808.1
15743.8
16013.211
16013.4
16014.1
16087.5
17078.8
17088.8
17162.211
17162.4
17163.1
17244.5
17506.8
17825.211
17825.4
17826.1
18077.5
18754.4
18792.5
18891.8
19427.211
19427.4
19428.1
19465.5
19597.8
20051.211
20051.4
20052.1
20098.5
20696.4
20714.5
20792.8
21206.211
21206.4
21207.1
21244.5
21337.8
21944.4
21945.212
22045.2
22070.5
22545.3
23045.1
23567.8
23706.8
23933.211
23933.4
23934.1
24065.5
24341.8
25037.4
25038.212
25135.5
25138.2
25638.3
26138.1
28129.4
28286.5
29740.8
29930.211
29930.4
29931.1
29953.5
30243.8
30752.211
30752.4
30753.1
30807.5
30917.8
30921.8
31623.4
31624.212
31706.5
31724.2
32224.3
32724.1
33132.4
33296.5
33452.8
34141.4
34142.212
34242.2
34252.5
34742.3
35242.1
37914.8
38653.4
38654.212
38746.5
38754.2
39254.3
39754.1
43126.4
43131.5
43141.4
43239.5
43915.8
43986.211
43986.4
43987.1
44033.5
44120.8
44593.211
44593.4
44594.1
44642.5
45475.8
45544.211
45544.4
45545.1
45574.5
46199.8
46741.211
46741.4
46742.1
46798.5
48358.8
48878.211
48878.4
48879.1
48915.5
49047.8
49625.211
49625.4
49626.1
49679.5
50768.8
51368.211
51368.4
51369.1
51417.5
52227.8
52857.4
52858.212
52954.5
52958.2
53458.3
53958.1
54275.8
54291.8
54727.211
54727.4
54728.1
54763.5
55446.8
56063.4
56064.212
56164.2
56182.5
56664.3
57164.1
59678.8
60102.211
60102.4
60103.1
60145.5
63106.8
63292.211
63292.4
63293.1
63324.5
64487.4
64518.5
65175.8
65722.211
65722.4
65723.1
65775.5
65961.8
66780.4
66781.212
66876.5
66881.2
67381.3
67881.1
68568.8
69120.211
69120.4
69121.1
69158.5
70696.8
70871.8
70960.211
70960.4
70961.1
71001.5
71138.8
71229.8
71615.211
71615.4
71616.1
71649.5
71753.8
72151.211
72151.4
72152.1
72201.5
72297.8
72787.211
72787.4
72788.1
72824.5
74088.8
74580.211
74580.4
74581.1
74620.5
74722.8
74741.8
75130.211
75130.4
75131.1
75156.5
75271.8
75879.4
75880.212
75980.2
76001.5
76480.3
76980.1
79529.8
80110.211
80110.4
80111.1
80252.5
80422.8
80969.211
80969.4
80970.1
81005.5
85304.8
86212.4
86213.212
86313.2
86330.5
86813.3
87313.1
89860.8
90014.211
90014.4
90015.1
90061.5
91199.8
91206.8
91616.211
91616.4
91617.1
91650.5
92156.8
92756.211
92756.4
92757.1
92784.5
93149.4
93167.5
95221.8
95234.8
95834.4
95835.212
95914.5
95935.2
96435.3
96935.1
97647.4
97739.5
97873.8
98596.4
98597.212
98697.2
98721.5
99197.3
99697.1
102849.8
103336.211
103336.4
103337.1
103380.5
103981.8
104530.211
104530.4
104531.1
104579.5
106282.8
106354.211
106354.4
106355.1
106388.5
106479.8
106496.8
107057.211
107057.4
107058.1
107096.5
107979.8
108601.4
108602.212
108702.2
108744.5
109202.3
109702.1
110544.4
110776.5
111045.8
111544.211
111544.4
111545.1
111607.5
112629.8
112711.211
112711.4
112712.1
112744.5
113498.8
114080.211
114080.4
114081.1
114116.5
114252.8
114958.4
114959.212
115059.2
115075.5
115559.3
116059.1
118104.8
118574.211
118574.4
118575.1
118604.5
118676.8
119371.4
119372.212
119472.2
119490.5
119972.3
120472.1
121051.8
121171.8
121259.211
121259.4
121260.1
121340.5
121472.8
122053.211
122053.4
122054.1
122088.5
122334.8
123042.4
123043.212
123143.2
123152.5
123643.3
124143.1
126164.8
126588.211
126588.4
126589.1
126620.5
127344.8
127767.211
127767.4
127768.1
127801.5
127888.8
128264.211
128264.4
128265.1
128296.5
128933.8
129424.211
129424.4
129425.1
129466.5
129549.8
130132.211
130132.4
130133.1
130173.5
131125.8
131705.211
131705.4
131706.1
131740.5
132062.8
132675.4
132676.212
132776.2
132783.5
133276.3
133776.1
134265.4
134352.5
134496.8
134616.8
135184.4
135185.212
135285.2
135286.5
135785.3
136285.1
139281.8
139522.8
139591.211
139591.4
139592.1
139675.5
139795.8
139822.8
140285.211
140285.4
140286.1
140323.5
140452.8
140970.211
140970.4
140971.1
141007.5
141089.8
141761.4
141762.212
141862.2
141864.5
142362.3
142862.1
143551.4
143723.5
144009.8
144293.8
144482.211
144482.4
144483.1
144551.5
144670.8
145090.211
145090.4
145091.1
145129.5
146024.8
146217.211
146217.4
146218.1
146258.5
146339.8
146927.211
146927.4
146928.1
146970.5
147054.8
147777.4
147778.212
147871.5
147878.2
148378.3
148878.1
150316.8
150610.211
150610.4
150611.1
150700.5
150704.4
150772.5
150888.8
151282.211
151282.4
151283.1
151318.5
151618.8
151852.211
151852.4
151853.1
151935.5
152039.8
152638.211
152638.4
152639.1
152683.5
153817.8
154289.211
154289.4
154290.1
154325.5
155552.8
156017.211
156017.4
156018.1
156044.5
156139.8
156758.4
156759.212
156859.2
156946.5
157359.3
157859.1
158802.4
158915.5
159124.8
159609.211
159609.4
159610.1
159643.5
159748.8
160292.211
160292.4
160293.1
160332.5
160336.4
160339.5
161320.8
161699.211
161699.4
161700.1
161738.5
162505.8
162611.211
162611.4
162612.1
162669.5
163383.8
163455.8
163533.8
163608.211
163608.4
163609.1
163640.5
163706.8
164199.211
164199.4
164200.1
164233.5
164972.8
164991.8
165615.4
165616.212
165713.5
165716.2
166216.3
166716.1
167329.4
167465.5
167637.8
168065.8
168582.4
168583.212
168683.2
168684.5
169183.3
169683.1
171447.8
171466.8
171928.211
171928.4
171929.1
172002.5
173273.8
173772.211
173772.4
173773.1
173826.5
174427.8
175024.211
175024.4
175025.1
175061.5
176270.8
176777.211
176777.4
176778.1
176806.5
177970.8
178443.211
178443.4
178444.1
178480.5
179184.8
179832.4
179833.212
179929.5
180000.9
123456789
12
21
15
12
21
15
5
FI
1
5
9
47
32
10
20
32
6
2
337
0
0
0
314159265
22
64
61
180000
314159265
0.1
391.8
439.8
567.8
646.211
646.4
647.1
708.5
1270.8
1914.4
1915.212
2015.2
2040.5
2515.3
3015.1
3597.8
4233.4
4234.212
4334.2
4379.5
4834.3
5334.1
5924.4
6073.5
7834.8
8045.211
8045.4
8046.1
8139.5
9975.8
10301.211
10301.4
10302.1
10330.5
10436.8
10916.211
10916.4
10917.1
10968.5
11108.8
11118.8
11800.4
11801.212
11900.5
11901.2
12401.3
12901.1
14080.8
14082.8
14391.211
14391.4
14392.1
14436.5
16446.8
17012.211
17012.4
17013.1
17088.5
17221.8
17856.4
17857.212
17957.2
17988.5
18457.3
18957.1
23725.8
25388.4
25389.212
25489.2
25523.5
25989.3
26489.1
30648.8
31286.4
31287.212
31387.2
31402.5
31887.3
32387.1
37776.8
38125.211
38125.4
38126.1
38166.5
40483.4
40506.5
40615.8
41020.211
41020.4
41021.1
41055.5
41212.8
41707.211
41707.4
41708.1
41743.5
42449.8
42984.211
42984.4
42985.1
43023.5
50196.8
50573.211
50573.4
50574.1
50606.5
53420.8
54006.211
54006.4
54007.1
54041.5
55405.8
56081.4
56082.212
56182.2
56297.5
56682.3
57182.1
64483.8
65195.4
65196.212
65296.2
65300.5
65796.3
66296.1
68004.8
68552.211
68552.4
68553.1
68635.5
68805.8
69409.4
69410.212
69510.2
69535.5
70010.3
70510.1
76001.8
76547.211
76547.4
76548.1
76596.5
78188.8
78779.211
78779.4
78780.1
78810.5
80344.8
80907.211
80907.4
80908.1
80942.5
81046.8
81445.211
81445.4
81446.1
81480.5
82614.8
82935.211
82935.4
82936.1
82954.5
83070.8
83606.211
83606.4
83607.1
83641.5
93114.8
93654.211
93654.4
93655.1
93684.5
95527.8
96052.211
96052.4
96053.1
96083.5
97149.8
97792.4
97793.212
97893.2
97975.5
98393.3
98893.1
102338.8
102823.211
102823.4
102824.1
102860.5
103703.8
104276.211
104276.4
104277.1
104318.5
104491.8
105390.4
105391.212
105491.2
105554.5
105991.3
106491.1
108491.8
108510.8
108920.8
109013.211
109013.4
109014.1
109106.5
109130.4
109315.5
109507.8
109621.8
110176.4
110177.212
110277.2
110297.5
110777.3
111277.1
113249.8
113886.4
113887.212
113987.2
113995.5
114487.3
114987.1
116681.8
117158.211
117158.4
117159.1
117239.5
119272.8
119787.211
119787.4
119788.1
119821.5
120561.8
120583.8
120847.8
121285.4
121286.212
121386.2
121418.5
121886.3
122386.1
126146.8
126743.211
126743.4
126744.1
126780.5
127216.8
127775.211
127775.4
127776.1
127842.5
128782.8
129043.8
129107.211
129107.4
129108.1
129143.5
130764.8
130884.8
130971.211
130971.4
130972.1
131014.5
133430.8
134149.4
134150.212
134250.2
134270.5
134750.3
135250.1
137151.8
137912.4
137913.212
138013.2
138073.5
138513.3
139013.1
142888.8
143510.4
143511.212
143611.2
143648.5
144111.3
144611.1
149661.8
150593.4
150594.212
150694.2
150794.5
151194.3
151694.1
158375.8
159434.4
159435.212
159535.2
159551.5
160035.3
160535.1
162913.8
163185.8
163536.4
163537.212
163637.2
163681.5
164137.3
164637.1
166633.4
166637.5
166639.4
166811.5
169681.4
169705.5
171597.4
171632.5
171735.8
172428.4
172429.212
172529.2
172560.5
173029.3
173529.1
175599.8
176394.4
176395.212
176495.2
176589.5
176995.3
177495.1
177856.4
177965.5
179197.4
180000.9
123456789
