4
07
17
4
07
17
0
0
0
2
15
09
17
15
42
17
6
2
3515
0
0
0
314159265
60
5
803
180000
314159265
0.1
102.6
192.211
192.6
218.211
218.6
291.211
291.6
322.211
322.6
420.211
420.6
438.211
438.6
467.211
467.6
576.211
576.6
631.211
631.6
697.4
709.5
776.211
776.6
815.4
867.5
981.211
981.6
1064.211
1064.6
1211.211
1211.6
1292.4
1313.5
1389.211
1389.6
1396.211
1396.6
1424.211
1424.6
1449.211
1449.6
1485.4
1510.5
1571.211
1571.6
1621.4
1649.5
1696.211
1696.6
1791.211
1791.6
1805.211
1805.6
1906.4
1984.5
2054.211
2054.6
2116.4
2125.5
2179.211
2179.6
2203.211
2203.6
2299.211
2299.6
2468.211
2468.6
2500.211
2500.6
2654.4
2688.5
2744.211
2744.6
2911.4
2953.5
3022.211
3022.6
3030.211
3030.6
3175.4
3203.5
3332.212
3332.6
3386.2
3386.4
3586.3
3630.5
3633.4
3641.5
3643.4
3665.5
3667.4
3690.5
3692.4
3701.5
3703.4
3721.5
3722.4
3726.5
3728.4
3764.5
3907.4
3930.5
4091.6
4126.6
4340.4
4347.5
4386.1
4472.6
4491.211
4491.6
4512.211
4512.6
4530.211
4530.6
4571.211
4571.6
4657.211
4657.6
4671.211
4671.6
4812.211
4812.6
4835.211
4835.6
4956.211
4956.6
5104.211
5104.6
5352.211
5352.6
5396.211
5396.6
5478.211
5478.6
5500.211
5500.6
5511.211
5511.6
5521.211
5521.6
5553.211
5553.6
5664.211
5664.6
5679.211
5679.6
5792.211
5792.6
5801.211
5801.6
5974.211
5974.6
6196.211
6196.6
6240.211
6240.6
6425.211
6425.6
6609.211
6609.6
6753.211
6753.6
6765.211
6765.6
6817.211
6817.6
6825.211
6825.6
6908.211
6908.6
7085.211
7085.6
7116.211
7116.6
7130.211
7130.6
7195.4
7241.5
7298.211
7298.6
7396.211
7396.6
7466.211
7466.6
7496.211
7496.6
7547.4
7604.5
7662.211
7662.6
7748.211
7748.6
7835.211
7835.6
7938.211
7938.6
8020.4
8039.5
8317.212
8317.6
8379.2
8379.4
8579.3
8620.5
8624.4
8645.5
8647.4
8656.5
8658.4
8693.5
8696.4
8719.5
8720.4
8730.5
8733.4
8762.5
8986.6
9128.6
9141.6
9170.6
9199.6
9379.1
9399.6
9438.211
9438.6
9518.211
9518.6
9630.211
9630.6
9696.211
9696.6
9817.211
9817.6
9926.211
9926.6
9985.211
9985.6
10102.211
10102.6
10145.211
10145.6
10187.211
10187.6
10237.211
10237.6
10413.211
10413.6
10440.211
10440.6
10460.211
10460.6
10489.211
10489.6
10515.211
10515.6
10531.211
10531.6
10586.211
10586.6
10676.211
10676.6
10864.211
10864.6
10973.211
10973.6
10990.4
11067.5
11105.4
11111.5
11167.211
11167.6
11266.4
11290.5
11344.211
11344.6
11421.211
11421.6
11487.211
11487.6
11687.211
11687.6
11763.211
11763.6
11830.211
11830.6
11923.211
11923.6
12276.212
12276.6
12308.6
12334.2
12334.4
12534.3
12575.5
12578.4
12635.5
12637.4
12674.5
12677.4
12703.5
13153.6
13210.6
13226.6
13334.1
13354.6
13417.211
13417.6
13461.211
13461.6
13537.211
13537.6
13581.211
13581.6
13661.211
13661.6
13899.211
13899.6
13932.211
13932.6
14018.211
14018.6
14033.211
14033.6
14065.4
14074.5
14075.4
14126.5
14185.211
14185.6
14226.211
14226.6
14312.211
14312.6
14591.211
14591.6
14650.211
14650.6
14691.211
14691.6
14727.211
14727.6
14900.211
14900.6
14965.4
14975.5
15039.211
15039.6
15113.211
15113.6
15134.211
15134.6
15151.211
15151.6
15202.211
15202.6
15299.211
15299.6
15327.211
15327.6
15338.211
15338.6
15362.211
15362.6
15443.4
15479.5
15500.4
15509.5
15607.211
15607.6
15611.211
15611.6
15680.211
15680.6
15725.211
15725.6
15737.211
15737.6
15763.211
15763.6
15809.211
15809.6
15907.211
15907.6
16023.211
16023.6
16208.211
16208.6
16261.211
16261.6
16483.211
16483.6
16579.211
16579.6
16630.211
16630.6
16645.211
16645.6
16750.211
16750.6
16854.211
16854.6
16939.211
16939.6
17314.212
17314.6
17318.6
17368.2
17368.4
17568.3
17617.5
17620.4
17654.5
17656.4
17703.5
17706.4
17739.5
18203.6
18364.6
18368.1
18539.6
18544.211
18544.6
18566.211
18566.6
18645.211
18645.6
18650.211
18650.6
18667.211
18667.6
18724.211
18724.6
18824.211
18824.6
18903.4
18907.5
19008.211
19008.6
19022.211
19022.6
19043.211
19043.6
19069.211
19069.6
19182.211
19182.6
19234.211
19234.6
19238.211
19238.6
19356.211
19356.6
19626.211
19626.6
19662.211
19662.6
19782.211
19782.6
19824.211
19824.6
19887.4
19930.5
20026.211
20026.6
20107.4
20158.5
20227.4
20263.5
20348.212
20348.6
20378.6
20410.2
20410.4
20610.3
20649.5
20652.4
20709.5
20711.4
20746.5
20748.4
20758.5
20762.4
20785.5
20786.4
20793.5
21242.6
21273.6
21290.6
21331.6
21410.1
21494.6
21524.211
21524.6
21564.211
21564.6
21582.211
21582.6
21701.211
21701.6
21898.211
21898.6
21978.4
22030.5
22183.211
22183.6
22258.211
22258.6
22275.211
22275.6
22323.211
22323.6
22474.211
22474.6
22504.211
22504.6
22601.211
22601.6
22626.211
22626.6
22692.4
22709.5
22764.211
22764.6
22802.211
22802.6
22953.211
22953.6
22960.211
22960.6
23080.211
23080.6
23420.212
23420.6
23445.6
23471.2
23471.4
23671.3
23709.5
23713.4
23746.5
23748.4
23758.5
23760.4
23770.5
23773.4
23783.5
23786.4
23794.5
23797.4
23819.5
23822.4
23858.5
23859.4
23884.5
23886.4
23892.5
24162.6
24432.8
24471.1
24492.4
24503.5
24595.6
24622.211
24622.6
24647.211
24647.6
24745.211
24745.6
24772.211
24772.6
25237.212
25237.6
25292.2
25292.4
25492.3
25544.5
25550.4
25581.5
25583.4
25606.5
25608.4
25618.5
25622.4
25645.5
25647.4
25657.5
25660.4
25694.5
25698.4
25720.5
25725.4
25746.5
25751.4
25752.5
25806.4
25814.5
25819.4
25972.5
26255.6
26292.1
26384.4
26392.5
26485.6
26612.211
26612.6
26724.211
26724.6
26754.211
26754.6
26864.4
26874.5
26967.211
26967.6
27081.211
27081.6
27133.211
27133.6
27244.211
27244.6
27480.211
27480.6
27592.211
27592.6
27658.211
27658.6
27697.211
27697.6
27770.211
27770.6
27850.4
27852.5
28078.212
28078.6
28125.2
28125.4
28325.3
28355.5
28357.4
28389.5
28391.4
28412.5
28415.4
28448.5
28452.4
28474.5
28477.4
28482.5
28483.4
28486.5
28489.4
28524.5
28527.4
28562.5
28564.4
28638.5
28875.4
28924.5
29046.6
29088.4
29125.1
29125.5
29322.6
29348.211
29348.6
29410.4
29455.5
29509.4
29546.5
29644.211
29644.6
29663.211
29663.6
29686.211
29686.6
29696.211
29696.6
29803.4
29814.5
29892.211
29892.6
29980.211
29980.6
30057.211
30057.6
30136.4
30149.5
30279.211
30279.6
30354.4
30385.5
30529.211
30529.6
30626.211
30626.6
30640.211
30640.6
30679.211
30679.6
30739.211
30739.6
30841.4
30908.5
31213.212
31213.6
31250.2
31250.4
31450.3
31490.5
31491.4
31550.5
31551.4
31598.5
31601.4
31610.5
31613.4
31635.5
31636.4
31672.5
31674.4
31695.5
31698.4
31719.5
31722.4
31727.5
32250.1
32367.6
32400.211
32400.6
32540.211
32540.6
32619.4
32622.5
32679.211
32679.6
32728.211
32728.6
32743.211
32743.6
32837.211
32837.6
32877.211
32877.6
32917.211
32917.6
33005.211
33005.6
33014.211
33014.6
33061.4
33069.5
33085.4
33095.5
33339.212
33339.6
33360.6
33401.2
33401.4
33601.3
33636.5
33639.4
33647.5
33649.4
33658.5
33660.4
33668.5
33671.4
33680.5
33684.4
33687.5
33688.4
33691.5
33694.4
33716.5
33719.4
33727.5
33730.4
33763.5
33766.4
33800.5
33804.4
33822.5
34313.6
34362.6
34401.1
34486.6
34527.211
34527.6
34591.211
34591.6
34617.211
34617.6
34667.4
34669.5
34785.211
34785.6
34818.211
34818.6
34996.211
34996.6
35053.211
35053.6
35147.4
35174.5
35229.211
35229.6
35254.211
35254.6
35305.211
35305.6
35390.211
35390.6
35717.212
35717.6
35754.2
35754.4
35954.3
35997.5
36000.4
36068.5
36070.4
36117.5
36118.4
36128.5
36130.4
36154.5
36156.4
36177.5
36633.6
36754.1
36824.6
36899.211
36899.6
37038.211
37038.6
37092.211
37092.6
37250.211
37250.6
37524.211
37524.6
37606.211
37606.6
37615.211
37615.6
37655.211
37655.6
37691.211
37691.6
37711.211
37711.6
37755.211
37755.6
37866.211
37866.6
37877.211
37877.6
37952.211
37952.6
38019.211
38019.6
38031.211
38031.6
38116.4
38122.5
38172.211
38172.6
38304.211
38304.6
38313.211
38313.6
38626.212
38626.6
38675.2
38675.4
38875.3
38916.5
38918.4
38987.5
38989.4
39010.5
39012.4
39036.5
39038.4
39071.5
39075.4
39097.5
39099.4
39205.5
39629.6
39675.1
39799.6
39818.211
39818.6
39843.4
39847.5
39901.211
39901.6
39959.211
39959.6
39988.211
39988.6
40006.211
40006.6
40025.211
40025.6
40058.211
40058.6
40129.211
40129.6
40207.211
40207.6
40319.211
40319.6
40330.211
40330.6
40475.4
40482.5
40582.211
40582.6
40631.211
40631.6
40653.211
40653.6
40683.211
40683.6
40913.211
40913.6
41122.211
41122.6
41199.4
41231.5
41371.211
41371.6
41390.211
41390.6
41485.4
41511.5
41712.212
41712.6
41756.2
41756.4
41956.3
41990.5
41991.4
41996.5
42756.1
44583.6
44653.211
44653.6
44712.211
44712.6
44740.211
44740.6
44764.211
44764.6
44857.211
44857.6
44935.211
44935.6
44963.211
44963.6
45098.211
45098.6
45154.211
45154.6
45378.211
45378.6
45466.211
45466.6
45542.211
45542.6
45579.211
45579.6
45654.211
45654.6
45745.211
45745.6
45806.4
45825.5
45830.4
45848.5
45849.4
45856.5
45857.4
45863.5
46039.211
46039.6
46121.211
46121.6
46276.211
46276.6
46342.211
46342.6
46404.4
46411.5
46412.4
46417.5
46478.211
46478.6
46635.211
46635.6
46693.211
46693.6
46771.4
46831.5
46833.4
46840.5
46957.211
46957.6
47096.211
47096.6
47138.211
47138.6
47235.4
47289.5
47369.211
47369.6
47397.211
47397.6
47487.211
47487.6
47710.211
47710.6
47968.211
47968.6
47998.211
47998.6
48220.211
48220.6
48313.211
48313.6
48418.211
48418.6
48473.211
48473.6
48587.211
48587.6
48890.212
48890.6
48943.2
48943.4
49143.3
49183.5
49185.4
49194.5
49196.4
49230.5
49231.4
49265.5
49268.4
49314.5
49316.4
49324.5
49336.4
49366.5
49893.6
49943.1
50012.4
50016.5
50100.6
50158.4
50197.5
50294.211
50294.6
50354.211
50354.6
50381.211
50381.6
50439.4
50498.5
50552.4
50610.5
50791.212
50791.6
50835.2
50835.4
51035.3
51069.5
51071.4
51080.5
51083.4
51092.5
51093.4
51127.5
51129.4
51138.5
51140.4
51187.5
51190.4
51198.5
51203.4
51223.5
51225.4
51247.5
51249.4
51259.5
51260.4
51283.5
51285.4
51308.5
51310.4
51346.5
51835.1
51999.6
52144.211
52144.6
52286.211
52286.6
52428.211
52428.6
52481.211
52481.6
52492.211
52492.6
52550.211
52550.6
52576.211
52576.6
52628.211
52628.6
52741.211
52741.6
52821.4
52839.5
52915.211
52915.6
52939.211
52939.6
53019.211
53019.6
53269.211
53269.6
53336.211
53336.6
53540.211
53540.6
53594.211
53594.6
53600.211
53600.6
53654.4
53767.5
53945.212
53945.6
53990.2
53990.4
54190.3
54228.5
54231.4
54263.5
54265.4
54274.5
54277.4
54300.5
54302.4
54312.5
54314.4
54336.5
54340.4
54349.5
54351.4
54386.5
54388.4
54397.5
54401.4
54434.5
54437.4
54459.5
54461.4
54471.5
54473.4
54480.5
54990.1
55329.6
55452.211
55452.6
55528.211
55528.6
55538.211
55538.6
55560.211
55560.6
55616.211
55616.6
55631.211
55631.6
55761.211
55761.6
55842.4
55846.5
55908.211
55908.6
55985.211
55985.6
56097.211
56097.6
56180.4
56222.5
56356.211
56356.6
56401.211
56401.6
56436.211
56436.6
56496.211
56496.6
56560.211
56560.6
56777.211
56777.6
57021.4
57043.5
57131.212
57131.6
57181.2
57181.4
57381.3
57420.5
57423.4
57433.5
57435.4
57469.5
57471.4
57481.5
57483.4
57492.5
57496.4
57519.5
57520.4
57529.5
57533.4
57555.5
57558.4
57568.5
57571.4
57582.5
57583.4
57594.5
57598.4
57621.5
57622.4
57633.5
57634.4
57646.5
57648.4
57658.5
57661.4
57683.5
57692.4
57750.5
57919.8
58164.4
58181.1
58197.5
58273.6
58452.211
58452.6
58522.4
58558.5
58683.211
58683.6
58691.211
58691.6
58802.211
58802.6
58863.4
58937.5
58943.4
58945.5
58949.4
59106.5
59218.212
59218.6
59271.2
59271.4
59471.3
59502.5
59507.4
59537.5
59539.4
59561.5
59563.4
59569.5
59570.4
59573.5
59576.4
59586.5
59588.4
59598.5
59600.4
59623.5
59626.4
59635.5
59638.4
59661.5
59662.4
59672.5
59676.4
59698.5
59700.4
59708.5
59712.4
59732.5
59741.4
59783.5
60128.6
60178.6
60271.1
60483.6
60590.211
60590.6
60609.211
60609.6
60740.211
60740.6
60825.211
60825.6
61012.211
61012.6
61146.4
61148.5
61149.4
61270.5
61381.212
61381.6
61429.2
61429.4
61629.3
61683.5
61686.4
61720.5
61722.4
61732.5
61735.4
61806.5
61807.4
61852.5
61855.4
61937.5
62081.4
62087.5
62107.4
62109.5
62117.4
62118.5
62183.4
62184.5
62273.4
62289.5
62298.4
62427.5
62429.1
62582.6
62627.4
62767.5
62871.211
62871.6
62940.4
63084.5
63214.212
63214.6
63264.2
63264.4
63464.3
63502.5
63504.4
63513.5
63515.4
63535.5
63538.4
63548.5
63550.4
63584.5
63587.4
63595.5
63600.4
63621.5
63622.4
63632.5
63635.4
63668.5
63670.4
63692.5
63696.4
63729.5
63732.4
63874.5
64058.4
64231.5
64264.1
64373.6
64519.4
64569.5
64577.4
64616.5
64728.212
64728.6
64769.2
64769.4
64969.3
65008.5
65010.4
65032.5
65033.4
65067.5
65070.4
65080.5
65083.4
65091.5
65095.4
65103.5
65106.4
65128.5
65132.4
65141.5
65143.4
65153.5
65155.4
65176.5
65179.4
65213.5
65216.4
65237.5
65239.4
65247.5
65252.4
65273.5
65274.4
65282.5
65287.4
65332.5
65517.4
65597.5
65668.4
65674.5
65682.4
65757.5
65761.4
65766.5
65769.1
65974.6
66034.211
66034.6
66115.211
66115.6
66167.211
66167.6
66192.211
66192.6
66263.211
66263.6
66346.211
66346.6
66458.211
66458.6
66519.211
66519.6
66568.4
66579.5
66831.212
66831.6
66882.2
66882.4
67082.3
67122.5
67126.4
67146.5
67148.4
67157.5
67160.4
67169.5
67172.4
67232.5
67234.4
67244.5
67246.4
67269.5
67272.4
67304.5
67309.4
67341.5
67343.4
67450.5
67882.1
67936.6
68026.211
68026.6
68079.4
68134.5
68260.211
68260.6
68302.4
68407.5
68512.211
68512.6
68608.4
68635.5
68696.211
68696.6
68790.211
68790.6
68841.4
68894.5
68998.211
68998.6
69106.4
69137.5
69210.211
69210.6
69270.211
69270.6
69349.211
69349.6
69437.211
69437.6
69457.211
69457.6
69544.211
69544.6
69619.4
69660.5
69740.211
69740.6
69901.211
69901.6
70016.211
70016.6
70048.4
70053.5
70056.4
70058.5
70313.211
70313.6
70344.211
70344.6
70414.211
70414.6
70429.211
70429.6
70457.211
70457.6
70467.211
70467.6
70504.211
70504.6
70576.211
70576.6
70603.211
70603.6
70711.211
70711.6
70768.211
70768.6
70828.4
70891.5
70922.4
70925.5
71029.211
71029.6
71081.4
71136.5
71226.211
71226.6
71239.211
71239.6
71285.211
71285.6
71362.211
71362.6
71496.4
71520.5
71587.211
71587.6
71720.211
71720.6
71909.211
71909.6
71969.211
71969.6
72023.211
72023.6
72105.211
72105.6
72216.4
72244.5
72267.4
72347.5
72494.212
72494.6
72545.2
72545.4
72745.3
72790.5
72794.4
72826.5
72830.4
72837.5
72841.4
72863.5
72865.4
72888.5
72890.4
72895.5
72896.4
72899.5
72904.4
72932.5
73499.4
73518.5
73545.1
73665.6
73678.211
73678.6
73725.211
73725.6
73799.211
73799.6
73839.211
73839.6
73873.4
73893.5
73977.211
73977.6
73993.211
73993.6
74032.211
74032.6
74067.211
74067.6
74084.4
74115.5
74187.211
74187.6
74255.211
74255.6
74266.211
74266.6
74320.211
74320.6
74361.211
74361.6
74390.211
74390.6
74401.211
74401.6
74424.211
74424.6
74546.211
74546.6
76602.212
76602.6
76666.2
76666.4
76866.3
76907.5
76911.4
76919.5
76920.4
76944.5
76947.4
76955.5
76958.4
76991.5
76995.4
77027.5
77031.4
77052.5
77055.4
77064.5
77068.4
77090.5
77093.4
77116.5
77118.4
77127.5
77131.4
77163.5
77168.4
77225.5
77234.4
77278.5
77361.6
77392.6
77666.1
77674.6
77777.211
77777.6
77831.211
77831.6
77841.211
77841.6
77902.211
77902.6
77916.211
77916.6
77989.211
77989.6
78082.211
78082.6
78194.211
78194.6
78205.211
78205.6
78260.211
78260.6
78375.211
78375.6
78888.212
78888.6
78924.2
78924.4
79124.3
79164.5
79168.4
79178.5
79179.4
79189.5
79190.4
79213.5
79215.4
79225.5
79227.4
79250.5
79252.4
79262.5
79265.4
79287.5
79290.4
79324.5
79326.4
79335.5
79340.4
79372.5
79379.4
79458.5
79631.4
79670.5
79910.4
79924.1
79946.5
80041.6
80138.4
80165.5
80224.211
80224.6
80291.211
80291.6
80342.211
80342.6
80372.211
80372.6
80405.211
80405.6
80431.4
80478.5
80591.211
80591.6
80658.211
80658.6
80707.211
80707.6
80738.211
80738.6
80803.211
80803.6
80815.211
80815.6
81041.211
81041.6
81068.211
81068.6
81124.211
81124.6
81183.211
81183.6
81240.211
81240.6
81287.4
81372.5
81453.4
81497.5
81567.212
81567.6
81630.2
81630.4
81830.3
81869.5
81872.4
81893.5
81895.4
81904.5
81907.4
81952.5
81955.4
81977.5
81979.4
81988.5
81991.4
82001.5
82003.4
82026.5
82028.4
82031.5
82034.4
82035.5
82041.4
82061.5
82065.4
82072.5
82074.4
82097.5
82099.4
82108.5
82111.4
82121.5
82125.4
82146.5
82148.4
82214.5
82519.4
82529.5
82605.6
82630.1
82679.6
82721.211
82721.6
82780.211
82780.6
82807.211
82807.6
82890.211
82890.6
82985.211
82985.6
83122.211
83122.6
83173.211
83173.6
83322.211
83322.6
83370.4
83371.5
83381.4
83455.5
83515.4
83578.5
83638.212
83638.6
83682.2
83682.4
83882.3
83922.5
83925.4
83958.5
83962.4
84020.5
84023.4
84045.5
84049.4
84082.5
84084.4
84093.5
84098.4
84131.5
84133.4
84170.5
84171.4
84179.5
84183.4
84205.5
84207.4
84217.5
84219.4
84242.5
84244.4
84253.5
84255.4
84279.5
84280.4
84291.5
84292.4
84320.5
84682.1
84847.6
84911.211
84911.6
84996.4
85020.5
85121.211
85121.6
85148.211
85148.6
85237.211
85237.6
85357.211
85357.6
85406.4
85432.5
85437.4
85442.5
85663.212
85663.6
85708.2
85708.4
85908.3
85948.5
85955.4
85960.5
86708.1
86938.4
86978.5
87106.6
87193.211
87193.6
87231.211
87231.6
87316.211
87316.6
87341.211
87341.6
87398.211
87398.6
87506.4
87509.5
87680.211
87680.6
87729.211
87729.6
87883.211
87883.6
88067.211
88067.6
88147.211
88147.6
88326.211
88326.6
88553.211
88553.6
88561.211
88561.6
88605.211
88605.6
88627.211
88627.6
88686.211
88686.6
88724.211
88724.6
88793.211
88793.6
88816.211
88816.6
88909.211
88909.6
88969.211
88969.6
89188.211
89188.6
89310.211
89310.6
89401.211
89401.6
89528.211
89528.6
89539.211
89539.6
89547.211
89547.6
89638.4
89681.5
89773.211
89773.6
89826.4
89877.5
89880.4
89904.5
89993.211
89993.6
90045.4
90100.5
90171.211
90171.6
90245.211
90245.6
90330.211
90330.6
90385.4
90449.5
90453.4
90483.5
90575.211
90575.6
90608.211
90608.6
90674.211
90674.6
90809.211
90809.6
90888.211
90888.6
90963.211
90963.6
91066.4
91086.5
91155.211
91155.6
91248.211
91248.6
91596.212
91596.6
91638.2
91638.4
91838.3
91876.5
91884.4
91886.5
91887.4
91889.5
92402.4
92440.5
92557.6
92638.1
92839.4
92866.5
92872.4
92927.5
93055.6
93210.211
93210.6
93226.211
93226.6
93283.4
93359.5
93437.211
93437.6
93486.211
93486.6
93574.211
93574.6
94080.212
94080.6
94114.2
94114.4
94314.3
94345.5
94646.4
94688.5
94883.6
95114.1
95288.6
95352.211
95352.6
95410.211
95410.6
95462.211
95462.6
95948.212
95948.6
95988.2
95988.4
96188.3
96218.5
96551.4
96609.5
96759.4
96804.5
96806.4
96929.5
96988.1
97066.6
97147.4
97210.5
97277.211
97277.6
97302.211
97302.6
97416.4
97444.5
97546.211
97546.6
97647.4
97696.5
97916.212
97916.6
97959.2
97959.4
98159.3
98221.5
98223.4
98245.5
98248.4
98270.5
98273.4
98282.5
98284.4
98341.5
98345.4
98354.5
98358.4
98390.5
98395.4
98399.5
98400.4
98484.5
98563.4
98622.5
98874.4
98906.5
98959.1
98999.6
99063.211
99063.6
99098.4
99156.5
99251.211
99251.6
99275.211
99275.6
99303.4
99464.5
99543.211
99543.6
99629.211
99629.6
99681.4
99791.5
99891.211
99891.6
99951.211
99951.6
99963.211
99963.6
100007.211
100007.6
100050.4
100080.5
100213.4
100245.5
100339.212
100339.6
100394.2
100394.4
100594.3
100627.5
100632.4
100639.5
100641.4
100651.5
100652.4
100662.5
100664.4
100672.5
100677.4
100680.5
100683.4
100685.5
100689.4
100711.5
100715.4
100717.5
100727.4
100747.5
100752.4
100760.5
100763.4
100797.5
100799.4
100808.5
100812.4
100816.5
100826.4
100845.5
100849.4
100860.5
100862.4
100894.5
100899.4
100917.5
100919.4
100927.5
100933.4
100936.5
100937.4
100963.5
101394.1
101418.6
101622.211
101622.6
101670.4
101689.5
101728.211
101728.6
101782.211
101782.6
101797.211
101797.6
101884.211
101884.6
101990.4
102068.5
102147.211
102147.6
102235.4
102258.5
102332.4
102346.5
102379.4
102443.5
102520.212
102520.6
102579.2
102579.4
102779.3
102820.5
102825.4
102844.5
102848.4
102852.5
102853.4
102855.5
102861.4
102869.5
102871.4
102882.5
102885.4
102889.5
102890.4
102892.5
102898.4
102907.5
102910.4
102918.5
102921.4
102931.5
102935.4
102943.5
102948.4
102979.5
102985.4
103005.5
103008.4
103015.5
103021.4
103042.5
103045.4
103066.5
103070.4
103078.5
103081.4
103102.5
103106.4
103114.5
103118.4
103144.5
103579.1
103688.6
103769.4
103794.5
103873.211
103873.6
103890.211
103890.6
103951.211
103951.6
103995.211
103995.6
104043.211
104043.6
104083.4
104110.5
104200.211
104200.6
104272.211
104272.6
104293.211
104293.6
104360.211
104360.6
104377.211
104377.6
104417.211
104417.6
104493.211
104493.6
104737.211
104737.6
104787.211
104787.6
104940.211
104940.6
104988.211
104988.6
105063.4
105093.5
105198.211
105198.6
105293.211
105293.6
105321.211
105321.6
105371.211
105371.6
105412.211
105412.6
105437.211
105437.6
105458.4
105595.5
105702.211
105702.6
105802.211
105802.6
105943.211
105943.6
106016.211
106016.6
106260.211
106260.6
106308.211
106308.6
106482.211
106482.6
106879.212
106879.6
106919.2
106919.4
107119.3
107153.5
107919.1
110823.4
110832.5
110843.4
110908.5
110909.4
110911.5
111001.6
111061.211
111061.6
111137.211
111137.6
111208.211
111208.6
111238.4
111261.5
111338.211
111338.6
111397.211
111397.6
111447.4
111469.5
111557.211
111557.6
111629.211
111629.6
111642.211
111642.6
111793.211
111793.6
111847.4
111856.5
111858.4
111880.5
111947.211
111947.6
112030.211
112030.6
112084.4
112111.5
112190.4
112215.5
112220.4
112245.5
112356.212
112356.6
112400.2
112400.4
112600.3
112640.5
112643.4
112650.5
112654.4
112675.5
112677.4
112685.5
112690.4
112693.5
112703.4
112725.5
112726.4
112736.5
112740.4
112744.5
112745.4
112747.5
112751.4
112784.5
112788.4
112820.5
112824.4
112831.5
112835.4
112867.5
112870.4
112925.5
113077.8
113199.8
113331.4
113358.5
113400.1
113456.6
113515.211
113515.6
113547.211
113547.6
113608.211
113608.6
113696.4
113711.5
113778.211
113778.6
113797.211
113797.6
113883.211
113883.6
113925.4
113990.5
114103.4
114106.5
114115.4
114205.5
114366.212
114366.6
114423.2
114423.4
114623.3
114661.5
114666.4
114672.5
114675.4
114684.5
114688.4
114692.5
114700.4
114708.5
114710.4
114721.5
114722.4
114732.5
114735.4
114745.5
114748.4
114781.5
114784.4
114805.5
114806.4
114816.5
114820.4
114853.5
114854.4
114877.5
114882.4
114900.5
114904.4
114912.5
114917.4
114937.5
114940.4
114949.5
114954.4
114974.5
114977.4
114985.5
114991.4
115012.5
115014.4
115019.5
115020.4
115021.5
115028.4
115070.5
115423.1
115461.6
115519.211
115519.6
115533.211
115533.6
115597.211
115597.6
115872.211
115872.6
115970.4
115979.5
116063.211
116063.6
116143.211
116143.6
116240.4
116241.5
116243.4
116252.5
116308.211
116308.6
116375.211
116375.6
116410.211
116410.6
116417.211
116417.6
116470.4
116510.5
116609.211
116609.6
116629.211
116629.6
116704.211
116704.6
116745.4
116798.5
116816.4
116825.5
116884.4
116935.5
117027.212
117027.6
117079.2
117079.4
117279.3
117313.5
117316.4
117323.5
117326.4
117346.5
117351.4
117359.5
117363.4
117396.5
117400.4
117407.5
117412.4
117458.5
117462.4
117483.5
117486.4
117495.5
117496.4
117519.5
117520.4
117530.5
117533.4
117555.5
117557.4
117566.5
117570.4
117592.5
117594.4
117602.5
117606.4
117627.5
117632.4
117652.5
117655.4
117664.5
117668.4
117689.5
117692.4
117700.5
117704.4
117712.5
117715.4
117726.5
117728.4
117737.5
117741.4
117760.5
117767.4
117770.5
117773.4
117796.5
118079.1
118407.6
118489.211
118489.6
118638.211
118638.6
118735.211
118735.6
118757.211
118757.6
119182.212
119182.6
119239.2
119239.4
119439.3
119478.5
119481.4
119501.5
119507.4
119514.5
119519.4
119522.5
119531.4
119552.5
119556.4
119564.5
119569.4
119578.5
119595.4
119615.5
119620.4
119624.5
119625.4
119628.5
119632.4
119641.5
119645.4
119649.5
119657.4
119661.5
119669.4
119690.5
119694.4
119702.5
119704.4
119721.5
119724.4
119726.5
119730.4
119751.5
119755.4
119763.5
119766.4
119789.5
119790.4
119799.5
119803.4
119824.5
119828.4
119831.5
119841.4
119845.5
119846.4
119861.5
119865.4
119872.5
119879.4
119899.5
119901.4
119911.5
119912.4
119921.5
119926.4
119946.5
120239.1
120519.4
120526.5
120604.6
121167.212
121167.6
121242.2
121242.4
121267.5
121277.4
121442.3
121483.5
121486.4
121491.5
121705.4
121810.5
121811.4
121887.5
122033.4
122145.5
122242.1
122294.6
122344.211
122344.6
122379.211
122379.6
122475.211
122475.6
122645.211
122645.6
123256.212
123256.6
123300.2
123300.4
123500.3
123530.5
123534.4
123539.5
124300.1
124540.6
124556.211
124556.6
124645.211
124645.6
124822.4
124844.5
124868.4
124904.5
125065.212
125065.6
125144.2
125144.4
125344.3
125364.5
125367.4
125371.5
125372.4
125374.5
125379.4
125409.5
125415.4
125418.5
125426.4
125449.5
125451.4
125460.5
125464.4
125467.5
125468.4
125470.5
125475.4
125496.5
125499.4
125503.5
125512.4
125516.5
125517.4
125520.5
125521.4
125532.5
125536.4
125540.5
125541.4
125543.5
125549.4
125552.5
125554.4
125570.5
125571.4
125579.5
125584.4
125605.5
125606.4
125639.5
125642.4
125664.5
125669.4
125672.5
125673.4
125675.5
125714.4
125788.5
126144.1
126479.4
126487.5
126640.6
126670.211
126670.6
126685.211
126685.6
126721.211
126721.6
126886.4
126950.5
127251.212
127251.6
127308.2
127308.4
127508.3
127543.5
128308.1
128603.6
128618.211
128618.6
128689.211
128689.6
129013.212
129013.6
129086.2
129086.4
129286.3
129311.5
129674.6
129808.6
130086.1
130572.6
130643.211
130643.6
130837.211
130837.6
130845.211
130845.6
130930.4
130984.5
131075.211
131075.6
131143.211
131143.6
131283.4
131303.5
131352.211
131352.6
131406.211
131406.6
131440.211
131440.6
131550.211
131550.6
131590.211
131590.6
131916.212
131916.6
131961.2
131961.4
132161.3
132192.5
132961.1
135000.6
135044.211
135044.6
135118.4
135137.5
135189.211
135189.6
135266.211
135266.6
135788.212
135788.6
135836.2
135836.4
136036.3
136071.5
136079.4
136082.5
136836.1
136918.4
136952.5
137015.4
137023.5
137140.6
137227.211
137227.6
137276.4
137355.5
137453.211
137453.6
137503.211
137503.6
137534.4
137616.5
137704.211
137704.6
137721.211
137721.6
137814.211
137814.6
137898.211
137898.6
137948.4
138014.5
138126.211
138126.6
138221.211
138221.6
138311.4
138325.5
138326.4
138330.5
138386.211
138386.6
138451.211
138451.6
138543.4
138579.5
138583.4
138590.5
138592.4
138650.5
138882.212
138882.6
138926.2
138926.4
139126.3
139163.5
139461.4
139473.5
139900.6
139926.1
140008.6
140054.4
140201.5
140405.212
140405.6
140447.2
140447.4
140647.3
140686.5
140691.4
140711.5
140713.4
140721.5
140726.4
140793.5
140796.4
140829.5
140830.4
140852.5
140853.4
140876.5
140878.4
140885.5
140891.4
140911.5
140914.4
140958.5
140960.4
140994.5
140996.4
141005.5
141009.4
141030.5
141033.4
141042.5
141044.4
141056.5
141057.4
141151.5
141317.6
141447.1
141699.6
141825.211
141825.6
141923.211
141923.6
141991.211
141991.6
142037.211
142037.6
142145.211
142145.6
142247.211
142247.6
142273.211
142273.6
142477.211
142477.6
142490.211
142490.6
142645.4
142650.5
142708.211
142708.6
142866.211
142866.6
142892.211
142892.6
142945.211
142945.6
142964.211
142964.6
143049.211
143049.6
143170.4
143220.5
143331.211
143331.6
143347.211
143347.6
143362.211
143362.6
143420.4
143486.5
143616.211
143616.6
143633.211
143633.6
143805.211
143805.6
143969.211
143969.6
144026.4
144053.5
144203.211
144203.6
144253.211
144253.6
145134.212
145134.6
145170.2
145170.4
145370.3
145403.5
145719.4
145741.5
146170.1
146411.6
146469.211
146469.6
146809.212
146809.6
146860.2
146860.4
147060.3
147100.5
147486.6
147611.6
147860.1
148224.4
148227.5
148275.4
148282.5
148370.6
148445.211
148445.6
148469.211
148469.6
148496.4
148519.5
148596.211
148596.6
148631.211
148631.6
148642.211
148642.6
148700.211
148700.6
148749.4
148773.5
148854.211
148854.6
148901.211
148901.6
148941.211
148941.6
149007.4
149044.5
149210.211
149210.6
149327.4
149359.5
149628.4
149657.5
149740.212
149740.6
149788.2
149788.4
149988.3
150021.5
150022.4
150025.5
150637.6
150788.1
151178.6
151242.211
151242.6
151278.211
151278.6
151813.212
151813.6
151876.2
151876.4
152076.3
152094.5
152404.4
152424.5
152493.6
152876.1
153678.6
153743.211
153743.6
153949.211
153949.6
154024.4
154055.5
154143.211
154143.6
154194.211
154194.6
154226.211
154226.6
154272.211
154272.6
154305.211
154305.6
154359.211
154359.6
154407.211
154407.6
154451.4
154460.5
154534.211
154534.6
154606.211
154606.6
154622.211
154622.6
156474.212
156474.6
156531.2
156531.4
156731.3
156755.5
157135.4
157178.5
157531.1
157694.6
157882.211
157882.6
157901.211
157901.6
158026.211
158026.6
158033.211
158033.6
158131.211
158131.6
158296.211
158296.6
158399.211
158399.6
158468.211
158468.6
158692.211
158692.6
158875.4
158900.5
158965.211
158965.6
158998.211
158998.6
159100.211
159100.6
159135.211
159135.6
159279.211
159279.6
159284.211
159284.6
159534.211
159534.6
159614.4
159633.5
159729.211
159729.6
159846.211
159846.6
159906.211
159906.6
159946.211
159946.6
160078.211
160078.6
160138.211
160138.6
160142.211
160142.6
160357.211
160357.6
160362.211
160362.6
160419.211
160419.6
160787.212
160787.6
160868.2
160868.4
161068.3
161105.5
161868.1
161897.4
161925.5
162026.6
162132.211
162132.6
162187.4
162242.5
162329.211
162329.6
162436.211
162436.6
162870.4
162896.5
162995.212
162995.6
163118.2
163118.4
163318.3
163353.5
163371.4
163377.5
163382.4
163385.5
163841.4
163974.5
164115.6
164118.1
164227.6
164265.211
164265.6
164340.4
164425.5
164574.212
164574.6
164627.2
164627.4
164827.3
164864.5
164870.4
164875.5
164881.4
164901.5
164903.4
164907.5
164917.4
164918.5
164928.4
164937.5
164941.4
164942.5
164953.4
164981.5
164983.4
164985.5
164989.4
165047.5
165050.4
165075.5
165076.4
165084.5
165088.4
165120.5
165125.4
165145.5
165150.4
165201.5
165482.4
165551.5
165627.1
165715.6
165791.211
165791.6
165918.4
165935.5
166035.211
166035.6
166084.211
166084.6
166155.4
166192.5
166319.211
166319.6
166394.211
166394.6
166455.4
166485.5
166575.211
166575.6
166603.211
166603.6
166655.211
166655.6
166702.211
166702.6
166730.211
166730.6
166739.211
166739.6
166778.211
166778.6
166852.211
166852.6
166862.211
166862.6
166988.211
166988.6
167090.211
167090.6
167154.211
167154.6
167391.211
167391.6
167481.211
167481.6
167600.211
167600.6
167635.211
167635.6
167721.211
167721.6
167755.211
167755.6
167837.4
167903.5
167976.211
167976.6
168143.211
168143.6
168174.211
168174.6
168368.211
168368.6
168481.211
168481.6
168513.211
168513.6
168580.211
168580.6
168661.211
168661.6
168684.211
168684.6
168696.211
168696.6
168753.4
168779.5
168961.211
168961.6
169049.211
169049.6
169069.211
169069.6
169084.211
169084.6
169173.4
169176.5
169321.211
169321.6
169374.211
169374.6
172214.212
172214.6
172268.2
172268.4
172468.3
172504.5
172509.4
172517.5
172519.4
172528.5
172532.4
172542.5
172543.4
172553.5
172556.4
172564.5
172569.4
172575.5
172582.4
172590.5
172593.4
172602.5
172606.4
172628.5
172629.4
172638.5
172643.4
172664.5
172667.4
172674.5
172693.4
172712.5
172717.4
172724.5
172730.4
172750.5
172754.4
172762.5
172768.4
172776.5
172780.4
172788.5
172792.4
172801.5
172806.4
172825.5
172829.4
172838.5
172844.4
172864.5
173268.1
173417.4
173478.5
173573.6
173629.211
173629.6
173705.211
173705.6
173755.211
173755.6
174317.212
174317.6
174358.2
174358.4
174558.3
174596.5
175358.1
175513.6
175547.211
175547.6
175651.211
175651.6
175762.211
175762.6
175812.4
175845.5
175971.211
175971.6
176092.4
176108.5
176271.8
176351.4
176379.5
176403.4
176418.5
176531.4
176580.5
176707.212
176707.6
176756.2
176756.4
176956.3
176993.5
177010.4
177011.5
177013.4
177015.5
177019.4
177026.5
177756.1
178075.6
178227.211
178227.6
178303.4
178320.5
178400.211
178400.6
178545.211
178545.6
178630.4
178653.5
178688.4
178825.5
178928.212
178928.6
178971.2
178971.4
179171.3
179193.5
179199.4
179203.5
179211.4
179213.5
179222.4
179229.5
179235.4
179238.5
179239.4
179241.5
179248.4
179251.5
179253.4
179255.5
179258.4
179268.5
179269.4
179279.5
179283.4
179292.5
179295.4
179302.5
179309.4
179317.5
179319.4
179329.5
179333.4
179338.5
179339.4
179341.5
179346.4
179367.5
179370.4
179374.5
179384.4
179405.5
179407.4
179415.5
179421.4
179425.5
179426.4
179427.5
179431.4
179453.5
179456.4
179465.5
179468.4
179500.5
179504.4
179525.5
179528.4
179538.5
179540.4
179562.5
179565.4
179588.5
179593.4
179665.5
179764.4
179787.5
180000.9
123456789
4
08
17
4
08
17
0
0
0
2
15
05
07
15
38
07
6
2
3049
0
0
0
314159265
78
14
887
180000
314159265
0.1
1.4
33.5
144.6
223.4
273.5
352.211
352.6
591.211
591.6
630.211
630.6
742.211
742.6
876.211
876.6
1007.4
1026.5
1126.211
1126.6
1279.211
1279.6
1335.4
1344.5
1354.4
1368.5
1369.4
1395.5
1475.211
1475.6
1516.211
1516.6
1542.211
1542.6
1777.211
1777.6
1847.211
1847.6
1929.211
1929.6
2038.211
2038.6
2156.211
2156.6
2720.6
2721.212
2784.2
2784.4
2984.2
3031.5
3034.4
3091.5
3095.4
3118.5
3120.4
3157.5
3206.4
3278.5
3384.3
3513.4
3546.5
3702.6
3784.1
3787.4
3825.5
3828.4
3856.5
3946.6
4039.211
4039.6
4093.211
4093.6
4274.211
4274.6
4319.211
4319.6
4350.211
4350.6
4376.211
4376.6
4471.211
4471.6
4742.211
4742.6
4776.211
4776.6
4870.211
4870.6
4896.211
4896.6
4915.211
4915.6
4939.211
4939.6
4964.211
4964.6
4979.211
4979.6
5062.211
5062.6
5125.211
5125.6
5202.211
5202.6
5731.6
5732.212
5772.2
5772.4
5972.2
6019.5
6021.4
6175.5
6217.4
6295.5
6372.3
6403.4
6477.5
6585.6
6727.4
6772.1
6786.5
6788.4
6790.5
6937.6
6988.4
6997.5
7081.211
7081.6
7169.4
7197.5
7293.211
7293.6
7341.211
7341.6
7358.211
7358.6
7385.211
7385.6
7485.4
7536.5
7807.6
7808.212
7853.2
7853.4
8053.2
8096.5
8099.4
8132.5
8133.4
8195.5
8197.4
8219.5
8223.4
8258.5
8260.4
8283.5
8289.4
8293.5
8325.4
8370.5
8453.3
8515.6
8853.1
8966.6
8995.211
8995.6
9080.211
9080.6
9095.211
9095.6
9160.211
9160.6
9229.211
9229.6
9285.211
9285.6
9365.211
9365.6
9508.211
9508.6
9550.211
9550.6
9625.211
9625.6
9701.4
9712.5
9986.6
9987.212
10036.2
10036.4
10236.2
10276.5
10278.4
10359.5
10361.4
10395.5
10399.4
10474.5
10636.3
10731.6
11036.1
11155.6
11281.211
11281.6
11340.211
11340.6
11355.211
11355.6
11476.4
11522.5
11658.6
11659.212
11707.2
11707.4
11907.2
12052.5
12054.4
12113.5
12116.4
12160.5
12163.4
12179.5
12307.3
12421.8
12663.4
12707.1
12707.5
12917.6
12959.211
12959.6
13028.4
13069.5
13188.211
13188.6
13249.211
13249.6
13364.211
13364.6
13424.4
13451.5
13521.211
13521.6
13760.211
13760.6
13800.211
13800.6
13821.211
13821.6
13843.211
13843.6
13895.4
13943.5
14025.211
14025.6
14053.211
14053.6
14086.211
14086.6
14146.211
14146.6
14489.6
14490.212
14547.2
14547.4
14747.2
14792.5
14796.4
14815.5
14818.4
14839.5
14841.4
14851.5
14853.4
14887.5
14890.4
14899.5
14902.4
14931.5
14933.4
14935.5
14939.4
14961.5
14964.4
14969.5
14970.4
14973.5
14976.4
15008.5
15011.4
15020.5
15083.4
15115.5
15147.3
15547.1
15749.6
15805.211
15805.6
15903.211
15903.6
15931.211
15931.6
16003.211
16003.6
16098.211
16098.6
16229.4
16237.5
16241.4
16243.5
16326.4
16388.5
16476.6
16477.212
16525.2
16525.4
16725.2
16761.5
16764.4
16797.5
16798.4
16846.5
16847.4
16882.5
16885.4
16920.5
16921.4
16931.5
16933.4
16979.5
16982.4
17034.5
17125.3
17231.6
17255.6
17399.6
17525.1
17538.4
17559.5
17667.6
17786.211
17786.6
17828.4
17885.5
18054.211
18054.6
18156.211
18156.6
18207.4
18256.5
18314.4
18369.5
18481.6
18482.212
18527.2
18527.4
18727.2
18760.5
18765.4
18795.5
18797.4
18856.5
18857.4
18867.5
18870.4
18928.5
18930.4
18971.5
18972.4
18975.5
18979.4
19024.5
19027.4
19035.5
19080.4
19105.5
19127.3
19527.1
19573.6
19644.211
19644.6
19752.211
19752.6
19785.211
19785.6
19850.4
19864.5
19907.4
19941.5
20001.211
20001.6
20114.211
20114.6
20121.211
20121.6
20185.211
20185.6
20229.211
20229.6
20284.4
20327.5
20447.211
20447.6
20474.211
20474.6
20526.211
20526.6
20617.4
20641.5
20713.211
20713.6
20765.211
20765.6
20797.211
20797.6
21031.211
21031.6
21095.211
21095.6
21122.211
21122.6
21154.211
21154.6
21185.211
21185.6
21227.211
21227.6
21338.4
21349.5
21385.211
21385.6
21770.6
21771.212
21813.2
21813.4
22013.2
22145.5
22147.4
22242.5
22244.4
22254.5
22257.4
22289.5
22293.4
22369.5
22413.3
22788.6
22813.1
22853.6
22945.211
22945.6
22958.211
22958.6
23010.4
23020.5
23124.4
23138.5
23155.4
23183.5
23239.4
23285.5
23370.6
23371.212
23414.2
23414.4
23614.2
23645.5
23647.4
23680.5
23681.4
23691.5
23692.4
23721.5
23723.4
23726.5
23728.4
23750.5
23753.4
23762.5
23765.4
23834.5
23837.4
23869.5
23874.4
23882.5
23883.4
23906.5
23908.4
23943.5
23944.4
23979.5
24014.3
24215.4
24235.5
24342.6
24414.1
24657.6
24861.211
24861.6
24910.211
24910.6
24953.211
24953.6
25011.4
25045.5
25261.6
25262.212
25307.2
25307.4
25507.2
25543.5
25547.4
25578.5
25580.4
25613.5
25614.4
25662.5
25663.4
25686.5
25687.4
25710.5
25711.4
25721.5
25725.4
25745.5
25746.4
25758.5
25759.4
25794.5
25795.4
25805.5
25809.4
25840.5
25907.3
26136.6
26215.4
26239.5
26307.1
26478.4
26498.5
26584.6
26623.4
26716.5
26735.4
26821.5
26878.4
26914.5
26993.6
26994.212
27032.2
27032.4
27232.2
27291.5
27294.4
27314.5
27316.4
27351.5
27352.4
27375.5
27378.4
27383.5
27384.4
27387.5
27391.4
27449.5
27451.4
27484.5
27486.4
27508.5
27510.4
27519.5
27522.4
27566.5
27569.4
27625.5
27632.3
27802.4
27819.5
27926.6
27981.4
28001.5
28032.1
28075.6
28112.211
28112.6
28120.211
28120.6
28172.211
28172.6
28245.211
28245.6
28317.211
28317.6
28357.211
28357.6
28599.211
28599.6
28621.211
28621.6
28662.211
28662.6
28739.4
28747.5
28826.211
28826.6
28919.211
28919.6
28937.211
28937.6
28993.211
28993.6
29021.211
29021.6
29036.211
29036.6
29190.211
29190.6
29221.211
29221.6
29331.4
29380.5
29517.211
29517.6
29564.211
29564.6
29603.211
29603.6
29668.211
29668.6
29738.211
29738.6
29907.211
29907.6
30001.211
30001.6
30035.211
30035.6
30097.4
30131.5
30244.211
30244.6
30356.211
30356.6
30506.211
30506.6
30556.211
30556.6
30597.211
30597.6
30650.4
30666.5
30885.211
30885.6
30945.211
30945.6
31010.211
31010.6
31087.211
31087.6
31168.211
31168.6
31209.4
31309.5
31343.4
31423.5
31428.4
31454.5
31555.6
31556.212
31596.2
31596.4
31796.2
31833.5
31834.4
31878.5
31879.4
31914.5
31916.4
31927.5
31928.4
31962.5
31965.4
31999.5
32002.4
32036.5
32038.4
32073.5
32075.4
32097.5
32098.4
32120.5
32149.4
32196.3
32199.5
32413.4
32444.5
32596.1
32837.6
32991.4
33019.5
33301.6
33302.212
33351.2
33351.4
33551.2
33592.5
33595.4
33638.5
33641.4
33675.5
33677.4
33700.5
33702.4
33713.5
33714.4
33732.5
33742.4
33762.5
33764.4
33773.5
33777.4
33799.5
33800.4
33845.5
33951.3
34028.4
34052.5
34253.4
34311.5
34351.1
34525.6
34554.211
34554.6
34605.4
34660.5
34706.4
34768.5
34879.6
34880.212
34934.2
34934.4
35134.2
35169.5
35171.4
35192.5
35195.4
35215.5
35219.4
35228.5
35231.4
35264.5
35267.4
35307.5
35308.4
35312.5
35314.4
35324.5
35327.4
35335.5
35339.4
35372.5
35375.4
35385.5
35386.4
35410.5
35412.4
35416.5
35418.4
35419.5
35424.4
35492.5
35534.3
35717.4
35741.5
35854.4
35914.5
35934.1
36033.6
36210.4
36289.5
36400.6
36401.212
36445.2
36445.4
36645.2
36671.5
36673.4
36693.5
36694.4
36703.5
36707.4
36715.5
36718.4
36740.5
36741.4
36751.5
36753.4
36764.5
36765.4
36800.5
36801.4
36848.5
36849.4
36859.5
36863.4
36896.5
36900.4
36932.5
36935.4
36992.5
36995.4
37002.5
37045.3
37322.6
37384.6
37445.1
37680.6
37764.211
37764.6
37797.211
37797.6
37952.211
37952.6
38007.211
38007.6
38030.211
38030.6
38250.211
38250.6
38306.211
38306.6
38367.211
38367.6
38400.211
38400.6
38444.211
38444.6
38733.211
38733.6
38770.211
38770.6
38799.211
38799.6
38841.211
38841.6
38865.211
38865.6
39295.6
39296.212
39343.2
39343.4
39543.2
39571.5
39573.4
39580.5
39584.4
39592.5
39596.4
39602.5
39606.4
39627.5
39630.4
39639.5
39642.4
39651.5
39654.4
39663.5
39666.4
39676.5
39679.4
39713.5
39717.4
39720.5
39723.4
39724.5
39730.4
39749.5
39756.4
39760.5
39761.4
39788.5
39791.4
39824.5
39826.4
39837.5
39851.4
39877.5
39943.3
40343.1
40384.6
40487.211
40487.6
40793.6
40794.212
40844.2
40844.4
41044.2
41075.5
41079.4
41099.5
41100.4
41119.5
41124.4
41129.5
41137.4
41141.5
41142.4
41157.5
41158.4
41169.5
41171.4
41182.5
41184.4
41206.5
41209.4
41214.5
41221.4
41254.5
41258.4
41266.5
41267.4
41301.5
41304.4
41312.5
41316.4
41338.5
41339.4
41359.5
41444.3
41844.1
41995.6
42046.211
42046.6
42160.4
42206.5
42339.211
42339.6
42360.211
42360.6
42385.4
42444.5
42468.4
42541.5
42557.4
42607.5
42709.6
42710.212
42752.2
42752.4
42952.2
42989.5
42991.4
43001.5
43002.4
43012.5
43014.4
43035.5
43038.4
43048.5
43050.4
43072.5
43075.4
43084.5
43087.4
43091.5
43093.4
43096.5
43099.4
43109.5
43111.4
43116.5
43117.4
43120.5
43122.4
43157.5
43159.4
43168.5
43171.4
43205.5
43209.4
43212.5
43214.4
43216.5
43221.4
43254.5
43255.4
43278.5
43280.4
43289.5
43292.4
43313.5
43343.4
43352.3
43366.5
43505.8
43559.4
43581.5
43584.4
43604.5
43752.1
43789.4
43813.5
43879.6
43928.211
43928.6
43963.4
44045.5
44157.211
44157.6
44206.4
44289.5
44320.4
44384.5
44462.6
44463.212
44505.2
44505.4
44705.2
44772.5
44774.4
44806.5
44809.4
44842.5
44845.4
44854.5
44856.4
44879.5
44881.4
44903.5
44905.4
44975.5
44979.4
44987.5
44990.4
44999.5
45002.4
45010.5
45014.4
45023.5
45025.4
45059.5
45062.4
45084.5
45085.4
45095.5
45098.4
45105.3
45131.5
45135.4
45141.5
45182.4
45210.5
45364.8
45393.8
45505.1
45520.4
45533.5
45697.6
45766.4
45817.5
45828.4
45888.5
46011.6
46012.212
46052.2
46052.4
46252.2
46296.5
46299.4
46332.5
46334.4
46344.5
46346.4
46405.5
46406.4
46453.5
46456.4
46465.5
46467.4
46497.5
46498.4
46501.5
46504.4
46537.5
46541.4
46576.5
46577.4
46582.5
46584.4
46586.5
46590.4
46611.5
46613.4
46637.5
46638.4
46647.5
46651.4
46652.3
46672.5
46673.4
46684.5
46687.4
46695.5
46700.4
46727.5
46728.4
46730.5
46735.4
46767.5
46769.4
46791.5
47052.1
47228.6
47249.211
47249.6
47305.211
47305.6
47346.211
47346.6
47517.211
47517.6
47676.211
47676.6
47791.211
47791.6
47867.211
47867.6
48372.6
48373.212
48428.2
48428.4
48628.2
48632.5
48634.4
48678.5
48681.4
48737.5
48739.4
48748.5
48752.4
48785.5
48787.4
48811.5
48814.4
48849.5
48852.4
48862.5
48863.4
48887.5
48891.4
48894.5
48896.4
48897.5
48903.4
49009.5
49028.3
49428.1
49436.6
49565.211
49565.6
49672.211
49672.6
49733.211
49733.6
49769.211
49769.6
49816.211
49816.6
49856.211
49856.6
49922.211
49922.6
50922.6
50923.212
50973.2
50973.4
51173.2
51200.5
51204.4
51236.5
51238.4
51294.5
51299.4
51329.5
51334.4
51366.5
51371.4
51398.5
51399.4
51402.5
51406.4
51433.5
51435.4
51437.5
51441.4
51472.5
51476.4
51496.5
51497.4
51508.5
51509.4
51542.5
51545.4
51563.5
51573.3
51964.6
51973.1
52142.4
52164.5
52230.6
52256.4
52318.5
52384.4
52410.5
52449.4
52477.5
52543.6
52544.212
52583.2
52583.4
52783.2
52825.5
52829.4
52850.5
52852.4
52862.5
52863.4
52874.5
52877.4
52899.5
52901.4
52911.5
52915.4
52924.5
52926.4
52936.5
52938.4
52961.5
52963.4
52968.5
52969.4
52972.5
52977.4
52981.5
52982.4
52984.5
52986.4
52996.5
52999.4
53007.5
53011.4
53033.5
53036.4
53058.5
53059.4
53068.5
53072.4
53104.5
53107.4
53152.5
53155.4
53177.5
53178.4
53183.3
53188.5
53192.4
53213.5
53214.4
53225.5
53228.4
53251.5
53252.4
53261.5
53266.4
53287.5
53289.4
53299.5
53300.4
53319.5
53503.4
53506.5
53520.4
53525.5
53526.4
53532.5
53583.1
53618.6
53667.211
53667.6
53730.211
53730.6
54067.6
54068.212
54119.2
54119.4
54319.2
54351.5
54357.4
54364.5
54369.4
54376.5
54379.4
54387.5
54393.4
54395.5
54396.4
54399.5
54405.4
54412.5
54416.4
54424.5
54429.4
54432.5
54433.4
54437.5
54438.4
54449.5
54451.4
54461.5
54465.4
54474.5
54475.4
54485.5
54489.4
54493.5
54494.4
54496.5
54501.4
54508.5
54509.4
54519.5
54523.4
54546.5
54547.4
54552.5
54554.4
54555.5
54561.4
54581.5
54583.4
54591.5
54595.4
54614.5
54618.4
54625.5
54630.4
54651.5
54652.4
54673.5
54677.4
54699.5
54700.4
54719.3
54722.5
54726.4
54746.5
54750.4
54770.5
54772.4
54795.5
54797.4
54805.5
54810.4
54856.5
54860.4
54866.5
54872.4
54880.5
54882.4
54891.5
54903.4
54929.5
55108.6
55119.1
55395.6
55454.211
55454.6
55520.211
55520.6
55655.4
55664.5
55690.4
55701.5
55799.211
55799.6
55868.211
55868.6
55921.211
55921.6
55984.211
55984.6
56013.211
56013.6
56081.211
56081.6
56133.211
56133.6
56369.211
56369.6
56385.211
56385.6
56415.211
56415.6
56669.211
56669.6
56708.211
56708.6
56724.211
56724.6
56740.211
56740.6
57015.211
57015.6
57187.4
57213.5
57261.4
57289.5
57367.6
57368.212
57409.2
57409.4
57609.2
57645.5
57648.4
57656.5
57658.4
57667.5
57672.4
57679.5
57683.4
57689.5
57694.4
57715.5
57719.4
57728.5
57730.4
57741.5
57744.4
57747.5
57755.4
57765.5
57769.4
57777.5
57778.4
57790.5
57792.4
57801.5
57806.4
57826.5
57831.4
57835.5
57836.4
57837.5
57842.4
57863.5
57866.4
57873.5
57879.4
57898.5
57901.4
57909.5
57914.4
57946.5
57948.4
57982.5
57983.4
57994.5
57995.4
58005.5
58009.3
58009.4
58017.5
58021.4
58030.5
58032.4
58041.5
58047.4
58067.5
58071.4
58073.5
58409.1
58582.6
58635.211
58635.6
58726.4
58745.5
59043.6
59044.212
59081.2
59081.4
59281.2
59321.5
59324.4
59333.5
59336.4
59343.5
59348.4
59356.5
59360.4
59363.5
59366.4
59367.5
59371.4
59380.5
59384.4
59392.5
59396.4
59416.5
59419.4
59428.5
59431.4
59441.5
59443.4
59452.5
59457.4
59460.5
59462.4
59464.5
59470.4
59489.5
59493.4
59496.5
59499.4
59501.5
59507.4
59526.5
59530.4
59537.5
59542.4
59562.5
59565.4
59573.5
59578.4
59598.5
59602.4
59610.5
59615.4
59637.5
59638.4
59643.5
59645.4
59647.5
59652.4
59673.5
59675.4
59681.3
59683.5
59687.4
59708.5
59709.4
59718.5
59721.4
59739.5
60081.1
60499.6
60776.211
60776.6
60807.211
60807.6
60878.211
60878.6
60942.211
60942.6
60993.4
61003.5
61767.4
61776.5
61983.6
61984.212
62028.2
62028.4
62228.2
62262.5
62266.4
62297.5
62300.4
62311.5
62313.4
62334.5
62337.4
62396.5
62397.4
62407.5
62409.4
62442.5
62446.4
62479.5
62482.4
62515.5
62517.4
62564.5
62565.4
62586.5
62589.4
62596.5
62628.3
63028.1
63127.6
63146.211
63146.6
63183.4
63196.5
63412.4
63446.5
63509.6
63510.212
63546.2
63546.4
63746.2
63781.5
63785.4
63805.5
63808.4
63816.5
63819.4
63828.5
63831.4
63841.5
63843.4
63848.5
63850.4
63852.5
63853.4
63877.5
63880.4
63889.5
63893.4
63914.5
63917.4
63925.5
63929.4
63950.5
63953.4
63975.5
63978.4
63982.5
63984.4
63985.5
63990.4
64012.5
64014.4
64020.5
64021.4
64023.5
64028.4
64049.5
64050.4
64060.5
64063.4
64096.5
64097.4
64108.5
64110.4
64131.5
64136.4
64146.3
64168.5
64172.4
64201.5
64210.4
64231.5
64232.4
64241.5
64246.4
64267.5
64268.4
64277.5
64282.4
64302.5
64306.4
64315.5
64317.4
64413.5
64528.4
64546.1
64684.5
64777.6
64815.4
64940.5
64966.4
65005.5
65097.6
65098.212
65139.2
65139.4
65339.2
65351.5
65355.4
65362.5
65367.4
65373.5
65377.4
65386.5
65387.4
65397.5
65400.4
65408.5
65411.4
65419.5
65424.4
65445.5
65447.4
65455.5
65460.4
65468.5
65469.4
65480.5
65483.4
65492.5
65494.4
65504.5
65507.4
65510.5
65513.4
65514.5
65520.4
65540.5
65541.4
65551.5
65555.4
65559.5
65561.4
65562.5
65568.4
65588.5
65591.4
65599.5
65603.4
65635.5
65638.4
65646.5
65651.4
65671.5
65672.4
65682.5
65687.4
65719.5
65724.4
65739.3
65757.5
65760.4
65781.5
65784.4
65793.5
65797.4
65818.5
65822.4
65828.5
65850.4
65868.5
65873.4
65875.5
65886.4
65889.5
65894.4
65916.5
65946.4
65952.5
65955.4
65963.5
65970.4
65972.5
65983.4
65989.5
65994.4
66003.5
66007.4
66009.5
66022.4
66040.5
66044.4
66065.5
66068.4
66077.5
66082.4
66103.5
66107.4
66110.5
66121.4
66125.5
66139.1
66360.6
66415.211
66415.6
66771.6
66772.212
66815.2
66815.4
67015.2
67048.5
67053.4
67061.5
67067.4
67071.5
67077.4
67096.5
67098.4
67108.5
67125.4
67128.5
67134.4
67145.5
67146.4
67157.5
67161.4
67169.5
67173.4
67207.5
67210.4
67214.5
67223.4
67244.5
67246.4
67256.5
67260.4
67263.5
67273.4
67294.5
67296.4
67301.5
67303.4
67305.5
67309.4
67342.5
67345.4
67349.5
67351.4
67353.5
67358.4
67377.5
67381.4
67389.5
67394.4
67415.3
67426.5
67430.4
67450.5
67455.4
67462.5
67466.4
67488.5
67491.4
67500.5
67503.4
67524.5
67540.4
67547.5
67815.1
67971.6
68158.211
68158.6
68339.211
68339.6
68471.4
68487.5
68488.4
68507.5
68594.211
68594.6
68634.211
68634.6
68707.211
68707.6
68750.211
68750.6
68792.211
68792.6
68821.211
68821.6
68865.211
68865.6
68921.211
68921.6
69044.211
69044.6
69314.4
69356.5
69512.6
69513.212
69561.2
69561.4
69761.2
69791.5
70161.3
70561.1
71230.6
71247.211
71247.6
71283.4
71315.5
71352.4
71414.5
71459.4
71497.5
71573.6
71574.212
71619.2
71619.4
71819.2
71837.5
71840.4
71860.5
71863.4
71872.5
71876.4
71897.5
71899.4
71908.5
71911.4
71971.5
71974.4
72007.5
72010.4
72032.5
72034.4
72044.5
72045.4
72069.5
72070.4
72078.5
72083.4
72114.5
72117.4
72139.5
72143.4
72166.5
72167.4
72176.5
72180.4
72219.3
72224.5
72229.4
72257.5
72619.1
72956.6
72986.211
72986.6
72994.211
72994.6
73127.211
73127.6
73237.211
73237.6
73616.6
73617.212
73655.2
73655.4
73855.2
73894.5
73902.4
73906.5
74255.3
74655.1
74846.6
75034.4
75050.5
75062.4
75079.5
75169.6
75170.212
75222.2
75222.4
75422.2
75460.5
75462.4
75483.5
75486.4
75519.5
75522.4
75556.5
75557.4
75569.5
75570.4
75580.5
75584.4
75615.5
75618.4
75651.5
75654.4
75664.5
75666.4
75688.5
75692.4
75701.5
75703.4
75726.5
75731.4
75752.5
75755.4
75763.5
75768.4
75789.5
75792.4
75801.5
75804.4
75822.3
75827.5
75829.4
75838.5
75841.4
75863.5
75867.4
75875.5
75879.4
75924.5
76222.1
76637.6
76832.4
76853.5
76869.4
76891.5
76974.6
76975.212
77013.2
77013.4
77213.2
77244.5
77248.4
77256.5
77259.4
77267.5
77272.4
77280.5
77285.4
77289.5
77613.3
78013.1
78666.6
78731.4
78764.5
78790.4
78809.5
78879.211
78879.6
79030.211
79030.6
79095.211
79095.6
79757.6
79758.212
79800.2
79800.4
80000.2
80035.5
80400.3
80800.1
80989.6
81034.211
81034.6
81081.211
81081.6
81190.211
81190.6
81364.211
81364.6
81549.4
81564.5
81634.211
81634.6
81782.211
81782.6
81814.211
81814.6
81919.4
81929.5
82000.211
82000.6
82089.211
82089.6
82164.211
82164.6
82211.211
82211.6
82257.211
82257.6
82292.211
82292.6
82582.211
82582.6
82647.211
82647.6
82721.211
82721.6
82842.211
82842.6
83215.6
83216.212
83261.2
83261.4
83461.2
83493.5
83497.4
83502.5
83507.4
83514.5
83520.4
83523.5
83861.3
83953.4
83964.5
84261.1
84640.6
84800.4
84819.5
84918.211
84918.6
84962.4
84984.5
85189.211
85189.6
85257.211
85257.6
85314.211
85314.6
85355.211
85355.6
85366.211
85366.6
85464.4
85478.5
85694.6
85695.212
85749.2
85749.4
85949.2
85966.5
86349.3
86749.1
86930.6
86946.211
86946.6
87022.211
87022.6
87337.6
87338.212
87388.2
87388.4
87588.2
87623.5
87627.4
87634.5
87988.3
88160.8
88208.8
88280.8
88388.1
88482.4
88497.5
88670.6
88812.211
88812.6
88843.211
88843.6
88868.211
88868.6
88901.211
88901.6
88971.211
88971.6
89244.211
89244.6
89276.211
89276.6
89377.211
89377.6
89434.4
89458.5
89669.211
89669.6
89712.211
89712.6
89747.211
89747.6
89805.211
89805.6
89895.4
89927.5
90024.211
90024.6
90039.211
90039.6
90095.211
90095.6
90434.4
90437.5
90442.4
90454.5
90551.6
90552.212
90599.2
90599.4
90799.2
90829.5
90837.4
90839.5
91199.3
91248.4
91270.5
91427.4
91442.5
91599.1
91648.4
91663.5
91731.6
91794.211
91794.6
91847.211
91847.6
91895.211
91895.6
91972.211
91972.6
92010.4
92036.5
92089.211
92089.6
92191.4
92220.5
92401.4
92422.5
92423.4
92448.5
92533.6
92534.212
92574.2
92574.4
92774.2
92808.5
93174.3
93574.1
93721.4
93731.5
93742.4
93759.5
93832.6
93931.211
93931.6
93988.4
94067.5
94078.4
94112.5
94262.8
94345.4
94362.5
94466.6
94467.212
94512.2
94512.4
94712.2
94747.5
94750.4
94758.5
94763.4
94769.5
94774.4
94794.5
94798.4
94806.5
94810.4
94832.5
94833.4
94843.5
94846.4
94868.5
94871.4
94875.5
94877.4
94879.5
94884.4
94905.5
94908.4
94917.5
94920.4
94942.5
94946.4
94967.5
94969.4
94979.5
94983.4
95003.5
95006.4
95015.5
95020.4
95046.5
95048.4
95050.5
95055.4
95086.5
95091.4
95112.3
95120.5
95512.1
95759.6
95811.211
95811.6
96221.4
96232.5
96308.6
96309.212
96342.2
96342.4
96542.2
96579.5
96583.4
96603.5
96607.4
96615.5
96619.4
96627.5
96633.4
96640.5
96644.4
96653.5
96656.4
96665.5
96670.4
96690.5
96693.4
96702.5
96705.4
96739.5
96743.4
96751.5
96755.4
96766.5
96767.4
96776.5
96782.4
96802.5
96806.4
96813.5
96820.4
96841.5
96842.4
96847.5
96848.4
96850.5
96856.4
96863.5
96865.4
96888.5
96890.4
96912.5
96914.4
96936.5
96937.4
96942.3
96947.5
96951.4
96960.5
96962.4
96973.5
96977.4
96999.5
97001.4
97004.5
97342.1
98057.6
98084.211
98084.6
98139.211
98139.6
98194.211
98194.6
98234.211
98234.6
98784.6
98785.212
98834.2
98834.4
99034.2
99052.5
99434.3
99834.1
100109.6
100154.211
100154.6
100176.211
100176.6
100301.211
100301.6
100328.211
100328.6
100367.211
100367.6
100626.211
100626.6
100963.6
100964.212
101021.2
101021.4
101221.2
101251.5
101621.3
102021.1
102171.6
102264.211
102264.6
102966.6
102967.212
103006.2
103006.4
103206.2
103230.5
103234.4
103241.5
103246.4
103249.5
103250.4
103253.5
103259.4
103261.5
103606.3
104006.1
104784.6
104819.211
104819.6
104851.211
104851.6
105603.4
105644.5
105747.6
105748.212
105786.2
105786.4
105986.2
106018.5
106386.3
106640.6
106786.1
106821.4
106860.5
106947.6
107039.211
107039.6
107081.211
107081.6
107222.4
107236.5
107301.4
107327.5
107474.6
107475.212
107518.2
107518.4
107718.2
107744.5
108118.3
108518.1
109050.6
109114.211
109114.6
109213.211
109213.6
109493.211
109493.6
109530.211
109530.6
109566.211
109566.6
109622.211
109622.6
109889.4
109916.5
110006.6
110007.212
110050.2
110050.4
110250.2
110290.5
110650.3
111050.1
111235.6
111299.211
111299.6
111347.211
111347.6
112681.6
112682.212
112767.2
112767.4
112967.2
113005.5
113367.3
113412.4
113462.5
113585.6
113767.1
113918.6
113958.4
114010.5
114085.211
114085.6
114741.6
114742.212
114779.2
114779.4
114979.2
115012.5
115379.3
115779.1
115904.6
115969.211
115969.6
116214.211
116214.6
116284.4
116308.5
116403.211
116403.6
116454.211
116454.6
116482.211
116482.6
116563.211
116563.6
116642.4
116684.5
116716.4
116769.5
116923.6
116924.212
116967.2
116967.4
117167.2
117205.5
117210.4
117217.5
117225.4
117228.5
117233.4
117241.5
117245.4
117250.5
117567.3
117906.4
117915.5
117967.1
118032.6
118072.211
118072.6
118290.211
118290.6
118456.211
118456.6
118701.211
118701.6
118798.4
118827.5
118925.211
118925.6
119009.211
119009.6
119053.211
119053.6
119177.211
119177.6
119208.211
119208.6
119574.4
119607.5
119685.6
119686.212
119731.2
119731.4
119931.2
119968.5
119977.4
119979.5
120331.3
120731.1
120989.6
121004.211
121004.6
121186.4
121212.5
121416.6
121417.212
121454.2
121454.4
121654.2
121689.5
122054.3
122454.1
122763.6
123028.8
123283.4
123293.5
123384.6
123385.212
123426.2
123426.4
123626.2
123656.5
124026.3
124426.1
124623.6
125036.6
125037.212
125090.2
125090.4
125290.2
125306.5
125309.4
125311.5
125312.4
125314.5
125324.4
125326.5
125690.3
126090.1
126225.6
126264.211
126264.6
126366.211
126366.6
126513.211
126513.6
127120.4
127128.5
127226.6
127227.212
127262.2
127262.4
127462.2
127488.5
127862.3
127980.4
127982.5
127983.4
128005.5
128262.1
128722.4
128725.5
128785.6
128822.211
128822.6
128846.211
128846.6
128891.211
128891.6
129422.6
129423.212
129473.2
129473.4
129673.2
129700.5
130073.3
130473.1
131790.6
131819.211
131819.6
131840.211
131840.6
131869.211
131869.6
131949.211
131949.6
132958.6
132959.212
133026.2
133026.4
133226.2
133244.5
133626.3
134026.1
134372.6
136084.4
136103.5
136125.4
136138.5
136229.6
136230.212
136269.2
136269.4
136469.2
136508.5
136869.3
137269.1
138038.6
138070.211
138070.6
138318.4
138363.5
138451.6
138452.212
138490.2
138490.4
138690.2
138719.5
138720.4
138725.5
139090.3
139490.1
140427.4
140452.5
140539.6
140691.4
140724.5
140799.211
140799.6
140915.211
140915.6
141246.6
141247.212
141287.2
141287.4
141487.2
141524.5
141530.4
141536.5
141887.3
142287.1
142517.6
142613.211
142613.6
142701.211
142701.6
143171.6
143172.212
143230.2
143230.4
143430.2
143464.5
143830.3
144230.1
145089.6
145122.4
145151.5
145216.211
145216.6
145409.211
145409.6
145804.6
145805.212
145844.2
145844.4
146044.2
146077.5
146444.3
146844.1
147099.4
147106.5
147530.8
147706.4
147720.5
147850.6
147934.4
147962.5
148086.211
148086.6
148126.4
148162.5
148241.211
148241.6
148398.211
148398.6
148446.4
148510.5
148581.211
148581.6
148876.211
148876.6
149019.4
149051.5
149144.211
149144.6
149206.211
149206.6
149233.211
149233.6
149281.211
149281.6
149368.211
149368.6
149993.6
149994.212
150045.2
150045.4
150245.2
150271.5
150645.3
151045.1
151205.4
151215.5
151250.4
151266.5
151324.6
151445.211
151445.6
151511.4
151520.5
151646.8
151726.4
151746.5
151865.6
151866.212
151898.2
151898.4
152098.2
152133.5
152498.3
152898.1
153105.6
154946.6
154947.212
154988.2
154988.4
155188.2
155226.5
155233.4
155234.5
155235.4
155238.5
155588.3
155988.1
156183.6
156712.4
156718.5
156884.6
156885.212
156936.2
156936.4
157136.2
157163.5
157536.3
157936.1
158077.6
158402.6
158403.212
158458.2
158458.4
158658.2
158679.5
159058.3
159458.1
159745.6
159824.211
159824.6
159854.211
159854.6
159909.4
159929.5
160041.4
160077.5
160261.4
160275.5
160366.8
160477.8
160503.8
160627.4
160655.5
160736.6
160737.212
160774.2
160774.4
160974.2
161009.5
161374.3
161608.4
161620.5
161748.6
161774.1
162152.4
162167.5
162299.6
162359.4
162381.5
162486.211
162486.6
162674.211
162674.6
162813.211
162813.6
162883.211
162883.6
163011.4
163020.5
163027.4
163038.5
163264.4
163294.5
163384.6
163385.212
163432.2
163432.4
163632.2
163667.5
163668.4
163675.5
163681.4
163688.5
164032.3
164313.4
164323.5
164432.1
164524.6
164565.211
164565.6
165008.6
165009.212
165056.2
165056.4
165256.2
165291.5
165296.4
165302.5
165311.4
165314.5
165319.4
165338.5
165343.4
165346.5
165347.4
165349.5
165357.4
165364.5
165365.4
165375.5
165381.4
165383.5
165384.4
165387.5
165392.4
165412.5
165417.4
165424.5
165430.4
165439.5
165441.4
165451.5
165456.4
165464.5
165467.4
165477.5
165482.4
165485.5
165487.4
165488.5
165495.4
165504.5
165505.4
165516.5
165522.4
165528.5
165535.4
165556.5
165557.4
165565.5
165575.4
165578.5
165580.4
165592.5
165593.4
165601.5
165608.4
165610.5
165618.4
165640.5
165641.4
165652.5
165654.4
165656.3
165664.5
165668.4
165671.5
165672.4
165674.5
166056.1
167936.6
168013.211
168013.6
168092.211
168092.6
168114.211
168114.6
168722.6
168723.212
168760.2
168760.4
168960.2
169001.5
169360.3
169760.1
170022.6
170599.6
170600.212
170633.2
170633.4
170833.2
170857.5
171233.3
171336.6
171633.1
172116.6
172343.4
172353.5
172404.211
172404.6
172446.211
172446.6
172457.211
172457.6
172650.211
172650.6
172763.211
172763.6
173243.6
173244.212
173300.2
173300.4
173500.2
173516.5
173900.3
174300.1
174457.6
175127.6
175128.212
175164.2
175164.4
175364.2
175391.5
175392.4
175399.5
175764.3
176164.1
176654.4
176662.5
176663.4
176671.5
176675.4
176706.5
176849.6
176970.211
176970.6
177365.4
177411.5
177589.6
177590.212
177629.2
177629.4
177829.2
177863.5
178229.3
178629.1
179936.6
179996.211
180000.9
123456789
4
09
17
4
09
17
0
0
0
2
15
11
59
15
44
59
6
2
2772
0
0
0
314159265
77
10
849
180000
314159265
0.1
225.6
499.211
499.6
591.211
591.6
701.211
701.6
1248.6
1249.212
1300.2
1300.4
1500.2
1586.5
1588.4
1623.5
1625.4
1728.5
1795.4
1835.5
1900.3
1932.6
2073.4
2116.5
2153.4
2187.5
2278.6
2300.1
2339.4
2372.5
2378.4
2421.5
2496.6
2627.211
2627.6
2771.211
2771.6
3086.6
3087.212
3134.2
3134.4
3334.2
3493.5
3494.4
3551.5
3645.4
3676.5
3680.4
3708.5
3734.3
4038.6
4075.6
4126.6
4134.1
4211.6
4305.211
4305.6
4381.211
4381.6
4765.6
4766.212
4813.2
4813.4
5013.2
5126.5
5128.4
5212.5
5213.4
5223.5
5226.4
5256.5
5413.3
5548.4
5551.5
5614.6
5652.6
5690.6
5793.6
5813.1
5858.6
6067.211
6067.6
6151.211
6151.6
6199.211
6199.6
6276.211
6276.6
6293.211
6293.6
6377.211
6377.6
6477.211
6477.6
6686.211
6686.6
6734.211
6734.6
6885.211
6885.6
7180.211
7180.6
7227.211
7227.6
7263.211
7263.6
7297.211
7297.6
7342.211
7342.6
7412.211
7412.6
7457.211
7457.6
7557.211
7557.6
7690.4
7703.5
7923.6
7924.212
7971.2
7971.4
8171.2
8332.5
8334.4
8344.5
8346.4
8368.5
8370.4
8404.5
8405.4
8427.5
8571.3
8858.6
8971.1
9096.6
9456.6
9457.212
9503.2
9503.4
9703.2
9837.5
9838.4
9884.5
9887.4
9933.5
9934.4
9983.5
10103.3
10503.1
10787.6
10829.211
10829.6
10972.211
10972.6
11026.4
11054.5
11126.211
11126.6
11172.211
11172.6
11365.211
11365.6
11417.211
11417.6
11446.211
11446.6
11462.211
11462.6
11543.211
11543.6
11639.211
11639.6
11686.211
11686.6
11719.211
11719.6
11823.4
11836.5
11995.211
11995.6
12015.211
12015.6
12036.211
12036.6
12063.211
12063.6
12262.211
12262.6
12330.211
12330.6
12391.211
12391.6
12686.211
12686.6
12730.211
12730.6
12746.211
12746.6
13061.6
13062.212
13109.2
13109.4
13309.2
13342.5
13345.4
13426.5
13430.4
13475.5
13478.4
13500.5
13503.4
13548.5
13554.4
13558.5
13709.3
13922.6
14109.1
14395.6
14500.4
14529.5
14598.211
14598.6
14638.211
14638.6
14700.211
14700.6
14800.211
14800.6
14954.211
14954.6
14997.211
14997.6
15027.211
15027.6
15094.211
15094.6
15153.211
15153.6
15407.211
15407.6
15456.211
15456.6
15482.211
15482.6
15694.4
15711.5
15791.6
15792.212
15841.2
15841.4
16041.2
16189.5
16192.4
16227.5
16229.4
16262.5
16267.4
16312.5
16314.4
16323.5
16325.4
16362.5
16441.3
16541.8
16604.4
16632.5
16712.6
16841.1
17057.4
17082.5
17153.6
17211.211
17211.6
17234.211
17234.6
17393.211
17393.6
17557.4
17594.5
17667.211
17667.6
17704.211
17704.6
17785.211
17785.6
17870.211
17870.6
17878.211
17878.6
17889.211
17889.6
17905.211
17905.6
17922.211
17922.6
18037.211
18037.6
18342.4
18365.5
18369.4
18401.5
18481.6
18482.212
18533.2
18533.4
18733.2
18870.5
18871.4
18917.5
18920.4
18942.5
18944.4
18953.5
18956.4
18978.5
18980.4
19053.5
19133.3
19533.1
19702.6
19823.4
19833.5
19904.211
19904.6
19995.211
19995.6
20021.211
20021.6
20066.4
20098.5
20336.6
20337.212
20377.2
20377.4
20577.2
20628.5
20630.4
20737.5
20738.4
20747.5
20750.4
20772.5
20775.4
20785.5
20788.4
20821.5
20822.4
20827.5
20828.4
20831.5
20834.4
20890.5
20893.4
20902.5
20905.4
20937.5
20941.4
20944.5
20945.4
20949.5
20977.3
20991.4
20993.5
21077.6
21316.4
21337.5
21377.1
21429.6
21575.211
21575.6
21803.211
21803.6
21866.211
21866.6
22073.211
22073.6
22115.211
22115.6
22130.211
22130.6
22176.211
22176.6
22239.211
22239.6
22330.211
22330.6
22415.211
22415.6
22483.4
22527.5
22608.211
22608.6
22695.211
22695.6
22813.211
22813.6
23037.4
23060.5
23061.4
23079.5
23160.6
23161.212
23203.2
23203.4
23403.2
23438.5
23439.4
23509.5
23510.4
23569.5
23572.4
23580.5
23583.4
23605.5
23607.4
23631.5
23632.4
23641.5
23646.4
23679.5
23682.4
23715.5
23719.4
23752.5
23755.4
23758.5
23803.3
23838.4
23892.5
24203.1
24307.4
24319.5
24384.6
24497.4
24552.5
24660.211
24660.6
24746.211
24746.6
24779.211
24779.6
24840.4
24862.5
24971.211
24971.6
25113.4
25133.5
25213.211
25213.6
25339.4
25345.5
25348.4
25355.5
25484.211
25484.6
25541.211
25541.6
25572.211
25572.6
25642.4
25679.5
25687.4
25713.5
25806.211
25806.6
25943.4
25956.5
26032.211
26032.6
26102.211
26102.6
26162.4
26166.5
26348.211
26348.6
26513.211
26513.6
26562.211
26562.6
26799.211
26799.6
26872.4
26925.5
27034.211
27034.6
27082.211
27082.6
27098.211
27098.6
27115.211
27115.6
27372.4
27419.5
27521.6
27522.212
27578.2
27578.4
27778.2
27873.5
27874.4
27934.5
27937.4
27970.5
27972.4
27995.5
27999.4
28014.5
28023.4
28057.5
28058.4
28088.5
28178.3
28251.8
28308.4
28348.5
28431.6
28489.4
28557.5
28567.4
28578.1
28593.5
28668.6
28733.4
28761.5
28830.211
28830.6
28878.4
28959.5
29056.211
29056.6
29123.4
29161.5
29235.211
29235.6
29299.4
29362.5
29457.211
29457.6
29635.211
29635.6
29722.211
29722.6
30121.6
30122.212
30170.2
30170.4
30370.2
30434.5
30435.4
30493.5
30496.4
30531.5
30532.4
30554.5
30555.4
30578.5
30580.4
30592.5
30593.4
30602.5
30607.4
30674.5
30770.3
31170.1
31515.6
31547.211
31547.6
31654.211
31654.6
31893.211
31893.6
32477.6
32478.212
32524.2
32524.4
32724.2
32813.5
32816.4
32849.5
32852.4
32874.5
32877.4
32899.5
32901.4
32936.5
32938.4
32957.5
32965.4
32971.5
33124.3
33524.1
33982.4
33985.5
34054.6
34572.6
34573.212
34627.2
34627.4
34670.5
34673.4
34827.2
34872.5
34875.4
34904.5
34910.4
34915.5
34920.4
34939.5
34941.4
34949.5
34954.4
34960.5
34964.4
34972.5
34976.4
34984.5
34990.4
34993.5
34994.4
34997.5
35001.4
35023.5
35024.4
35033.5
35039.4
35044.5
35049.4
35052.5
35054.4
35055.5
35061.4
35080.5
35084.4
35092.5
35096.4
35116.5
35120.4
35127.5
35136.4
35138.5
35143.4
35163.5
35174.4
35227.3
35236.5
35241.4
35312.5
35627.1
35986.4
36022.5
36161.6
36204.211
36204.6
36308.211
36308.6
36379.211
36379.6
36763.6
36764.212
36811.2
36811.4
37011.2
37057.5
37061.4
37105.5
37106.4
37116.5
37119.4
37124.5
37125.4
37165.5
37168.4
37201.5
37204.4
37213.5
37216.4
37223.5
37229.4
37260.5
37264.4
37297.5
37300.4
37310.5
37311.4
37346.5
37349.4
37381.5
37384.4
37405.5
37411.3
37811.1
37944.6
38110.211
38110.6
38187.4
38253.5
38360.211
38360.6
38417.211
38417.6
38486.211
38486.6
38544.4
38605.5
38674.4
38706.5
38899.4
38926.5
39033.6
39034.212
39082.2
39082.4
39282.2
39339.5
39342.4
39350.5
39351.4
39375.5
39377.4
39410.5
39412.4
39423.5
39425.4
39482.5
39486.4
39493.5
39498.4
39514.5
39521.4
39547.5
39549.4
39551.5
39556.4
39575.5
39579.4
39587.5
39591.4
39612.5
39615.4
39623.5
39627.4
39660.5
39663.4
39682.3
39685.5
39686.4
39695.5
39699.4
39721.5
39913.4
39934.5
40082.1
40354.4
40395.5
40445.4
40525.5
40607.6
40714.211
40714.6
40767.211
40767.6
40826.4
40924.5
41077.4
41138.5
41233.6
41234.212
41271.2
41271.4
41471.2
41497.5
41500.4
41508.5
41511.4
41531.5
41534.4
41555.5
41557.4
41567.5
41570.4
41578.5
41582.4
41589.5
41592.4
41615.5
41618.4
41628.5
41630.4
41641.5
41643.4
41653.5
41655.4
41665.5
41669.4
41678.5
41681.4
41689.5
41693.4
41721.5
41723.4
41724.5
41730.4
41734.5
41735.4
41736.5
41739.4
41749.5
41753.4
41762.5
41766.4
41799.5
41802.4
41823.5
41825.4
41834.5
41837.4
41858.5
41860.4
41869.5
41871.3
41873.4
41882.5
41883.4
41905.5
41909.4
41917.5
41920.4
41952.5
41956.4
41978.5
41980.4
41989.5
41993.4
42044.5
42049.4
42080.5
42271.1
42655.6
42925.4
42949.5
43032.6
43033.212
43081.2
43081.4
43281.2
43326.5
43329.4
43348.5
43352.4
43360.5
43361.4
43395.5
43398.4
43408.5
43409.4
43444.5
43447.4
43456.5
43459.4
43480.5
43481.4
43493.5
43494.4
43503.5
43508.4
43526.5
43530.4
43538.5
43542.4
43562.5
43565.4
43598.5
43602.4
43633.5
43638.4
43645.5
43649.4
43681.3
43706.5
43709.4
43717.5
43721.4
43829.5
44081.1
44196.4
44210.5
44300.6
44350.211
44350.6
44590.211
44590.6
44643.4
44660.5
44695.4
44747.5
45135.6
45136.212
45180.2
45180.4
45380.2
45418.5
45420.4
45452.5
45455.4
45501.5
45502.4
45512.5
45513.4
45536.5
45539.4
45573.5
45576.4
45608.5
45612.4
45645.5
45648.4
45682.5
45686.4
45718.5
45719.4
45742.5
45744.4
45753.5
45756.4
45780.3
45788.5
45791.4
45824.5
45828.4
45859.5
46180.1
46697.6
46766.211
46766.6
47118.6
47119.212
47162.2
47162.4
47362.2
47397.5
47398.4
47408.5
47409.4
47430.5
47433.4
47441.5
47444.4
47491.5
47493.4
47502.5
47504.4
47538.5
47541.4
47573.5
47576.4
47622.5
47625.4
47632.5
47638.4
47658.5
47660.4
47671.5
47672.4
47694.5
47698.4
47706.5
47709.4
47754.5
47756.4
47762.3
47779.5
47780.4
47789.5
47791.4
47814.5
47828.4
47894.5
48162.1
48317.6
48418.4
48433.5
48525.211
48525.6
48630.211
48630.6
48644.211
48644.6
48864.4
48899.5
48980.6
48981.212
49027.2
49027.4
49227.2
49251.5
49254.4
49264.5
49265.4
49275.5
49278.4
49286.5
49287.4
49299.5
49301.4
49310.5
49312.4
49345.5
49349.4
49369.5
49373.4
49405.5
49408.4
49418.5
49419.4
49454.5
49456.4
49465.5
49467.4
49489.5
49493.4
49501.5
49503.4
49515.5
49516.4
49525.5
49529.4
49550.5
49551.4
49561.5
49565.4
49596.5
49601.4
49627.3
49633.5
49636.4
49669.5
49672.4
49680.5
49683.4
49704.5
49706.4
49715.5
49718.4
49727.5
49729.4
49741.5
49742.4
49746.5
49747.4
49749.5
49754.4
49785.5
49789.4
49821.5
49825.4
49867.5
49879.4
49952.5
50027.1
50168.6
50223.211
50223.6
50763.6
50764.212
50803.2
50803.4
51003.2
51030.5
51034.4
51041.5
51043.4
51054.5
51055.4
51064.5
51068.4
51076.5
51080.4
51113.5
51116.4
51138.5
51140.4
51150.5
51152.4
51175.5
51177.4
51186.5
51189.4
51209.5
51214.4
51222.5
51227.4
51247.5
51251.4
51259.5
51263.4
51282.5
51286.4
51291.5
51292.4
51294.5
51299.4
51327.5
51328.4
51330.5
51334.4
51343.5
51344.4
51362.5
51371.4
51403.3
51403.5
51408.4
51429.5
51432.4
51435.5
51444.4
51474.5
51479.4
51500.5
51502.4
51509.5
51514.4
51542.5
51543.4
51545.5
51550.4
51571.5
51573.4
51581.5
51586.4
51606.5
51609.4
51619.5
51621.4
51631.5
51635.4
51665.5
51670.4
51691.5
51699.4
51727.5
51803.1
52055.6
52304.211
52304.6
52359.211
52359.6
52486.211
52486.6
52497.211
52497.6
52677.4
52720.5
52971.6
52972.212
53011.2
53011.4
53211.2
53250.5
53254.4
53262.5
53264.4
53274.5
53278.4
53284.5
53287.4
53296.5
53300.4
53309.5
53312.4
53321.5
53325.4
53335.5
53336.4
53359.5
53361.4
53396.5
53398.4
53420.5
53422.4
53428.5
53430.4
53432.5
53437.4
53456.5
53460.4
53464.5
53465.4
53468.5
53472.4
53505.5
53509.4
53517.5
53518.4
53540.5
53544.4
53564.5
53565.4
53566.5
53568.4
53577.5
53579.4
53601.5
53605.4
53611.3
53637.5
53641.4
53661.5
53665.4
53673.5
53674.4
53698.5
53700.4
53708.5
53711.4
53733.5
53738.4
53744.5
53756.4
53795.5
53797.4
53804.5
53811.4
53814.5
53822.4
53840.5
54011.1
54241.6
54265.211
54265.6
54468.211
54468.6
54615.4
54656.5
54754.211
54754.6
54826.211
54826.6
54837.211
54837.6
54882.211
54882.6
54969.211
54969.6
55028.4
55040.5
55042.4
55048.5
55077.4
55086.5
55195.211
55195.6
55248.211
55248.6
55301.211
55301.6
55572.4
55608.5
55694.6
55695.212
55743.2
55743.4
55943.2
55979.5
55982.4
55989.5
55994.4
56002.5
56005.4
56013.5
56014.4
56024.5
56027.4
56036.5
56040.4
56048.5
56051.4
56067.5
56070.4
56072.5
56076.4
56086.5
56089.4
56098.5
56102.4
56122.5
56126.4
56130.5
56139.4
56144.5
56145.4
56146.5
56150.4
56158.5
56163.4
56168.5
56169.4
56172.5
56173.4
56185.5
56188.4
56193.5
56194.4
56196.5
56202.4
56222.5
56226.4
56233.5
56238.4
56259.5
56261.4
56266.5
56267.4
56270.5
56274.4
56276.5
56287.4
56306.5
56312.4
56315.5
56317.4
56318.5
56324.4
56343.3
56344.5
56348.4
56351.5
56361.4
56380.5
56384.4
56388.5
56743.1
57666.4
57677.5
57783.6
57849.211
57849.6
57962.211
57962.6
58037.4
58109.5
58127.4
58158.5
58230.211
58230.6
58321.211
58321.6
58671.6
58672.212
58712.2
58712.4
58912.2
58955.5
58959.4
58966.5
58969.4
58979.5
58982.4
58990.5
58994.4
59039.5
59042.4
59064.5
59068.4
59101.5
59104.4
59108.5
59109.4
59112.5
59116.4
59124.5
59128.4
59136.5
59141.4
59150.5
59151.4
59157.5
59158.4
59160.5
59166.4
59175.5
59177.4
59181.5
59183.4
59184.5
59190.4
59209.5
59214.4
59218.5
59219.4
59221.5
59226.4
59235.5
59238.4
59247.5
59250.4
59259.5
59263.4
59296.5
59299.4
59307.5
59312.3
59312.4
59316.5
59318.4
59319.5
59324.4
59357.5
59359.4
59392.5
59397.4
59428.5
59434.4
59454.5
59712.1
59884.6
59932.211
59932.6
60029.211
60029.6
60070.4
60145.5
60291.211
60291.6
60317.4
60345.5
60372.4
60382.5
60490.211
60490.6
60575.211
60575.6
60626.4
60662.5
60865.4
60868.5
60872.4
60917.5
61007.6
61008.212
61051.2
61051.4
61251.2
61270.5
61272.4
61279.5
61651.3
61887.4
61921.5
62051.1
62405.6
62699.4
62708.5
62830.6
62831.212
62871.2
62871.4
63071.2
63105.5
63108.4
63116.5
63118.4
63127.5
63130.4
63138.5
63142.4
63150.5
63154.4
63163.5
63165.4
63176.5
63178.4
63183.5
63184.4
63186.5
63192.4
63199.5
63201.4
63236.5
63239.4
63273.5
63277.4
63307.5
63309.4
63310.5
63316.4
63325.5
63326.4
63338.5
63339.4
63347.5
63353.4
63374.5
63375.4
63385.5
63389.4
63411.5
63413.4
63418.5
63419.4
63421.5
63424.4
63446.5
63451.4
63471.3
63472.5
63475.4
63480.5
63489.4
63510.5
63513.4
63521.5
63528.4
63531.5
63539.4
63560.5
63565.4
63585.5
63589.4
63593.5
63594.4
63597.5
63601.4
63621.5
63625.4
63657.5
63661.4
63668.5
63671.4
63682.5
63685.4
63692.5
63695.4
63716.5
63871.1
64216.6
64265.211
64265.6
64643.6
64644.212
64682.2
64682.4
64882.2
64898.5
64903.4
64911.5
64916.4
64922.5
64929.4
64932.5
65282.3
65682.1
65775.4
65777.5
65794.4
65815.5
65893.6
65997.211
65997.6
66010.211
66010.6
66065.211
66065.6
66135.4
66141.5
66299.4
66345.5
66467.6
66468.212
66517.2
66517.4
66717.2
66744.5
66747.4
66755.5
66761.4
66764.5
67117.3
67517.1
67581.4
67591.5
67687.6
67803.4
67816.5
67823.4
67837.5
67940.211
67940.6
68048.211
68048.6
68149.211
68149.6
68441.4
68449.5
68530.6
68531.212
68570.2
68570.4
68770.2
68800.5
69170.3
69570.1
69689.6
69986.4
70000.5
70082.6
70083.212
70136.2
70136.4
70336.2
70368.5
70736.3
71136.1
71294.6
71324.211
71324.6
71497.4
71521.5
71604.211
71604.6
71643.4
71677.5
71757.211
71757.6
71810.211
71810.6
72113.6
72114.212
72171.2
72171.4
72371.2
72408.5
72771.3
73005.4
73014.5
73171.1
73232.6
73333.211
73333.6
73441.211
73441.6
73630.211
73630.6
73784.4
73815.5
73896.211
73896.6
73930.4
73955.5
74043.211
74043.6
74055.211
74055.6
74121.211
74121.6
74141.211
74141.6
74234.211
74234.6
74466.211
74466.6
74495.211
74495.6
74557.211
74557.6
74601.211
74601.6
74641.211
74641.6
75052.6
75053.212
75107.2
75107.4
75307.2
75337.5
75343.4
75345.5
75707.3
76107.1
76256.6
76334.211
76334.6
76372.211
76372.6
77054.6
77055.212
77105.2
77105.4
77305.2
77340.5
77345.4
77351.5
77705.3
78105.1
78120.4
78131.5
78217.6
78251.4
78320.5
78459.211
78459.6
78536.211
78536.6
78593.211
78593.6
78600.211
78600.6
78718.211
78718.6
78763.211
78763.6
78905.4
78953.5
79065.6
79066.212
79112.2
79112.4
79312.2
79337.5
79341.4
79348.5
79352.4
79384.5
79385.4
79394.5
79399.4
79407.5
79410.4
79432.5
79434.4
79457.5
79459.4
79469.5
79471.4
79507.5
79510.4
79521.5
79523.4
79532.5
79537.4
79558.5
79560.4
79569.5
79573.4
79583.5
79585.4
79596.5
79598.4
79607.5
79611.4
79632.5
79639.4
79658.5
79662.4
79670.5
79702.4
79712.3
79744.5
80030.4
80045.5
80112.1
80543.6
80671.211
80671.6
80808.211
80808.6
81419.4
81428.5
81563.6
81564.212
81614.2
81614.4
81814.2
81854.5
81860.4
81866.5
82214.3
82614.1
83030.6
83382.6
83383.212
83433.2
83433.4
83633.2
83654.5
84033.3
84433.1
84554.6
84811.211
84811.6
85762.6
85763.212
85818.2
85818.4
86018.2
86031.5
86035.4
86042.5
86046.4
86051.5
86418.3
86818.1
86995.6
87040.211
87040.6
87177.211
87177.6
87338.211
87338.6
87450.4
87453.5
87455.4
87460.5
87462.4
87470.5
87542.211
87542.6
87554.211
87554.6
87636.211
87636.6
87656.211
87656.6
87856.211
87856.6
87867.211
87867.6
88465.6
88466.212
88512.2
88512.4
88712.2
88736.5
88739.4
88748.5
88750.4
88760.5
88762.4
88772.5
88776.4
88785.5
88786.4
88797.5
88800.4
88810.5
88811.4
88823.5
88824.4
88834.5
88838.4
88858.5
88861.4
88883.5
88887.4
88896.5
88898.4
88932.5
88936.4
88969.5
88975.4
88996.5
88999.4
89007.5
89011.4
89032.5
89036.4
89041.5
89042.4
89045.5
89048.4
89060.5
89061.4
89066.5
89067.4
89070.5
89076.4
89112.3
89121.5
89123.4
89131.5
89136.4
89155.5
89512.1
89677.6
91248.4
91256.5
91364.6
91365.212
91407.2
91407.4
91607.2
91645.5
91647.4
91658.5
91660.4
91669.5
91670.4
91682.5
91684.4
91693.5
91698.4
91705.5
91709.4
91719.5
91722.4
91731.5
91735.4
91768.5
91771.4
91793.5
91795.4
91805.5
91808.4
91840.5
91845.4
91877.5
91882.4
91915.5
91919.4
91951.5
91955.4
91976.5
91978.4
91986.5
91991.4
91999.5
92001.4
92007.3
92023.5
92025.4
92034.5
92037.4
92059.5
92061.4
92069.5
92074.4
92108.5
92407.1
92769.6
92941.8
92967.8
93064.4
93099.5
93117.4
93146.5
93264.6
93265.212
93313.2
93313.4
93513.2
93531.5
93534.4
93536.5
93538.4
93540.5
93546.4
93552.5
93913.3
94313.1
94691.6
94766.211
94766.6
94870.211
94870.6
95023.211
95023.6
95525.6
95526.212
95572.2
95572.4
95772.2
95792.5
96172.3
96572.1
97084.6
97213.211
97213.6
97263.4
97290.5
97622.6
97623.212
97680.2
97680.4
97880.2
97924.5
98280.3
98680.1
99442.4
99445.5
99452.4
99460.5
99677.6
99739.211
99739.6
99799.211
99799.6
100128.6
100129.212
100172.2
100172.4
100372.2
100395.5
100399.4
100406.5
100772.3
101172.1
101352.6
102349.6
102350.212
102391.2
102391.4
102591.2
102611.5
102615.4
102622.5
102991.3
103391.1
103604.6
103755.4
103780.5
103851.211
103851.6
103953.211
103953.6
104156.211
104156.6
104276.4
104303.5
104374.211
104374.6
104572.4
104594.5
104665.211
104665.6
104841.4
104873.5
104987.6
104988.212
105045.2
105045.4
105245.2
105260.5
105261.4
105267.5
105273.4
105280.5
105285.4
105290.5
105645.3
106045.1
106085.4
106096.5
106234.8
106307.4
106318.5
106450.6
106520.211
106520.6
106624.4
106701.5
106709.4
106743.5
106843.6
106844.212
106884.2
106884.4
107084.2
107118.5
107484.3
107884.1
108449.4
108466.5
108544.6
108611.211
108611.6
108684.211
108684.6
108748.211
108748.6
108785.211
108785.6
108839.211
108839.6
108970.211
108970.6
109248.211
109248.6
109446.4
109465.5
109559.6
109560.212
109608.2
109608.4
109808.2
109836.5
109840.4
109845.5
110208.3
110608.1
110864.6
111179.4
111188.5
111268.6
111269.212
111306.2
111306.4
111506.2
111550.5
111555.4
111562.5
111906.3
112306.1
112624.6
112676.211
112676.6
113219.6
113220.212
113253.2
113253.4
113453.2
113493.5
113497.4
113506.5
113508.4
113518.5
113519.4
113540.5
113545.4
113566.5
113567.4
113577.5
113581.4
113598.5
113599.4
113602.5
113606.4
113615.5
113619.4
113640.5
113641.4
113663.5
113669.4
113701.5
113704.4
113736.5
113740.4
113761.5
113763.4
113773.5
113777.4
113811.5
113814.4
113837.5
113840.4
113848.5
113853.3
113854.4
113874.5
113879.4
113911.5
113915.4
113935.5
113937.4
113945.5
113950.4
114007.5
114011.4
114032.5
114035.4
114044.5
114047.4
114057.5
114061.4
114064.5
114072.4
114143.5
114253.1
114517.6
117011.6
117012.212
117060.2
117060.4
117260.2
117301.5
117306.4
117313.5
117660.3
118060.1
118288.6
118339.211
118339.6
118797.6
118798.212
118862.2
118862.4
119062.2
119087.5
119093.4
119095.5
119096.4
119099.5
119103.4
119111.5
119462.3
119862.1
120035.6
120659.6
120660.212
120707.2
120707.4
120907.2
120942.5
120946.4
120952.5
121307.3
121630.4
121649.5
121652.4
121653.5
121707.1
121777.6
122028.211
122028.6
122316.211
122316.6
122404.211
122404.6
122949.4
122964.5
123070.6
123071.212
123110.2
123110.4
123310.2
123333.5
123335.4
123344.5
123348.4
123355.5
123360.4
123363.5
123364.4
123367.5
123370.4
123381.5
123382.4
123393.5
123394.4
123406.5
123408.4
123417.5
123421.4
123453.5
123457.4
123490.5
123493.4
123501.5
123505.4
123515.5
123517.4
123550.5
123553.4
123561.5
123565.4
123585.5
123591.4
123610.5
123613.4
123621.5
123627.4
123660.5
123665.4
123681.5
123686.4
123706.5
123710.3
123710.4
123742.5
123748.4
123769.5
123770.4
123780.5
123785.4
123806.5
123810.4
123819.5
123822.4
123844.5
123848.4
123881.5
123884.4
123917.5
123922.4
123942.5
123945.4
123967.5
123968.4
123975.5
124059.4
124070.5
124110.1
124603.6
124712.211
124712.6
125240.6
125241.212
125282.2
125282.4
125482.2
125523.5
125528.4
125535.5
125536.4
125559.5
125562.4
125572.5
125573.4
125582.5
125587.4
125620.5
125624.4
125656.5
125659.4
125693.5
125696.4
125730.5
125732.4
125755.5
125756.4
125766.5
125770.4
125802.5
125808.4
125838.5
125843.4
125875.5
125879.4
125882.3
125936.5
125938.4
125959.5
125964.4
125996.5
125999.4
126032.5
126036.4
126058.5
126059.4
126068.5
126073.4
126105.5
126109.4
126131.5
126133.4
126142.5
126146.4
126190.5
126196.4
126215.5
126218.4
126227.5
126232.4
126237.5
126282.1
126667.6
126803.211
126803.6
126990.211
126990.6
127418.4
127435.5
127557.6
127558.212
127626.2
127626.4
127826.2
127863.5
127868.4
127889.5
127891.4
127899.5
127904.4
127913.5
127914.4
127925.5
127929.4
127933.5
127934.4
127937.5
127940.4
127950.5
127953.4
127960.5
127965.4
127974.5
127975.4
127985.5
127990.4
127994.5
128001.4
128012.5
128013.4
128018.5
128019.4
128021.5
128027.4
128030.5
128038.4
128046.5
128050.4
128056.5
128062.4
128082.5
128085.4
128094.5
128099.4
128132.5
128137.4
128170.5
128175.4
128207.5
128213.4
128226.3
128235.5
128236.4
128245.5
128250.4
128272.5
128276.4
128286.5
128288.4
128298.5
128301.4
128326.5
128626.1
129455.6
130290.6
130291.212
130331.2
130331.4
130531.2
130563.5
130931.3
131331.1
131762.6
132051.4
132057.5
132128.6
132129.212
132164.2
132164.4
132364.2
132408.5
132412.4
132432.5
132436.4
132445.5
132446.4
132457.5
132460.4
132469.5
132472.4
132518.5
132521.4
132531.5
132534.4
132544.5
132547.4
132581.5
132586.4
132594.5
132597.4
132618.5
132623.4
132644.5
132645.4
132656.5
132659.4
132693.5
132697.4
132716.5
132723.4
132739.5
132747.4
132764.3
132768.5
132771.4
132780.5
132783.4
132792.5
132796.4
132803.5
132809.4
132870.5
133164.1
133602.6
134059.8
134146.4
134153.5
134238.6
134239.212
134284.2
134284.4
134484.2
134509.5
134884.3
135284.1
135798.4
135817.5
135893.6
136014.211
136014.6
136088.4
136092.5
136223.8
136305.4
136332.5
136423.6
136424.212
136472.2
136472.4
136672.2
136695.5
136697.4
136704.5
137072.3
137472.1
137780.6
139190.6
139191.212
139236.2
139236.4
139436.2
139462.5
139836.3
140236.1
140444.6
140501.211
140501.6
140885.6
140886.212
140946.2
140946.4
141146.2
141154.5
141546.3
141946.1
142025.6
142218.4
142232.5
142301.211
142301.6
142338.4
142358.5
142406.211
142406.6
142547.211
142547.6
144106.6
144107.212
144152.2
144152.4
144352.2
144374.5
144752.3
145152.1
145595.8
145669.4
145680.5
145764.6
145828.211
145828.6
145928.211
145928.6
145981.211
145981.6
146316.6
146317.212
146396.2
146396.4
146596.2
146620.5
146996.3
147396.1
147778.6
147923.211
147923.6
147984.211
147984.6
148367.6
148368.212
148405.2
148405.4
148605.2
148636.5
149005.3
149405.1
150638.6
150798.4
150816.5
150902.211
150902.6
150980.211
150980.6
151112.211
151112.6
151380.211
151380.6
151481.211
151481.6
151633.211
151633.6
151900.211
151900.6
152052.4
152100.5
152198.211
152198.6
152318.211
152318.6
152433.4
152440.5
153034.6
153035.212
153080.2
153080.4
153280.2
153313.5
153680.3
154080.1
154446.6
154505.211
154505.6
154599.211
154599.6
155447.6
155448.212
155508.2
155508.4
155708.2
155742.5
156108.3
156508.1
156793.6
157305.6
157306.212
157349.2
157349.4
157549.2
157590.5
157591.4
157596.5
157949.3
158349.1
158518.6
159499.8
159807.4
159819.5
159908.6
159909.212
159957.2
159957.4
160157.2
160186.5
160557.3
160957.1
161355.6
161658.6
161659.212
161713.2
161713.4
161913.2
161927.5
162313.3
162713.1
163192.6
163252.211
163252.6
163288.211
163288.6
163387.211
163387.6
164202.6
164203.212
164253.2
164253.4
164453.2
164480.5
164853.3
165253.1
165856.4
165864.5
165867.4
165871.5
165959.6
166098.211
166098.6
166615.6
166616.212
166680.2
166680.4
166880.2
166898.5
167280.3
167680.1
167899.6
168962.4
168970.5
169045.6
169046.212
169080.2
169080.4
169280.2
169317.5
169680.3
170080.1
170488.6
171225.6
171226.212
171267.2
171267.4
171467.2
171497.5
171867.3
172267.1
172804.4
172843.5
173269.6
173343.211
173343.6
173475.4
173511.5
173603.211
173603.6
173910.6
173911.212
173964.2
173964.4
174164.2
174182.5
174564.3
174964.1
175208.6
176041.8
176149.4
176170.5
176341.6
176342.212
176378.2
176378.4
176578.2
176600.5
176603.4
176609.5
176978.3
177378.1
178217.6
178293.211
178293.6
178346.211
178346.6
179498.4
179570.5
179696.6
179697.212
179731.2
179731.4
179931.2
180000.9
123456789
4
10
17
4
10
17
0
0
0
2
14
59
18
15
32
18
6
2
2734
0
0
0
314159265
70
17
850
180000
314159265
0.1
1735.6
1936.211
1936.6
2094.211
2094.6
2327.211
2327.6
2623.211
2623.6
2799.211
2799.6
3015.211
3015.6
3118.211
3118.6
3510.4
3518.5
3644.6
3645.212
3697.2
3697.4
3897.2
3961.5
3963.4
4024.5
4025.4
4073.5
4111.4
4185.5
4297.3
4555.6
4697.1
5014.6
5197.211
5197.6
5323.4
5372.5
6924.6
6925.212
7166.2
7166.4
7366.2
7415.5
7420.4
7422.5
7425.4
7447.5
7450.4
7452.5
7455.4
7479.5
7482.4
7485.5
7488.4
7490.5
7495.4
7507.5
7766.3
8166.1
8889.4
8891.5
9298.6
9663.6
9664.212
9744.2
9744.4
9944.2
9983.5
9987.4
9995.5
9997.4
10020.5
10023.4
10027.5
10028.4
10031.5
10034.4
10096.5
10097.4
10197.5
10344.3
10744.1
11106.6
11289.4
11312.5
11321.4
11362.5
11415.6
11416.212
11490.2
11490.4
11690.2
11793.5
11796.4
11856.5
11859.4
11997.5
12090.3
12158.6
12313.6
12342.6
12384.6
12490.1
12506.6
12521.211
12521.6
12757.211
12757.6
12884.211
12884.6
12960.211
12960.6
13113.211
13113.6
13141.211
13141.6
13233.211
13233.6
14071.4
14081.5
14195.6
14196.212
14242.2
14242.4
14442.2
14472.5
14473.4
14482.5
14485.4
14518.5
14521.4
14605.5
14608.4
14656.5
14660.4
14663.5
14665.4
14720.5
14777.4
14808.5
14842.3
14974.8
15242.1
16280.6
16350.211
16350.6
16404.211
16404.6
16426.211
16426.6
16496.211
16496.6
16633.211
16633.6
16774.211
16774.6
16884.211
16884.6
17058.211
17058.6
17146.4
17214.5
17298.211
17298.6
17380.211
17380.6
17545.211
17545.6
17861.4
17891.5
17978.6
17979.212
18046.2
18046.4
18246.2
18313.5
18314.4
18325.5
18326.4
18362.5
18364.4
18412.5
18415.4
18424.5
18428.4
18517.5
18646.3
18669.6
19046.1
19270.4
19292.5
19371.6
19482.211
19482.6
19582.211
19582.6
19652.4
19676.5
19764.211
19764.6
19934.211
19934.6
20052.211
20052.6
20184.211
20184.6
20237.211
20237.6
20257.211
20257.6
20342.211
20342.6
20368.211
20368.6
20572.211
20572.6
20657.4
20702.5
20708.4
20719.5
20795.211
20795.6
20885.211
20885.6
20985.211
20985.6
21204.4
21217.5
21321.6
21322.212
21380.2
21380.4
21580.2
21602.5
21604.4
21649.5
21650.4
21682.5
21683.4
21705.5
21708.4
21729.5
21731.4
21767.5
21770.4
21792.5
21793.4
21804.5
21806.4
21827.5
21980.3
22380.1
23227.6
23358.4
23415.5
23535.6
23536.212
23584.2
23584.4
23784.2
23902.5
23905.4
23940.5
23941.4
23976.5
23980.4
24036.5
24040.4
24044.5
24184.3
24263.4
24277.5
24584.1
24883.6
24927.4
24959.5
25034.211
25034.6
25121.211
25121.6
25158.211
25158.6
25184.211
25184.6
25233.4
25275.5
25367.211
25367.6
25487.211
25487.6
25635.4
25683.5
25779.211
25779.6
25879.4
25912.5
26008.211
26008.6
26202.211
26202.6
26247.4
26288.5
26391.211
26391.6
26461.4
26528.5
26655.211
26655.6
26770.211
26770.6
26822.211
26822.6
26905.4
26921.5
27119.4
27152.5
27240.6
27241.212
27296.2
27296.4
27496.2
27510.5
27511.4
27520.5
27521.4
27555.5
27557.4
27565.5
27569.4
27572.5
27580.4
27588.5
27590.4
27625.5
27627.4
27649.5
27652.4
27661.5
27665.4
27699.5
27701.4
27733.5
27738.4
27873.5
27896.3
28185.6
28231.4
28238.5
28252.4
28296.1
28317.5
28417.6
28573.211
28573.6
28619.4
28659.5
28756.211
28756.6
28787.211
28787.6
28806.211
28806.6
28947.211
28947.6
29172.4
29189.5
29266.6
29267.212
29309.2
29309.4
29509.2
29593.5
29595.4
29666.5
29669.4
29717.5
29718.4
29727.5
29731.4
29763.5
29767.4
29835.5
29909.3
30309.1
30707.6
30801.211
30801.6
31138.6
31139.212
31185.2
31185.4
31385.2
31560.5
31561.4
31595.5
31596.4
31643.5
31645.4
31654.5
31658.4
31765.5
31769.4
31785.3
31843.5
32185.1
32242.4
32245.5
32333.6
32432.211
32432.6
32513.211
32513.6
32592.211
32592.6
32694.211
32694.6
32879.4
32911.5
33131.4
33183.5
33216.4
33241.5
33301.6
33302.212
33338.2
33338.4
33538.2
33565.5
33568.4
33577.5
33579.4
33636.5
33638.4
33673.5
33675.4
33747.5
33750.4
33784.5
33786.4
33809.5
33810.4
33819.5
33823.4
33854.5
33938.3
34338.1
34475.6
34498.211
34498.6
34520.4
34543.5
34598.211
34598.6
34676.211
34676.6
34724.211
34724.6
34743.211
34743.6
34762.211
34762.6
35067.6
35068.212
35118.2
35118.4
35318.2
35388.5
35389.4
35399.5
35400.4
35471.5
35473.4
35495.5
35496.4
35520.5
35522.4
35532.5
35533.4
35580.5
35584.4
35630.5
35631.4
35674.5
35718.3
36118.1
36235.6
36280.4
36311.5
36414.211
36414.6
36531.211
36531.6
36737.4
36788.5
36871.6
36872.212
36912.2
36912.4
37112.2
37163.5
37165.4
37197.5
37201.4
37208.5
37211.4
37220.5
37223.4
37234.5
37235.4
37245.5
37247.4
37281.5
37282.4
37305.5
37307.4
37317.5
37320.4
37341.5
37344.4
37352.5
37356.4
37401.5
37402.4
37424.5
37428.4
37431.5
37433.4
37436.5
37437.4
37465.5
37512.3
37678.4
37698.5
37806.6
37912.1
38104.4
38124.5
38177.6
38307.211
38307.6
38481.4
38507.5
38611.6
38612.212
38658.2
38658.4
38858.2
38861.5
38864.4
38871.5
38879.4
38881.5
38887.4
38894.5
38898.4
38906.5
38911.4
38913.5
38914.4
38917.5
38922.4
38930.5
38931.4
38942.5
38945.4
38949.5
38957.4
38992.5
38995.4
39031.5
39033.4
39069.5
39071.4
39081.5
39084.4
39092.5
39096.4
39105.5
39108.4
39113.5
39114.4
39116.5
39121.4
39153.5
39157.4
39164.5
39169.4
39190.5
39192.4
39227.5
39231.4
39237.5
39244.4
39250.5
39258.3
39658.1
39690.6
39890.4
39905.5
40090.6
40091.212
40119.2
40119.4
40319.2
40355.5
40358.4
40436.5
40437.4
40497.5
40498.4
40557.5
40560.4
40605.5
40607.4
40641.5
40644.4
40665.5
40669.4
40689.5
40692.4
40719.3
40759.5
41119.1
41214.6
41260.4
41288.5
41298.4
41316.5
41404.211
41404.6
41504.211
41504.6
41624.211
41624.6
41664.4
41671.5
41740.4
41779.5
41791.4
41813.5
41933.6
41934.212
41982.2
41982.4
42182.2
42189.5
42191.4
42199.5
42200.4
42211.5
42212.4
42221.5
42224.4
42269.5
42272.4
42280.5
42282.4
42317.5
42320.4
42341.5
42343.4
42352.5
42355.4
42388.5
42390.4
42424.5
42428.4
42582.3
42597.5
42982.1
43101.6
43136.4
43200.5
43272.211
43272.6
43345.4
43349.5
43412.211
43412.6
43508.211
43508.6
43621.4
43658.5
43770.211
43770.6
44052.4
44090.5
44193.6
44194.212
44242.2
44242.4
44442.2
44453.5
44455.4
44464.5
44467.4
44475.5
44477.4
44499.5
44502.4
44511.5
44513.4
44547.5
44550.4
44558.5
44561.4
44595.5
44599.4
44631.5
44634.4
44655.5
44658.4
44667.5
44671.4
44693.5
44694.4
44703.5
44707.4
44729.5
44732.4
44740.5
44745.4
44767.5
44842.3
45209.6
45242.1
45734.6
45845.211
45845.6
45929.211
45929.6
45974.211
45974.6
46046.4
46064.5
46118.4
46129.5
46223.211
46223.6
46319.211
46319.6
46375.4
46431.5
46517.211
46517.6
46616.211
46616.6
46672.4
46701.5
46769.4
46772.5
46916.211
46916.6
46977.211
46977.6
47103.4
47130.5
47223.211
47223.6
47354.211
47354.6
47602.211
47602.6
47712.211
47712.6
47784.211
47784.6
48898.6
48899.212
48930.2
48930.4
49130.2
49166.5
49168.4
49189.5
49193.4
49202.5
49203.4
49213.5
49215.4
49237.5
49240.4
49249.5
49251.4
49261.5
49265.4
49274.5
49276.4
49287.5
49288.4
49294.5
49303.4
49310.5
49313.4
49323.5
49326.4
49336.5
49339.4
49363.5
49364.4
49374.5
49375.4
49396.5
49530.3
49930.1
50310.6
50364.4
50390.5
50432.4
50440.5
50444.4
50449.5
50468.4
50482.5
50544.211
50544.6
50690.211
50690.6
50750.4
50770.5
52264.6
52265.212
52306.2
52306.4
52506.2
52523.5
52526.4
52534.5
52539.4
52546.5
52548.4
52557.5
52562.4
52568.5
52575.4
52580.5
52906.3
53306.1
53520.6
53557.4
53729.5
53855.6
53856.212
53905.2
53905.4
54105.2
54128.5
54129.4
54137.5
54141.4
54172.5
54175.4
54209.5
54211.4
54221.5
54223.4
54271.5
54272.4
54316.5
54322.4
54354.5
54356.4
54365.5
54369.4
54413.5
54416.4
54449.5
54451.4
54472.5
54475.4
54484.5
54505.3
54872.6
54905.1
55077.6
55123.211
55123.6
55151.211
55151.6
55242.211
55242.6
55501.4
55517.5
55583.6
55584.212
55620.2
55620.4
55820.2
55845.5
55846.4
55856.5
55858.4
55891.5
55893.4
55903.5
55905.4
55939.5
55941.4
55970.5
55972.4
55974.5
55979.4
56011.5
56013.4
56022.5
56025.4
56034.5
56036.4
56047.5
56048.4
56058.5
56060.4
56093.5
56097.4
56118.5
56120.4
56127.5
56133.4
56164.5
56167.4
56200.5
56204.4
56220.3
56237.5
56239.4
56262.5
56263.4
56272.5
56277.4
56380.5
56439.4
56458.5
56620.1
56621.8
56663.8
56770.4
56781.5
56863.6
56898.4
56946.5
57106.211
57106.6
57351.211
57351.6
57413.211
57413.6
57730.6
57731.212
57763.2
57763.4
57963.2
57998.5
58001.4
58010.5
58011.4
58045.5
58047.4
58070.5
58073.4
58109.5
58111.4
58121.5
58124.4
58169.5
58171.4
58205.5
58210.4
58267.5
58271.4
58304.5
58307.4
58340.5
58343.4
58363.3
58376.5
58379.4
58400.5
58763.1
58961.6
59043.211
59043.6
59098.211
59098.6
59200.211
59200.6
59446.211
59446.6
59621.4
59632.5
59646.4
59657.5
59742.211
59742.6
59786.4
59824.5
59891.211
59891.6
59948.211
59948.6
60013.211
60013.6
60121.211
60121.6
60149.4
60211.5
60299.211
60299.6
60380.211
60380.6
60399.211
60399.6
60441.4
60470.5
60715.4
60732.5
60797.6
60798.212
60850.2
60850.4
61050.2
61073.5
61450.3
61850.1
62802.6
62861.211
62861.6
63155.4
63166.5
63251.6
63252.212
63289.2
63289.4
63489.2
63525.5
63529.4
63538.5
63540.4
63549.5
63552.4
63560.5
63566.4
63571.5
63889.3
64289.1
64549.6
64567.211
64567.6
64634.211
64634.6
64739.211
64739.6
64867.4
64881.5
64965.211
64965.6
65035.211
65035.6
65333.4
65351.5
65422.6
65423.212
65456.2
65456.4
65656.2
65686.5
65688.4
65698.5
65701.4
65708.5
65710.4
65733.5
65735.4
65805.5
65809.4
65854.5
65856.4
65892.5
65894.4
65916.5
65920.4
65953.5
65956.4
65964.5
65969.4
65998.5
66002.4
66035.5
66040.4
66056.3
66070.5
66073.4
66094.5
66096.4
66130.5
66131.4
66144.5
66456.1
66838.6
67022.4
67034.5
67105.211
67105.6
67146.4
67148.5
67193.4
67223.5
67284.211
67284.6
67352.211
67352.6
67617.4
67631.5
67633.4
67641.5
67712.6
67713.212
67755.2
67755.4
67955.2
68007.5
68010.4
68030.5
68033.4
68043.5
68045.4
68092.5
68094.4
68140.5
68142.4
68164.5
68167.4
68176.5
68179.4
68206.5
68208.4
68210.5
68215.4
68236.5
68237.4
68247.5
68250.4
68271.5
68272.4
68282.5
68285.4
68306.5
68308.4
68317.5
68322.4
68355.3
68355.5
68357.4
68416.5
68419.4
68465.5
68755.1
68971.6
69164.4
69178.5
69245.211
69245.6
69340.211
69340.6
69384.211
69384.6
69409.211
69409.6
69559.4
69567.5
69693.4
69708.5
69721.4
69728.5
69807.6
69808.212
69854.2
69854.4
70054.2
70073.5
70076.4
70085.5
70090.4
70096.5
70099.4
70109.5
70111.4
70153.5
70154.4
70157.5
70160.4
70194.5
70195.4
70207.5
70208.4
70219.5
70220.4
70242.5
70243.4
70255.5
70258.4
70268.5
70269.4
70291.5
70294.4
70326.5
70328.4
70360.5
70365.4
70399.5
70400.4
70422.5
70423.4
70434.5
70436.4
70454.3
70469.5
70470.4
70479.5
70484.4
70491.5
70495.4
70562.5
70579.4
70584.5
70854.1
71013.4
71019.5
71091.6
71199.211
71199.6
71443.4
71455.5
71548.6
71549.212
71588.2
71588.4
71788.2
71817.5
71820.4
71827.5
71833.4
71839.5
71841.4
71862.5
71867.4
71875.5
71877.4
71912.5
71915.4
71949.5
71951.4
71961.5
71965.4
71969.5
71970.4
71973.5
71976.4
72010.5
72013.4
72033.5
72036.4
72045.5
72049.4
72082.5
72085.4
72119.5
72120.4
72131.5
72134.4
72166.5
72170.4
72174.5
72175.4
72177.5
72180.4
72188.3
72201.5
72205.4
72226.5
72228.4
72237.5
72241.4
72263.5
72264.4
72273.5
72277.4
72298.5
72303.4
72367.5
72512.8
72588.1
72589.4
72607.5
72790.6
72918.211
72918.6
72958.4
72960.5
72968.4
73000.5
73088.4
73111.5
73193.211
73193.6
73327.211
73327.6
73368.4
73421.5
73665.6
73666.212
73703.2
73703.4
73903.2
73931.5
73933.4
73953.5
73958.4
73965.5
73968.4
74002.5
74003.4
74015.5
74016.4
74052.5
74053.4
74064.5
74066.4
74100.5
74103.4
74125.5
74128.4
74138.5
74140.4
74174.5
74179.4
74210.5
74214.4
74242.5
74243.4
74245.5
74249.4
74257.5
74261.4
74283.5
74287.4
74303.3
74309.5
74311.4
74352.5
74703.1
74794.6
75102.4
75110.5
75175.6
75176.212
75215.2
75215.4
75415.2
75434.5
75436.4
75445.5
75448.4
75458.5
75459.4
75494.5
75495.4
75530.5
75532.4
75629.5
75630.4
75640.5
75643.4
75666.5
75668.4
75702.5
75705.4
75727.5
75729.4
75738.5
75741.4
75776.5
75779.4
75808.5
75809.4
75812.5
75815.3
75815.4
75861.5
76037.6
76076.4
76088.5
76215.1
76314.6
76355.211
76355.6
76668.6
76669.212
76708.2
76708.4
76908.2
76927.5
76929.4
76939.5
76942.4
76951.5
76953.4
76986.5
76991.4
77023.5
77025.4
77073.5
77074.4
77135.5
77137.4
77147.5
77149.4
77180.5
77185.4
77205.5
77206.4
77215.5
77220.4
77254.5
77255.4
77290.5
77293.4
77308.3
77351.5
77359.4
77421.5
77708.1
77957.6
77999.4
78013.5
78066.211
78066.6
78140.211
78140.6
78216.211
78216.6
78342.4
78366.5
78461.211
78461.6
78567.211
78567.6
78609.4
78663.5
78666.4
78668.5
78678.4
78684.5
78685.4
78730.5
78822.211
78822.6
78932.211
78932.6
79171.4
79173.5
79267.6
79268.212
79311.2
79311.4
79511.2
79542.5
79543.4
79553.5
79555.4
79578.5
79579.4
79588.5
79591.4
79615.5
79616.4
79651.5
79654.4
79688.5
79691.4
79700.5
79702.4
79714.5
79715.4
79726.5
79728.4
79761.5
79767.4
79800.5
79801.4
79883.5
79886.4
79908.5
79910.4
79911.3
79918.5
79922.4
79992.5
80311.1
80396.6
80455.211
80455.6
80523.211
80523.6
80584.4
80602.5
80665.4
80680.5
80780.211
80780.6
81062.4
81082.5
81158.6
81159.212
81208.2
81208.4
81408.2
81441.5
81442.4
81464.5
81466.4
81475.5
81477.4
81488.5
81489.4
81550.5
81551.4
81562.5
81563.4
81599.5
81600.4
81634.5
81638.4
81660.5
81662.4
81672.5
81674.4
81683.5
81688.4
81709.5
81710.4
81720.5
81724.4
81758.5
81760.4
81808.3
81820.5
81822.4
81880.5
82208.1
82671.6
82773.211
82773.6
82905.4
82932.5
83011.211
83011.6
83099.4
83100.5
83101.4
83128.5
83316.4
83322.5
83430.6
83431.212
83476.2
83476.4
83676.2
83695.5
83697.4
83705.5
83709.4
83718.5
83720.4
83753.5
83758.4
83765.5
83767.4
83789.5
83790.4
83801.5
83804.4
83814.5
83816.4
83827.5
83829.4
83839.5
83841.4
83864.5
83866.4
83877.5
83879.4
83889.5
83893.4
83915.5
83918.4
83951.5
83955.4
83964.5
83967.4
83989.5
83991.4
84001.5
84004.4
84026.5
84029.4
84052.5
84054.4
84062.5
84066.4
84074.5
84076.3
84476.1
84592.6
84712.4
84718.5
84788.211
84788.6
84823.4
84835.5
84884.211
84884.6
85021.211
85021.6
85209.4
85214.5
85286.211
85286.6
85394.211
85394.6
85452.211
85452.6
85525.211
85525.6
85572.211
85572.6
85725.8
85743.8
85828.4
85843.5
85845.4
85849.5
85850.4
85858.5
85957.6
85958.212
86003.2
86003.4
86203.2
86223.5
86603.3
87003.1
88561.6
88728.211
88728.6
88844.211
88844.6
89131.211
89131.6
89198.211
89198.6
89519.6
89520.212
89560.2
89560.4
89760.2
89790.5
90160.3
90560.1
90937.6
90988.4
90992.5
91050.211
91050.6
91155.211
91155.6
91281.211
91281.6
91456.211
91456.6
91527.4
91534.5
91782.6
91783.212
91837.2
91837.4
92037.2
92050.5
92055.4
92062.5
92063.4
92072.5
92078.4
92080.5
92081.4
92083.5
92437.3
92568.4
92579.5
92837.1
93461.6
93490.4
93557.5
93646.211
93646.6
93698.4
93711.5
93776.211
93776.6
93879.211
93879.6
93945.211
93945.6
93987.211
93987.6
94163.4
94186.5
94199.4
94212.5
94330.6
94331.212
94381.2
94381.4
94581.2
94597.5
94600.4
94610.5
94613.4
94619.5
94625.4
94633.5
94636.4
94644.5
94648.4
94671.5
94672.4
94719.5
94722.4
94733.5
94735.4
94769.5
94773.4
94781.5
94784.4
94818.5
94821.4
94843.5
94846.4
94853.5
94858.4
94878.5
94881.4
94885.5
94894.4
94927.5
94928.4
94962.5
94965.4
94981.3
95021.5
95026.4
95059.5
95062.4
95096.5
95099.4
95144.5
95149.4
95169.5
95381.1
96149.6
96248.211
96248.6
96835.6
96836.212
96885.2
96885.4
97085.2
97103.5
97106.4
97113.5
97116.4
97125.5
97127.4
97160.5
97162.4
97196.5
97199.4
97234.5
97236.4
97270.5
97272.4
97305.5
97309.4
97341.5
97345.4
97377.5
97381.4
97414.5
97417.4
97450.5
97452.4
97475.5
97476.4
97485.3
97485.5
97490.4
97547.5
97885.1
98364.6
98474.211
98474.6
99225.6
99226.212
99301.2
99301.4
99501.2
99538.5
99540.4
99550.5
99552.4
99573.5
99577.4
99598.5
99601.4
99609.5
99614.4
99635.5
99636.4
99660.5
99663.4
99710.5
99712.4
99735.5
99738.4
99760.5
99764.4
99786.5
99789.4
99797.5
99802.4
99836.5
99839.4
99873.5
99876.4
99901.3
99940.5
100301.1
100794.6
100817.211
100817.6
100943.4
101014.5
101077.211
101077.6
101137.211
101137.6
101184.211
101184.6
101232.211
101232.6
101298.211
101298.6
101307.211
101307.6
101459.4
101490.5
101572.211
101572.6
101782.211
101782.6
102153.6
102154.212
102238.2
102238.4
102438.2
102471.5
102474.4
102495.5
102498.4
102500.5
102501.4
102504.5
102525.4
102529.5
102838.3
103156.8
103168.8
103238.1
103394.4
103401.5
103586.6
106193.6
106194.212
106270.2
106270.4
106470.2
106504.5
106512.4
106516.5
106870.3
107270.1
109094.6
109123.211
109123.6
109156.211
109156.6
109295.211
109295.6
109517.211
109517.6
110710.6
110711.212
110760.2
110760.4
110960.2
110993.5
110999.4
111001.5
111360.3
111760.1
112121.4
112127.5
112285.4
112312.5
112391.6
112404.211
112404.6
112488.4
112541.5
112542.4
112572.5
112682.211
112682.6
112805.4
112838.5
112844.4
112921.5
113024.6
113025.212
113060.2
113060.4
113260.2
113284.5
113286.4
113292.5
113298.4
113305.5
113310.4
113317.5
113660.3
114060.1
114580.6
116041.6
116042.212
116102.2
116102.4
116288.5
116302.2
116702.3
117102.1
119644.6
119760.211
119760.6
119800.211
119800.6
119982.4
120005.5
120126.6
120127.212
120169.2
120169.4
120369.2
120420.5
120424.4
120458.5
120460.4
120520.5
120522.4
120557.5
120558.4
120568.5
120569.4
120616.5
120618.4
120651.5
120654.4
120663.5
120667.4
120688.5
120689.4
120725.5
120726.4
120769.3
120771.5
120777.4
120884.5
121169.1
121192.8
121252.4
121274.5
121364.6
121456.211
121456.6
121500.4
121593.5
121672.211
121672.6
121772.211
121772.6
121821.4
121913.5
122152.6
122153.212
122199.2
122199.4
122399.2
122414.5
122418.4
122426.5
122431.4
122437.5
122440.4
122451.5
122452.4
122462.5
122467.4
122474.5
122475.4
122513.5
122515.4
122524.5
122527.4
122561.5
122564.4
122598.5
122601.4
122610.5
122611.4
122622.5
122623.4
122658.5
122661.4
122695.5
122698.4
122706.5
122711.4
122744.5
122747.4
122779.5
122784.4
122799.3
122816.5
122820.4
122853.5
122857.4
122897.5
122898.4
122900.5
122906.4
122938.5
122941.4
122974.5
122977.4
123095.5
123199.1
123237.4
123249.5
123336.6
123378.4
123427.5
123502.211
123502.6
123541.4
123672.5
123699.4
123705.5
123710.4
123712.5
123822.6
123823.212
123861.2
123861.4
124061.2
124070.5
124078.4
124079.5
124461.3
124861.1
124988.6
125122.4
125177.5
125363.6
125364.212
125415.2
125415.4
125615.2
125642.5
125646.4
125653.5
125657.4
125665.5
125668.4
125691.5
125692.4
125726.5
125728.4
125763.5
125766.4
125788.5
125790.4
125823.5
125827.4
125860.5
125863.4
125895.5
125899.4
125930.5
125935.4
125967.5
125969.4
126004.5
126006.4
126015.3
126052.5
126053.4
126087.5
126089.4
126098.5
126100.4
126123.5
126126.4
126146.5
126415.1
127004.6
127108.4
127159.5
127293.211
127293.6
127407.211
127407.6
127446.4
127504.5
127505.4
127507.5
127672.211
127672.6
127813.211
127813.6
127928.211
127928.6
127973.4
127988.5
128030.4
128077.5
128194.211
128194.6
128314.4
128358.5
128359.4
128380.5
128595.6
128596.212
128645.2
128645.4
128845.2
128850.5
128860.4
128861.5
129245.3
129645.1
129797.4
129804.5
129867.6
129894.4
129948.5
130024.211
130024.6
130071.211
130071.6
130189.211
130189.6
130349.4
130365.5
130601.6
130602.212
130652.2
130652.4
130846.5
130850.4
130852.2
130858.5
130866.4
130868.5
131085.4
131137.5
131252.3
131378.4
131380.5
131652.1
132138.6
132219.211
132219.6
132361.211
132361.6
132421.211
132421.6
132473.4
132516.5
132577.211
132577.6
132703.211
132703.6
132868.211
132868.6
132958.211
132958.6
133163.211
133163.6
133365.4
133382.5
133515.6
133516.212
133555.2
133555.4
133755.2
133779.5
133781.4
133788.5
133794.4
133800.5
134155.3
134555.1
134648.6
134725.211
134725.6
134772.211
134772.6
134787.211
134787.6
134848.211
134848.6
135495.6
135496.212
135537.2
135537.4
135737.2
135758.5
135759.4
135767.5
135773.4
135774.5
135775.4
135778.5
136137.3
136537.1
137769.6
137807.211
137807.6
137835.211
137835.6
137929.211
137929.6
138331.6
138332.212
138383.2
138383.4
138583.2
138595.5
138983.3
139383.1
141728.6
141833.211
141833.6
142093.4
142094.5
142186.6
142187.212
142219.2
142219.4
142419.2
142455.5
142458.4
142463.5
142819.3
143219.1
143582.6
143634.4
143665.5
143841.4
143867.5
143922.6
143923.212
143956.2
143956.4
144156.2
144188.5
144191.4
144200.5
144203.4
144212.5
144215.4
144224.5
144229.4
144235.5
144556.3
144859.8
144930.4
144932.5
144956.1
145397.6
145603.4
145631.5
145688.211
145688.6
145744.4
145863.5
145958.211
145958.6
146056.211
146056.6
146115.4
146232.5
146296.211
146296.6
146405.4
146461.5
146549.211
146549.6
146699.4
146716.5
146727.4
146746.5
146808.211
146808.6
146884.211
146884.6
147027.211
147027.6
147057.211
147057.6
147218.211
147218.6
147512.211
147512.6
147628.211
147628.6
147789.211
147789.6
147856.4
147865.5
148006.211
148006.6
148192.4
148217.5
148305.211
148305.6
148656.4
148671.5
148763.6
148764.212
148810.2
148810.4
149010.2
149034.5
149410.3
149810.1
149957.4
149974.5
150083.6
150137.4
150238.5
150302.211
150302.6
150404.211
150404.6
150448.4
150578.5
150662.211
150662.6
150911.211
150911.6
151022.211
151022.6
151128.211
151128.6
151287.8
151336.4
151356.5
151357.4
151360.5
151537.6
151538.212
151579.2
151579.4
151779.2
151800.5
151807.4
151809.5
152179.3
152579.1
152974.4
153006.5
153059.6
153181.211
153181.6
153637.4
153677.5
153751.6
153752.212
153788.2
153788.4
153988.2
154019.5
154023.4
154031.5
154034.4
154042.5
154047.4
154053.5
154061.4
154064.5
154388.3
154552.4
154562.5
154611.4
154617.5
154626.4
154640.5
154788.1
154929.4
155030.5
155035.4
155055.5
155061.4
155095.5
155200.4
155266.5
155275.4
155277.5
155290.4
155311.5
155334.4
155415.5
155417.4
155487.5
155571.4
155597.5
155617.4
155636.5
155715.6
155837.4
155849.5
155886.4
155944.5
156094.4
156096.5
156120.4
156160.5
156244.6
156245.212
156282.2
156282.4
156482.2
156510.5
156516.4
156518.5
156520.4
156522.5
156528.4
156530.5
156532.4
156534.5
156540.4
156547.5
156882.3
157282.1
157582.8
157663.4
157676.5
157754.6
157794.4
157819.5
157845.4
157912.5
157940.4
157993.5
158064.6
158065.212
158104.2
158104.4
158304.2
158333.5
158335.4
158342.5
158704.3
159104.1
159403.6
159881.6
159882.212
159937.2
159937.4
160137.2
160152.5
160537.3
160937.1
161143.6
161220.211
161220.6
161375.8
161487.8
161605.4
161614.5
161701.6
161702.212
161736.2
161736.4
161936.2
161962.5
162336.3
162736.1
162921.6
162998.4
163034.5
163107.211
163107.6
163142.4
163189.5
163248.211
163248.6
163321.211
163321.6
163422.211
163422.6
163638.8
163719.4
163732.5
163733.4
163740.5
163831.6
163832.212
163871.2
163871.4
164071.2
164092.5
164096.4
164102.5
164108.4
164115.5
164118.4
164127.5
164131.4
164138.5
164143.4
164151.5
164156.4
164164.5
164168.4
164177.5
164180.4
164190.5
164193.4
164201.5
164207.4
164216.5
164218.4
164228.5
164231.4
164252.5
164256.4
164265.5
164267.4
164278.5
164281.4
164289.5
164294.4
164325.5
164331.4
164350.5
164352.4
164363.5
164366.4
164387.5
164389.4
164423.5
164425.4
164471.3
164471.5
164475.4
164508.5
164512.4
164534.5
164536.4
164544.5
164548.4
164569.5
164572.4
164607.5
164609.4
164618.5
164622.4
164643.5
164647.4
164680.5
164683.4
164718.5
164720.4
164789.5
164871.1
164883.4
164920.5
165090.6
165130.4
165139.5
165197.211
165197.6
165380.211
165380.6
165559.211
165559.6
165730.4
165764.5
165883.6
165884.212
165936.2
165936.4
166136.2
166141.5
166536.3
166936.1
169329.4
169528.5
169757.4
169768.5
169882.6
170061.211
170061.6
170234.211
170234.6
170496.211
170496.6
170619.211
170619.6
170776.211
170776.6
171183.6
171184.212
171231.2
171231.4
171431.2
171462.5
171464.4
171468.5
171831.3
172231.1
173003.4
173058.5
173136.6
173215.211
173215.6
173308.211
173308.6
173375.4
173397.5
173695.6
173696.212
173742.2
173742.4
173942.2
173980.5
173985.4
173991.5
174342.3
174742.1
175414.6
175454.4
175463.5
175464.4
175496.5
175549.211
175549.6
175734.211
175734.6
175780.4
175935.5
176072.8
176137.4
176145.5
176249.6
176250.212
176288.2
176288.4
176488.2
176509.5
176515.4
176521.5
176888.3
177216.6
177288.1
177671.6
177795.211
177795.6
177913.211
177913.6
178023.4
178049.5
178158.211
178158.6
178236.211
178236.6
178404.211
178404.6
178465.4
178524.5
178688.4
178691.5
178699.4
178712.5
178871.6
178872.212
178914.2
178914.4
179114.2
179137.5
179144.4
179146.5
179514.3
179685.8
179753.4
179779.5
179914.1
179922.4
180000.9
123456789
