4
07
17
4
07
17
0
0
0
2
14
25
00
14
58
00
6
2
3983
0
0
0
314159265
54
1333
661
180000
314159265
0.1
1033.8
1847.8
1896.2
1896.4
2096.3
2118.5
2121.4
2129.5
2133.4
2191.5
2697.8
2793.8
2842.8
2896.1
3004.4
3007.5
3101.8
3127.211
3127.8
3187.211
3187.8
3228.211
3228.8
3273.4
3276.5
3356.211
3356.8
3384.211
3384.8
3398.211
3398.8
3401.211
3401.8
3415.211
3415.8
3510.211
3510.8
3755.211
3755.8
3779.211
3779.8
3814.211
3814.8
3833.211
3833.8
3847.211
3847.8
3911.211
3911.8
4004.4
4007.5
4090.211
4090.8
4154.211
4154.8
4169.211
4169.8
4278.211
4278.8
4298.211
4298.8
4428.211
4428.8
4449.211
4449.8
4453.211
4453.8
4537.4
4569.5
4797.8
4812.8
4866.2
4866.4
5066.3
5105.5
5108.4
5116.5
5121.4
5128.5
5130.4
5139.5
5145.4
5146.5
5147.4
5150.5
5156.4
5253.5
5589.8
5675.8
5690.8
5693.8
5832.8
5843.8
5857.8
5866.1
6109.8
6126.211
6126.8
6184.211
6184.8
6204.211
6204.8
6286.211
6286.8
6299.211
6299.8
6437.4
6443.5
6505.211
6505.8
6606.211
6606.8
6677.211
6677.8
6698.211
6698.8
6764.4
6800.5
6878.211
6878.8
6909.211
6909.8
6968.211
6968.8
6998.211
6998.8
7051.4
7130.5
7193.211
7193.8
7216.211
7216.8
7235.211
7235.8
7446.211
7446.8
7469.211
7469.8
7491.211
7491.8
7551.211
7551.8
7643.211
7643.8
7653.211
7653.8
7670.211
7670.8
8095.8
8166.2
8166.4
8366.3
8410.5
8414.4
8423.5
8424.4
8455.5
8459.4
8502.5
9166.1
9682.8
9804.211
9804.8
9809.211
9809.8
9921.211
9921.8
9930.211
9930.8
9949.211
9949.8
10770.8
10823.2
10823.4
11023.3
11052.5
11054.4
11062.5
11066.4
11073.5
11076.4
11085.5
11088.4
11096.5
11100.4
11108.5
11110.4
11120.5
11124.4
11127.5
11128.4
11131.5
11138.4
11143.5
11370.8
11404.8
11424.8
11480.8
11524.8
11612.8
11622.8
11702.8
11718.8
11823.1
11898.8
12015.4
12028.5
12036.4
12051.5
12104.211
12104.8
12136.211
12136.8
12248.211
12248.8
12260.211
12260.8
12367.211
12367.8
12462.211
12462.8
12578.211
12578.8
12602.211
12602.8
12656.211
12656.8
12966.8
12972.8
13039.2
13039.4
13239.3
13271.5
13274.4
13282.5
13284.4
13304.5
13306.4
13316.5
13318.4
13337.5
13920.8
14034.8
14039.1
14063.8
14124.211
14124.8
14193.211
14193.8
14247.211
14247.8
14274.211
14274.8
14284.211
14284.8
14323.211
14323.8
14394.211
14394.8
14410.211
14410.8
14470.211
14470.8
14475.211
14475.8
14546.211
14546.8
14569.211
14569.8
14733.211
14733.8
14791.211
14791.8
14821.211
14821.8
14926.211
14926.8
15059.211
15059.8
15084.211
15084.8
15096.211
15096.8
15119.211
15119.8
15178.211
15178.8
15187.211
15187.8
15278.4
15351.5
15405.4
15426.5
15489.8
15525.2
15525.4
15725.3
15771.5
15773.4
15782.5
15784.4
15805.5
15807.4
15876.5
16424.8
16488.8
16525.1
16536.8
16657.211
16657.8
16677.211
16677.8
16700.211
16700.8
16761.211
16761.8
16777.211
16777.8
16792.211
16792.8
16803.211
16803.8
16902.211
16902.8
16912.211
16912.8
17006.4
17009.5
17075.211
17075.8
17103.211
17103.8
17121.211
17121.8
17256.211
17256.8
17297.211
17297.8
17314.211
17314.8
17336.211
17336.8
17362.211
17362.8
17454.4
17473.5
17599.211
17599.8
17616.211
17616.8
17721.211
17721.8
17722.211
17722.8
17735.211
17735.8
18093.4
18104.5
18158.8
18216.2
18216.4
18416.3
18455.5
18457.4
18467.5
18468.4
18489.5
18492.4
18500.5
18996.8
19093.8
19107.8
19145.8
19216.1
19228.8
19354.211
19354.8
19470.211
19470.8
19487.211
19487.8
19547.211
19547.8
19631.211
19631.8
19666.211
19666.8
19752.211
19752.8
19896.211
19896.8
19969.211
19969.8
20031.4
20078.5
20139.211
20139.8
20160.211
20160.8
20209.211
20209.8
20306.211
20306.8
20558.211
20558.8
20581.211
20581.8
20673.211
20673.8
20907.211
20907.8
20916.211
20916.8
21205.211
21205.8
21386.211
21386.8
21396.211
21396.8
21425.211
21425.8
21492.4
21503.5
21568.211
21568.8
21599.211
21599.8
21637.211
21637.8
21711.211
21711.8
21744.211
21744.8
21832.211
21832.8
21864.211
21864.8
21930.211
21930.8
22220.4
22232.5
22553.8
22604.2
22604.4
22804.3
22845.5
22849.4
22856.5
22859.4
22867.5
22869.4
22878.5
22883.4
22885.5
23044.8
23354.8
23382.8
23543.4
23547.5
23604.1
24007.8
24010.211
24010.8
24021.211
24021.8
24086.211
24086.8
24106.211
24106.8
24186.211
24186.8
24213.211
24213.8
24254.211
24254.8
24266.211
24266.8
24281.211
24281.8
24319.211
24319.8
24382.211
24382.8
24417.211
24417.8
24421.211
24421.8
24469.211
24469.8
24508.211
24508.8
24522.211
24522.8
24544.211
24544.8
24638.4
24646.5
24703.211
24703.8
24724.211
24724.8
24748.211
24748.8
24758.211
24758.8
24780.211
24780.8
24794.211
24794.8
24815.211
24815.8
24850.211
24850.8
24900.211
24900.8
24924.211
24924.8
24935.211
24935.8
24965.211
24965.8
25117.4
25118.5
25179.211
25179.8
25197.211
25197.8
25299.211
25299.8
25318.211
25318.8
25345.211
25345.8
25373.211
25373.8
25413.211
25413.8
25466.211
25466.8
25516.211
25516.8
25629.4
25643.5
25654.4
25682.5
25764.211
25764.8
25813.211
25813.8
25837.211
25837.8
26313.8
26362.2
26362.4
26562.3
26604.5
26608.4
26615.5
26618.4
26626.5
26628.4
26637.5
26641.4
26647.5
26883.8
27362.1
27398.8
27446.211
27446.8
27470.211
27470.8
27529.211
27529.8
27537.211
27537.8
27642.211
27642.8
27660.211
27660.8
27723.211
27723.8
27766.211
27766.8
27802.211
27802.8
27851.211
27851.8
28058.4
28068.5
28128.211
28128.8
28172.211
28172.8
29709.8
29755.2
29755.4
29955.3
29994.5
29998.4
30018.5
30019.4
30028.5
30030.4
30040.5
30042.4
30051.5
30054.4
30116.5
30696.8
30755.1
30860.8
30880.211
30880.8
30956.211
30956.8
30979.211
30979.8
31014.211
31014.8
31054.211
31054.8
31160.211
31160.8
31183.211
31183.8
31233.211
31233.8
31263.211
31263.8
31427.211
31427.8
31458.211
31458.8
31487.211
31487.8
31534.211
31534.8
31757.211
31757.8
31817.211
31817.8
31962.4
31975.5
32052.211
32052.8
32110.211
32110.8
32284.211
32284.8
32566.211
32566.8
32627.211
32627.8
32638.211
32638.8
32656.211
32656.8
32857.211
32857.8
32897.211
32897.8
32902.211
32902.8
32995.211
32995.8
33065.211
33065.8
33193.4
33202.5
33264.211
33264.8
33334.211
33334.8
33365.211
33365.8
33405.211
33405.8
33798.8
33852.2
33852.4
34052.3
34091.5
34094.4
34103.5
34105.4
34124.5
34128.4
34134.5
34793.8
34852.1
34854.8
34961.211
34961.8
35002.211
35002.8
35030.211
35030.8
35068.211
35068.8
35085.211
35085.8
35103.211
35103.8
35258.211
35258.8
35285.211
35285.8
35350.211
35350.8
35382.211
35382.8
35421.211
35421.8
35451.211
35451.8
35452.211
35452.8
35509.211
35509.8
35672.4
35699.5
35761.211
35761.8
35783.211
35783.8
35842.211
35842.8
35898.211
35898.8
36018.211
36018.8
36270.211
36270.8
36284.211
36284.8
36345.211
36345.8
36673.8
36722.2
36722.4
36922.3
36959.5
36960.4
36969.5
36972.4
36980.5
36984.4
36991.5
36995.4
37002.5
37007.4
37010.5
37458.8
37482.8
37542.8
37569.8
37574.8
37580.8
37722.1
37737.4
37751.5
37816.4
37828.5
37872.8
37932.211
37932.8
37959.211
37959.8
37997.211
37997.8
38007.211
38007.8
38017.211
38017.8
38040.211
38040.8
38088.211
38088.8
38193.211
38193.8
38236.211
38236.8
38247.211
38247.8
38277.211
38277.8
38369.4
38390.5
38467.211
38467.8
38480.211
38480.8
38550.211
38550.8
38833.211
38833.8
38874.211
38874.8
38892.211
38892.8
38930.211
38930.8
39268.8
39312.2
39312.4
39512.3
39557.5
39561.4
39568.5
39572.4
39580.5
39581.4
39590.5
39595.4
39601.5
39606.4
39651.5
39658.4
39660.5
39673.4
39730.5
40279.8
40311.8
40312.1
40427.8
40432.211
40432.8
40449.211
40449.8
40481.211
40481.8
40489.211
40489.8
40505.211
40505.8
40533.211
40533.8
40558.211
40558.8
40591.211
40591.8
40607.211
40607.8
40648.211
40648.8
40669.211
40669.8
40753.4
40755.5
40756.4
40763.5
40806.211
40806.8
40826.211
40826.8
40863.211
40863.8
40871.211
40871.8
40893.211
40893.8
40922.211
40922.8
40966.211
40966.8
41025.211
41025.8
41059.211
41059.8
41067.211
41067.8
41101.211
41101.8
41202.4
41206.5
41208.4
41210.5
41275.211
41275.8
41277.211
41277.8
41321.211
41321.8
41342.211
41342.8
41352.211
41352.8
41365.211
41365.8
41388.211
41388.8
41421.211
41421.8
41476.211
41476.8
41595.211
41595.8
41619.211
41619.8
41787.4
41790.5
41844.211
41844.8
41874.211
41874.8
41890.211
41890.8
41919.211
41919.8
41937.211
41937.8
41995.211
41995.8
42143.4
42180.5
42226.211
42226.8
42249.211
42249.8
42278.211
42278.8
42293.211
42293.8
42347.211
42347.8
42474.4
42489.5
42494.4
42532.5
42585.211
42585.8
42655.211
42655.8
42692.211
42692.8
42772.211
42772.8
43021.211
43021.8
43174.211
43174.8
43184.211
43184.8
43209.211
43209.8
43604.8
43666.2
43666.4
43866.3
43914.5
43916.4
43925.5
43927.4
43954.5
44395.8
44433.8
44479.8
44603.4
44616.5
44628.4
44636.5
44666.1
44730.8
44788.211
44788.8
44839.211
44839.8
44844.211
44844.8
44862.211
44862.8
44918.211
44918.8
44921.211
44921.8
44976.211
44976.8
44987.211
44987.8
45024.211
45024.8
45261.211
45261.8
45299.211
45299.8
45367.211
45367.8
45921.8
45984.2
45984.4
46184.3
46228.5
46230.4
46238.5
46241.4
46261.5
46263.4
46270.5
46984.1
48507.8
48743.211
48743.8
48764.211
48764.8
48804.4
48810.5
48868.211
48868.8
48917.211
48917.8
48976.4
49042.5
49119.211
49119.8
49167.211
49167.8
49273.211
49273.8
49323.211
49323.8
49371.211
49371.8
49389.211
49389.8
49456.211
49456.8
49516.211
49516.8
49703.4
49721.5
49798.211
49798.8
49829.211
49829.8
49885.211
49885.8
49966.211
49966.8
50260.211
50260.8
50389.211
50389.8
50527.211
50527.8
50537.211
50537.8
50600.211
50600.8
50702.211
50702.8
51077.8
51130.2
51130.4
51330.3
51374.5
51376.4
51385.5
51387.4
51396.5
51397.4
51408.5
51409.4
51418.5
51422.4
51430.5
51436.4
51493.5
51499.4
51505.5
52130.1
52150.8
52207.211
52207.8
52250.211
52250.8
52264.211
52264.8
52300.211
52300.8
52503.211
52503.8
52514.211
52514.8
52553.211
52553.8
52611.211
52611.8
52718.4
52725.5
52926.8
52954.8
52982.8
52991.8
53009.8
53084.2
53084.4
53284.3
53312.5
53314.4
53323.5
53326.4
53334.5
53337.4
53345.5
53350.4
53357.5
53360.4
53428.5
54034.8
54084.1
54305.8
54369.4
54372.5
54407.211
54407.8
54425.211
54425.8
54450.211
54450.8
54469.211
54469.8
54481.211
54481.8
54495.211
54495.8
54529.211
54529.8
54540.211
54540.8
54658.211
54658.8
54761.211
54761.8
54858.211
54858.8
54870.211
54870.8
55027.4
55033.5
55037.4
55040.5
55043.4
55045.5
55096.211
55096.8
55168.211
55168.8
55221.211
55221.8
55540.8
55592.2
55592.4
55792.3
55828.5
55830.4
55838.5
55841.4
55849.5
55853.4
55860.5
55863.4
55872.5
55877.4
55883.5
55891.4
55893.5
56349.8
56489.4
56495.5
56592.1
56710.8
56721.211
56721.8
56785.211
56785.8
56837.211
56837.8
56864.211
56864.8
56867.211
56867.8
56924.211
56924.8
56939.211
56939.8
56948.211
56948.8
56973.211
56973.8
57034.211
57034.8
57035.211
57035.8
57051.211
57051.8
57105.211
57105.8
57213.4
57218.5
57262.211
57262.8
57280.211
57280.8
57364.211
57364.8
57518.4
57548.5
57588.211
57588.8
57594.211
57594.8
57617.211
57617.8
57638.211
57638.8
57701.211
57701.8
57791.211
57791.8
57852.211
57852.8
57869.211
57869.8
57928.4
57942.5
57983.4
57990.5
58050.211
58050.8
58061.211
58061.8
58110.211
58110.8
58123.211
58123.8
58188.211
58188.8
58461.211
58461.8
58469.211
58469.8
58538.211
58538.8
58590.211
58590.8
58609.211
58609.8
58653.211
58653.8
58788.211
58788.8
58930.211
58930.8
58942.211
58942.8
59287.8
59328.2
59328.4
59528.3
59570.5
59574.4
59583.5
59584.4
59594.5
59598.4
59605.5
59607.4
59616.5
59620.4
59627.5
59630.4
59637.5
60259.4
60294.5
60300.4
60312.5
60315.4
60325.5
60327.4
60328.1
60345.5
60405.8
60451.211
60451.8
60482.211
60482.8
60549.211
60549.8
60552.211
60552.8
60587.211
60587.8
60598.211
60598.8
60747.211
60747.8
60800.211
60800.8
60882.211
60882.8
60916.211
60916.8
60959.211
60959.8
61094.211
61094.8
61116.211
61116.8
61156.211
61156.8
61192.211
61192.8
61253.211
61253.8
61361.211
61361.8
61587.4
61590.5
61625.4
61628.5
61722.8
61732.8
61741.8
61790.2
61790.4
61990.3
62031.5
62033.4
62043.5
62044.4
62053.5
62056.4
62078.5
62079.4
62087.5
62093.4
62097.5
62473.4
62505.5
62515.4
62518.5
62526.4
62528.5
62536.4
62539.5
62545.4
62547.5
62558.4
62559.5
62560.4
62575.5
62577.4
62579.5
62590.4
62601.5
62644.4
62665.5
62720.4
62768.5
62777.4
62790.1
62829.5
62920.8
62951.211
62951.8
63030.211
63030.8
63266.4
63285.5
63288.4
63329.5
63366.4
63374.5
63443.8
63495.2
63495.4
63695.3
63734.5
63736.4
63745.5
63748.4
63755.5
63760.4
63769.5
63770.4
63778.5
63782.4
63791.5
63793.4
63802.5
63807.4
63814.5
63818.4
63868.5
63869.4
63875.5
63889.4
63898.5
63962.4
63969.5
64495.1
64548.8
64558.211
64558.8
64573.211
64573.8
64586.211
64586.8
64608.211
64608.8
64681.211
64681.8
64724.211
64724.8
64744.211
64744.8
64756.211
64756.8
64761.211
64761.8
64805.211
64805.8
64894.211
64894.8
64938.211
64938.8
64945.211
64945.8
64966.211
64966.8
65012.211
65012.8
65031.211
65031.8
65120.211
65120.8
65323.211
65323.8
65343.211
65343.8
65380.211
65380.8
65450.211
65450.8
65451.211
65451.8
65460.211
65460.8
65487.211
65487.8
65551.211
65551.8
65658.211
65658.8
65682.211
65682.8
65920.211
65920.8
65943.211
65943.8
65983.211
65983.8
66002.211
66002.8
66012.211
66012.8
66035.211
66035.8
66084.211
66084.8
66101.211
66101.8
66143.211
66143.8
66160.211
66160.8
66191.211
66191.8
66210.211
66210.8
66291.4
66298.5
66352.211
66352.8
66375.211
66375.8
66391.211
66391.8
66453.211
66453.8
66474.211
66474.8
66479.211
66479.8
66492.211
66492.8
66529.211
66529.8
66676.4
66692.5
66699.4
66707.5
66715.4
66721.5
66809.211
66809.8
66819.211
66819.8
66832.211
66832.8
66875.211
66875.8
66921.211
66921.8
66975.211
66975.8
67030.211
67030.8
67146.4
67152.5
67252.211
67252.8
67260.211
67260.8
67370.211
67370.8
67393.211
67393.8
67429.211
67429.8
67612.211
67612.8
67813.4
67816.5
67854.211
67854.8
67887.211
67887.8
67955.211
67955.8
67975.211
67975.8
67979.211
67979.8
67994.211
67994.8
68462.8
68496.2
68496.4
68696.3
68747.5
68750.4
68757.5
68761.4
68769.5
68771.4
68780.5
68782.4
68792.5
68795.4
68803.5
68807.4
68815.5
68817.4
68826.5
69496.1
71075.8
71091.211
71091.8
71173.211
71173.8
71306.211
71306.8
71375.211
71375.8
71384.211
71384.8
71386.211
71386.8
71553.211
71553.8
71586.211
71586.8
71723.4
71734.5
71811.211
71811.8
71826.211
71826.8
71841.211
71841.8
71887.211
71887.8
71945.211
71945.8
72048.211
72048.8
72182.4
72193.5
72253.211
72253.8
72266.211
72266.8
72321.211
72321.8
72335.211
72335.8
72388.211
72388.8
72396.211
72396.8
72440.211
72440.8
72524.211
72524.8
72618.4
72634.5
72701.211
72701.8
72766.211
72766.8
72867.211
72867.8
72884.211
72884.8
73157.211
73157.8
73169.211
73169.8
73196.211
73196.8
73249.211
73249.8
73303.211
73303.8
73397.211
73397.8
73496.4
73504.5
73744.8
73796.2
73796.4
73996.3
74041.5
74044.4
74063.5
74065.4
74074.5
74077.4
74086.5
74087.4
74097.5
74099.4
74109.5
74113.4
74119.5
74124.4
74127.5
74796.1
74852.8
74915.4
74931.5
74970.211
74970.8
75010.211
75010.8
75048.211
75048.8
75057.211
75057.8
75106.211
75106.8
75150.211
75150.8
75160.211
75160.8
75204.211
75204.8
75280.211
75280.8
75506.4
75517.5
75687.8
75753.2
75753.4
75953.3
75997.5
76000.4
76019.5
76021.4
76030.5
76033.4
76042.5
76044.4
76053.5
76057.4
76065.5
76067.4
76088.5
76093.4
76099.5
76105.4
76106.5
76114.4
76145.5
76753.1
76785.8
76832.211
76832.8
76855.211
76855.8
76983.4
76985.5
76988.4
77000.5
77090.211
77090.8
77119.211
77119.8
77144.211
77144.8
77172.211
77172.8
77237.211
77237.8
77255.211
77255.8
77414.4
77483.5
77521.211
77521.8
77528.211
77528.8
77613.211
77613.8
77852.211
77852.8
77891.211
77891.8
77917.211
77917.8
77978.211
77978.8
78083.4
78087.5
78169.211
78169.8
78238.211
78238.8
78257.211
78257.8
78413.4
78429.5
78486.211
78486.8
78532.211
78532.8
78543.211
78543.8
78656.211
78656.8
78829.4
78894.5
79189.4
79195.5
79228.4
79230.5
79345.8
79353.8
79406.2
79406.4
79606.3
79645.5
79649.4
79656.5
79659.4
79668.5
79671.4
79679.5
79682.4
79691.5
79693.4
79702.5
79881.8
80406.1
80561.8
80586.211
80586.8
80730.211
80730.8
80737.211
80737.8
80754.211
80754.8
80775.211
80775.8
80824.211
80824.8
80888.211
80888.8
80911.211
80911.8
81131.211
81131.8
81135.211
81135.8
81170.211
81170.8
81196.211
81196.8
81206.211
81206.8
81224.211
81224.8
81351.4
81356.5
81413.211
81413.8
81428.211
81428.8
81446.211
81446.8
81518.211
81518.8
81528.211
81528.8
81556.211
81556.8
81570.211
81570.8
81783.211
81783.8
81787.211
81787.8
81832.211
81832.8
82006.211
82006.8
82030.211
82030.8
82034.211
82034.8
82045.211
82045.8
82094.211
82094.8
82107.211
82107.8
82206.211
82206.8
82523.8
82564.2
82564.4
82764.3
82801.5
82803.4
82811.5
82815.4
82822.5
82824.4
82833.5
82837.4
82844.5
82847.4
82856.5
82860.4
82867.5
82872.4
82875.5
82876.4
82878.5
82884.4
82911.5
83564.1
83670.8
83676.211
83676.8
83687.211
83687.8
83809.4
83825.5
83865.211
83865.8
83874.211
83874.8
83902.211
83902.8
83946.211
83946.8
84023.211
84023.8
84120.4
84140.5
84179.211
84179.8
84218.211
84218.8
84244.211
84244.8
84272.211
84272.8
84298.211
84298.8
84324.211
84324.8
84646.8
84709.2
84709.4
84909.3
84949.5
84954.4
84962.5
84964.4
84972.5
84977.4
84983.5
84987.4
84995.5
84999.4
85006.5
85011.4
85018.5
85021.4
85056.5
85709.1
85746.4
85751.5
85808.8
85813.211
85813.8
85856.211
85856.8
85946.4
85964.5
86008.211
86008.8
86018.211
86018.8
86291.211
86291.8
86338.211
86338.8
86424.211
86424.8
86608.4
86616.5
86687.211
86687.8
86732.211
86732.8
86895.4
86910.5
87008.211
87008.8
87130.211
87130.8
87281.4
87286.5
87373.211
87373.8
87394.211
87394.8
87479.211
87479.8
87572.211
87572.8
87789.211
87789.8
87840.211
87840.8
87852.211
87852.8
87879.211
87879.8
88144.4
88169.5
88218.8
88271.2
88271.4
88471.3
88516.5
88520.4
88527.5
88530.4
88539.5
88541.4
88550.5
88553.4
88562.5
88564.4
88573.5
88577.4
88584.5
88592.4
88596.5
88601.4
88606.5
88894.4
88924.5
89223.4
89271.1
89289.5
89308.4
89309.5
89452.8
89627.211
89627.8
89691.211
89691.8
89787.211
89787.8
89803.211
89803.8
89807.211
89807.8
89820.211
89820.8
89859.211
89859.8
89890.211
89890.8
89913.211
89913.8
89922.211
89922.8
90088.211
90088.8
90289.211
90289.8
90310.211
90310.8
90363.211
90363.8
90444.211
90444.8
90687.211
90687.8
90747.211
90747.8
90765.211
90765.8
90782.211
90782.8
90912.211
90912.8
90983.211
90983.8
91026.211
91026.8
91115.211
91115.8
91176.211
91176.8
91233.211
91233.8
91371.4
91373.5
91422.211
91422.8
91469.211
91469.8
91512.211
91512.8
91561.211
91561.8
91847.211
91847.8
92046.211
92046.8
92053.211
92053.8
92120.211
92120.8
92187.211
92187.8
92255.211
92255.8
92649.8
92692.2
92692.4
92892.3
92937.5
92939.4
92949.5
92950.4
92958.5
92963.4
92969.5
92974.4
92981.5
92986.4
92989.5
92990.4
92991.5
93692.1
94348.8
94435.211
94435.8
94457.211
94457.8
94551.211
94551.8
95502.8
95560.2
95560.4
95760.3
95799.5
95804.4
95822.5
95825.4
95833.5
95838.4
95869.5
95874.4
95893.5
95895.4
95904.5
95911.4
95929.5
95930.4
95939.5
95944.4
95951.5
95957.4
96025.5
96457.8
96560.1
96630.4
96632.5
96688.8
96708.211
96708.8
96711.211
96711.8
96741.211
96741.8
96759.211
96759.8
96860.211
96860.8
96875.211
96875.8
96974.211
96974.8
97017.211
97017.8
97034.211
97034.8
97050.211
97050.8
97093.211
97093.8
97269.4
97277.5
97338.211
97338.8
97363.211
97363.8
97401.211
97401.8
97417.211
97417.8
97433.211
97433.8
97478.211
97478.8
97561.211
97561.8
97571.211
97571.8
97717.4
97724.5
97771.211
97771.8
97849.211
97849.8
97937.211
97937.8
97943.211
97943.8
98243.211
98243.8
98339.211
98339.8
98366.211
98366.8
98441.211
98441.8
98519.211
98519.8
98532.211
98532.8
98679.211
98679.8
98741.4
98762.5
98810.211
98810.8
98846.211
98846.8
98990.211
98990.8
99008.211
99008.8
99233.211
99233.8
99285.211
99285.8
99321.211
99321.8
99401.211
99401.8
99586.211
99586.8
99863.211
99863.8
99867.211
99867.8
99891.211
99891.8
99899.211
99899.8
99954.211
99954.8
100034.211
100034.8
100182.211
100182.8
100508.8
100559.2
100559.4
100759.3
100808.5
100809.4
100819.5
100820.4
100829.5
100833.4
100839.5
100843.4
100863.5
100867.4
100895.5
101403.6
101559.1
101568.4
101579.5
101581.4
101583.5
101588.4
101593.5
101707.8
101753.211
101753.8
101778.211
101778.8
101840.211
101840.8
101845.211
101845.8
102067.4
102069.5
102070.4
102093.5
102097.4
102101.5
102186.8
102233.2
102233.4
102433.3
102480.5
102483.4
102490.5
102494.4
102502.5
102505.4
102514.5
102516.4
102525.5
102529.4
102536.5
102542.4
102561.5
102564.4
102572.5
102577.4
102583.5
102588.4
102644.5
102651.4
102655.5
102662.4
102667.5
102683.4
102690.5
102718.4
102720.5
102730.4
102737.5
102741.4
102744.5
102745.4
102747.5
102754.4
102760.5
102767.4
102768.5
103233.1
103282.8
103349.4
103360.5
103396.211
103396.8
103426.211
103426.8
103482.211
103482.8
103591.4
103673.5
103754.211
103754.8
103770.211
103770.8
103832.211
103832.8
103875.211
103875.8
104105.4
104119.5
104120.4
104167.5
104222.8
104274.2
104274.4
104474.3
104513.5
104516.4
104523.5
104527.4
104546.5
104550.4
104559.5
104560.4
104570.5
104575.4
104581.5
104590.4
104592.5
104598.4
104603.5
104605.4
104655.5
104675.4
104680.5
104682.4
104688.5
104739.4
104744.5
104751.4
104754.5
104756.4
104757.5
104774.4
104779.5
104781.4
104783.5
104787.4
104790.5
104792.4
104917.5
105113.4
105185.5
105274.1
105313.8
105340.211
105340.8
105476.4
105498.5
105507.4
105519.5
106007.8
106057.2
106057.4
106257.3
106295.5
106299.4
106307.5
106309.4
106319.5
106321.4
106330.5
106333.4
106341.5
106346.4
106354.5
106357.4
106366.5
106370.4
106377.5
106381.4
106390.5
106394.4
106401.5
106431.4
106434.5
106455.4
106459.5
106484.4
106486.5
106491.4
106522.5
107057.1
107155.8
107177.211
107177.8
107200.211
107200.8
107202.211
107202.8
107364.211
107364.8
107383.211
107383.8
107402.211
107402.8
107501.211
107501.8
107504.211
107504.8
107763.211
107763.8
107827.211
107827.8
107844.211
107844.8
107876.211
107876.8
107899.211
107899.8
107901.211
107901.8
107958.211
107958.8
108003.211
108003.8
108111.211
108111.8
108124.211
108124.8
108294.211
108294.8
108319.211
108319.8
108341.211
108341.8
108363.211
108363.8
108392.211
108392.8
108405.211
108405.8
108436.211
108436.8
108451.211
108451.8
108477.211
108477.8
108525.211
108525.8
108623.211
108623.8
109070.8
109115.2
109115.4
109315.3
109352.5
109355.4
109363.5
109366.4
109374.5
109377.4
109385.5
109389.4
109396.5
109401.4
109422.5
109424.4
109433.5
109438.4
109444.5
109449.4
109458.5
109461.4
109471.5
109473.4
109482.5
109487.4
109489.5
109490.4
109493.5
109498.4
109505.5
109511.4
109513.5
109569.4
109575.5
109606.4
109608.5
110115.1
110338.8
110344.211
110344.8
110350.211
110350.8
110398.211
110398.8
110569.211
110569.8
110580.211
110580.8
110621.211
110621.8
110635.211
110635.8
110690.211
110690.8
110719.211
110719.8
110730.211
110730.8
110755.211
110755.8
110797.211
110797.8
110953.211
110953.8
110975.211
110975.8
111098.211
111098.8
111264.211
111264.8
111292.211
111292.8
111358.211
111358.8
111386.211
111386.8
111607.211
111607.8
111700.211
111700.8
111719.211
111719.8
111745.211
111745.8
111853.4
111857.5
111905.211
111905.8
111978.211
111978.8
112013.211
112013.8
112095.211
112095.8
112112.211
112112.8
112202.4
112211.5
112285.211
112285.8
112359.4
112439.5
112577.4
112591.5
112682.8
112736.2
112736.4
112936.3
112977.5
112980.4
112989.5
112991.4
113000.5
113002.4
113011.5
113016.4
113022.5
113026.4
113035.5
113038.4
113047.5
113055.4
113058.5
113064.4
113107.5
113108.4
113118.5
113184.4
113192.5
113736.1
113823.8
113963.211
113963.8
113991.211
113991.8
114061.211
114061.8
114151.211
114151.8
114153.211
114153.8
114429.211
114429.8
114483.211
114483.8
114555.211
114555.8
114590.211
114590.8
114665.211
114665.8
114823.211
114823.8
114836.211
114836.8
114842.211
114842.8
114991.211
114991.8
115148.211
115148.8
115150.211
115150.8
115174.211
115174.8
115224.211
115224.8
115233.211
115233.8
115244.211
115244.8
115263.211
115263.8
115287.211
115287.8
115339.211
115339.8
115500.4
115505.5
115562.211
115562.8
115730.211
115730.8
115896.211
115896.8
115999.211
115999.8
116268.211
116268.8
116299.211
116299.8
116508.211
116508.8
116629.211
116629.8
116858.211
116858.8
116915.211
116915.8
117120.4
117122.5
117216.8
117263.2
117263.4
117463.3
117509.5
117511.4
117520.5
117522.4
117531.5
117534.4
117542.5
117546.4
117566.5
117568.4
117576.5
117581.4
117589.5
117592.4
117600.5
118263.1
118364.8
118386.211
118386.8
120489.8
120509.8
120553.2
120553.4
120753.3
120794.5
120795.4
120804.5
120807.4
120827.5
120829.4
120851.5
120853.4
120861.5
120879.4
120955.5
120988.4
120990.5
121022.4
121025.5
121553.1
121685.8
121809.211
121809.8
121827.211
121827.8
121856.211
121856.8
121873.211
121873.8
121919.211
121919.8
121999.4
122002.5
122053.211
122053.8
122116.211
122116.8
122136.211
122136.8
122145.211
122145.8
122317.211
122317.8
122333.211
122333.8
122357.211
122357.8
122440.211
122440.8
122477.211
122477.8
122577.211
122577.8
122685.211
122685.8
122711.211
122711.8
122884.211
122884.8
122905.211
122905.8
122917.211
122917.8
122927.211
122927.8
122982.211
122982.8
123039.211
123039.8
123163.211
123163.8
123228.211
123228.8
123507.211
123507.8
123522.211
123522.8
123539.211
123539.8
123643.211
123643.8
123656.211
123656.8
123685.211
123685.8
123762.211
123762.8
123781.211
123781.8
123967.211
123967.8
124072.211
124072.8
124126.211
124126.8
124157.211
124157.8
124163.211
124163.8
124179.211
124179.8
124391.211
124391.8
124562.4
124571.5
124668.211
124668.8
124669.211
124669.8
124677.211
124677.8
124690.211
124690.8
124731.211
124731.8
124767.211
124767.8
124813.211
124813.8
124972.4
124983.5
124993.4
125013.5
125084.211
125084.8
125097.211
125097.8
125113.211
125113.8
125279.211
125279.8
125686.8
125736.2
125736.4
125936.3
125972.5
125975.4
125983.5
125988.4
125994.5
126000.4
126006.5
126008.4
126018.5
126022.4
126029.5
126035.4
126038.5
126039.4
126041.5
126046.4
126050.5
126736.1
127372.8
127448.211
127448.8
127684.211
127684.8
127852.211
127852.8
127914.211
127914.8
127933.211
127933.8
128166.211
128166.8
128230.211
128230.8
128239.211
128239.8
128314.211
128314.8
128319.211
128319.8
128324.211
128324.8
128327.211
128327.8
128329.211
128329.8
128361.211
128361.8
128568.211
128568.8
128580.211
128580.8
128609.211
128609.8
128620.211
128620.8
128640.211
128640.8
128693.211
128693.8
128863.211
128863.8
128886.211
128886.8
128947.211
128947.8
129041.211
129041.8
129190.211
129190.8
129196.211
129196.8
129210.211
129210.8
129212.211
129212.8
129306.4
129325.5
129377.211
129377.8
129385.211
129385.8
129393.211
129393.8
129671.4
129673.5
129674.4
129690.5
129731.8
129781.2
129781.4
129981.3
130028.5
130033.4
130039.5
130043.4
130051.5
130056.4
130062.5
130067.4
130075.5
130078.4
130086.5
130091.4
130098.5
130781.1
131165.8
131170.211
131170.8
131210.211
131210.8
131254.211
131254.8
131323.211
131323.8
131454.4
131457.5
131513.211
131513.8
131542.211
131542.8
131717.211
131717.8
131745.211
131745.8
131846.4
131851.5
131909.211
131909.8
131920.211
131920.8
131962.211
131962.8
132007.211
132007.8
132097.211
132097.8
132105.211
132105.8
132276.4
132326.5
132411.8
132473.2
132473.4
132673.3
132708.5
132709.4
132717.5
132721.4
132728.5
132732.4
132739.5
132742.4
132752.5
132755.4
132762.5
132768.4
132776.5
132777.4
132787.5
132789.4
132798.5
132803.4
132805.5
132807.4
132809.5
133473.1
133728.8
133733.211
133733.8
133750.211
133750.8
133753.211
133753.8
133827.211
133827.8
134002.211
134002.8
134152.4
134178.5
134260.211
134260.8
134346.211
134346.8
134672.8
134725.2
134725.4
134925.3
134965.5
134969.4
134977.5
134979.4
134987.5
134992.4
134999.5
135002.4
135010.5
135016.4
135035.5
135040.4
135043.5
135044.4
135046.5
135057.4
135058.5
135061.4
135072.5
135074.4
135084.5
135089.4
135133.5
135150.4
135154.5
135162.4
135197.5
135202.4
135209.5
135216.4
135222.5
135227.4
135230.5
135247.4
135291.5
135369.4
135371.5
135375.4
135446.5
135504.4
135585.5
135725.1
135800.8
135804.211
135804.8
135834.211
135834.8
135926.211
135926.8
136012.211
136012.8
136324.8
136385.2
136385.4
136585.3
136626.5
136630.4
136638.5
136639.4
136649.5
136651.4
136659.5
136663.4
136671.5
136676.4
136682.5
136687.4
136695.5
136698.4
136706.5
137287.8
137385.1
137436.4
137438.5
137488.8
137500.211
137500.8
137559.211
137559.8
137573.211
137573.8
137603.211
137603.8
137648.211
137648.8
137738.211
137738.8
137757.211
137757.8
137783.211
137783.8
137876.4
137881.5
137982.211
137982.8
138031.211
138031.8
138062.211
138062.8
138111.211
138111.8
138113.211
138113.8
138148.211
138148.8
138170.211
138170.8
138254.211
138254.8
138309.211
138309.8
138396.211
138396.8
138553.4
138559.5
138612.211
138612.8
138626.211
138626.8
138641.211
138641.8
138657.211
138657.8
138689.211
138689.8
138747.211
138747.8
139014.211
139014.8
139081.211
139081.8
139103.211
139103.8
139129.211
139129.8
139139.211
139139.8
139373.211
139373.8
139455.211
139455.8
139651.211
139651.8
139667.211
139667.8
139720.211
139720.8
139989.211
139989.8
139993.211
139993.8
140023.211
140023.8
140061.211
140061.8
140339.211
140339.8
140438.211
140438.8
140602.211
140602.8
140779.211
140779.8
140889.4
140895.5
140949.211
140949.8
140957.211
140957.8
141032.211
141032.8
141122.211
141122.8
141239.4
141247.5
141388.211
141388.8
141456.211
141456.8
141511.211
141511.8
141595.211
141595.8
141597.211
141597.8
142012.4
142014.5
142060.8
142102.2
142102.4
142302.3
142348.5
142350.4
142358.5
142362.4
142370.5
142373.4
142381.5
142389.4
142394.5
142396.4
142403.5
143102.1
144979.8
146173.8
146239.2
146239.4
146439.3
146470.5
146475.4
146482.5
146486.4
146495.5
146497.4
146505.5
146515.4
146518.5
146521.4
146529.5
146544.4
146595.5
146597.4
146606.5
146708.4
146724.5
146725.4
146784.5
147239.1
147369.8
147374.211
147374.8
147458.211
147458.8
147543.211
147543.8
147644.4
147655.5
147738.211
147738.8
147745.211
147745.8
147763.211
147763.8
147805.211
147805.8
148013.4
148021.5
148080.211
148080.8
148092.211
148092.8
148152.211
148152.8
148199.211
148199.8
148319.211
148319.8
148576.211
148576.8
148582.211
148582.8
148679.211
148679.8
148747.211
148747.8
148980.211
148980.8
148989.211
148989.8
149206.211
149206.8
149211.211
149211.8
149218.211
149218.8
149234.211
149234.8
149347.211
149347.8
149456.4
149467.5
149512.211
149512.8
149520.211
149520.8
149525.211
149525.8
149616.211
149616.8
149711.211
149711.8
149803.211
149803.8
149896.211
149896.8
149908.211
149908.8
150045.211
150045.8
150205.211
150205.8
150340.211
150340.8
150570.211
150570.8
150596.211
150596.8
150658.211
150658.8
150733.4
150750.5
150801.211
150801.8
150820.211
150820.8
150986.211
150986.8
151259.211
151259.8
151281.211
151281.8
151331.211
151331.8
151354.211
151354.8
151405.211
151405.8
151462.211
151462.8
151952.8
152000.2
152000.4
152200.3
152240.5
152241.4
152250.5
152253.4
152273.5
152275.4
152283.5
152288.4
152296.5
152297.4
152318.5
152323.4
152329.5
152782.8
153000.1
153480.8
153482.211
153482.8
153495.211
153495.8
153518.211
153518.8
153643.211
153643.8
153666.211
153666.8
153764.4
153768.5
153825.211
153825.8
153826.211
153826.8
153845.211
153845.8
153866.211
153866.8
153966.4
153982.5
154040.211
154040.8
154205.211
154205.8
154211.211
154211.8
154239.211
154239.8
154253.211
154253.8
154394.211
154394.8
154406.211
154406.8
154808.8
154855.2
154855.4
155055.3
155092.5
155094.4
155101.5
155105.4
155112.5
155117.4
155124.5
155126.4
155135.5
155137.4
155145.5
155151.4
155157.5
155161.4
155171.5
155172.4
155181.5
155185.4
155192.5
155197.4
155199.5
155200.4
155203.5
155209.4
155211.5
155220.4
155264.5
155282.4
155288.5
155317.4
155319.5
155387.4
155406.5
155453.4
155550.5
155712.8
155855.1
155961.8
155999.211
155999.8
156029.211
156029.8
156068.211
156068.8
156089.211
156089.8
156165.211
156165.8
156205.211
156205.8
156282.211
156282.8
156301.211
156301.8
156403.211
156403.8
156426.211
156426.8
156472.211
156472.8
156672.211
156672.8
156710.211
156710.8
156742.211
156742.8
156767.211
156767.8
156802.211
156802.8
156810.211
156810.8
156894.211
156894.8
157137.211
157137.8
157160.211
157160.8
157221.211
157221.8
157288.211
157288.8
157357.211
157357.8
157381.211
157381.8
157566.211
157566.8
157778.4
157789.5
157825.211
157825.8
157831.211
157831.8
157850.211
157850.8
157896.211
157896.8
157933.211
157933.8
158055.211
158055.8
158217.211
158217.8
158220.211
158220.8
158241.211
158241.8
158246.211
158246.8
158273.211
158273.8
158287.211
158287.8
158501.211
158501.8
158506.211
158506.8
158549.211
158549.8
158670.211
158670.8
159153.8
159197.2
159197.4
159397.3
159444.5
159447.4
159455.5
159459.4
159467.5
159469.4
159478.5
159481.4
159489.5
159493.4
159501.5
159504.4
159512.5
159517.4
159523.5
159528.4
159535.5
159538.4
159547.5
159552.4
159556.5
160155.4
160170.5
160197.1
160235.8
160268.211
160268.8
160285.211
160285.8
160369.211
160369.8
160432.4
160436.5
160439.4
160441.5
160456.4
160490.5
160503.4
160505.5
160553.211
160553.8
160567.211
160567.8
160786.211
160786.8
160837.211
160837.8
160864.211
160864.8
160961.211
160961.8
161238.211
161238.8
161281.211
161281.8
161306.211
161306.8
161377.211
161377.8
161503.211
161503.8
161726.4
161772.5
161814.8
161874.2
161874.4
162074.3
162110.5
162115.4
162123.5
162124.4
162133.5
162136.4
162144.5
162149.4
162167.5
162171.4
162178.5
162185.4
162192.5
162194.4
162203.5
162208.4
162215.5
162221.4
162222.5
162233.4
162236.5
162237.4
162241.5
162242.4
162252.5
162256.4
162258.5
162260.4
162262.5
162269.4
162270.5
162272.4
162274.5
162286.4
162287.5
162874.1
162908.4
162916.5
162977.8
163044.211
163044.8
164042.8
164093.2
164093.4
164293.3
164324.5
164327.4
164334.5
164339.4
164346.5
164350.4
164358.5
164361.4
164370.5
164375.4
164382.5
164387.4
164394.5
164398.4
164406.5
164409.4
164417.5
164424.4
164430.5
164434.4
164442.5
164452.4
164453.5
164471.4
164477.5
164564.4
164568.5
164570.4
164572.5
164579.4
164656.5
164660.4
164810.5
164864.4
164901.5
164907.4
164955.5
164975.4
165084.5
165093.1
165161.8
165214.211
165214.8
165283.211
165283.8
165372.211
165372.8
165660.211
165660.8
165760.211
165760.8
165956.211
165956.8
165961.211
165961.8
165978.211
165978.8
165979.211
165979.8
166011.211
166011.8
166047.211
166047.8
166058.211
166058.8
166314.211
166314.8
166321.211
166321.8
166400.211
166400.8
166559.211
166559.8
166565.211
166565.8
166567.211
166567.8
166570.211
166570.8
166576.211
166576.8
166908.8
166950.2
166950.4
167150.3
167189.5
167191.4
167200.5
167204.4
167212.5
167215.4
167224.5
167225.4
167234.5
167238.4
167246.5
167250.4
167259.5
167260.4
167270.5
167273.4
167281.5
167286.4
167293.5
167297.4
167307.5
167309.4
167318.5
167323.4
167330.5
167336.4
167342.5
167347.4
167355.5
167361.4
167394.5
167475.4
167477.5
167527.4
167555.5
167886.4
167917.5
167950.1
168017.8
168040.211
168040.8
168239.211
168239.8
168450.211
168450.8
168683.4
168693.5
168742.211
168742.8
168753.211
168753.8
168912.4
168922.5
169004.211
169004.8
169011.211
169011.8
169106.211
169106.8
169181.211
169181.8
169381.4
169390.5
169391.4
169400.5
169445.211
169445.8
169460.211
169460.8
169494.211
169494.8
170042.8
170082.2
170082.4
170282.3
170323.5
170325.4
170344.5
170348.4
170354.5
170360.4
170366.5
170370.4
170378.5
170381.4
170389.5
170394.4
170402.5
170404.4
170413.5
170417.4
170420.5
170572.8
171082.1
171165.8
171210.211
171210.8
171445.211
171445.8
171745.211
171745.8
171757.211
171757.8
171821.211
171821.8
171948.211
171948.8
171976.211
171976.8
172060.211
172060.8
172202.211
172202.8
172371.211
172371.8
172518.211
172518.8
172804.211
172804.8
173022.4
173034.5
173100.211
173100.8
173151.211
173151.8
173257.4
173259.5
173320.211
173320.8
173340.211
173340.8
173366.211
173366.8
173542.4
173576.5
173636.211
173636.8
173691.211
173691.8
173738.211
173738.8
173797.211
173797.8
173835.211
173835.8
174138.8
174184.2
174184.4
174384.3
174435.5
174436.4
174444.5
174448.4
174468.5
174470.4
174478.5
174484.4
174490.5
174493.4
174502.5
174508.4
174509.5
175184.1
175443.4
175444.5
175448.4
175476.5
175514.8
175527.211
175527.8
175539.211
175539.8
175562.211
175562.8
175754.211
175754.8
175769.211
175769.8
175776.211
175776.8
175808.211
175808.8
175999.211
175999.8
176003.211
176003.8
176037.211
176037.8
176107.211
176107.8
176294.211
176294.8
176300.211
176300.8
176582.211
176582.8
176640.211
176640.8
176656.211
176656.8
176933.211
176933.8
176951.211
176951.8
177052.211
177052.8
177145.211
177145.8
177360.211
177360.8
177679.4
177691.5
177792.8
177836.2
177836.4
178036.3
178084.5
178087.4
178094.5
178099.4
178106.5
178109.4
178118.5
178122.4
178128.5
178133.4
178140.5
178144.4
178153.5
178158.4
178160.5
178162.4
178164.5
178836.1
179092.8
179119.211
179119.8
179380.211
179380.8
179442.211
179442.8
179504.211
179504.8
179715.211
179715.8
179737.211
179737.8
179849.211
180000.9
123456789
4
08
17
4
08
17
0
0
0
2
14
26
24
14
59
23
6
2
4370
0
0
0
314159265
56
1080
1089
180000
314159265
0.1
399.8
574.211
574.8
960.8
961.212
1092.2
1092.4
1292.2
1331.5
1334.4
1342.5
1351.4
1353.5
1396.4
1432.5
1436.4
1446.5
1692.3
1813.8
1870.8
1945.8
2123.8
2492.1
2963.8
3128.211
3128.8
3325.4
3337.5
3539.8
3540.212
3585.2
3585.4
3785.2
3825.5
3829.4
3836.5
3841.4
3859.5
3863.4
3870.5
3876.4
3879.5
3880.4
3882.5
3887.4
3891.5
3900.4
3904.5
3905.4
3907.5
3912.4
3914.5
3917.4
3919.5
3924.4
3931.5
3943.4
3945.5
3948.4
3986.5
3989.4
4006.5
4185.3
4295.8
4985.1
5212.8
5286.211
5286.8
5349.211
5349.8
5405.211
5405.8
5423.211
5423.8
5572.211
5572.8
5943.8
5944.212
6004.2
6004.4
6204.2
6236.5
6237.4
6246.5
6248.4
6256.5
6261.4
6280.5
6282.4
6292.5
6295.4
6304.5
6306.4
6328.5
6334.4
6341.5
6345.4
6354.5
6357.4
6364.5
6371.4
6423.5
6438.4
6440.5
6472.4
6604.3
6633.5
6635.4
6650.5
6652.4
6664.5
7048.8
7404.1
7462.8
7497.211
7497.8
7626.211
7626.8
8100.8
8101.212
8148.2
8148.4
8348.2
8384.5
8386.4
8393.5
8398.4
8405.5
8409.4
8416.5
8420.4
8428.5
8433.4
8436.5
8437.4
8439.5
8445.4
8453.5
8456.4
8477.5
8482.4
8489.5
8495.4
8498.5
8521.4
8523.5
8526.4
8528.5
8531.4
8538.5
8544.4
8573.5
8748.3
9548.1
9673.8
9717.211
9717.8
9743.211
9743.8
9795.211
9795.8
9876.211
9876.8
10131.211
10131.8
10157.211
10157.8
10227.211
10227.8
10244.211
10244.8
10470.211
10470.8
10727.211
10727.8
10947.211
10947.8
11000.211
11000.8
11241.211
11241.8
11256.211
11256.8
11693.4
11706.5
11757.8
11758.212
11813.2
11813.4
12013.2
12056.5
12060.4
12067.5
12070.4
12077.5
12081.4
12089.5
12094.4
12100.5
12106.4
12113.5
12116.4
12125.5
12130.4
12133.5
12135.4
12137.5
12143.4
12150.5
12389.4
12413.3
12441.5
13213.1
13609.8
13621.211
13621.8
13725.211
13725.8
13787.211
13787.8
14115.8
14116.212
14161.2
14161.4
14361.2
14399.5
14400.4
14409.5
14412.4
14432.5
14434.4
14444.5
14445.4
14455.5
14458.4
14467.5
14470.4
14480.5
14481.4
14491.5
14496.4
14503.5
14508.4
14516.5
14520.4
14527.5
14532.4
14567.5
14586.4
14590.5
14609.4
14612.5
14614.4
14616.5
14621.4
14624.5
14634.4
14637.5
14639.4
14640.5
14646.4
14649.5
14651.4
14654.5
14656.4
14662.5
14664.4
14666.5
14672.4
14673.5
14685.4
14687.5
14689.4
14692.5
14694.4
14761.3
14785.5
14978.4
14981.5
14987.4
14999.5
15561.1
15853.4
15860.5
15917.8
16259.8
16260.212
16270.8
16320.2
16320.4
16520.2
16551.5
16554.4
16561.5
16565.4
16573.5
16576.4
16584.5
16588.4
16597.5
16599.4
16609.5
16611.4
16620.5
16624.4
16632.5
16635.4
16644.5
16648.4
16655.5
16659.4
16666.5
16671.4
16674.5
16695.4
16698.5
16707.4
16714.5
16720.4
16721.5
16723.4
16726.5
16732.4
16733.5
16749.4
16761.5
16792.4
16795.5
16796.4
16798.5
16806.4
16919.5
16920.3
17720.1
17819.8
17910.211
17910.8
18167.211
18167.8
18171.211
18171.8
18185.211
18185.8
18214.211
18214.8
18295.211
18295.8
18412.211
18412.8
18701.211
18701.8
18780.211
18780.8
19065.211
19065.8
19069.211
19069.8
19097.211
19097.8
19271.4
19275.5
19343.211
19343.8
19362.211
19362.8
19382.211
19382.8
20396.8
20397.212
20435.2
20435.4
20635.2
20680.5
20682.4
20691.5
20694.4
20715.5
20716.4
20725.5
20728.4
20737.5
20740.4
20770.5
20778.4
20781.5
20782.4
20784.5
20788.4
20797.5
20802.4
20804.5
20806.4
20808.5
20862.4
20892.5
20917.4
20934.5
21035.3
21835.1
21907.8
21931.211
21931.8
21934.211
21934.8
21945.211
21945.8
21977.211
21977.8
22054.211
22054.8
22166.211
22166.8
22191.211
22191.8
22466.211
22466.8
22469.211
22469.8
22700.4
22710.5
22762.211
22762.8
22779.211
22779.8
22808.211
22808.8
22852.211
22852.8
23128.211
23128.8
23132.211
23132.8
23136.211
23136.8
23171.211
23171.8
23216.211
23216.8
23283.211
23283.8
23321.211
23321.8
23369.211
23369.8
23797.8
23798.212
23844.2
23844.4
24044.2
24082.5
24087.4
24105.5
24108.4
24115.5
24119.4
24127.5
24132.4
24140.5
24144.4
24152.5
24157.4
24165.5
24170.4
24174.5
24226.4
24228.5
24230.4
24245.5
24305.4
24342.5
24444.3
24883.8
24944.8
24969.8
24972.8
25040.8
25061.8
25068.8
25225.8
25244.1
25277.8
25353.211
25353.8
25362.211
25362.8
25403.211
25403.8
25427.211
25427.8
25493.211
25493.8
25728.211
25728.8
26018.211
26018.8
26542.8
26543.212
26589.2
26589.4
26789.2
26833.5
26834.4
26842.5
26846.4
26853.5
26856.4
26864.5
26868.4
26877.5
26879.4
26888.5
26893.4
26900.5
26904.4
26912.5
26917.4
26924.5
26930.4
26936.5
26942.4
26948.5
26954.4
27012.5
27072.4
27116.5
27189.3
27196.4
27204.5
27398.4
27399.5
27400.4
27546.5
27615.4
27643.5
27885.4
27896.5
27897.4
27911.5
27989.1
28169.8
28178.211
28178.8
28235.211
28235.8
28305.211
28305.8
28591.211
28591.8
28601.211
28601.8
28833.211
28833.8
28893.211
28893.8
29375.4
29400.5
29487.8
29488.212
29528.2
29528.4
29728.2
29765.5
29767.4
29775.5
29779.4
29797.5
29799.4
29807.5
29812.4
29820.5
29823.4
29832.5
29836.4
29857.5
29858.4
29867.5
29872.4
29878.5
29885.4
29887.5
29889.4
29891.5
29895.4
29903.5
29946.4
29996.5
30128.3
30414.8
30481.8
30928.1
31568.8
31577.211
31577.8
31601.211
31601.8
31637.211
31637.8
31696.211
31696.8
31736.211
31736.8
31837.211
31837.8
32334.8
32335.212
32379.2
32379.4
32579.2
32614.5
32617.4
32624.5
32628.4
32636.5
32638.4
32648.5
32651.4
32658.5
32662.4
32671.5
32674.4
32682.5
32685.4
32695.5
32696.4
32707.5
32710.4
32717.5
32723.4
32731.5
32733.4
32743.5
32745.4
32754.5
32758.4
32765.5
32772.4
32773.5
32782.4
32789.5
32979.3
33274.8
33559.8
33582.8
33590.8
33779.1
33787.8
33812.211
33812.8
33824.211
33824.8
33838.211
33838.8
33852.211
33852.8
33958.211
33958.8
33996.211
33996.8
34162.4
34169.5
34213.211
34213.8
34217.211
34217.8
34232.211
34232.8
34266.211
34266.8
34305.211
34305.8
34319.211
34319.8
34324.211
34324.8
34447.211
34447.8
34513.211
34513.8
34682.211
34682.8
34692.211
34692.8
34846.211
34846.8
35065.4
35070.5
35112.211
35112.8
35128.211
35128.8
35136.211
35136.8
35164.211
35164.8
35208.211
35208.8
35225.211
35225.8
35614.8
35615.212
35652.2
35652.4
35852.2
35895.5
35898.4
35906.5
35908.4
35917.5
35920.4
35929.5
35931.4
35940.5
35943.4
35974.5
35979.4
35986.5
35987.4
35999.5
36002.4
36010.5
36014.4
36022.5
36026.4
36060.5
36067.4
36069.5
36137.4
36169.5
36197.4
36199.5
36223.4
36252.3
36268.5
36616.4
36627.5
36853.4
36877.5
36891.4
36892.5
36900.4
36902.5
36907.4
36910.5
37052.1
37223.8
37250.211
37250.8
37258.211
37258.8
37364.211
37364.8
37369.211
37369.8
37604.211
37604.8
37609.211
37609.8
37847.211
37847.8
37858.211
37858.8
37871.211
37871.8
37899.211
37899.8
38237.8
38238.212
38281.2
38281.4
38481.2
38526.5
38530.4
38537.5
38541.4
38549.5
38551.4
38560.5
38563.4
38572.5
38575.4
38583.5
38587.4
38595.5
38599.4
38602.5
38604.4
38606.5
38612.4
38614.5
38617.4
38619.5
38623.4
38631.5
38635.4
38642.5
38774.4
38779.5
38801.4
38802.5
38881.3
39296.4
39327.5
39392.4
39404.5
39417.4
39430.5
39466.4
39495.5
39517.4
39519.5
39566.8
39681.1
39724.4
39749.5
39904.8
39908.211
39908.8
39966.211
39966.8
40065.211
40065.8
40128.211
40128.8
40153.211
40153.8
40446.211
40446.8
40460.211
40460.8
40493.211
40493.8
40540.211
40540.8
40589.211
40589.8
40829.4
40835.5
40904.8
40905.212
40947.2
40947.4
41147.2
41189.5
41192.4
41199.5
41202.4
41212.5
41213.4
41222.5
41226.4
41233.5
41238.4
41246.5
41248.4
41257.5
41260.4
41269.5
41272.4
41281.5
41284.4
41293.5
41298.4
41300.5
41301.4
41303.5
41321.4
41328.5
41339.4
41341.5
41342.4
41374.5
41416.4
41422.5
41547.3
41853.8
41944.8
41968.8
41976.8
42145.8
42153.8
42347.1
42475.8
42530.211
42530.8
42556.211
42556.8
42600.211
42600.8
42665.211
42665.8
42694.211
42694.8
42712.211
42712.8
42786.211
42786.8
42951.211
42951.8
43087.211
43087.8
43107.211
43107.8
43319.211
43319.8
43337.211
43337.8
43362.211
43362.8
43373.211
43373.8
43433.211
43433.8
43939.8
43940.212
43982.2
43982.4
44182.2
44225.5
44228.4
44236.5
44240.4
44247.5
44249.4
44259.5
44262.4
44269.5
44273.4
44282.5
44285.4
44292.5
44297.4
44305.5
44310.4
44314.5
44315.4
44317.5
44322.4
44330.5
44334.4
44344.5
44346.4
44354.5
44582.3
44903.8
45188.8
45272.8
45382.1
45448.8
45470.211
45470.8
45519.211
45519.8
45713.211
45713.8
45757.211
45757.8
45830.211
45830.8
45969.211
45969.8
46123.211
46123.8
46176.211
46176.8
46188.211
46188.8
46445.211
46445.8
46498.211
46498.8
46594.211
46594.8
46817.211
46817.8
47102.211
47102.8
47125.211
47125.8
47191.211
47191.8
47200.211
47200.8
47202.211
47202.8
47237.211
47237.8
47443.211
47443.8
47447.211
47447.8
47505.211
47505.8
47521.211
47521.8
47530.211
47530.8
47621.211
47621.8
47703.211
47703.8
47789.211
47789.8
48009.211
48009.8
48103.211
48103.8
48229.211
48229.8
48376.211
48376.8
48397.211
48397.8
48541.211
48541.8
48628.211
48628.8
48764.211
48764.8
48774.211
48774.8
48783.211
48783.8
48827.211
48827.8
48832.211
48832.8
48950.211
48950.8
48962.211
48962.8
49047.211
49047.8
49200.211
49200.8
49211.211
49211.8
49396.211
49396.8
49440.211
49440.8
49600.211
49600.8
49613.211
49613.8
49649.211
49649.8
49747.211
49747.8
50087.8
50088.212
50126.2
50126.4
50326.2
50368.5
50371.4
50390.5
50392.4
50401.5
50404.4
50412.5
50417.4
50424.5
50427.4
50436.5
50441.4
50447.5
50452.4
50501.5
50515.4
50577.5
50726.3
50996.8
51050.8
51071.8
51130.4
51169.5
51526.1
52068.8
52090.211
52090.8
52095.211
52095.8
52225.211
52225.8
52267.211
52267.8
52319.211
52319.8
52334.211
52334.8
52528.211
52528.8
52889.8
52890.212
52930.2
52930.4
53130.2
53173.5
53174.4
53184.5
53186.4
53207.5
53208.4
53217.5
53220.4
53251.5
53256.4
53264.5
53266.4
53276.5
53279.4
53288.5
53291.4
53301.5
53303.4
53312.5
53317.4
53322.5
53333.4
53387.5
53390.4
53395.5
53402.4
53410.5
53415.4
53422.5
53426.4
53445.5
53449.4
53456.5
53462.4
53470.5
53471.4
53482.5
53484.4
53492.5
53498.4
53530.3
53570.5
53588.4
53737.5
53809.4
53835.5
54220.8
54330.1
54447.8
54480.211
54480.8
54540.211
54540.8
54743.211
54743.8
54769.211
54769.8
54822.211
54822.8
55020.211
55020.8
55026.211
55026.8
55057.211
55057.8
55318.211
55318.8
55453.211
55453.8
55646.211
55646.8
55656.211
55656.8
55716.211
55716.8
55821.211
55821.8
55862.211
55862.8
55941.211
55941.8
56020.211
56020.8
56245.211
56245.8
56249.211
56249.8
56254.211
56254.8
56274.211
56274.8
56277.211
56277.8
56398.211
56398.8
56539.211
56539.8
56572.211
56572.8
57010.8
57011.212
57049.2
57049.4
57249.2
57296.5
57301.4
57308.5
57310.4
57319.5
57324.4
57331.5
57335.4
57343.5
57347.4
57355.5
57358.4
57367.5
57372.4
57376.5
57377.4
57379.5
57385.4
57392.5
57396.4
57405.5
57408.4
57415.5
57649.3
57937.8
58027.4
58033.5
58051.4
58052.5
58065.4
58071.5
58198.8
58311.4
58320.5
58349.4
58377.5
58449.1
58504.8
58517.211
58517.8
58558.211
58558.8
58620.211
58620.8
58822.211
58822.8
58878.211
58878.8
59007.211
59007.8
59066.211
59066.8
59134.211
59134.8
59208.211
59208.8
59388.211
59388.8
59398.211
59398.8
59410.211
59410.8
59440.211
59440.8
59497.211
59497.8
59535.211
59535.8
59641.211
59641.8
59851.211
59851.8
59991.211
59991.8
60062.211
60062.8
60101.211
60101.8
60120.211
60120.8
60378.211
60378.8
60393.211
60393.8
60421.211
60421.8
60756.8
60757.212
60804.2
60804.4
61004.2
61052.5
61056.4
61075.5
61079.4
61085.5
61091.4
61122.5
61127.4
61135.5
61138.4
61148.5
61151.4
61158.5
61165.4
61168.5
61169.4
61171.5
61175.4
61183.5
61188.4
61190.5
61252.4
61255.5
61404.3
62030.8
62204.1
62223.8
62251.211
62251.8
62311.211
62311.8
62697.8
62698.212
62738.2
62738.4
62938.2
62970.5
62971.4
62979.5
62983.4
62990.5
62995.4
63013.5
63016.4
63024.5
63029.4
63036.5
63040.4
63060.5
63064.4
63071.5
63077.4
63085.5
63086.4
63096.5
63099.4
63103.5
63104.4
63107.5
63113.4
63115.5
63117.4
63119.5
63124.4
63131.5
63181.4
63203.5
63220.4
63223.5
63254.4
63288.5
63297.4
63310.5
63317.4
63338.3
63344.5
63506.8
63509.8
63664.6
63755.4
63758.5
63759.4
63764.5
63775.4
63787.5
63900.8
64055.4
64093.5
64138.1
64328.8
64331.211
64331.8
64339.211
64339.8
64715.8
64716.212
64772.2
64772.4
64972.2
65014.5
65016.4
65025.5
65028.4
65037.5
65038.4
65047.5
65052.4
65059.5
65063.4
65071.5
65075.4
65084.5
65087.4
65096.5
65102.4
65108.5
65112.4
65122.5
65124.4
65129.5
65130.4
65132.5
65138.4
65145.5
65150.4
65152.5
65154.4
65156.5
65182.4
65193.5
65372.3
65848.8
66090.8
66172.1
66293.8
66316.211
66316.8
66376.211
66376.8
66566.211
66566.8
66573.211
66573.8
66584.211
66584.8
66620.211
66620.8
66845.211
66845.8
66921.211
66921.8
67064.211
67064.8
67101.211
67101.8
67129.211
67129.8
67152.211
67152.8
67246.211
67246.8
67496.211
67496.8
67914.8
67915.212
67960.2
67960.4
68160.2
68201.5
68204.4
68211.5
68216.4
68235.5
68237.4
68245.5
68250.4
68259.5
68260.4
68270.5
68272.4
68281.5
68285.4
68293.5
68298.4
68307.5
68309.4
68317.5
68513.4
68534.5
68560.3
68611.8
68708.4
68718.5
69103.8
69360.1
69370.8
69380.211
69380.8
69391.211
69391.8
69438.211
69438.8
69666.211
69666.8
69760.211
69760.8
69953.211
69953.8
70009.211
70009.8
70026.211
70026.8
70126.211
70126.8
70199.211
70199.8
70656.8
70657.212
70699.2
70699.4
70899.2
70938.5
70941.4
70948.5
70953.4
70970.5
70974.4
70981.5
70987.4
70993.5
70997.4
71029.5
71033.4
71040.5
71045.4
71049.5
71050.4
71053.5
71055.4
71065.5
71068.4
71076.5
71082.4
71083.5
71086.4
71087.5
71094.4
71096.5
71098.4
71101.5
71105.4
71110.5
71111.4
71113.5
71119.4
71142.5
71156.4
71161.5
71165.4
71169.5
71178.4
71182.5
71183.4
71186.5
71188.4
71196.5
71202.4
71205.5
71207.4
71208.5
71214.4
71216.5
71227.4
71229.5
71231.4
71234.5
71237.4
71246.5
71249.4
71253.5
71254.4
71256.5
71262.4
71270.5
71274.4
71284.5
71287.4
71295.5
71299.3
71299.4
71348.5
71376.4
71394.5
71402.4
71405.5
71409.4
71454.5
71457.4
71468.5
71777.8
72099.1
72223.8
72340.211
72340.8
72642.8
72643.212
72685.2
72685.4
72885.2
72926.5
72930.4
72938.5
72940.4
72949.5
72952.4
72959.5
72963.4
72972.5
72975.4
72982.5
72986.4
72995.5
72998.4
73006.5
73008.4
73018.5
73022.4
73029.5
73035.4
73042.5
73047.4
73050.5
73051.4
73053.5
73060.4
73062.5
73285.3
74085.1
74356.8
74419.211
74419.8
74482.211
74482.8
74490.211
74490.8
74531.211
74531.8
74618.211
74618.8
74738.211
74738.8
74886.211
74886.8
74918.211
74918.8
74931.211
74931.8
74991.211
74991.8
75029.211
75029.8
75222.211
75222.8
75233.211
75233.8
75306.211
75306.8
75371.211
75371.8
75377.211
75377.8
75568.211
75568.8
75572.211
75572.8
75613.211
75613.8
75676.211
75676.8
75684.211
75684.8
75946.211
75946.8
76001.211
76001.8
76087.211
76087.8
76114.211
76114.8
76179.211
76179.8
76356.211
76356.8
76397.211
76397.8
76480.211
76480.8
76628.4
76641.5
76793.4
76808.5
76849.8
76850.212
76896.2
76896.4
77096.2
77132.5
77134.4
77143.5
77147.4
77166.5
77168.4
77176.5
77181.4
77201.5
77202.4
77211.5
77216.4
77225.5
77226.4
77250.5
77252.4
77261.5
77265.4
77270.5
77271.4
77274.5
77276.4
77287.5
77289.4
77293.5
77295.4
77297.5
77303.4
77311.5
77317.4
77324.5
77328.4
77330.5
77350.4
77356.5
77399.4
77403.5
77496.3
77581.8
77886.8
77954.8
78054.4
78067.5
78099.4
78145.5
78281.8
78296.1
78338.8
78353.211
78353.8
78367.211
78367.8
78443.211
78443.8
78663.211
78663.8
78673.211
78673.8
78687.211
78687.8
78770.211
78770.8
78935.211
78935.8
79202.211
79202.8
79253.211
79253.8
79413.211
79413.8
79417.211
79417.8
79439.211
79439.8
79529.211
79529.8
79550.211
79550.8
79552.211
79552.8
79565.211
79565.8
79738.211
79738.8
79746.211
79746.8
79976.211
79976.8
79988.211
79988.8
80255.211
80255.8
80361.211
80361.8
80450.211
80450.8
80472.211
80472.8
80614.211
80614.8
80678.211
80678.8
80812.211
80812.8
80901.211
80901.8
80944.211
80944.8
81101.211
81101.8
81112.211
81112.8
81123.211
81123.8
81206.211
81206.8
81461.211
81461.8
81751.211
81751.8
81889.211
81889.8
82144.211
82144.8
82149.211
82149.8
82240.211
82240.8
82288.211
82288.8
82483.211
82483.8
82516.211
82516.8
82547.211
82547.8
82574.211
82574.8
82576.211
82576.8
82659.211
82659.8
82848.211
82848.8
82856.211
82856.8
82908.211
82908.8
82957.211
82957.8
83131.211
83131.8
83264.211
83264.8
83405.211
83405.8
83417.211
83417.8
83595.211
83595.8
83609.211
83609.8
83674.211
83674.8
83697.211
83697.8
83783.4
83798.5
83818.4
83820.5
83824.4
83836.5
83900.211
83900.8
83995.211
83995.8
84034.211
84034.8
84223.211
84223.8
84326.211
84326.8
84620.211
84620.8
84633.211
84633.8
84888.211
84888.8
84915.211
84915.8
85206.211
85206.8
85370.211
85370.8
85647.211
85647.8
85714.211
85714.8
86031.8
86032.212
86076.2
86076.4
86276.2
86316.5
86320.4
86338.5
86342.4
86350.5
86354.4
86361.5
86364.4
86373.5
86377.4
86384.5
86390.4
86393.5
86394.4
86396.5
86399.4
86409.5
86413.4
86416.5
86417.4
86419.5
86676.3
87170.4
87198.5
87264.8
87302.8
87362.8
87466.4
87476.1
87499.5
87541.8
87578.211
87578.8
87604.211
87604.8
87749.211
87749.8
87859.211
87859.8
88128.211
88128.8
88230.211
88230.8
88267.211
88267.8
88359.211
88359.8
88373.211
88373.8
88853.8
88854.212
88902.2
88902.4
89102.2
89140.5
89143.4
89151.5
89155.4
89162.5
89166.4
89174.5
89178.4
89185.5
89190.4
89199.5
89201.4
89210.5
89214.4
89222.5
89226.4
89248.5
89249.4
89259.5
89262.4
89270.5
89275.4
89283.5
89287.4
89294.5
89299.4
89341.5
89373.4
89374.5
89408.4
89411.5
89421.4
89425.5
89502.3
89888.8
90177.4
90189.5
90191.4
90203.5
90302.1
90317.8
90337.211
90337.8
90364.211
90364.8
90398.211
90398.8
90436.211
90436.8
90466.211
90466.8
90707.211
90707.8
90716.211
90716.8
90973.211
90973.8
91114.211
91114.8
91132.211
91132.8
91370.211
91370.8
91380.211
91380.8
91385.211
91385.8
91505.211
91505.8
91619.211
91619.8
91785.211
91785.8
91977.211
91977.8
91997.211
91997.8
92026.211
92026.8
92115.211
92115.8
92284.211
92284.8
92434.211
92434.8
92665.211
92665.8
92700.211
92700.8
92768.211
92768.8
92873.211
92873.8
92933.211
92933.8
93010.4
93023.5
93058.211
93058.8
93067.211
93067.8
93113.211
93113.8
93293.211
93293.8
93332.211
93332.8
93337.211
93337.8
93377.211
93377.8
93417.211
93417.8
93643.211
93643.8
93828.211
93828.8
93927.211
93927.8
94071.211
94071.8
94275.211
94275.8
94280.211
94280.8
94350.211
94350.8
94587.211
94587.8
94730.211
94730.8
95039.8
95040.212
95085.2
95085.4
95285.2
95320.5
95321.4
95330.5
95334.4
95341.5
95345.4
95363.5
95367.4
95375.5
95380.4
95386.5
95391.4
95399.5
95403.4
95411.5
95416.4
95423.5
95428.4
95433.5
95438.4
95461.5
95467.4
95469.5
95502.4
95536.5
95685.3
96181.8
96317.4
96363.5
96485.1
97053.8
97109.211
97109.8
97149.211
97149.8
97231.4
97244.5
97247.4
97258.5
97269.4
97276.5
97280.4
97283.5
98009.8
98010.212
98071.2
98071.4
98271.2
98295.5
98296.4
98304.5
98310.4
98316.5
98321.4
98327.5
98331.4
98339.5
98344.4
98350.5
98356.4
98363.5
98366.4
98375.5
98379.4
98382.5
98383.4
98386.5
98391.4
98398.5
98402.4
98449.5
98453.4
98459.5
98480.4
98484.5
98503.4
98528.5
98543.4
98550.5
98552.4
98585.5
98594.4
98595.5
98671.3
98687.4
98717.5
98718.4
98721.5
98724.4
98726.5
98740.4
98745.5
98862.4
98921.5
98932.4
98933.5
98938.4
98940.5
98965.4
98966.5
99304.8
99342.8
99410.8
99471.1
99493.8
99521.211
99521.8
99679.4
99686.5
99871.8
99872.212
99931.2
99931.4
100131.2
100164.5
100167.4
100175.5
100180.4
100198.5
100202.4
100208.5
100215.4
100220.5
100224.4
100233.5
100238.4
100244.5
100250.4
100253.5
100254.4
100256.5
100262.4
100269.5
100274.4
100278.5
100279.4
100281.5
100304.4
100308.5
100310.4
100320.5
100531.3
100727.8
100765.8
101009.8
101106.8
101129.8
101204.8
101240.8
101262.8
101287.8
101331.1
101587.8
101595.211
101595.8
101610.211
101610.8
101639.211
101639.8
101675.211
101675.8
101849.4
101854.5
101895.211
101895.8
101922.211
101922.8
101930.211
101930.8
101960.211
101960.8
101993.211
101993.8
102027.211
102027.8
102041.211
102041.8
102048.211
102048.8
102242.211
102242.8
102262.211
102262.8
102375.211
102375.8
102477.211
102477.8
102655.4
102658.5
102686.4
102689.5
102712.4
102714.5
102818.8
102819.212
102863.2
102863.4
103063.2
103100.5
103103.4
103111.5
103115.4
103123.5
103124.4
103133.5
103137.4
103144.5
103149.4
103156.5
103161.4
103164.5
103165.4
103168.5
103173.4
103180.5
103184.4
103192.5
103201.4
103202.5
103256.4
103262.5
103463.3
103846.8
103900.8
103925.8
103946.8
104017.4
104045.5
104094.4
104096.5
104235.8
104238.8
104263.1
104290.8
104302.211
104302.8
104384.211
104384.8
104464.211
104464.8
104478.211
104478.8
104481.211
104481.8
104570.4
104572.5
104588.4
104616.5
104936.8
104937.212
104979.2
104979.4
105179.2
105213.5
105218.4
105225.5
105228.4
105236.5
105241.4
105248.5
105253.4
105261.5
105262.4
105272.5
105276.4
105282.5
105288.4
105294.5
105300.4
105303.5
105304.4
105307.5
105310.4
105318.5
105325.4
105326.5
105328.4
105330.5
105337.4
105338.5
105340.4
105342.5
105353.4
105355.5
105365.4
105366.5
105579.3
105974.8
106026.8
106081.8
106176.4
106185.5
106199.4
106204.5
106208.4
106222.5
106295.8
106379.1
106379.8
106399.8
106424.211
106424.8
106513.211
106513.8
106572.211
106572.8
106725.4
106726.5
106731.4
106737.5
106789.211
106789.8
106818.211
106818.8
106920.211
106920.8
107147.211
107147.8
107156.211
107156.8
107167.211
107167.8
107178.211
107178.8
107492.8
107493.212
107535.2
107535.4
107735.2
107770.5
107772.4
107780.5
107784.4
107791.5
107795.4
107803.5
107806.4
107815.5
107819.4
107828.5
107829.4
107839.5
107843.4
107850.5
107856.4
107864.5
107866.4
107877.5
107880.4
107887.5
107896.4
107898.5
108135.3
108750.8
108795.8
108935.1
109093.8
109097.211
109097.8
109123.211
109123.8
109146.211
109146.8
109155.211
109155.8
109183.211
109183.8
109249.211
109249.8
109304.211
109304.8
109405.211
109405.8
109487.211
109487.8
109624.211
109624.8
109626.211
109626.8
109653.211
109653.8
109722.211
109722.8
109730.211
109730.8
109733.211
109733.8
109883.211
109883.8
109947.211
109947.8
109962.211
109962.8
109992.211
109992.8
110062.211
110062.8
110264.211
110264.8
110280.211
110280.8
110350.211
110350.8
110639.4
110656.5
110782.8
110783.212
110789.8
110830.2
110830.4
111030.2
111073.5
111077.4
111084.5
111089.4
111096.5
111098.4
111108.5
111112.4
111118.5
111122.4
111127.5
111133.4
111141.5
111146.4
111148.5
111150.4
111152.5
111158.4
111160.5
111169.4
111176.5
111181.4
111215.5
111220.4
111235.5
111430.3
111542.6
111694.6
111834.8
111877.8
111967.8
112035.8
112230.1
112329.8
112334.211
112334.8
112365.211
112365.8
112418.211
112418.8
112439.211
112439.8
112486.211
112486.8
112506.211
112506.8
112751.211
112751.8
112933.211
112933.8
112987.211
112987.8
113012.211
113012.8
113087.211
113087.8
113154.211
113154.8
113292.211
113292.8
113336.211
113336.8
113571.211
113571.8
113616.211
113616.8
113619.211
113619.8
113638.211
113638.8
113889.211
113889.8
113927.211
113927.8
114098.4
114100.5
114185.211
114185.8
114222.211
114222.8
114230.211
114230.8
114284.211
114284.8
114331.211
114331.8
114695.8
114696.212
114739.2
114739.4
114939.2
114981.5
114987.4
114993.5
114997.4
115005.5
115007.4
115015.5
115020.4
115027.5
115031.4
115039.5
115043.4
115051.5
115055.4
115064.5
115066.4
115076.5
115079.4
115086.5
115093.4
115095.5
115096.4
115099.5
115103.4
115111.5
115339.3
115552.8
115576.8
115621.8
115717.4
115731.5
115751.4
115752.5
115775.4
115777.5
115781.4
115787.5
115801.4
115803.5
115815.4
115818.5
115819.4
115820.5
115827.4
115828.5
115832.4
115838.5
115856.4
115857.5
115875.4
115877.5
115904.4
115991.5
116007.4
116008.5
116031.4
116033.5
116052.4
116055.5
116057.4
116059.5
116078.4
116080.5
116081.4
116082.5
116137.4
116139.1
116156.5
116183.4
116190.5
116194.4
116196.5
116197.4
116202.5
116277.8
116297.211
116297.8
116303.211
116303.8
116378.211
116378.8
116435.211
116435.8
116444.211
116444.8
116510.211
116510.8
116570.211
116570.8
116807.211
116807.8
116996.211
116996.8
117008.211
117008.8
117057.211
117057.8
117093.211
117093.8
117104.211
117104.8
117131.211
117131.8
117289.211
117289.8
117420.211
117420.8
117433.211
117433.8
117546.211
117546.8
117837.211
117837.8
117876.211
117876.8
117927.211
117927.8
118077.211
118077.8
118085.211
118085.8
118412.8
118413.212
118416.8
118469.2
118469.4
118669.2
118710.5
118714.4
118722.5
118726.4
118733.5
118737.4
118744.5
118750.4
118752.5
118753.4
118755.5
118761.4
118768.5
119069.3
119216.8
119242.8
119261.8
119482.4
119529.5
119580.8
119828.8
119869.1
119921.8
119998.211
119998.8
120198.211
120198.8
120230.211
120230.8
120270.211
120270.8
120318.211
120318.8
120365.211
120365.8
120450.211
120450.8
120708.211
120708.8
120883.211
120883.8
120892.211
120892.8
120988.211
120988.8
121245.211
121245.8
121250.211
121250.8
121256.211
121256.8
121259.211
121259.8
121274.211
121274.8
121320.211
121320.8
121336.211
121336.8
121540.211
121540.8
121554.211
121554.8
121676.211
121676.8
121867.211
121867.8
121870.211
121870.8
121888.211
121888.8
121939.211
121939.8
121994.211
121994.8
122277.211
122277.8
122413.4
122418.5
122454.211
122454.8
122479.211
122479.8
122517.211
122517.8
122553.211
122553.8
122606.211
122606.8
122818.211
122818.8
122842.211
122842.8
123012.211
123012.8
123306.4
123313.5
123364.8
123365.212
123404.2
123404.4
123604.2
123638.5
123642.4
123650.5
123652.4
123661.5
123665.4
123671.5
123677.4
123695.5
123698.4
123707.5
123711.4
123719.5
123723.4
123731.5
123735.4
123743.5
123747.4
123769.5
123774.4
123775.5
123776.4
123778.5
123806.4
123815.5
123839.4
123842.5
124004.3
124252.8
124804.1
125655.8
125683.211
125683.8
125736.211
125736.8
125781.211
125781.8
125788.211
125788.8
125838.211
125838.8
125911.211
125911.8
125922.211
125922.8
126022.4
126043.5
126323.8
126324.212
126369.2
126369.4
126569.2
126597.5
126600.4
126608.5
126613.4
126620.5
126621.4
126631.5
126633.4
126642.5
126646.4
126653.5
126656.4
126679.5
126681.4
126690.5
126694.4
126726.5
126731.4
126739.5
126744.4
126753.5
126755.4
126765.5
126769.4
126776.5
126800.4
126821.5
126830.4
126847.5
126851.4
126857.5
126864.4
126865.5
126868.4
126870.5
126876.4
126902.5
126969.3
127507.8
127769.1
127901.8
127924.211
127924.8
127998.211
127998.8
128004.211
128004.8
128049.211
128049.8
128147.4
128149.5
128186.211
128186.8
128231.211
128231.8
128271.211
128271.8
128313.211
128313.8
128449.211
128449.8
128461.211
128461.8
128475.211
128475.8
128533.211
128533.8
128587.211
128587.8
128800.211
128800.8
128819.211
128819.8
128845.211
128845.8
128848.211
128848.8
128949.211
128949.8
129108.211
129108.8
129115.211
129115.8
129127.211
129127.8
129150.211
129150.8
129195.211
129195.8
129201.211
129201.8
129311.211
129311.8
129346.211
129346.8
129500.4
129503.5
129596.211
129596.8
129601.211
129601.8
129616.211
129616.8
129791.211
129791.8
129818.211
129818.8
129941.4
129945.5
129948.4
129951.5
129992.211
129992.8
129999.211
129999.8
130028.211
130028.8
130487.8
130488.212
130532.2
130532.4
130732.2
130772.5
130776.4
130784.5
130785.4
130794.5
130798.4
130805.5
130810.4
130818.5
130819.4
130829.5
130833.4
130840.5
130845.4
130852.5
130855.4
130864.5
130868.4
130877.5
130882.4
130888.5
130893.4
130926.5
130931.4
130935.5
130955.4
130957.5
130967.4
130971.5
130972.4
130973.5
131132.3
131370.4
131410.5
131455.8
131506.8
131731.4
131778.5
131823.8
131868.8
131893.8
131932.1
132062.8
132085.211
132085.8
132110.211
132110.8
132187.4
132191.5
132194.4
132216.5
132391.211
132391.8
132396.211
132396.8
132402.211
132402.8
132455.211
132455.8
132467.211
132467.8
132508.211
132508.8
132593.211
132593.8
132970.8
132971.212
133016.2
133016.4
133216.2
133249.5
133252.4
133259.5
133262.4
133269.5
133273.4
133281.5
133285.4
133292.5
133295.4
133304.5
133306.4
133315.5
133320.4
133322.5
133323.4
133326.5
133332.4
133334.5
133335.4
133338.5
133341.4
133350.5
133354.4
133362.5
133367.4
133369.5
133370.4
133373.5
133378.4
133381.5
133383.4
133384.5
133390.4
133392.5
133395.4
133396.5
133406.4
133407.5
133448.4
133451.5
133460.4
133467.5
133616.3
133805.8
133879.4
133896.5
133924.4
133925.5
133940.4
133942.5
133954.4
133961.5
133973.4
133975.5
133984.4
133986.5
133997.4
134000.5
134028.4
134048.5
134065.4
134066.5
134076.4
134077.5
134110.4
134120.5
134131.4
134133.5
134142.4
134189.5
134201.4
134205.5
134222.4
134223.5
134244.4
134245.5
134254.4
134255.5
134264.4
134265.5
134270.4
134272.5
134278.4
134279.5
134416.1
134680.4
134684.5
134743.4
134747.5
134748.4
134750.5
134800.4
134801.5
134806.4
134860.5
134863.4
134868.5
134912.8
134929.211
134929.8
134957.211
134957.8
135004.211
135004.8
135021.211
135021.8
135043.211
135043.8
135065.211
135065.8
135291.4
135293.5
135345.211
135345.8
135421.211
135421.8
135489.211
135489.8
135521.211
135521.8
135738.211
135738.8
135767.211
135767.8
135812.211
135812.8
135815.211
135815.8
135827.211
135827.8
136050.211
136050.8
136065.211
136065.8
136087.211
136087.8
136320.211
136320.8
136340.211
136340.8
136704.8
136705.212
136755.2
136755.4
136955.2
136996.5
136999.4
137007.5
137011.4
137029.5
137034.4
137040.5
137046.4
137054.5
137056.4
137065.5
137070.4
137073.5
137074.4
137076.5
137082.4
137090.5
137093.4
137102.5
137107.4
137109.5
137110.4
137113.5
137124.4
137125.5
137135.4
137139.5
137355.3
137668.8
137801.4
137816.5
137946.8
137971.8
138155.1
138550.8
138595.211
138595.8
138635.211
138635.8
138687.211
138687.8
138721.211
138721.8
138907.211
138907.8
139103.211
139103.8
139106.211
139106.8
139108.211
139108.8
139124.211
139124.8
139137.211
139137.8
139280.211
139280.8
139571.4
139578.5
139620.8
139621.212
139661.2
139661.4
139861.2
139893.5
139896.4
139903.5
139908.4
139916.5
139917.4
139926.5
139930.4
139937.5
139941.4
139949.5
139952.4
139962.5
139964.4
139973.5
139977.4
139983.5
139989.4
139992.5
139994.4
139996.5
139998.4
140008.5
140013.4
140019.5
140025.4
140028.5
140030.4
140032.5
140037.4
140044.5
140261.3
140534.8
140940.8
141014.8
141035.8
141061.1
141373.8
141400.211
141400.8
141446.211
141446.8
141543.211
141543.8
142088.8
142089.212
142126.2
142126.4
142326.2
142369.5
142373.4
142380.5
142384.4
142391.5
142395.4
142402.5
142406.4
142413.5
142419.4
142425.5
142430.4
142438.5
142442.4
142444.5
142446.4
142448.5
142453.4
142460.5
142463.4
142472.5
142475.4
142483.5
142488.4
142491.5
142492.4
142495.5
142499.4
142503.5
142505.4
142507.5
142512.4
142514.5
142525.4
142527.5
142530.4
142531.5
142536.4
142540.5
142541.4
142556.5
142560.4
142562.5
142584.4
142587.5
142589.4
142592.5
142596.4
142603.5
142613.4
142614.5
142641.4
142646.5
142726.3
143039.6
143119.4
143127.5
143137.4
143204.5
143247.4
143266.5
143267.4
143274.5
143280.4
143284.5
143290.4
143294.5
143299.4
143306.5
143333.4
143337.5
143369.4
143371.5
143376.4
143384.5
143422.4
143441.5
143449.4
143493.5
143508.4
143526.1
143554.5
143595.8
143598.211
143598.8
143603.211
143603.8
143649.211
143649.8
143694.211
143694.8
143740.211
143740.8
143757.211
143757.8
143946.211
143946.8
143955.211
143955.8
143974.211
143974.8
144203.211
144203.8
144224.211
144224.8
144238.211
144238.8
144466.4
144468.5
144517.211
144517.8
144531.211
144531.8
144759.211
144759.8
144930.211
144930.8
144955.211
144955.8
145043.211
145043.8
145449.8
145450.212
145492.2
145492.4
145692.2
145728.5
145730.4
145739.5
145742.4
145750.5
145753.4
145761.5
145766.4
145772.5
145777.4
145797.5
145798.4
145807.5
145812.4
145818.5
145823.4
145844.5
145848.4
145851.5
145852.4
145855.5
145860.4
145868.5
145869.4
145879.5
145883.4
145886.5
145887.4
145890.5
145900.4
145901.5
145907.4
145910.5
145913.4
145914.5
145920.4
145923.5
145925.4
145926.5
145932.4
145940.5
145983.4
145985.5
145986.4
145988.5
146092.3
146368.8
146417.8
146437.8
146589.8
146611.8
146614.8
146637.8
146860.8
146892.1
146901.8
146951.211
146951.8
146962.211
146962.8
146982.211
146982.8
147185.211
147185.8
147190.211
147190.8
147230.211
147230.8
147256.211
147256.8
147344.211
147344.8
147413.211
147413.8
147680.211
147680.8
147688.211
147688.8
147766.211
147766.8
147999.211
147999.8
148001.211
148001.8
148012.211
148012.8
148029.211
148029.8
148256.211
148256.8
148277.211
148277.8
148607.8
148608.212
148646.2
148646.4
148846.2
148884.5
148886.4
148895.5
148898.4
148906.5
148910.4
148917.5
148921.4
148930.5
148931.4
148941.5
148944.4
148951.5
148956.4
148965.5
148966.4
148977.5
148981.4
148988.5
148993.4
149014.5
149018.4
149026.5
149031.4
149033.5
149034.4
149037.5
149044.4
149046.5
149047.4
149050.5
149056.4
149101.5
149107.4
149110.5
149118.4
149126.5
149131.4
149135.5
149136.4
149138.5
149143.4
149164.5
149168.4
149175.5
149182.4
149188.5
149193.4
149240.5
149246.3
149261.4
149269.5
149474.8
149975.6
150046.1
150252.8
150261.211
150261.8
150297.211
150297.8
150344.211
150344.8
150383.211
150383.8
150421.211
150421.8
150479.211
150479.8
150501.211
150501.8
150543.211
150543.8
150737.211
150737.8
150749.211
150749.8
150910.211
150910.8
150952.211
150952.8
150979.211
150979.8
151231.211
151231.8
151248.211
151248.8
151384.211
151384.8
151575.211
151575.8
151617.211
151617.8
151624.211
151624.8
151964.8
151965.212
152006.2
152006.4
152206.2
152241.5
152243.4
152251.5
152255.4
152263.5
152267.4
152275.5
152278.4
152285.5
152290.4
152298.5
152301.4
152310.5
152314.4
152322.5
152327.4
152347.5
152348.4
152357.5
152362.4
152369.5
152375.4
152383.5
152386.4
152391.5
152392.4
152394.5
152425.4
152428.5
152429.4
152432.5
152438.4
152493.5
152606.3
153115.8
153279.8
153397.4
153400.5
153406.1
153499.8
153545.211
153545.8
153619.211
153619.8
153651.211
153651.8
153703.211
153703.8
153905.211
153905.8
154081.211
154081.8
154104.211
154104.8
154149.211
154149.8
154159.211
154159.8
154437.211
154437.8
154560.211
154560.8
154752.211
154752.8
154759.211
154759.8
154804.211
154804.8
154865.211
154865.8
154974.211
154974.8
155219.211
155219.8
155312.211
155312.8
155639.8
155640.212
155686.2
155686.4
155886.2
155935.5
155939.4
155946.5
155949.4
155958.5
155961.4
155969.5
155974.4
155983.5
155985.4
155995.5
155998.4
156005.5
156010.4
156017.5
156021.4
156030.5
156035.4
156039.5
156040.4
156042.5
156048.4
156056.5
156059.4
156069.5
156073.4
156077.5
156078.4
156081.5
156091.4
156093.5
156100.4
156101.5
156103.4
156105.5
156115.4
156119.5
156286.3
156507.4
156529.5
157086.1
157481.8
157542.211
157542.8
157568.211
157568.8
157741.211
157741.8
157889.4
157894.5
157947.211
157947.8
157969.211
157969.8
158037.211
158037.8
158164.4
158172.5
158235.211
158235.8
158240.211
158240.8
158267.211
158267.8
158275.211
158275.8
158289.211
158289.8
158433.4
158436.5
158499.211
158499.8
158533.211
158533.8
158885.8
158886.212
158923.2
158923.4
159123.2
159155.5
159157.4
159164.5
159167.4
159174.5
159178.4
159186.5
159190.4
159196.5
159201.4
159208.5
159212.4
159221.5
159223.4
159234.5
159235.4
159244.5
159249.4
159257.5
159259.4
159268.5
159272.4
159279.5
159284.4
159292.5
159295.4
159304.5
159309.4
159310.5
159313.4
159315.5
159326.4
159327.5
159333.4
159340.5
159385.4
159386.5
159387.4
159392.5
159395.4
159456.5
159471.4
159478.5
159507.4
159509.5
159512.4
159514.5
159517.4
159523.3
159526.5
159530.4
159533.5
159536.4
159537.5
159543.4
159546.5
159548.4
159550.5
159554.4
159563.5
160210.8
160323.1
160514.8
160568.211
160568.8
160576.211
160576.8
160649.211
160649.8
161017.8
161018.212
161064.2
161064.4
161264.2
161301.5
161305.4
161311.5
161316.4
161323.5
161327.4
161335.5
161338.4
161346.5
161350.4
161370.5
161375.4
161381.5
161387.4
161393.5
161398.4
161406.5
161411.4
161414.5
161416.4
161417.5
161423.4
161432.5
161434.4
161443.5
161447.4
161450.5
161451.4
161454.5
161465.4
161466.5
161477.4
161479.5
161484.4
161493.5
161664.3
161909.8
162286.8
162464.1
162715.8
162780.211
162780.8
162783.211
162783.8
162849.211
162849.8
162865.211
162865.8
162914.211
162914.8
163232.4
163234.5
163282.8
163283.212
163328.2
163328.4
163528.2
163558.5
163565.4
163566.5
163567.4
163569.5
163575.4
163581.5
163587.4
163593.5
163599.4
163604.5
163611.4
163616.5
163620.4
163629.5
163632.4
163640.5
163645.4
163652.5
163658.4
163660.5
163663.4
163676.5
163680.4
163684.5
163686.4
163688.5
163693.4
163696.5
163698.4
163700.5
163704.4
163713.5
163718.4
163719.5
163723.4
163724.5
163730.4
163733.5
163754.4
163763.5
163768.4
163770.5
163792.4
163795.5
163810.4
163811.5
163817.4
163821.5
163823.4
163825.5
163830.4
163837.5
163928.3
164587.4
164592.5
164641.8
164645.8
164717.8
164728.1
164774.8
165002.211
165002.8
165147.211
165147.8
165470.8
165471.212
165513.2
165513.4
165713.2
165757.5
165760.4
165767.5
165771.4
165790.5
165794.4
165800.5
165806.4
165813.5
165817.4
165824.5
165830.4
165850.5
165852.4
165861.5
165866.4
165873.5
165877.4
165886.5
165890.4
165898.5
165903.4
165910.5
165921.4
165922.5
165926.4
165935.5
165940.4
165943.5
165945.4
165948.5
165958.4
165959.5
165966.4
165969.5
165970.4
165973.5
165975.4
165985.5
165990.4
165991.5
165994.4
165995.5
166113.3
166471.8
166824.4
166832.5
166893.8
166913.1
166949.8
166984.211
166984.8
167169.211
167169.8
167230.211
167230.8
167272.211
167272.8
167602.8
167603.212
167650.2
167650.4
167850.2
167887.5
167890.4
167910.5
167914.4
167920.5
167926.4
167932.5
167936.4
167944.5
167949.4
167952.5
167953.4
167955.5
167961.4
167968.5
167970.4
167980.5
167984.4
167986.5
167988.4
167991.5
167997.4
168027.5
168033.4
168039.5
168045.4
168047.5
168250.3
168862.8
168889.8
169050.1
169153.8
169157.211
169157.8
169197.211
169197.8
169287.211
169287.8
169360.211
169360.8
169365.211
169365.8
169640.211
169640.8
169661.211
169661.8
169734.211
169734.8
169790.211
169790.8
169866.211
169866.8
169874.211
169874.8
169881.211
169881.8
169996.211
169996.8
170077.211
170077.8
170202.211
170202.8
170455.211
170455.8
170457.211
170457.8
170511.211
170511.8
170586.4
170593.5
170647.211
170647.8
170671.211
170671.8
170686.211
170686.8
170918.211
170918.8
170970.211
170970.8
171010.211
171010.8
171186.211
171186.8
171237.211
171237.8
171249.211
171249.8
171253.211
171253.8
171281.211
171281.8
171332.211
171332.8
171698.8
171699.212
171775.2
171775.4
171975.2
172016.5
172019.4
172027.5
172031.4
172039.5
172041.4
172050.5
172054.4
172061.5
172071.4
172073.5
172076.4
172085.5
172090.4
172097.5
172103.4
172109.5
172113.4
172119.5
172120.4
172123.5
172124.4
172134.5
172138.4
172141.5
172143.4
172145.5
172150.4
172158.5
172164.4
172195.5
172375.3
172891.8
172975.8
173037.8
173150.4
173153.5
173175.1
173235.8
173286.211
173286.8
173303.211
173303.8
173354.211
173354.8
173408.211
173408.8
173530.211
173530.8
173773.211
173773.8
173784.211
173784.8
173799.211
173799.8
173886.211
173886.8
174227.8
174228.212
174270.2
174270.4
174470.2
174509.5
174513.4
174520.5
174524.4
174533.5
174534.4
174544.5
174548.4
174554.5
174559.4
174579.5
174581.4
174590.5
174595.4
174602.5
174606.4
174616.5
174618.4
174626.5
174636.4
174637.5
174870.3
175174.8
175235.8
175258.8
175438.8
175530.8
175552.8
175597.8
175647.8
175670.1
175927.8
175941.211
175941.8
176201.211
176201.8
176228.211
176228.8
176264.211
176264.8
176310.211
176310.8
176561.211
176561.8
176571.211
176571.8
176598.211
176598.8
176607.211
176607.8
176892.211
176892.8
176904.211
176904.8
176988.211
176988.8
177224.211
177224.8
177253.211
177253.8
177286.211
177286.8
177389.211
177389.8
177443.211
177443.8
177453.211
177453.8
177684.211
177684.8
177718.211
177718.8
177759.211
177759.8
177761.211
177761.8
178095.8
178096.212
178138.2
178138.4
178338.2
178377.5
178379.4
178387.5
178391.4
178399.5
178402.4
178409.5
178414.4
178421.5
178426.4
178433.5
178436.4
178446.5
178450.4
178457.5
178462.4
178469.5
178472.4
178481.5
178486.4
178489.5
178490.4
178493.5
178498.4
178505.5
178515.4
178517.5
178738.3
178842.6
178977.8
179076.4
179100.5
179138.8
179290.8
179398.4
179426.5
179538.1
179559.8
179569.211
179569.8
179629.211
179629.8
179690.211
179690.8
179757.211
179757.8
179844.211
179844.8
179863.211
179863.8
179964.211
179964.8
179972.211
180000.9
123456789
4
09
17
4
09
17
0
0
0
2
14
30
38
15
03
39
6
2
5337
0
0
0
314159265
52
1053
1569
180000
314159265
0.1
241.8
274.211
274.8
433.211
433.8
624.4
627.5
806.8
807.212
855.2
855.4
1055.2
1095.5
1098.4
1106.5
1112.4
1118.5
1122.4
1129.5
1135.4
1139.5
1140.4
1141.5
1146.4
1182.5
1186.4
1188.5
1209.4
1230.5
1237.4
1239.5
1253.4
1282.5
1286.4
1293.5
1455.3
1647.8
1780.8
2099.8
2255.1
2642.8
2670.211
2670.8
2722.211
2722.8
2738.211
2738.8
2777.211
2777.8
2823.211
2823.8
3183.8
3184.212
3233.2
3233.4
3433.2
3471.5
3475.4
3484.5
3486.4
3507.5
3510.4
3519.5
3523.4
3532.5
3535.4
3558.5
3560.4
3568.5
3574.4
3583.5
3584.4
3594.5
3599.4
3603.5
3604.4
3607.5
3613.4
3616.5
3623.4
3647.5
3833.3
4106.8
4633.1
5002.8
5039.211
5039.8
5151.211
5151.8
5506.8
5507.212
5554.2
5554.4
5754.2
5784.5
5787.4
5796.5
5798.4
5808.5
5809.4
5830.5
5834.4
5841.5
5846.4
5867.5
5869.4
5878.5
5882.4
5891.5
5895.4
5904.5
5907.4
5916.5
5921.4
5928.5
5934.4
5937.5
5939.4
5941.5
5946.4
5950.5
5958.4
5989.5
5997.4
6002.5
6008.4
6016.5
6018.4
6050.5
6056.4
6092.5
6154.3
6467.8
6595.4
6618.5
6664.8
6954.1
7007.8
7034.211
7034.8
7083.211
7083.8
7176.211
7176.8
7544.8
7545.212
7584.2
7584.4
7784.2
7823.5
7824.4
7834.5
7837.4
7858.5
7859.4
7868.5
7874.4
7894.5
7896.4
7905.5
7911.4
7918.5
7921.4
7931.5
7934.4
7942.5
7948.4
7951.5
7953.4
7955.5
7960.4
7981.5
7987.4
7989.5
7999.4
8006.5
8009.4
8030.5
8059.4
8065.5
8184.3
8340.8
8698.8
8984.1
9053.8
9065.211
9065.8
9076.211
9076.8
9082.211
9082.8
9084.211
9084.8
9168.211
9168.8
9220.211
9220.8
9267.211
9267.8
9471.211
9471.8
9504.211
9504.8
9527.211
9527.8
9561.211
9561.8
9610.211
9610.8
9644.211
9644.8
9711.211
9711.8
9965.211
9965.8
9984.211
9984.8
10318.8
10319.212
10363.2
10363.4
10563.2
10592.5
10596.4
10604.5
10606.4
10616.5
10617.4
10627.5
10630.4
10639.5
10642.4
10650.5
10654.4
10686.5
10690.4
10694.5
10703.4
10710.5
10713.4
10719.5
10721.4
10722.5
10727.4
10732.5
10733.4
10735.5
10741.4
10744.5
10752.4
10760.5
10766.4
10767.5
10770.4
10772.5
10791.4
10820.5
10828.4
10830.5
10841.4
10843.5
10846.4
10847.5
10851.4
10872.5
10878.4
10909.5
10914.4
10963.3
11070.5
11253.4
11296.5
11373.8
11412.8
11763.1
11838.8
11841.211
11841.8
11954.211
11954.8
12008.211
12008.8
12231.211
12231.8
12268.211
12268.8
12306.211
12306.8
12379.211
12379.8
12436.211
12436.8
12581.211
12581.8
12612.211
12612.8
12641.211
12641.8
12719.211
12719.8
13077.8
13078.212
13125.2
13125.4
13325.2
13345.5
13348.4
13355.5
13359.4
13368.5
13369.4
13379.5
13382.4
13391.5
13393.4
13403.5
13405.4
13415.5
13418.4
13427.5
13429.4
13440.5
13442.4
13451.5
13455.4
13463.5
13469.4
13489.5
13492.4
13496.5
13498.4
13500.5
13506.4
13509.5
13511.4
13513.5
13518.4
13527.5
13531.4
13534.5
13537.4
13538.5
13725.3
14271.8
14294.8
14302.8
14351.8
14376.8
14416.8
14434.8
14525.1
14557.8
14601.211
14601.8
14669.211
14669.8
14722.211
14722.8
14744.211
14744.8
14808.211
14808.8
14816.211
14816.8
15024.211
15024.8
15031.211
15031.8
15043.211
15043.8
15322.211
15322.8
15332.211
15332.8
15345.211
15345.8
15398.211
15398.8
15583.211
15583.8
15612.211
15612.8
15748.211
15748.8
15954.211
15954.8
15978.211
15978.8
16263.211
16263.8
16283.211
16283.8
16556.211
16556.8
16565.211
16565.8
16575.211
16575.8
16601.211
16601.8
16907.8
16908.212
16960.2
16960.4
17160.2
17196.5
17199.4
17206.5
17209.4
17218.5
17220.4
17229.5
17231.4
17251.5
17256.4
17257.5
17303.4
17304.5
17313.4
17318.5
17352.4
17355.5
17378.4
17450.5
17456.4
17462.5
17469.4
17476.5
17481.4
17500.5
17506.4
17508.5
17519.4
17523.5
17524.4
17540.5
17543.4
17551.5
17558.4
17560.3
17672.5
17676.4
17695.5
17701.4
17826.5
17914.8
17958.8
18328.6
18360.1
18585.8
18634.211
18634.8
18669.211
18669.8
18744.211
18744.8
18881.211
18881.8
19151.211
19151.8
19243.211
19243.8
19304.211
19304.8
19355.211
19355.8
19567.211
19567.8
19573.211
19573.8
19585.211
19585.8
19917.8
19918.212
19981.2
19981.4
20181.2
20217.5
20220.4
20229.5
20232.4
20240.5
20242.4
20264.5
20268.4
20288.5
20291.4
20300.5
20304.4
20313.5
20317.4
20324.5
20329.4
20350.5
20352.4
20358.5
20368.4
20375.5
20380.4
20382.5
20386.4
20411.5
20416.4
20418.5
20439.4
20487.5
20490.4
20497.5
20504.4
20548.5
20581.3
20629.4
20649.5
20656.4
20735.5
20831.8
20887.8
20913.8
21381.1
21634.8
21703.211
21703.8
21779.211
21779.8
21984.211
21984.8
22030.211
22030.8
22080.211
22080.8
22135.211
22135.8
22339.211
22339.8
22342.211
22342.8
22349.211
22349.8
22350.211
22350.8
22561.211
22561.8
22605.211
22605.8
22657.211
22657.8
22721.211
22721.8
22833.211
22833.8
22903.211
22903.8
23251.8
23252.212
23297.2
23297.4
23497.2
23534.5
23538.4
23547.5
23549.4
23569.5
23573.4
23580.5
23586.4
23605.5
23608.4
23618.5
23622.4
23644.5
23645.4
23654.5
23661.4
23663.5
23664.4
23668.5
23671.4
23703.5
23723.4
23725.5
23728.4
23730.5
23735.4
23767.5
23771.4
23780.5
23783.4
23804.5
23808.4
23817.5
23819.4
23840.5
23843.4
23872.5
23897.3
24697.1
25497.8
25535.211
25535.8
25563.211
25563.8
25609.211
25609.8
25720.211
25720.8
25770.211
25770.8
26037.211
26037.8
26073.211
26073.8
26077.211
26077.8
26106.211
26106.8
26113.211
26113.8
26192.211
26192.8
26377.211
26377.8
26381.211
26381.8
26386.211
26386.8
26417.211
26417.8
26482.211
26482.8
26678.211
26678.8
26686.211
26686.8
26764.211
26764.8
27024.211
27024.8
27085.211
27085.8
27424.8
27425.212
27475.2
27475.4
27675.2
27699.5
27700.4
27709.5
27711.4
27720.5
27723.4
27731.5
27734.4
27742.5
27746.4
27753.5
27759.4
27790.5
27795.4
27799.5
27800.4
27815.5
27817.4
27823.5
27824.4
27827.5
27832.4
27839.5
27843.4
27852.5
27858.4
27861.5
27862.4
27865.5
27876.4
27877.5
27883.4
27903.5
27908.4
27909.5
27920.4
27927.5
27932.4
27939.5
27944.4
27988.5
28007.4
28010.5
28016.4
28022.5
28042.4
28044.5
28046.4
28073.5
28075.3
28552.8
28608.8
28676.8
28810.6
28875.1
28923.8
28928.211
28928.8
29046.211
29046.8
29262.211
29262.8
29278.211
29278.8
29291.211
29291.8
29317.211
29317.8
29364.211
29364.8
29453.211
29453.8
29631.211
29631.8
29836.211
29836.8
30044.211
30044.8
30313.211
30313.8
30323.211
30323.8
30492.211
30492.8
30565.211
30565.8
30671.211
30671.8
30746.211
30746.8
30956.211
30956.8
30962.211
30962.8
31150.211
31150.8
31161.211
31161.8
31608.8
31609.212
31655.2
31655.4
31855.2
31892.5
31896.4
31904.5
31908.4
31916.5
31918.4
31927.5
31930.4
31938.5
31943.4
31950.5
31954.4
31963.5
31965.4
31975.5
31979.4
31986.5
31992.4
32000.5
32002.4
32011.5
32017.4
32019.5
32021.4
32023.5
32030.4
32034.5
32044.4
32087.5
32116.4
32118.5
32127.4
32159.5
32167.4
32169.5
32255.3
32600.8
32671.4
32683.5
32743.8
33055.1
33133.8
33136.211
33136.8
33149.211
33149.8
33244.211
33244.8
33286.211
33286.8
33324.211
33324.8
33443.4
33479.5
33483.4
33485.5
33532.211
33532.8
33549.211
33549.8
33804.211
33804.8
33946.211
33946.8
34106.211
34106.8
34172.211
34172.8
34194.211
34194.8
34380.211
34380.8
34401.211
34401.8
34544.211
34544.8
34727.211
34727.8
34913.211
34913.8
34937.211
34937.8
35033.211
35033.8
35594.8
35595.212
35644.2
35644.4
35844.2
35884.5
35888.4
35907.5
35909.4
35918.5
35921.4
35930.5
35934.4
35955.5
35957.4
35966.5
35970.4
35978.5
35981.4
35990.5
35994.4
36015.5
36020.4
36028.5
36031.4
36040.5
36044.4
36052.5
36057.4
36064.5
36071.4
36079.5
36081.4
36086.5
36088.4
36090.5
36096.4
36099.5
36100.4
36103.5
36106.4
36115.5
36120.4
36122.5
36244.3
36630.8
36855.8
36916.8
36967.8
37044.1
37158.8
37185.211
37185.8
37194.211
37194.8
37314.211
37314.8
37412.4
37445.5
37485.211
37485.8
37497.211
37497.8
37544.211
37544.8
37687.211
37687.8
38074.8
38075.212
38124.2
38124.4
38324.2
38373.5
38374.4
38407.5
38411.4
38442.5
38447.4
38468.5
38470.4
38479.5
38484.4
38494.5
38495.4
38505.5
38509.4
38517.5
38527.4
38544.5
38545.4
38552.5
38559.4
38566.5
38570.4
38578.5
38584.4
38587.5
38589.4
38591.5
38594.4
38616.5
38618.4
38622.5
38624.4
38626.5
38633.4
38635.5
38637.4
38639.5
38644.4
38652.5
38656.4
38665.5
38669.4
38676.5
38683.4
38686.5
38687.4
38689.5
38696.4
38698.5
38700.4
38703.5
38706.4
38724.3
38738.5
38745.4
38828.5
39338.6
39417.4
39472.5
39524.1
39541.8
39581.211
39581.8
39651.211
39651.8
39691.211
39691.8
39854.211
39854.8
39884.211
39884.8
39892.211
39892.8
40045.211
40045.8
40185.211
40185.8
40208.211
40208.8
40231.211
40231.8
40387.211
40387.8
40447.211
40447.8
40626.211
40626.8
40629.211
40629.8
40763.211
40763.8
40946.211
40946.8
40970.211
40970.8
41272.8
41273.212
41323.2
41323.4
41523.2
41562.5
41564.4
41573.5
41575.4
41595.5
41599.4
41608.5
41610.4
41620.5
41622.4
41632.5
41636.4
41656.5
41659.4
41667.5
41674.4
41681.5
41683.4
41693.5
41696.4
41704.5
41710.4
41717.5
41723.4
41727.5
41728.4
41730.5
41734.4
41779.5
41786.4
41789.5
41796.4
41804.5
41810.4
41816.5
41923.3
42269.4
42270.5
42275.4
42292.5
42379.8
42426.8
42447.8
42502.8
42520.8
42542.8
42594.8
42701.8
42723.1
42733.8
42798.211
42798.8
42933.211
42933.8
42936.211
42936.8
42957.211
42957.8
42992.211
42992.8
43227.211
43227.8
43558.8
43559.212
43563.8
43604.2
43604.4
43804.2
43843.5
43845.4
43854.5
43856.4
43877.5
43878.4
43889.5
43891.4
43899.5
43904.4
43912.5
43914.4
43924.5
43927.4
43935.5
43940.4
43948.5
43950.4
43960.5
43964.4
43967.5
43968.4
43971.5
43977.4
43985.5
43986.4
43996.5
44001.4
44003.5
44006.4
44008.5
44014.4
44021.5
44026.4
44033.5
44039.4
44072.5
44077.4
44081.5
44098.4
44108.5
44112.4
44178.5
44184.4
44204.3
44204.5
44208.4
44215.5
44219.4
44280.5
44551.4
44563.5
44571.4
44602.5
44768.8
44805.8
45004.1
45057.8
45229.211
45229.8
45517.211
45517.8
45523.211
45523.8
45563.211
45563.8
45597.211
45597.8
45655.211
45655.8
45744.211
45744.8
45975.211
45975.8
45979.211
45979.8
45984.211
45984.8
46004.211
46004.8
46234.211
46234.8
46244.211
46244.8
46468.211
46468.8
46489.211
46489.8
46581.211
46581.8
46809.211
46809.8
46818.211
46818.8
47066.211
47066.8
47086.211
47086.8
47111.211
47111.8
47314.211
47314.8
47327.211
47327.8
47331.211
47331.8
47345.211
47345.8
47654.8
47655.212
47707.2
47707.4
47907.2
47939.5
47944.4
47952.5
47953.4
47963.5
47966.4
47975.5
47977.4
47986.5
47991.4
47999.5
48003.4
48012.5
48013.4
48023.5
48025.4
48035.5
48039.4
48048.5
48050.4
48060.5
48064.4
48072.5
48077.4
48080.5
48082.4
48084.5
48088.4
48097.5
48103.4
48104.5
48106.4
48108.5
48307.3
49107.1
49397.8
49463.211
49463.8
49697.211
49697.8
49706.211
49706.8
49960.211
49960.8
49977.211
49977.8
50273.211
50273.8
50311.211
50311.8
50559.211
50559.8
50562.211
50562.8
50575.211
50575.8
50640.211
50640.8
50838.211
50838.8
51046.4
51064.5
51121.211
51121.8
51138.211
51138.8
51140.211
51140.8
51388.211
51388.8
51392.211
51392.8
51426.211
51426.8
51776.8
51777.212
51819.2
51819.4
52019.2
52057.5
52058.4
52067.5
52070.4
52079.5
52080.4
52090.5
52093.4
52101.5
52105.4
52114.5
52115.4
52136.5
52140.4
52149.5
52151.4
52161.5
52163.4
52173.5
52178.4
52181.5
52183.4
52185.5
52191.4
52199.5
52202.4
52212.5
52215.4
52220.5
52221.4
52224.5
52229.4
52239.5
52240.4
52252.5
52253.4
52258.5
52259.4
52262.5
52269.4
52270.5
52293.4
52315.5
52317.4
52348.5
52353.4
52387.5
52391.4
52399.5
52403.4
52419.3
52424.5
52427.4
52436.5
52441.4
52472.5
52477.4
52519.5
52569.4
52612.5
52622.4
52756.5
52828.4
52833.5
52843.4
52844.5
52850.4
52852.5
52877.4
52956.5
53219.1
53355.8
53358.211
53358.8
53392.211
53392.8
53548.211
53548.8
53747.211
53747.8
53845.211
53845.8
54029.211
54029.8
54073.211
54073.8
54338.211
54338.8
54345.211
54345.8
54434.211
54434.8
54500.211
54500.8
54617.211
54617.8
54823.211
54823.8
54879.211
54879.8
55209.8
55210.212
55254.2
55254.4
55454.2
55489.5
55491.4
55500.5
55501.4
55510.5
55512.4
55522.5
55525.4
55533.5
55537.4
55570.5
55572.4
55582.5
55585.4
55595.5
55596.4
55607.5
55611.4
55618.5
55624.4
55645.5
55647.4
55656.5
55662.4
55664.5
55666.4
55669.5
55673.4
55683.5
55686.4
55696.5
55700.4
55708.5
55714.4
55720.5
55726.4
55734.5
55737.4
55746.5
55750.4
55753.5
55754.4
55758.5
55764.4
55766.5
55767.4
55770.5
55774.4
55782.5
55854.3
56654.1
56780.8
56850.211
56850.8
56975.211
56975.8
56989.211
56989.8
57027.211
57027.8
57239.211
57239.8
57256.211
57256.8
57304.211
57304.8
57350.211
57350.8
57463.211
57463.8
57604.211
57604.8
57616.211
57616.8
57626.211
57626.8
57628.211
57628.8
57725.211
57725.8
57928.211
57928.8
57948.211
57948.8
58012.211
58012.8
58170.211
58170.8
58616.8
58617.212
58665.2
58665.4
58865.2
58903.5
58906.4
58915.5
58917.4
58927.5
58928.4
58938.5
58940.4
58950.5
58953.4
58961.5
58965.4
58974.5
58977.4
58986.5
58988.4
58998.5
59001.4
59011.5
59013.4
59023.5
59027.4
59035.5
59041.4
59049.5
59052.4
59061.5
59064.4
59074.5
59077.4
59086.5
59091.4
59094.5
59095.4
59097.5
59104.4
59112.5
59114.4
59119.5
59120.4
59123.5
59154.4
59157.5
59165.4
59170.5
59171.4
59173.5
59265.3
59758.4
59761.5
59800.8
59869.8
60065.1
60326.8
60350.211
60350.8
60418.211
60418.8
60502.4
60507.5
60715.211
60715.8
60723.211
60723.8
60732.211
60732.8
60738.211
60738.8
60830.211
60830.8
60853.211
60853.8
60886.211
60886.8
61070.211
61070.8
61085.211
61085.8
61281.211
61281.8
61296.211
61296.8
61533.211
61533.8
61536.211
61536.8
61558.211
61558.8
61798.211
61798.8
61805.211
61805.8
61816.211
61816.8
61856.211
61856.8
61861.211
61861.8
61972.211
61972.8
61985.211
61985.8
62125.211
62125.8
62172.211
62172.8
62183.211
62183.8
62258.211
62258.8
62350.211
62350.8
62577.211
62577.8
62782.211
62782.8
62978.211
62978.8
63019.211
63019.8
63174.211
63174.8
63218.211
63218.8
63415.211
63415.8
63422.211
63422.8
63438.211
63438.8
63442.211
63442.8
63530.211
63530.8
63712.211
63712.8
63951.211
63951.8
63977.211
63977.8
64247.4
64248.5
64302.8
64303.212
64346.2
64346.4
64546.2
64594.5
64598.4
64619.5
64620.4
64629.5
64635.4
64642.5
64644.4
64654.5
64656.4
64666.5
64668.4
64677.5
64681.4
64688.5
64694.4
64703.5
64705.4
64715.5
64719.4
64723.5
64724.4
64727.5
64734.4
64741.5
64744.4
64753.5
64757.4
64761.5
64763.4
64765.5
64771.4
64773.5
64776.4
64777.5
64783.4
64791.5
64794.4
64803.5
64808.4
64810.5
64813.4
64814.5
64822.4
64825.5
64832.4
64838.5
64874.4
64878.5
64946.3
65479.6
65729.8
65746.1
65789.8
65815.211
65815.8
65858.211
65858.8
66046.211
66046.8
66117.211
66117.8
66218.211
66218.8
66291.211
66291.8
66461.4
66486.5
66491.4
66494.5
66535.211
66535.8
66815.211
66815.8
66820.211
66820.8
67114.211
67114.8
67210.211
67210.8
67565.8
67566.212
67616.2
67616.4
67816.2
67841.5
67846.4
67852.5
67856.4
67863.5
67868.4
67875.5
67880.4
67888.5
67890.4
67899.5
67903.4
67911.5
67917.4
67924.5
67926.4
67937.5
67940.4
67948.5
67954.4
67974.5
67978.4
67981.5
67983.4
67986.5
67991.4
68008.5
68009.4
68013.5
68016.4
68020.5
68021.4
68024.5
68030.4
68033.5
68035.4
68037.5
68041.4
68051.5
68056.4
68058.5
68060.4
68062.5
68075.4
68076.5
68083.4
68084.5
68100.4
68115.5
68119.4
68124.5
68134.4
68135.5
68144.4
68148.5
68171.4
68173.5
68176.4
68197.5
68207.4
68216.3
68224.5
68225.4
68228.5
68234.4
68283.5
68289.4
68295.5
68300.4
68311.5
68312.4
68318.5
68325.4
68464.5
68473.4
68602.5
68608.4
68716.5
68717.4
68806.5
68809.4
68992.5
68998.4
69016.1
69075.5
69077.4
69080.5
69419.8
69446.211
69446.8
69489.211
69489.8
69534.211
69534.8
69981.8
69982.212
70038.2
70038.4
70238.2
70271.5
70272.4
70280.5
70284.4
70303.5
70307.4
70315.5
70317.4
70326.5
70331.4
70333.5
70334.4
70337.5
70343.4
70373.5
70380.4
70382.5
70390.4
70395.5
70396.4
70400.5
70401.4
70413.5
70415.4
70423.5
70430.4
70433.5
70436.4
70438.5
70440.4
70451.5
70455.4
70458.5
70460.4
70462.5
70473.4
70474.5
70480.4
70526.5
70528.4
70535.5
70543.4
70546.5
70548.4
70615.5
70619.4
70628.5
70631.4
70638.3
70692.5
70696.4
70767.5
70774.4
70782.5
70816.4
70865.5
70874.4
70875.5
71438.1
71486.4
71513.5
71622.8
71738.211
71738.8
72033.211
72033.8
72040.211
72040.8
72055.211
72055.8
72161.211
72161.8
72236.211
72236.8
72713.8
72714.212
72771.2
72771.4
72971.2
72995.5
72996.4
73005.5
73009.4
73016.5
73019.4
73028.5
73031.4
73040.5
73043.4
73051.5
73056.4
73062.5
73068.4
73075.5
73081.4
73101.5
73103.4
73108.5
73109.4
73112.5
73117.4
73137.5
73142.4
73149.5
73166.4
73171.5
73177.4
73187.5
73189.4
73193.5
73214.4
73223.5
73228.4
73230.5
73268.4
73272.5
73273.4
73275.5
73281.4
73285.5
73286.4
73288.5
73292.4
73301.5
73311.4
73313.5
73371.3
74171.1
74412.8
74418.211
74418.8
74431.211
74431.8
74490.4
74561.5
74616.211
74616.8
74944.8
74945.212
74948.8
74999.2
74999.4
75199.2
75215.5
75220.4
75227.5
75232.4
75239.5
75241.4
75251.5
75254.4
75262.5
75265.4
75274.5
75276.4
75285.5
75289.4
75297.5
75300.4
75323.5
75324.4
75333.5
75339.4
75360.5
75362.4
75371.5
75376.4
75384.5
75389.4
75391.5
75402.4
75403.5
75407.4
75410.5
75413.4
75422.5
75440.4
75447.5
75451.4
75455.5
75457.4
75459.5
75489.4
75532.5
75540.4
75543.5
75549.4
75599.3
75613.5
75694.4
75704.5
75710.4
75749.5
75763.4
75827.5
75844.4
75847.5
75851.4
75856.5
75919.4
75946.5
75951.4
75952.5
75958.4
75960.5
76069.8
76265.4
76350.5
76355.4
76392.5
76399.1
76410.4
76440.5
76482.8
76499.211
76499.8
76557.211
76557.8
76759.211
76759.8
76837.211
76837.8
77014.211
77014.8
77018.211
77018.8
77247.211
77247.8
77252.211
77252.8
77265.211
77265.8
77295.211
77295.8
77377.211
77377.8
77604.211
77604.8
77615.211
77615.8
77620.211
77620.8
77649.211
77649.8
77679.211
77679.8
77786.211
77786.8
77869.211
77869.8
78012.4
78026.5
78141.211
78141.8
78146.211
78146.8
78170.211
78170.8
78189.211
78189.8
78202.211
78202.8
78261.211
78261.8
78513.211
78513.8
78547.211
78547.8
78914.8
78915.212
78972.2
78972.4
79172.2
79197.5
79201.4
79209.5
79213.4
79219.5
79224.4
79243.5
79246.4
79255.5
79259.4
79280.5
79282.4
79291.5
79297.4
79304.5
79308.4
79313.5
79314.4
79317.5
79321.4
79331.5
79333.4
79342.5
79347.4
79350.5
79352.4
79354.5
79359.4
79367.5
79372.4
79376.5
79378.4
79379.5
79385.4
79393.5
79397.4
79406.5
79410.4
79413.5
79415.4
79417.5
79423.4
79427.5
79428.4
79430.5
79436.4
79445.5
79447.4
79457.5
79462.4
79464.5
79466.4
79468.5
79479.4
79481.5
79487.4
79514.5
79542.4
79552.5
79572.3
79582.4
79585.5
80061.4
80067.5
80069.4
80090.5
80134.8
80178.8
80222.8
80241.8
80363.8
80372.1
80394.8
80412.211
80412.8
80428.211
80428.8
80438.211
80438.8
80482.211
80482.8
80501.211
80501.8
80533.211
80533.8
80561.211
80561.8
80585.211
80585.8
80628.211
80628.8
80663.211
80663.8
80684.211
80684.8
80886.211
80886.8
80938.211
80938.8
80975.211
80975.8
80999.211
80999.8
81174.211
81174.8
81194.211
81194.8
81217.211
81217.8
81258.211
81258.8
81523.211
81523.8
81622.211
81622.8
81862.211
81862.8
82042.211
82042.8
82049.211
82049.8
82143.211
82143.8
82532.8
82533.212
82582.2
82582.4
82782.2
82821.5
82824.4
82832.5
82836.4
82843.5
82847.4
82855.5
82858.4
82867.5
82870.4
82879.5
82883.4
82891.5
82894.4
82903.5
82907.4
82915.5
82919.4
82927.5
82932.4
82963.5
82968.4
82975.5
82980.4
82989.5
82992.4
82999.5
83021.4
83036.5
83041.4
83045.5
83053.4
83097.5
83101.4
83109.5
83114.4
83119.5
83127.4
83135.5
83136.4
83159.5
83161.4
83170.5
83173.4
83182.3
83182.5
83187.4
83281.5
83965.8
83982.1
84015.8
84028.211
84028.8
84048.211
84048.8
84050.211
84050.8
84155.4
84159.5
84193.211
84193.8
84253.211
84253.8
84302.211
84302.8
84455.211
84455.8
84513.211
84513.8
84530.211
84530.8
84553.211
84553.8
84789.211
84789.8
84826.211
84826.8
84852.211
84852.8
84864.211
84864.8
84888.211
84888.8
84948.211
84948.8
84987.211
84987.8
85057.211
85057.8
85118.211
85118.8
85147.211
85147.8
85170.211
85170.8
85204.211
85204.8
85473.211
85473.8
85485.211
85485.8
85507.211
85507.8
85510.211
85510.8
85533.211
85533.8
85568.211
85568.8
85592.211
85592.8
85818.211
85818.8
85888.211
85888.8
85911.211
85911.8
85974.211
85974.8
86172.211
86172.8
86181.211
86181.8
86197.211
86197.8
86247.211
86247.8
86451.211
86451.8
86455.211
86455.8
86475.211
86475.8
86576.211
86576.8
86657.211
86657.8
86678.211
86678.8
86799.211
86799.8
86889.4
86892.5
86900.4
86922.5
86961.211
86961.8
86968.211
86968.8
86999.211
86999.8
87191.211
87191.8
87258.211
87258.8
87315.211
87315.8
87574.211
87574.8
87582.211
87582.8
87784.4
87817.5
87824.4
87970.5
88018.8
88019.212
88069.2
88069.4
88269.2
88307.5
88311.4
88320.5
88321.4
88330.5
88334.4
88342.5
88343.4
88353.5
88358.4
88365.5
88370.4
88373.5
88374.4
88389.5
88392.4
88398.5
88399.4
88401.5
88407.4
88411.5
88412.4
88413.5
88417.4
88427.5
88430.4
88434.5
88435.4
88438.5
88443.4
88451.5
88460.4
88462.5
88470.4
88477.5
88479.4
88488.5
88494.4
88495.5
88499.4
88500.5
88512.4
88513.5
88518.4
88526.5
88545.4
88548.5
88558.4
88565.5
88572.4
88573.5
88597.4
88598.5
88610.4
88616.5
88669.3
88887.8
88957.4
88990.5
89069.8
89465.8
89469.1
89478.8
89525.211
89525.8
89540.211
89540.8
89602.4
89613.5
89832.211
89832.8
89938.211
89938.8
89956.211
89956.8
90169.211
90169.8
90172.211
90172.8
90231.211
90231.8
90313.211
90313.8
90780.8
90781.212
90822.2
90822.4
91022.2
91056.5
91058.4
91077.5
91080.4
91088.5
91092.4
91101.5
91103.4
91113.5
91115.4
91148.5
91151.4
91160.5
91165.4
91186.5
91189.4
91197.5
91203.4
91223.5
91226.4
91234.5
91240.4
91246.5
91254.4
91261.5
91265.4
91273.5
91278.4
91286.5
91292.4
91298.5
91304.4
91312.5
91315.4
91325.5
91330.4
91333.5
91334.4
91337.5
91344.4
91346.5
91347.4
91350.5
91356.4
91364.5
91366.4
91376.5
91381.4
91389.5
91398.4
91399.5
91408.4
91416.5
91418.4
91422.3
91427.5
91433.4
91435.5
91437.4
91439.5
91447.4
91450.5
91451.4
91452.5
91457.4
91479.5
91484.4
91487.5
91489.4
91491.5
91517.4
91526.5
91531.4
91538.5
91543.4
91584.5
91586.4
91592.5
91600.4
91639.5
91643.4
91650.5
91653.4
91739.5
91757.4
91797.5
91851.4
91882.5
92222.1
92278.8
92312.211
92312.8
92340.211
92340.8
92371.211
92371.8
92374.211
92374.8
92387.211
92387.8
92655.211
92655.8
92741.211
92741.8
93043.8
93044.212
93088.2
93088.4
93288.2
93321.5
93325.4
93332.5
93335.4
93343.5
93347.4
93355.5
93357.4
93367.5
93370.4
93377.5
93382.4
93391.5
93393.4
93426.5
93432.4
93440.5
93441.4
93452.5
93454.4
93464.5
93469.4
93477.5
93479.4
93489.5
93492.4
93497.5
93498.4
93500.5
93507.4
93510.5
93511.4
93526.5
93531.4
93533.5
93535.4
93538.5
93544.4
93552.5
93554.4
93564.5
93569.4
93572.5
93573.4
93576.5
93588.4
93589.5
93594.4
93603.5
93632.4
93662.5
93666.4
93685.5
93688.3
93690.4
93722.5
93727.4
93774.5
93779.4
93862.5
94015.8
94488.1
94496.8
94521.211
94521.8
94543.211
94543.8
94565.211
94565.8
94582.211
94582.8
94675.4
94712.5
94747.211
94747.8
94764.211
94764.8
94829.211
94829.8
94849.211
94849.8
95051.211
95051.8
95059.211
95059.8
95105.211
95105.8
95142.211
95142.8
95198.211
95198.8
95245.211
95245.8
95446.211
95446.8
95470.211
95470.8
95474.211
95474.8
95566.211
95566.8
95700.211
95700.8
95887.211
95887.8
96008.211
96008.8
96287.211
96287.8
96292.211
96292.8
96556.211
96556.8
96560.211
96560.8
96607.211
96607.8
96672.211
96672.8
96836.211
96836.8
96856.211
96856.8
96900.211
96900.8
97127.211
97127.8
97132.211
97132.8
97159.211
97159.8
97207.211
97207.8
97535.8
97536.212
97580.2
97580.4
97780.2
97821.5
97824.4
97832.5
97835.4
97855.5
97858.4
97868.5
97870.4
97879.5
97882.4
97914.5
97919.4
97940.5
97943.4
97951.5
97957.4
97966.5
97967.4
97977.5
97981.4
97990.5
97993.4
98002.5
98006.4
98014.5
98019.4
98028.5
98033.4
98035.5
98038.4
98039.5
98047.4
98048.5
98050.4
98052.5
98058.4
98095.5
98096.4
98101.5
98108.4
98114.5
98119.4
98129.5
98130.4
98138.5
98142.4
98150.5
98154.4
98161.5
98165.4
98180.3
98185.5
98192.4
98211.5
98212.4
98222.5
98228.4
98230.5
98231.4
98234.5
98804.8
98980.1
99054.8
99098.211
99098.8
99122.211
99122.8
99301.211
99301.8
99339.211
99339.8
99406.211
99406.8
99462.211
99462.8
99539.211
99539.8
99731.211
99731.8
99765.211
99765.8
100068.8
100069.212
100121.2
100121.4
100321.2
100356.5
100358.4
100367.5
100370.4
100378.5
100381.4
100389.5
100393.4
100401.5
100406.4
100414.5
100417.4
100425.5
100430.4
100438.5
100442.4
100445.5
100447.4
100449.5
100454.4
100462.5
100464.4
100474.5
100478.4
100481.5
100493.4
100494.5
100502.4
100511.5
100516.4
100519.5
100521.4
100524.5
100530.4
100536.5
100542.4
100571.5
100581.4
100582.5
100592.4
100596.5
100597.4
100599.5
100605.4
100609.5
100610.4
100614.5
100615.4
100622.5
100623.4
100624.5
100643.4
100661.5
100666.4
100668.5
100679.4
100681.5
100721.3
101521.1
102145.8
102154.211
102154.8
102212.211
102212.8
102229.211
102229.8
102357.211
102357.8
102532.211
102532.8
102648.211
102648.8
102717.211
102717.8
102897.211
102897.8
103133.211
103133.8
103149.211
103149.8
103570.8
103571.212
103622.2
103622.4
103822.2
103855.5
103859.4
103866.5
103869.4
103901.5
103906.4
103913.5
103918.4
103937.5
103940.4
103948.5
103954.4
103961.5
103962.4
103974.5
103976.4
103981.5
103982.4
103985.5
103990.4
103994.5
103995.4
103998.5
104000.4
104009.5
104014.4
104017.5
104020.4
104021.5
104028.4
104036.5
104037.4
104047.5
104051.4
104059.5
104065.4
104067.5
104077.4
104085.5
104087.4
104097.5
104124.4
104133.5
104139.4
104140.5
104163.4
104169.5
104200.4
104209.5
104213.4
104222.3
104255.5
104262.4
104264.5
104274.4
104278.5
104280.4
104294.5
104967.8
105022.1
105065.8
105121.211
105121.8
105130.211
105130.8
105156.211
105156.8
105196.211
105196.8
105323.211
105323.8
105345.211
105345.8
105347.211
105347.8
105394.211
105394.8
105503.211
105503.8
105577.211
105577.8
105726.211
105726.8
105760.211
105760.8
106362.8
106363.212
106412.2
106412.4
106612.2
106648.5
106649.4
106658.5
106661.4
106670.5
106671.4
106681.5
106682.4
106691.5
106694.4
106703.5
106707.4
106715.5
106717.4
106728.5
106729.4
106741.5
106742.4
106752.5
106756.4
106765.5
106766.4
106777.5
106780.4
106788.5
106793.4
106800.5
106805.4
106827.5
106830.4
106837.5
106843.4
106850.5
106856.4
106860.5
106861.4
106862.5
106867.4
106872.5
106873.4
106876.5
106880.4
106884.5
106886.4
106887.5
106893.4
106900.5
106907.4
106926.5
106932.4
106934.5
106936.4
106938.5
106945.4
106951.5
106957.4
106966.5
106970.4
106974.5
106976.4
106978.5
106984.4
106991.5
106995.4
107004.5
107007.4
107011.5
107012.3
107014.4
107015.5
107021.4
107027.5
107034.4
107037.5
107039.4
107040.5
107046.4
107053.5
107059.4
107063.5
107068.4
107077.5
107081.4
107084.5
107095.4
107102.5
107108.4
107110.5
107120.4
107122.5
107134.4
107138.5
107139.4
107140.5
107144.4
107152.5
107156.4
107159.5
107191.4
107201.5
107202.4
107209.5
107218.4
107235.5
107238.4
107243.5
107244.4
107246.5
107253.4
107256.5
107258.4
107332.5
107339.4
107497.5
107812.1
107939.8
108141.211
108141.8
108400.211
108400.8
108405.211
108405.8
108518.211
108518.8
108751.211
108751.8
108791.211
108791.8
108967.211
108967.8
109285.8
109286.212
109328.2
109328.4
109528.2
109565.5
109568.4
109577.5
109579.4
109589.5
109591.4
109600.5
109605.4
109612.5
109617.4
109624.5
109627.4
109635.5
109639.4
109648.5
109650.4
109659.5
109668.4
109669.5
109675.4
109683.5
109687.4
109697.5
109698.4
109708.5
109713.4
109715.5
109718.4
109720.5
109726.4
109729.5
109739.4
109747.5
109748.4
109749.5
109750.4
109756.5
109757.4
109758.5
109777.4
109785.5
109787.4
109796.5
109824.4
109827.5
109849.4
109854.5
109888.4
109892.5
109928.3
109931.4
109958.5
109985.4
109992.5
110728.1
110840.8
110891.211
110891.8
110895.211
110895.8
110936.211
110936.8
111024.4
111026.5
111079.211
111079.8
111090.211
111090.8
111101.211
111101.8
111179.211
111179.8
111358.211
111358.8
111364.211
111364.8
111368.211
111368.8
111386.211
111386.8
111684.211
111684.8
111760.211
111760.8
111893.211
111893.8
111921.211
111921.8
112135.211
112135.8
112145.211
112145.8
112161.211
112161.8
112217.211
112217.8
112387.4
112401.5
112466.211
112466.8
112482.211
112482.8
112745.211
112745.8
112807.211
112807.8
112939.211
112939.8
112991.211
112991.8
113282.211
113282.8
113318.211
113318.8
113320.211
113320.8
113367.211
113367.8
113430.211
113430.8
113615.211
113615.8
113651.211
113651.8
113676.211
113676.8
114151.8
114152.212
114194.2
114194.4
114394.2
114431.5
114435.4
114441.5
114446.4
114453.5
114459.4
114466.5
114469.4
114477.5
114482.4
114484.5
114493.4
114500.5
114505.4
114513.5
114519.4
114521.5
114523.4
114526.5
114529.4
114538.5
114542.4
114544.5
114547.4
114551.5
114552.4
114562.5
114565.4
114575.5
114579.4
114581.5
114584.4
114585.5
114592.4
114595.5
114602.4
114609.5
114610.4
114611.5
114617.4
114619.5
114642.4
114649.5
114655.4
114657.5
114794.3
115352.8
115432.8
115558.8
115594.1
115605.8
115632.211
115632.8
115660.211
115660.8
115850.211
115850.8
115853.211
115853.8
115911.211
115911.8
116050.211
116050.8
116226.211
116226.8
116331.211
116331.8
116581.4
116589.5
116645.8
116646.212
116696.2
116696.4
116896.2
116934.5
116936.4
116956.5
116960.4
116968.5
116971.4
116979.5
116985.4
116992.5
116996.4
117004.5
117007.4
117040.5
117044.4
117052.5
117056.4
117089.5
117095.4
117116.5
117118.4
117127.5
117133.4
117140.5
117146.4
117162.5
117164.4
117165.5
117296.3
117408.6
118096.1
118818.8
118896.4
118903.5
118967.211
118967.8
118989.211
118989.8
119744.8
119745.212
119800.2
119800.4
120000.2
120022.5
120025.4
120033.5
120037.4
120045.5
120049.4
120057.5
120060.4
120067.5
120071.4
120079.5
120082.4
120091.5
120094.4
120103.5
120106.4
120127.5
120128.4
120137.5
120146.4
120150.5
120152.4
120162.5
120164.4
120173.5
120183.4
120185.5
120191.4
120194.5
120196.4
120198.5
120202.4
120212.5
120214.4
120218.5
120220.4
120222.5
120229.4
120235.5
120240.4
120248.5
120251.4
120261.5
120265.4
120270.5
120271.4
120274.5
120293.4
120295.5
120301.4
120310.5
120315.4
120317.5
120321.4
120322.5
120328.4
120335.5
120341.4
120350.5
120351.4
120361.5
120366.4
120367.5
120370.4
120372.5
120379.4
120382.5
120384.4
120386.5
120390.4
120396.5
120400.3
120405.4
120423.5
120427.4
120429.5
120441.4
120444.5
120445.4
120448.5
120451.4
120460.5
120465.4
120468.5
120479.4
120482.5
120484.4
120485.5
120490.4
120498.5
120526.4
120547.5
120550.4
120558.5
120561.4
120592.5
120597.4
120699.5
120704.4
120708.5
120715.4
120721.5
120737.4
120747.5
120776.4
120900.5
120901.4
120938.5
121200.1
121634.8
121756.211
121756.8
121921.211
121921.8
121934.211
121934.8
122004.211
122004.8
122210.211
122210.8
122217.211
122217.8
122227.211
122227.8
122490.211
122490.8
122528.211
122528.8
122933.8
122934.212
122975.2
122975.4
123175.2
123211.5
123215.4
123223.5
123225.4
123234.5
123236.4
123245.5
123250.4
123257.5
123262.4
123269.5
123273.4
123292.5
123295.4
123300.5
123301.4
123304.5
123309.4
123317.5
123321.4
123341.5
123345.4
123348.5
123350.4
123352.5
123359.4
123378.5
123382.4
123385.5
123387.4
123389.5
123396.4
123399.5
123400.4
123402.5
123407.4
123411.5
123422.4
123423.5
123427.4
123428.5
123448.4
123450.5
123457.4
123465.5
123470.4
123472.5
123496.4
123500.5
123501.4
123503.5
123507.4
123511.5
123526.4
123528.5
123534.4
123536.5
123548.4
123549.5
123553.4
123555.5
123557.4
123564.5
123565.4
123566.5
123572.4
123573.5
123575.3
123590.4
123591.5
123596.4
123601.5
123609.4
123611.5
123634.4
123641.5
123647.4
123649.5
123652.4
123654.5
123662.4
123668.5
123673.4
123675.5
123698.4
123701.5
123711.4
123715.5
123716.4
123717.5
123724.4
123728.5
123736.4
123740.5
123749.4
123751.5
123754.4
123767.5
123771.4
123773.5
123795.4
123803.5
123814.4
123815.5
123833.4
123857.5
123862.4
123867.5
123869.4
123877.5
123882.4
123888.5
123892.4
123936.5
123944.4
124012.5
124014.4
124175.5
124193.4
124219.5
124274.4
124277.5
124375.1
124486.8
124552.211
124552.8
124571.211
124571.8
124726.211
124726.8
124759.211
124759.8
124792.211
124792.8
124806.211
124806.8
124807.211
124807.8
124859.211
124859.8
125001.211
125001.8
125034.211
125034.8
125058.211
125058.8
125129.211
125129.8
125333.211
125333.8
125337.211
125337.8
125342.211
125342.8
125375.211
125375.8
125399.211
125399.8
125640.211
125640.8
125724.211
125724.8
125736.211
125736.8
125965.211
125965.8
125986.211
125986.8
126331.8
126332.212
126378.2
126378.4
126578.2
126614.5
126616.4
126624.5
126629.4
126636.5
126640.4
126647.5
126651.4
126656.5
126664.4
126667.5
126668.4
126672.5
126674.4
126683.5
126687.4
126695.5
126700.4
126708.5
126712.4
126716.5
126717.4
126720.5
126724.4
126729.5
126730.4
126731.5
126737.4
126758.5
126761.4
126765.5
126767.4
126769.5
126776.4
126779.5
126780.4
126792.5
126793.4
126795.5
126800.4
126802.5
126806.4
126807.5
126814.4
126817.5
126819.4
126822.5
126825.4
126834.5
126839.4
126841.5
126844.4
126846.5
126851.4
126859.5
126876.4
126880.5
126882.4
126885.5
126887.4
126893.5
126894.4
126896.5
126925.4
126932.5
126964.4
126968.5
126978.3
127071.4
127073.5
127089.4
127090.5
127092.4
127095.5
127357.4
127359.5
127778.1
128222.8
128297.211
128297.8
128332.211
128332.8
128361.211
128361.8
128378.211
128378.8
128417.211
128417.8
128592.211
128592.8
128907.8
128908.212
128964.2
128964.4
129164.2
129188.5
129193.4
129200.5
129204.4
129212.5
129214.4
129222.5
129227.4
129234.5
129239.4
129247.5
129249.4
129254.5
129256.4
129258.5
129263.4
129271.5
129275.4
129283.5
129286.4
129296.5
129297.4
129308.5
129312.4
129320.5
129326.4
129345.5
129350.4
129353.5
129355.4
129358.5
129362.4
129371.5
129373.4
129383.5
129387.4
129390.5
129392.4
129393.5
129400.4
129420.5
129424.4
129428.5
129430.4
129432.5
129438.4
129446.5
129450.4
129455.5
129456.4
129459.5
129462.4
129470.5
129489.4
129492.5
129495.4
129506.5
129514.4
129516.5
129519.4
129521.5
129527.4
129547.5
129550.4
129554.5
129556.4
129558.5
129564.3
129577.4
129580.5
129591.4
129592.5
129604.4
129606.5
129616.4
129624.5
130364.1
130657.8
130703.211
130703.8
130775.211
130775.8
130996.211
130996.8
131006.211
131006.8
131120.211
131120.8
131207.211
131207.8
131581.8
131582.212
131636.2
131636.4
131836.2
131852.5
131854.4
131861.5
131865.4
131872.5
131876.4
131884.5
131889.4
131896.5
131902.4
131908.5
131912.4
131916.5
131917.4
131919.5
131923.4
131931.5
131935.4
131942.5
131948.4
131956.5
131959.4
131967.5
131972.4
131975.5
131976.4
131980.5
131985.4
131992.5
131998.4
132005.5
132008.4
132013.5
132016.4
132018.5
132028.4
132030.5
132035.4
132044.5
132047.4
132056.5
132062.4
132063.5
132066.4
132067.5
132076.4
132078.5
132080.4
132083.5
132085.4
132095.5
132099.4
132101.5
132104.4
132106.5
132111.4
132118.5
132123.4
132127.5
132137.4
132141.5
132142.4
132143.5
132145.4
132156.5
132160.4
132162.5
132184.4
132189.5
132202.4
132217.5
132236.3
132243.4
132249.5
132279.4
132287.5
132291.4
132300.5
132341.4
132378.5
132379.4
132389.5
132837.8
133036.1
133117.8
133140.211
133140.8
133209.211
133209.8
133222.211
133222.8
133453.211
133453.8
133491.211
133491.8
133680.211
133680.8
133792.211
133792.8
134034.211
134034.8
134054.211
134054.8
134094.211
134094.8
134097.211
134097.8
134134.211
134134.8
134173.211
134173.8
134318.211
134318.8
134323.211
134323.8
134329.211
134329.8
134350.211
134350.8
134676.8
134677.212
134678.8
134718.2
134718.4
134918.2
134955.5
134959.4
134968.5
134970.4
134978.5
134982.4
134990.5
134992.4
135000.5
135005.4
135012.5
135016.4
135037.5
135039.4
135061.5
135066.4
135069.5
135070.4
135073.5
135078.4
135098.5
135101.4
135105.5
135106.4
135110.5
135115.4
135118.5
135119.4
135122.5
135128.4
135135.5
135140.4
135145.5
135153.4
135156.5
135157.4
135161.5
135164.4
135172.5
135191.4
135193.5
135200.4
135209.5
135214.4
135217.5
135227.4
135233.5
135235.4
135267.5
135318.3
135318.4
135327.5
135346.4
135348.5
135755.8
135774.8
135981.6
136069.8
136104.8
136118.1
136163.8
136340.211
136340.8
136369.211
136369.8
136390.211
136390.8
136431.211
136431.8
136451.211
136451.8
136548.211
136548.8
136591.211
136591.8
136735.211
136735.8
136760.211
136760.8
136765.211
136765.8
136789.211
136789.8
136973.211
136973.8
136977.211
136977.8
137281.8
137282.212
137336.2
137336.4
137536.2
137568.5
137571.4
137578.5
137582.4
137601.5
137604.4
137613.5
137616.4
137624.5
137628.4
137636.5
137640.4
137648.5
137653.4
137655.5
137658.4
137659.5
137665.4
137672.5
137677.4
137680.5
137682.4
137684.5
137687.4
137697.5
137698.4
137708.5
137713.4
137720.5
137723.4
137731.5
137737.4
137739.5
137761.4
137768.5
137774.4
137778.5
137780.4
137781.5
137787.4
137788.5
137792.4
137793.5
137800.4
137803.5
137805.4
137806.5
137810.4
137819.5
137829.4
137830.5
137837.4
137838.5
137841.4
137842.5
137849.4
137853.5
137854.4
137856.5
137859.4
137865.5
137866.4
137867.5
137897.4
137902.5
137934.4
137936.3
137937.5
137948.4
137974.5
137992.4
137996.5
138030.4
138034.5
138035.4
138037.5
138041.4
138049.5
138075.4
138086.5
138090.4
138092.5
138115.4
138123.5
138127.4
138130.5
138145.4
138147.5
138537.8
138622.8
138736.1
138923.8
138986.211
138986.8
139182.211
139182.8
139206.211
139206.8
139313.211
139313.8
139508.211
139508.8
139514.211
139514.8
139542.211
139542.8
139570.211
139570.8
139761.211
139761.8
139780.211
139780.8
139787.211
139787.8
140054.211
140054.8
140067.211
140067.8
140093.211
140093.8
140128.211
140128.8
140415.211
140415.8
140423.211
140423.8
140462.211
140462.8
140654.211
140654.8
140852.211
140852.8
140917.211
140917.8
140920.211
140920.8
140927.211
140927.8
141134.211
141134.8
141392.211
141392.8
141437.211
141437.8
141518.211
141518.8
141770.211
141770.8
141818.211
141818.8
141848.211
141848.8
142015.211
142015.8
142039.211
142039.8
142101.211
142101.8
142266.211
142266.8
142418.4
142457.5
142467.4
142534.5
142573.8
142574.212
142616.2
142616.4
142816.2
142855.5
142859.4
142867.5
142871.4
142877.5
142883.4
142891.5
142893.4
142900.5
142905.4
142912.5
142917.4
142924.5
142929.4
142933.5
142934.4
142936.5
142942.4
142944.5
142946.4
142948.5
142953.4
142957.5
142959.4
142961.5
142966.4
142987.5
142988.4
142996.5
143002.4
143009.5
143014.4
143016.5
143018.4
143021.5
143025.4
143033.5
143039.4
143041.5
143042.4
143045.5
143063.4
143067.5
143093.4
143094.5
143098.4
143121.5
143122.4
143128.5
143137.4
143138.5
143149.4
143150.5
143158.4
143165.5
143182.4
143192.5
143196.4
143199.5
143208.4
143211.5
143216.3
143226.4
143240.5
143244.4
143247.5
143248.4
143251.5
143257.4
143262.5
143266.4
143290.5
144016.1
144880.8
144917.211
144917.8
144945.211
144945.8
145071.211
145071.8
145078.211
145078.8
145084.211
145084.8
145094.211
145094.8
145098.211
145098.8
145121.211
145121.8
145126.211
145126.8
145129.211
145129.8
145164.211
145164.8
145289.4
145359.5
145456.211
145456.8
145588.211
145588.8
145595.211
145595.8
145703.4
145722.5
145751.4
145759.5
145773.4
145813.5
145864.211
145864.8
145870.211
145870.8
145910.211
145910.8
145967.211
145967.8
146229.211
146229.8
146415.211
146415.8
146635.211
146635.8
146661.211
146661.8
146686.211
146686.8
146815.4
146817.5
146881.211
146881.8
146889.211
146889.8
146918.211
146918.8
147173.211
147173.8
147265.211
147265.8
147502.211
147502.8
147525.211
147525.8
147576.211
147576.8
147825.211
147825.8
148041.211
148041.8
148112.4
148118.5
148182.4
148187.5
148199.4
148202.5
148212.4
148272.5
148310.211
148310.8
148384.211
148384.8
148620.211
148620.8
148635.211
148635.8
148718.211
148718.8
148757.211
148757.8
148819.211
148819.8
148920.4
148922.5
148931.4
148938.5
149078.211
149078.8
149547.8
149548.212
149590.2
149590.4
149790.2
149822.5
149826.4
149834.5
149836.4
149845.5
149846.4
149855.5
149858.4
149866.5
149870.4
149879.5
149880.4
149890.5
149893.4
149901.5
149906.4
149913.5
149917.4
149949.5
149954.4
149960.5
149966.4
149970.5
149977.4
149985.5
149990.4
149993.5
150002.4
150010.5
150014.4
150023.5
150025.4
150056.5
150062.4
150069.5
150074.4
150083.5
150084.4
150093.5
150096.4
150103.5
150110.4
150119.5
150190.3
150990.1
151076.8
151116.211
151116.8
151326.211
151326.8
151499.4
151503.5
151566.211
151566.8
151583.211
151583.8
151608.211
151608.8
151661.211
151661.8
151926.211
151926.8
151954.211
151954.8
152005.211
152005.8
152191.211
152191.8
152216.211
152216.8
152442.211
152442.8
152626.211
152626.8
152651.211
152651.8
152666.211
152666.8
152733.211
152733.8
152794.211
152794.8
152805.211
152805.8
153107.8
153108.212
153147.2
153147.4
153347.2
153386.5
153390.4
153407.5
153409.4
153420.5
153422.4
153430.5
153435.4
153442.5
153446.4
153454.5
153458.4
153466.5
153468.4
153479.5
153480.4
153489.5
153494.4
153514.5
153516.4
153524.5
153529.4
153536.5
153540.4
153548.5
153552.4
153556.5
153558.4
153560.5
153564.4
153572.5
153578.4
153579.5
153591.4
153594.5
153595.4
153597.5
153600.4
153609.5
153613.4
153616.5
153626.4
153633.5
153637.4
153647.5
153651.4
153654.5
153656.4
153658.5
153663.4
153671.5
153689.4
153706.5
153729.4
153742.5
153747.3
153749.4
153751.5
153753.4
153755.5
153759.4
153764.5
153766.4
153768.5
153772.4
153777.5
153778.4
153780.5
153787.4
153790.5
153791.4
153792.5
153796.4
153804.5
153809.4
153812.5
153813.4
153814.5
153822.4
153839.5
153844.4
153846.5
153857.4
153898.5
153905.4
153923.5
153926.4
153936.5
153937.4
154011.5
154547.1
154864.8
154939.211
154939.8
154985.211
154985.8
155219.211
155219.8
155222.211
155222.8
155242.211
155242.8
155247.211
155247.8
155250.211
155250.8
155459.211
155459.8
155481.211
155481.8
155726.4
155733.5
155777.211
155777.8
155785.211
155785.8
155806.211
155806.8
156060.4
156062.5
156367.8
156368.212
156417.2
156417.4
156617.2
156644.5
156647.4
156655.5
156658.4
156665.5
156669.4
156677.5
156680.4
156688.5
156692.4
156700.5
156703.4
156712.5
156715.4
156724.5
156728.4
156736.5
156740.4
156747.5
156753.4
156768.5
156770.4
156772.5
156776.4
156785.5
156790.4
156796.5
156802.4
156823.5
156825.4
156829.5
156831.4
156833.5
156840.4
156841.5
156844.4
156846.5
156849.4
156855.5
156856.4
156859.5
156862.4
156871.5
156881.4
156882.5
156887.4
156895.5
156899.4
156907.5
156913.4
156916.5
156918.4
156919.5
156925.4
156944.5
156947.4
156951.5
156952.4
156955.5
156960.4
156967.5
156973.4
156981.5
156982.4
156992.5
156996.4
157001.5
157002.4
157005.5
157012.4
157017.3
157018.5
157022.4
157027.5
157028.4
157030.5
157034.4
157043.5
157048.4
157055.5
157066.4
157067.5
157817.1
157870.8
157919.211
157919.8
157951.211
157951.8
158071.211
158071.8
158138.211
158138.8
158309.211
158309.8
158311.211
158311.8
158316.211
158316.8
158327.211
158327.8
158337.211
158337.8
158384.211
158384.8
158437.211
158437.8
158601.211
158601.8
158623.211
158623.8
158864.211
158864.8
158870.211
158870.8
158885.211
158885.8
159084.211
159084.8
159092.211
159092.8
159100.211
159100.8
159294.211
159294.8
159297.211
159297.8
159309.211
159309.8
159600.211
159600.8
159880.211
159880.8
160154.211
160154.8
160199.211
160199.8
160203.211
160203.8
160247.211
160247.8
160482.211
160482.8
160486.211
160486.8
160553.211
160553.8
160609.211
160609.8
160780.211
160780.8
161040.211
161040.8
161073.211
161073.8
161338.211
161338.8
161378.211
161378.8
161608.211
161608.8
161625.211
161625.8
161791.211
161791.8
161864.211
161864.8
162022.211
162022.8
162122.211
162122.8
162152.211
162152.8
162286.4
162322.5
162393.211
162393.8
162396.211
162396.8
162435.211
162435.8
162552.211
162552.8
162600.211
162600.8
162803.211
162803.8
162915.211
162915.8
163106.211
163106.8
163111.211
163111.8
163361.211
163361.8
163684.8
163685.212
163728.2
163728.4
163928.2
163963.5
163966.4
163974.5
163976.4
163985.5
163988.4
163996.5
163999.4
164006.5
164011.4
164019.5
164022.4
164030.5
164034.4
164043.5
164045.4
164055.5
164058.4
164067.5
164072.4
164092.5
164095.4
164099.5
164101.4
164103.5
164108.4
164117.5
164118.4
164129.5
164132.4
164141.5
164145.4
164154.5
164159.4
164166.5
164172.4
164192.5
164195.4
164204.5
164210.4
164211.5
164214.4
164229.5
164233.4
164241.5
164247.4
164250.5
164252.4
164253.5
164256.4
164265.5
164271.4
164272.5
164275.4
164277.5
164283.4
164285.5
164328.3
164966.4
164976.5
164982.4
165014.5
165087.8
165128.1
165294.8
165299.211
165299.8
165317.211
165317.8
165474.211
165474.8
165541.211
165541.8
165646.4
165656.5
165715.211
165715.8
165750.211
165750.8
165801.211
165801.8
165825.211
165825.8
165956.211
165956.8
165962.211
165962.8
165967.211
165967.8
166263.211
166263.8
166338.211
166338.8
166388.211
166388.8
166499.211
166499.8
166659.211
166659.8
166900.211
166900.8
166905.211
166905.8
166940.211
166940.8
167453.8
167454.212
167497.2
167497.4
167697.2
167735.5
167739.4
167747.5
167750.4
167758.5
167762.4
167770.5
167773.4
167780.5
167786.4
167805.5
167808.4
167816.5
167821.4
167830.5
167832.4
167842.5
167845.4
167853.5
167859.4
167867.5
167869.4
167874.5
167876.4
167878.5
167882.4
167887.5
167888.4
167890.5
167895.4
167902.5
167908.4
167913.5
167914.4
167935.5
167937.4
167940.5
167945.4
167965.5
167970.4
167972.5
167988.4
168002.5
168003.4
168009.5
168019.4
168022.5
168033.4
168035.5
168097.3
168575.8
168776.6
168897.1
169073.8
169106.211
169106.8
169133.211
169133.8
169215.4
169224.5
169328.211
169328.8
169338.211
169338.8
169343.211
169343.8
169362.211
169362.8
169371.211
169371.8
169403.211
169403.8
169430.211
169430.8
169457.211
169457.8
169710.211
169710.8
170033.8
170034.212
170088.2
170088.4
170288.2
170320.5
170325.4
170331.5
170336.4
170344.5
170346.4
170355.5
170358.4
170366.5
170371.4
170391.5
170393.4
170402.5
170407.4
170415.5
170420.4
170451.5
170457.4
170460.5
170461.4
170466.5
170467.4
170476.5
170480.4
170487.5
170492.4
170500.5
170506.4
170525.5
170530.4
170559.5
170565.4
170572.5
170578.4
170598.5
170599.4
170608.5
170615.4
170616.5
170618.4
170620.5
170623.4
170629.5
170631.4
170633.5
170638.4
170642.5
170688.3
170858.6
170910.6
171186.8
171488.1
171503.8
171586.211
171586.8
171594.211
171594.8
171829.211
171829.8
171854.211
171854.8
171882.211
171882.8
171955.211
171955.8
172030.211
172030.8
172056.211
172056.8
172249.211
172249.8
172319.211
172319.8
172455.211
172455.8
172597.211
172597.8
172665.211
172665.8
172797.211
172797.8
172823.211
172823.8
172992.211
172992.8
173079.211
173079.8
173355.4
173358.5
173418.8
173419.212
173462.2
173462.4
173662.2
173690.5
173695.4
173702.5
173706.4
173713.5
173719.4
173726.5
173731.4
173732.5
173743.4
173748.5
173752.4
173761.5
173765.4
173769.5
173770.4
173772.5
173783.4
173785.5
173787.4
173796.5
173801.4
173804.5
173806.4
173808.5
173814.4
173821.5
173824.4
173834.5
173839.4
173841.5
173843.4
173845.5
173851.4
173871.5
173877.4
173879.5
173882.4
173884.5
173889.4
173892.5
173894.4
173897.5
173899.4
173905.5
173914.4
173918.5
173924.4
173932.5
173938.4
173941.5
173949.4
173982.5
173985.4
173992.5
173999.4
174006.5
174007.4
174017.5
174021.4
174039.5
174062.3
174831.4
174840.5
174847.4
174862.1
174867.5
174902.8
174950.211
174950.8
174962.211
174962.8
175005.211
175005.8
175048.211
175048.8
175128.4
175140.5
175184.211
175184.8
175197.211
175197.8
175233.211
175233.8
175490.211
175490.8
175492.211
175492.8
175529.211
175529.8
175548.211
175548.8
175588.211
175588.8
175758.211
175758.8
175847.211
175847.8
175946.4
175948.5
175957.4
175961.5
176020.211
176020.8
176031.211
176031.8
176061.211
176061.8
176124.211
176124.8
176131.211
176131.8
176181.211
176181.8
176214.211
176214.8
176371.211
176371.8
176476.211
176476.8
176554.211
176554.8
176674.4
176681.5
176781.211
176781.8
176821.211
176821.8
176951.211
176951.8
176997.211
176997.8
177096.211
177096.8
177181.211
177181.8
177362.211
177362.8
177433.4
177442.5
177452.4
177469.5
177510.211
177510.8
177515.211
177515.8
177529.211
177529.8
177641.211
177641.8
177944.8
177945.212
178003.2
178003.4
178203.2
178224.5
178227.4
178235.5
178238.4
178246.5
178249.4
178258.5
178261.4
178268.5
178274.4
178292.5
178295.4
178304.5
178309.4
178316.5
178319.4
178329.5
178331.4
178341.5
178345.4
178352.5
178358.4
178360.5
178362.4
178364.5
178367.4
178373.5
178375.4
178376.5
178382.4
178384.5
178386.4
178389.5
178394.4
178397.5
178399.4
178401.5
178404.4
178414.5
178419.4
178420.5
178428.4
178474.5
178515.4
178519.5
178527.4
178531.5
178540.4
178541.5
178553.4
178557.5
178558.4
178560.5
178565.4
178597.5
178603.3
178613.4
178684.5
179034.8
179097.4
179105.5
179106.4
179108.5
179403.1
179668.8
179688.211
179688.8
179751.211
179751.8
179945.211
179945.8
179953.211
180000.9
123456789
4
10
17
4
10
17
0
0
0
2
14
19
37
14
52
37
6
2
5939
0
0
0
314159265
62
725
2184
180000
314159265
0.1
195.4
252.5
273.4
325.5
404.8
421.211
421.8
435.211
435.8
465.211
465.8
502.211
502.8
530.211
530.8
843.8
844.212
887.2
887.4
1087.2
1120.5
1123.4
1130.5
1136.4
1144.5
1146.4
1155.5
1158.4
1166.5
1171.4
1178.5
1182.4
1190.5
1194.4
1203.5
1206.4
1215.5
1217.4
1228.5
1230.4
1239.5
1244.4
1265.5
1268.4
1315.5
1320.4
1329.5
1331.4
1377.5
1487.3
1830.8
1882.8
2121.8
2287.1
2483.8
2528.211
2528.8
2547.211
2547.8
2708.211
2708.8
3178.8
3179.212
3228.2
3228.4
3428.2
3451.5
3452.4
3460.5
3466.4
3473.5
3474.4
3485.5
3487.4
3495.5
3500.4
3531.5
3537.4
3556.5
3559.4
3564.5
3565.4
3567.5
3573.4
3577.5
3578.4
3581.5
3583.4
3594.5
3597.4
3601.5
3602.4
3643.5
3649.4
3654.5
3668.4
3681.5
3685.4
3688.5
3697.4
3705.5
3828.3
4276.8
4332.8
4628.1
4629.4
4636.5
4733.8
4776.211
4776.8
4792.211
4792.8
5218.8
5219.212
5264.2
5264.4
5464.2
5492.5
5497.4
5505.5
5507.4
5516.5
5519.4
5528.5
5532.4
5541.5
5543.4
5554.5
5557.4
5579.5
5582.4
5590.5
5595.4
5618.5
5619.4
5624.5
5625.4
5628.5
5634.4
5642.5
5644.4
5655.5
5658.4
5662.5
5664.4
5668.5
5672.4
5710.5
5712.4
5719.5
5727.4
5747.5
5750.4
5757.5
5764.4
5768.5
5769.4
5772.5
5773.4
5864.3
5931.5
6526.8
6588.8
6610.8
6664.1
7002.8
7301.211
7301.8
7629.8
7630.212
7697.2
7697.4
7897.2
7930.5
7934.4
7954.5
7957.4
7966.5
7969.4
8028.5
8030.4
8040.5
8043.4
8078.5
8082.4
8091.5
8095.4
8130.5
8133.4
8141.5
8146.4
8168.5
8173.4
8175.5
8178.4
8180.5
8187.4
8194.5
8197.4
8206.5
8210.4
8232.5
8235.4
8239.5
8260.4
8265.5
8267.4
8269.5
8273.4
8297.3
8315.5
8704.6
9018.4
9058.5
9097.1
9111.8
9129.211
9129.8
9180.211
9180.8
9255.211
9255.8
9268.211
9268.8
9290.211
9290.8
9376.4
9422.5
9732.8
9733.212
9793.2
9793.4
9993.2
10017.5
10018.4
10027.5
10031.4
10040.5
10041.4
10049.5
10054.4
10063.5
10065.4
10074.5
10078.4
10087.5
10091.4
10125.5
10130.4
10151.5
10155.4
10159.5
10161.4
10165.5
10168.4
10191.5
10195.4
10204.5
10387.4
10393.3
10408.5
10854.8
10913.8
11193.1
11509.8
11534.211
11534.8
11648.211
11648.8
11707.211
11707.8
11896.211
11896.8
11920.211
11920.8
11932.211
11932.8
11998.211
11998.8
12055.211
12055.8
12370.8
12371.212
12426.2
12426.4
12626.2
12664.5
12666.4
12675.5
12677.4
12700.5
12701.4
12710.5
12714.4
12748.5
12750.4
12760.5
12763.4
12774.5
12775.4
12786.5
12788.4
12807.5
12808.4
12810.5
12816.4
12824.5
12828.4
12838.5
12841.4
12844.5
12847.4
12849.5
12855.4
12858.5
12860.4
12862.5
12866.4
12876.5
12881.4
12883.5
12885.4
12888.5
13026.3
13306.8
13345.8
13348.8
13826.1
13985.8
14146.211
14146.8
14335.211
14335.8
14380.211
14380.8
14545.211
14545.8
14579.211
14579.8
14613.211
14613.8
14947.4
14952.5
14989.8
14990.212
15036.2
15036.4
15236.2
15271.5
15273.4
15293.5
15295.4
15328.5
15331.4
15341.5
15342.4
15354.5
15355.4
15366.5
15368.4
15378.5
15381.4
15390.5
15394.4
15402.5
15406.4
15415.5
15418.4
15428.5
15430.4
15435.5
15436.4
15440.5
15445.4
15465.5
15470.4
15474.5
15475.4
15477.5
15483.4
15505.5
15509.4
15513.5
15515.4
15516.5
15523.4
15532.5
15535.4
15544.5
15547.4
15568.5
15573.4
15575.5
15587.4
15591.5
15636.3
16330.4
16339.5
16436.1
16466.8
16612.4
16626.5
16668.211
16668.8
16678.211
16678.8
16680.211
16680.8
16726.211
16726.8
16758.211
16758.8
16761.211
16761.8
16763.211
16763.8
16812.211
16812.8
16923.4
16926.5
16962.211
16962.8
16997.211
16997.8
17103.211
17103.8
17666.8
17667.212
17719.2
17719.4
17919.2
17958.5
17962.4
17980.5
17984.4
17992.5
17995.4
18004.5
18008.4
18016.5
18020.4
18031.5
18032.4
18044.5
18045.4
18055.5
18059.4
18068.5
18070.4
18082.5
18083.4
18092.5
18097.4
18106.5
18109.4
18119.5
18122.4
18133.5
18135.4
18144.5
18150.4
18158.5
18161.4
18171.5
18174.4
18180.5
18181.4
18183.5
18189.4
18190.5
18202.4
18205.5
18208.4
18209.5
18213.4
18222.5
18226.4
18228.5
18240.4
18243.5
18245.4
18247.5
18250.4
18259.5
18263.4
18266.5
18269.4
18271.5
18276.4
18281.5
18282.4
18284.5
18290.4
18319.3
18331.5
18352.4
18590.5
19056.8
19115.8
19119.1
19133.8
19154.211
19154.8
19799.8
19800.212
19852.2
19852.4
20052.2
20076.5
20081.4
20089.5
20091.4
20100.5
20103.4
20112.5
20116.4
20123.5
20128.4
20149.5
20150.4
20160.5
20163.4
20172.5
20177.4
20184.5
20188.4
20192.5
20193.4
20197.5
20198.4
20208.5
20210.4
20215.5
20216.4
20219.5
20224.4
20233.5
20234.4
20244.5
20248.4
20252.5
20254.4
20256.5
20263.4
20270.5
20275.4
20281.5
20282.4
20299.5
20301.4
20310.5
20315.4
20336.5
20340.4
20344.5
20346.4
20347.5
20354.4
20373.5
20377.4
20381.5
20383.4
20384.5
20391.4
20397.5
20401.4
20432.5
20436.4
20443.5
20450.4
20452.3
20599.5
21079.8
21133.8
21252.1
21286.8
21318.211
21318.8
21339.211
21339.8
21379.211
21379.8
21511.211
21511.8
21671.211
21671.8
21692.211
21692.8
21715.211
21715.8
21751.211
21751.8
21760.211
21760.8
21789.211
21789.8
21960.211
21960.8
21967.211
21967.8
22159.211
22159.8
22384.211
22384.8
22397.211
22397.8
22413.211
22413.8
22428.211
22428.8
22470.211
22470.8
22766.211
22766.8
22882.211
22882.8
23213.8
23214.212
23262.2
23262.4
23462.2
23496.5
23498.4
23506.5
23509.4
23517.5
23520.4
23529.5
23532.4
23541.5
23545.4
23554.5
23556.4
23565.5
23569.4
23578.5
23581.4
23590.5
23595.4
23615.5
23618.4
23623.5
23625.4
23627.5
23632.4
23641.5
23644.4
23649.5
23650.4
23653.5
23656.4
23667.5
23671.4
23680.5
23684.4
23692.5
23697.4
23705.5
23710.4
23720.5
23721.4
23728.5
23729.4
23732.5
23735.4
23781.5
23786.4
23795.5
23797.4
23807.5
23811.4
23819.5
23823.4
23843.5
23846.4
23862.3
23866.5
23872.4
23876.5
23877.4
23878.5
24662.1
24945.8
24972.211
24972.8
24987.211
24987.8
25054.211
25054.8
25058.211
25058.8
25101.211
25101.8
25140.211
25140.8
25210.211
25210.8
25221.211
25221.8
25351.4
25359.5
25581.8
25582.212
25629.2
25629.4
25829.2
25857.5
25861.4
25868.5
25873.4
25880.5
25882.4
25891.5
25894.4
25903.5
25907.4
25927.5
25929.4
25938.5
25942.4
25964.5
25967.4
25976.5
25979.4
26004.5
26005.4
26015.5
26019.4
26052.5
26057.4
26065.5
26067.4
26079.5
26080.4
26085.5
26086.4
26089.5
26094.4
26102.5
26108.4
26126.5
26132.4
26174.5
26188.4
26190.5
26191.4
26200.5
26206.4
26210.5
26228.4
26229.3
26238.5
26240.4
26305.5
26608.8
26679.8
26814.4
26816.5
27029.1
27642.8
27679.211
27679.8
27753.211
27753.8
27898.211
27898.8
27932.211
27932.8
27936.211
27936.8
28628.8
28629.212
28685.2
28685.4
28885.2
28912.5
28914.4
28924.5
28926.4
28936.5
28937.4
28946.5
28949.4
28958.5
28961.4
28970.5
28973.4
28994.5
28998.4
29006.5
29011.4
29043.5
29048.4
29056.5
29059.4
29082.5
29085.4
29094.5
29098.4
29131.5
29137.4
29158.5
29161.4
29166.5
29167.4
29170.5
29175.4
29184.5
29187.4
29195.5
29196.4
29197.5
29198.4
29233.5
29256.4
29260.5
29261.4
29267.5
29285.3
29287.4
29317.5
29727.8
29781.8
29840.8
29867.8
29903.8
29926.8
29979.8
30085.1
30152.8
30174.211
30174.8
30212.211
30212.8
30422.211
30422.8
30641.211
30641.8
30650.211
30650.8
30680.211
30680.8
30981.8
30982.212
31029.2
31029.4
31229.2
31265.5
31268.4
31277.5
31280.4
31288.5
31291.4
31299.5
31303.4
31312.5
31315.4
31323.5
31327.4
31335.5
31339.4
31344.5
31345.4
31347.5
31352.4
31361.5
31364.4
31386.5
31388.4
31393.5
31394.4
31397.5
31402.4
31406.5
31413.4
31419.5
31420.4
31422.5
31427.4
31436.5
31440.4
31443.5
31445.4
31447.5
31452.4
31461.5
31464.4
31473.5
31478.4
31481.5
31493.4
31494.5
31502.4
31511.5
31515.4
31518.5
31528.4
31532.5
31539.4
31545.5
31546.4
31548.5
31553.4
31556.5
31567.4
31569.5
31578.4
31588.5
31591.4
31594.5
31597.4
31599.5
31605.4
31609.5
31616.4
31625.5
31629.3
31629.4
31631.5
31646.4
31675.5
31678.4
31682.5
31702.4
31708.5
31739.4
31745.5
31752.4
31755.5
31766.4
31768.5
31778.4
31811.5
32387.8
32429.1
32596.8
32829.211
32829.8
33150.8
33151.212
33195.2
33195.4
33395.2
33418.5
33420.4
33440.5
33442.4
33451.5
33454.4
33463.5
33467.4
33488.5
33490.4
33500.5
33505.4
33513.5
33515.4
33538.5
33542.4
33549.5
33554.4
33575.5
33578.4
33583.5
33584.4
33587.5
33592.4
33596.5
33598.4
33599.5
33603.4
33613.5
33616.4
33625.5
33629.4
33639.5
33643.4
33647.5
33649.4
33651.5
33656.4
33660.5
33662.4
33664.5
33670.4
33687.5
33688.4
33691.5
33695.4
33699.5
33702.4
33704.5
33710.4
33726.5
33727.4
33743.5
33748.4
33750.5
33762.4
33765.5
33773.4
33783.5
33786.4
33791.5
33794.4
33795.3
33795.5
33801.4
33806.5
33815.4
33823.5
33825.4
33834.5
33838.4
33841.5
33845.4
33846.5
33852.4
33855.5
33857.4
33885.5
33890.4
33893.5
33896.4
33897.5
33903.4
33911.5
33917.4
33920.5
33922.4
33925.5
33927.4
33936.5
34459.8
34560.4
34587.5
34595.1
34766.8
34817.211
34817.8
35343.8
35344.212
35393.2
35393.4
35593.2
35610.5
35613.4
35620.5
35625.4
35634.5
35635.4
35646.5
35647.4
35657.5
35660.4
35669.5
35672.4
35693.5
35696.4
35706.5
35710.4
35714.5
35715.4
35717.5
35722.4
35732.5
35733.4
35743.5
35747.4
35752.5
35753.4
35756.5
35760.4
35764.5
35774.4
35794.5
35799.4
35801.5
35824.4
35833.5
35836.4
35840.5
35843.4
35844.5
35851.4
35853.5
35862.4
35868.5
35877.4
35880.5
35892.4
35894.5
35903.4
35908.5
35909.4
35912.5
35917.4
35921.5
35923.4
35924.5
35931.4
35932.5
35944.4
35948.5
35956.4
35958.5
35983.4
35988.5
35992.4
35993.3
36012.5
36793.1
36874.8
37020.211
37020.8
37075.211
37075.8
37240.4
37242.5
37297.211
37297.8
37318.211
37318.8
37401.211
37401.8
37700.211
37700.8
37745.211
37745.8
37932.211
37932.8
38167.211
38167.8
38183.211
38183.8
38219.211
38219.8
38787.8
38788.212
38841.2
38841.4
39041.2
39069.5
39074.4
39082.5
39085.4
39093.5
39097.4
39104.5
39121.4
39125.5
39198.4
39199.5
39200.4
39201.5
39210.4
39218.5
39441.3
39450.4
39453.5
40241.1
40651.8
40978.8
40979.212
41027.2
41027.4
41227.2
41260.5
41262.4
41270.5
41274.4
41294.5
41298.4
41304.5
41309.4
41313.5
41320.4
41329.5
41332.4
41340.5
41345.4
41354.5
41356.4
41368.5
41369.4
41378.5
41389.4
41391.5
41395.4
41400.5
41401.4
41404.5
41408.4
41412.5
41414.4
41417.5
41422.4
41443.5
41448.4
41452.5
41454.4
41456.5
41462.4
41464.5
41467.4
41470.5
41474.4
41484.5
41486.4
41491.5
41494.4
41496.5
41502.4
41504.5
41513.4
41522.5
41525.4
41528.5
41551.4
41557.5
41564.4
41568.5
41585.4
41586.5
41589.4
41599.5
41603.4
41606.5
41610.4
41611.5
41617.4
41624.5
41627.3
41630.4
41631.5
41646.4
41673.5
41678.4
41682.5
41701.4
41708.5
42210.8
42238.8
42254.8
42301.8
42314.8
42316.8
42402.4
42415.5
42427.1
42560.8
42609.211
42609.8
42767.211
42767.8
42777.211
42777.8
42938.211
42938.8
42942.211
42942.8
42954.211
42954.8
42986.211
42986.8
43040.211
43040.8
43288.211
43288.8
43290.211
43290.8
43313.211
43313.8
43329.211
43329.8
43365.211
43365.8
43492.211
43492.8
43759.211
43759.8
43762.211
43762.8
43770.211
43770.8
43797.211
43797.8
44087.211
44087.8
44098.211
44098.8
44115.211
44115.8
44206.211
44206.8
44565.8
44566.212
44570.8
44615.2
44615.4
44815.2
44829.5
44832.4
44839.5
44843.4
44851.5
44856.4
44862.5
44867.4
44874.5
44878.4
44886.5
44890.4
44895.5
44896.4
44898.5
44902.4
44910.5
44914.4
44918.5
44920.4
44922.5
44927.4
44936.5
44939.4
44948.5
44953.4
44973.5
44978.4
45000.5
45004.4
45006.5
45022.4
45024.5
45027.4
45035.5
45041.4
45044.5
45054.4
45062.5
45066.4
45069.5
45073.4
45074.5
45080.4
45083.5
45085.4
45088.5
45091.4
45102.5
45104.4
45109.5
45118.4
45126.5
45131.4
45132.5
45149.4
45151.5
45153.4
45161.5
45180.4
45187.5
45192.4
45195.5
45198.4
45201.5
45204.4
45215.3
45283.5
45289.4
45295.5
45298.4
45363.5
45420.4
45461.5
46015.1
46278.8
46293.211
46293.8
46299.211
46299.8
46591.211
46591.8
46602.211
46602.8
46610.211
46610.8
47004.8
47005.212
47047.2
47047.4
47247.2
47285.5
47288.4
47296.5
47300.4
47309.5
47312.4
47320.5
47325.4
47346.5
47347.4
47356.5
47361.4
47380.5
47384.4
47393.5
47397.4
47406.5
47409.4
47431.5
47436.4
47443.5
47449.4
47457.5
47461.4
47483.5
47487.4
47494.5
47500.4
47508.5
47511.4
47520.5
47525.4
47529.5
47530.4
47533.5
47539.4
47541.5
47544.4
47559.5
47563.4
47567.5
47569.4
47571.5
47577.4
47596.5
47600.4
47647.3
47651.5
47655.4
47680.5
48447.1
48670.8
48698.211
48698.8
48906.211
48906.8
48914.211
48914.8
48921.211
48921.8
49060.211
49060.8
49210.211
49210.8
49243.211
49243.8
49361.211
49361.8
49701.8
49702.212
49747.2
49747.4
49947.2
49963.5
49965.4
49972.5
49978.4
49984.5
49989.4
49996.5
49999.4
50007.5
50011.4
50019.5
50023.4
50032.5
50035.4
50045.5
50046.4
50055.5
50059.4
50067.5
50073.4
50088.5
50091.4
50092.5
50097.4
50101.5
50103.4
50106.5
50110.4
50115.5
50116.4
50118.5
50122.4
50133.5
50134.4
50145.5
50147.4
50158.5
50160.4
50169.5
50174.4
50182.5
50186.4
50190.5
50193.4
50195.5
50198.4
50206.5
50226.4
50228.5
50236.4
50242.5
50249.4
50251.5
50255.4
50257.5
50263.4
50264.5
50347.3
51147.1
51729.8
51750.211
51750.8
52042.211
52042.8
52049.211
52049.8
52053.211
52053.8
52199.211
52199.8
52497.211
52497.8
52510.211
52510.8
52977.8
52978.212
53018.2
53018.4
53218.2
53243.5
53245.4
53254.5
53256.4
53264.5
53268.4
53278.5
53279.4
53290.5
53292.4
53301.5
53305.4
53313.5
53315.4
53325.5
53328.4
53337.5
53341.4
53374.5
53379.4
53399.5
53401.4
53412.5
53415.4
53424.5
53428.4
53437.5
53439.4
53444.5
53447.4
53448.5
53452.4
53462.5
53465.4
53469.5
53471.4
53474.5
53478.4
53487.5
53492.4
53495.5
53497.4
53499.5
53502.4
53511.5
53515.4
53560.5
53565.4
53574.5
53580.4
53599.5
53600.4
53610.5
53615.4
53618.3
53622.5
53627.4
53659.5
53665.4
53669.5
53717.4
53718.5
53722.4
53802.5
53906.8
54319.8
54363.8
54418.1
54426.8
54467.211
54467.8
54534.211
54534.8
54701.211
54701.8
54804.211
54804.8
54956.211
54956.8
55003.211
55003.8
55160.211
55160.8
55182.211
55182.8
55293.211
55293.8
55328.211
55328.8
55382.211
55382.8
55510.211
55510.8
55648.211
55648.8
55651.211
55651.8
55669.211
55669.8
55863.211
55863.8
55885.211
55885.8
55890.211
55890.8
55893.211
55893.8
55949.211
55949.8
56183.211
56183.8
56292.211
56292.8
56604.8
56605.212
56649.2
56649.4
56849.2
56882.5
56885.4
56893.5
56896.4
56904.5
56908.4
56915.5
56918.4
56928.5
56931.4
56940.5
56944.4
56951.5
56956.4
56965.5
56966.4
56977.5
56979.4
56988.5
56994.4
57001.5
57005.4
57014.5
57019.4
57022.5
57024.4
57026.5
57032.4
57053.5
57056.4
57064.5
57068.4
57077.5
57081.4
57084.5
57085.4
57089.5
57093.4
57102.5
57106.4
57111.5
57113.4
57115.5
57119.4
57127.5
57132.4
57179.5
57205.4
57211.5
57235.4
57237.5
57249.3
57254.4
57258.5
58049.1
58074.8
58467.8
58468.212
58511.2
58511.4
58711.2
58737.5
58739.4
58748.5
58751.4
58760.5
58762.4
58771.5
58773.4
58783.5
58785.4
58795.5
58796.4
58806.5
58808.4
58818.5
58821.4
58830.5
58834.4
58857.5
58858.4
58868.5
58873.4
58876.5
58878.4
58879.5
58884.4
58893.5
58896.4
58906.5
58911.4
58919.5
58922.4
58943.5
58946.4
58954.5
58960.4
58980.5
58983.4
58988.5
58989.4
58992.5
58997.4
59001.5
59003.4
59006.5
59008.4
59018.5
59021.4
59026.5
59029.4
59030.5
59037.4
59041.5
59042.4
59055.5
59060.4
59062.5
59078.4
59080.5
59082.4
59089.5
59096.4
59100.5
59109.4
59111.3
59117.5
59122.4
59130.5
59135.4
59138.5
59292.8
59822.8
59876.8
59897.8
59911.1
60114.8
60134.211
60134.8
60300.4
60309.5
60362.211
60362.8
60678.8
60679.212
60719.2
60719.4
60919.2
60935.5
60940.4
60947.5
60951.4
60958.5
60960.4
60969.5
60972.4
60982.5
60984.4
60992.5
60997.4
61005.5
61008.4
61030.5
61034.4
61038.5
61039.4
61042.5
61047.4
61051.5
61052.4
61075.5
61077.4
61080.5
61085.4
61089.5
61091.4
61106.5
61108.4
61114.5
61115.4
61118.5
61123.4
61143.5
61145.4
61151.5
61152.4
61154.5
61161.4
61163.5
61171.4
61180.5
61183.4
61188.5
61190.4
61191.5
61197.4
61205.5
61210.4
61215.5
61216.4
61231.5
61235.4
61238.5
61261.4
61267.5
61268.4
61270.5
61273.4
61278.5
61288.4
61292.5
61301.4
61304.5
61307.4
61319.3
61319.5
61324.4
61327.5
61339.4
61341.5
61344.4
61358.5
61362.4
61365.5
61382.4
61395.5
61399.4
61402.5
61405.4
61406.5
61424.4
61433.5
61435.4
61444.5
61450.4
61452.5
61474.4
61481.5
61815.8
61890.4
61919.5
61933.4
61935.5
62119.1
62201.8
62206.211
62206.8
62233.211
62233.8
62254.211
62254.8
62308.211
62308.8
62498.211
62498.8
62531.211
62531.8
62662.211
62662.8
62710.211
62710.8
62744.211
62744.8
62802.211
62802.8
62940.211
62940.8
62962.211
62962.8
63140.211
63140.8
63300.4
63304.5
63306.4
63308.5
63349.211
63349.8
63357.211
63357.8
63366.211
63366.8
63460.211
63460.8
63553.211
63553.8
63875.8
63876.212
63922.2
63922.4
64122.2
64150.5
64154.4
64161.5
64166.4
64173.5
64178.4
64198.5
64201.4
64209.5
64213.4
64222.5
64225.4
64234.5
64237.4
64246.5
64249.4
64259.5
64264.4
64266.5
64269.4
64271.5
64276.4
64296.5
64300.4
64305.5
64306.4
64309.5
64315.4
64334.5
64337.4
64347.5
64351.4
64355.5
64356.4
64359.5
64364.4
64368.5
64369.4
64372.5
64375.4
64385.5
64389.4
64392.5
64395.4
64397.5
64403.4
64406.5
64413.4
64420.5
64421.4
64424.5
64428.4
64432.5
64435.4
64436.5
64442.4
64464.5
64467.4
64476.5
64482.4
64484.5
64495.4
64499.5
64501.4
64503.5
64506.4
64515.5
64521.4
64522.3
64524.5
64535.4
64537.5
64546.4
64551.5
64559.4
64561.5
64579.4
64591.5
64596.4
64598.5
64610.4
64614.5
64615.4
64617.5
64619.4
64628.5
64634.4
64636.5
64658.4
64664.5
65039.8
65322.1
65479.8
65484.211
65484.8
65523.211
65523.8
65556.211
65556.8
65558.211
65558.8
65786.211
65786.8
65807.211
65807.8
65814.211
65814.8
65841.211
65841.8
65940.211
65940.8
66016.211
66016.8
66215.211
66215.8
66359.211
66359.8
66446.211
66446.8
66701.211
66701.8
66972.211
66972.8
66996.211
66996.8
67211.211
67211.8
67235.211
67235.8
67258.211
67258.8
67402.211
67402.8
67736.8
67737.212
67782.2
67782.4
67982.2
68005.5
68006.4
68014.5
68019.4
68025.5
68028.4
68038.5
68040.4
68049.5
68053.4
68063.5
68064.4
68073.5
68078.4
68085.5
68090.4
68109.5
68112.4
68118.5
68119.4
68121.5
68126.4
68136.5
68137.4
68143.5
68144.4
68148.5
68150.4
68160.5
68164.4
68167.5
68169.4
68171.5
68177.4
68181.5
68182.4
68184.5
68188.4
68198.5
68200.4
68210.5
68216.4
68219.5
68222.4
68235.5
68240.4
68243.5
68246.4
68247.5
68253.4
68257.5
68258.4
68273.5
68290.4
68324.5
68328.4
68329.5
68350.4
68355.5
68382.3
68388.4
68391.5
69182.1
69305.8
69312.211
69312.8
69316.211
69316.8
69351.211
69351.8
69608.211
69608.8
69615.211
69615.8
69637.211
69637.8
69662.211
69662.8
69943.211
69943.8
69997.211
69997.8
70209.211
70209.8
70216.211
70216.8
70246.211
70246.8
70350.211
70350.8
70570.211
70570.8
70576.211
70576.8
70581.211
70581.8
70660.211
70660.8
70750.211
70750.8
71092.8
71093.212
71138.2
71138.4
71338.2
71371.5
71374.4
71382.5
71385.4
71393.5
71397.4
71405.5
71409.4
71417.5
71421.4
71430.5
71432.4
71440.5
71445.4
71466.5
71468.4
71478.5
71482.4
71504.5
71506.4
71516.5
71520.4
71541.5
71543.4
71553.5
71557.4
71579.5
71582.4
71590.5
71595.4
71603.5
71607.4
71616.5
71620.4
71629.5
71633.4
71653.5
71656.4
71665.5
71671.4
71674.5
71675.4
71678.5
71681.4
71690.5
71694.4
71698.5
71700.4
71701.5
71708.4
71711.5
71718.4
71727.5
71731.4
71735.5
71737.4
71738.3
71740.5
71745.4
71748.5
71750.4
71753.5
71758.4
71761.5
71763.4
71765.5
71769.4
71777.5
71796.4
71798.5
71806.4
71813.5
71819.4
71822.5
71837.4
71839.5
72061.4
72072.5
72073.4
72092.5
72142.8
72538.1
72748.8
73046.211
73046.8
73328.211
73328.8
73338.211
73338.8
73812.8
73813.212
73872.2
73872.4
74072.2
74111.5
74115.4
74122.5
74126.4
74133.5
74138.4
74146.5
74150.4
74160.5
74161.4
74172.5
74174.4
74183.5
74188.4
74192.5
74193.4
74196.5
74198.4
74209.5
74211.4
74220.5
74224.4
74233.5
74237.4
74258.5
74263.4
74268.5
74269.4
74271.5
74276.4
74285.5
74289.4
74298.5
74303.4
74312.5
74313.4
74326.5
74327.4
74337.5
74342.4
74360.5
74366.4
74402.5
74403.4
74409.5
74427.4
74432.5
74472.3
75272.1
75383.8
75410.211
75410.8
75478.211
75478.8
75644.211
75644.8
75903.211
75903.8
76141.211
76141.8
76175.211
76175.8
76254.211
76254.8
76384.211
76384.8
76634.4
76640.5
76643.4
76652.5
76907.8
76908.212
76955.2
76955.4
77155.2
77187.5
77191.4
77197.5
77202.4
77208.5
77215.4
77220.5
77225.4
77232.5
77237.4
77240.5
77249.4
77256.5
77259.4
77268.5
77272.4
77275.5
77277.4
77278.5
77285.4
77292.5
77295.4
77305.5
77309.4
77318.5
77322.4
77325.5
77327.4
77330.5
77334.4
77339.5
77340.4
77343.5
77345.4
77355.5
77359.4
77361.5
77363.4
77366.5
77372.4
77379.5
77383.4
77389.5
77397.4
77400.5
77411.4
77414.5
77416.4
77418.5
77419.4
77430.5
77434.4
77439.5
77440.4
77442.5
77461.4
77464.5
77467.4
77469.5
77472.4
77481.5
77485.4
77488.5
77509.4
77516.5
77523.4
77526.5
77555.3
77561.4
77566.5
77599.4
77603.5
77636.4
77641.5
78183.8
78267.4
78276.5
78281.4
78318.5
78323.4
78327.5
78332.4
78339.5
78344.4
78346.5
78355.1
78546.8
78912.4
78923.5
78956.8
78957.212
79002.2
79002.4
79202.2
79223.5
79226.4
79234.5
79239.4
79246.5
79251.4
79258.5
79262.4
79269.5
79274.4
79282.5
79285.4
79294.5
79298.4
79305.5
79310.4
79320.5
79321.4
79331.5
79335.4
79339.5
79340.4
79342.5
79348.4
79356.5
79360.4
79370.5
79373.4
79382.5
79387.4
79390.5
79392.4
79395.5
79399.4
79408.5
79412.4
79420.5
79426.4
79428.5
79431.4
79433.5
79439.4
79442.5
79445.4
79447.5
79451.4
79456.5
79464.4
79467.5
79477.4
79480.5
79490.4
79493.5
79501.4
79509.5
79515.4
79517.5
79529.4
79531.5
79540.4
79545.5
79553.4
79556.5
79578.4
79584.5
79593.4
79595.5
79602.3
79607.4
79611.5
79613.4
79615.5
79618.4
79627.5
79631.4
79635.5
79658.4
79660.5
79671.4
79675.5
79678.4
79679.5
79708.4
79715.5
79721.4
79723.5
79746.4
79752.5
79759.4
79761.5
79939.6
80085.8
80118.8
80253.4
80266.5
80270.4
80284.5
80402.1
80403.4
80437.5
80473.8
80537.211
80537.8
80699.4
80711.5
80956.8
80957.212
81007.2
81007.4
81207.2
81230.5
81233.4
81254.5
81255.4
81264.5
81267.4
81277.5
81278.4
81289.5
81291.4
81300.5
81304.4
81313.5
81316.4
81326.5
81329.4
81338.5
81341.4
81349.5
81354.4
81373.5
81378.4
81381.5
81383.4
81386.5
81392.4
81400.5
81402.4
81413.5
81414.4
81419.5
81421.4
81423.5
81430.4
81432.5
81434.4
81446.5
81448.4
81450.5
81454.4
81459.5
81460.4
81463.5
81468.4
81477.5
81480.4
81489.5
81492.4
81497.5
81498.4
81501.5
81507.4
81516.5
81519.4
81524.5
81526.4
81528.5
81534.4
81536.5
81539.4
81541.5
81546.4
81554.5
81559.4
81562.5
81564.4
81566.5
81574.4
81576.5
81583.4
81589.5
81596.4
81597.5
81607.3
81621.4
81627.5
81635.4
81637.5
81640.4
81642.5
81648.4
81652.5
81653.4
81655.5
81659.4
81668.5
81672.4
81676.5
81677.4
81680.5
81687.4
81689.5
81699.4
81732.5
81740.4
81743.5
81747.4
81756.5
81762.4
81766.5
81775.4
81794.5
81799.4
81802.5
81811.4
81819.5
81972.8
82407.1
82487.8
82494.211
82494.8
82515.211
82515.8
82593.4
82635.5
82685.211
82685.8
82710.211
82710.8
83059.8
83060.212
83107.2
83107.4
83307.2
83317.5
83320.4
83328.5
83333.4
83339.5
83345.4
83347.5
83348.4
83351.5
83357.4
83363.5
83367.4
83375.5
83380.4
83384.5
83385.4
83387.5
83392.4
83399.5
83403.4
83411.5
83415.4
83420.5
83421.4
83424.5
83427.4
83436.5
83439.4
83448.5
83454.4
83456.5
83460.4
83461.5
83466.4
83470.5
83472.4
83475.5
83479.4
83484.5
83485.4
83488.5
83492.4
83501.5
83506.4
83510.5
83512.4
83527.5
83531.4
83534.5
83545.4
83553.5
83556.4
83561.5
83563.4
83565.5
83570.4
83574.5
83576.4
83578.5
83584.4
83591.5
83596.4
83599.5
83622.4
83630.5
83635.4
83637.5
83659.4
83666.5
83673.4
83675.5
83698.4
83704.5
83707.3
83711.4
83715.5
83725.4
83729.5
83738.4
83748.5
83750.4
83759.5
83787.4
83796.5
83801.4
83805.5
84497.8
84507.1
84518.8
84567.211
84567.8
84588.211
84588.8
84675.4
84679.5
84754.211
84754.8
84840.211
84840.8
85033.4
85034.5
85086.211
85086.8
85105.211
85105.8
85265.211
85265.8
85509.4
85515.5
85549.211
85549.8
85552.211
85552.8
85561.211
85561.8
85572.211
85572.8
86033.8
86034.212
86086.2
86086.4
86286.2
86299.5
86302.4
86309.5
86314.4
86320.5
86323.4
86332.5
86337.4
86344.5
86354.4
86355.5
86359.4
86367.5
86372.4
86376.5
86377.4
86379.5
86385.4
86388.5
86390.4
86393.5
86395.4
86404.5
86408.4
86417.5
86422.4
86423.5
86435.4
86437.5
86445.4
86453.5
86457.4
86462.5
86463.4
86466.5
86471.4
86474.5
86477.4
86478.5
86484.4
86488.5
86489.4
86501.5
86502.4
86504.5
86509.4
86512.5
86514.4
86517.5
86522.4
86525.5
86526.4
86529.5
86533.4
86539.5
86546.4
86548.5
86561.4
86563.5
86566.4
86568.5
86569.4
86570.5
86571.4
86577.5
86585.4
86588.5
86591.4
86592.5
86610.4
86616.5
86649.4
86686.3
86686.5
86688.4
86693.5
86991.4
87106.5
87227.8
87362.8
87486.1
87598.8
87621.211
87621.8
87688.211
87688.8
87766.211
87766.8
87821.211
87821.8
87937.211
87937.8
88015.211
88015.8
88260.211
88260.8
88295.211
88295.8
88309.211
88309.8
88346.211
88346.8
88735.4
88741.5
88742.4
88744.5
88784.8
88785.212
88825.2
88825.4
89025.2
89055.5
89061.4
89068.5
89071.4
89079.5
89083.4
89091.5
89096.4
89103.5
89107.4
89115.5
89120.4
89128.5
89132.4
89136.5
89137.4
89139.5
89143.4
89151.5
89156.4
89159.5
89161.4
89164.5
89167.4
89177.5
89194.4
89202.5
89207.4
89209.5
89213.4
89214.5
89218.4
89227.5
89232.4
89234.5
89245.4
89248.5
89252.4
89292.5
89340.4
89347.5
89354.4
89357.5
89382.4
89383.5
89392.4
89394.5
89425.3
89431.4
89441.5
89445.4
89446.5
89484.4
89486.5
90182.8
90225.1
91194.8
91295.211
91295.8
91457.4
91459.5
91571.211
91571.8
91584.211
91584.8
91805.4
91814.5
91852.211
91852.8
91876.211
91876.8
91980.211
91980.8
92012.211
92012.8
92238.211
92238.8
92244.211
92244.8
92263.211
92263.8
92298.211
92298.8
92572.211
92572.8
92690.211
92690.8
92903.211
92903.8
92933.211
92933.8
93241.8
93242.212
93285.2
93285.4
93485.2
93512.5
93517.4
93526.5
93528.4
93536.5
93540.4
93548.5
93552.4
93559.5
93564.4
93570.5
93576.4
93583.5
93587.4
93595.5
93600.4
93603.5
93605.4
93606.5
93619.4
93620.5
93624.4
93633.5
93637.4
93641.5
93643.4
93644.5
93651.4
93652.5
93656.4
93658.5
93662.4
93667.5
93675.4
93677.5
93681.4
93683.5
93687.4
93696.5
93701.4
93709.5
93714.4
93720.5
93728.4
93729.5
93737.4
93740.5
93752.4
93753.5
93763.4
93767.5
93781.4
93782.5
93801.4
93806.5
93839.4
93845.5
93853.4
93855.5
93858.4
93860.5
93878.4
93881.5
93885.3
93917.4
93924.5
93931.4
93938.5
93943.4
93964.5
93983.4
94018.5
94020.4
94028.5
94046.4
94051.5
94182.4
94185.5
94315.8
94384.8
94685.1
94781.8
94812.211
94812.8
94971.4
94978.5
95012.211
95012.8
95096.211
95096.8
95106.211
95106.8
95210.211
95210.8
95343.211
95343.8
95411.211
95411.8
95546.211
95546.8
95675.211
95675.8
95695.211
95695.8
96312.8
96313.212
96354.2
96354.4
96554.2
96588.5
96591.4
96599.5
96602.4
96610.5
96613.4
96621.5
96624.4
96633.5
96637.4
96658.5
96660.4
96670.5
96674.4
96682.5
96686.4
96707.5
96711.4
96716.5
96717.4
96718.5
96725.4
96728.5
96729.4
96745.5
96747.4
96756.5
96761.4
96779.5
96787.4
96795.5
96801.4
96805.5
96806.4
96808.5
96812.4
96820.5
96839.4
96842.5
96844.4
96857.5
96862.4
96866.5
96869.4
96870.5
96877.4
96878.5
96886.4
96897.5
96901.4
96904.5
96914.4
96918.5
96920.4
96921.5
96926.4
96935.5
96940.4
96942.5
96954.3
96954.4
96955.5
96963.4
96970.5
96982.4
96985.5
96986.4
96993.5
97023.4
97031.5
97036.4
97040.5
97042.4
97099.5
97754.1
97978.8
98676.4
98684.5
99079.8
99080.212
99130.2
99130.4
99330.2
99357.5
99361.4
99368.5
99374.4
99382.5
99383.4
99403.5
99408.4
99415.5
99421.4
99424.5
99446.4
99450.5
99482.4
99489.5
99495.4
99497.5
99519.4
99527.5
99532.4
99535.5
99559.4
99562.5
99571.4
99575.5
99597.4
99600.5
99609.4
99614.5
99621.4
99623.5
99645.4
99653.5
99678.4
99680.5
99683.4
99692.5
99696.4
99719.5
99722.4
99724.5
99730.3
99744.4
99749.5
99775.4
99814.5
99820.4
99823.5
99824.4
99857.5
100530.1
100651.8
100720.211
100720.8
100906.211
100906.8
100912.211
100912.8
100945.211
100945.8
101109.211
101109.8
101312.211
101312.8
101323.211
101323.8
101406.211
101406.8
101643.4
101662.5
101704.211
101704.8
101709.211
101709.8
101723.211
101723.8
101999.211
101999.8
102027.211
102027.8
102662.8
102663.212
102707.2
102707.4
102907.2
102938.5
102943.4
102950.5
102954.4
102961.5
102966.4
102973.5
102979.4
102981.5
102982.4
102984.5
102991.4
102998.5
103002.4
103010.5
103014.4
103021.5
103027.4
103034.5
103037.4
103046.5
103052.4
103054.5
103055.4
103058.5
103076.4
103079.5
103107.4
103110.5
103113.4
103122.5
103126.4
103129.5
103132.4
103134.5
103155.4
103157.5
103165.4
103167.5
103203.4
103208.5
103215.4
103218.5
103252.4
103261.5
103265.4
103269.5
103272.4
103273.5
103304.4
103307.3
103310.5
103344.4
103382.5
103384.4
103389.5
103406.4
103413.5
103428.4
103471.5
103473.4
103478.5
103487.4
103490.5
104107.1
104180.8
104225.211
104225.8
104281.211
104281.8
104307.211
104307.8
104563.211
104563.8
104573.211
104573.8
104576.211
104576.8
104583.211
104583.8
104607.211
104607.8
104649.211
104649.8
104884.211
104884.8
105143.211
105143.8
105660.8
105661.212
105705.2
105705.4
105905.2
105919.5
105923.4
105931.5
105935.4
105941.5
105948.4
105954.5
105959.4
105966.5
105976.4
105977.5
105982.4
105990.5
105994.4
105998.5
105999.4
106001.5
106006.4
106010.5
106011.4
106014.5
106019.4
106023.5
106024.4
106027.5
106029.4
106038.5
106043.4
106046.5
106057.4
106058.5
106067.4
106075.5
106080.4
106082.5
106093.4
106097.5
106105.4
106109.5
106112.4
106114.5
106119.4
106124.5
106125.4
106127.5
106132.4
106135.5
106143.4
106152.5
106155.4
106158.5
106162.4
106163.5
106170.4
106172.5
106180.4
106188.5
106193.4
106196.5
106207.4
106210.5
106219.4
106227.5
106231.4
106237.5
106257.4
106262.5
106295.4
106301.5
106305.3
106323.4
106341.5
106410.4
106452.5
106583.8
107105.1
107119.8
107126.211
107126.8
107158.211
107158.8
107375.211
107375.8
107393.211
107393.8
107398.211
107398.8
107533.211
107533.8
107551.211
107551.8
107720.211
107720.8
107736.211
107736.8
107892.4
107897.5
108003.211
108003.8
108082.211
108082.8
108341.211
108341.8
108423.211
108423.8
108641.211
108641.8
108670.211
108670.8
108744.211
108744.8
108942.4
108945.5
108986.211
108986.8
109012.211
109012.8
109152.211
109152.8
109157.211
109157.8
109376.211
109376.8
109394.211
109394.8
109679.211
109679.8
109682.211
109682.8
109691.211
109691.8
109738.211
109738.8
109793.211
109793.8
109845.211
109845.8
110154.8
110155.212
110202.2
110202.4
110402.2
110428.5
110431.4
110439.5
110443.4
110450.5
110454.4
110461.5
110466.4
110473.5
110478.4
110482.5
110483.4
110485.5
110489.4
110497.5
110502.4
110509.5
110515.4
110517.5
110519.4
110521.5
110526.4
110534.5
110539.4
110547.5
110551.4
110559.5
110569.4
110570.5
110576.4
110583.5
110588.4
110592.5
110594.4
110596.5
110602.4
110605.5
110608.4
110611.5
110612.4
110622.5
110626.4
110629.5
110639.4
110643.5
110650.4
110656.5
110663.4
110666.5
110677.4
110679.5
110688.4
110693.5
110694.4
110696.5
110701.4
110703.5
110715.4
110717.5
110726.4
110735.5
110739.4
110743.5
110744.4
110748.5
110753.4
110756.5
110759.4
110760.5
110766.4
110771.5
110778.4
110781.5
110792.4
110794.5
110802.3
110816.4
110821.5
110828.4
110831.5
110854.4
110858.5
110891.4
110897.5
110904.4
110905.5
110954.4
110962.5
110966.4
110969.5
110991.4
110995.5
111359.4
111361.5
111384.4
111402.5
111602.1
111685.8
111958.211
111958.8
111963.211
111963.8
112002.211
112002.8
112120.4
112148.5
112191.211
112191.8
112276.211
112276.8
112443.211
112443.8
112573.211
112573.8
112621.211
112621.8
112842.4
112849.5
112861.4
112863.5
112864.4
112884.5
112931.8
112932.212
112973.2
112973.4
113173.2
113207.5
113212.4
113219.5
113224.4
113231.5
113235.4
113242.5
113247.4
113253.5
113260.4
113278.5
113281.4
113286.5
113287.4
113289.5
113300.4
113302.5
113305.4
113314.5
113319.4
113321.5
113324.4
113326.5
113331.4
113339.5
113342.4
113352.5
113355.4
113359.5
113361.4
113364.5
113369.4
113373.5
113374.4
113390.5
113392.4
113397.5
113398.4
113401.5
113419.4
113421.5
113431.4
113439.5
113444.4
113445.5
113468.4
113474.5
113483.4
113485.5
113488.4
113490.5
113508.4
113512.5
113514.4
113518.5
113523.4
113525.5
113551.4
113573.3
113580.5
113609.4
113614.5
113645.4
113649.5
113694.4
113700.5
113709.4
113711.5
114352.4
114369.5
114373.1
114382.4
114389.5
114432.8
114538.4
114546.5
114719.211
114719.8
115024.8
115025.212
115084.2
115084.4
115284.2
115304.5
115308.4
115314.5
115320.4
115326.5
115330.4
115339.5
115343.4
115350.5
115355.4
115364.5
115365.4
115375.5
115378.4
115386.5
115391.4
115398.5
115404.4
115412.5
115413.4
115435.5
115440.4
115447.5
115453.4
115456.5
115458.4
115460.5
115463.4
115469.5
115476.4
115480.5
115502.4
115508.5
115509.4
115511.5
115514.4
115523.5
115527.4
115530.5
115553.4
115557.5
115565.4
115569.5
115571.4
115574.5
115592.4
115594.5
115605.4
115607.5
115631.4
115635.5
115644.4
115646.5
115659.4
115661.5
115669.4
115673.5
115684.3
115708.4
115716.5
115721.4
115724.5
115747.4
115753.5
115761.4
115763.5
115786.4
115791.5
115799.4
115802.5
115823.4
115830.5
115837.4
115838.5
115861.4
115867.5
115868.4
115869.5
115903.4
115938.5
116186.8
116333.6
116357.6
116398.6
116453.6
116484.1
116599.8
116650.211
116650.8
116686.211
116686.8
116696.211
116696.8
116854.211
116854.8
116892.211
116892.8
117087.211
117087.8
117171.211
117171.8
117243.211
117243.8
117441.4
117451.5
117497.211
117497.8
117627.211
117627.8
117899.211
117899.8
118431.8
118432.212
118474.2
118474.4
118674.2
118713.5
118718.4
118725.5
118727.4
118735.5
118740.4
118746.5
118751.4
118758.5
118763.4
118766.5
118768.4
118770.5
118775.4
118782.5
118787.4
118795.5
118801.4
118804.5
118806.4
118808.5
118813.4
118818.5
118819.4
118821.5
118824.4
118834.5
118838.4
118841.5
118852.4
118854.5
118857.4
118859.5
118860.4
118871.5
118876.4
118880.5
118881.4
118883.5
118900.4
118906.5
118913.4
118916.5
118926.4
118930.5
118939.4
118943.5
118954.4
118955.5
118976.4
118985.5
118989.4
118993.5
119004.4
119008.5
119009.4
119011.5
119015.4
119019.5
119029.4
119032.5
119035.4
119036.5
119041.4
119046.5
119056.4
119058.5
119061.4
119062.5
119066.4
119073.5
119074.3
119080.4
119081.5
119094.4
119097.5
119104.4
119110.5
119118.4
119120.5
119143.4
119146.5
119156.4
119161.5
119162.4
119164.5
119874.1
122815.8
122834.211
122834.8
123038.211
123038.8
123044.211
123044.8
123070.211
123070.8
123320.211
123320.8
123522.211
123522.8
123606.4
123608.5
123708.211
123708.8
123731.211
123731.8
123784.211
123784.8
123946.211
123946.8
123955.211
123955.8
123959.211
123959.8
124003.211
124003.8
124375.8
124376.212
124423.2
124423.4
124623.2
124640.5
124642.4
124649.5
124654.4
124661.5
124665.4
124673.5
124677.4
124684.5
124688.4
124696.5
124698.4
124707.5
124710.4
124718.5
124724.4
124730.5
124735.4
124742.5
124746.4
124755.5
124758.4
124763.5
124765.4
124767.5
124773.4
124775.5
124778.4
124780.5
124781.4
124792.5
124798.4
124799.5
124809.4
124817.5
124835.4
124840.5
124844.4
124854.5
124856.4
124861.5
124872.4
124874.5
124881.4
124891.5
124895.4
124898.5
124909.4
124913.5
124920.4
124929.5
124933.4
124935.5
124959.4
124964.5
124972.4
124980.5
124985.4
124993.5
124996.4
125005.5
125009.4
125018.5
125023.3
125023.4
125042.5
125047.4
125050.5
125070.4
125079.5
125083.4
125089.5
125111.4
125113.5
125115.4
125128.5
125133.4
125136.5
125147.4
125149.5
125159.4
125166.5
125169.4
125179.5
125183.4
125185.5
125823.1
126000.8
126003.211
126003.8
126088.4
126100.5
126140.211
126140.8
126157.211
126157.8
126188.211
126188.8
126278.4
126293.5
126330.211
126330.8
126397.211
126397.8
126444.211
126444.8
126580.211
126580.8
126835.211
126835.8
126847.211
126847.8
126861.211
126861.8
126916.211
126916.8
126942.211
126942.8
127122.211
127122.8
127139.211
127139.8
127199.211
127199.8
127370.211
127370.8
127377.211
127377.8
127390.211
127390.8
127634.211
127634.8
127768.211
127768.8
127935.211
127935.8
128147.211
128147.8
128369.211
128369.8
128380.211
128380.8
128435.211
128435.8
128455.211
128455.8
128560.211
128560.8
128646.211
128646.8
128843.211
128843.8
128883.211
128883.8
128904.211
128904.8
129089.211
129089.8
129299.211
129299.8
129441.211
129441.8
129883.8
129884.212
129931.2
129931.4
130131.2
130164.5
130168.4
130176.5
130179.4
130187.5
130190.4
130198.5
130202.4
130211.5
130213.4
130222.5
130226.4
130234.5
130239.4
130258.5
130260.4
130269.5
130274.4
130281.5
130282.4
130295.5
130297.4
130306.5
130311.4
130315.5
130317.4
130319.5
130323.4
130332.5
130337.4
130340.5
130342.4
130345.5
130349.4
130357.5
130363.4
130367.5
130368.4
130371.5
130374.4
130380.5
130389.4
130392.5
130394.4
130396.5
130401.4
130409.5
130414.4
130422.5
130426.4
130434.5
130438.4
130441.5
130443.4
130445.5
130452.4
130455.5
130462.4
130471.5
130475.4
130478.5
130488.4
130492.5
130494.4
130508.5
130511.4
130515.5
130518.4
130520.5
130526.4
130529.5
130531.3
130531.4
130533.5
130534.4
130535.5
130536.4
130544.5
130549.4
130552.5
130563.4
130566.5
130571.4
130582.5
130587.4
130591.5
130592.4
130593.5
130602.4
130604.5
130606.4
130608.5
130611.4
130618.5
130619.4
130621.5
130626.4
130627.5
130639.4
130643.5
130649.4
130658.5
131331.1
131573.8
131622.4
131625.5
132092.8
132093.212
132141.2
132141.4
132341.2
132363.5
132365.4
132373.5
132377.4
132384.5
132389.4
132396.5
132400.4
132407.5
132412.4
132420.5
132424.4
132432.5
132434.4
132444.5
132448.4
132456.5
132461.4
132468.5
132472.4
132478.5
132485.4
132489.5
132491.4
132493.5
132499.4
132503.5
132504.4
132531.5
132537.4
132539.5
132547.4
132556.5
132560.4
132564.5
132566.4
132568.5
132575.4
132577.5
132586.4
132589.5
132598.4
132607.5
132612.4
132614.5
132625.4
132628.5
132635.4
132642.5
132650.4
132651.5
132662.4
132665.5
132668.4
132670.5
132673.4
132682.5
132686.4
132689.5
132700.4
132704.5
132711.4
132715.5
132725.4
132727.5
132741.3
132750.4
132755.5
132764.4
132771.5
132776.4
132778.5
132795.4
132798.5
132800.4
132808.5
132813.4
132817.5
132837.4
132844.5
132849.4
132854.5
132864.4
132866.5
132877.4
132880.5
133541.1
134722.4
134730.5
134768.8
135032.211
135032.8
135077.211
135077.8
135222.4
135231.5
135297.211
135297.8
135305.211
135305.8
135599.211
135599.8
135965.8
135966.212
136015.2
136015.4
136215.2
136254.5
136257.4
136266.5
136269.4
136276.5
136280.4
136287.5
136293.4
136295.5
136305.4
136311.5
136314.4
136324.5
136326.4
136336.5
136341.4
136360.5
136365.4
136372.5
136378.4
136381.5
136383.4
136385.5
136390.4
136394.5
136396.4
136399.5
136401.4
136410.5
136414.4
136418.5
136419.4
136422.5
136428.4
136431.5
136439.4
136445.5
136446.4
136461.5
136465.4
136473.5
136479.4
136482.5
136484.4
136487.5
136491.4
136497.5
136498.4
136500.5
136505.4
136507.5
136510.4
136512.5
136518.4
136525.5
136529.4
136538.5
136543.4
136546.5
136596.4
136611.5
136615.3
136642.4
136647.5
136679.4
136683.5
136716.4
136722.5
136729.4
136730.5
136754.4
136759.5
136786.4
136789.5
136791.4
136814.5
136843.4
136852.5
136855.4
136875.5
136895.4
136898.5
136901.4
136949.5
137415.1
137750.8
137782.211
137782.8
137824.211
137824.8
137916.4
137945.5
138727.8
138728.212
138783.2
138783.4
138983.2
138995.5
138997.4
139003.5
139010.4
139015.5
139021.4
139022.5
139024.4
139026.5
139032.4
139035.5
139044.4
139050.5
139054.4
139062.5
139067.4
139069.5
139070.4
139074.5
139078.4
139086.5
139089.4
139098.5
139103.4
139104.5
139107.4
139110.5
139126.4
139135.5
139139.4
139142.5
139144.4
139146.5
139152.4
139154.5
139201.4
139204.5
139240.4
139244.5
139277.4
139281.5
139313.4
139322.5
139326.4
139328.5
139352.4
139356.5
139383.3
139390.4
139394.5
139428.4
139430.5
139489.4
139496.5
139501.4
139503.5
139567.4
139572.5
139598.4
139630.5
139633.4
139699.5
139707.4
139711.5
139719.4
139723.5
139724.4
139725.5
139727.4
140011.5
140014.4
140156.5
140165.4
140183.1
140270.5
140400.8
140735.8
140736.212
140783.2
140783.4
140983.2
140993.5
140997.4
141003.5
141008.4
141015.5
141019.4
141026.5
141031.4
141037.5
141043.4
141049.5
141055.4
141061.5
141068.4
141074.5
141076.4
141085.5
141090.4
141092.5
141107.4
141108.5
141113.4
141121.5
141125.4
141133.5
141139.4
141145.5
141151.4
141158.5
141161.4
141171.5
141174.4
141178.5
141180.4
141181.5
141193.4
141195.5
141198.4
141204.5
141211.4
141214.5
141237.4
141242.5
141249.4
141254.5
141255.4
141257.5
141264.4
141266.5
141301.4
141306.5
141314.4
141316.5
141338.4
141343.5
141352.4
141354.5
141365.4
141369.5
141375.4
141383.3
141384.5
141388.4
141391.5
141414.4
141417.5
141453.4
141458.5
141492.4
141497.5
141531.4
141536.5
141572.4
141573.5
141581.4
141587.5
141633.4
141638.5
141672.4
141675.5
141685.4
141686.5
141724.4
141729.5
141788.4
141795.5
141834.4
141840.5
141867.4
141890.5
141894.4
141912.5
141914.4
142015.5
142039.4
142044.5
142063.4
142112.5
142183.1
142184.4
142213.5
142293.8
142335.211
142335.8
142409.211
142409.8
142812.8
142813.212
142863.2
142863.4
143063.2
143085.5
143088.4
143096.5
143101.4
143106.5
143113.4
143114.5
143115.4
143118.5
143122.4
143129.5
143135.4
143142.5
143147.4
143154.5
143159.4
143180.5
143185.4
143186.5
143189.4
143191.5
143197.4
143198.5
143208.4
143215.5
143219.4
143227.5
143231.4
143236.5
143237.4
143240.5
143246.4
143247.5
143251.4
143252.5
143256.4
143264.5
143270.4
143272.5
143285.4
143287.5
143289.4
143292.5
143294.4
143299.5
143334.4
143338.5
143361.4
143364.5
143367.4
143369.5
143370.4
143381.5
143439.4
143442.5
143463.3
143464.4
143470.5
143478.4
143479.5
143517.4
143522.5
143553.4
143557.5
143591.4
143599.5
143604.4
143606.5
143631.4
143636.5
143644.4
143665.5
143668.4
143673.5
143694.4
143698.5
143719.4
143732.5
144263.1
144296.8
144330.211
144330.8
144429.211
144429.8
144451.211
144451.8
145451.8
145452.212
145456.8
145499.2
145499.4
145699.2
145714.5
145720.4
145727.5
145729.4
145737.5
145742.4
145748.5
145754.4
145760.5
145764.4
145772.5
145776.4
145784.5
145789.4
145797.5
145801.4
145810.5
145812.4
145820.5
145826.4
145827.5
145839.4
145847.5
145849.4
145858.5
145863.4
145866.5
145868.4
145870.5
145876.4
145880.5
145881.4
145884.5
145886.4
145894.5
145900.4
145901.5
145919.4
145920.5
145921.4
145932.5
145937.4
145939.5
145961.4
145970.5
145975.4
145977.5
145999.4
146008.5
146012.4
146016.5
146037.4
146046.5
146050.4
146061.5
146063.4
146071.5
146088.4
146094.5
146099.3
146102.4
146103.5
146126.4
146132.5
146140.4
146141.5
146164.4
146170.5
146177.4
146179.5
146193.4
146194.5
146203.4
146211.5
146228.4
146249.5
146254.4
146258.5
146276.4
146284.5
146303.4
146307.5
146308.4
146321.5
146325.4
146330.5
146353.4
146356.5
146358.4
146483.5
146899.1
147189.8
147248.211
147248.8
147308.211
147308.8
147390.4
147392.5
147394.4
147397.5
147433.211
147433.8
147488.211
147488.8
147518.211
147518.8
147619.211
147619.8
147814.211
147814.8
147851.211
147851.8
147941.211
147941.8
148071.211
148071.8
148384.8
148385.212
148424.2
148424.4
148624.2
148658.5
148659.4
148669.5
148672.4
148680.5
148683.4
148692.5
148697.4
148703.5
148709.4
148716.5
148720.4
148728.5
148732.4
148742.5
148743.4
148753.5
148757.4
148764.5
148770.4
148778.5
148781.4
148790.5
148794.4
148798.5
148799.4
148802.5
148807.4
148814.5
148819.4
148824.5
148825.4
148827.5
148833.4
148841.5
148845.4
148855.5
148856.4
148867.5
148871.4
148879.5
148885.4
148902.5
148903.4
148905.5
148909.4
148913.5
148923.4
148931.5
148934.4
148944.5
148948.4
148951.5
148953.4
148955.5
148962.4
148965.5
148967.4
148970.5
148972.4
148982.5
148986.4
148989.5
149000.4
149003.5
149006.4
149020.5
149024.3
149026.4
149028.5
149041.4
149044.5
149046.4
149047.5
149051.4
149055.5
149075.4
149081.5
149090.4
149091.5
149114.4
149119.5
149122.4
149123.5
149128.4
149133.5
149142.4
149143.5
149166.4
149172.5
149203.4
149210.5
149243.4
149247.5
149270.4
149274.5
149275.4
149278.5
149280.4
149288.5
149444.8
149477.8
149545.8
149773.4
149776.5
149824.1
149865.8
150013.211
150013.8
150046.211
150046.8
150289.211
150289.8
150313.211
150313.8
150352.211
150352.8
150448.211
150448.8
150623.211
150623.8
150665.211
150665.8
150668.211
150668.8
151026.8
151027.212
151075.2
151075.4
151275.2
151300.5
151302.4
151310.5
151315.4
151321.5
151326.4
151333.5
151338.4
151345.5
151350.4
151354.5
151355.4
151356.5
151361.4
151369.5
151373.4
151378.5
151379.4
151381.5
151387.4
151407.5
151411.4
151414.5
151434.4
151443.5
151446.4
151455.5
151474.4
151477.5
151479.4
151480.5
151484.4
151490.5
151491.4
151492.5
151498.4
151501.5
151504.4
151505.5
151511.4
151515.5
151522.4
151531.5
151536.4
151539.5
151561.4
151569.5
151575.4
151578.5
151611.4
151619.5
151624.4
151626.5
151648.4
151654.5
151675.3
151686.4
151691.5
151713.4
151715.5
152441.8
152475.1
152489.8
152637.4
152643.5
152780.211
152780.8
152806.211
152806.8
152842.211
152842.8
152904.211
152904.8
152916.211
152916.8
152951.211
152951.8
153020.211
153020.8
153220.211
153220.8
153230.211
153230.8
153293.211
153293.8
153345.211
153345.8
153617.211
153617.8
153633.211
153633.8
153660.211
153660.8
153663.211
153663.8
153753.211
153753.8
153792.211
153792.8
153960.211
153960.8
154015.211
154015.8
154233.211
154233.8
154262.211
154262.8
154267.211
154267.8
154390.211
154390.8
154453.211
154453.8
154590.211
154590.8
154768.211
154768.8
154798.211
154798.8
154924.211
154924.8
154949.211
154949.8
155429.8
155430.212
155474.2
155474.4
155674.2
155701.5
155704.4
155711.5
155716.4
155723.5
155727.4
155735.5
155738.4
155746.5
155751.4
155757.5
155763.4
155771.5
155773.4
155782.5
155787.4
155789.5
155800.4
155801.5
155804.4
155806.5
155807.4
155818.5
155820.4
155829.5
155835.4
155838.5
155839.4
155842.5
155845.4
155854.5
155857.4
155861.5
155864.4
155866.5
155869.4
155878.5
155882.4
155885.5
155895.4
155902.5
155905.4
155915.5
155933.4
155934.5
155937.4
155976.5
156074.3
156404.8
156499.8
156874.1
156960.8
157094.211
157094.8
157111.211
157111.8
157213.211
157213.8
157275.211
157275.8
157512.211
157512.8
157517.211
157517.8
157542.211
157542.8
157754.211
157754.8
157860.211
157860.8
158071.211
158071.8
158527.8
158528.212
158575.2
158575.4
158775.2
158804.5
158806.4
158814.5
158818.4
158825.5
158831.4
158836.5
158841.4
158849.5
158852.4
158859.5
158865.4
158871.5
158877.4
158884.5
158889.4
158897.5
158899.4
158908.5
158912.4
158916.5
158931.4
158933.5
158936.4
158941.5
158951.4
158952.5
158964.4
158971.5
158989.4
158991.5
158999.4
159004.5
159013.4
159015.5
159037.4
159042.5
159074.4
159083.5
159088.4
159091.5
159114.4
159118.5
159137.4
159144.5
159175.3
159975.1
159983.8
160007.211
160007.8
160102.4
160108.5
160268.211
160268.8
160430.211
160430.8
160461.211
160461.8
160561.211
160561.8
160693.211
160693.8
160796.211
160796.8
161010.211
161010.8
161237.4
161242.5
161281.211
161281.8
161283.211
161283.8
161285.211
161285.8
161435.211
161435.8
161470.211
161470.8
161651.4
161678.5
161690.4
161707.5
161714.4
161722.5
161729.4
161761.5
161803.8
161804.212
161846.2
161846.4
162046.2
162070.5
162074.4
162081.5
162085.4
162091.5
162096.4
162104.5
162108.4
162115.5
162120.4
162126.5
162131.4
162139.5
162144.4
162151.5
162156.4
162165.5
162166.4
162176.5
162181.4
162188.5
162193.4
162200.5
162205.4
162213.5
162217.4
162223.5
162224.4
162226.5
162231.4
162233.5
162236.4
162238.5
162242.4
162249.5
162255.4
162260.5
162261.4
162262.5
162266.4
162275.5
162279.4
162282.5
162294.4
162297.5
162300.4
162312.5
162317.4
162321.5
162336.4
162348.5
162354.4
162357.5
162378.4
162387.5
162391.4
162400.5
162405.4
162408.5
162419.4
162434.5
162442.4
162446.3
162448.5
162469.4
162474.5
162475.4
162477.5
162481.4
162490.5
162494.4
162499.5
162519.4
162524.5
163100.4
163111.5
163113.4
163136.5
163246.1
163250.8
163425.211
163425.8
163448.211
163448.8
163540.211
163540.8
163663.4
163671.5
163735.211
163735.8
163829.211
163829.8
163871.211
163871.8
163904.211
163904.8
164098.211
164098.8
164353.211
164353.8
164373.211
164373.8
164674.8
164675.212
164725.2
164725.4
164925.2
164954.5
164956.4
164964.5
164969.4
164975.5
164979.4
164987.5
164992.4
164997.5
165003.4
165010.5
165015.4
165019.5
165020.4
165022.5
165028.4
165035.5
165040.4
165048.5
165053.4
165058.5
165059.4
165060.5
165067.4
165087.5
165092.4
165095.5
165098.4
165099.5
165104.4
165113.5
165117.4
165120.5
165123.4
165125.5
165132.4
165139.5
165142.4
165147.5
165149.4
165151.5
165154.4
165164.5
165169.4
165175.5
165182.4
165186.5
165187.4
165190.5
165191.4
165202.5
165206.4
165210.5
165220.4
165224.5
165231.4
165237.5
165325.3
165863.4
165914.5
165997.8
166125.1
166229.8
166244.211
166244.8
166323.211
166323.8
166377.211
166377.8
166584.211
166584.8
166636.211
166636.8
166904.211
166904.8
166909.211
166909.8
166992.211
166992.8
167383.8
167384.212
167427.2
167427.4
167627.2
167657.5
167661.4
167668.5
167673.4
167681.5
167683.4
167692.5
167697.4
167704.5
167709.4
167718.5
167719.4
167727.5
167732.4
167741.5
167746.4
167749.5
167750.4
167752.5
167758.4
167766.5
167768.4
167778.5
167782.4
167791.5
167794.4
167803.5
167808.4
167815.5
167821.4
167830.5
167832.4
167842.5
167846.4
167854.5
167859.4
167880.5
167885.4
167888.5
167898.4
167905.5
167908.4
167917.5
167922.4
167925.5
167927.4
167929.5
167936.4
167938.5
167945.4
167954.5
167958.4
167961.5
167972.4
167974.5
167982.4
167990.5
167995.4
167998.5
168001.4
168002.5
168021.4
168023.5
168027.3
168489.8
168523.8
168549.8
168550.8
168772.8
168827.1
168948.8
168963.211
168963.8
168976.211
168976.8
169014.211
169014.8
169082.211
169082.8
169122.211
169122.8
169276.211
169276.8
169379.211
169379.8
169547.211
169547.8
169562.211
169562.8
169877.8
169878.212
169916.2
169916.4
170116.2
170145.5
170146.4
170154.5
170159.4
170165.5
170171.4
170177.5
170182.4
170189.5
170195.4
170201.5
170205.4
170215.5
170218.4
170226.5
170231.4
170235.5
170236.4
170238.5
170244.4
170251.5
170255.4
170263.5
170274.4
170275.5
170287.4
170289.5
170291.4
170301.5
170305.4
170307.5
170318.4
170322.5
170324.4
170325.5
170331.4
170333.5
170344.4
170352.5
170357.4
170359.5
170370.4
170378.5
170380.4
170390.5
170393.4
170397.5
170408.4
170410.5
170420.4
170422.5
170432.4
170462.5
170469.4
170472.5
170505.4
170512.5
170516.3
170838.6
171267.8
171316.1
171361.4
171364.5
171450.8
171470.211
171470.8
171604.4
171630.5
171722.211
171722.8
171907.4
171913.5
171966.211
171966.8
171968.211
171968.8
172306.8
172307.212
172348.2
172348.4
172548.2
172577.5
172580.4
172588.5
172592.4
172600.5
172604.4
172612.5
172616.4
172624.5
172629.4
172635.5
172639.4
172648.5
172650.4
172659.5
172664.4
172671.5
172677.4
172684.5
172687.4
172696.5
172700.4
172704.5
172705.4
172708.5
172714.4
172717.5
172719.4
172721.5
172724.4
172733.5
172738.4
172740.5
172752.4
172758.5
172761.4
172767.5
172776.4
172778.5
172789.4
172792.5
172793.4
172796.5
172798.4
172807.5
172811.4
172814.5
172830.4
172832.5
172835.4
172841.5
172849.4
172851.5
172863.4
172865.5
172874.4
172903.5
172911.4
172918.5
172922.4
172945.5
172947.4
172948.3
172951.5
172966.4
172969.5
172970.4
172977.5
173459.8
173593.4
173596.5
173678.8
173748.1
173836.8
173939.211
173939.8
173971.211
173971.8
174185.4
174196.5
174368.8
174369.212
174428.2
174428.4
174628.2
174650.5
174655.4
174661.5
174665.4
174673.5
174676.4
174684.5
174689.4
174697.5
174701.4
174708.5
174714.4
174720.5
174730.4
174732.5
174737.4
174745.5
174748.4
174757.5
174761.4
174765.5
174766.4
174768.5
174774.4
174777.5
174779.4
174781.5
174792.4
174795.5
174797.4
174806.5
174809.4
174818.5
174822.4
174831.5
174836.4
174845.5
174848.4
174853.5
174854.4
174857.5
174862.4
174865.5
174867.4
174870.5
174875.4
174879.5
174887.4
174891.5
174893.4
174895.5
174897.4
174909.5
174910.4
174930.5
174937.4
174940.5
174959.4
174964.5
175000.4
175002.5
175028.3
175435.8
175828.1
176293.8
176329.211
176329.8
176571.211
176571.8
176731.211
176731.8
176750.211
176750.8
176806.211
176806.8
177008.211
177008.8
177029.211
177029.8
177347.4
177350.5
177469.8
177470.212
177512.2
177512.4
177712.2
177746.5
177749.4
177758.5
177760.4
177769.5
177771.4
177780.5
177784.4
177792.5
177796.4
177806.5
177807.4
177816.5
177821.4
177829.5
177834.4
177843.5
177844.4
177854.5
177857.4
177865.5
177871.4
177878.5
177881.4
177903.5
177906.4
177914.5
177921.4
177928.5
177932.4
177939.5
177946.4
177949.5
177950.4
177953.5
177957.4
177965.5
177970.4
177973.5
177975.4
177977.5
177984.4
177991.5
177994.4
178003.5
178008.4
178016.5
178022.4
178025.5
178027.4
178041.5
178044.4
178048.5
178059.4
178066.5
178071.4
178073.5
178076.4
178079.5
178082.4
178088.5
178089.4
178090.5
178095.4
178098.5
178109.4
178112.3
178113.5
178121.4
178125.5
178128.4
178129.5
178135.4
178138.5
178149.4
178166.5
178187.4
178207.5
178211.4
178214.5
178216.4
178219.5
178224.4
178228.5
178230.4
178233.5
178237.4
178247.5
178251.4
178275.5
178277.4
178280.5
178300.4
178306.5
178912.1
179625.8
179637.211
179637.8
179656.211
179656.8
179701.211
179701.8
179907.211
179907.8
179993.211
180000.9
123456789
